T_MeV,muq_MeV,muB_MeV,xi,T_fm,muq_fm,converged,iterations,residual_norm,Phi,Phibar,m_u,m_d,m_s,rho_baryon,rho_norm,omega_fm4inv,P_fm4inv,epsilon_fm4inv,s_fm3inv,omega_MeV_fm3,P_MeV_fm3,epsilon_MeV_fm3,eps_minus_3P_over_T4,n_u,n_d,n_s,n_ubar,n_dbar,n_sbar,tau_u,tau_d,tau_s,tau_ubar,tau_dbar,tau_sbar,tauinv_u,tauinv_d,tauinv_s,tauinv_ubar,tauinv_dbar,tauinv_sbar,eta,sigma,zeta,eta_over_s,zeta_over_s,sigma_over_T,sigma_over_T_over_eta_over_s,zeta_over_s_over_eta_over_s
150.0,0.0,0.0,-0.5,0.7601596076519094,0.0,true,missing,missing,0.0846768725101356,0.08467687251013563,1.8198486260371982,1.8198486260371989,2.75776573541299,-1.0408340855860843e-17,-2.168404344971009e-17,-21.62931823749263,21.62931823749263,-21.33841390862769,0.38268848533471467,-4268.048055915071,4268.048055915071,-4210.6447831148635,-258.2384704533633,0.013598486755837096,0.013598486755837089,0.005851759463417664,0.0135984867558371,0.013598486755837092,0.005851759463417668,276.22055581472233,276.22055581472233,330.4902392940952,276.2205558143349,276.2205558143349,330.4902392940953,0.003620295372480388,0.003620295372480388,0.0030258079698085253,0.003620295372485466,0.003620295372485466,0.0030258079698085244,14.573211197306657,0.13089297204411035,14.38765342230435,38.08113323441217,37.5962538034567,0.17219143286030605,0.0045216992834841525,0.9872672005853725
150.0,0.0,0.0,-0.48,0.7601596076519094,0.0,true,missing,missing,0.08231002560616346,0.08231002560616345,1.8219290728103057,1.821929072810307,2.7590467925983266,4.336808689942018e-18,9.035018104045871e-18,-21.628394501315434,21.628394501315434,-21.351450156628285,0.36432394183981,-4267.865777844539,4267.865777844539,-4213.217186568567,-258.26921311519646,0.012948897981690752,0.012948897981690737,0.005573939718860473,0.012948897981690749,0.012948897981690737,0.005573939718860472,285.2474321711611,285.2474321711611,341.3540666324326,285.2474321711704,285.2474321711704,341.35406663243265,0.0035057283158992842,0.0035057283158992842,0.0029295095554751137,0.0035057283158991706,0.0035057283158991706,0.0029295095554751132,13.98287592274141,0.12690305853233147,13.608557453085327,38.380337707505255,37.35290462757698,0.16694264895806282,0.004349692027994252,0.9732302230439375
150.0,0.0,0.0,-0.46,0.7601596076519094,0.0,true,missing,missing,0.08011503815788332,0.08011503815788332,1.8238234221659886,1.8238234221659875,2.760214285245501,0.0,0.0,-21.627545667259078,21.627545667259078,-21.363325955329135,0.34758451944862573,-4267.698279983337,4267.698279983337,-4215.560602066043,-258.29715333006686,0.012356925081642774,0.012356925081642788,0.005320467565319801,0.012356925081642774,0.012356925081642788,0.005320467565319801,291.396489622529,291.396489622529,351.8180063538894,291.39648962295814,291.39648962295814,351.8180063538894,0.003431750331980273,0.003431750331980273,0.002842378678577674,0.003431750331975219,0.003431750331975219,0.002842378678577674,13.335564945577774,0.12212197433201563,12.795950741151284,38.366394932467124,36.81392589477096,0.16065306956948633,0.0041873381601859995,0.9595357072138565
150.0,0.0,0.0,-0.44,0.7601596076519094,0.0,true,missing,missing,0.07807286238975686,0.07807286238975686,1.8255551623194157,1.825555162319416,2.761282411917627,0.0,0.0,-21.626763149554886,21.626763149554886,-21.374186557520808,0.33226784150538025,-4267.543868127659,4267.543868127659,-4217.703691901852,-258.3226489737804,0.011815361948798463,0.011815361948798463,0.0050883384267735535,0.011815361948798463,0.011815361948798463,0.0050883384267735535,302.29568515949296,302.29568515949296,361.9018985496944,302.2956851594803,302.2956851594803,361.9018985496944,0.00330801942962697,0.00330801942962697,0.0027631797567447287,0.0033080194296271088,0.0033080194296271088,0.0027631797567447287,12.90977079628882,0.11949477789967064,12.220541800997786,38.85350667040036,36.77918917952192,0.15719695797673774,0.004045888555446518,0.9466118333031004
150.0,0.0,0.0,-0.42,0.7601596076519094,0.0,true,missing,missing,0.07616720890818808,0.07616720890818808,1.827144035400722,1.8271440354007216,2.762263128689209,0.0,0.0,-21.626039606623127,21.626039606623127,-21.384154265249744,0.3182033601082177,-4267.401093585746,4267.401093585746,-4219.670589569512,-258.3460003658202,0.011318141262559,0.011318141262559003,0.004875015944180129,0.011318141262559,0.011318141262559003,0.004875015944180129,307.66426402519306,307.66426402519306,371.59994890558994,307.66426402432285,307.66426402432285,371.59994890558994,0.003250296238233619,0.003250296238233619,0.00269106603201946,0.0032502962382428124,0.0032502962382428124,0.00269106603201946,12.335023968419877,0.11512555270611204,11.51912312039333,38.764593699528696,36.200507488279804,0.15144918454918757,0.00390689467102628,0.9338549442534189
150.0,0.0,0.0,-0.4,0.7601596076519094,0.0,true,missing,missing,0.07438406182907706,0.07438406182907706,1.8286067494518559,1.8286067494518545,2.763166571134556,0.0,0.0,-21.62536872612219,21.62536872612219,-21.39333275200435,0.30524638744563626,-4267.268710762286,4267.268710762286,-4221.481752645441,-258.3674612825551,0.010860119967217668,0.010860119967217679,0.004678345003619727,0.010860119967217668,0.010860119967217679,0.004678345003619727,315.32688808678785,315.32688808678785,380.9450449511503,315.326888086347,315.326888086347,380.9450449511503,0.003171312177237384,0.003171312177237384,0.002625050550606933,0.003171312177241817,0.003171312177241817,0.002625050550606933,11.878619925747225,0.11186716681647502,10.948452430503597,38.91485833837356,35.86759051310146,0.1471627348919873,0.003781659272979328,0.9216939761472235
150.0,0.0,0.0,-0.38,0.7601596076519094,0.0,true,missing,missing,0.0727112930606314,0.0727112930606314,1.8299575348464316,1.8299575348464323,2.764001385029645,0.0,0.0,-21.624745052740177,21.624745052740177,-21.40181044852838,0.29327341517188876,-4267.1456431770575,4267.1456431770575,-4223.154630901275,-258.38724755014255,0.010436911231851859,0.010436911231851857,0.004496483352202823,0.010436911231851859,0.010436911231851857,0.004496483352202823,325.49117487321615,325.49117487321615,389.9252792932012,325.4911748727505,325.4911748727505,389.9252792932012,0.003072279917848819,0.003072279917848819,0.002564593918641674,0.0030722799178532142,0.0030722799178532142,0.002564593918641674,11.528368989720155,0.10962941875896337,10.492182317326996,39.309287488480095,35.77611121409517,0.14421894777808905,0.0036688263001549847,0.910118536861795
150.0,0.0,0.0,-0.36,0.7601596076519094,0.0,true,missing,missing,0.0711383528042601,0.0711383528042601,1.8312085832746734,1.8312085832746727,2.7647749879251364,0.0,0.0,-21.624163849171364,21.624163849171364,-21.409663220026037,0.28217840962098195,-4267.0309560318265,4267.0309560318265,-4224.704194588679,-258.405543813382,0.01004475158481424,0.01004475158481424,0.004327847339528159,0.01004475158481424,0.01004475158481424,0.004327847339528159,329.7689241765757,329.7689241765757,398.55987363218895,329.7689241751968,329.7689241751968,398.55987363218895,0.0030324264255553296,0.0030324264255553296,0.0025090333125778993,0.0030324264255680096,0.0030324264255680096,0.0025090333125778993,11.04277301617852,0.10578370646697297,9.923716762820261,39.13401110670025,35.1682355009005,0.13915986248431816,0.0035559825979732547,0.8986616629972602
150.0,0.0,0.0,-0.34,0.7601596076519094,0.0,true,missing,missing,0.06965601921761402,0.06965601921761402,1.8323703971284278,1.8323703971284293,2.7654937778194526,0.0,0.0,-21.62362098308384,21.62362098308384,-21.416956501425098,0.2718698541443385,-4266.923833906013,4266.923833906013,-4226.143355784363,-258.42250891503437,0.009680394949525457,0.009680394949525446,0.004171068504604401,0.009680394949525457,0.009680394949525446,0.004171068504604401,339.46874782509593,339.46874782509593,406.8613302105548,339.4687478264833,339.4687478264833,406.8613302105548,0.0029457792695403843,0.0029457792695403843,0.0024578398725740047,0.002945779269528345,0.002945779269528345,0.0024578398725740047,10.733377746708875,0.10376230699207724,9.53030114357466,39.47983780875688,35.05464470700354,0.13650068478722938,0.00345747835764798,0.8879125815260617
150.0,0.0,0.0,-0.32,0.7601596076519094,0.0,true,missing,missing,0.0682561944195009,0.0682561944195009,1.8334520698424246,1.8334520698424246,2.7661633009569466,0.0,0.0,-21.62311283460924,21.62311283460924,-21.423747014090758,0.2622683690525359,-4266.823562501926,4266.823562501926,-4227.483307144045,-258.4382802060164,0.009341027456347527,0.009341027456347527,0.004024958569398661,0.009341027456347527,0.009341027456347527,0.004024958569398661,346.0443346165965,346.0443346165965,414.8425845399418,346.0443346165895,346.0443346165895,414.8425845399418,0.0028898031262611502,0.0028898031262611502,0.0024105529115555835,0.0028898031262612083,0.0028898031262612083,0.0024105529115555835,10.368343683503792,0.10101761140814286,9.097223778188656,39.533336486440234,34.6866982513105,0.1328900015092628,0.0033614668864299754,0.8774037643700499
150.0,0.0,0.0,-0.3,0.7601596076519094,0.0,true,missing,missing,0.06693173710272564,0.06693173710272564,1.834461512540622,1.8344615125406225,2.766788387757837,0.0,0.0,-21.622636220159375,21.622636220159375,-21.43008415634258,0.2533047821517078,-4266.729513611719,4266.729513611719,-4228.733796288963,-258.45297702536334,0.00902419844609529,0.009024198446095286,0.003888481006360271,0.00902419844609529,0.009024198446095286,0.003888481006360271,352.35513572244366,352.35513572244366,422.50191022789426,352.3551357214901,352.3551357214901,422.50191022789426,0.002838045762976242,0.002838045762976242,0.002366853204191687,0.0028380457629839225,0.0028380457629839225,0.002366853204191687,10.022789086584366,0.0983882816230105,8.692493261670995,39.56810053661591,34.3163409227108,0.12943108346275647,0.003271096709405656,0.8672728904677852
150.0,0.0,0.0,-0.28,0.7601596076519094,0.0,true,missing,missing,0.06567632429449147,0.06567632429449147,1.8354056385660171,1.8354056385660176,2.7673732636933224,0.0,0.0,-21.622188329323627,21.622188329323627,-21.43601113759472,0.24491855375478433,-4266.6411326655525,4266.6411326655525,-4229.903349602335,-258.46670352989815,0.008727764199148546,0.00872776419914854,0.003760727789170227,0.008727764199148546,0.00872776419914854,0.003760727789170227,358.40789479066837,358.40789479066837,429.85753268905944,358.4078947921058,358.4078947921058,429.85753268905944,0.002790117111075524,0.002790117111075524,0.002326352160782901,0.002790117111064334,0.002790117111064334,0.002326352160782901,9.695328112727099,0.09586722118094414,8.313801320265641,39.585927501573394,33.945167455910784,0.1261145951664975,0.003185844140231018,0.8575059269373337
150.0,0.0,0.0,-0.26,0.7601596076519094,0.0,true,missing,missing,0.06448433649606866,0.06448433649606866,1.8362905147114326,1.836290514711433,2.7679216403085314,0.0,0.0,-21.62176667231579,21.62176667231579,-21.441565909403387,0.23705648274187344,-4266.557928361431,4266.557928361431,-4230.99945595015,-258.4795510104429,0.008449841744967702,0.008449841744967698,0.003640900261599917,0.008449841744967702,0.008449841744967698,0.003640900261599917,364.20740141453393,364.20740141453393,436.93423654924334,364.2074014145229,364.2074014145229,436.93423654924334,0.002745688297701065,0.002745688297701065,0.0022886739384344354,0.0027456882977011476,0.0027456882977011476,0.0022886739384344354,9.384686970643747,0.09344758271083144,7.959048118770602,39.58840046092544,33.574479915983005,0.12293152881338408,0.003105241115632343,0.8480888221064072
150.0,0.0,0.0,-0.24,0.7601596076519094,0.0,true,missing,missing,0.0633507617049128,0.0633507617049128,1.8371214859260074,1.8371214859260083,2.7684367904003997,0.0,0.0,-21.621369035981697,21.621369035981697,-21.446781934443642,0.22967163708861837,-4266.479463984328,4266.479463984328,-4232.028718421035,-258.49159979956295,0.008188770715506864,0.008188770715506855,0.0035282933017493803,0.008188770715506864,0.008188770715506855,0.0035282933017493803,369.7649980939806,369.7649980939806,443.7087414449622,369.7649980954693,369.7649980954693,443.7087414449622,0.0027044203890435217,0.0027044203890435217,0.002253730671934577,0.0027044203890326333,0.0027044203890326333,0.002253730671934577,9.089640215870878,0.0911238787086198,7.626300589143394,39.57667708165313,33.205234594120995,0.11987466551938529,0.0030289219398602955,0.8390101707026385
150.0,0.0,0.0,-0.22,0.7601596076519094,0.0,true,missing,missing,0.06227111478645067,0.06227111478645067,1.8379032787460048,1.8379032787460052,2.7689216104620593,0.0,0.0,-21.62099344679435,21.62099344679435,-21.451688825257115,0.22272246490471614,-4266.405350104117,4266.405350104117,-4232.99698036841,-258.5029208520691,0.007943081661748091,0.00794308166174809,0.0034222821410579674,0.007943081661748091,0.00794308166174809,0.0034222821410579674,375.0764156943382,375.0764156943382,450.17014930332886,375.07641569332964,375.07641569332964,450.17014930332886,0.002666123376882571,0.002666123376882571,0.002221382296333004,0.00266612337688974,0.00266612337688974,0.002221382296333004,8.808829388267945,0.0888878023786116,7.313597682501952,39.55069998006931,32.83726985345108,0.11693307758508908,0.0029565362343527395,0.8302576154151176
150.0,0.0,0.0,-0.2,0.7601596076519094,0.0,true,missing,missing,0.06124136939992993,0.06124136939992993,1.8386400875478264,1.838640087547827,2.7693786728283727,0.0,0.0,-21.620638139583654,21.620638139583654,-21.4563128776777,0.2161720515689411,-4266.335238405116,4266.335238405116,-4233.909430669775,-258.513577061616,0.007711469596877865,0.007711469596877859,0.003322311335534358,0.007711469596877865,0.007711469596877859,0.003322311335534358,380.1726012602881,380.1726012602881,456.3843904102334,380.17260126130213,380.17260126130213,456.3843904102334,0.0026303841904570663,0.0026303841904570663,0.00219113541350773,0.00263038419045005,0.00263038419045005,0.00219113541350773,8.541960009203093,0.0867404436393029,7.019934771767441,39.51463636120838,32.473831472745495,0.11410819881266684,0.002887745132451406,0.8218177987492538
150.0,0.0,0.0,-0.18,0.7601596076519094,0.0,true,missing,missing,0.06025790025093768,0.06025790025093768,1.8393356468461817,1.8393356468461801,2.7698102694412006,0.0,0.0,-21.62030153099726,21.62030153099726,-21.46067751855847,0.20998749582585802,-4266.2688164491865,4266.2688164491865,-4234.770692075308,-258.5236243631492,0.007492771791940867,0.007492771791940876,0.0032278854921691533,0.007492771791940867,0.007492771791940876,0.0032278854921691533,381.7661656143996,381.7661656143996,462.3501335167083,381.76616561388903,381.76616561388903,462.3501335167083,0.002619404468153009,0.002619404468153009,0.0021628630068598483,0.0026194044681565123,0.0026194044681565123,0.0021628630068598483,8.231285397303289,0.0840065893960465,6.696342636442666,39.19893117888061,31.889244691007328,0.11051177746149675,0.0028192548658326094,0.8135233214774091
150.0,0.0,0.0,-0.16,0.7601596076519094,0.0,true,missing,missing,0.05931743388446607,0.05931743388446607,1.8399932921895663,1.839993292189566,2.7702184487566,0.0,0.0,-21.619982196883562,21.619982196883562,-21.464803683365883,0.20413938330269377,-4266.205803212792,4266.205803212792,-4235.584895717388,-258.53311266055215,0.007285949051251833,0.007285949051251833,0.0031385614347688743,0.007285949051251833,0.007285949051251833,0.0031385614347688743,386.3851813103006,386.3851813103006,468.0463882831901,386.3851813102931,386.3851813102931,468.0463882831901,0.0025880909733878065,0.0025880909733878065,0.00213654036230903,0.002588090973387857,0.002588090973387857,0.00213654036230903,7.990615191866118,0.08203165145515935,6.437832268817406,39.14293784270816,31.536453988751,0.1079137205258124,0.002756914183586641,0.8056741707910882
150.0,0.0,0.0,-0.14,0.7601596076519094,0.0,true,missing,missing,0.05841700654644452,0.05841700654644452,1.8406160117007726,1.8406160117007742,2.7706050470176304,0.0,0.0,-21.619678852941565,21.619678852941565,-21.468710136152975,0.19860134012503497,-4266.145945268695,4266.145945268695,-4236.35574424994,-258.5420866110757,0.0070900698469259435,0.007090069846925936,0.0030539415548690644,0.0070900698469259435,0.007090069846925936,0.0030539415548690644,394.1479043619049,394.1479043619049,473.5003840775588,394.1479043634902,394.1479043634902,473.5003840775588,0.0025371186524990484,0.0025371186524990484,0.002111930705078797,0.002537118652488844,0.002537118652488844,0.002111930705078797,7.814115286242133,0.08076321180509491,6.237690725631577,39.34573292064666,31.408099873366744,0.10624507141936673,0.0027002946325499675,0.7982593674569817
150.0,0.0,0.0,-0.12,0.7601596076519094,0.0,true,missing,missing,0.057553928135651695,0.057553928135651695,1.8412064898108769,1.841206489810878,2.770971714818012,0.0,0.0,-21.61939033810372,21.61939033810372,-21.47241374137152,0.19334965348422622,-4266.089013506942,4266.089013506942,-4237.086565484308,-258.55058629008613,0.006904296840373267,0.006904296840373262,0.0029736681544249247,0.006904296840373267,0.006904296840373262,0.0029736681544249247,398.4013726015583,398.4013726015583,478.7158028657548,398.4013726020974,398.4013726020974,478.7158028657548,0.0025100315128685595,0.0025100315128685595,0.002088922057750468,0.002510031512865163,0.002510031512865163,0.002088922057750468,7.593369999023445,0.07891422203932363,6.006033259147687,39.27273652777932,31.063067095890442,0.10381270097089908,0.0026433783369658446,0.7909575405808092
150.0,0.0,0.0,-0.1,0.7601596076519094,0.0,true,missing,missing,0.056725750801778774,0.056725750801778774,1.8417671447150896,1.8417671447150894,2.771319939876265,0.0,0.0,-21.61911560021509,21.61911560021509,-21.47592969692477,0.18836294621416638,-4266.034800308977,4266.034800308977,-4237.780358376852,-258.55864776036447,0.006727875330802485,0.006727875330802485,0.0028974185895771676,0.006727875330802485,0.006727875330802485,0.0028974185895771676,399.03858213432113,399.03858213432113,483.6997225194915,399.0385821342979,399.0385821342979,483.6997225194915,0.002506023339024867,0.002506023339024867,0.0020673983329806507,0.002506023339025013,0.002506023339025013,0.0020673983329806507,7.332223283344263,0.07652403070167911,5.7466827198895105,38.92603843118707,30.50856251396494,0.10066837270932821,0.002586144821474408,0.7837571903932009
150.0,0.0,0.0,-0.08,0.7601596076519094,0.0,true,missing,missing,0.05593024207895627,0.05593024207895627,1.8423001603256428,1.8423001603256441,2.771651066481077,0.0,0.0,-21.618853683649064,21.618853683649064,-21.47927173317172,0.18362189870690862,-4265.983117103887,4265.983117103887,-4238.43983229785,-258.5663035568334,0.006560123387801838,0.00656012338780183,0.0028249011171766827,0.006560123387801838,0.00656012338780183,0.0028249011171766827,406.3087926323764,406.3087926323764,488.4677376240121,406.3087926328892,406.3087926328892,488.4677376240121,0.0024611822784371506,0.0024611822784371506,0.002047218112836204,0.0024611822784340446,0.0024611822784340446,0.002047218112836204,7.180307321913586,0.07540453403686058,5.579933782368878,39.10376361685793,30.388171681392908,0.09919566006641813,0.002536729227353812,0.7771162893459271
150.0,0.0,0.0,-0.06,0.7601596076519094,0.0,true,missing,missing,0.05516536139205893,0.05516536139205893,1.8428075138172981,1.8428075138172986,2.7719663122697824,0.0,0.0,-21.6186037185633,21.6186037185633,-21.48245228464929,0.17910900887587583,-4265.933792248307,4265.933792248307,-4239.067440916926,-258.5735831043148,0.006400423339284553,0.00640042333928455,0.0027558513068408974,0.006400423339284553,0.00640042333928455,0.0027558513068408974,409.9865988760799,409.9865988760799,493.01829349066014,409.9865988760719,409.9865988760719,493.01829349066014,0.0024391041139914284,0.0024391041139914284,0.002028322302038361,0.0024391041139914756,0.0024391041139914756,0.002028322302038361,6.987026391197426,0.07373968754903434,5.383908750695902,39.00991041740116,30.059396701966005,0.09700553253126949,0.0024866894461772005,0.7705579525903603
150.0,0.0,0.0,-0.04,0.7601596076519094,0.0,true,missing,missing,0.05442923961557569,0.05442923961557569,1.8432909993848707,1.8432909993848707,2.7722667827114815,0.0,0.0,-21.618364911549307,21.618364911549307,-21.485482638311296,0.17480838484496058,-4265.886669181337,4265.886669181337,-4239.665411454594,-258.58051307747826,0.006248214423392145,0.006248214423392145,0.0026900289398480975,0.006248214423392145,0.006248214423392145,0.0026900289398480975,413.50199776996044,413.50199776996044,497.3628920004451,413.5019977699565,413.5019977699565,497.3628920004451,0.002418368001589004,0.002418368001589004,0.0020106043616923176,0.002418368001589027,0.002418368001589027,0.0020106043616923176,6.802070152813291,0.0721331750026051,5.198341352611385,38.911578290973395,29.73736847475508,0.09489214406619217,0.00243866088793949,0.7642293060534497
150.0,0.0,0.0,-0.02,0.7601596076519094,0.0,true,missing,missing,0.053720161204521624,0.053720161204521624,1.8437522488154692,1.8437522488154678,2.7725534836581818,0.0,0.0,-21.618136537470857,21.618136537470857,-21.488373062000047,0.17070556520576305,-4265.841604814035,4265.841604814035,-4240.235770033171,-258.58711771227064,0.006102986420504228,0.006102986420504236,0.0026272153185204435,0.006102986420504228,0.006102986420504236,0.0026272153185204435,413.3239941493943,413.3239941493943,501.49553372224483,413.32399415038094,413.32399415038094,501.49553372224483,0.002419409504783199,0.002419409504783199,0.0019940357047204607,0.002419409504777424,0.002419409504777424,0.0019940357047204607,6.580043994776235,0.07002850569515978,4.987442107706452,38.54615979768943,29.21663451156234,0.09212342380500055,0.002389950757442839,0.7579648573270761
150.0,0.0,0.0,0.0,0.7601596076519094,0.0,true,missing,missing,0.053036548526773315,0.053036548526773315,1.8441927493604653,1.8441927493604662,2.772827332256632,0.0,0.0,-21.617917932319326,21.617917932319326,-21.49113291614276,0.16678736268057848,-4265.798468119584,4265.798468119584,-4240.7803637174975,-258.5934190762418,0.005964274116908952,0.0059642741169089455,0.002567210924417071,0.005964274116908952,0.0059642741169089455,0.002567210924417071,420.0237577022491,420.0237577022491,505.44341082314844,420.02375770277905,420.02375770277905,505.44341082314844,0.002380817707718549,0.002380817707718549,0.0019784608495962645,0.0023808177077155454,0.0023808177077155454,0.0019784608495962645,6.454615431455379,0.06907690228974873,4.855320953582501,38.69966721529668,29.110844344251255,0.09087157696147975,0.0023481229555783177,0.752224668555928
150.0,0.0,0.0,0.02,0.7601596076519094,0.0,true,missing,missing,0.05237694808608393,0.05237694808608393,1.8446138593099506,1.8446138593099501,2.7730891664640667,0.0,0.0,-21.617708486942444,21.617708486942444,-21.493770751160852,0.16304172772929507,-4265.757138895805,4265.757138895805,-4241.300879736411,-258.5994373039298,0.005831652476735112,0.005831652476735115,0.002509833373981378,0.005831652476735112,0.005831652476735115,0.002509833373981378,419.47780421107774,419.47780421107774,509.207215102399,419.47780421005325,419.47780421005325,509.207215102399,0.002383916359724264,0.002383916359724264,0.0019638370595336224,0.0023839163597300862,0.0023839163597300862,0.0019638370595336224,6.249038778972882,0.0670961100702083,4.664126762675906,38.32784935491128,28.60695128562394,0.08826581864493489,0.0023029160292194852,0.7463750710541311
150.0,0.0,0.0,0.04,0.7601596076519094,0.0,true,missing,missing,0.05174001837422014,0.05174001837422014,1.8450168216054437,1.8450168216054443,2.773339753370922,0.0,0.0,-21.6175076415249,21.6175076415249,-21.49629439266844,0.15945762920879306,-4265.717506676034,4265.717506676034,-4241.798862294715,-258.60519080243097,0.005704732419151938,0.005704732419151936,0.002454915628711308,0.005704732419151938,0.005704732419151936,0.002454915628711308,425.91744983734856,425.91744983734856,512.8135804604232,425.9174498368391,425.9174498368391,512.8135804604232,0.0023478728105220505,0.0023478728105220505,0.001950026360655587,0.0023478728105248586,0.0023478728105248586,0.001950026360655587,6.134673315730384,0.06621651445379981,4.545999211521926,38.47212169257623,28.509135838018867,0.0871086989985418,0.0022642031467516054,0.7410336260066501
150.0,0.0,0.0,0.06,0.7601596076519094,0.0,true,missing,missing,0.05112451913126723,0.05112451913126723,1.8454027757719598,1.8454027757719587,2.773579796500611,0.0,0.0,-21.617314880718293,21.617314880718293,-21.498711016200275,0.15602494966074207,-4265.679469768127,4265.679469768127,-4242.2757273190155,-258.61069643144594,0.005583157114541328,0.005583157114541332,0.0024023044238286684,0.005583157114541328,0.005583157114541332,0.0024023044238286684,425.02977387810125,425.02977387810125,516.2147766812975,425.02977387811234,425.02977387811234,516.2147766812975,0.002352776349938253,0.002352776349938253,0.0019371781769381303,0.0023527763499381913,0.0023527763499381913,0.0019371781769381303,5.943793674110038,0.06434896271084661,4.372065272202296,38.09514880174049,28.021577841933862,0.08465191002402372,0.0022221178466733313,0.7355681424888832
150.0,0.0,0.0,0.08,0.7601596076519094,0.0,true,missing,missing,0.0505293018267766,0.0505293018267766,1.8457727684055623,1.8457727684055625,2.773809942229459,0.0,0.0,-21.617129729333815,21.617129729333815,-21.50102721293276,0.15273439318840742,-4265.642934404511,4265.642934404511,-4242.73277542625,-258.61596966140735,0.005466598727070172,0.00546659872707017,0.0023518588851086653,0.005466598727070172,0.00546659872707017,0.0023518588851086653,431.21765922027214,431.21765922027214,519.4443742251344,431.2176592197518,431.2176592197518,519.4443742251344,0.0023190144898244665,0.0023190144898244665,0.0019251339500821814,0.0023190144898272646,0.0023190144898272646,0.0019251339500821814,5.839044472260899,0.06353299685101883,4.265988222896516,38.230056442219094,27.930763555227227,0.08357849616249503,0.0021861986076012097,0.7305969740704354
150.0,0.0,0.0,0.1,0.7601596076519094,0.0,true,missing,missing,0.0499533012024152,0.0499533012024152,1.84612776241552,1.8461277624155188,2.7740307854474855,0.0,0.0,-21.616951748523253,21.616951748523253,-21.50324904763322,0.1495774041997004,-4265.607813988593,4265.607813988593,-4243.171203358639,-258.6210247127188,0.005354755542414785,0.0053547555424147885,0.002303449308230678,0.005354755542414785,0.0053547555424147885,0.002303449308230678,430.0014048410277,430.0014048410277,522.4934552963103,430.00140484103156,430.00140484103156,522.4934552963103,0.0023255737975314333,0.0023255737975314333,0.0019138995711111668,0.0023255737975314125,0.0023255737975314125,0.0019138995711111668,5.661240804993939,0.06176782049860116,4.1071541066701345,37.84823540215761,27.458386035277655,0.0812563833658546,0.0021469001791619173,0.7254865581847532
150.0,0.0,0.0,0.12,0.7601596076519094,0.0,true,missing,missing,0.049395527740130514,0.049395527740130514,1.8464686451895767,1.846468645189576,2.7742428745623195,0.0,0.0,-21.61678053238564,21.61678053238564,-21.50538210988363,0.14654609555763332,-4265.574028425162,4265.574028425162,-4243.592114091518,-258.6258746786762,0.005247349428769343,0.0052473494287693465,0.0022569560789095387,0.005247349428769343,0.0052473494287693465,0.0022569560789095387,432.29238424884574,432.29238424884574,525.3771502921376,432.292384247806,432.292384247806,525.3771502921376,0.0023132491721722256,0.0023132491721722256,0.0019033945413194063,0.0023132491721777892,0.0023132491721777892,0.0019033945413194063,5.527862836919207,0.06053656070964856,3.983935381110878,37.72098339355088,27.185544356888617,0.07963664485757486,0.0021112027760970373,0.7207008383969253
150.0,0.0,0.0,0.14,0.7601596076519094,0.0,true,missing,missing,0.0488550609394268,0.0488550609394268,1.8467962358252952,1.8467962358252952,2.774446715933087,0.0,0.0,-21.616615704945247,21.616615704945247,-21.507431559468053,0.14363318489712482,-4265.541503524063,4265.541503524063,-4243.996525789494,-258.6305316342466,0.00514412358707197,0.00514412358707197,0.0022122687153139624,0.00514412358707197,0.00514412358707197,0.0022122687153139624,438.11713552964795,438.11713552964795,528.0326425351349,438.11713552965557,438.11713552965557,528.0326425351349,0.0022824946090982757,0.0022824946090982757,0.0018938223121943844,0.0022824946090982358,0.0022824946090982358,0.0018938223121943844,5.435409178640262,0.059803299197733396,3.893027973443671,37.84229377447346,27.103959131951267,0.07867202965764315,0.0020789445303316,0.7162345732391692
150.0,0.0,0.0,0.16,0.7601596076519094,0.0,true,missing,missing,0.048331043303798706,0.048331043303798706,1.847111291549333,1.8471112915493322,2.774642777808304,0.0,0.0,-21.616456917454787,21.616456917454787,-21.50940216668111,0.14083193805096053,-4265.5101704680455,4265.5101704680455,-4244.385379760401,-258.6350067325576,0.005044840552889736,0.005044840552889738,0.002169285016991449,0.005044840552889736,0.005044840552889738,0.002169285016991449,436.4756045815292,436.4756045815292,530.649445124422,436.47560458258613,436.47560458258613,530.649445124422,0.0022910787899789948,0.0022910787899789948,0.0018844832670380516,0.0022910787899734467,0.0022910787899734467,0.0018844832670380516,5.275250066035346,0.05818041616934362,3.7539016516105588,37.457768025080206,26.655187051762336,0.07653710560741274,0.0020432906081367845,0.7116063891984995
150.0,0.0,0.0,0.18,0.7601596076519094,0.0,true,missing,missing,0.047822674950257674,0.047822674950257674,1.847414513428649,1.8474145134286486,2.774831493831072,0.0,0.0,-21.616303845983772,21.616303845983772,-21.511298348205656,0.138136118679697,-4265.479965336885,4265.479965336885,-4244.75954753493,-258.6393102906791,0.004949280417855945,0.004949280417855946,0.0021279103067944616,0.004949280417855945,0.004949280417855946,0.0021279103067944616,438.38341881308185,438.38341881308185,533.088189034005,438.38341881360736,438.38341881360736,533.088189034005,0.0022811081739986623,0.0022811081739986623,0.0018758622317483218,0.002281108173995928,0.002281108173995928,0.0018758622317483218,5.155696871019764,0.05705385243227468,3.6465443245820834,37.32330776554198,26.398195920340754,0.07505509613765306,0.0020109443838454803,0.7072844691625209
150.0,0.0,0.0,0.2,0.7601596076519094,0.0,true,missing,missing,0.04732920876763696,0.04732920876763696,1.8477065514628144,1.8477065514628144,2.7750132661658444,0.0,0.0,-21.61615618925768,21.61615618925768,-21.513124199114873,0.13553994332988303,-4265.450828680989,4265.450828680989,-4245.119837181506,-258.643451866052,0.004857239243132383,0.004857239243132383,0.002088056754216552,0.004857239243132383,0.004857239243132383,0.002088056754216552,443.8975669125137,443.8975669125137,535.385785971075,443.8975669125101,443.8975669125101,535.385785971075,0.002252771978353931,0.002252771978353931,0.0018678120080947132,0.0022527719783539493,0.0022527719783539493,0.0018678120080947132,5.074211877647447,0.05639662656899121,3.5685025962152457,37.4370222754012,26.32805141086763,0.07419050683736964,0.0019817416644837722,0.7032624341003489
150.0,0.0,0.0,0.22,0.7601596076519094,0.0,true,missing,missing,0.04684994605933199,0.04684994605933199,1.8479880091339644,1.8479880091339635,2.775188468293365,0.0,0.0,-21.616013666718214,21.616013666718214,-21.514883521476612,0.1330380412529238,-4265.422705138637,4265.422705138637,-4245.466998950698,-258.6474403247269,0.004768527641229365,0.004768527641229368,0.0020496427701624568,0.004768527641229365,0.004768527641229368,0.0020496427701624568,441.85711535793473,441.85711535793473,537.5394247485053,441.85711535793473,441.85711535793473,537.5394247485053,0.0022631750519394285,0.0022631750519394285,0.0018603286642051653,0.0022631750519394285,0.0022631750519394285,0.0018603286642051653,4.928949932530643,0.05489707005545612,3.445656498704269,37.049176958040334,25.899783747970233,0.07221782044566943,0.001949242233571315,0.6990650231529507
150.0,0.0,0.0,0.24,0.7601596076519094,0.0,true,missing,missing,0.046384232614631066,0.046384232614631066,1.848259447480419,1.84825944748042,2.7753574475140512,0.0,0.0,-21.61587601677867,21.61587601677867,-21.51657984997149,0.1306254184090403,-4265.395543091715,4265.395543091715,-4245.801730330359,-258.65128390241284,0.004682969505780296,0.004682969505780295,0.002012592464543405,0.004682969505780296,0.004682969505780295,0.002012592464543405,447.1777745418524,447.1777745418524,539.5632204753783,447.1777745418524,447.1777745418524,539.5632204753783,0.0022362470966374197,0.0022362470966374197,0.0018533509365574567,0.0022362470966374197,0.0022362470966374197,0.0018533509365574567,4.853742378136882,0.05428447996248113,3.374872350353881,37.157717366599194,25.83626059505363,0.07141195009053804,0.001921860521893353,0.6953134483518533
150.0,0.0,0.0,0.26,0.7601596076519094,0.0,true,missing,missing,0.04593145516003655,0.04593145516003655,1.8485213887509353,1.8485213887509344,2.775520527194542,0.0,0.0,-21.615742995252166,21.615742995252166,-21.518216474880937,0.12829742515849177,-4265.369294355562,4265.369294355562,-4246.124680581787,-258.65499025920144,0.004600400871634991,0.004600400871634994,0.0019768351592497646,0.004600400871634991,0.004600400871634994,0.0019768351592497646,444.8889892189352,444.8889892189352,541.4632065333187,444.8889892174353,444.8889892174353,541.4632065333187,0.0022477517408458227,0.0022477517408458227,0.0018468475566464284,0.0022477517408534004,0.0022477517408534004,0.0018468475566464284,4.717314248952926,0.05285923107300354,3.2614348206479256,36.76858084350024,25.420890689107157,0.06953701635934427,0.001891207513700836,0.6913753565117793
150.0,0.0,0.0,0.28,0.7601596076519094,0.0,true,missing,missing,0.0454910381481893,0.0454910381481893,1.8487743196889443,1.8487743196889448,2.7756780087875503,0.0,0.0,-21.615614373933,21.615614373933,-21.51979646275348,0.12604972720859983,-4265.343913899035,4265.343913899035,-4246.4364548177455,-258.65856652871486,0.004520668889989804,0.004520668889989802,0.0019423049500413684,0.004520668889989804,0.004520668889989802,0.0019423049500413684,450.0135297736517,450.0135297736517,543.2324828155963,450.0135297746906,450.0135297746906,543.2324828155963,0.002222155410533948,0.002222155410533948,0.001840832482654496,0.002222155410528818,0.002222155410528818,0.001840832482654496,4.6476607113453,0.052286076310377426,3.197002680247122,36.87164434440926,25.363027362656634,0.06878302370193833,0.0018654720971880846,0.6878735085895987
150.0,0.0,0.0,0.3,0.7601596076519094,0.0,true,missing,missing,0.045062440847337015,0.045062440847337015,1.849018694489652,1.8490186944896525,2.775830173651155,0.0,0.0,-21.61548993931419,21.61548993931419,-21.52132267501726,0.12387827944161375,-4265.319359591448,4265.319359591448,-4246.737617675206,-258.6620193623254,0.0044436309052798975,0.004443630905279896,0.0019089403117396896,0.0044436309052798975,0.004443630905279896,0.0019089403117396896,451.29082139247566,451.29082139247566,544.8852997637601,451.29082139246833,451.29082139246833,544.8852997637601,0.0022158660282840686,0.0022158660282840686,0.0018352486301861308,0.0022158660282841046,0.0022158660282841046,0.0018352486301861308,4.549741420682313,0.0513286608151926,3.113539556590334,36.7275154384647,25.13386180874272,0.06752353097758505,0.0018384998323863668,0.6843332991270094
150.0,0.0,0.0,0.32,0.7601596076519094,0.0,true,missing,missing,0.04464515469887244,0.04464515469887244,1.8492549374672507,1.8492549374672513,2.7759772846903457,0.0,0.0,-21.615369491426172,21.615369491426172,-21.52279778477214,0.12177930229676359,-4265.29559197341,4265.29559197341,-4247.028696628896,-258.66535496901196,0.004369153622275319,0.004369153622275316,0.0018766837418279039,0.004369153622275319,0.004369153622275316,0.0018766837418279039,452.4613111470319,452.4613111470319,546.4325606239298,452.4613111465419,452.4613111465419,546.4325606239298,0.002210133718317056,0.002210133718317056,0.00183005199920403,0.0022101337183194495,0.0022101337183194495,0.00183005199920403,4.454908306747668,0.05039595144517763,3.033373306056125,36.581818278869065,24.908775537768374,0.06629653948707945,0.0018122811441927326,0.6809058901305776
150.0,0.0,0.0,0.34,0.7601596076519094,0.0,true,missing,missing,0.044238700914427824,0.044238700914427824,1.849483445464801,1.8494834454648017,2.776119587840686,0.0,0.0,-21.615252842783587,21.615252842783587,-21.524224291964952,0.11974926042152781,-4265.272574049001,4265.272574049001,-4247.310184985772,-258.6685791513461,0.00429711235329414,0.004297112353294137,0.001845481438184915,0.00429711235329414,0.004297112353294137,0.001845481438184915,453.54760097199846,453.54760097199846,547.8520477100807,453.5476009715066,453.5476009715066,547.8520477100807,0.002204840236960572,0.002204840236960572,0.0018253103263551052,0.002204840236962963,0.002204840236962963,0.0018253103263551052,4.363131020721782,0.049488829914293875,2.956408364118378,36.435557141340006,24.68832253085792,0.06510320913677867,0.0017868042715590087,0.6775887201364186
150.0,0.0,0.0,0.36,0.7601596076519094,0.0,true,missing,missing,0.04384262828743159,0.04384262828743159,1.8497045900351803,1.8497045900351798,2.776257313411463,0.0,0.0,-21.615139817428602,21.615139817428602,-21.525604537125997,0.11778484334253801,-4265.250271096993,4265.250271096993,-4247.5825445956125,-258.6716973380349,0.004227390336710616,0.004227390336710618,0.0018152830072123089,0.004227390336710616,0.004227390336710618,0.0018152830072123089,450.7647475907531,450.7647475907531,549.1706569313518,450.76474759221884,450.76474759221884,549.1706569313518,0.00221845209800633,0.00221845209800633,0.0018209275884982386,0.0022184520979991163,0.0022184520979991163,0.0018209275884982386,4.245980861471445,0.04823242735104124,2.8627294538839427,36.04861831945068,24.30473541963839,0.06345039497695558,0.0017601338951379387,0.6742209979938214
150.0,0.0,0.0,0.38,0.7601596076519094,0.0,true,missing,missing,0.04345651119700145,0.04345651119700145,1.8499187194180393,1.8499187194180398,2.7763906773035854,0.0,0.0,-21.61503025006068,21.61503025006068,-21.526940713822956,0.11588294793751215,-4265.228650499131,4265.228650499131,-4247.846208308504,-258.67471461340114,0.0041598781190257715,0.004159878119025768,0.0017860411990729698,0.0041598781190257715,0.004159878119025768,0.0017860411990729698,455.4552855512074,455.4552855512074,550.3782667759377,455.45528555019865,455.45528555019865,550.3782667759377,0.0021956052146584843,0.0021956052146584843,0.0018169322089295107,0.002195605214663347,0.002195605214663347,0.0018169322089295107,4.188115074610098,0.047745555100911365,2.8113394871867947,36.14090898747645,24.260165427468763,0.06280990810389771,0.0017379172207777785,0.6712660557562455
150.0,0.0,0.0,0.4,0.7601596076519094,0.0,true,missing,missing,0.043079947784625656,0.043079947784625656,1.850126160334604,1.8501261603346024,2.7765198821156027,0.0,0.0,-21.614923985243845,21.614923985243845,-21.528234879969265,0.1140406625160693,-4265.207681583702,4265.207681583702,-4248.101582206292,-258.67763574412805,0.004094472993709019,0.004094472993709025,0.0017577116671574193,0.004094472993709019,0.004094472993709025,0.0017577116671574193,452.4876462256951,452.4876462256951,551.4992000057091,452.48764622618086,452.48764622618086,551.4992000057091,0.0022100050870807924,0.0022100050870807924,0.0018132392576265715,0.0022100050870784197,0.0022100050870784197,0.0018132392576265715,4.077497845495518,0.046547490407916184,2.724164427545596,35.75477163613429,23.887658730163356,0.06123383818261376,0.001712606048942848,0.6680970857053983
150.0,0.0,0.0,0.42,0.7601596076519094,0.0,true,missing,missing,0.04271255828632776,0.04271255828632776,1.850327219619564,1.850327219619564,2.7766451181496303,0.0,0.0,-21.614820876683417,21.614820876683417,-21.529488968107557,0.11225525234028724,-4265.187335482819,4265.187335482819,-4248.349047631777,-258.6804652035584,0.004031078490833754,0.004031078490833754,0.0017302527492381386,0.004031078490833754,0.004031078490833754,0.0017302527492381386,457.02011936103577,457.02011936103577,552.5052606963284,457.0201193610176,457.0201193610176,552.5052606963284,0.002188087477194898,0.002188087477194898,0.0018099375175897677,0.0021880874771949854,0.0021880874771949854,0.0018099375175897677,4.023605741810879,0.04609041540918354,2.6770397668976558,35.84336285320388,23.847790736620116,0.060632549987172116,0.0016915976951016594,0.6653335189080472
150.0,0.0,0.0,0.44,0.7601596076519094,0.0,true,missing,missing,0.04235398350496888,0.04235398350496888,1.8505221857070293,1.8505221857070293,2.7767665643275565,0.0,0.0,-21.61472078656542,21.61472078656542,-21.53070479477473,0.11052414643578859,-4265.167585002067,4265.167585002067,-4248.588963036699,-258.68320719380705,0.003969603912236213,0.003969603912236213,0.0017036252680709147,0.003969603912236213,0.003969603912236213,0.0017036252680709147,457.673991083592,457.673991083592,553.4196526340539,457.6739910836103,457.6739910836103,553.4196526340539,0.002184961390601186,0.002184961390601186,0.0018069470342088577,0.002184961390601099,0.002184961390601099,0.0018069470342088577,3.944957541979171,0.04529329073885158,2.6135526274664107,35.693173566113714,23.64689266326803,0.05958392195917911,0.0016693366267589813,0.6625046276556885
150.0,0.0,0.0,0.46,0.7601596076519094,0.0,true,missing,missing,0.04200388340905388,0.04200388340905388,1.850711329985472,1.850711329985472,2.7768843890267174,0.0,0.0,-21.614623584952376,21.614623584952376,-21.531884069042587,0.10884492556157492,-4265.148404501275,4265.148404501275,-4248.821665667038,-258.6858656659103,0.003909963907541565,0.003909963907541565,0.001677792349462246,0.003909963907541565,0.003909963907541565,0.001677792349462246,458.26251045347556,458.26251045347556,554.2495839069222,458.2625104534866,458.2625104534866,554.2495839069222,0.002182155374242693,0.002182155374242693,0.0018042413184164603,0.0021821553742426406,0.0021821553742426406,0.0018042413184164603,3.868710302688138,0.044517114424354916,2.552432628868658,35.54332260073586,23.450175703641005,0.0585628517698616,0.001647647082061179,0.6597631844119016
150.0,0.0,0.0,0.48,0.7601596076519094,0.0,true,missing,missing,0.0416619358459062,0.0416619358459062,1.8508949080349604,1.8508949080349604,2.776998750843169,0.0,0.0,-21.614529149229682,21.614529149229682,-21.53302840031702,0.10721531122182827,-4265.129769785274,4265.129769785274,-4249.0474731019995,-258.6884443382097,0.003852078086935547,0.003852078086935547,0.0016527192560483763,0.003852078086935547,0.003852078086935547,0.0016527192560483763,458.75404093844554,458.75404093844554,554.9784365448103,458.75404093843827,458.75404093843827,554.9784365448103,0.0021798173111551456,0.0021798173111551456,0.0018018718100577184,0.0021798173111551803,0.0021798173111551803,0.0018018718100577184,3.7945117791026646,0.0437580181677175,2.4933937516562446,35.391510185068874,23.25594845774796,0.05756425062216023,0.0016264988501803377,0.6571052870063533
150.0,0.0,0.0,0.5,0.7601596076519094,0.0,true,missing,missing,0.04132783535839572,0.04132783535839572,1.8510731607583755,1.8510731607583752,2.7771097992897094,0.0,0.0,-21.61443736359835,21.61443736359835,-21.534139305470006,0.10563315561632827,-4265.111658003799,4265.111658003799,-4249.266684661349,-258.6909467131542,0.003795870667027825,0.003795870667027826,0.0016283732352296962,0.003795870667027825,0.003795870667027826,0.0016283732352296962,455.4065343325834,455.4065343325834,555.6200002455428,455.4065343321376,455.4065343321376,555.6200002455428,0.0021958402539514286,0.0021958402539514286,0.0017997912234226168,0.0021958402539535783,0.0021958402539535783,0.0017997912234226168,3.698174707332952,0.04269163787748334,2.4199937432443894,35.00960172737002,22.909414464849313,0.05616141327129368,0.0016041717271918427,0.6543751809361217
190.0,0.0,0.0,-0.5,0.9628688363590852,0.0,true,missing,missing,0.6078405656285479,0.6078405656285479,0.2500409108233832,0.25004091082338326,2.049481726142248,0.0,0.0,-22.69231525006585,22.69231525006585,-10.28177117897228,12.889132561421142,-4477.806046580365,4477.806046580365,-2028.870859910348,-91.16303868549723,0.45760585149841604,0.45760585149841604,0.21861416005293538,0.45760585149841604,0.45760585149841604,0.21861416005293538,0.5789920729705879,0.5789920729705879,1.390378190238782,0.5789920729705142,0.5789920729705142,1.390378190238782,1.7271393628402905,1.7271393628402905,0.7192287731644159,1.72713936284051,1.72713936284051,0.7192287731644159,1.9019701039388115,0.012738496404718708,NaN,0.1475638562079543,NaN,0.013229731738838941,0.08965428309351679,NaN
190.0,0.0,0.0,-0.48,0.9628688363590852,0.0,true,missing,missing,0.6050363642782419,0.6050363642782419,0.2769548126007844,0.2769548126007841,2.0602975013396376,0.0,0.0,-22.65150108098294,22.65150108098294,-10.49237866687951,12.628015317310464,-4469.7523098377,4469.7523098377,-2070.429399548711,-91.26561039490566,0.44575798268461325,0.4457579826846133,0.21226058404449197,0.44575798268461325,0.4457579826846133,0.21226058404449197,0.4907556744115393,0.4907556744115393,1.4404742689248764,0.49075567441110846,0.49075567441110846,1.4404742689248764,2.037673840855923,2.037673840855923,0.6942158020957693,2.0376738408577117,2.0376738408577117,0.6942158020957693,1.6403987530844408,0.0106056037620618,NaN,0.12990154920352248,NaN,0.011014588240455448,0.08479181586355376,NaN
190.0,0.0,0.0,-0.46,0.9628688363590852,0.0,true,missing,missing,0.6022374862477071,0.6022374862477071,0.307942658729483,0.30794265872948295,2.0712714728299617,0.0,0.0,-22.613184571457335,22.613184571457335,-10.698552439198155,12.374096743344829,-4462.191428713544,4462.191428713544,-2111.1130474780266,-91.37174127079543,0.43408922309780595,0.43408922309780595,0.2061971393998978,0.43408922309780595,0.43408922309780595,0.2061971393998978,0.5645720258362388,0.5645720258362388,1.5101481469006324,0.5645720258362646,0.5645720258362646,1.5101481469006324,1.771253186905266,1.771253186905266,0.6621866881420607,1.7712531869051846,1.7712531869051846,0.6621866881420607,1.717254804028391,0.011472981960675045,NaN,0.13877819445302006,NaN,0.011915415192019359,0.0858594193344476,NaN
190.0,0.0,0.0,-0.44,0.9628688363590852,0.0,true,missing,missing,0.5994111591542125,0.5994111591542125,0.3437127953740122,0.34371279537401184,2.0826776333360897,0.0,0.0,-22.57718366878181,22.57718366878181,-10.902686214998687,12.124701738118485,-4455.087479296908,4455.087479296908,-2151.394149054396,-91.48358077753821,0.4224430141953201,0.4224430141953201,0.20035782584141076,0.4224430141953201,0.4224430141953201,0.20035782584141076,0.7962164222188998,0.7962164222188998,1.5326461458872285,0.7962164222206238,0.7962164222206238,1.5326461458872285,1.255939933031267,1.255939933031267,0.6524663260880177,1.2559399330285475,1.2559399330285475,0.6524663260880177,2.0421198205758664,0.014785506656207127,NaN,0.16842639635049392,NaN,0.015355680958702385,0.09117146297393516,NaN
190.0,0.0,0.0,-0.42,0.9628688363590852,0.0,true,missing,missing,0.5965198098460246,0.5965198098460246,0.38489004827745044,0.38489004827745105,2.094825955745573,0.0,0.0,-22.54334639062931,22.54334639062931,-11.107332106434725,11.877021929007288,-4448.410471374121,4448.410471374121,-2191.7763048627357,-91.6035676072693,0.4106575484369866,0.4106575484369866,0.19467768186427897,0.4106575484369866,0.4106575484369866,0.19467768186427897,0.9437173030156916,0.9437173030156916,0.8859268082088789,0.9437173030028784,0.9437173030028784,0.8859268082088789,1.0596393610718533,1.0596393610718533,1.1287614176861274,1.0596393610862405,1.0596393610862405,1.1287614176861274,1.9244932737539562,0.01573063494483116,NaN,0.16203500214593022,NaN,0.016337256281253966,0.10082547637787842,NaN
190.0,0.0,0.0,-0.4,0.9628688363590852,0.0,true,missing,missing,0.5935254109492967,0.5935254109492967,0.4317510959478656,0.43175109594786437,2.1080250625827666,0.0,0.0,-22.511546495217303,22.511546495217303,-11.314880219449533,11.628443930230356,-4442.135494035433,4442.135494035433,-2232.731147291666,-91.73404181319835,0.39859227340353237,0.3985922734035324,0.18909841015564968,0.39859227340353237,0.3985922734035324,0.18909841015564968,1.107859843195587,1.107859843195587,1.4960173688770315,1.107859843199205,1.107859843199205,1.4960173688770315,0.9026412556984927,0.9026412556984927,0.6684414371142219,0.902641255695545,0.902641255695545,0.6684414371142219,2.3045335344371427,0.017984778978099452,NaN,0.19818073237177233,NaN,0.018678326994261907,0.09424895533851774,NaN
190.0,0.0,0.0,-0.38,0.9628688363590852,0.0,true,missing,missing,0.5903998668588928,0.5903998668588928,0.48385002829035645,0.48385002829035656,2.1224941177297656,0.0,0.0,-22.48167703059099,22.48167703059099,-11.52687217930624,11.377255590396267,-4436.241442774559,4436.241442774559,-2274.562880599268,-91.8764236463489,0.3861786537142409,0.3861786537142409,0.18358072314506155,0.3861786537142409,0.3861786537142409,0.18358072314506155,1.2725612344797659,1.2725612344797659,1.8657201802193768,1.2725612344806547,1.2725612344806547,1.8657201802193768,0.7858168022922754,0.7858168022922754,0.5359860554664833,0.7858168022917265,0.7858168022917265,0.5359860554664833,2.553869533885794,0.01971594361630511,NaN,0.22447149170504338,NaN,0.020476250629169176,0.09121982695279215,NaN
190.0,0.0,0.0,-0.36,0.9628688363590852,0.0,true,missing,missing,0.5871393993805807,0.5871393993805807,0.5397502100457183,0.5397502100457184,2.1382426482125547,0.0,0.0,-22.45364094114384,22.45364094114384,-11.743139498468784,11.123531096067959,-4430.709165901728,4430.709165901728,-2317.2382576488153,-92.03017834186709,0.37347689422272345,0.37347689422272345,0.17811948405205488,0.37347689422272345,0.37347689422272345,0.17811948405205488,1.3664181191732543,1.3664181191732543,2.0279112472751244,1.3664181191743632,1.3664181191743632,2.0279112472751244,0.731840412512274,0.731840412512274,0.49311822760669916,0.7318404125116801,0.7318404125116801,0.49311822760669916,2.599586496952984,0.02004304120939736,NaN,0.23370155344573165,NaN,0.020815962104648134,0.08907070491288735,NaN
190.0,0.0,0.0,-0.34,0.9628688363590852,0.0,true,missing,missing,0.5837728330399181,0.5837728330399181,0.5972078633424798,0.5972078633424804,2.1550048662140164,0.0,0.0,-22.427340489626058,22.427340489626058,-11.961445936086486,10.869491418077736,-4425.519377220568,4425.519377220568,-2360.3160077857974,-92.19236311821865,0.3606882641813244,0.3606882641813244,0.17274885629507375,0.3606882641813244,0.3606882641813244,0.17274885629507375,1.4569606398034949,1.4569606398034949,2.170574015603207,1.4569606398038786,1.4569606398038786,2.170574015603207,0.6863603399298922,0.6863603399298922,0.4607076251772497,0.6863603399297115,0.6863603399297115,0.4607076251772497,2.621983761627182,0.0201900427413404,NaN,0.24122414386991425,NaN,0.020968632464713893,0.08692592759712195,NaN
190.0,0.0,0.0,-0.32,0.9628688363590852,0.0,true,missing,missing,0.5803537012186525,0.5803537012186525,0.6538454365582244,0.6538454365582244,2.1723121588954593,0.0,0.0,-22.402670001258112,22.402670001258112,-12.178195635442748,10.61876133043974,-4420.651224245928,4420.651224245928,-2403.0865714623765,-92.35842570424612,0.348090496062831,0.348090496062831,0.1675275872125736,0.348090496062831,0.348090496062831,0.1675275872125736,1.5474837842391764,1.5474837842391764,2.308094342165544,1.547483784239188,1.547483784239188,2.308094342165544,0.6462103255522332,0.6462103255522332,0.43325785334310085,0.6462103255522283,0.6462103255522283,0.43325785334310085,2.6338338448619876,0.020248374884130803,NaN,0.24803588317893913,NaN,0.021029214073119636,0.08478295077147628,NaN
190.0,0.0,0.0,-0.3,0.9628688363590852,0.0,true,missing,missing,0.5769408696854995,0.5769408696854995,0.7078353164784186,0.7078353164784191,2.1896601865610577,0.0,0.0,-22.379515241915552,22.379515241915552,-12.389761398766614,10.37498926740987,-4416.082165502971,4416.082165502971,-2444.834204695096,-92.52374749241466,0.3359392061710655,0.3359392061710655,0.16251363973200966,0.3359392061710655,0.3359392061710655,0.16251363973200966,1.6356147471547857,1.6356147471547857,2.441497028993505,1.635614747154139,1.635614747154139,2.441497028993505,0.6113909169256013,0.6113909169256013,0.4095847703784612,0.6113909169258431,0.6113909169258431,0.4095847703784612,2.6354120289440104,0.020223119224396374,NaN,0.25401588001853853,NaN,0.021002984477996454,0.08268374589991626,NaN
190.0,0.0,0.0,-0.28,0.9628688363590852,0.0,true,missing,missing,0.5735824651547349,0.5735824651547349,0.7581549660537612,0.7581549660537602,2.2066438123221923,0.0,0.0,-22.357758065561665,22.357758065561665,-12.593451672447962,10.140847875018643,-4411.7888875910285,4411.7888875910285,-2485.027791337486,-92.68478475623266,0.32440630944064514,0.32440630944064525,0.15774661103124948,0.32440630944064514,0.32440630944064525,0.15774661103124948,1.7159171080097528,1.7159171080097528,2.573800863791952,1.7159171080116171,1.7159171080116171,2.573800863791952,0.5827787340845816,0.5827787340845816,0.38853044696189554,0.5827787340839484,0.5827787340839484,0.38853044696189554,2.624180527585856,0.02008745669020627,NaN,0.25877328601392036,NaN,0.02086209038207464,0.0806191809959564,NaN
190.0,0.0,0.0,-0.26,0.9628688363590852,0.0,true,missing,missing,0.5703103124784679,0.5703103124784679,0.8044551687755536,0.8044551687755541,2.2230008053525396,0.0,0.0,-22.33728234871869,22.33728234871869,-12.787742794837845,9.917798970408791,-4407.748476214879,4407.748476214879,-2523.3666718372087,-92.83935956145335,0.31357394664522187,0.3135739466452218,0.15324426049025833,0.31357394664522187,0.3135739466452218,0.15324426049025833,1.8032117611016096,1.8032117611016096,2.7061210199207233,1.8032117611016176,1.8032117611016176,2.7061210199207233,0.5545660368747177,0.5545660368747177,0.36953262350007365,0.5545660368747153,0.5545660368747153,0.36953262350007365,2.619070462926427,0.02001944784757155,NaN,0.2640777929398255,NaN,0.020791458910718808,0.07873232610459029,NaN
190.0,0.0,0.0,-0.24,0.9628688363590852,0.0,true,missing,missing,0.5671418154126717,0.5671418154126717,0.8468053046381293,0.846805304638129,2.238592704285485,0.0,0.0,-22.317978441018237,22.317978441018237,-12.972056038169763,9.706329720035798,-4403.9392943984285,4403.9392943984285,-2559.7366475916265,-92.98641590859977,0.3034577687421414,0.3034577687421414,0.14900735438146137,0.3034577687421414,0.3034577687421414,0.14900735438146137,1.8902487679993858,1.8902487679993858,2.8343012194741144,1.8902487679999314,1.8902487679999314,2.8343012194741144,0.5290308963186823,0.5290308963186823,0.3528206505113607,0.5290308963185296,0.5290308963185296,0.3528206505113607,2.6114735997262146,0.019944445342687248,NaN,0.269048515252435,NaN,0.02071356408013325,0.07698821181264923,NaN
190.0,0.0,0.0,-0.22,0.9628688363590852,0.0,true,missing,missing,0.5640841905494042,0.5640841905494042,0.885482244110551,0.885482244110551,2.253366927500647,0.0,0.0,-22.299745510661317,22.299745510661317,-13.146428981490509,9.506296375508864,-4400.341445307254,4400.341445307254,-2594.1451339605696,-93.12564559227467,0.29403370990223315,0.29403370990223315,0.14502614681931245,0.29403370990223315,0.29403370990223315,0.14502614681931245,1.9764675719926437,1.9764675719926437,2.9585946195766115,1.9764675719926723,1.9764675719926723,2.9585946195766115,0.5059531530749152,0.5059531530749152,0.33799831628947685,0.5059531530749078,0.5059531530749078,0.33799831628947685,2.601689756325705,0.019863027199618046,NaN,0.2736806905188077,NaN,0.0206290062047563,0.07537618443468026,NaN
190.0,0.0,0.0,-0.2,0.9628688363590852,0.0,true,missing,missing,0.5611383060776054,0.5611383060776054,0.92083942816419,0.920839428164189,2.2673232983590426,0.0,0.0,-22.28249227339139,22.28249227339139,-13.311246810653037,9.31720409257558,-4396.936916094654,4396.936916094654,-2626.6681385052943,-93.25717813810813,0.28525787134991865,0.2852578713499187,0.14128548624002538,0.28525787134991865,0.2852578713499187,0.14128548624002538,1.9868218032852623,1.9868218032852623,3.0778093721314495,1.9868218032847509,1.9868218032847509,3.0778093721314495,0.5033164012728638,0.5033164012728638,0.32490641202625176,0.5033164012729934,0.5033164012729934,0.32490641202625176,2.521238785139998,0.01912933987809152,NaN,0.27060036037517404,NaN,0.01986702565889002,0.07341832668421198,NaN
190.0,0.0,0.0,-0.18,0.9628688363590852,0.0,true,missing,missing,0.5583014060287154,0.5583014060287154,0.9532380655478225,0.9532380655478223,2.280490677588683,0.0,0.0,-22.266136767468108,22.266136767468108,-13.467064120798764,9.138391766776305,-4393.7095334978985,4393.7095334978985,-2657.4150978104008,-93.38137270122058,0.2770787603362617,0.2770787603362617,0.1377680929512403,0.2770787603362617,0.2770787603362617,0.1377680929512403,1.9761167886134146,1.9761167886134146,3.192036773002183,1.9761167886125224,1.9761167886125224,3.192036773002183,0.5060429655585649,0.5060429655585649,0.3132795989250078,0.5060429655587934,0.5060429655587934,0.3132795989250078,2.427757155595529,0.01828403993917756,NaN,0.26566569015151276,NaN,0.018989128372162673,0.07147753389356719,NaN
190.0,0.0,0.0,-0.16,0.9628688363590852,0.0,true,missing,missing,0.5555688411912741,0.5555688411912741,0.983015703145321,0.983015703145322,2.292912348229898,0.0,0.0,-22.25060566518613,22.25060566518613,-13.61449881957234,8.96914150661441,-4390.644827982312,4390.644827982312,-2686.5079417255743,-93.49869222958534,0.26944402209988405,0.26944402209988394,0.13445643234134544,0.26944402209988405,0.26944402209988394,0.13445643234134544,2.218327129206239,2.218327129206239,3.3016206973956126,2.2183271292073234,2.2183271292073234,3.3016206973956126,0.45079014128895395,0.45079014128895395,0.30288155171453246,0.45079014128873357,0.45079014128873357,0.30288155171453246,2.552874443554569,0.019510418691594377,NaN,0.2846286282440654,NaN,0.02026280003553704,0.0711903091426276,NaN
190.0,0.0,0.0,-0.14,0.9628688363590852,0.0,true,missing,missing,0.5529351053348754,0.5529351053348754,1.0104746131888034,1.0104746131888025,2.304637426301456,0.0,0.0,-22.23583341316766,22.23583341316766,-13.754173350405777,8.808738784021457,-4387.7298640978,4387.7298640978,-2714.069495133723,-93.60963208224925,0.26230379914686885,0.26230379914686885,0.13133369015495325,0.26230379914686885,0.26230379914686885,0.13133369015495325,2.026192310065043,2.026192310065043,3.4086748513692493,2.026192310065073,2.026192310065073,3.4086748513692493,0.4935365685836104,0.4935365685836104,0.293369137158478,0.49353656858360306,0.49353656858360306,0.293369137158478,2.3176248740821093,0.01733948922453837,NaN,0.2631051880305665,NaN,0.018008152896613127,0.06844468948488014,NaN
190.0,0.0,0.0,-0.12,0.9628688363590852,0.0,true,missing,missing,0.5503944313873341,0.5503944313873341,1.0358798069746353,1.035879806974636,2.3157160385403266,0.0,0.0,-22.221761354878797,22.221761354878797,-13.886684347452276,8.656503038299704,-4384.953067327646,4384.953067327646,-2740.217490050702,-93.71468166307542,0.2556121906879604,0.25561219068796037,0.12838422253302706,0.2556121906879604,0.25561219068796037,0.12838422253302706,2.1175067964877097,2.1175067964877097,3.5142282221787307,2.117506796486,2.117506796486,3.5142282221787307,0.47225350192910426,0.47225350192910426,0.2845575007590218,0.4722535019294856,0.4722535019294856,0.2845575007590218,2.319283769460995,0.01740739756934752,NaN,0.2679238670857724,NaN,0.01807867999464024,0.06747692988789453,NaN
190.0,0.0,0.0,-0.1,0.9628688363590852,0.0,true,missing,missing,0.5479411217007814,0.5479411217007814,1.0594612970285884,1.0594612970285877,2.3261967455918335,0.0,0.0,-22.208336907270656,22.208336907270656,-14.012588562507927,8.511801436791197,-4382.304061617593,4382.304061617593,-2765.0617886272657,-93.81430517433002,0.24932770055178824,0.24932770055178838,0.1255937153923701,0.24932770055178824,0.24932770055178838,0.1255937153923701,0.4638427526398454,0.4638427526398454,3.6197627108866244,0.463842752639809,0.463842752639809,3.6197627108866244,2.155903038925906,2.155903038925906,0.27626120270051074,2.155903038926075,2.155903038926075,0.27626120270051074,1.0247581657921476,0.0052039092769346805,NaN,0.12039263056146476,NaN,0.005404587915226673,0.044891351655178234,NaN
190.0,0.0,0.0,-0.08,0.9628688363590852,0.0,true,missing,missing,0.5455697215916152,0.5455697215916152,1.081417932126499,1.081417932126499,2.336125267559466,0.0,0.0,-22.195512819694866,22.195512819694866,-14.132397786750541,8.374053379309212,-4379.773523139877,4379.773523139877,-2788.7033810711273,-93.9089331220525,0.24341317591197284,0.24341317591197284,0.1229491906628497,0.24341317591197284,0.24341317591197284,0.1229491906628497,2.3873190038136594,2.3873190038136594,3.72580890563419,2.3873190038136554,2.3873190038136554,3.72580890563419,0.41887992279311426,0.41887992279311426,0.2683980916165062,0.4188799227931149,0.4188799227931149,0.2683980916165062,2.384105423523641,0.018126108252503163,NaN,0.28470148392107686,NaN,0.018825106357210367,0.06612226286263033,NaN
190.0,0.0,0.0,-0.06,0.9628688363590852,0.0,true,missing,missing,0.543275102010567,0.543275102010567,1.1019215440307326,1.101921544030733,2.345543949355009,0.0,0.0,-22.183246521279646,22.183246521279646,-14.24657856630759,8.242730115747783,-4377.353051512917,4377.353051512917,-2811.234329520838,-93.99895970734502,0.23783551046099022,0.23783551046099008,0.1204389369670102,0.23783551046099022,0.23783551046099008,0.1204389369670102,2.663131797137624,2.663131797137624,3.831912081464211,2.6631317971387007,2.6631317971387007,3.831912081464211,0.37549775083411785,0.37549775083411785,0.2609663214449039,0.375497750833966,0.375497750833966,0.2609663214449039,2.510100988986234,0.019374321120985978,NaN,0.30452301042717284,NaN,0.020121454126863714,0.06607531594620103,NaN
190.0,0.0,0.0,-0.04,0.9628688363590852,0.0,true,missing,missing,0.5410524903700658,0.5410524903700658,1.1211208556794316,1.1211208556794319,2.3544916364584174,0.0,0.0,-22.171499552731,22.171499552731,-14.355554336182312,8.117351939754613,-4375.0350576803585,4375.0350576803585,-2832.738189126982,-94.08474332585722,0.23256525674566592,0.23256525674566592,0.11805240736516288,0.23256525674566592,0.23256525674566592,0.11805240736516288,2.8029987434785837,2.8029987434785837,3.938097380674935,2.8029987434808126,2.8029987434808126,3.938097380674935,0.35676077355603014,0.35676077355603014,0.2539297288348451,0.3567607735557464,0.3567607735557464,0.2539297288348451,2.5367983530126317,0.019681466021716273,NaN,0.3125155065149632,NaN,0.020440443473213016,0.06540617360449066,NaN
190.0,0.0,0.0,-0.02,0.9628688363590852,0.0,true,missing,missing,0.5388974724691392,0.5388974724691392,1.13914494633042,1.1391449463304204,2.3630037701853035,0.0,0.0,-22.160237074360847,22.160237074360847,-14.459708650960483,7.997484322494559,-4372.812666831756,4372.812666831756,-2853.2906455577895,-94.16660860932177,0.2275762215782996,0.2275762215782996,0.11578010695825779,0.2275762215782996,0.2275762215782996,0.11578010695825779,2.91579448786505,2.91579448786505,4.046021461817503,2.9157944878661706,2.9157944878661706,4.046021461817503,0.3429596990329047,0.3429596990329047,0.24715637557463488,0.3429596990327729,0.3429596990327729,0.24715637557463488,2.544503277839104,0.019806088076300254,NaN,0.3181629591548143,NaN,0.020569871334909336,0.06465199905593122,NaN
190.0,0.0,0.0,0.0,0.9628688363590852,0.0,true,missing,missing,0.5368059789350478,0.5368059789350478,1.1561062306408671,1.1561062306408671,2.371112592729591,0.0,0.0,-22.149427440983732,22.149427440983732,-14.559388791180421,7.882733725710423,-4370.679634518219,4370.679634518219,-2872.9602266332386,-94.24484913752475,0.22284508020657498,0.22284508020657498,0.11361348206999287,0.22284508020657498,0.22284508020657498,0.11361348206999287,3.018297117900414,3.018297117900414,4.148179831764212,3.0182971179004086,3.0182971179004086,4.148179831764212,0.3313126444939322,0.3313126444939322,0.24106958727840452,0.3313126444939328,0.3313126444939328,0.24106958727840452,2.5443293489411962,0.01986132081536242,NaN,0.32277245908263774,NaN,0.020627234017111223,0.06390642521278478,NaN
190.0,0.0,0.0,0.02,0.9628688363590852,0.0,true,missing,missing,0.5347742639879193,0.5347742639879193,1.1721029789754833,1.1721029789754835,2.3788473995883237,0.0,0.0,-22.139041834570122,22.139041834570122,-14.654909363842519,7.772743480854049,-4368.630274164999,4368.630274164999,-2891.8090128027293,-94.31973034504108,0.21835102461658734,0.21835102461658734,0.1115448166258731,0.21835102461658734,0.21835102461658734,0.1115448166258731,3.1154534633690445,3.1154534633690445,4.250173513842075,3.115453463371429,3.115453463371429,4.250173513842075,0.32098056085825855,0.32098056085825855,0.23528451173656184,0.3209805608580129,0.3209805608580129,0.23528451173656184,2.5408837622960365,0.019884395174714548,NaN,0.32689664448013545,NaN,0.020651198194246063,0.06317347866047299,NaN
190.0,0.0,0.0,0.04,0.9628688363590852,0.0,true,missing,missing,0.5327988810253298,0.5327988810253298,1.187221432453192,1.187221432453193,2.386234804538119,0.0,0.0,-22.129053946381987,22.129053946381987,-14.746555706307351,7.667189923801274,-4366.659394348261,4366.659394348261,-2909.8933088260187,-94.39149237193521,0.21407545080158868,0.2140754508015886,0.10956713803252893,0.21407545080158868,0.2140754508015886,0.10956713803252893,3.209145622656637,3.209145622656637,4.350049031404736,3.2091456226529123,3.2091456226529123,4.350049031404736,0.3116094180768796,0.3116094180768796,0.22988246633097736,0.31160941807724124,0.31160941807724124,0.22988246633097736,2.53528789288371,0.019887753808121494,NaN,0.3306671568175728,NaN,0.020654686346816924,0.06246367660339487,NaN
190.0,0.0,0.0,0.06,0.9628688363590852,0.0,true,missing,missing,0.530876657570521,0.530876657570521,1.2015375718818433,1.2015375718818433,2.3932989983548887,0.0,0.0,-22.119439701341044,22.119439701341044,-14.834587008923398,7.5657788655451785,-4364.762244405506,4364.762244405506,-2927.2642599519218,-94.46035273463106,0.21000168457143215,0.21000168457143215,0.10767413310424652,0.21000168457143215,0.21000168457143215,0.10767413310424652,3.300920445458833,3.300920445458833,4.449778748371801,3.300920445458832,3.300920445458832,4.449778748371801,0.3029458045181693,0.3029458045181693,0.22473027459306952,0.3029458045181694,0.3029458045181694,0.22473027459306952,2.5289133167271163,0.01988228668167049,NaN,0.334256837487529,NaN,0.020649008391269336,0.06177587434405061,NaN
190.0,0.0,0.0,0.08,0.9628688363590852,0.0,true,missing,missing,0.5290046709749893,0.5290046709749893,1.2151185963993008,1.2151185963993003,2.400061991745401,0.0,0.0,-22.110177018401192,22.110177018401192,-14.919239129675198,7.468242420138166,-4362.934467150582,4362.934467150582,-2943.9684073243307,-94.52650876413904,0.20611474305186048,0.2061147430518605,0.10586007369304191,0.20611474305186048,0.2061147430518605,0.10586007369304191,3.389892148474215,3.389892148474215,4.54836570821762,3.389892148474191,3.389892148474191,4.54836570821762,0.2949946358765716,0.2949946358765716,0.21985918990491038,0.2949946358765737,0.2949946358765737,0.21985918990491038,2.5212089143740837,0.019863576136881892,NaN,0.33759066357776857,NaN,0.0206295763107179,0.06110825486726056,NaN
190.0,0.0,0.0,0.1,0.9628688363590852,0.0,true,missing,missing,0.5271802255877168,0.5271802255877168,1.2280241609570632,1.2280241609570635,2.4065438382829454,0.0,0.0,-22.10124560163101,22.10124560163101,-15.00072710476041,7.374336180325382,-4361.172057648629,4361.172057648629,-2960.048183386806,-94.59013979770988,0.20240112809032768,0.20240112809032762,0.10411975126500538,0.20240112809032768,0.20240112809032762,0.10411975126500538,3.480295060485362,3.480295060485362,4.646724697214648,3.4802950604867973,3.4802950604867973,4.646724697214648,0.28733195968175756,0.28733195968175756,0.21520534681114695,0.28733195968163905,0.28733195968163905,0.21520534681114695,2.514696435541715,0.019854842101638893,NaN,0.34100648167504044,NaN,0.020620505464395752,0.060469541115778284,NaN
190.0,0.0,0.0,0.12,0.9628688363590852,0.0,true,missing,missing,0.5254008317071747,0.5254008317071747,1.2403074143791297,1.24030741437913,2.4127628361411855,0.0,0.0,-22.092626757531796,22.092626757531796,-15.079247374181733,7.2838367164004305,-4359.471327167992,4359.471327167992,-2975.5423510519104,-94.65140913050239,0.19884864761710883,0.19884864761710877,0.10244841951075563,0.19884864761710883,0.19884864761710877,0.10244841951075563,3.5682572167044686,3.5682572167044686,4.744259041264093,3.568257216708612,3.568257216708612,4.744259041264093,0.2802488551886315,0.2802488551886315,0.21078107061657264,0.2802488551883061,0.2802488551883061,0.21078107061657264,2.507187152716333,0.019835599916501374,NaN,0.34421243231209464,NaN,0.020600521241819516,0.059848277714563164,NaN
190.0,0.0,0.0,0.14,0.9628688363590852,0.0,true,missing,missing,0.5236641864047895,0.5236641864047895,1.2520158727524586,1.2520158727524575,2.4187357090587622,0.0,0.0,-22.08430323481774,22.08430323481774,-15.154979747982097,7.19653936774777,-4357.828871564537,4357.828871564537,-2990.48639169246,-94.71046574391207,0.195446261212542,0.19544626121254213,0.10084174405926938,0.195446261212542,0.19544626121254213,0.10084174405926938,3.6539540778338613,3.6539540778338613,4.841560568860174,3.653954077833882,3.653954077833882,4.841560568860174,0.2736761269295482,0.2736761269295482,0.20654497362519317,0.2736761269295466,0.2736761269295466,0.20654497362519317,2.4989361716403735,0.019807696960961355,NaN,0.3472413675439173,NaN,0.02057154226307769,0.05924277515833682,NaN
190.0,0.0,0.0,0.16,0.9628688363590852,0.0,true,missing,missing,0.5219681561818585,0.5219681561818585,1.2631921567850237,1.2631921567850237,2.424477767807585,0.0,0.0,-22.076259083478348,22.076259083478348,-15.228089140565288,7.112256295268812,-4356.241543470854,4356.241543470854,-3004.9128473697792,-94.76744583138766,0.19218394649216894,0.19218394649216894,0.09929575841374656,0.19218394649216894,0.19218394649216894,0.09929575841374656,3.742558627766455,3.742558627766455,4.938580402459724,3.742558627766477,3.742558627766477,4.938580402459724,0.2671968830577268,0.2671968830577268,0.20248733816339953,0.26719688305772527,0.26719688305772527,0.20248733816339953,2.4925657449143426,0.01979644967603614,NaN,0.35046061916700577,NaN,0.020559861248488263,0.058665254022994315,NaN
190.0,0.0,0.0,0.18,0.9628688363590852,0.0,true,missing,missing,0.5203107613552005,0.5203107613552005,1.2738746165944594,1.2738746165944603,2.4300030538157382,0.0,0.0,-22.068479530440037,22.068479530440037,-15.298727099864887,7.030814764110289,-4354.7064277609425,4354.7064277609425,-3018.8516225799876,-94.82247414350806,0.1890525833307745,0.18905258333077438,0.09780682530772543,0.1890525833307745,0.18905258333077438,0.09780682530772543,3.8302046550900557,3.8302046550900557,5.043148024422135,3.8302046550885094,3.8302046550885094,5.043148024422135,0.2610826548579003,0.2610826548579003,0.19828884560940171,0.2610826548580057,0.2610826548580057,0.19828884560940171,2.4870625654574803,0.01978555887563269,NaN,0.3537374612901218,NaN,0.020548550465552724,0.05808983416856604,NaN
190.0,0.0,0.0,0.2,0.9628688363590852,0.0,true,missing,missing,0.5186901620357947,0.5186901620357947,1.2840978631072193,1.2840978631072182,2.435324466710071,0.0,0.0,-22.0609508695598,22.0609508695598,-15.367033156221742,6.95205562852143,-4353.22081984299,4353.22081984299,-3032.3302504239177,-94.87566517332871,0.1860438533486068,0.18604385334860687,0.09637160276898439,0.1860438533486068,0.18604385334860687,0.09637160276898439,3.9145201997521415,3.9145201997521415,5.1398610492691885,3.914520199753763,3.914520199753763,5.1398610492691885,0.25545914926261404,0.25545914926261404,0.19455778870562757,0.25545914926250823,0.25545914926250823,0.19455778870562757,2.4793570961955287,0.019758489972028687,NaN,0.35663654445222565,NaN,0.020520437702337375,0.05753879691116807,NaN
190.0,0.0,0.0,0.22,0.9628688363590852,0.0,true,missing,missing,0.5171046455541332,0.5171046455541332,1.2938932217439565,1.2938932217439563,2.4404538775128035,0.0,0.0,-22.05366036403069,22.05366036403069,-15.433136013425237,6.875831993524448,-4351.782206401341,4351.782206401341,-3045.374127631696,-94.92712420142063,0.18315015245264105,0.1831501524526411,0.0949870142670585,0.18315015245264105,0.1831501524526411,0.0949870142670585,4.000510932406957,4.000510932406957,5.236499186684247,4.0005109324022365,4.0005109324022365,5.236499186684247,0.24996807080298056,0.24996807080298056,0.19096727877717867,0.2499680708032755,0.2499680708032755,0.19096727877717867,2.4728496321561573,0.01974142901517122,NaN,0.35964369613525293,NaN,0.02050271882286675,0.05700841984216566,NaN
190.0,0.0,0.0,0.24,0.9628688363590852,0.0,true,missing,missing,0.5155526151873677,0.5155526151873677,1.30328912121735,1.30328912121735,2.445402229120094,0.0,0.0,-22.046596159568207,22.046596159568207,-15.49715460185218,6.802008031001977,-4350.388248265831,4350.388248265831,-3058.006722375455,-94.97694821810019,0.18036451455323757,0.18036451455323757,0.0936502224023782,0.18036451455323757,0.18036451455323757,0.0936502224023782,4.088377452414719,4.088377452414719,5.333102074292152,4.088377452414737,4.088377452414737,5.333102074292152,0.24459581133081773,0.24459581133081773,0.18750813055321602,0.2445958113308167,0.2445958113308167,0.18750813055321602,2.4675573733329874,0.019734591251271662,NaN,0.3627689591200764,NaN,0.020495617373903655,0.05649771530512789,NaN
190.0,0.0,0.0,0.26,0.9628688363590852,0.0,true,missing,missing,0.5140325800508678,0.5140325800508678,1.3123114279589292,1.3123114279589296,2.4501796255500397,0.0,0.0,-22.039747206988963,22.039747206988963,-15.559199011211042,6.730457930576448,-4349.036765134466,4349.036765134466,-3070.2497583249406,-95.0252267383727,0.17768054486035462,0.17768054486035453,0.0923586056688423,0.17768054486035462,0.17768054486035453,0.0923586056688423,4.17427449116195,4.17427449116195,5.429361552701104,4.174274491163528,4.174274491163528,5.429361552701104,0.23956258797002117,0.23956258797002117,0.18418371852626036,0.2395625879699306,0.2395625879699306,0.18418371852626036,2.4616769634447655,0.01972077570114552,NaN,0.36575177927513297,NaN,0.02048126905396178,0.0559977291007379,NaN
190.0,0.0,0.0,0.28,0.9628688363590852,0.0,true,missing,missing,0.5125431460274735,0.5125431460274735,1.3209837348207851,1.3209837348207847,2.4547954112961325,0.0,0.0,-22.033103192995494,22.033103192995494,-15.6193713181639,6.661064968188152,-4347.725721915399,4347.725721915399,-3082.12337795965,-95.07204252321655,0.1750923614062706,0.1750923614062706,0.09110973788661592,0.1750923614062706,0.1750923614062706,0.09110973788661592,4.260598779887631,4.260598779887631,5.542381884755992,4.260598779892409,4.260598779892409,5.542381884755992,0.2347087936842469,0.2347087936842469,0.1804278414575588,0.23470879368398367,0.23470879368398367,0.1804278414575588,2.458214739087944,0.019716270599847586,NaN,0.3690423004171047,NaN,0.0204765902221959,0.05548575379855516,NaN
190.0,0.0,0.0,0.3,0.9628688363590852,0.0,true,missing,missing,0.5110830076195156,0.5110830076195156,1.3293276111816683,1.3293276111816685,2.4592582419730102,0.0,0.0,-22.02665447815086,22.02665447815086,-15.677766322093852,6.5937206775371235,-4346.453216487647,4346.453216487647,-3093.6462877555937,-95.11747221909793,0.17259454364778762,0.17259454364778762,0.08990136995838918,0.17259454364778762,0.17259454364778762,0.08990136995838918,4.348621676450362,4.348621676450362,5.638470482458478,4.348621676450344,4.348621676450344,5.638470482458478,0.22995792101562335,0.22995792101562335,0.17735306110248206,0.22995792101562432,0.22995792101562432,0.17735306110248206,2.4538297918701395,0.0197144335760762,NaN,0.37214645749699704,NaN,0.020474682357176265,0.05501780802882285,NaN
190.0,0.0,0.0,0.32,0.9628688363590852,0.0,true,missing,missing,0.5096509406205104,0.5096509406205104,1.3373628203563048,1.337362820356306,2.4635761473013487,0.0,0.0,-22.020392041170325,22.020392041170325,-15.734472200518768,6.528324111538005,-4345.2174687083325,4345.2174687083325,-3104.8358875161116,-95.16158692604884,0.17018208717482222,0.17018208717482214,0.08873141365096666,0.17018208717482222,0.17018208717482214,0.08873141365096666,4.4346247452601615,4.4346247452601615,5.734086943027913,4.434624745256838,4.434624745256838,5.734086943027913,0.22549822306133685,0.22549822306133685,0.17439568146344586,0.22549822306150585,0.22549822306150585,0.17439568146344586,2.4488317425496593,0.019705544431781585,NaN,0.37510878760165295,NaN,0.02046545042032365,0.054558706958518256,NaN
190.0,0.0,0.0,0.34,0.9628688363590852,0.0,true,missing,missing,0.5082457955147678,0.5082457955147678,1.3451075092050706,1.3451075092050708,2.467756587350857,0.0,0.0,-22.014307428777403,22.014307428777403,-15.789571094108346,6.464781182665311,-4344.016810517933,4344.016810517933,-3115.7083858115243,-95.2044527032665,0.16785036369882292,0.1678503636988229,0.08759792714577395,0.16785036369882292,0.1678503636988229,0.08759792714577395,4.52094003038723,4.52094003038723,5.830801089746617,4.5209400303888625,4.5209400303888625,5.830801089746617,0.22119293626514824,0.22119293626514824,0.171503020701304,0.2211929362650684,0.2211929362650684,0.171503020701304,2.444369031959313,0.019699694038336452,NaN,0.3781054552184463,NaN,0.020459374417835862,0.05411023336337658,NaN
190.0,0.0,0.0,0.36,0.9628688363590852,0.0,true,missing,missing,0.5068664915235693,0.5068664915235693,1.352578374024207,1.3525783740242079,2.471806502845945,0.0,0.0,-22.00839271047431,22.00839271047431,-15.84313962992563,6.403004072560362,-4342.849677015267,4342.849677015267,-3126.2789032287983,-95.24613101999485,0.1655950856176735,0.16559508561767342,0.08649910213750568,0.1655950856176735,0.16559508561767342,0.08649910213750568,4.607168704020545,4.607168704020545,5.925446564402827,4.607168704022201,4.607168704022201,5.925446564402827,0.21705304586031948,0.21705304586031948,0.16876365167268725,0.21705304586024146,0.21705304586024146,0.16876365167268725,2.439924183566394,0.019694148738878363,NaN,0.38105928965788466,NaN,0.02045361527469124,0.053675676803613716,NaN
190.0,0.0,0.0,0.38,0.9628688363590852,0.0,true,missing,missing,0.5055120112260458,0.5055120112260458,1.3597908061279527,1.3597908061279522,2.475732360237164,0.0,0.0,-22.002640437663132,22.002640437663132,-15.895249390359636,6.34291070255996,-4341.714598391,4341.714598391,-3136.5615649046076,-95.28667915840764,0.16341227455743457,0.16341227455743462,0.08543325229058547,0.16341227455743457,0.16341227455743462,0.08543325229058547,4.691332274877769,4.691332274877769,6.019527632664548,4.691332274877791,4.691332274877791,6.019527632664548,0.21315906471921237,0.21315906471921237,0.16612599210834575,0.21315906471921134,0.21315906471921134,0.16612599210834575,2.4348849715668144,0.019681840123206774,NaN,0.3838750198050415,NaN,0.020440832001199772,0.05324866413964902,NaN
190.0,0.0,0.0,0.4,0.9628688363590852,0.0,true,missing,missing,0.504181395691426,0.504181395691426,1.3667590199849364,1.3667590199849373,2.4795401921525357,0.0,0.0,-21.997043606628054,21.997043606628054,-15.94596733422187,6.284424257915791,-4340.610192623039,4340.610192623039,-3146.569583619039,-95.32615057431477,0.1612982333785671,0.16129823337856708,0.08439880288908193,0.1612982333785671,0.16129823337856708,0.08439880288908193,4.780594798214511,4.780594798214511,6.1141336168406095,4.780594798216403,4.780594798216403,6.1141336168406095,0.20917899178016233,0.20917899178016233,0.16355547043421265,0.20917899178007957,0.20917899178007957,0.16355547043421265,2.432120423387587,0.019690144416271947,NaN,0.38700767541658493,NaN,0.02044945653317297,0.05283992497347928,NaN
190.0,0.0,0.0,0.42,0.9628688363590852,0.0,true,missing,missing,0.5028737400667578,0.5028737400667578,1.37349616631893,1.3734961663189291,2.4832356337650676,0.0,0.0,-21.991595624951717,21.991595624951717,-15.995356175626535,6.227472759424721,-4339.535158849573,4339.535158849573,-3156.315334558876,-95.3645952207397,0.15924952120781607,0.15924952120781613,0.08339428153787702,0.15924952120781607,0.15924952120781613,0.08339428153787702,4.865443741045379,4.865443741045379,6.209409173119262,4.865443741043586,4.865443741043586,6.209409173119262,0.20553109916037016,0.20553109916037016,0.1610459179158354,0.20553109916044587,0.20553109916044587,0.1610459179158354,2.427969999976469,0.01968319006193798,NaN,0.3898804689754691,NaN,0.02044223399769216,0.05243205449970454,NaN
190.0,0.0,0.0,0.44,0.9628688363590852,0.0,true,missing,missing,0.5015881895709403,0.5015881895709403,1.3800144322101584,1.3800144322101586,2.486823955544986,0.0,0.0,-21.986290280992893,21.986290280992893,-16.04347472553902,6.171988677009795,-4338.488271346195,4338.488271346195,-3165.8104227143335,-95.40205983874948,0.15726293111906092,0.15726293111906092,0.0824183097918392,0.15726293111906092,0.15726293111906092,0.0824183097918392,4.9553527675132605,4.9553527675132605,6.305399605611114,4.955352767507793,4.955352767507793,6.305399605611114,0.20180197998331995,0.20180197998331995,0.15859423074631301,0.2018019799835426,0.2018019799835426,0.15859423074631301,2.425985076939416,0.019695839157613186,NaN,0.3930637601420159,NaN,0.02045537088113626,0.052040846690485115,NaN
190.0,0.0,0.0,0.46,0.9628688363590852,0.0,true,missing,missing,0.5003239358517048,0.5003239358517048,1.3863251299233168,1.3863251299233168,2.4903100928063675,0.0,0.0,-21.98112171609894,21.98112171609894,-16.090378200246615,6.117908580494836,-4337.46837404267,4337.46837404267,-3175.065743748651,-95.43858821934703,0.1553354701389575,0.1553354701389575,0.08146959560594044,0.1553354701389575,0.1553354701389575,0.08146959560594044,5.043303480320014,5.043303480320014,6.401191532644834,5.043303480319979,5.043303480319979,6.401191532644834,0.19828273351032738,0.19828273351032738,0.15622091526244672,0.19828273351032877,0.19828273351032877,0.15622091526244672,2.4234394098266994,0.019702007241360116,NaN,0.3961222005757209,NaN,0.020461776825034347,0.05165521345507867,NaN
190.0,0.0,0.0,0.48,0.9628688363590852,0.0,true,missing,missing,0.49908021366728295,0.49908021366728295,1.3924387759303753,1.3924387759303753,2.493698672406728,0.0,0.0,-21.97608439926616,21.97608439926616,-16.136118500462917,6.065172823420085,-4336.474375522739,4336.474375522739,-3184.0915390729233,-95.47422143974208,0.1534643412977061,0.1534643412977061,0.08054692651312878,0.1534643412977061,0.1534643412977061,0.08054692651312878,5.1320857279389,5.1320857279389,6.499774892652645,5.132085727938902,5.132085727938902,6.499774892652645,0.19485255177169664,0.19485255177169664,0.15385148201523124,0.19485255177169658,0.19485255177169658,0.15385148201523124,2.4216294541022525,0.01971256935576017,NaN,0.3992680051508775,NaN,0.020472746246830147,0.05127569948684918,NaN
190.0,0.0,0.0,0.5,0.9628688363590852,0.0,true,missing,missing,0.49785629785904506,0.49785629785904506,1.3983651613807182,1.3983651613807189,2.4969940369137906,0.0,0.0,-21.971173103995696,21.971173103995696,-16.180744464308713,6.013725256269009,-4335.505244457166,4335.505244457166,-3192.897445766054,-95.5089980768928,0.151646927483116,0.15164692748311595,0.07964916344868411,0.151646927483116,0.15164692748311595,0.07964916344868411,5.221417676882999,5.221417676882999,6.598926374561536,5.221417676883086,5.221417676883086,6.598926374561536,0.1915188674576527,0.1915188674576527,0.1515398025737853,0.1915188674576495,0.1915188674576495,0.1515398025737853,2.4202157692597126,0.019725707582191266,NaN,0.4024486763403031,NaN,0.02048639112340625,0.0509043570715669,NaN
200.0,0.0,0.0,-0.5,1.013546143535879,0.0,true,missing,missing,0.6517561450872578,0.6517561450872578,0.14256890255877086,0.14256890255877103,1.9338943987313235,0.0,0.0,-23.435202441572606,23.435202441572606,-6.737332758570783,16.474701018297274,-4624.39773285823,4624.39773285823,-1329.4575291987749,-73.00603221081815,0.5687935872523298,0.5687935872523298,0.30650792037042124,0.5687935872523298,0.5687935872523298,0.30650792037042124,0.6237601469390919,0.6237601469390919,1.1947031374153771,0.6237601469390893,0.6237601469390893,1.1947031374153771,1.6031803328686318,1.6031803328686318,0.8370280186619429,1.6031803328686383,1.6031803328686383,0.8370280186619429,2.491642203953112,0.016095431978129817,NaN,0.1512405112047753,NaN,0.015880314952389778,0.10500040515525823,NaN
200.0,0.0,0.0,-0.48,1.013546143535879,0.0,true,missing,missing,0.6495242381258431,0.6495242381258431,0.15203777710034233,0.1520377771003426,1.9455926237250727,0.0,0.0,-23.380590060855333,23.380590060855333,-6.9771283251969045,16.184227862022105,-4613.621236678835,4613.621236678835,-1376.7756642744143,-73.07801055403635,0.5563135474562655,0.5563135474562655,0.29806332872101815,0.5563135474562655,0.5563135474562655,0.29806332872101815,0.6100666691555385,0.6100666691555385,1.2071908217753884,0.610066669155531,0.610066669155531,1.2071908217753884,1.639165111879021,1.639165111879021,0.8283694524195624,1.6391651118790411,1.6391651118790411,0.8283694524195624,2.332051064985047,0.015174569210047248,NaN,0.1440940577991636,NaN,0.014971759605447185,0.10390268574651862,NaN
200.0,0.0,0.0,-0.46,1.013546143535879,0.0,true,missing,missing,0.647368182996319,0.647368182996319,0.16219662539502563,0.16219662539502563,1.956622202599545,0.0,0.0,-23.329080812020685,23.329080812020685,-7.205294448613369,15.908290378529314,-4603.457072143622,4603.457072143622,-1421.7989964377591,-73.14779041590319,0.5444599627127508,0.5444599627127508,0.290158494309126,0.5444599627127508,0.5444599627127508,0.290158494309126,0.5910501129046404,0.5910501129046404,1.2109139801602076,0.5910501129046445,0.5910501129046445,1.2109139801602076,1.6919039150261346,1.6919039150261346,0.825822491427258,1.691903915026123,1.691903915026123,0.825822491427258,2.1690437454941627,0.014197980807947623,NaN,0.1363467534149126,NaN,0.014008223403047285,0.10273969164795067,NaN
200.0,0.0,0.0,-0.44,1.013546143535879,0.0,true,missing,missing,0.6452812512920076,0.6452812512920076,0.17312138492122695,0.17312138492122686,1.967069077356479,0.0,0.0,-23.280410033816157,23.280410033816157,-7.422909926051037,15.64556306478983,-4593.853014446804,4593.853014446804,-1464.7404014888384,-73.21564168619169,0.5331697507388591,0.5331697507388591,0.2827369112475029,0.5331697507388591,0.5331697507388591,0.2827369112475029,0.5654008162665487,0.5654008162665487,1.2141882840443836,0.5654008162665473,0.5654008162665473,1.2141882840443836,1.7686568028026455,1.7686568028026455,0.8235954943240466,1.76865680280265,1.76865680280265,0.8235954943240466,2.0053669059091876,0.013157788896008719,NaN,0.1281747993092204,NaN,0.01298193375795025,0.10128304337447384,NaN
200.0,0.0,0.0,-0.42,1.013546143535879,0.0,true,missing,missing,0.643257036174948,0.643257036174948,0.18489762851779093,0.1848976285177908,1.9770120022783668,0.0,0.0,-23.234343982662683,23.234343982662683,-7.630964046565007,15.394839234120498,-4584.7629396737375,4584.7629396737375,-1505.7950928496377,-73.28183732949549,0.5223850222693283,0.5223850222693283,0.27574892998284034,0.5223850222693283,0.5223850222693283,0.27574892998284034,0.5384212450115452,0.5384212450115452,1.2171559231580196,0.5384212450115459,0.5384212450115459,1.2171559231580196,1.8572818388296644,1.8572818388296644,0.8215874243995057,1.8572818388296621,1.8572818388296621,0.8215874243995057,1.8530005352867942,0.012163462764146567,NaN,0.12036504617598597,NaN,0.012000896892284398,0.09970416888917953,NaN
200.0,0.0,0.0,-0.4,1.013546143535879,0.0,true,missing,missing,0.6412893408340308,0.6412893408340308,0.1976215510199909,0.19762155101999102,1.9865245609105588,0.0,0.0,-23.190675585894663,23.190675585894663,-7.830374200131454,15.15500945243295,-4576.145986800595,4576.145986800595,-1545.144096314005,-73.34665799892885,0.5120519905208616,0.5120519905208616,0.2691505535218663,0.5120519905208616,0.5120519905208616,0.2691505535218663,0.5124985142867075,0.5124985142867075,1.2193766553747498,0.512498514286711,0.512498514286711,1.2193766553747498,1.951225168704722,1.951225168704722,0.8200911470563383,1.9512251687047082,1.9512251687047082,0.8200911470563383,1.7153673457770438,0.011254167871595831,NaN,0.11318814093525113,NaN,0.011103754815083503,0.09809998400305352,NaN
200.0,0.0,0.0,-0.38,1.013546143535879,0.0,true,missing,missing,0.6393720692937042,0.6393720692937042,0.21140076535082322,0.2114007653508233,1.9956769881664742,0.0,0.0,-23.149220914594594,23.149220914594594,-8.02200167614066,14.925042470864513,-4567.965861689478,4567.965861689478,-1582.957367516575,-73.41039697976255,0.5021199996752569,0.5021199996752569,0.2629024391428983,0.5021199996752569,0.5021199996752569,0.2629024391428983,0.506743659695556,0.506743659695556,1.22042020302521,0.5067436596955551,0.5067436596955551,1.22042020302521,1.9733843351898768,1.9733843351898768,0.8193899097386076,1.97338433518988,1.97338433518988,0.8193899097386076,1.6284480617374588,0.010765893379908359,NaN,0.1091084373740568,NaN,0.010622006159828333,0.09735274755528645,NaN
200.0,0.0,0.0,-0.36,1.013546143535879,0.0,true,missing,missing,0.6374991187653913,0.6374991187653913,0.22635465933888865,0.2263546593388887,2.0045378447134055,0.0,0.0,-23.109816241308966,23.109816241308966,-8.206665934322153,14.703968242625205,-4560.190256496376,4560.190256496376,-1619.3966079713352,-73.47336534823732,0.4925406596480601,0.49254065964806004,0.25696906348438636,0.4925406596480601,0.49254065964806004,0.25696906348438636,0.5112610595619267,0.5112610595619267,1.2206714295817531,0.5112610595619362,0.5112610595619362,1.2206714295817531,1.9559479082112152,1.9559479082112152,0.8192212709874244,1.9559479082111788,1.9559479082111788,0.8192212709874244,1.5673224133834627,0.010484579423356804,NaN,0.10659179804537156,NaN,0.010344451991874858,0.09704735431399392,NaN
200.0,0.0,0.0,-0.34,1.013546143535879,0.0,true,missing,missing,0.6356642753377858,0.6356642753377858,0.2426139095271344,0.24261390952713424,2.0131755522010146,0.0,0.0,-23.07231557485085,23.07231557485085,-8.38515734210292,14.49086292362575,-4552.790363221208,4552.790363221208,-1654.617778496059,-73.5358970334311,0.48326709530477213,0.48326709530477213,0.2513180234154378,0.48326709530477213,0.48326709530477213,0.2513180234154378,0.49972438052474816,0.49972438052474816,1.2288644450105795,0.4997243805247336,0.4997243805247336,1.2288644450105795,2.001103085964957,2.001103085964957,0.8137594053275672,2.001103085965015,2.001103085965015,0.8137594053275672,1.4849792098956833,0.009955542953231056,NaN,0.10247693444636681,NaN,0.009822486146017915,0.09585070239546142,NaN
200.0,0.0,0.0,-0.32,1.013546143535879,0.0,true,missing,missing,0.6338611191391914,0.6338611191391914,0.2603185303024981,0.26031853030249785,2.0216597422910585,0.0,0.0,-23.036588583644516,23.036588583644516,-8.558247957622468,14.284836184677882,-4545.740463927685,4545.740463927685,-1688.7732269921087,-73.5983531317367,0.47425334801647306,0.47425334801647306,0.24591945966291764,0.47425334801647306,0.47425334801647306,0.24591945966291764,0.4518769769800613,0.4518769769800613,1.2430352890768668,0.4518769769800623,0.4518769769800623,1.2430352890768668,2.2129917011552553,2.2129917011552553,0.8044823898303357,2.2129917011552505,2.2129917011552505,0.8044823898303357,1.3476664207339533,0.008868144534407096,NaN,0.09434244840549724,NaN,0.008749620913626582,0.09274320373814625,NaN
200.0,0.0,0.0,-0.3,1.013546143535879,0.0,true,missing,missing,0.6320829520250087,0.6320829520250087,0.2796135620784464,0.27961356207844623,2.030062289682801,0.0,0.0,-23.002518831799858,23.002518831799858,-8.726699334894754,14.085021770298658,-4539.017582673201,4539.017582673201,-1722.0132286134701,-73.66112428855018,0.46545400955363037,0.46545400955363037,0.24074560655629693,0.46545400955363037,0.46545400955363037,0.24074560655629693,0.40417297156021154,0.40417297156021154,1.26627283762213,0.40417297156019283,0.40417297156019283,1.26627283762213,2.474188207439362,2.474188207439362,0.789719221868369,2.4741882074394765,2.4741882074394765,0.789719221868369,1.2244875490598133,0.007856126927675634,NaN,0.08693543886754314,NaN,0.0077511290213868106,0.08915960076070487,NaN
200.0,0.0,0.0,-0.28,1.013546143535879,0.0,true,missing,missing,0.6303227709736998,0.6303227709736998,0.3006412247818675,0.3006412247818674,2.038457782016112,0.0,0.0,-22.97000225902553,22.97000225902553,-8.891265505087858,13.890573057505094,-4532.601185554687,4532.601185554687,-1754.486574053668,-73.72462920202565,0.4568242233932484,0.45682422339324846,0.23577049036771872,0.4568242233932484,0.45682422339324846,0.23577049036771872,0.4715850352902154,0.4715850352902154,1.3011506663117083,0.4715850352902293,0.4715850352902293,1.3011506663117083,2.1205083392533775,2.1205083392533775,0.7685505037127164,2.120508339253315,2.120508339253315,0.7685505037127164,1.30093937814416,0.008679666882431455,NaN,0.0936562784529081,NaN,0.008563662283940406,0.09143714041815525,NaN
200.0,0.0,0.0,-0.26,1.013546143535879,0.0,true,missing,missing,0.6285733231183455,0.6285733231183455,0.32352823491691973,0.3235282349169192,2.0469230342866744,0.0,0.0,-22.938945837367722,22.938945837367722,-9.052688330144472,13.700666314785977,-4526.472915646922,4526.472915646922,-1786.3396526897268,-73.78930640152699,0.44832024784643637,0.44832024784643637,0.23096981902067348,0.44832024784643637,0.44832024784643637,0.23096981902067348,0.542414994992499,0.542414994992499,1.351985260688273,0.5424149949924381,0.5424149949924381,1.351985260688273,1.843606849426847,1.843606849426847,0.7396530340063892,1.8436068494270539,1.8436068494270539,0.7396530340063892,1.3826170461300586,0.009512145907890185,NaN,0.10091604410786331,NaN,0.009385015145640933,0.0929982464989396,NaN
200.0,0.0,0.0,-0.24,1.013546143535879,0.0,true,missing,missing,0.6268272899037456,0.6268272899037456,0.3483673142894934,0.3483673142894931,2.055535125014001,0.0,0.0,-22.909266336300583,22.909266336300583,-9.211681690815384,13.514515084334995,-4520.6163493215645,4520.6163493215645,-1817.7133324545662,-73.85559575357144,0.4399008101870453,0.4399008101870453,0.22632112044516015,0.4399008101870453,0.4399008101870453,0.22632112044516015,0.5734021283782302,0.5734021283782302,1.3776852915750757,0.5734021283780116,0.5734021283780116,1.3776852915750757,1.7439767843700351,1.7439767843700351,0.7258551761532731,1.7439767843707,1.7439767843707,0.7258551761532731,1.3880548190899094,0.009683607511145472,NaN,0.10270844424886821,NaN,0.009554185147765477,0.0930223918552905,NaN
200.0,0.0,0.0,-0.22,1.013546143535879,0.0,true,missing,missing,0.6250776486736018,0.6250776486736018,0.37519316344926046,0.3751931634492602,2.0643674236120897,0.0,0.0,-22.8808891268461,22.8808891268461,-9.368901276603804,13.331398808448998,-4515.016760267733,4515.016760267733,-1848.7369985779337,-73.92390643507049,0.4315294315781492,0.4315294315781492,0.22180417989552934,0.4315294315781492,0.4315294315781492,0.22180417989552934,0.06508774272674595,0.06508774272674595,1.36941366887902,0.06508774272969413,0.06508774272969413,1.36941366887902,15.363875871348641,15.363875871348641,0.7302395344268645,15.363875870652725,15.363875870652725,0.7302395344268645,0.6004441028946766,0.0022922499782439395,NaN,0.04503984251931126,NaN,0.0022616138326442114,0.05021362656129455,NaN
200.0,0.0,0.0,-0.2,1.013546143535879,0.0,true,missing,missing,0.6233182341914573,0.6233182341914573,0.40395571239989314,0.4039557123998926,2.0734833713479563,0.0,0.0,-22.853746962480123,22.853746962480123,-9.524899335165733,13.150706272548266,-4509.660878931874,4509.660878931874,-1879.5196244222216,-73.99457058813097,0.4231776860717424,0.42317768607174244,0.21740177479806236,0.4231776860717424,0.42317768607174244,0.21740177479806236,0.7258736754238807,0.7258736754238807,0.9802671660137849,0.7258736754228412,0.7258736754228412,0.9802671660137849,1.377650180544212,1.377650180544212,1.0201300570603193,1.377650180546185,1.377650180546185,1.0201300570603193,1.360631978345755,0.010737451337018677,NaN,0.10346455545022981,NaN,0.010593944247629192,0.10239201436210937,NaN
200.0,0.0,0.0,-0.18,1.013546143535879,0.0,true,missing,missing,0.6215444555189218,0.6215444555189218,0.43449699940075664,0.4344969994007565,2.082928535007588,0.0,0.0,-22.827778699295177,22.827778699295177,-9.680069572314983,12.97198870602261,-4504.536639971357,4504.536639971357,-1910.138898766835,-74.06778746886998,0.4148289245999231,0.4148289245999231,0.21310059263324416,0.4148289245999231,0.4148289245999231,0.21310059263324416,0.7551205169567563,0.7551205169567563,0.6374935538133691,0.7551205169982873,0.7551205169982873,0.6374935538133691,1.3242919210169828,1.3242919210169828,1.5686433125765493,1.324291920944148,1.324291920944148,1.5686433125765493,1.2337169946569906,0.010441271421969935,NaN,0.09510623410304102,NaN,0.010301722806170708,0.10831806035984459,NaN
200.0,0.0,0.0,-0.16,1.013546143535879,0.0,true,missing,missing,0.61975402208969,0.61975402208969,0.46654086458448496,0.4665408645844854,2.092722592575293,0.0,0.0,-22.80292796654496,22.80292796654496,-9.834595470196541,12.795009461638138,-4499.6329199170295,4499.6329199170295,-1940.6310275894016,-74.14357069423706,0.4064814502463605,0.40648145024636045,0.20889206549322337,0.4064814502463605,0.40648145024636045,0.20889206549322337,1.0328305759826473,1.0328305759826473,1.4846177866851873,1.0328305759808059,1.0328305759808059,1.4846177866851873,0.9682130092329888,0.9682130092329888,0.6735740397080732,0.9682130092347151,0.9682130092347151,0.6735740397080732,1.8319079574944201,0.014373783392045288,NaN,0.14317363054609902,NaN,0.01418167636837983,0.09905229276010862,NaN
200.0,0.0,0.0,-0.14,1.013546143535879,0.0,true,missing,missing,0.6179474464434488,0.6179474464434488,0.4997038585883675,0.49970385858836774,2.102853869712044,0.0,0.0,-22.77914186374495,22.77914186374495,-9.988421154895331,12.619771473085216,-4494.939280076019,4494.939280076019,-1970.9849854589763,-74.22171693221681,0.3981498134611163,0.3981498134611163,0.20477275261350433,0.3981498134611163,0.3981498134611163,0.20477275261350433,1.1183176940481785,1.1183176940481785,1.6723113212273941,1.1183176940498918,1.1183176940498918,1.6723113212273941,0.894200284339701,0.894200284339701,0.5979747833471876,0.8942002843383311,0.8942002843383311,0.5979747833471876,1.935488205030559,0.015101925967419926,NaN,0.15336951300255053,NaN,0.014900087246876614,0.09715155871055564,NaN
200.0,0.0,0.0,-0.12,1.013546143535879,0.0,true,missing,missing,0.6161280993717938,0.6161280993717938,0.5335294641221385,0.5335294641221386,2.1132789306544773,0.0,0.0,-22.756369814201708,22.756369814201708,-10.141261313908748,12.446506338905913,-4490.445740302132,4490.445740302132,-2001.1444725209496,-74.3018120404511,0.38986322424576786,0.38986322424576786,0.20074396821471815,0.38986322424576786,0.38986322424576786,0.20074396821471815,1.185241483114915,1.185241483114915,1.7812588842944443,1.1852414831162499,1.1852414831162499,1.7812588842944443,0.8437099226158667,0.8437099226158667,0.5614007086881699,0.8437099226149164,0.8437099226149164,0.5614007086881699,1.983549514834056,0.015475201960013441,NaN,0.15936596670776423,NaN,0.01526837436924807,0.09580699496051313,NaN
200.0,0.0,0.0,-0.1,1.013546143535879,0.0,true,missing,missing,0.6143017358120229,0.6143017358120229,0.5675381210733966,0.5675381210733967,2.1239281014687057,0.0,0.0,-22.73456271111658,22.73456271111658,-10.292653387399485,12.275621986298505,-4486.142610499072,4486.142610499072,-2031.0182132393716,-74.38327809530531,0.38166111712614165,0.38166111712614165,0.1968106193879287,0.38166111712614165,0.38166111712614165,0.1968106193879287,1.2479527161969282,1.2479527161969282,1.8710130015901842,1.247952716196269,1.247952716196269,1.8710130015901842,0.801312411136416,0.801312411136416,0.5344698295255536,0.8013124111368394,0.8013124111368394,0.5344698295255536,2.016146137669169,0.015740767258444595,NaN,0.16423983566123984,NaN,0.015530390361440292,0.09455921761559229,NaN
200.0,0.0,0.0,-0.08,1.013546143535879,0.0,true,missing,missing,0.6124756201653139,0.6124756201653139,0.6012786925870174,0.6012786925870167,2.134715431966705,0.0,0.0,-22.713672436442135,22.713672436442135,-10.442038031627458,12.107622808374158,-4482.020395677837,4482.020395677837,-2060.495834003006,-74.46544827136736,0.3735870932863522,0.3735870932863523,0.19297954931034994,0.3735870932863522,0.3735870932863523,0.19297954931034994,1.2995443809236995,1.2995443809236995,1.9541466012536595,1.299544380924195,1.299544380924195,1.9541466012536595,0.7695004608378305,0.7695004608378305,0.5117323333666276,0.7695004608375371,0.7695004608375371,0.5117323333666276,2.0307318841685063,0.015844773667405308,NaN,0.16772341823895967,NaN,0.015633006714552616,0.09320706004381504,NaN
200.0,0.0,0.0,-0.06,1.013546143535879,0.0,true,missing,missing,0.6106575224914788,0.6106575224914788,0.6343676474596489,0.6343676474596487,2.1455500147570805,0.0,0.0,-22.69365174016441,22.69365174016441,-10.588843919417119,11.943025877951836,-4478.069772135848,4478.069772135848,-2089.464596545481,-74.54764685535001,0.3656830134227363,0.3656830134227363,0.18925785756291108,0.3656830134227363,0.3656830134227363,0.18925785756291108,1.3524160886954593,1.3524160886954593,2.0332608798308027,1.3524160886959136,1.3524160886959136,2.0332608798308027,0.7394174088572106,0.7394174088572106,0.491820803675333,0.7394174088569622,0.7394174088569622,0.491820803675333,2.043416371586038,0.015938447842242503,NaN,0.17109703960019157,NaN,0.015725428924863043,0.0919094156252452,NaN
200.0,0.0,0.0,-0.04,1.013546143535879,0.0,true,missing,missing,0.6088548513440557,0.6088548513440557,0.6665092020121681,0.6665092020121683,2.1563456754746837,0.0,0.0,-22.674454387630508,22.674454387630508,-10.732555740802583,11.782294001107003,-4474.2816165286595,4474.2816165286595,-2117.822816307259,-74.62925410245128,0.35798464291594295,0.35798464291594295,0.18565159652203073,0.35798464291594295,0.35798464291594295,0.18565159652203073,1.42082597621623,1.42082597621623,2.110421879888123,1.4208259762154167,1.4208259762154167,2.110421879888123,0.7038159610954451,0.7038159610954451,0.4738389084807118,0.703815961095848,0.703815961095848,0.4738389084807118,2.0700723302933692,0.016172298842650933,NaN,0.17569348805070353,NaN,0.01595615448373362,0.09081813253732443,NaN
200.0,0.0,0.0,-0.02,1.013546143535879,0.0,true,missing,missing,0.6070740720253175,0.6070740720253175,0.6974975977849015,0.6974975977849012,2.167027389895623,0.0,0.0,-22.656035449129774,22.656035449129774,-10.872755360640905,11.625795395344767,-4470.647063012136,4470.647063012136,-2145.487983943183,-74.70974606060781,0.350519373526409,0.35051937352640905,0.18216501718803685,0.350519373526409,0.35051937352640905,0.18216501718803685,1.4442616948358051,1.4442616948358051,2.1862645940394136,1.4442616948354179,1.4442616948354179,2.1862645940394136,0.6923952934400076,0.6923952934400076,0.4574011776645788,0.6923952934401932,0.6923952934401932,0.4574011776645788,2.048108722410785,0.0159363662117394,NaN,0.17616934177517818,NaN,0.015723375115555615,0.08925148358459156,NaN
200.0,0.0,0.0,0.0,1.013546143535879,0.0,true,missing,missing,0.6053204265570565,0.6053204265570565,0.7272073008777149,0.7272073008777156,2.177534282435052,0.0,0.0,-22.63835161928712,22.63835161928712,-11.009137155043891,11.473788873265603,-4467.157566267378,4467.157566267378,-2172.3997916142575,-74.78871001129903,0.3433057728883574,0.3433057728883574,0.17880032346805086,0.3433057728883574,0.3433057728883574,0.17880032346805086,1.526182016663115,1.526182016663115,2.2617409079738486,1.5261820166608842,1.5261820166608842,2.2617409079738486,0.6552298409244964,0.6552298409244964,0.4421372918862917,0.6552298409254542,0.6552298409254542,0.4421372918862917,2.08438570115524,0.016268668484730645,NaN,0.18166498653395513,NaN,0.01605123613610271,0.08835624542928948,NaN
200.0,0.0,0.0,0.02,1.013546143535879,0.0,true,missing,missing,0.6035978893388717,0.6035978893388718,0.7555775534449662,0.7555775534449658,2.187819979950321,0.0,0.0,-22.621361491717426,22.621361491717426,-11.14150463882988,11.326427441022732,-4463.804955697439,4463.804955697439,-2198.519467492893,-74.8658420545033,0.33635434903491157,0.33635434903491157,0.17555778256827761,0.33635434903491157,0.33635434903491157,0.17555778256827761,1.568835368275596,1.568835368275596,2.337337780802688,1.5688353682769405,1.5688353682769405,2.337337780802688,0.6374155123103592,0.6374155123103592,0.42783717792666676,0.6374155123098129,0.6374155123098129,0.4278371779266667,2.080486454807728,0.01621151465386061,NaN,0.18368426104708868,NaN,0.01599484617178333,0.08707793515135706,NaN
200.0,0.0,0.0,0.04,1.013546143535879,0.0,true,missing,missing,0.6019092690116706,0.6019092690116706,0.7825960671006431,0.7825960671006426,2.1978513456339908,0.0,0.0,-22.605025753897674,22.605025753897674,-11.26975655799416,11.183772212243884,-4460.581473880861,4460.581473880861,-2223.8270314320853,-74.94093448388077,0.3296689125327187,0.3296689125327187,0.1724360263474455,0.3296689125327187,0.3296689125327187,0.1724360263474455,1.6190436860266633,1.6190436860266633,2.4125305036896565,1.6190436860259971,1.6190436860259971,2.4125305036896565,0.6176485592270371,0.6176485592270371,0.4145025310439093,0.6176485592272912,0.6176485592272912,0.4145025310439093,2.083335254761555,0.016222182509622724,NaN,0.18628198207405725,NaN,0.016005371450607733,0.08592012642556447,NaN
200.0,0.0,0.0,0.06,1.013546143535879,0.0,true,missing,missing,0.600256379869723,0.600256379869723,0.8082845277161625,0.8082845277161632,2.207606461590598,0.0,0.0,-22.58930729610628,22.58930729610628,-11.393868909512605,11.04581025540389,-4457.479798068341,4457.479798068341,-2248.317746987563,-75.01385905839952,0.32324808687799844,0.3232480868779984,0.16943241738277068,0.32324808687799844,0.3232480868779984,0.16943241738277068,1.6746391700734824,1.6746391700734824,2.487184915012339,1.674639170072157,1.674639170072157,2.487184915012339,0.5971435625479371,0.5971435625479371,0.4020609782425602,0.5971435625484097,0.5971435625484097,0.4020609782425602,2.0904449576633723,0.0162766148698012,NaN,0.1892522965113106,NaN,0.016059076316958052,0.08485538412474845,NaN
200.0,0.0,0.0,0.08,1.013546143535879,0.0,true,missing,missing,0.5986402309849908,0.5986402309849908,0.8326869332634047,0.8326869332634048,2.2170724417196315,0.0,0.0,-22.574171244442653,22.574171244442653,-11.513876952164264,10.912472375153248,-4454.493046698379,4454.493046698379,-2271.9985716677293,-75.08455004962596,0.3170867086671078,0.3170867086671078,0.16654340304171628,0.3170867086671078,0.3170867086671078,0.16654340304171628,1.7223842743450999,1.7223842743450999,2.5607732187718155,1.7223842743438402,1.7223842743438402,2.5607732187718155,0.5805905307514659,0.5805905307514659,0.39050705180352313,0.5805905307518905,0.5805905307518905,0.39050705180352313,2.089857745316413,0.016259509256489085,NaN,0.19151093111354284,NaN,0.016042199321844204,0.0837664943121869,NaN
200.0,0.0,0.0,0.1,1.013546143535879,0.0,true,missing,missing,0.5970612039985937,0.5970612039985937,0.8558608124848432,0.8558608124848424,2.2262433964555703,0.0,0.0,-22.559584934319844,22.559584934319844,-11.629859270107808,10.783648809596727,-4451.614774166667,4451.614774166667,-2294.885012247322,-75.15298906498522,0.3111770044706191,0.31117700447061913,0.16376482069405118,0.3111770044706191,0.31117700447061913,0.16376482069405118,1.7633009096193546,1.7633009096193546,2.633861035110115,1.7633009096187273,1.7633009096187273,2.633861035110115,0.5671181784939197,0.5671181784939197,0.37967075205172796,0.5671181784941214,0.5671181784941214,0.37967075205172796,2.0832720226076664,0.016186367204650123,NaN,0.19318804417607643,NaN,0.015970034820695988,0.08266575133469697,NaN
200.0,0.0,0.0,0.12,1.013546143535879,0.0,true,missing,missing,0.5955192066086685,0.5955192066086685,0.877870926559575,0.8778709265595759,2.2351186891698496,0.0,0.0,-22.54551784135159,22.54551784135159,-11.741924630838058,10.659202128502884,-4448.838957188235,4448.838957188235,-2316.9985314876585,-75.21919239786187,0.30550952011937127,0.3055095201193712,0.16109214269839242,0.30550952011937127,0.3055095201193712,0.16109214269839242,1.8292784037383027,1.8292784037383027,2.7058245939892758,1.8292784037382757,1.8292784037382757,2.7058245939892758,0.5466636450506417,0.5466636450506417,0.36957310618781497,0.5466636450506498,0.5466636450506498,0.36957310618781497,2.0973645075397798,0.016316515908397684,NaN,0.19676561925131264,NaN,0.01609844407426339,0.08181533001302511,NaN
200.0,0.0,0.0,0.14,1.013546143535879,0.0,true,missing,missing,0.5940137983733629,0.5940137983733629,0.8987849281752296,0.8987849281752298,2.2437015166982377,0.0,0.0,-22.531941484316388,22.531941484316388,-11.850201646433693,10.53897733813889,-4446.159975649647,4446.159975649647,-2338.364508021869,-75.28320095472488,0.30007382284995004,0.30007382284995,0.1585206634467162,0.30007382284995004,0.30007382284995,0.1585206634467162,1.8773401417093658,1.8773401417093658,2.7774727779563784,1.877340141706219,1.877340141706219,2.7774727779563784,0.5326685227587339,0.5326685227587339,0.3600395323174993,0.5326685227596267,0.5326685227596267,0.3600395323174993,2.0962286322816515,0.016300536264324317,NaN,0.19890247080195647,NaN,0.01608267799969907,0.08085710516744811,NaN
200.0,0.0,0.0,0.16,1.013546143535879,0.0,true,missing,missing,0.5925442903659149,0.5925442903659149,0.9186704802857049,0.9186704802857047,2.2519977922170344,0.0,0.0,-22.518829311767345,22.518829311767345,-11.954830909971063,10.422809527884432,-4443.57259023406,4443.57259023406,-2359.010684657174,-75.34507248123259,0.2948590139284964,0.2948590139284964,0.1560456366388371,0.2948590139284964,0.2948590139284964,0.1560456366388371,1.837015743705342,1.837015743705342,2.847623760921432,1.8370157437053525,1.8370157437053525,2.847623760921432,0.544361148469504,0.544361148469504,0.35116998731476406,0.5443611484695009,0.5443611484695009,0.35116998731476406,2.0258088410408126,0.015616603764884935,NaN,0.19436303000847419,NaN,0.015407886325140079,0.07927375038590569,NaN
200.0,0.0,0.0,0.18,1.013546143535879,0.0,true,missing,missing,0.5911098222681391,0.591109822268139,0.9375934228890525,0.9375934228890528,2.260015286785201,8.326672684688674e-17,1.734723475976807e-16,-22.50615658083271,22.50615658083271,-12.055959170493407,10.310529497830771,-4441.071918505307,4441.071918505307,-2378.966018939153,-75.40487569787643,0.2898540918095125,0.2898540918095124,0.15366237249283068,0.28985409180951244,0.2898540918095124,0.15366237249283066,1.9718067446355203,1.9718067446355203,2.916942126147431,1.9718067446361254,1.9718067446361254,2.916942126147431,0.5071490919282993,0.5071490919282993,0.34282476537193285,0.5071490919281436,0.5071490919281436,0.34282476537193285,2.092090038182323,0.0162583603729736,NaN,0.20290810851396884,NaN,0.016041065793269492,0.07905581452978344,NaN
200.0,0.0,0.0,0.2,1.013546143535879,0.0,true,missing,missing,0.589709420977365,0.589709420977365,0.9556166712768277,0.9556166712768295,2.2677629813629703,0.0,0.0,-22.493900234205135,22.493900234205135,-12.153735116651644,10.201967797421208,-4438.653410634552,4438.653410634552,-2398.2598511503106,-75.46268595485543,0.28504820168756884,0.2850482016875686,0.15136630402409787,0.28504820168756884,0.2850482016875686,0.15136630402409787,2.0214078036484078,2.0214078036484078,2.9855656707209226,2.0214078036478207,2.0214078036478207,2.9855656707209226,0.4947047291472386,0.4947047291472386,0.33494490166700325,0.4947047291473822,0.4947047291473822,0.33494490166700325,2.091755985806728,0.016256476621429757,NaN,0.20503456071832232,NaN,0.01603920721824964,0.07822684703523908,NaN
200.0,0.0,0.0,0.22,1.013546143535879,0.0,true,missing,missing,0.5883420445445539,0.5883420445445539,0.9727996129446094,0.9727996129446086,2.275250584788025,0.0,0.0,-22.482038779335657,22.482038779335657,-12.248306394366393,10.096957548738375,-4436.312825562007,4436.312825562007,-2416.921315814332,-75.51858206257927,0.28043080091495026,0.2804308009149504,0.1491530301349432,0.28043080091495026,0.2804308009149504,0.1491530301349432,1.8535451815178081,1.8535451815178081,3.0519687787018457,1.8535451815182724,1.8535451815182724,3.0519687787018457,0.539506676163746,0.539506676163746,0.3276573492423962,0.5395066761636109,0.5395066761636109,0.3276573492423962,1.9335413147478058,0.014729679690042708,NaN,0.19149741943694748,NaN,0.014532816077476678,0.07589040165766703,NaN
200.0,0.0,0.0,0.24,1.013546143535879,0.0,true,missing,missing,0.5870066147140818,0.5870066147140818,0.9891978369003958,0.9891978369003962,2.282488179916471,0.0,0.0,-22.470552172378575,22.470552172378575,-12.339817552451294,9.99533635891996,-4434.046208096124,4434.046208096124,-2434.978936312132,-75.57264401501499,0.27599176334066866,0.27599176334066866,0.14701834170705455,0.27599176334066866,0.27599176334066866,0.14701834170705455,2.124565320772813,2.124565320772813,3.1196290622359912,2.124565320772787,2.124565320772787,3.1196290622359912,0.4706845161325748,0.4706845161325748,0.32055093091203957,0.4706845161325805,0.4706845161325805,0.32055093091203957,2.0935009036324064,0.016281325598732906,NaN,0.20944776928533682,NaN,0.016063724086535933,0.07669560836741045,NaN
200.0,0.0,0.0,0.26,1.013546143535879,0.0,true,missing,missing,0.5857020407308364,0.5857020407308364,1.0048630790792688,1.0048630790792688,2.2894859673408154,0.0,0.0,-22.459421708384674,22.459421708384674,-12.42840867565063,9.896947560512277,-4431.849867245757,4431.849867245757,-2452.4603551433015,-75.62495138219161,0.27172144005017596,0.27172144005017596,0.14495823547449432,0.27172144005017596,0.27172144005017596,0.14495823547449432,2.1689410955369586,2.1689410955369586,3.186811778759357,2.168941095536922,2.168941095536922,3.186811778759357,0.46105447587198434,0.46105447587198434,0.3137932420939229,0.4610544758719921,0.4610544758719921,0.3137932420939229,2.0894730853485215,0.016246455042379183,NaN,0.21112298237138158,NaN,0.016029319578585194,0.07592408651365291,NaN
200.0,0.0,0.0,0.28,1.013546143535879,0.0,true,missing,missing,0.5844272365227611,0.5844272365227611,1.0198433038198336,1.0198433038198318,2.296254082641374,0.0,0.0,-22.44862991851211,22.44862991851211,-12.514214520638278,9.801640962508541,-4429.720355937093,4429.720355937093,-2469.392163435385,-75.6755821992617,0.2676106894818614,0.2676106894818616,0.1429689192757934,0.2676106894818614,0.2676106894818616,0.1429689192757934,1.930216934906229,1.930216934906229,3.2544669452670703,1.93021693490621,1.93021693490621,3.2544669452670703,0.5180764824491505,0.5180764824491505,0.30726998209469825,0.5180764824491556,0.5180764824491556,0.30726998209469825,1.8945368185807574,0.014363405191836199,NaN,0.19328771843688172,NaN,0.0141714368738336,0.07331783409953849,NaN
200.0,0.0,0.0,0.3,1.013546143535879,0.0,true,missing,missing,0.5831811328944961,0.5831811328944961,1.0341828670643705,1.0341828670643696,2.3028024686218758,0.0,0.0,-22.438160474533237,22.438160474533237,-12.597364015848983,9.709273249615887,-4427.654452170274,4427.654452170274,-2485.7998022470974,-75.724612221072,0.2636508864104458,0.2636508864104458,0.14104681134988514,0.2636508864104458,0.2636508864104458,0.14104681134988514,1.9199211895048303,1.9199211895048303,3.3224637716967815,1.9199211895040016,1.9199211895040016,3.3224637716967815,0.5208547129259569,0.5208547129259569,0.3009814609624171,0.5208547129261817,0.5208547129261817,0.3009814609624171,1.8592302062224806,0.014025016350295653,NaN,0.19149015157195565,NaN,0.013837570632322351,0.0722625707835562,NaN
200.0,0.0,0.0,0.32,1.013546143535879,0.0,true,missing,missing,0.5819626859856175,0.5819626859856176,1.0479227248962641,1.0479227248962635,2.3091407883931465,-8.326672684688674e-17,-1.734723475976807e-16,-22.42799810059445,22.42799810059445,-12.677980021391699,9.619708132072436,-4425.649141607239,4425.649141607239,-2501.707515192751,-75.7721144438073,0.2598339166594579,0.2598339166594579,0.1391885356236582,0.2598339166594579,0.25983391665945793,0.13918853562365824,1.965558502515748,1.965558502515748,3.390721168197794,1.9655585025165694,1.9655585025165694,3.390721168197794,0.5087612496499518,0.5087612496499518,0.2949225106974842,0.5087612496497392,0.5087612496497392,0.2949225106974842,1.8617396773127581,0.014052373428455934,NaN,0.19353390474557688,NaN,0.013864562080452026,0.07163893116649832,NaN
200.0,0.0,0.0,0.34,1.013546143535879,0.0,true,missing,missing,0.5807708829463355,0.5807708829463355,1.061100663424086,1.0611006634240856,2.3152783686197314,0.0,0.0,-22.41812849198489,22.41812849198489,-12.756179272323324,9.532816321469767,-4423.701601542584,4423.701601542584,-2517.1383372486307,-75.81815882031172,0.25615216245791467,0.2561521624579147,0.13739091439949466,0.25615216245791467,0.2561521624579147,0.13739091439949466,1.8910854036596028,1.8910854036596028,3.459728945016121,1.8910854036624896,1.8910854036624896,3.459728945016121,0.5287968476012842,0.5287968476012842,0.2890399843145343,0.528796847600477,0.528796847600477,0.2890399843145343,1.788308101359205,0.01334375574885068,NaN,0.1875949395281629,NaN,0.013165415145579229,0.07018001220444839,NaN
200.0,0.0,0.0,0.36,1.013546143535879,0.0,true,missing,missing,0.5796047455511008,0.5796047455511008,1.0737515345049355,1.0737515345049355,2.3212241648977368,0.0,0.0,-22.408538240549966,22.408538240549966,-12.832072448921076,9.448475387830122,-4421.809186185654,4421.809186185654,-2532.1141086196294,-75.86281211464411,0.25259848193055784,0.25259848193055784,0.13565095945080827,0.25259848193055784,0.25259848193055784,0.13565095945080827,0.15592672550142692,0.15592672550142692,3.529090983331692,0.15592672550142678,0.15592672550142678,3.529090983331692,6.413268775985736,6.413268775985736,0.28335908728993286,6.413268775985741,6.413268775985741,0.28335908728993286,0.6878651583862669,0.0026918709352551544,NaN,0.07280170928658553,NaN,0.0026558938164021177,0.03648120136777467,NaN
200.0,0.0,0.0,0.38,1.013546143535879,0.0,true,missing,missing,0.5784633322931125,0.5784633322931125,1.0859074875576207,1.085907487557621,2.3269867432498748,0.0,0.0,-22.399214766322768,22.399214766322768,-12.905764332781585,9.366569538138762,-4419.969413169563,4419.969413169563,-2546.6555055418107,-75.90613785563927,0.2491661851757834,0.2491661851757834,0.1339658622394547,0.2491661851757834,0.2491661851757834,0.1339658622394547,1.5163124371677086,1.5163124371677086,3.59903455433342,1.5163124371685273,1.5163124371685273,3.59903455433342,0.659494689542929,0.659494689542929,0.277852292025357,0.659494689542573,0.659494689542573,0.277852292025357,1.5134379129198197,0.010685263919806632,NaN,0.16157867688457433,NaN,0.010542454320362554,0.06524656918619084,NaN
200.0,0.0,0.0,0.4,1.013546143535879,0.0,true,missing,missing,0.577345739367652,0.577345739367652,1.0975981915929256,1.0975981915929254,2.33257427324817,0.0,0.0,-22.39014625491955,22.39014625491955,-12.977354018848963,9.286989345381865,-4418.179951197643,4418.179951197643,-2560.7820821212704,-75.94819635985355,0.24584900863810294,0.24584900863810294,0.13233298375414052,0.24584900863810294,0.24584900863810294,0.13233298375414052,2.300897239592913,2.300897239592913,3.6693611114369795,2.300897239593845,2.300897239593845,3.6693611114369795,0.4346130643265604,0.4346130643265604,0.2725270066451389,0.43461306432638436,0.43461306432638436,0.2725270066451389,1.9636986638673664,0.015045761193803249,NaN,0.21144620617486262,NaN,0.014844673120963473,0.07020543612254346,NaN
200.0,0.0,0.0,0.42,1.013546143535879,0.0,true,missing,missing,0.5762511008504861,0.5762511008504861,1.1088510441711215,1.1088510441711206,2.337994529420705,0.0,0.0,-22.38132160024415,22.38132160024415,-13.046935161788587,9.209631448935733,-4416.438608737474,4416.438608737474,-2574.5123189503274,-75.9890448021491,0.24264108894568553,0.2426410889456856,0.13074984431335104,0.24264108894568553,0.2426410889456856,0.13074984431335104,2.4985832651179205,2.4985832651179205,3.7395528513147487,2.498583265116849,2.498583265116849,3.7395528513147487,0.40022680611078415,0.40022680611078415,0.2674116504727085,0.40022680611095585,0.40022680611095585,0.2674116504727085,2.0536654307149584,0.015918147803999538,NaN,0.22299105475629868,NaN,0.0157054001986206,0.07043062877918864,NaN
200.0,0.0,0.0,0.44,1.013546143535879,0.0,true,missing,missing,0.5751785883005988,0.5751785883005988,1.1196913656972263,1.1196913656972254,2.343254898458678,0.0,0.0,-22.37273035205849,22.37273035205849,-13.114596241251995,9.134398241118424,-4414.74332367513,4414.74332367513,-2587.863675451446,-76.02873731801233,0.23953693700008807,0.23953693700008816,0.1292141135639615,0.23953693700008807,0.23953693700008816,0.1292141135639615,2.6340362032244395,2.6340362032244395,3.8106044699335944,2.6340362032232707,2.6340362032232707,3.8106044699335944,0.3796455032682755,0.3796455032682755,0.2624255568611734,0.379645503268444,0.379645503268444,0.2624255568611734,2.10480604473888,0.016413788052147726,NaN,0.23042634984580723,NaN,0.016194416166279542,0.07028022696673468,NaN
200.0,0.0,0.0,0.46,1.013546143535879,0.0,true,missing,missing,0.5741274099587055,0.5741274099587055,1.1301425785632273,1.130142578563227,2.348362390383676,0.0,0.0,-22.36436266799885,22.36436266799885,-13.180420835072308,9.06119755030318,-4413.092153846701,4413.092153846701,-2600.852643786065,-76.06732512602603,0.23653141283276402,0.23653141283276402,0.12772360082616957,0.23653141283276402,0.23653141283276402,0.12772360082616957,2.7492396786140505,2.7492396786140505,3.8831571568757415,2.7492396786128306,2.7492396786128306,3.8831571568757415,0.3637369298060331,0.3637369298060331,0.25752241271753384,0.36373692980619454,0.36373692980619454,0.25752241271753384,2.1430148941857095,0.01678275765626459,NaN,0.23650459912045574,NaN,0.016558454455478364,0.07001324505763572,NaN
200.0,0.0,0.0,0.48,1.013546143535879,0.0,true,missing,missing,0.573096809669456,0.573096809669456,1.1402263713385585,1.1402263713385583,2.353323652316886,0.0,0.0,-22.35620926964473,22.35620926964473,-13.244487892723283,8.989942327770196,-4411.483268369484,4411.483268369484,-2613.4948028154445,-76.10485666211211,0.23361970155025022,0.23361970155025027,0.12627624587796188,0.23361970155025022,0.23361970155025027,0.12627624587796188,2.834599594370683,2.834599594370683,3.954766700177605,2.834599594373131,2.834599594373131,3.954766700177605,0.35278351199440305,0.35278351199440305,0.25285941644929166,0.3527835119940984,0.3527835119940984,0.25285941644929166,2.16332014298471,0.01697934925054964,NaN,0.24063782214732907,NaN,0.01675241858383982,0.06961673121186765,NaN
200.0,0.0,0.0,0.5,1.013546143535879,0.0,true,missing,missing,0.5720860656224108,0.5720860656224108,1.1499628486288767,1.149962848628876,2.3581449838522133,0.0,0.0,-22.34826140227569,22.34826140227569,-13.306872003780468,8.920550343128172,-4409.914939700931,4409.914939700931,-2625.804871075297,-76.14137771952228,0.2307972905546988,0.23079729055469886,0.1248701102317289,0.2307972905546988,0.23079729055469886,0.1248701102317289,2.9126094025755807,2.9126094025755807,4.0246888840185955,2.912609402576832,2.912609402576832,4.0246888840185955,0.3433347427621821,0.3433347427621821,0.24846641040276235,0.34333474276203463,0.34333474276203463,0.24846641040276235,2.1787876183714485,0.017130770056005648,NaN,0.2442436323505364,NaN,0.016901815635391667,0.06920063983954482,NaN
250.0,0.0,0.0,-0.5,1.266932679419849,0.0,true,missing,missing,0.7860427620877342,0.7860427620877342,0.04490701429966139,0.0449070142996614,1.211620217796723,0.0,0.0,-30.3741790500058,30.3741790500058,20.030709541367578,39.78497785253647,-5993.645034066585,5993.645034066585,3952.599429067533,-27.59341959031795,1.2584864063669963,1.2584864063669963,1.0534879698337518,1.2584864063669963,1.2584864063669963,1.0534879698337518,0.7831706269989749,0.7831706269989749,0.7716420922955799,0.7831706269989753,0.7831706269989753,0.7716420922955799,1.2768609617445585,1.2768609617445585,1.2959375985115997,1.2768609617445579,1.2768609617445579,1.2959375985115997,6.504519663128819,0.033981898068741294,NaN,0.16349185079951292,NaN,0.02682218133666124,0.16405821577953017,NaN
250.0,0.0,0.0,-0.48,1.266932679419849,0.0,true,missing,missing,0.7847072413120884,0.7847072413120884,0.04620918848693384,0.046209188486933866,1.234185029760639,0.0,0.0,-30.212929833972233,30.212929833972233,19.493235734703433,39.233470235716865,-5961.826213174814,5961.826213174814,3846.5413457544037,-27.61427273878922,1.234868894048068,1.234868894048068,1.0274964226156087,1.234868894048068,1.234868894048068,1.0274964226156087,0.7739447700805533,0.7739447700805533,0.7652348604744809,0.773944770080553,0.773944770080553,0.7652348604744809,1.2920818625028225,1.2920818625028225,1.3067883491088657,1.292081862502823,1.292081862502823,1.3067883491088657,6.141306959505709,0.032416571650426614,NaN,0.1565323414576482,NaN,0.025586656794795708,0.16345923504708132,NaN
250.0,0.0,0.0,-0.46,1.266932679419849,0.0,true,missing,missing,0.7834173495887106,0.7834173495887106,0.047521528506988535,0.04752152850698848,1.2558576588755794,0.0,0.0,-30.059989349727687,30.059989349727687,18.978621363424487,38.70656390014963,-5931.646929237924,5931.646929237924,3744.994045799485,-27.635928074759256,1.2124203757708443,1.2124203757708443,1.0029045409123307,1.2124203757708443,1.2124203757708443,1.0029045409123307,0.7653552164569243,0.7653552164569243,0.7600889386081185,0.7653552164569242,0.7653552164569242,0.7600889386081185,1.3065828500252759,1.3065828500252759,1.3156355121167909,1.306582850025276,1.306582850025276,1.3156355121167909,5.814464497231493,0.030991230536438624,NaN,0.15021908202006573,NaN,0.024461623762542822,0.16283965681054638,NaN
250.0,0.0,0.0,-0.44,1.266932679419849,0.0,true,missing,missing,0.7821706129032375,0.7821706129032375,0.04884462473145961,0.048844624731459625,1.2766753063097562,0.0,0.0,-29.914698853179253,29.914698853179253,18.485456148944706,38.2026257498443,-5902.977194273205,5902.977194273205,3647.6792431878716,-27.65816593025444,1.1910512329997425,1.1910512329997425,0.9796078507809763,1.1910512329997425,1.1910512329997425,0.9796078507809763,0.7574808956866109,0.7574808956866109,0.7552968731076859,0.7574808956866108,0.7574808956866108,0.7552968731076859,1.3201653080551425,1.3201653080551425,1.3239827087930043,1.3201653080551428,1.3201653080551428,1.3239827087930043,5.518344241025972,0.02968998217522451,NaN,0.14444934432415193,NaN,0.023434538123067502,0.16223360675476078,NaN
250.0,0.0,0.0,-0.42,1.266932679419849,0.0,true,missing,missing,0.7809647333087459,0.7809647333087459,0.05017903757781332,0.05017903757781334,1.2966749594957607,0.0,0.0,-29.776468581061927,29.776468581061927,18.01243759374031,37.72016220837055,-5875.700632076422,5875.700632076422,3554.339920016217,-27.68080512558881,1.170680969460965,1.170680969460965,0.9575114494948852,1.170680969460965,1.170680969460965,0.9575114494948852,0.750174180329789,0.750174180329789,0.7510146156767266,0.7501741803297897,0.7501741803297897,0.7510146156767266,1.3330237513111733,1.3330237513111733,1.3315320089994747,1.3330237513111722,1.3330237513111722,1.3315320089994747,5.2491287308861905,0.028496481928942642,NaN,0.1391597602865384,NaN,0.022492498924245673,0.1616307679600213,NaN
250.0,0.0,0.0,-0.4,1.266932679419849,0.0,true,missing,missing,0.7797975730041201,0.7797975730041201,0.051525303507810837,0.05152530350781078,1.3158930778561149,0.0,0.0,-29.64476887964684,29.64476887964684,17.558361387335076,37.25780464404554,-5849.712727676601,5849.712727676601,3464.7384333347854,-27.703696363314183,1.1512370629306723,1.1512370629306723,0.9365289588567012,1.1512370629306723,1.1512370629306723,0.9365289588567012,0.743207453806436,0.743207453806436,0.7468723489605423,0.7432074538064359,0.7432074538064359,0.7468723489605423,1.3455193363284594,1.3455193363284594,1.3389168863886143,1.3455193363284597,1.3455193363284597,1.3389168863886143,5.002134093555595,0.027391461512153086,NaN,0.1342573493351285,NaN,0.021620297555743944,0.16103623125893923,NaN
250.0,0.0,0.0,-0.38,1.266932679419849,0.0,true,missing,missing,0.7786671403377361,0.7786671403377361,0.05288394005771591,0.05288394005771598,1.334365341277622,0.0,0.0,-29.519122676967307,29.519122676967307,17.122112810012716,36.81429664308436,-5824.9193419031235,5824.9193419031235,3378.654818867968,-27.72671679932471,1.132653988250229,1.132653988250229,0.916581619568895,1.132653988250229,1.132653988250229,0.916581619568895,0.7367451387800139,0.7367451387800139,0.7415061183708105,0.7367451387800136,0.7367451387800136,0.7415061183708105,1.3573214770794597,1.3573214770794597,1.348606539076354,1.3573214770794604,1.3573214770794604,1.348606539076354,4.773341777057063,0.026366064359543702,NaN,0.1296600020186382,NaN,0.020810943460403273,0.16050395755363145,NaN
250.0,0.0,0.0,-0.36,1.266932679419849,0.0,true,missing,missing,0.7775715774160135,0.7775715774160135,0.05425545005913978,0.054255450059139794,1.3521264548144318,0.0,0.0,-29.399099065375758,29.399099065375758,16.702659004587822,36.388482844308975,-5801.23544505106,5801.23544505106,3295.8852660261846,-27.74976556991887,1.1148723821825355,1.1148723821825355,0.8975975021531666,1.1148723821825355,1.1148723821825355,0.8975975021531666,0.730744483780369,0.730744483780369,0.7324779545991932,0.7307444837803695,0.7307444837803695,0.7324779545991932,1.3684673948227268,1.3684673948227268,1.365228801387194,1.368467394822726,1.368467394822726,1.365228801387194,4.556504886858301,0.025401872589615387,NaN,0.12521832543427738,NaN,0.020049899258457328,0.1601195287424667,NaN
250.0,0.0,0.0,-0.34,1.266932679419849,0.0,true,missing,missing,0.7765091490630032,0.7765091490630032,0.05564032518567837,0.055640325185678345,1.369210002565636,0.0,0.0,-29.28430780675346,29.28430780675346,16.29904200873495,35.9792991024289,-5778.584032610807,5778.584032610807,3216.2407429964182,-27.772760098009403,1.0978383264002258,1.0978383264002258,0.879510815277114,1.0978383264002258,1.0978383264002258,0.879510815277114,0.7251780434516063,0.7251780434516063,0.712005776815678,0.7251780434516072,0.7251780434516072,0.712005776815678,1.3789717008533968,1.3789717008533968,1.4044829867425037,1.378971700853395,1.378971700853395,1.4044829867425037,4.337347446072398,0.024461878390585785,NaN,0.12055119344388762,NaN,0.019307954390905217,0.16016394229968695,NaN
250.0,0.0,0.0,-0.32,1.266932679419849,0.0,true,missing,missing,0.7754782329286524,0.7754782329286524,0.05703904893958035,0.05703904893958041,1.3856483436730782,0.0,0.0,-29.17439460835844,29.17439460835844,15.910372457961387,35.58576378893703,-5756.895193065411,5756.895193065411,3139.5457541688465,-27.79563303637222,1.0815027293605879,1.0815027293605879,0.862261296363233,1.0815027293605879,1.0815027293605879,0.862261296363233,0.720040419439087,0.720040419439087,0.6490746316499322,0.7200404194390858,0.7200404194390858,0.6490746316499322,1.3888109236687047,1.3888109236687047,1.5406548819478956,1.388810923668707,1.388810923668707,1.5406548819478956,4.066113657250767,0.023424622141212437,NaN,0.11426236855185468,NaN,0.018489239816545728,0.16181390295751588,NaN
250.0,0.0,0.0,-0.3,1.266932679419849,0.0,true,missing,missing,0.7744773105836075,0.7744773105836075,0.0584520991744211,0.0584520991744211,1.4014725437332634,0.0,0.0,-29.069037045454785,29.069037045454785,15.535823883293055,35.206970072927,-5736.10530331533,5736.10530331533,3065.6372149164204,-27.818329733185518,1.06582079135639,1.06582079135639,0.8457936723790266,1.06582079135639,1.06582079135639,0.8457936723790266,0.7152629987249411,0.7152629987249411,0.36785576045272456,0.7152629987249421,0.7152629987249421,0.36785576045272456,1.3980871396712027,1.3980871396712027,2.718456817882335,1.3980871396712007,1.3980871396712007,2.718456817882335,3.473688980852852,0.02164014679660294,NaN,0.09866480908915261,NaN,0.017080739291145564,0.17311886019777897,NaN
250.0,0.0,0.0,-0.28,1.266932679419849,0.0,true,missing,missing,0.7735049594689233,0.7735049594689233,0.05987995023405003,0.05987995023405001,1.4167123354738573,0.0,0.0,-28.96794102924342,28.96794102924342,15.174627538861671,34.842079050576515,-5716.156331705872,5716.156331705872,2994.363430938257,-27.840806126850502,1.0507515398463971,1.0507515398463971,0.8300571809997215,1.0507515398463971,1.0507515398463971,0.8300571809997215,0.7108062589426031,0.7108062589426031,0.11818906607657667,0.7108062589426045,0.7108062589426045,0.11818906607657667,1.4068531156261934,1.4068531156261934,8.461019561251828,1.4068531156261905,1.4068531156261905,8.461019561251828,2.970399350500408,0.020082935879164814,NaN,0.08525321770232475,NaN,0.015851620378409648,0.18593574302096277,NaN
250.0,0.0,0.0,-0.26,1.266932679419849,0.0,true,missing,missing,0.7725598455933914,0.7725598455933914,0.06132307477460247,0.0613230747746025,1.4313961032058669,0.0,0.0,-28.870837736509927,28.870837736509927,14.826067703564625,34.49031361325697,-5696.995232163875,5696.995232163875,2925.5831711503697,-27.86302699443587,1.0362574244257516,1.0362574244257516,0.8150051440916157,1.0362574244257516,1.0362574244257516,0.8150051440916157,0.7067230778248296,0.7067230778248296,0.5798922618954881,0.7067230778248299,0.7067230778248299,0.5798922618954881,1.4149813857470535,1.4149813857470535,1.7244582583863246,1.4149813857470528,1.4149813857470528,1.7244582583863246,3.53817147149109,0.021127823833879407,NaN,0.1025844969449953,NaN,0.0166763587182503,0.16256217279295118,NaN
250.0,0.0,0.0,-0.24,1.266932679419849,0.0,true,missing,missing,0.771640716889491,0.771640716889491,0.06278194532499529,0.06278194532499529,1.4455508862569235,0.0,0.0,-28.777480931805943,28.777480931805943,14.48947740822786,34.150952961325864,-5678.573415791845,5678.573415791845,2859.1648245396213,-27.884964492039906,1.022303962614024,1.022303962614024,0.8005945868237627,1.022303962614024,1.022303962614024,0.8005945868237627,0.7029685556170938,0.7029685556170938,0.6941046958328844,0.702968555617094,0.702968555617094,0.6941046958328844,1.4225387352100838,1.4225387352100838,1.4407048475591415,1.4225387352100831,1.4225387352100831,1.4407048475591415,3.5796723839540916,0.020929184703448282,NaN,0.10481910674668084,NaN,0.016519571279061274,0.15760076375182788,NaN
250.0,0.0,0.0,-0.22,1.266932679419849,0.0,true,missing,missing,0.7707463971535453,0.7707463971535453,0.06425703563172364,0.06425703563172364,1.4592023972707737,0.0,0.0,-28.68764462463012,28.68764462463012,14.164234545692214,33.82332768458145,-5660.846288566553,5660.846288566553,2794.9856325788105,-27.906596936603382,1.00885942911201,1.00885942911201,0.7867858967825813,1.00885942911201,1.00885942911201,0.7867858967825813,0.6995545045999948,0.6995545045999948,0.7313358157606663,0.6995545045999936,0.6995545045999936,0.7313358157606663,1.4294811818441508,1.4294811818441508,1.367360901038184,1.4294811818441533,1.4294811818441533,1.367360901038184,3.5141467891090183,0.02049114453982447,NaN,0.10389713341868966,NaN,0.01617382270793404,0.15567150099085017,NaN
250.0,0.0,0.0,-0.2,1.266932679419849,0.0,true,missing,missing,0.769875780507105,0.769875780507105,0.06574882182576038,0.06574882182576025,1.4723750518944123,0.0,0.0,-28.601121013552355,28.601121013552355,13.849758326233552,33.50681534177879,-5643.772845659273,5643.772845659273,2732.930989785425,-27.927907787805925,0.9958945823782753,0.9958945823782753,0.7735425183121797,0.9958945823782753,0.9958945823782753,0.7735425183121797,0.6964168856024812,0.6964168856024812,0.7488925466292307,0.6964168856024835,0.6964168856024835,0.7488925466292307,1.4359215301548645,1.4359215301548645,1.3353050507726447,1.4359215301548598,1.4359215301548598,1.3353050507726447,3.4271182105740734,0.020017278849301136,NaN,0.10228122773282149,NaN,0.015799796764629517,0.1544740624926958,NaN
250.0,0.0,0.0,-0.18,1.266932679419849,0.0,true,missing,missing,0.769027826325794,0.769027826325794,0.06725778344265111,0.06725778344265113,1.485092006951065,0.0,0.0,-28.517718676972844,28.517718676972844,13.545506044950276,33.20083648105487,-5627.315314423734,5627.315314423734,2672.8938058399845,-27.948884796060888,0.98338242335876,0.98338242335876,0.7608306779872528,0.98338242335876,0.98338242335876,0.7608306779872528,0.6936191886144294,0.6936191886144294,0.7586463730583064,0.6936191886144288,0.6936191886144288,0.7586463730583064,1.4417132865046534,1.4417132865046534,1.3181371921264615,1.4417132865046545,1.4417132865046545,1.3181371921264615,3.336033904987691,0.019549678764637753,NaN,0.10048041731994631,NaN,0.015430716313663878,0.15356938919282073,NaN
250.0,0.0,0.0,-0.16,1.266932679419849,0.0,true,missing,missing,0.7682015545889729,0.7682015545889729,0.0687844043213724,0.06878440432137234,1.4973752047082542,0.0,0.0,-28.43726097657148,28.43726097657148,13.25097013134561,32.9048510509705,-5611.4388393536055,5611.4388393536055,2614.7739233890206,-27.969519288639216,0.9712979820104392,0.9712979820104392,0.7486191376841704,0.9712979820104392,0.9712979820104392,0.7486191376841704,0.6909506378498074,0.6909506378498074,0.7662404561177474,0.6909506378498068,0.6909506378498068,0.7662404561177474,1.4472813906242763,1.4472813906242763,1.3050733513427684,1.4472813906242776,1.4472813906242776,1.3050733513427684,3.2476428842639047,0.01910035602289388,NaN,0.09869799681612959,NaN,0.015076062314250408,0.15274942552619894,NaN
250.0,0.0,0.0,-0.14,1.266932679419849,0.0,true,missing,missing,0.7673960416095663,0.7673960416095663,0.07032917340292187,0.07032917340292195,1.5092454212939266,0.0,0.0,-28.359584644754392,28.359584644754392,12.965675454454455,32.61835515848594,-5596.111203347591,5596.111203347591,2558.477586273895,-27.98980557085556,0.9596181279274224,0.9596181279274224,0.7368789721788781,0.9596181279274224,0.9596181279274224,0.7368789721788781,0.6885855658201158,0.6885855658201158,0.7720755585594707,0.6885855658201165,0.6885855658201165,0.7720755585594707,1.4522523410855772,1.4522523410855772,1.2952100204619712,1.4522523410855757,1.4522523410855757,1.2952100204619712,3.1628161055850486,0.01867346252508354,NaN,0.0969643040005411,NaN,0.014739111894749177,0.1520055452021491,NaN
250.0,0.0,0.0,-0.12,1.266932679419849,0.0,true,missing,missing,0.7666104161085474,0.7666104161085474,0.07189258544579216,0.07189258544579218,1.5207223176932456,0.0,0.0,-28.28453853175651,28.28453853175651,12.689176859604629,32.34087813578519,-5581.302580478961,5581.302580478961,2503.916953467336,-28.009740423253884,0.9483214019319535,0.9483214019319535,0.7255833685883721,0.9483214019319535,0.9483214019319535,0.7255833685883721,0.686361841033432,0.686361841033432,0.776968424068719,0.6863618410334321,0.6863618410334321,0.776968424068719,1.456957453366483,1.456957453366483,1.2870535906251384,1.4569574533664829,1.4569574533664829,1.2870535906251384,3.0817572947447833,0.018266185418414044,NaN,0.0952898459282965,NaN,0.014417644848168614,0.15130305551147152,NaN
250.0,0.0,0.0,-0.1,1.266932679419849,0.0,true,missing,missing,0.7658438556022676,0.7658438556022676,0.07347514167238617,0.07347514167238624,1.5318244920800892,0.0,0.0,-28.211982491678942,28.211982491678942,12.421056915278694,32.07197988259662,-5566.985316180673,5566.985316180673,2451.0096544684834,-28.02932267902265,0.9373878659536987,0.9373878659536987,0.7147074453006895,0.9373878659536987,0.9373878659536987,0.7147074453006895,0.684483042665045,0.684483042665045,0.7812688381275169,0.6844830426650458,0.6844830426650458,0.7812688381275169,1.4609565725784601,1.4609565725784601,1.2799691363560852,1.4609565725784583,1.4609565725784583,1.2799691363560852,3.0052290043159218,0.017882922733135135,NaN,0.09370263436547814,NaN,0.014115132574624283,0.15063752124160737,NaN
250.0,0.0,0.0,-0.08,1.266932679419849,0.0,true,missing,missing,0.7650955830745624,0.7650955830745624,0.07507735035782935,0.07507735035782938,1.5425695325053663,0.0,0.0,-28.141786389765336,28.141786389765336,12.160923850687325,31.811248454738724,-5553.133731354211,5553.133731354211,2399.6783823304704,-28.048552868559902,0.9267989689069644,0.9267989689069644,0.7042280883194816,0.9267989689069644,0.9267989689069644,0.7042280883194816,0.6827696027544116,0.6827696027544116,0.7852752575631706,0.6827696027544118,0.6827696027544118,0.7852752575631706,1.4646229064179568,1.4646229064179568,1.2734388233536775,1.4646229064179561,1.4646229064179561,1.2734388233536775,2.9327062562863455,0.01751899811332974,NaN,0.0921908569686921,NaN,0.013827883989346616,0.1499919237548963,NaN
250.0,0.0,0.0,-0.06,1.266932679419849,0.0,true,missing,missing,0.7643648639085677,0.7643648639085677,0.07669972737048625,0.07669972737048619,1.5529740691864624,0.0,0.0,-28.073829215754806,28.073829215754806,11.908409666563777,31.558297873117585,-5539.723947410196,5539.723947410196,2349.850520869201,-28.067432920321718,0.9165374265995269,0.9165374265995269,0.6941238031912499,0.9165374265995269,0.9165374265995269,0.6941238031912499,0.6812760072991191,0.6812760072991191,0.7891056246061134,0.6812760072991194,0.6812760072991194,0.7891056246061134,1.467833872448326,1.467833872448326,1.267257473293459,1.4678338724483253,1.4678338724483253,1.267257473293459,2.8641998611535877,0.017174741448132136,NaN,0.09075900964840722,NaN,0.013556159476442549,0.14936433891200412,NaN
250.0,0.0,0.0,-0.04,1.266932679419849,0.0,true,missing,missing,0.7636510030553718,0.7636510030553718,0.07834279667177832,0.07834279667177842,1.5630538258248683,0.0,0.0,-28.00799829028486,28.00799829028486,11.663168403362853,31.312766130410218,-5526.7337296702735,5526.7337296702735,2301.457802932281,-28.085965908924607,0.9065871139794462,0.9065871139794462,0.68437458089272,0.9065871139794462,0.9065871139794462,0.68437458089272,0.6799620939028537,0.6799620939028537,0.7928241057710343,0.6799620939028532,0.6799620939028532,0.7928241057710343,1.4706702167178016,1.4706702167178016,1.2613138181860448,1.4706702167178025,1.4706702167178025,1.2613138181860448,2.7993886549641607,0.016848273654111828,NaN,0.08940087385781803,NaN,0.013298475860475042,0.1487510724070188,NaN
250.0,0.0,0.0,-0.02,1.266932679419849,0.0,true,missing,missing,0.7629533424193717,0.7629533424193717,0.08000709078138199,0.08000709078138207,1.5728236695269353,0.0,0.0,-27.944188553115378,27.944188553115378,11.424874552599949,31.074313375311405,-5514.142346914502,5514.142346914502,2254.435996913349,-28.10415584296338,0.8969329682575868,0.8969329682575868,0.6749617762392772,0.8969329682575868,0.8969329682575868,0.6749617762392772,0.6788953395326607,0.6788953395326607,0.7964831472158082,0.6788953395326608,0.6788953395326608,0.7964831472158082,1.4729810940937995,1.4729810940937995,1.2555193458839735,1.4729810940937993,1.4729810940937993,1.2555193458839735,2.738269806203088,0.016540117965456663,NaN,0.08812004220755038,NaN,0.013055246134333417,0.14815297186971624,NaN
250.0,0.0,0.0,0.0,1.266932679419849,0.0,true,missing,missing,0.7622712584417445,0.7622712584417445,0.08169315121271903,0.08169315121271917,1.582297659023008,0.0,0.0,-27.88230192347226,27.88230192347226,11.193221598407948,30.842620256487173,-5501.930445159893,5501.930445159893,2208.724618961902,-28.122007486263694,0.8875609016390208,0.8875609016390208,0.665867997535055,0.8875609016390208,0.8875609016390208,0.665867997535055,0.6778712823743477,0.6778712823743477,0.8016115961686792,0.6778712823743477,0.6778712823743477,0.8016115961686792,1.4752063201399346,1.4752063201399346,1.247486943526669,1.4752063201399346,1.4752063201399346,1.247486943526669,2.6815821765580634,0.016248836780165664,NaN,0.08694404542344428,NaN,0.012825335587370194,0.14751252400215403,NaN
250.0,0.0,0.0,0.02,1.266932679419849,0.0,true,missing,missing,0.7616041598653353,0.7616041598653353,0.08340152888262703,0.08340152888262717,1.5914890909758905,0.0,0.0,-27.822246724101944,27.822246724101944,10.967920677630147,30.61738641037723,-5490.079934010829,5490.079934010829,2164.266668583479,-28.13952620731201,0.8784577225633075,0.8784577225633075,0.6570770063261426,0.8784577225633075,0.8784577225633075,0.6570770063261426,0.6770014182359869,0.6770014182359869,0.8060344347547613,0.6770014182359869,0.6770014182359869,0.8060344347547613,1.47710178009025,1.47710178009025,1.2406417851171003,1.47710178009025,1.47710178009025,1.2406417851171003,2.6271858688751166,0.015970302142479877,NaN,0.08580699324435732,NaN,0.012605485991404817,0.14690511244820662,NaN
250.0,0.0,0.0,0.04,1.266932679419849,0.0,true,missing,missing,0.7609514856659398,0.7609514856659398,0.08513278449823267,0.08513278449823268,1.6004105442456151,0.0,0.0,-27.76393716173546,27.76393716173546,10.748699347884543,30.39832907874444,-5478.573884140605,5478.573884140605,2121.008385545506,-28.156717852461817,0.8696110644960341,0.8696110644960341,0.6485736262424528,0.8696110644960341,0.8696110644960341,0.6485736262424528,0.6762801472153543,0.6762801472153543,0.80976090603432,0.6762801472153546,0.6762801472153546,0.80976090603432,1.4786771489856563,1.4786771489856563,1.234932425791394,1.4786771489856556,1.4786771489856556,1.234932425791394,2.574932897316039,0.015703719633366267,NaN,0.08470639588925698,NaN,0.012395070305201442,0.14632980396670928,NaN
250.0,0.0,0.0,0.06,1.266932679419849,0.0,true,missing,missing,0.7603127031360501,0.7603127031360501,0.08688748892337142,0.08688748892337134,1.6090739220375656,0.0,0.0,-27.707292857599363,27.707292857599363,10.535300454017523,30.18518184338638,-5467.396434648569,5467.396434648569,2078.899026198027,-28.173588639226484,0.86100932143554,0.86100932143554,0.6403436600229824,0.86100932143554,0.86100932143554,0.6403436600229824,0.6756620962979255,0.6756620962979255,0.8135553781021083,0.6756620962979257,0.6756620962979257,0.8135553781021083,1.4800297448668207,1.4800297448668207,1.2291726253876367,1.4800297448668203,1.4800297448668203,1.2291726253876367,2.525296366429999,0.015449368090237132,NaN,0.08366013428483934,NaN,0.012194308617338431,0.14576008897882262,NaN
250.0,0.0,0.0,0.08,1.266932679419849,0.0,true,missing,missing,0.7596873061086586,0.7596873061086586,0.0886662235262491,0.08866622352624916,1.6174904919071655,0.0,0.0,-27.652238422423174,27.652238422423174,10.327481084285786,29.977693466791425,-5456.532709197624,5456.532709197624,2037.890657500232,-28.190145066557466,0.8526415894035727,0.8526415894035727,0.6323738139163393,0.8526415894035727,0.8526415894035727,0.6323738139163393,0.6752363596906558,0.6752363596906558,0.8175683101102736,0.6752363596906559,0.6752363596906559,0.8175683101102736,1.480962903801755,1.480962903801755,1.2231393849709267,1.4809629038017549,1.4809629038017549,1.2231393849709267,2.4784823693428413,0.015208689356542411,NaN,0.08267755396486541,NaN,0.01200433898627253,0.14519465575111093,NaN
250.0,0.0,0.0,0.1,1.266932679419849,0.0,true,missing,missing,0.7590748133096644,0.7590748133096644,0.09046958050953613,0.09046958050953603,1.6256709236301448,0.0,0.0,-27.598703071083953,27.598703071083953,10.12501160840781,29.77562682870105,-5445.968739973203,5445.968739973203,1997.9379672020605,-28.206393839499935,0.8444976132784848,0.8444976132784848,0.6246516287340619,0.8444976132784848,0.8444976132784848,0.6246516287340619,0.6748584194444289,0.6748584194444289,0.8215735670965257,0.6748584194444288,0.6748584194444288,0.8215735670965257,1.4817922858890031,1.4817922858890031,1.2171764526627122,1.4817922858890034,1.4817922858890034,1.2171764526627122,2.4337553640714256,0.014977645397585325,NaN,0.08173649468650321,NaN,0.011821974159229878,0.14463519881263012,NaN
250.0,0.0,0.0,0.12,1.266932679419849,0.0,true,missing,missing,0.7584747668284596,0.7584747668284596,0.09229816322363181,0.0922981632236319,1.6336253249741668,0.0,0.0,-27.546620272629077,27.546620272629077,9.927674790365337,29.57875794959726,-5435.69139862332,5435.69139862332,1958.998088775995,-28.222341806029867,0.8365677384072946,0.8365677384072946,0.6171654169104487,0.8365677384072946,0.8365677384072946,0.6171654169104487,0.6746727653181284,0.6746727653181284,0.8255536433052872,0.6746727653181283,0.6746727653181283,0.8255536433052872,1.482200040383237,1.482200040383237,1.2113083239464344,1.4822000403832372,1.4822000403832372,1.2113083239464344,2.391331457649585,0.014758443424602535,NaN,0.08084624316289606,NaN,0.011648956305524212,0.14408778750612913,NaN
250.0,0.0,0.0,0.14,1.266932679419849,0.0,true,missing,missing,0.7578867306972544,0.7578867306972544,0.09415258646341505,0.09415258646341497,1.641363275427373,0.0,0.0,-27.495927431932593,27.495927431932593,9.735264969501472,29.386875093065633,-5425.688333440785,5425.688333440785,1921.0304398256235,-28.23799590421723,0.8288428665002076,0.8288428665002076,0.6099042049902971,0.8288428665002076,0.8288428665002076,0.6099042049902971,0.6745382187401257,0.6745382187401257,0.8296055277542936,0.6745382187401263,0.6745382187401263,0.8296055277542936,1.4824956870016324,1.4824956870016324,1.2053921611479095,1.482495687001631,1.482495687001631,1.2053921611479095,2.3508215447512395,0.014548047931022386,NaN,0.07999562856909405,NaN,0.011482889475772457,0.1435439621035595,NaN
250.0,0.0,0.0,0.16,1.266932679419849,0.0,true,missing,missing,0.7573102895704451,0.7573102895704451,0.09603347674844574,0.09603347674844576,1.6488938579536416,0.0,0.0,-27.446565599689027,27.446565599689027,9.547587304057625,29.19977793980887,-5415.9479121371505,5415.9479121371505,1883.9965728150678,-28.253363118150823,0.821314415369437,0.821314415369437,0.602857681026031,0.821314415369437,0.821314415369437,0.602857681026031,0.6743307447790363,0.6743307447790363,0.8337837179313985,0.6743307447790369,0.6743307447790369,0.8337837179313985,1.4829518122114964,1.4829518122114964,1.1993517965078293,1.4829518122114953,1.4829518122114953,1.1993517965078293,2.3118677800550382,0.014343822588750887,NaN,0.0791741562151815,NaN,0.011321692795326093,0.1429973281250477,NaN
250.0,0.0,0.0,0.18,1.266932679419849,0.0,true,missing,missing,0.7567450474961043,0.7567450474961043,0.09794147258626197,0.09794147258626201,1.6562256888540006,0.0,0.0,-27.39847920783471,27.39847920783471,9.364457071834536,29.017276826818968,-5406.459169634208,5406.459169634208,1847.8600370705349,-28.268450441299226,0.8139742821248448,0.8139742821248448,0.5960161464192213,0.8139742821248448,0.8139742821248448,0.5960161464192213,0.6745139702665249,0.6745139702665249,0.8380739043388943,0.6745139702665249,0.6745139702665249,0.8380739043388943,1.4825489820542395,1.4825489820542395,1.1932121914580307,1.4825489820542395,1.4825489820542395,1.1932121914580307,2.2754513344569927,0.014153893662037289,NaN,0.07841712191110664,NaN,0.011171780388930064,0.14246608542448616,NaN
250.0,0.0,0.0,0.2,1.266932679419849,0.0,true,missing,missing,0.7561906267723997,0.7561906267723997,0.0998772247180853,0.09987722471808524,1.663366945819852,0.0,0.0,-27.351615827825682,27.351615827825682,9.185699023153326,28.83919204587105,-5397.211760365688,5397.211760365688,1812.5862511020755,-28.2832648461866,0.8068148094831417,0.8068148094831417,0.5893704717892004,0.8068148094831417,0.8068148094831417,0.5893704717892004,0.674672928151921,0.674672928151921,0.8424809156775196,0.6746729281519208,0.6746729281519208,0.8424809156775196,1.4821996826510024,1.4821996826510024,1.1869705074515595,1.482199682651003,1.482199682651003,1.1869705074515595,2.2404873668088445,0.013970122605423714,NaN,0.07768897836129283,NaN,0.011026728438184167,0.14193427009561552,NaN
250.0,0.0,0.0,0.22,1.266932679419849,0.0,true,missing,missing,0.7556466668822573,0.7556466668822573,0.10184139634599668,0.10184139634599663,1.6703253942671774,0.0,0.0,-27.305925949492583,27.305925949492583,9.011146781729728,28.665353196077117,-5388.195914639374,5388.195914639374,1778.142384379905,-28.297813259431766,0.7998287548858557,0.7998287548858557,0.5829120564938436,0.7998287548858557,0.7998287548858557,0.5829120564938436,0.6749849710089997,0.6749849710089997,0.8469707685682363,0.6749849710089993,0.6749849710089993,0.8469707685682363,1.4815144676557055,1.4815144676557055,1.1806782915193783,1.4815144676557062,1.4815144676557062,1.1806782915193783,2.2072691032266856,0.013795287558225799,NaN,0.07700128751697198,NaN,0.010888729750457543,0.1414097101695545,NaN
250.0,0.0,0.0,0.24,1.266932679419849,0.0,true,missing,missing,0.7551128235002971,0.7551128235002971,0.10383466334033059,0.10383466334033059,1.6771084120421147,0.0,0.0,-27.261362778451048,27.261362778451048,8.840642289480794,28.495598585761943,-5379.402398660699,5379.402398660699,1744.4972477797878,-28.312102541341616,0.793009262155121,0.793009262155121,0.5766327914656111,0.793009262155121,0.793009262155121,0.5766327914656111,0.6754540943565648,0.6754540943565648,0.8515501701685689,0.6754540943565657,0.6754540943565657,0.8515501701685689,1.4804855109400092,1.4804855109400092,1.1743289297940538,1.4804855109400072,1.4804855109400072,1.1743289297940538,2.1757186766890637,0.013629060359247654,NaN,0.0763527977887848,NaN,0.010757525305518715,0.14089235256679553,NaN
250.0,0.0,0.0,0.26,1.266932679419849,0.0,true,missing,missing,0.7545887675664069,0.7545887675664069,0.10585771442580703,0.10585771442580696,1.6837230125881797,0.0,0.0,-27.217882050270866,27.217882050270866,8.674035291635434,28.329774679379053,-5370.822477863311,5370.822477863311,1711.6211919814534,-28.32613946937529,0.7863498354458182,0.7863498354458182,0.5705250250595826,0.7863498354458182,0.7863498354458182,0.5705250250595826,0.6757663525591485,0.6757663525591485,0.8562095783066618,0.6757663525591483,0.6757663525591483,0.8562095783066618,1.4798014080058417,1.4798014080058417,1.1679383474986518,1.4798014080058421,1.4798014080058421,1.1679383474986518,2.1450548295341476,0.013465577052442373,NaN,0.0757173275753411,NaN,0.010628486636407943,0.14037059913178088,NaN
250.0,0.0,0.0,0.28,1.266932679419849,0.0,true,missing,missing,0.7540741844209549,0.7540741844209549,0.10791125134462735,0.10791125134462748,1.6901758666637416,0.0,0.0,-27.175441859801445,27.175441859801445,8.511182858855825,28.167735585602554,-5362.447883230379,5362.447883230379,1679.4860131702594,-28.33993072489121,0.7798443152786904,0.7798443152786904,0.5645815316405731,0.7798443152786904,0.7798443152786904,0.5645815316405731,0.6762241227087229,0.6762241227087229,0.8609539650757904,0.676224122708722,0.676224122708722,0.8609539650757904,1.478799655940018,1.478799655940018,1.161502287653637,1.47879965594002,1.47879965594002,1.161502287653637,2.1158845826786017,0.013309875736809558,NaN,0.07511731201282999,NaN,0.01050559035457542,0.13985578121833048,NaN
250.0,0.0,0.0,0.3,1.266932679419849,0.0,true,missing,missing,0.7535687729969323,0.7535687729969323,0.10999598899452183,0.10999598899452181,1.6964733226961626,0.0,0.0,-27.134002504227087,27.134002504227087,8.351948943364032,28.009342583096654,-5354.27078032517,5354.27078032517,1648.064865448995,-28.353482882682556,0.7734868564618701,0.7734868564618701,0.5587954826632685,0.7734868564618701,0.7734868564618701,0.5587954826632685,0.6766741425457227,0.6766741425457227,0.865781474256997,0.6766741425457238,0.6766741425457238,0.865781474256997,1.4778161852585203,1.4778161852585203,1.155025869383712,1.4778161852585179,1.4778161852585179,1.155025869383712,2.087806030899537,0.013159013616108071,NaN,0.07453962993617373,NaN,0.010386513687636361,0.13934216867631422,NaN
250.0,0.0,0.0,0.32,1.266932679419849,0.0,true,missing,missing,0.753072245064789,0.753072245064789,0.11211265553945635,0.11211265553945621,1.7026214258558159,0.0,0.0,-27.093526338575494,27.093526338575494,8.19620396634025,27.85446368079758,-5346.28374077897,5346.28374077897,1617.3321794204246,-28.366802402875784,0.7672719077284671,0.7672719077284671,0.553160420023556,0.7672719077284671,0.7672719077284671,0.553160420023556,0.6772547482407304,0.6772547482407304,0.8707004473289137,0.6772547482407312,0.6772547482407312,0.8707004473289137,1.4765492639182645,1.4765492639182645,1.14850061587512,1.4765492639182627,1.4765492639182627,1.14850061587512,2.061059335170743,0.013015096434987803,NaN,0.07399386176627784,NaN,0.01027291871652379,0.13883474211648186,NaN
250.0,0.0,0.0,0.34,1.266932679419849,0.0,true,missing,missing,0.75258432452599,0.75258432452599,0.11426199249046667,0.11426199249046667,1.70862593592996,0.0,0.0,-27.053977642537237,27.053977642537237,8.043824434096262,27.70297320983575,-5338.479716010984,5338.479716010984,1587.2635864479541,-28.379895624831025,0.761194192935652,0.761194192935652,0.547670231480717,0.761194192935652,0.761194192935652,0.547670231480717,0.6779659140663503,0.6779659140663503,0.8757395083728778,0.6779659140663509,0.6779659140663509,0.8757395083728778,1.4750004082095096,1.4750004082095096,1.1418920700037822,1.4750004082095083,1.4750004082095083,1.1418920700037822,2.0356005105378583,0.012877881821392519,NaN,0.07347949604972842,NaN,0.01016461413505375,0.13833265987799762,NaN
250.0,0.0,0.0,0.36,1.266932679419849,0.0,true,missing,missing,0.7521047467518198,0.7521047467518198,0.11644475475377038,0.11644475475377038,1.7144923440724034,0.0,0.0,-27.01532249757321,27.01532249757321,7.894692580755631,27.554751444500393,-5330.852012978307,5330.852012978307,1557.835848146792,-28.39276876273369,0.7552486936865761,0.7552486936865761,0.5423191279696835,0.7552486936865761,0.7552486936865761,0.5423191279696835,0.6787125835012471,0.6787125835012471,0.8808319691605088,0.6787125835012466,0.6787125835012466,0.8808319691605088,1.4733777217468704,1.4733777217468704,1.1352903107650216,1.4733777217468715,1.4733777217468715,1.1352903107650216,2.0111268637747117,0.01274540933413208,NaN,0.07298657249097085,NaN,0.010060052551465032,0.1378342920913235,NaN
250.0,0.0,0.0,0.38,1.266932679419849,0.0,true,missing,missing,0.7516332579639616,0.7516332579639615,0.11866171064309938,0.11866171064309934,1.7202258885014123,4.440892098500626e-16,9.251858538542972e-16,-26.97752867339129,26.97752867339129,7.748696035355614,27.409684249875582,-5323.394271774721,5323.394271774721,1529.026790694175,-28.405427902616697,0.7494306332502316,0.7494306332502316,0.53710162263963,0.7494306332502314,0.7494306332502314,0.53710162263963,0.6796111375435752,0.6796111375435752,0.8860612009596396,0.6796111375435769,0.6796111375435769,0.8860612009596396,1.4714296820008812,1.4714296820008812,1.128590213539381,1.4714296820008774,1.4714296820008774,1.128590213539381,1.9878832233150636,0.012619507805959138,NaN,0.07252484943616551,NaN,0.009960677477936582,0.13734158092535872,NaN
250.0,0.0,0.0,0.4,1.266932679419849,0.0,true,missing,missing,0.7511696146539649,0.7511696146539649,0.12091364185284148,0.12091364185284151,1.725831569213954,0.0,0.0,-26.94056552296584,26.94056552296584,7.6057275114819305,27.267662754004526,-5316.100444915196,5316.100444915196,1500.8152435859356,-28.417879000584236,0.7437354616670404,0.7437354616670404,0.532012511471014,0.7437354616670404,0.7437354616670404,0.532012511471014,0.680377603258012,0.680377603258012,0.8913506205535145,0.6803776032580092,0.6803776032580092,0.8913506205535145,1.4697720724660321,1.4697720724660321,1.1218929756048366,1.4697720724660381,1.4697720724660381,1.1218929756048366,1.965197533944221,0.012495233583396891,NaN,0.07207062635596123,NaN,0.00986258684961752,0.1368461375776811,NaN
250.0,0.0,0.0,0.42,1.266932679419849,0.0,true,missing,missing,0.750713583038756,0.750713583038756,0.12320134338833696,0.12320134338833695,1.7313141617807235,0.0,0.0,-26.904403885356665,26.904403885356665,7.465684517700517,27.128583042625323,-5308.964778159459,5308.964778159459,1473.1809824968732,-28.430127882045262,0.7381588419388433,0.7381588419388433,0.527046855336961,0.7381588419388433,0.7381588419388433,0.527046855336961,0.6813413060319162,0.6813413060319162,0.8967172963481739,0.6813413060319162,0.6813413060319162,0.8967172963481739,1.46769319744304,1.46769319744304,1.1151786678727382,1.46769319744304,1.46769319744304,1.1151786678727382,1.9436965071693977,0.012377730837211505,NaN,0.07164754989655736,NaN,0.00976984100124364,0.13635973617170513,NaN
250.0,0.0,0.0,0.44,1.266932679419849,0.0,true,missing,missing,0.7502649385495666,0.7502649385495666,0.12552562344937093,0.1255256234493709,1.7366782302823922,0.0,0.0,-26.869015995657172,26.869015995657172,7.328469087197874,26.992345874695317,-5301.981792742329,5301.981792742329,1446.1046759315007,-28.44218024179271,0.7326966372118088,0.7326966372118088,0.5221999633874549,0.7326966372118088,0.7326966372118088,0.5221999633874549,0.6823650774688765,0.6823650774688765,0.9021733369973813,0.682365077468871,0.682365077468871,0.9021733369973813,1.4654911762327274,1.4654911762327274,1.1084344426850454,1.4654911762327394,1.4654911762327394,1.1084344426850454,1.9230714012582952,0.012264616384172786,NaN,0.07124506370011838,NaN,0.009680558867412727,0.13587690661853732,NaN
250.0,0.0,0.0,0.46,1.266932679419849,0.0,true,missing,missing,0.7498234653520784,0.7498234653520784,0.12788730326255562,0.12788730326255576,1.74192813944368,0.0,0.0,-26.83437540146662,26.83437540146662,7.193987525188117,26.85885641708834,-5295.146268891445,5295.146268891445,1419.56783538064,-28.454041644783576,0.7273448988697566,0.7273448988697566,0.5174673776462262,0.7273448988697566,0.7273448988697566,0.5174673776462262,0.6835034878954332,0.6835034878954332,0.9076714894154954,0.683503487895426,0.683503487895426,0.9076714894154954,1.4630503248477738,1.4630503248477738,1.1017201836359987,1.463050324847789,1.463050324847789,1.1017201836359987,1.9033553596238844,0.012156474928735369,NaN,0.07086509306527725,NaN,0.00959520195998262,0.1354009646349299,NaN
250.0,0.0,0.0,0.48,1.266932679419849,0.0,true,missing,missing,0.7493889558954122,0.7493889558954122,0.13028721685806677,0.1302872168580669,1.7470680660183961,0.0,0.0,-26.80045688533901,26.80045688533901,7.06215017274787,26.728023996976045,-5288.453230524336,5288.453230524336,1393.5527687196757,-28.465717527501905,0.7220998554629486,0.7220998554629486,0.5128448587201287,0.7220998554629486,0.7220998554629486,0.5128448587201287,0.6847113316732525,0.6847113316732525,0.9132591929053234,0.6847113316732428,0.6847113316732428,0.9132591929053234,1.4604694763211612,1.4604694763211612,1.0949793966143726,1.4604694763211818,1.4604694763211818,1.0949793966143726,1.8844547140373347,0.012052504715390844,NaN,0.0705048272274276,NaN,0.009513137446979346,0.13492888105792805,NaN
250.0,0.0,0.0,0.5,1.266932679419849,0.0,true,missing,missing,0.7489612104881471,0.7489612104881471,0.13272621078577662,0.13272621078577668,1.752102009474815,0.0,0.0,-26.76723639271405,26.76723639271405,6.9328711858723615,26.599761870550445,-5281.897931027252,5281.897931027252,1368.0425366103602,-28.47721319979736,0.7169579024047504,0.7169579024047504,0.5083283725302196,0.7169579024047504,0.7169579024047504,0.5083283725302196,0.6859941542745965,0.6859941542745965,0.9189426502559151,0.6859941542745989,0.6859941542745989,0.9189426502559151,1.45773836958924,1.45773836958924,1.0882071908638817,1.4577383695892352,1.4577383695892352,1.0882071908638817,1.8663482266406377,0.011952637461446656,NaN,0.07016409529240708,NaN,0.009434311432332759,0.13446067241393916,NaN
