window_id,channel,exchange_channel,sigma_scope,xi,ds,s_value,den_simple_re,den_simple_im,detM_re,detM_im,invabs_den_simple,invabs_detM,abs_D_simple_sq,abs_D_mixed_sq,abs_D_total_sq,sigma
mode_a_muB450p0_alpha1p0_xip0p26_2,uubar_to_uubar,s,full_process,0.25,0.0001,4.7179628818418475,-0.41417690120122974,-0.0013639094716376419,4.7522402944058745e-5,-7.283295376264388e-6,5.829395770007686,4.326335161662078e8,1.3619716657582015,2882.368137085807,2759.9286868652352,149.7860508903109
mode_a_muB450p0_alpha1p0_xip0p26_2,uubar_to_uubar,s,full_process,0.25,0.0005,4.7183628818418475,-0.41420645532986655,-0.003050044245549673,4.732885744672562e-5,-1.6286828067185554e-5,5.828311112385362,3.991567389661505e8,1.3617182479072045,2659.186158578019,2547.0384075766756,138.24873607716896
mode_a_muB450p0_alpha1p0_xip0p26_2,uubar_to_uubar,s,full_process,0.25,0.001,4.718862881841848,-0.4142433998008961,-0.004313855786301044,4.708692693542772e-5,-2.3034616528077926e-5,5.826955607023764,3.6393118139906317e8,1.3614015495789187,2424.345581651388,2323.026311609884,126.10870736615362
mode_a_muB450p0_alpha1p0_xip0p26_2,uubar_to_uubar,s,full_process,0.25,0.005,4.722862881841848,-0.4145388692586929,-0.009653978081931379,4.51523847356508e-5,-5.153491612998567e-5,5.816128672509774,2.130113543295164e8,1.3588719601297095,1418.201090738186,1363.2542347172284,74.09554251636419
mode_a_muB450p0_alpha1p0_xip0p26_2,uubar_to_uubar,s,full_process,0.25,0.01,4.7278628818418476,-0.41490799264026834,-0.01366675535682108,4.273644881368471e-5,-7.293071527253695e-5,5.802637584034914,1.3995226784711558e8,1.3557199215706643,931.1391278663335,898.606542465451,48.91543223093273
mode_a_muB450p0_alpha1p0_xip0p26_2,uubar_to_uubar,s,full_process,0.25,0.02,4.737862881841847,-0.41564550410098966,-0.019367207903895792,3.791217397094759e-5,-0.00010327883885298094,5.7757971679106195,8.261833027480963e7,1.3494489652484802,548.9207001637506,533.9111677492584,29.153495651464226
mode_a_muB450p0_alpha1p0_xip0p26_2,uubar_to_uubar,s,full_process,0.25,0.05,4.767862881841848,-0.41785209917816823,-0.030809442564294742,2.3500370842739413e-5,-0.0001639546119663392,5.696395823881141,3.645193990922751e7,1.3308977491262768,241.181932584624,240.05075492963223,13.239486930172914
mode_a_muB450p0_alpha1p0_xip0p26_2,uubar_to_uubar,s,full_process,0.25,0.1,4.817862881841847,-0.4215099261611557,-0.044011638974662017,-3.161067373268645e-7,-0.0002333951453681684,5.5676918178590915,1.8357585789158e7,1.3008275297780756,120.61703568245366,124.55326018435899,7.041798744393119
mode_a_muB450p0_alpha1p0_xip0p26_2,uubar_to_uubar,s,full_process,0.25,0.2,4.917862881841848,-0.42875129278822643,-0.06348396145367956,-4.719045491369028e-5,-0.0003342927810761708,5.323172902948709,8.773576600677228e6,1.243698481247297,56.839095910040456,62.84670661269248,6.857745342125282
mode_a_muB450p0_alpha1p0_xip0p26_2,uubar_to_uubar,s,full_process,0.25,0.5,5.217862881841848,-0.44988354054377067,-0.10622008361434551,-0.00018181691074800334,-0.000547312508498419,4.679941027654507,3.0065388823954435e6,1.0934147085841726,18.649570122299313,24.483522019815716,1.7267935537116426
mode_a_muB450p0_alpha1p0_xip0p26_2,uubar_to_uubar,s,full_process,0.25,1.0,5.717862881841848,-0.4831491590358572,-0.16376005690240897,-0.00038670148445343324,-0.0008121171103062492,3.842452291950839,1.2359835770928008e6,0.8977450417057214,7.101966044029694,11.519537935613855,0.9650980077738699
mode_a_muB450p0_alpha1p0_xip0p26_2,uubar_to_uubar,s,full_process,0.25,2.0,6.717862881841848,-0.5425011142235612,-0.26867830265416015,-0.0007272393234922603,-0.0012232750072481459,2.728546542397789,493759.18582700414,0.6374937002164462,2.391347733696712,5.101693748195991,0.5972965712516068
mode_a_muB450p0_alpha1p0_xip0p26_2,uubar_to_uubar,t,full_process,0.25,0.0001,4.7179628818418475,0.03177276320308653,0.0,0.003475831334256549,0.0,990.5810780859201,82771.84045407141,231.43794215012704,0.9105287459533484,261.3816174173914,149.7860508903109
mode_a_muB450p0_alpha1p0_xip0p26_2,uubar_to_uubar,t,full_process,0.25,0.0005,4.7183628818418475,0.03179095669509546,0.0,0.0034760977825293144,0.0,989.4476128553582,82759.15176114628,231.1731209595529,0.9104437810845472,261.0987421711844,138.24873607716896
mode_a_muB450p0_alpha1p0_xip0p26_2,uubar_to_uubar,t,full_process,0.25,0.001,4.718862881841848,0.03181369850542215,0.0,0.0034764308521838608,0.0,988.0335184020307,82743.29455425349,230.84273395991676,0.9103375936843651,260.7458167808189,126.10870736615362
mode_a_muB450p0_alpha1p0_xip0p26_2,uubar_to_uubar,t,full_process,0.25,0.005,4.722862881841848,0.031995629915104074,0.0,0.0034790957666129274,0.0,976.8292834631914,82616.5838433629,228.22499258066236,0.9094888456976612,257.94892815445417,74.09554251636419
mode_a_muB450p0_alpha1p0_xip0p26_2,uubar_to_uubar,t,full_process,0.25,0.01,4.7278628818418476,0.0322230361925927,0.0,0.0034824277973482115,0.0,963.0904619364075,82458.56230410279,225.01507402672664,0.9084297869696057,254.5179365419774,48.91543223093273
mode_a_muB450p0_alpha1p0_xip0p26_2,uubar_to_uubar,t,full_process,0.25,0.02,4.737862881841847,0.03267782185409629,0.0,0.0034890948125825506,0.0,936.469847060251,82143.73723749374,218.7954717528636,0.9063179031463453,247.86547216927303,29.153495651464226
mode_a_muB450p0_alpha1p0_xip0p26_2,uubar_to_uubar,t,full_process,0.25,0.05,4.767862881841848,0.03404196226337797,0.0,0.003509119459281132,0.0,862.9205827767646,81208.9123844952,201.61152714802918,0.9000317149936231,229.4527369027095,13.239486930172914
mode_a_muB450p0_alpha1p0_xip0p26_2,uubar_to_uubar,t,full_process,0.25,0.1,4.817862881841847,0.03631480152728439,0.0,0.00354257239915479,0.0,758.2853230863346,79682.42281456671,177.16469516745943,0.8897169363412946,203.16428504750405,7.041798744393119
mode_a_muB450p0_alpha1p0_xip0p26_2,uubar_to_uubar,t,full_process,0.25,0.2,4.917862881841848,0.04085770792666188,0.0,0.0036097717702284937,0.0,599.0347284901327,76743.30730109564,139.95761468218916,0.8696761973379366,162.89244948990603,6.857745342125282
mode_a_muB450p0_alpha1p0_xip0p26_2,uubar_to_uubar,t,full_process,0.25,0.5,5.217862881841848,0.05446345756890858,0.0,0.0038136982691836883,0.0,337.12393117631547,68755.48351962386,78.76515169436769,0.8139061195522035,95.59248205378857,1.7267935537116426
mode_a_muB450p0_alpha1p0_xip0p26_2,uubar_to_uubar,t,full_process,0.25,1.0,5.717862881841848,0.07705821662218548,0.0,0.0041612073058854265,0.0,168.40775731091745,57751.23757971212,39.34654684649265,0.7334169948531144,50.82378553495218,0.9650980077738699
mode_a_muB450p0_alpha1p0_xip0p26_2,uubar_to_uubar,t,full_process,0.25,2.0,6.717862881841848,0.12190971969984243,0.0,0.00488387546582171,0.0,67.28578670746792,41924.78434770952,15.720554688586587,0.6076735308330385,22.50980244424854,0.5972965712516068
mode_a_muB450p0_alpha1p0_xip0p26_2,uubar_to_uubar,s,full_process,0.26,0.0001,4.789688165648534,-0.4208630697344573,-0.001384005555156262,-4.2895739704046105e-8,-7.364249987428843e-6,5.64564630340833,1.843861174809762e10,1.3195679652206245,122019.06586203682,122027.69898160442,6693.68991811507
mode_a_muB450p0_alpha1p0_xip0p26_2,uubar_to_uubar,s,full_process,0.26,0.0005,4.790088165648534,-0.4208924942484211,-0.003094980283910978,-2.3445775157817685e-7,-1.646783606756241e-5,5.644612787259581,3.68670940453778e9,1.3193263994674524,24395.75711349259,24404.822377895347,1338.874942121705
mode_a_muB450p0_alpha1p0_xip0p26_2,uubar_to_uubar,s,full_process,0.26,0.001,4.7905881656485345,-0.4209292769630124,-0.004377404639800173,-4.739103013756945e-7,-2.329057926023122e-5,5.643321180177017,1.842721259292067e9,1.319024509614951,12192.84171434518,12201.957240873648,669.5228268734833
mode_a_muB450p0_alpha1p0_xip0p26_2,uubar_to_uubar,s,full_process,0.26,0.005,4.794588165648534,-0.4212234527128633,-0.00979607224080267,-2.388633729414626e-6,-5.21068862726968e-5,5.633004353713461,3.67534478671339e8,1.3166131375642747,2430.5383050833507,2439.662166482792,134.04152190167153
mode_a_muB450p0_alpha1p0_xip0p26_2,uubar_to_uubar,s,full_process,0.26,0.01,4.799588165648534,-0.42159095909700794,-0.013867697281403957,-4.779804604447687e-6,-7.373893148473099e-5,5.6201482370880305,1.8314090707777858e8,1.3136082522518855,1210.287179597904,1219.372563401593,67.10698189372425
mode_a_muB450p0_alpha1p0_xip0p26_2,uubar_to_uubar,s,full_process,0.26,0.02,4.809588165648534,-0.4223252358258305,-0.01965135555646707,-9.55457151429693e-6,-0.00010441992879756172,5.594568952984961,9.095199241067757e7,1.3076295560917472,600.2222259215596,609.2234693154614,33.641105712511475
mode_a_muB450p0_alpha1p0_xip0p26_2,uubar_to_uubar,s,full_process,0.26,0.05,4.839588165648534,-0.4245221182379324,-0.03125858948393112,-2.381801572406511e-5,-0.00016574981337257787,5.5188817191553134,3.566295843046409e7,1.2899390307257725,234.3704246785269,243.1209901516094,13.570348251182942
mode_a_muB450p0_alpha1p0_xip0p26_2,uubar_to_uubar,s,full_process,0.26,0.1,4.889588165648534,-0.4281637275942911,-0.044646516614709954,-4.7387771431241287e-5,-0.0002359126553337348,5.3961447729558145,1.727104327176117e7,1.2612514839596765,112.71039891538626,121.0671080664693,6.93788295925708
mode_a_muB450p0_alpha1p0_xip0p26_2,uubar_to_uubar,s,full_process,0.26,0.2,4.989588165648534,-0.4353725497544032,-0.06438090193423548,-9.37707351464993e-5,-0.0003377927252798494,5.162778332195912,8.136903332040591e6,1.2067062888066578,52.355670459418974,60.00953299476088,6.788454398593597
mode_a_muB450p0_alpha1p0_xip0p26_2,uubar_to_uubar,s,full_process,0.26,0.5,5.289588165648534,-0.45640637415727703,-0.10763359001412989,-0.00022694010082614677,-0.0005525584961041108,4.5476918430087725,2.8025122764164032e6,1.0629409192897306,17.263406266896734,23.313353481251653,1.6743252234549
mode_a_muB450p0_alpha1p0_xip0p26_2,uubar_to_uubar,s,full_process,0.26,1.0,5.789588165648534,-0.4895058504355789,-0.16574652183298386,-0.00042945666425739365,-0.000818850974592967,3.7440859292382886,1.1696591195426108e6,0.8751125355255551,6.67264933333731,11.046557055755368,0.9435559420247286
mode_a_muB450p0_alpha1p0_xip0p26_2,uubar_to_uubar,s,full_process,0.26,2.0,6.789588165648534,-0.5485210161252181,-0.2714457624549213,-0.000765506917928623,-0.0012308367448008147,2.669812723532896,475972.90359356906,0.6240205556245296,2.287363046306754,4.942342036347275,0.5892548741361395
mode_a_muB450p0_alpha1p0_xip0p26_2,uubar_to_uubar,t,full_process,0.26,0.0001,4.789688165648534,0.03171316320823303,0.0,0.003471052292909217,0.0,994.3078652096771,82999.92250553227,232.4015242870409,0.9134436777363498,262.4550230818348,6693.68991811507
mode_a_muB450p0_alpha1p0_xip0p26_2,uubar_to_uubar,t,full_process,0.26,0.0005,4.790088165648534,0.03173132997982109,0.0,0.0034713185115623083,0.0,993.1696719424873,82987.1923108145,232.13549214600835,0.9133582038695549,262.17085963226447,1338.874942121705
mode_a_muB450p0_alpha1p0_xip0p26_2,uubar_to_uubar,t,full_process,0.26,0.001,4.7905881656485345,0.03175403839190094,0.0,0.0034716512941645357,0.0,991.749679841171,82971.28324170588,231.80359461168413,0.9132513803834834,261.81632727658354,669.5228268734833
mode_a_muB450p0_alpha1p0_xip0p26_2,uubar_to_uubar,t,full_process,0.26,0.005,4.794588165648534,0.03193570270272961,0.0,0.003474313911036521,0.0,980.498755229036,82844.15823770732,229.17389397168412,0.9123975502159533,259.0067133330159,134.04152190167153
mode_a_muB450p0_alpha1p0_xip0p26_2,uubar_to_uubar,t,full_process,0.26,0.01,4.799588165648534,0.032162775323327675,0.0,0.0034776430669718724,0.0,966.7027769316009,82685.62034105456,225.9493329503565,0.9113321550065128,255.56013496248286,67.10698189372425
mode_a_muB450p0_alpha1p0_xip0p26_2,uubar_to_uubar,t,full_process,0.26,0.02,4.809588165648534,0.032616894391758966,0.0,0.0034843043230932875,0.0,939.9717145804325,82369.76756455247,219.70142940499602,0.9092076521387811,248.87752374816256,33.641105712511475
mode_a_muB450p0_alpha1p0_xip0p26_2,uubar_to_uubar,t,full_process,0.26,0.05,4.839588165648534,0.0339790407740036,0.0,0.003504311616456141,0.0,866.1194088307499,81431.89913171982,202.43978537212013,0.9028840336593337,230.38187427499926,13.570348251182942
mode_a_muB450p0_alpha1p0_xip0p26_2,uubar_to_uubar,t,full_process,0.26,0.1,4.889588165648534,0.03624857575492235,0.0,0.0035377353815713615,0.0,761.0586130187936,79900.46556093682,177.883719847727,0.8925082640013347,203.97644160252196,6.93788295925708
mode_a_muB450p0_alpha1p0_xip0p26_2,uubar_to_uubar,t,full_process,0.26,0.2,4.989588165648534,0.04078494462182258,0.0,0.0036048754621218005,0.0,601.1740781357707,76951.9214782801,140.51359444003552,0.8723505512399818,163.52885460735587,6.788454398593597
mode_a_muB450p0_alpha1p0_xip0p26_2,uubar_to_uubar,t,full_process,0.26,0.5,5.289588165648534,0.054371638584190585,0.0,0.0038086166792167244,0.0,338.2635147781645,68939.07787263248,79.0629936619881,0.816265722198014,95.94617092569152,1.6743252234549
mode_a_muB450p0_alpha1p0_xip0p26_2,uubar_to_uubar,t,full_process,0.26,1.0,5.789588165648534,0.07693642030747572,0.0,0.004155792967721392,0.0,168.94138442093154,57901.816986023994,39.48700058437936,0.7353510585689409,50.99951410427099,0.9435559420247286
mode_a_muB450p0_alpha1p0_xip0p26_2,uubar_to_uubar,t,full_process,0.26,2.0,6.789588165648534,0.12173411988438532,0.0,0.004877711112780463,0.0,67.4800443814317,42030.818703179815,15.772242905767273,0.6090141963591774,22.579811720112033,0.5892548741361395
mode_a_muB450p0_alpha1p0_xip0p26_2,uubar_to_uubar,s,full_process,0.27,0.0001,4.860145187320715,-0.42742485256232277,-0.0014037224205515034,-4.6504638833666035e-5,-7.443007666112057e-6,5.4736342556758215,4.50840407873439e8,1.2798642610859654,2963.7763665794664,3086.7499692194165,171.37967437398567
mode_a_muB450p0_alpha1p0_xip0p26_2,uubar_to_uubar,s,full_process,0.27,0.0005,4.860545187320715,-0.4274541501005258,-0.0031390683689747545,-4.6694263003020794e-5,-1.6643931836576254e-5,5.472647853591495,4.0693835355952173e8,1.2796336171087053,2675.0202154218714,2786.8063434172323,154.748355035853
mode_a_muB450p0_alpha1p0_xip0p26_2,uubar_to_uubar,s,full_process,0.27,0.001,4.861045187320715,-0.42749077435756155,-0.004439754313671722,-4.693129463643651e-5,-2.353959550599745e-5,5.471415113245696,3.6275796529539406e8,1.279345373459589,2384.433476048939,2484.9605412144015,138.01157176151779
mode_a_muB450p0_alpha1p0_xip0p26_2,uubar_to_uubar,s,full_process,0.27,0.005,4.865045187320715,-0.4277836827963828,-0.009935485085556523,-4.8826655603167264e-5,-5.2663331790686065e-5,5.461568242931818,1.9389356219473964e8,1.2770429438836242,1273.7671327843245,1331.2452469276927,74.0405017305808
mode_a_muB450p0_alpha1p0_xip0p26_2,uubar_to_uubar,s,full_process,0.27,0.01,4.870045187320715,-0.42814960518693956,-0.014064847490886248,-5.119363168398138e-5,-7.452520704480901e-5,5.449297156497759,1.223272353820369e8,1.2741736756355022,803.0593181697886,842.2692617838129,46.92833062707773
mode_a_muB450p0_alpha1p0_xip0p26_2,uubar_to_uubar,s,full_process,0.27,0.02,4.8800451873207145,-0.4288807132171846,-0.019930141583100264,-5.592003074961953e-5,-0.00010553003095126141,5.424879941064525,7.010834480418222e7,1.2684643571227003,459.6097301297276,485.44537576382857,27.144871320709054
mode_a_muB450p0_alpha1p0_xip0p26_2,uubar_to_uubar,s,full_process,0.27,0.05,4.910045187320715,-0.43106808126678353,-0.03169926213127128,-7.003853302736218e-5,-0.00016749621331949385,5.3526160568367045,3.0339458260795686e7,1.251567363558592,198.0649546723465,213.5623283468436,12.079625075399646
mode_a_muB450p0_alpha1p0_xip0p26_2,uubar_to_uubar,s,full_process,0.27,0.1,4.9600451873207145,-0.4346938041585533,-0.04526941750987589,-9.336725082763011e-5,-0.00023836160893443305,5.235382166100728,1.5259324558961846e7,1.224155326156668,98.92048825175371,110.2511038533874,6.414909502081537
mode_a_muB450p0_alpha1p0_xip0p26_2,uubar_to_uubar,s,full_process,0.27,0.2,5.060045187320715,-0.4418707465263616,-0.06526092719080365,-0.00013927015580176655,-0.00034119701931630133,5.012311609343444,7.363142253095936e6,1.1719961902045073,47.06036657917772,55.79455546639067,6.588318923493419
mode_a_muB450p0_alpha1p0_xip0p26_2,uubar_to_uubar,s,full_process,0.27,0.5,5.360045187320715,-0.46280815824609145,-0.1090204661197111,-0.0002710160528384667,-0.0005576594753872485,4.423274585983852,2.601228150096943e6,1.0342654980464296,15.914341935205767,22.07413882009016,1.6154657149809903
mode_a_muB450p0_alpha1p0_xip0p26_2,uubar_to_uubar,s,full_process,0.27,1.0,5.860045187320715,-0.4957448856566842,-0.1676956329016135,-0.00047121934846577906,-0.0008253946252634994,3.6511699010540415,1.1070225548172758e6,0.853729286472919,6.27082056373687,10.585636047777207,0.9217920513578389
mode_a_muB450p0_alpha1p0_xip0p26_2,uubar_to_uubar,s,full_process,0.27,2.0,6.860045187320715,-0.5544301224517307,-0.27416141487722534,-0.0008028860015182576,-0.0012381721153303564,2.6139878950886786,459200.8919204513,0.6112117707474152,2.189980424995175,4.79025818315543,0.581408434214472
mode_a_muB450p0_alpha1p0_xip0p26_2,uubar_to_uubar,t,full_process,0.27,0.0001,4.860145187320715,0.03165630114224671,0.0,0.0034663878543468975,0.0,997.8830888110377,83223.44539588883,233.32850578881707,0.9162970309506746,263.4884836476287,171.37967437398567
mode_a_muB450p0_alpha1p0_xip0p26_2,uubar_to_uubar,t,full_process,0.27,0.0005,4.860545187320715,0.03167444166104716,0.0,0.0034666538466188172,0.0,996.7404051657226,83210.6746117078,233.06131951164528,0.9162110588266763,263.20309187021826,154.748355035853
mode_a_muB450p0_alpha1p0_xip0p26_2,uubar_to_uubar,t,full_process,0.27,0.001,4.861045187320715,0.0316971172593693,0.0,0.0034669863462174827,0.0,995.3148117632353,83194.71482044781,232.72798228788218,0.9161036126774055,262.8470272144102,138.01157176151779
mode_a_muB450p0_alpha1p0_xip0p26_2,uubar_to_uubar,t,full_process,0.27,0.005,4.865045187320715,0.031878519145303263,0.0,0.0034696466979488414,0.0,984.0195395076231,83067.18462988255,230.08688231592066,0.9152448075777577,260.0252781813282,74.0405017305808
mode_a_muB450p0_alpha1p0_xip0p26_2,uubar_to_uubar,t,full_process,0.27,0.01,4.870045187320715,0.03210526394661073,0.0,0.003472973019671052,0.0,970.1692616579996,82908.14172414244,226.84836202065947,0.9141732096161805,256.5638334791115,46.92833062707773
mode_a_muB450p0_alpha1p0_xip0p26_2,uubar_to_uubar,t,full_process,0.27,0.02,4.8800451873207145,0.03255872808105753,0.0,0.0034796285980739686,0.0,943.3332417843607,82591.2838187111,220.57347021354852,0.9120363540614679,249.85246083318106,27.144871320709054
mode_a_muB450p0_alpha1p0_xip0p26_2,uubar_to_uubar,t,full_process,0.27,0.05,4.910045187320715,0.03391891528513635,0.0,0.0034996187840493475,0.0,869.1927387348929,81650.43863519996,203.23767908838295,0.9056760956072083,231.27765139207614,12.079625075399646
mode_a_muB450p0_alpha1p0_xip0p26_2,uubar_to_uubar,t,full_process,0.27,0.1,4.9600451873207145,0.036185203639334085,0.0,0.003533013790187333,0.0,763.7266719318922,80114.16947458302,178.57723534052062,0.8952406237044781,204.76038576679036,6.414909502081537
mode_a_muB450p0_alpha1p0_xip0p26_2,uubar_to_uubar,t,full_process,0.27,0.2,5.060045187320715,0.04071514871223458,0.0,0.003600095433660111,0.0,603.236969096219,77156.40304074851,141.05097301879246,0.8749684120280994,164.14441535476692,6.588318923493419
mode_a_muB450p0_alpha1p0_xip0p26_2,uubar_to_uubar,t,full_process,0.27,0.5,5.360045187320715,0.05428311601583258,0.0,0.003803654101956688,0.0,339.3676654963209,69119.08302966785,79.35213171879904,0.8185755108344925,96.28972850978846,1.6154657149809903
mode_a_muB450p0_alpha1p0_xip0p26_2,uubar_to_uubar,t,full_process,0.27,1.0,5.860045187320715,0.07681843067341187,0.0,0.004150502758320254,0.0,169.4607556264963,58049.513767222255,39.62390518841787,0.7372443801723998,51.17086768159304,0.9217920513578389
mode_a_muB450p0_alpha1p0_xip0p26_2,uubar_to_uubar,t,full_process,0.27,2.0,6.860045187320715,0.12156322177604406,0.0,0.004871683123233854,0.0,67.66990967084509,42134.8969356974,15.822814403213492,0.6103268279216238,22.648312386785097,0.581408434214472
mode_a_muB450p0_alpha1p0_xip0p26_2,uubar_to_ddbar,s,full_process,0.25,0.0001,4.717962881841851,-0.41417690120122974,-0.0013639094716376419,4.7522402944058745e-5,-7.283295376264388e-6,5.829395770007686,4.326335161662078e8,1.3619716657582015,2882.368137085807,3007.531530637895,162.5302329183553
mode_a_muB450p0_alpha1p0_xip0p26_2,uubar_to_ddbar,s,full_process,0.25,0.0005,4.718362881841851,-0.41420645532986655,-0.003050044245549673,4.732885744672562e-5,-1.6286828067185554e-5,5.828311112385362,3.991567389661505e8,1.3617182479072045,2659.186158578019,2774.0573460751766,149.93137312318817
mode_a_muB450p0_alpha1p0_xip0p26_2,uubar_to_ddbar,s,full_process,0.25,0.001,4.718862881841852,-0.4142433998008961,-0.004313855786301044,4.708692693542772e-5,-2.3034616528077926e-5,5.826955607023764,3.6393118139906317e8,1.3614015495789187,2424.345581651388,2528.3876547920504,136.67440144510948
mode_a_muB450p0_alpha1p0_xip0p26_2,uubar_to_ddbar,s,full_process,0.25,0.005,4.722862881841851,-0.4145388692586929,-0.009653978081931379,4.51523847356508e-5,-5.153491612998567e-5,5.816128672509774,2.130113543295164e8,1.3588719601297095,1418.201090738186,1475.865690679403,79.87732475263394
mode_a_muB450p0_alpha1p0_xip0p26_2,uubar_to_ddbar,s,full_process,0.25,0.01,4.727862881841851,-0.41490799264026834,-0.01366675535682108,4.273644881368471e-5,-7.293071527253695e-5,5.802637584034914,1.3995226784711558e8,1.3557199215706643,931.1391278663335,966.3831531103574,52.38382921875065
mode_a_muB450p0_alpha1p0_xip0p26_2,uubar_to_ddbar,s,full_process,0.25,0.02,4.737862881841851,-0.41564550410098966,-0.019367207903895792,3.791217397094759e-5,-0.00010327883885298094,5.7757971679106195,8.261833027480963e7,1.3494489652484802,548.9207001637506,566.6291305087395,30.811294969411186
mode_a_muB450p0_alpha1p0_xip0p26_2,uubar_to_ddbar,s,full_process,0.25,0.05,4.767862881841851,-0.41785209917816823,-0.030809442564294742,2.3500370842739413e-5,-0.0001639546119663392,5.696395823881141,3.645193990922751e7,1.3308977491262768,241.181932584624,244.9749057378683,13.45642517535382
mode_a_muB450p0_alpha1p0_xip0p26_2,uubar_to_ddbar,s,full_process,0.25,0.1,4.817862881841851,-0.4215099261611557,-0.044011638974662017,-3.161067373268645e-7,-0.0002333951453681684,5.5676918178590915,1.8357585789158e7,1.3008275297780756,120.61703568245366,119.2824662401045,6.721408407670795
mode_a_muB450p0_alpha1p0_xip0p26_2,uubar_to_ddbar,s,full_process,0.25,0.2,4.9178628818418515,-0.42875129278822643,-0.06348396145367956,-4.719045491369028e-5,-0.0003342927810761708,5.323172902948709,8.773576600677228e6,1.243698481247297,56.839095910040456,53.318882169883025,6.298454332852294
mode_a_muB450p0_alpha1p0_xip0p26_2,uubar_to_ddbar,s,full_process,0.25,0.5,5.217862881841851,-0.44988354054377067,-0.10622008361434551,-0.00018181691074800334,-0.000547312508498419,4.679941027654507,3.0065388823954435e6,1.0934147085841726,18.649570122299313,15.002447641951251,1.1643133142386186
mode_a_muB450p0_alpha1p0_xip0p26_2,uubar_to_ddbar,s,full_process,0.25,1.0,5.717862881841851,-0.4831491590358572,-0.16376005690240897,-0.00038670148445343324,-0.0008121171103062492,3.842452291950839,1.2359835770928008e6,0.8977450417057214,7.101966044029694,4.479884235856976,0.5207478789021522
mode_a_muB450p0_alpha1p0_xip0p26_2,uubar_to_ddbar,s,full_process,0.25,2.0,6.717862881841851,-0.5425011142235612,-0.26867830265416015,-0.0007272393234922603,-0.0012232750072481459,2.728546542397789,493759.18582700414,0.6374937002164462,2.391347733696712,0.9559891196303255,0.3140260749693231
mode_a_muB450p0_alpha1p0_xip0p26_2,uubar_to_ddbar,t,full_process,0.25,0.0001,4.717962881841851,0.03177276320308653,0.0,,,990.5810780859201,,925.7517686005086,0.0,925.7517686005086,162.5302329183553
mode_a_muB450p0_alpha1p0_xip0p26_2,uubar_to_ddbar,t,full_process,0.25,0.0005,4.718362881841851,0.03179095669509546,8.311501959076649e-20,,,989.4476128553582,,924.6924838382118,0.0,924.6924838382118,149.93137312318817
mode_a_muB450p0_alpha1p0_xip0p26_2,uubar_to_ddbar,t,full_process,0.25,0.001,4.718862881841852,0.03181369850542215,-1.970399428813347e-18,,,988.0335184020307,,923.3709358396673,0.0,923.3709358396673,136.67440144510948
mode_a_muB450p0_alpha1p0_xip0p26_2,uubar_to_ddbar,t,full_process,0.25,0.005,4.722862881841851,0.031995629915104074,-4.9572323516217445e-18,,,976.8292834631914,,912.8999703226497,0.0,912.8999703226497,79.87732475263394
mode_a_muB450p0_alpha1p0_xip0p26_2,uubar_to_ddbar,t,full_process,0.25,0.01,4.727862881841851,0.0322230361925927,0.0,,,963.0904619364075,,900.0602961069068,0.0,900.0602961069068,52.38382921875065
mode_a_muB450p0_alpha1p0_xip0p26_2,uubar_to_ddbar,t,full_process,0.25,0.02,4.737862881841851,0.03267782185409629,0.0,,,936.469847060251,,875.1818870114545,0.0,875.1818870114545,30.811294969411186
mode_a_muB450p0_alpha1p0_xip0p26_2,uubar_to_ddbar,t,full_process,0.25,0.05,4.767862881841851,0.03404196226337797,4.0929038485506233e-19,,,862.9205827767646,,806.446108592117,0.0,806.446108592117,13.45642517535382
mode_a_muB450p0_alpha1p0_xip0p26_2,uubar_to_ddbar,t,full_process,0.25,0.1,4.817862881841851,0.03631480152728439,0.0,,,758.2853230863346,,708.6587806698379,0.0,708.6587806698379,6.721408407670795
mode_a_muB450p0_alpha1p0_xip0p26_2,uubar_to_ddbar,t,full_process,0.25,0.2,4.9178628818418515,0.04085770792666188,-1.2281698339994982e-17,,,599.0347284901327,,559.8304587287569,0.0,559.8304587287569,6.298454332852294
mode_a_muB450p0_alpha1p0_xip0p26_2,uubar_to_ddbar,t,full_process,0.25,0.5,5.217862881841851,0.05446345756890858,0.0,,,337.12393117631547,,315.06060677747087,0.0,315.06060677747087,1.1643133142386186
mode_a_muB450p0_alpha1p0_xip0p26_2,uubar_to_ddbar,t,full_process,0.25,1.0,5.717862881841851,0.07705821662218548,0.0,,,168.40775731091745,,157.38618738597066,0.0,157.38618738597066,0.5207478789021522
mode_a_muB450p0_alpha1p0_xip0p26_2,uubar_to_ddbar,t,full_process,0.25,2.0,6.717862881841851,0.12190971969984243,0.0,,,67.28578670746792,,62.88221875434636,0.0,62.88221875434636,0.3140260749693231
mode_a_muB450p0_alpha1p0_xip0p26_2,uubar_to_ddbar,s,full_process,0.26,0.0001,4.789688165648534,-0.4208630697344573,-0.001384005555156262,-4.2895739704046105e-8,-7.364249987428843e-6,5.64564630340833,1.843861174809762e10,1.3195679652206245,122019.06586203682,122013.07187839967,6692.885737448926
mode_a_muB450p0_alpha1p0_xip0p26_2,uubar_to_ddbar,s,full_process,0.26,0.0005,4.790088165648534,-0.4208924942484211,-0.003094980283910978,-2.3445775157817685e-7,-1.646783606756241e-5,5.644612787259581,3.68670940453778e9,1.3193263994674524,24395.75711349259,24389.33050188877,1338.0251263793764
mode_a_muB450p0_alpha1p0_xip0p26_2,uubar_to_ddbar,s,full_process,0.26,0.001,4.7905881656485345,-0.4209292769630124,-0.004377404639800173,-4.739103013756945e-7,-2.329057926023122e-5,5.643321180177017,1.842721259292067e9,1.319024509614951,12192.84171434518,12186.364236835943,668.6675520320834
mode_a_muB450p0_alpha1p0_xip0p26_2,uubar_to_ddbar,s,full_process,0.26,0.005,4.794588165648534,-0.4212234527128633,-0.00979607224080267,-2.388633729414626e-6,-5.21068862726968e-5,5.633004353713461,3.67534478671339e8,1.3166131375642747,2430.5383050833507,2424.047669959037,133.18404733153827
mode_a_muB450p0_alpha1p0_xip0p26_2,uubar_to_ddbar,s,full_process,0.26,0.01,4.799588165648534,-0.42159095909700794,-0.013867697281403957,-4.779804604447687e-6,-7.373893148473099e-5,5.6201482370880305,1.8314090707777858e8,1.3136082522518855,1210.287179597904,1203.8290122987187,66.25193854488147
mode_a_muB450p0_alpha1p0_xip0p26_2,uubar_to_ddbar,s,full_process,0.26,0.02,4.809588165648534,-0.4223252358258305,-0.01965135555646707,-9.55457151429693e-6,-0.00010441992879756172,5.594568952984961,9.095199241067757e7,1.3076295560917472,600.2222259215596,593.8362416398413,32.791781730603866
mode_a_muB450p0_alpha1p0_xip0p26_2,uubar_to_ddbar,s,full_process,0.26,0.05,4.839588165648534,-0.4245221182379324,-0.03125858948393112,-2.381801572406511e-5,-0.00016574981337257787,5.5188817191553134,3.566295843046409e7,1.2899390307257725,234.3704246785269,228.19973726689597,12.738651940714277
mode_a_muB450p0_alpha1p0_xip0p26_2,uubar_to_ddbar,s,full_process,0.26,0.1,4.889588165648534,-0.4281637275942911,-0.044646516614709954,-4.7387771431241287e-5,-0.0002359126553337348,5.3961447729558145,1.727104327176117e7,1.2612514839596765,112.71039891538626,106.87619273222259,6.134178677750742
mode_a_muB450p0_alpha1p0_xip0p26_2,uubar_to_ddbar,s,full_process,0.26,0.2,4.989588165648534,-0.4353725497544032,-0.06438090193423548,-9.37707351464993e-5,-0.0003377927252798494,5.162778332195912,8.136903332040591e6,1.2067062888066578,52.355670459418974,47.11522050169039,6.037855043343763
mode_a_muB450p0_alpha1p0_xip0p26_2,uubar_to_ddbar,s,full_process,0.26,0.5,5.289588165648534,-0.45640637415727703,-0.10763359001412989,-0.00022694010082614677,-0.0005525584961041108,4.5476918430087725,2.8025122764164032e6,1.0629409192897306,17.263406266896734,13.33934089112128,1.0735635804047157
mode_a_muB450p0_alpha1p0_xip0p26_2,uubar_to_ddbar,s,full_process,0.26,1.0,5.789588165648534,-0.4895058504355789,-0.16574652183298386,-0.00042945666425739365,-0.000818850974592967,3.7440859292382886,1.1696591195426108e6,0.8751125355255551,6.67264933333731,4.048966681970359,0.4946803326309694
mode_a_muB450p0_alpha1p0_xip0p26_2,uubar_to_ddbar,s,full_process,0.26,2.0,6.789588165648534,-0.5485210161252181,-0.2714457624549213,-0.000765506917928623,-0.0012308367448008147,2.669812723532896,475972.90359356906,0.6240205556245296,2.287363046306754,0.8804251675152918,0.3079924856655016
mode_a_muB450p0_alpha1p0_xip0p26_2,uubar_to_ddbar,t,full_process,0.26,0.0001,4.789688165648534,0.03171316320823303,0.0,,,994.3078652096771,,929.606097148164,0.0,929.606097148164,6692.885737448926
mode_a_muB450p0_alpha1p0_xip0p26_2,uubar_to_ddbar,t,full_process,0.26,0.0005,4.790088165648534,0.03173132997982109,0.0,,,993.1696719424873,,928.5419685840336,0.0,928.5419685840336,1338.0251263793764
mode_a_muB450p0_alpha1p0_xip0p26_2,uubar_to_ddbar,t,full_process,0.26,0.001,4.7905881656485345,0.03175403839190094,0.0,,,991.749679841171,,927.2143784467368,0.0,927.2143784467368,668.6675520320834
mode_a_muB450p0_alpha1p0_xip0p26_2,uubar_to_ddbar,t,full_process,0.26,0.005,4.794588165648534,0.03193570270272961,0.0,,,980.498755229036,,916.6955758867367,0.0,916.6955758867367,133.18404733153827
mode_a_muB450p0_alpha1p0_xip0p26_2,uubar_to_ddbar,t,full_process,0.26,0.01,4.799588165648534,0.032162775323327675,0.0,,,966.7027769316009,,903.7973318014263,0.0,903.7973318014263,66.25193854488147
mode_a_muB450p0_alpha1p0_xip0p26_2,uubar_to_ddbar,t,full_process,0.26,0.02,4.809588165648534,0.032616894391758966,0.0,,,939.9717145804325,,878.8057176199843,0.0,878.8057176199843,32.791781730603866
mode_a_muB450p0_alpha1p0_xip0p26_2,uubar_to_ddbar,t,full_process,0.26,0.05,4.839588165648534,0.0339790407740036,0.0,,,866.1194088307499,,809.7591414884807,0.0,809.7591414884807,12.738651940714277
mode_a_muB450p0_alpha1p0_xip0p26_2,uubar_to_ddbar,t,full_process,0.26,0.1,4.889588165648534,0.03624857575492235,0.0,,,761.0586130187936,,711.5348793909081,0.0,711.5348793909081,6.134178677750742
mode_a_muB450p0_alpha1p0_xip0p26_2,uubar_to_ddbar,t,full_process,0.26,0.2,4.989588165648534,0.04078494462182258,0.0,,,601.1740781357707,,562.0543777601422,0.0,562.0543777601422,6.037855043343763
mode_a_muB450p0_alpha1p0_xip0p26_2,uubar_to_ddbar,t,full_process,0.26,0.5,5.289588165648534,0.054371638584190585,0.0,,,338.2635147781645,,316.2519746479525,0.0,316.2519746479525,1.0735635804047157
mode_a_muB450p0_alpha1p0_xip0p26_2,uubar_to_ddbar,t,full_process,0.26,1.0,5.789588165648534,0.07693642030747572,0.0,,,168.94138442093154,,157.94800233751747,0.0,157.94800233751747,0.4946803326309694
mode_a_muB450p0_alpha1p0_xip0p26_2,uubar_to_ddbar,t,full_process,0.26,2.0,6.789588165648534,0.12173411988438532,0.0,,,67.4800443814317,,63.088971623069106,0.0,63.088971623069106,0.3079924856655016
mode_a_muB450p0_alpha1p0_xip0p26_2,uubar_to_ddbar,s,full_process,0.27,0.0001,4.860145187320723,-0.42742485256232277,-0.0014037224205515034,-4.6504638833666035e-5,-7.443007666112057e-6,5.4736342556758215,4.50840407873439e8,1.2798642610859654,2963.7763665794664,2843.3624924616884,158.28275525134993
mode_a_muB450p0_alpha1p0_xip0p26_2,uubar_to_ddbar,s,full_process,0.27,0.0005,4.860545187320723,-0.4274541501005258,-0.0031390683689747545,-4.6694263003020794e-5,-1.6643931836576254e-5,5.472647853591495,4.0693835355952173e8,1.2796336171087053,2675.0202154218714,2565.7933546607283,142.85149432617388
mode_a_muB450p0_alpha1p0_xip0p26_2,uubar_to_ddbar,s,full_process,0.27,0.001,4.861045187320723,-0.42749077435756155,-0.004439754313671722,-4.693129463643651e-5,-2.353959550599745e-5,5.471415113245696,3.6275796529539406e8,1.279345373459589,2384.433476048939,2286.465101630396,127.3224203832361
mode_a_muB450p0_alpha1p0_xip0p26_2,uubar_to_ddbar,s,full_process,0.27,0.005,4.865045187320723,-0.4277836827963828,-0.009935485085556523,-4.8826655603167264e-5,-5.2663331790686065e-5,5.461568242931818,1.9389356219473964e8,1.2770429438836242,1273.7671327843245,1218.8431045287239,67.96837765144446
mode_a_muB450p0_alpha1p0_xip0p26_2,uubar_to_ddbar,s,full_process,0.27,0.01,4.870045187320723,-0.42814960518693956,-0.014064847490886248,-5.119363168398138e-5,-7.452520704480901e-5,5.449297156497759,1.223272353820369e8,1.2741736756355022,803.0593181697886,766.3977219070355,42.814484370883115
mode_a_muB450p0_alpha1p0_xip0p26_2,uubar_to_ddbar,s,full_process,0.27,0.02,4.8800451873207225,-0.4288807132171846,-0.019930141583100264,-5.592003074961953e-5,-0.00010553003095126141,5.424879941064525,7.010834480418222e7,1.2684643571227003,459.6097301297276,436.3110132098721,24.462866337551358
mode_a_muB450p0_alpha1p0_xip0p26_2,uubar_to_ddbar,s,full_process,0.27,0.05,4.910045187320723,-0.43106808126678353,-0.03169926213127128,-7.003853302736218e-5,-0.00016749621331949385,5.3526160568367045,3.0339458260795686e7,1.251567363558592,198.0649546723465,185.0707157249666,10.498506364659052
mode_a_muB450p0_alpha1p0_xip0p26_2,uubar_to_ddbar,s,full_process,0.27,0.1,4.9600451873207225,-0.4346938041585533,-0.04526941750987589,-9.336725082763011e-5,-0.00023836160893443305,5.235382166100728,1.5259324558961846e7,1.224155326156668,98.92048825175371,90.03818330243337,5.268215683569076
mode_a_muB450p0_alpha1p0_xip0p26_2,uubar_to_ddbar,s,full_process,0.27,0.2,5.060045187320723,-0.4418707465263616,-0.06526092719080365,-0.00013927015580176655,-0.00034119701931630133,5.012311609343444,7.363142253095936e6,1.1719961902045073,47.06036657917772,40.67017007237379,5.703059733279729
mode_a_muB450p0_alpha1p0_xip0p26_2,uubar_to_ddbar,s,full_process,0.27,0.5,5.360045187320723,-0.46280815824609145,-0.1090204661197111,-0.0002710160528384667,-0.0005576594753872485,4.423274585983852,2.601228150096943e6,1.0342654980464296,15.914341935205767,11.823076046414236,0.9883765113023342
mode_a_muB450p0_alpha1p0_xip0p26_2,uubar_to_ddbar,s,full_process,0.27,1.0,5.860045187320723,-0.4957448856566842,-0.1676956329016135,-0.00047121934846577906,-0.0008253946252634994,3.6511699010540415,1.1070225548172758e6,0.853729286472919,6.27082056373687,3.6634636526423727,0.4707816171986969
mode_a_muB450p0_alpha1p0_xip0p26_2,uubar_to_ddbar,s,full_process,0.27,2.0,6.860045187320723,-0.5544301224517307,-0.27416141487722534,-0.0008028860015182576,-0.0012381721153303564,2.6139878950886786,459200.8919204513,0.6112117707474152,2.189980424995175,0.8121262083297495,0.3024040803614299
mode_a_muB450p0_alpha1p0_xip0p26_2,uubar_to_ddbar,t,full_process,0.27,0.0001,4.860145187320723,0.03165630114224682,0.0,,,997.8830888110308,,933.3140231552563,0.0,933.3140231552563,158.28275525134993
mode_a_muB450p0_alpha1p0_xip0p26_2,uubar_to_ddbar,t,full_process,0.27,0.0005,4.860545187320723,0.03167444166104738,0.0,,,996.7404051657086,,932.2452780465692,0.0,932.2452780465692,142.85149432617388
mode_a_muB450p0_alpha1p0_xip0p26_2,uubar_to_ddbar,t,full_process,0.27,0.001,4.861045187320723,0.03169711725936952,0.0,,,995.3148117632213,,930.9119291515163,0.0,930.9119291515163,127.3224203832361
mode_a_muB450p0_alpha1p0_xip0p26_2,uubar_to_ddbar,t,full_process,0.27,0.005,4.865045187320723,0.031878519145303486,0.0,,,984.0195395076095,,920.3475292636706,0.0,920.3475292636706,67.96837765144446
mode_a_muB450p0_alpha1p0_xip0p26_2,uubar_to_ddbar,t,full_process,0.27,0.01,4.870045187320723,0.03210526394661073,0.0,,,970.1692616579996,,907.393448082638,0.0,907.393448082638,42.814484370883115
mode_a_muB450p0_alpha1p0_xip0p26_2,uubar_to_ddbar,t,full_process,0.27,0.02,4.8800451873207225,0.03255872808105753,0.0,,,943.3332417843607,,882.2938808541943,0.0,882.2938808541943,24.462866337551358
mode_a_muB450p0_alpha1p0_xip0p26_2,uubar_to_ddbar,t,full_process,0.27,0.05,4.910045187320723,0.03391891528513635,0.0,,,869.1927387348929,,812.950716353532,0.0,812.950716353532,10.498506364659052
mode_a_muB450p0_alpha1p0_xip0p26_2,uubar_to_ddbar,t,full_process,0.27,0.1,4.9600451873207225,0.036185203639334085,0.0,,,763.7266719318922,,714.3089413620827,0.0,714.3089413620827,5.268215683569076
mode_a_muB450p0_alpha1p0_xip0p26_2,uubar_to_ddbar,t,full_process,0.27,0.2,5.060045187320723,0.04071514871223458,0.0,,,603.236969096219,,564.2038920751698,0.0,564.2038920751698,5.703059733279729
mode_a_muB450p0_alpha1p0_xip0p26_2,uubar_to_ddbar,t,full_process,0.27,0.5,5.360045187320723,0.05428311601583258,0.0,,,339.3676654963209,,317.4085268751963,0.0,317.4085268751963,0.9883765113023342
mode_a_muB450p0_alpha1p0_xip0p26_2,uubar_to_ddbar,t,full_process,0.27,1.0,5.860045187320723,0.07681843067341187,0.0,,,169.4607556264963,,158.49562075367157,0.0,158.49562075367157,0.4707816171986969
mode_a_muB450p0_alpha1p0_xip0p26_2,uubar_to_ddbar,t,full_process,0.27,2.0,6.860045187320723,0.12156322177604406,0.0,,,67.66990967084509,,63.29125761285398,0.0,63.29125761285398,0.3024040803614299
mode_b_T200p0_muB450p0_xip0p31_1,dubar_to_dubar,s,full_process,0.3,0.0001,0.8079452258765293,0.003846460367070703,-0.00021987242476113712,,,67369.09621355719,,60036.37490319937,0.0,60036.37490319937,318.0593958149222
mode_b_T200p0_muB450p0_xip0p31_1,dubar_to_dubar,s,full_process,0.3,0.0005,0.8083452258765292,0.0038104280453025163,-0.0004919029247110298,,,67744.57142708758,,60370.98189592122,0.0,60370.98189592122,320.0177572942149
mode_b_T200p0_muB450p0_xip0p31_1,dubar_to_dubar,s,full_process,0.3,0.001,0.8088452258765293,0.003765388359120325,-0.0006961034456667601,,,68200.21905630486,,60777.035018627015,0.0,60777.035018627015,322.4038866427936
mode_b_T200p0_muB450p0_xip0p31_1,dubar_to_dubar,s,full_process,0.3,0.005,0.8128452258765293,0.003405136795500474,-0.0015645421232757784,,,71211.13001533397,,63460.22641195444,0.0,63460.22641195444,338.5907592200332
mode_b_T200p0_muB450p0_xip0p31_1,dubar_to_dubar,s,full_process,0.3,0.01,0.8178452258765293,0.0029550146838152047,-0.0022267504785381483,,,73043.19396916206,,65092.88121305117,0.0,65092.88121305117,349.80934167095097
mode_b_T200p0_muB450p0_xip0p31_1,dubar_to_dubar,s,full_process,0.3,0.02,0.8278452258765293,0.00205543342226322,-0.00318912611792694,,,69466.96356256302,,61905.901997088935,0.0,61905.901997088935,337.4619016571395
mode_b_T200p0_muB450p0_xip0p31_1,dubar_to_dubar,s,full_process,0.3,0.05,0.8578452258765293,-0.0006379708299775189,-0.005232212244830411,,,35993.16622318984,,32075.526358237526,0.0,32075.526358237526,182.31998388572288
mode_b_T200p0_muB450p0_xip0p31_1,dubar_to_dubar,s,full_process,0.3,0.1,0.9078452258765293,-0.005109148758173365,-0.007846281879172478,,,11406.730425959484,,10165.176360712632,0.0,10165.176360712632,61.76822810601888
mode_b_T200p0_muB450p0_xip0p31_1,dubar_to_dubar,s,full_process,0.3,0.2,1.0078452258765294,-0.013984578820163573,-0.01235766937303431,,,2871.249411239386,,2558.731165805186,0.0,2558.731165805186,17.597686467607367
mode_b_T200p0_muB450p0_xip0p31_1,dubar_to_dubar,s,full_process,0.3,0.5,1.3078452258765294,-0.04007461147901781,-0.025490765943014103,,,443.31082309892855,,395.0591038039973,0.0,395.0591038039973,3.722438200811495
mode_b_T200p0_muB450p0_xip0p31_1,dubar_to_dubar,s,full_process,0.3,1.0,1.8078452258765294,-0.08176731097231138,-0.049922683790822785,,,108.95421116941026,,97.09519997587164,0.0,97.09519997587164,1.3818277193520412
mode_b_T200p0_muB450p0_xip0p31_1,dubar_to_dubar,s,full_process,0.3,2.0,2.8078452258765294,-0.158444579690723,-0.10897112446474654,,,27.042089616765363,,24.09872065452063,0.0,24.09872065452063,0.6612794095083381
mode_b_T200p0_muB450p0_xip0p31_1,dubar_to_dubar,t,full_process,0.3,0.0001,0.8079452258765293,0.07853609516565874,0.0,0.004125207306096736,0.0,162.12925665704935,58763.6067161561,36.12061532109754,0.7202313751263274,26.639827052458223,318.0593958149222
mode_b_T200p0_muB450p0_xip0p31_1,dubar_to_dubar,t,full_process,0.3,0.0005,0.8083452258765292,0.07855281685249227,0.0,0.004125474940439317,0.0,162.0602384802559,58755.98255198609,36.1052388303548,0.7201858155344731,26.62689909126011,320.0177572942149
mode_b_T200p0_muB450p0_xip0p31_1,dubar_to_dubar,t,full_process,0.3,0.001,0.8088452258765293,0.07857371922577616,0.0,0.004125809496186389,0.0,161.97402662559145,58746.45406809888,36.08603177727472,0.7201288716603002,26.610751221851363,322.4038866427936
mode_b_T200p0_muB450p0_xip0p31_1,dubar_to_dubar,t,full_process,0.3,0.005,0.8128452258765293,0.07874094837120948,0.0,0.00412848644267854,0.0,161.28675995388974,58670.29534427113,35.93291632122804,0.7196735464405276,26.48205019214517,338.5907592200332
mode_b_T200p0_muB450p0_xip0p31_1,dubar_to_dubar,t,full_process,0.3,0.01,0.8178452258765293,0.07895000993611623,0.0,0.004131833872188389,0.0,160.43370830072075,58575.269683071776,35.74286579457738,0.7191049545512246,26.32237078014756,349.80934167095097
mode_b_T200p0_muB450p0_xip0p31_1,dubar_to_dubar,t,full_process,0.3,0.02,0.8278452258765293,0.07936821604580957,0.0,0.004138532877929652,0.0,158.74745166220663,58385.79264109361,35.36718636059804,0.7179696514479202,26.006948539680213,337.4619016571395
mode_b_T200p0_muB450p0_xip0p31_1,dubar_to_dubar,t,full_process,0.3,0.05,0.8578452258765293,0.08062348549725584,0.0,0.004158662977992165,0.0,153.84268851057277,57821.92521889084,34.27445907192604,0.7145787533003289,25.09119963021428,182.31998388572288
mode_b_T200p0_muB450p0_xip0p31_1,dubar_to_dubar,t,full_process,0.3,0.1,0.9078452258765293,0.08271769125071216,0.0,0.004192322872359281,0.0,146.15147122491283,56897.155502868874,32.560940447006026,0.7089770530351275,23.66055548122417,61.76822810601888
mode_b_T200p0_muB450p0_xip0p31_1,dubar_to_dubar,t,full_process,0.3,0.2,1.0078452258765294,0.08691337790178899,0.0,0.004260050300678267,0.0,132.38133049940336,55102.40390334521,29.493104534357478,0.6979584777301406,21.116932234027153,17.597686467607367
mode_b_T200p0_muB450p0_xip0p31_1,dubar_to_dubar,t,full_process,0.3,0.5,1.3078452258765294,0.09954900557880841,0.0,0.004466426169794083,0.0,100.90812762157526,50127.91960782311,22.48122106857672,0.6663393587218465,15.406727802801512,3.722438200811495
mode_b_T200p0_muB450p0_xip0p31_1,dubar_to_dubar,t,full_process,0.3,1.0,1.8078452258765294,0.12072116705609326,0.0,0.004820664555511579,0.0,68.61722484256161,43031.4693205521,15.287163057696425,0.6181249932953021,9.757320073670183,1.3818277193520412
mode_b_T200p0_muB450p0_xip0p31_1,dubar_to_dubar,t,full_process,0.3,2.0,2.8078452258765294,0.16325007166793826,0.0,0.005565626120242906,0.0,37.522627223572506,32282.855551531906,8.359628679767198,0.536219510984853,4.661419774694119,0.6612794095083381
mode_b_T200p0_muB450p0_xip0p31_1,dubar_to_dubar,s,full_process,0.31,0.0001,0.8409715925131838,-0.00017704864052525693,-0.00022886608439870923,,,1.194373463793926e7,,1.0647776409173375e7,0.0,1.0647776409173375e7,59014.253297318224
mode_b_T200p0_muB450p0_xip0p31_1,dubar_to_dubar,s,full_process,0.31,0.0005,0.8413715925131837,-0.00021306373233076492,-0.0005120136595411535,,,3.2514600350543032e6,,2.8986594650762733e6,0.0,2.8986594650762733e6,16074.541489542886
mode_b_T200p0_muB450p0_xip0p31_1,dubar_to_dubar,s,full_process,0.31,0.001,0.8418715925131838,-0.00025808193161602766,-0.0007245448507969762,,,1.69041267035211e6,,1.5069939762367369e6,0.0,1.5069939762367369e6,8362.902063411424
mode_b_T200p0_muB450p0_xip0p31_1,dubar_to_dubar,s,full_process,0.31,0.005,0.8458715925131838,-0.000618162036958303,-0.0016281485362723063,,,329707.43515137426,,293932.4387518269,0.0,293932.4387518269,1640.2860950774584
mode_b_T200p0_muB450p0_xip0p31_1,dubar_to_dubar,s,full_process,0.31,0.01,0.8508715925131838,-0.0010680696520610766,-0.002316720304900433,,,153657.84608977303,,136985.15902069805,0.0,136985.15902069805,769.7744528568286
mode_b_T200p0_muB450p0_xip0p31_1,dubar_to_dubar,s,full_process,0.31,0.02,0.8608715925131838,-0.00196722021426754,-0.0033164100395104293,,,67256.14018450526,,59958.494100655276,0.0,59958.494100655276,341.60649698232476
mode_b_T200p0_muB450p0_xip0p31_1,dubar_to_dubar,s,full_process,0.31,0.05,0.8908715925131838,-0.004659316744467512,-0.005433689590920313,,,19518.206693146567,,17400.37828004913,0.0,17400.37828004913,103.22912038686715
mode_b_T200p0_muB450p0_xip0p31_1,dubar_to_dubar,s,full_process,0.31,0.1,0.9408715925131838,-0.009128261838023954,-0.008131737064603512,,,6691.187107462719,,5965.158000571894,0.0,5965.158000571894,37.75221564558784
mode_b_T200p0_muB450p0_xip0p31_1,dubar_to_dubar,s,full_process,0.31,0.2,1.0408715925131837,-0.017999027175318094,-0.012762821073816953,,,2054.0014184619604,,1831.1314267178773,0.0,1831.1314267178773,13.069751034896683
mode_b_T200p0_muB450p0_xip0p31_1,dubar_to_dubar,s,full_process,0.31,0.5,1.3408715925131838,-0.04407350828469436,-0.026137995086576066,,,380.85532890676257,,339.5305161553172,0.0,339.5305161553172,3.295742115613985
mode_b_T200p0_muB450p0_xip0p31_1,dubar_to_dubar,s,full_process,0.31,1.0,1.8408715925131838,-0.08573533862462823,-0.05085232488135298,,,100.63898474162568,,89.71912388033454,0.0,89.71912388033454,1.306618437548363
mode_b_T200p0_muB450p0_xip0p31_1,dubar_to_dubar,s,full_process,0.31,2.0,2.8408715925131838,-0.16233409212144445,-0.1103198454131453,,,25.958635701109316,,23.141986758030114,0.0,23.141986758030114,0.6462480265684382
mode_b_T200p0_muB450p0_xip0p31_1,dubar_to_dubar,t,full_process,0.31,0.0001,0.8409715925131838,0.07760514997292534,0.0,0.004115182501255335,0.0,166.04236667536722,59050.25802302065,37.00647344410637,0.7228842734959352,27.385007052569826,59014.253297318224
mode_b_T200p0_muB450p0_xip0p31_1,dubar_to_dubar,t,full_process,0.31,0.0005,0.8413715925131837,0.0776218378185849,0.0,0.004115449517788126,0.0,165.97097976646526,59042.59573311359,36.99056318095225,0.7228384681259494,27.37160257448085,16074.541489542886
mode_b_T200p0_muB450p0_xip0p31_1,dubar_to_dubar,t,full_process,0.31,0.001,0.8418715925131838,0.07764269789366085,0.0,0.00411578330125423,0.0,165.8818097065303,59033.01960060703,36.97068952146965,0.7227812170699073,27.354859619391778,8362.902063411424
mode_b_T200p0_muB450p0_xip0p31_1,dubar_to_dubar,t,full_process,0.31,0.005,0.8458715925131838,0.07780958877781541,0.0,0.004118454068717071,0.0,165.17098542488463,58956.48003312356,36.81226549735545,0.7223234360540657,27.221420244207476,1640.2860950774584
mode_b_T200p0_muB450p0_xip0p31_1,dubar_to_dubar,t,full_process,0.31,0.01,0.8508715925131838,0.07801822782730328,0.0,0.0041217937724944125,0.0,164.28875470001358,58860.979180110226,36.61563948831203,0.721751778566541,27.05587330034454,769.7744528568286
mode_b_T200p0_muB450p0_xip0p31_1,dubar_to_dubar,t,full_process,0.31,0.02,0.8608715925131838,0.07843558995895772,0.0,0.004128477320419888,0.0,162.54501879608284,58670.5546196209,36.22700664890833,0.7206103580248027,26.72889766810466,341.60649698232476
mode_b_T200p0_muB450p0_xip0p31_1,dubar_to_dubar,t,full_process,0.31,0.05,0.8908715925131838,0.07968833620886917,0.0,0.004148560998875369,0.0,157.47458814954368,58103.867347116524,35.09694110703261,0.7172012163031948,25.77988722383084,103.22912038686715
mode_b_T200p0_muB450p0_xip0p31_1,dubar_to_dubar,t,full_process,0.31,0.1,0.9408715925131838,0.08177836765457636,0.0,0.004182143379965275,0.0,149.52820674239527,57174.47217371567,33.325901833090455,0.7115694641770014,24.298129613028728,37.75221564558784
mode_b_T200p0_muB450p0_xip0p31_1,dubar_to_dubar,t,full_process,0.31,0.2,1.0408715925131837,0.08596583420799653,0.0,0.004249715351184512,0.0,135.31571485121017,55370.7385933504,30.158311450727226,0.7004920572266032,21.666272272086193,13.069751034896683
mode_b_T200p0_muB450p0_xip0p31_1,dubar_to_dubar,t,full_process,0.31,0.5,1.3408715925131838,0.09857798851915434,0.0,0.004455623003941267,0.0,102.90585745001346,50371.29600744555,22.93500723470399,0.6687057667871016,15.771274913858234,3.295742115613985
mode_b_T200p0_muB450p0_xip0p31_1,dubar_to_dubar,t,full_process,0.31,1.0,1.8408715925131838,0.11971539953004273,0.0,0.004809080952461904,0.0,69.77501869094131,43239.018239885896,15.551015249600212,0.6202401168519555,9.959858256114243,1.306618437548363
mode_b_T200p0_muB450p0_xip0p31_1,dubar_to_dubar,t,full_process,0.31,2.0,2.8408715925131838,0.16219064304149378,0.0,0.005552498387628715,0.0,38.01442349992196,32435.688262349126,8.472414492219917,0.5379175275889472,4.740690228574521,0.6462480265684382
mode_b_T200p0_muB450p0_xip0p31_1,dubar_to_dubar,s,full_process,0.32,0.0001,0.8749306645713063,-0.004262352271711345,-0.00023811154064292826,,,54871.659596195175,,48936.457801186225,0.0,48936.457801186225,283.6937507076766
mode_b_T200p0_muB450p0_xip0p31_1,dubar_to_dubar,s,full_process,0.32,0.0005,0.8753306645713063,-0.004298347936510627,-0.0005326874216914747,,,53306.180238255896,,47540.308767203845,0.0,47540.308767203845,275.7492413605307
mode_b_T200p0_muB450p0_xip0p31_1,dubar_to_dubar,s,full_process,0.32,0.001,0.8758306645713063,-0.004343341903329634,-0.0007537824844141595,,,51459.3699181439,,45893.25897934987,0.0,45893.25897934987,266.3759070915042
mode_b_T200p0_muB450p0_xip0p31_1,dubar_to_dubar,s,full_process,0.32,0.005,0.8798306645713063,-0.004703228595384301,-0.0016935351486750978,,,40018.53575299335,,35689.92446289257,0.0,35689.92446289257,208.27426900025534
mode_b_T200p0_muB450p0_xip0p31_1,dubar_to_dubar,s,full_process,0.32,0.01,0.8848306645713063,-0.005152894279870868,-0.0024092073213785935,,,30905.596362317556,,27562.687612057784,0.0,27562.687612057784,161.92995657730552
mode_b_T200p0_muB450p0_xip0p31_1,dubar_to_dubar,s,full_process,0.32,0.02,0.8948306645713063,-0.006051559284297348,-0.0034472526954451607,,,20616.464908754264,,18386.481700052194,0.0,18386.481700052194,109.46837859060365
mode_b_T200p0_muB450p0_xip0p31_1,dubar_to_dubar,s,full_process,0.32,0.05,0.9248306645713064,-0.00874218354002454,-0.005640788509271413,,,9238.364469358648,,8239.095305914845,0.0,8239.095305914845,51.0106976464007
mode_b_T200p0_muB450p0_xip0p31_1,dubar_to_dubar,s,full_process,0.32,0.1,0.9748306645713063,-0.01320862158327718,-0.008425129835526126,,,4074.1412738164618,,3633.4611343889737,0.0,3633.4611343889737,23.949677448866087
mode_b_T200p0_muB450p0_xip0p31_1,dubar_to_dubar,s,full_process,0.32,0.2,1.0748306645713064,-0.022074173948471776,-0.01317916244379992,,,1512.9520537049768,,1349.3033539756266,0.0,1349.3033539756266,9.995690605289939
mode_b_T200p0_muB450p0_xip0p31_1,dubar_to_dubar,s,full_process,0.32,0.5,1.3748306645713062,-0.04813146167312077,-0.02680274274934637,,,329.4866186116408,,293.8476460599491,0.0,293.8476460599491,2.9391227799423705
mode_b_T200p0_muB450p0_xip0p31_1,dubar_to_dubar,s,full_process,0.32,1.0,1.8748306645713062,-0.08975970504373598,-0.05180631456835875,,,93.1038111480482,,83.03322259442254,0.0,83.03322259442254,1.2378266530980175
mode_b_T200p0_muB450p0_xip0p31_1,dubar_to_dubar,s,full_process,0.32,2.0,2.874830664571306,-0.16627463059825942,-0.11170173874923342,,,24.922409548222358,,22.226673152147235,0.0,22.226673152147235,0.6318117124430896
mode_b_T200p0_muB450p0_xip0p31_1,dubar_to_dubar,t,full_process,0.32,0.0001,0.8749306645713063,0.07669973721629686,0.0,0.00410533239132232,0.0,169.98564519870598,59333.961883766984,37.899780206625266,0.7255261740442507,28.137736112884728,283.6937507076766
mode_b_T200p0_muB450p0_xip0p31_1,dubar_to_dubar,t,full_process,0.32,0.0005,0.8753306645713063,0.07671639179305334,0.0,0.00410559880513522,0.0,169.91184788863436,59326.26172849289,37.88332645355521,0.7254801198121814,28.1238458744598,275.7492413605307
mode_b_T200p0_muB450p0_xip0p31_1,dubar_to_dubar,t,full_process,0.32,0.001,0.8758306645713063,0.07673721028492309,0.0,0.004105931835180458,0.0,169.81966761306677,59316.638272886295,37.862774058208444,0.7254225577213613,28.106496295899362,266.3759070915042
mode_b_T200p0_muB450p0_xip0p31_1,dubar_to_dubar,t,full_process,0.32,0.005,0.8798306645713063,0.07690376861427384,0.0,0.0041085965744034544,0.0,169.0848726631217,59239.720468168605,37.698945123904636,0.7249622901677474,27.968226930443564,208.27426900025534
mode_b_T200p0_muB450p0_xip0p31_1,dubar_to_dubar,t,full_process,0.32,0.01,0.8848306645713063,0.07711199224757292,0.0,0.004111928740706124,0.0,168.17295402206113,59143.74768700332,37.49562491988308,0.7243875288585002,27.796699524585588,161.92995657730552
mode_b_T200p0_muB450p0_xip0p31_1,dubar_to_dubar,t,full_process,0.32,0.02,0.8948306645713063,0.07752852448656389,0.0,0.004118597206564749,0.0,166.37074554309152,58952.38215387369,37.09380684189409,0.7232399151074977,27.457949940899255,109.46837859060365
mode_b_T200p0_muB450p0_xip0p31_1,dubar_to_dubar,t,full_process,0.32,0.05,0.9248306645713064,0.07877878888293599,0.0,0.0041386355844677016,0.0,161.13185257787518,58382.894812520084,35.92575002347493,0.7198123078574842,26.475056535471804,51.0106976464007
mode_b_T200p0_muB450p0_xip0p31_1,dubar_to_dubar,t,full_process,0.32,0.1,0.9748306645713063,0.08086471189521538,0.0,0.004172142299758262,0.0,152.92620555522328,57448.90759903294,34.09622954691871,0.7141501514449055,24.941270823772705,23.949677448866087
mode_b_T200p0_muB450p0_xip0p31_1,dubar_to_dubar,t,full_process,0.32,0.2,1.0748306645713064,0.08504407874274666,0.0,0.004239562428984312,0.0,138.2648663404345,55636.26031161288,30.82735626573234,0.7030132707227525,22.219721748871674,9.995690605289939
mode_b_T200p0_muB450p0_xip0p31_1,dubar_to_dubar,t,full_process,0.32,0.5,1.3748306645713062,0.09763303467065843,0.0,0.004445012077171151,0.0,104.90747232328428,50612.071093866136,23.390034719916233,0.6710583237947944,16.137437954637797,2.9391227799423705
mode_b_T200p0_muB450p0_xip0p31_1,dubar_to_dubar,t,full_process,0.32,1.0,1.8748306645713062,0.11873591384751625,0.0,0.004797704692608964,0.0,70.93095411815814,43444.31703608998,15.81467404369319,0.6223400219413513,10.162588325744926,1.2378266530980175
mode_b_T200p0_muB450p0_xip0p31_1,dubar_to_dubar,t,full_process,0.32,2.0,2.874830664571306,0.1611573494479135,0.0,0.005539602626145301,0.0,38.50346090970998,32586.87952734578,8.584681982802529,0.5395999131196336,4.819729119114831,0.6318117124430896
mode_b_T200p0_muB450p0_xip0p31_1,uubar_to_uubar,s,full_process,0.3,0.0001,0.8079452258765285,0.003846460367070703,-0.00021987242476113712,0.003406243774673584,-1.5593627877307707e-6,67369.09621355719,86188.32828602541,15009.09372579984,0.9658173574237208,15250.472392282763,81.45280184953688
mode_b_T200p0_muB450p0_xip0p31_1,uubar_to_uubar,s,full_process,0.3,0.0005,0.8083452258765285,0.0038104280453025163,-0.0004919029247110298,0.003405904486317377,-3.4885560305874198e-6,67744.57142708758,86205.42853317402,15092.745473980302,0.965964040495775,15333.243033863891,81.93593407694114
mode_b_T200p0_muB450p0_xip0p31_1,uubar_to_uubar,s,full_process,0.3,0.001,0.8088452258765285,0.003765388359120325,-0.0006961034456667601,0.003405480394686282,-4.936594475144877e-6,68200.21905630486,86226.80982650704,15194.25875465675,0.9661474361864498,15433.572089369243,82.52375144331624
mode_b_T200p0_muB450p0_xip0p31_1,uubar_to_uubar,s,full_process,0.3,0.005,0.8128452258765285,0.003405136795500474,-0.0015645421232757784,0.003402088678582122,-1.1092766554892175e-5,71211.13001533397,86398.08638247702,15865.056602988609,0.9676161267428077,16091.530524785234,86.47457263379002
mode_b_T200p0_muB450p0_xip0p31_1,uubar_to_uubar,s,full_process,0.3,0.01,0.8178452258765285,0.0029550146838152047,-0.0022267504785381483,0.003397851770692586,-1.578329877713345e-5,73043.19396916206,86612.73869680794,16273.220303262788,0.9694556958263475,16475.512610538448,89.09578654114429
mode_b_T200p0_muB450p0_xip0p31_1,uubar_to_uubar,s,full_process,0.3,0.02,0.8278452258765285,0.00205543342226322,-0.00318912611792694,0.0033893872312780516,-2.259149170264341e-5,69466.96356256302,87043.89731874851,15476.475499272228,0.9731471251316783,15611.788998964583,85.49442357318628
mode_b_T200p0_muB450p0_xip0p31_1,uubar_to_uubar,s,full_process,0.3,0.05,0.8578452258765286,-0.0006379708299775189,-0.005232212244830411,0.003364068029826764,-3.6999656076950514e-5,35993.16622318984,88352.31402499978,8018.88158955938,0.9843200821794277,8000.300700193541,45.50783698402027
mode_b_T200p0_muB450p0_xip0p31_1,uubar_to_uubar,s,full_process,0.3,0.1,0.9078452258765285,-0.005109148758173365,-0.007846281879172478,0.0033221173109538485,-5.532251338866679e-5,11406.730425959484,90583.615675348,2541.2940901781576,1.0032736196338168,2488.608421238776,15.092797885744574
mode_b_T200p0_muB450p0_xip0p31_1,uubar_to_uubar,s,full_process,0.3,0.2,1.0078452258765285,-0.013984578820163573,-0.01235766937303431,0.003239143712610246,-8.661684003757176e-5,2871.249411239386,95242.13651686959,639.6827914512962,1.0424480130731812,602.9520463964568,4.1819755415199875
mode_b_T200p0_muB450p0_xip0p31_1,uubar_to_uubar,s,full_process,0.3,0.5,1.3078452258765285,-0.04007461147901781,-0.025490765943014103,0.002997601905466635,-0.00017544362425310104,443.31082309892855,110909.03916783739,98.76477595099928,1.1704964512841445,82.49632913848306,1.1832903871039209
mode_b_T200p0_muB450p0_xip0p31_1,uubar_to_uubar,s,full_process,0.3,1.0,1.8078452258765285,-0.08176731097231138,-0.049922683790822785,0.002619308817784434,-0.0003327954119264553,108.95421116941026,143440.50578112883,24.273799993967906,1.420117789906532,16.52289963009705,1.371832722741769
mode_b_T200p0_muB450p0_xip0p31_1,uubar_to_uubar,s,full_process,0.3,2.0,2.8078452258765285,-0.158444579690723,-0.10897112446474654,0.0019509968129663641,-0.000676835693877059,27.042089616765363,234494.347324587,6.024680163630155,2.0154395161986347,3.9094729847973064,0.3569428848285263
mode_b_T200p0_muB450p0_xip0p31_1,uubar_to_uubar,t,full_process,0.3,0.0001,0.8079452258765285,0.07853609516565874,0.0,0.004125207306096736,0.0,162.12925665704935,58763.6067161561,36.12061532109754,0.7202313751263274,47.04186633998952,81.45280184953688
mode_b_T200p0_muB450p0_xip0p31_1,uubar_to_uubar,t,full_process,0.3,0.0005,0.8083452258765285,0.07855281685249227,0.0,0.004125474940439317,0.0,162.0602384802559,58755.98255198609,36.1052388303548,0.7201858155344731,47.023950200518435,81.93593407694114
mode_b_T200p0_muB450p0_xip0p31_1,uubar_to_uubar,t,full_process,0.3,0.001,0.8088452258765285,0.07857371922577616,0.0,0.004125809496186389,0.0,161.97402662559145,58746.45406809888,36.08603177727472,0.7201288716603002,47.00157007601867,82.52375144331624
mode_b_T200p0_muB450p0_xip0p31_1,uubar_to_uubar,t,full_process,0.3,0.005,0.8128452258765285,0.07874094837120948,0.0,0.00412848644267854,0.0,161.28675995388974,58670.29534427113,35.93291632122804,0.7196735464405276,46.82312954319197,86.47457263379002
mode_b_T200p0_muB450p0_xip0p31_1,uubar_to_uubar,t,full_process,0.3,0.01,0.8178452258765285,0.07895000993611623,0.0,0.004131833872188389,0.0,160.43370830072075,58575.269683071776,35.74286579457738,0.7191049545512246,46.601570718109635,89.09578654114429
mode_b_T200p0_muB450p0_xip0p31_1,uubar_to_uubar,t,full_process,0.3,0.02,0.8278452258765285,0.07936821604580957,0.0,0.004138532877929652,0.0,158.74745166220663,58385.79264109361,35.36718636059804,0.7179696514479202,46.16336348441171,85.49442357318628
mode_b_T200p0_muB450p0_xip0p31_1,uubar_to_uubar,t,full_process,0.3,0.05,0.8578452258765286,0.08062348549725584,0.0,0.004158662977992165,0.0,153.84268851057277,57821.92521889084,34.27445907192604,0.7145787533003289,44.88687602023846,45.50783698402027
mode_b_T200p0_muB450p0_xip0p31_1,uubar_to_uubar,t,full_process,0.3,0.1,0.9078452258765285,0.08271769125071216,0.0,0.004192322872359281,0.0,146.15147122491283,56897.155502868874,32.560940447006026,0.7089770530351275,42.879279518858134,15.092797885744574
mode_b_T200p0_muB450p0_xip0p31_1,uubar_to_uubar,t,full_process,0.3,0.2,1.0078452258765285,0.08691337790178899,0.0,0.004260050300678267,0.0,132.38133049940336,55102.40390334521,29.493104534357478,0.6979584777301406,39.26519379014809,4.1819755415199875
mode_b_T200p0_muB450p0_xip0p31_1,uubar_to_uubar,t,full_process,0.3,0.5,1.3078452258765285,0.09954900557880841,0.0,0.004466426169794083,0.0,100.90812762157526,50127.91960782311,22.48122106857672,0.6663393587218465,30.888393051795617,1.1832903871039209
mode_b_T200p0_muB450p0_xip0p31_1,uubar_to_uubar,t,full_process,0.3,1.0,1.8078452258765285,0.12072116705609326,0.0,0.004820664555511579,0.0,68.61722484256161,43031.4693205521,15.287163057696425,0.6181249932953021,22.053256028313275,1.371832722741769
mode_b_T200p0_muB450p0_xip0p31_1,uubar_to_uubar,t,full_process,0.3,2.0,2.8078452258765285,0.16325007166793826,0.0,0.005565626120242906,0.0,37.522627223572506,32282.855551531906,8.359628679767198,0.536219510984853,13.13027660680998,0.3569428848285263
mode_b_T200p0_muB450p0_xip0p31_1,uubar_to_uubar,s,full_process,0.31,0.0001,0.8409715925131848,-0.00017704864052525693,-0.00022886608439870923,0.0033683330796831354,-1.6189356037248374e-6,1.194373463793926e7,88139.34907025924,2.6619441022933424e6,0.9829352138647274,2.6599668195549655e6,14737.733228907
mode_b_T200p0_muB450p0_xip0p31_1,uubar_to_uubar,s,full_process,0.31,0.0005,0.8413715925131847,-0.00021306373233076492,-0.0005120136595411535,0.003367995147713522,-3.6217591354919575e-6,3.2514600350543032e6,88156.95552252184,724664.8662690681,0.9830857551128311,724018.9763182596,4013.514611722039
mode_b_T200p0_muB450p0_xip0p31_1,uubar_to_uubar,s,full_process,0.31,0.001,0.8418715925131848,-0.00025808193161602766,-0.0007245448507969762,0.0033675727511910526,-5.124961927597643e-6,1.69041267035211e6,88178.96980224793,376748.4940591842,0.98327397510941,376342.7653180559,2087.5363187259763
mode_b_T200p0_muB450p0_xip0p31_1,uubar_to_uubar,s,full_process,0.31,0.005,0.8458715925131848,-0.000618162036958303,-0.0016281485362723063,0.003364194591500227,-1.1513786749026282e-5,329707.43515137426,88355.31845021727,73483.10968795669,0.9847813130652973,73294.84911239761,408.62966851719113
mode_b_T200p0_muB450p0_xip0p31_1,uubar_to_uubar,s,full_process,0.31,0.01,0.8508715925131848,-0.0010680696520610766,-0.002316720304900433,0.0033599746264365124,-1.637838896222776e-5,153657.84608977303,88576.33063874573,34246.2897551745,0.9866693157529794,34094.98410663116,191.2969034787029
mode_b_T200p0_muB450p0_xip0p31_1,uubar_to_uubar,s,full_process,0.31,0.02,0.8608715925131848,-0.00196722021426754,-0.0033164100395104293,0.0033515439712652434,-2.3432164118973113e-5,67256.14018450526,89020.27444495844,14989.623525163817,0.9904580206249356,14867.756238923892,84.48829710187414
mode_b_T200p0_muB450p0_xip0p31_1,uubar_to_uubar,s,full_process,0.31,0.05,0.8908715925131848,-0.004659316744467512,-0.005433689590920313,0.0033263264243634555,-3.8324540903157227e-5,19518.206693146567,90367.57347883034,4350.094570012281,1.001926074208327,4266.308256947645,25.194153233124602
mode_b_T200p0_muB450p0_xip0p31_1,uubar_to_uubar,s,full_process,0.31,0.1,0.9408715925131848,-0.009128261838023954,-0.008131737064603512,0.0032845451423538633,-5.718592809319717e-5,6691.187107462719,92665.4634901353,1491.2895001429729,1.021382425178135,1434.9401521731497,9.042938521892648
mode_b_T200p0_muB450p0_xip0p31_1,uubar_to_uubar,s,full_process,0.31,0.2,1.0408715925131848,-0.017999027175318094,-0.012762821073816953,0.0032019104468651275,-8.922290200892386e-5,2054.0014184619604,97464.07030821871,457.78285667946915,1.0616042736401308,423.60292653078216,3.0631117050437586
mode_b_T200p0_muB450p0_xip0p31_1,uubar_to_uubar,s,full_process,0.31,0.5,1.3408715925131847,-0.04407350828469436,-0.026137995086576066,0.002961385097746811,-0.0001794232172073384,380.85532890676257,113610.61549413482,84.88262903882926,1.1931373299472012,69.4165570092022,1.095547664714189
mode_b_T200p0_muB450p0_xip0p31_1,uubar_to_uubar,s,full_process,0.31,1.0,1.8408715925131847,-0.08573533862462823,-0.05085232488135298,0.0025847821001437564,-0.0003380804747232396,100.63898474162568,147158.43869898765,22.429780970083627,1.449647832264223,14.907987553432125,1.3065393447119973
mode_b_T200p0_muB450p0_xip0p31_1,uubar_to_uubar,s,full_process,0.31,2.0,2.8408715925131847,-0.16233409212144445,-0.1103198454131453,0.0019198131077587499,-0.0006832907560440414,25.958635701109316,240814.80405515502,5.785496689507527,2.058949851299833,3.766745441302321,0.3522294587539645
mode_b_T200p0_muB450p0_xip0p31_1,uubar_to_uubar,t,full_process,0.31,0.0001,0.8409715925131848,0.07760514997292534,0.0,0.004115182501255335,0.0,166.04236667536722,59050.25802302065,37.00647344410637,0.7228842734959352,48.07370838263478,14737.733228907
mode_b_T200p0_muB450p0_xip0p31_1,uubar_to_uubar,t,full_process,0.31,0.0005,0.8413715925131847,0.0776218378185849,0.0,0.004115449517788126,0.0,165.97097976646526,59042.59573311359,36.99056318095225,0.7228384681259494,48.05520072367555,4013.514611722039
mode_b_T200p0_muB450p0_xip0p31_1,uubar_to_uubar,t,full_process,0.31,0.001,0.8418715925131848,0.07764269789366085,0.0,0.00411578330125423,0.0,165.8818097065303,59033.01960060703,36.97068952146965,0.7227812170699073,48.03208185768734,2087.5363187259763
mode_b_T200p0_muB450p0_xip0p31_1,uubar_to_uubar,t,full_process,0.31,0.005,0.8458715925131848,0.07780958877781541,0.0,0.004118454068717071,0.0,165.17098542488463,58956.48003312356,36.81226549735545,0.7223234360540657,47.84775762261155,408.62966851719113
mode_b_T200p0_muB450p0_xip0p31_1,uubar_to_uubar,t,full_process,0.31,0.01,0.8508715925131848,0.07801822782730328,0.0,0.0041217937724944125,0.0,164.28875470001358,58860.979180110226,36.61563948831203,0.721751778566541,47.61890923341259,191.2969034787029
mode_b_T200p0_muB450p0_xip0p31_1,uubar_to_uubar,t,full_process,0.31,0.02,0.8608715925131848,0.07843558995895772,0.0,0.004128477320419888,0.0,162.54501879608284,58670.5546196209,36.22700664890833,0.7206103580248027,47.16633634576161,84.48829710187414
mode_b_T200p0_muB450p0_xip0p31_1,uubar_to_uubar,t,full_process,0.31,0.05,0.8908715925131848,0.07968833620886917,0.0,0.004148560998875369,0.0,157.47458814954368,58103.867347116524,35.09694110703261,0.7172012163031948,45.848397422840776,25.194153233124602
mode_b_T200p0_muB450p0_xip0p31_1,uubar_to_uubar,t,full_process,0.31,0.1,0.9408715925131848,0.08177836765457636,0.0,0.004182143379965275,0.0,149.52820674239527,57174.47217371567,33.325901833090455,0.7115694641770014,43.77681298150618,9.042938521892648
mode_b_T200p0_muB450p0_xip0p31_1,uubar_to_uubar,t,full_process,0.31,0.2,1.0408715925131848,0.08596583420799653,0.0,0.004249715351184512,0.0,135.31571485121017,55370.7385933504,30.158311450727226,0.7004920572266032,40.051334743821464,3.0631117050437586
mode_b_T200p0_muB450p0_xip0p31_1,uubar_to_uubar,t,full_process,0.31,0.5,1.3408715925131847,0.09857798851915434,0.0,0.004455623003941267,0.0,102.90585745001346,50371.29600744555,22.93500723470399,0.6687057667871016,31.436151089123943,1.095547664714189
mode_b_T200p0_muB450p0_xip0p31_1,uubar_to_uubar,t,full_process,0.31,1.0,1.8408715925131847,0.11971539953004273,0.0,0.004809080952461904,0.0,69.77501869094131,43239.018239885896,15.551015249600212,0.6202401168519555,22.38265247679009,1.3065393447119973
mode_b_T200p0_muB450p0_xip0p31_1,uubar_to_uubar,t,full_process,0.31,2.0,2.8408715925131847,0.16219064304149378,0.0,0.005552498387628715,0.0,38.01442349992196,32435.688262349126,8.472414492219917,0.5379175275889472,13.279973811043208,0.3522294587539645
mode_b_T200p0_muB450p0_xip0p31_1,uubar_to_uubar,s,full_process,0.32,0.0001,0.874930664571308,-0.004262352271711345,-0.00023811154064292826,0.0033299033724427307,-1.6799172748272045e-6,54871.659596195175,90185.48120785924,12234.114450296553,1.0008660829649723,12014.154460185426,69.15962511079096
mode_b_T200p0_muB450p0_xip0p31_1,uubar_to_uubar,s,full_process,0.32,0.0005,0.8753306645713079,-0.004298347936510627,-0.0005326874216914747,0.003329566822086207,-3.7581123489688363e-6,53306.180238255896,90203.62194401682,11885.077191800958,1.0010206901119758,11669.616123495785,67.2108545571902
mode_b_T200p0_muB450p0_xip0p31_1,uubar_to_uubar,s,full_process,0.32,0.001,0.875830664571308,-0.004343341903329634,-0.0007537824844141595,0.003329146152201516,-5.3177839753868104e-6,51459.3699181439,90226.30432274632,11473.31474483746,1.001213994161641,11263.174659117802,64.911699376429
mode_b_T200p0_muB450p0_xip0p31_1,uubar_to_uubar,s,full_process,0.32,0.005,0.879830664571308,-0.004703228595384301,-0.0016935351486750978,0.003325781801074574,-1.1944761800803701e-5,40018.53575299335,90408.00645903718,8922.481115723142,1.0027620605736673,8745.724045804369,50.66333309447017
mode_b_T200p0_muB450p0_xip0p31_1,uubar_to_uubar,s,full_process,0.32,0.01,0.884830664571308,-0.005152894279870868,-0.0024092073213785935,0.003321579093866642,-1.698754697418523e-5,30905.596362317556,90635.73145375622,6890.671903014443,1.004701105377743,6741.291913658207,39.30422984016206
mode_b_T200p0_muB450p0_xip0p31_1,uubar_to_uubar,s,full_process,0.32,0.02,0.894830664571308,-0.006051559284297348,-0.0034472526954451607,0.003313182952586667,-2.4292701829797746e-5,20616.464908754264,91093.17022629634,4596.620425013048,1.0085923263605572,4479.800032460458,26.458346497448172
mode_b_T200p0_muB450p0_xip0p31_1,uubar_to_uubar,s,full_process,0.32,0.05,0.924830664571308,-0.00874218354002454,-0.005640788509271413,0.003288068946184825,-3.968069491197034e-5,9238.364469358648,92481.5124279296,2059.773826478711,1.0203713859020895,1984.356121557841,12.185694798699965
mode_b_T200p0_muB450p0_xip0p31_1,uubar_to_uubar,s,full_process,0.32,0.1,0.974830664571308,-0.01320862158327718,-0.008425129835526126,0.0032464602345120158,-5.909323213289398e-5,4074.1412738164618,94849.69869060542,908.3652835972429,1.0403576943974653,858.1804747462143,5.6298888803140565
mode_b_T200p0_muB450p0_xip0p31_1,uubar_to_uubar,s,full_process,0.32,0.2,1.074830664571308,-0.022074173948471776,-0.01317916244379992,0.003164170671785122,-9.189009108040265e-5,1512.9520537049768,99796.2178294693,337.3258384939066,1.081683655718179,306.18772149322666,2.313639866634944
mode_b_T200p0_muB450p0_xip0p31_1,uubar_to_uubar,s,full_process,0.32,0.5,1.374830664571308,-0.04813146167312077,-0.02680274274934637,0.002924680163100086,-0.00018349496016096753,329.4866186116408,116449.35044569694,73.46191151498726,1.2168899898983443,58.76635654708801,1.026019642018624
mode_b_T200p0_muB450p0_xip0p31_1,uubar_to_uubar,s,full_process,0.32,1.0,1.874830664571308,-0.08975970504373598,-0.05180631456835875,0.0025497968034839495,-0.0003434851175133325,93.1038111480482,151070.04959326412,20.758305648605628,1.4806529222359193,13.461659904347758,1.2444689698967721
mode_b_T200p0_muB450p0_xip0p31_1,uubar_to_uubar,s,full_process,0.32,2.0,2.874830664571308,-0.16627463059825942,-0.11170173874923342,0.001888225476735041,-0.0006898840374993152,24.922409548222358,247442.9593360714,5.556668288036806,2.1044173338256607,3.637568735901837,0.34797079271021486
mode_b_T200p0_muB450p0_xip0p31_1,uubar_to_uubar,t,full_process,0.32,0.0001,0.874930664571308,0.07669973721629686,0.0,0.00410533239132232,0.0,169.98564519870598,59333.961883766984,37.899780206625266,0.7255261740442507,49.1128766484543,69.15962511079096
mode_b_T200p0_muB450p0_xip0p31_1,uubar_to_uubar,t,full_process,0.32,0.0005,0.8753306645713079,0.07671639179305334,0.0,0.00410559880513522,0.0,169.91184788863436,59326.26172849289,37.88332645355521,0.7254801198121814,49.093767272274995,67.2108545571902
mode_b_T200p0_muB450p0_xip0p31_1,uubar_to_uubar,t,full_process,0.32,0.001,0.875830664571308,0.07673721028492309,0.0,0.004105931835180458,0.0,169.81966761306677,59316.638272886295,37.862774058208444,0.7254225577213613,49.06989693596026,64.911699376429
mode_b_T200p0_muB450p0_xip0p31_1,uubar_to_uubar,t,full_process,0.32,0.005,0.879830664571308,0.07690376861427384,0.0,0.0041085965744034544,0.0,169.0848726631217,59239.720468168605,37.698945123904636,0.7249622901677474,48.87958789770119,50.66333309447017
mode_b_T200p0_muB450p0_xip0p31_1,uubar_to_uubar,t,full_process,0.32,0.01,0.884830664571308,0.07711199224757292,0.0,0.004111928740706124,0.0,168.17295402206113,59143.74768700332,37.49562491988308,0.7243875288585002,48.643325372897564,39.30422984016206
mode_b_T200p0_muB450p0_xip0p31_1,uubar_to_uubar,t,full_process,0.32,0.02,0.894830664571308,0.07752852448656389,0.0,0.004118597206564749,0.0,166.37074554309152,58952.38215387369,37.09380684189409,0.7232399151074977,48.17614357310393,26.458346497448172
mode_b_T200p0_muB450p0_xip0p31_1,uubar_to_uubar,t,full_process,0.32,0.05,0.924830664571308,0.07877878888293599,0.0,0.0041386355844677016,0.0,161.13185257787518,58382.894812520084,35.92575002347493,0.7198123078574842,46.816068127193034,12.185694798699965
mode_b_T200p0_muB450p0_xip0p31_1,uubar_to_uubar,t,full_process,0.32,0.1,0.974830664571308,0.08086471189521538,0.0,0.004172142299758262,0.0,152.92620555522328,57448.90759903294,34.09622954691871,0.7141501514449055,44.679488572954526,5.6298888803140565
mode_b_T200p0_muB450p0_xip0p31_1,uubar_to_uubar,t,full_process,0.32,0.2,1.074830664571308,0.08504407874274666,0.0,0.004239562428984312,0.0,138.2648663404345,55636.26031161288,30.82735626573234,0.7030132707227525,40.84101732403852,2.313639866634944
mode_b_T200p0_muB450p0_xip0p31_1,uubar_to_uubar,t,full_process,0.32,0.5,1.374830664571308,0.09763303467065843,0.0,0.004445012077171151,0.0,104.90747232328428,50612.071093866136,23.390034719916233,0.6710583237947944,31.984748132784254,1.026019642018624
mode_b_T200p0_muB450p0_xip0p31_1,uubar_to_uubar,t,full_process,0.32,1.0,1.874830664571308,0.11873591384751625,0.0,0.004797704692608964,0.0,70.93095411815814,43444.31703608998,15.81467404369319,0.6223400219413513,22.71143980552416,1.2444689698967721
mode_b_T200p0_muB450p0_xip0p31_1,uubar_to_uubar,t,full_process,0.32,2.0,2.874830664571308,0.1611573494479136,0.0,0.005539602626145301,0.0,38.50346090970993,32586.87952734578,8.584681982802516,0.5395999131196335,13.428834672729478,0.34797079271021486
mode_a_muB900p0_alpha1p0_xim0p03_1,dubar_to_dubar,s,full_process,-0.04,0.0001,0.912478987434947,0.0011616981433675289,-6.537307398179194e-5,,,738652.6980858708,,698369.100920291,0.0,698369.100920291,914.3872980629013
mode_a_muB900p0_alpha1p0_xim0p03_1,dubar_to_dubar,s,full_process,-0.04,0.0005,0.912878987434947,0.0011354290131520006,-0.00014625131719097012,,,763016.0087187031,,721403.7197421594,0.0,721403.7197421594,945.1151967336572
mode_a_muB900p0_alpha1p0_xim0p03_1,dubar_to_dubar,s,full_process,-0.04,0.001,0.913378987434947,0.001102591526470853,-0.00020695909392657273,,,794571.3987008621,,751238.1864517668,0.0,751238.1864517668,984.941392145391
mode_a_muB900p0_alpha1p0_xim0p03_1,dubar_to_dubar,s,full_process,-0.04,0.005,0.9173789874349471,0.0008398362290725769,-0.00046507472067732603,,,1.0850466185815863e6,,1.0258718792189548e6,0.0,1.0258718792189548e6,1353.104477025454
mode_a_muB900p0_alpha1p0_xim0p03_1,dubar_to_dubar,s,full_process,-0.04,0.01,0.9223789874349471,0.0005112511020614052,-0.0006617862945023351,,,1.4299221147181445e6,,1.3519390428405255e6,0.0,1.3519390428405255e6,1796.547243138979
mode_a_muB900p0_alpha1p0_xim0p03_1,dubar_to_dubar,s,full_process,-0.04,0.02,0.9323789874349471,-0.00014639043122088857,-0.0009474473270344889,,,1.088036757914681e6,,1.0286989465579755e6,0.0,1.0286989465579755e6,1387.4331517422006
mode_a_muB900p0_alpha1p0_xim0p03_1,dubar_to_dubar,s,full_process,-0.04,0.05,0.9623789874349471,-0.0021230848210689324,-0.0015530995467986366,,,144516.87039660977,,136635.41351468273,0.0,136635.41351468273,192.51746555530056
mode_a_muB900p0_alpha1p0_xim0p03_1,dubar_to_dubar,s,full_process,-0.04,0.1,1.0123789874349471,-0.00543012604319526,-0.0023276655282333347,,,28649.768780511942,,27087.30817157944,0.0,27087.30817157944,40.94854687150618
mode_a_muB900p0_alpha1p0_xim0p03_1,dubar_to_dubar,s,full_process,-0.04,0.2,1.112378987434947,-0.012091137322211676,-0.0036710281217921517,,,6262.836889191087,,5921.283140031804,0.0,5921.283140031804,10.220544419036582
mode_a_muB900p0_alpha1p0_xim0p03_1,dubar_to_dubar,s,full_process,-0.04,0.5,1.412378987434947,-0.03244626553995489,-0.007706780998551201,,,899.1555501848405,,850.1186752547285,0.0,850.1186752547285,2.0787197950010827
mode_a_muB900p0_alpha1p0_xim0p03_1,dubar_to_dubar,s,full_process,-0.04,1.0,1.912378987434947,-0.06758110255398009,-0.015896299166838303,,,207.47328095917618,,196.15839631252635,0.0,196.15839631252635,0.7715547753849997
mode_a_muB900p0_alpha1p0_xim0p03_1,dubar_to_dubar,s,full_process,-0.04,2.0,2.912378987434947,-0.14201800898983596,-0.03957978522176978,,,46.00731439561572,,43.49823248934866,0.0,43.49823248934866,0.36310274729537045
mode_a_muB900p0_alpha1p0_xim0p03_1,dubar_to_dubar,t,full_process,-0.04,0.0001,0.912478987434947,0.05848716796560627,0.0,0.0038289531011890853,0.0,292.33365371243667,68208.72101391325,69.09769349010337,0.571215633724494,57.10392877750814,914.3872980629013
mode_a_muB900p0_alpha1p0_xim0p03_1,dubar_to_dubar,t,full_process,-0.04,0.0005,0.912878987434947,0.0585000635098224,0.0,0.0038291825606391098,0.0,292.2047859529714,68200.54659735068,69.06723355218253,0.5711900817628341,57.07649404016019,945.1151967336572
mode_a_muB900p0_alpha1p0_xim0p03_1,dubar_to_dubar,t,full_process,-0.04,0.001,0.913378987434947,0.058516183030971836,0.0,0.0038294693926766293,0.0,292.0438201407505,68190.33036783076,69.02918673063455,0.5711581443563158,57.04222683135155,984.941392145391
mode_a_muB900p0_alpha1p0_xim0p03_1,dubar_to_dubar,t,full_process,-0.04,0.005,0.9173789874349471,0.05864514272260912,0.0,0.0038317643475938765,0.0,290.7608333384673,68108.67249147197,68.72593246041917,0.5709027472494096,56.76913411785475,1353.104477025454
mode_a_muB900p0_alpha1p0_xim0p03_1,dubar_to_dubar,t,full_process,-0.04,0.01,0.9223789874349471,0.05880635110041654,0.0,0.003834633784272615,0.0,289.1688680558412,68006.77989205872,68.34964622806486,0.570583756139072,56.4303624307691,1796.547243138979
mode_a_muB900p0_alpha1p0_xim0p03_1,dubar_to_dubar,t,full_process,-0.04,0.02,0.9323789874349471,0.05912879704607332,0.0,0.0038403751314990777,0.0,286.02362924917526,67803.59209780995,67.60621917388823,0.5699466234344492,55.761346210824144,1387.4331517422006
mode_a_muB900p0_alpha1p0_xim0p03_1,dubar_to_dubar,t,full_process,-0.04,0.05,0.9623789874349471,0.06009636860060574,0.0,0.003857618958295723,0.0,276.8876210728394,67198.77331048711,65.44677880609356,0.5680419933126205,53.82031077416883,192.51746555530056
mode_a_muB900p0_alpha1p0_xim0p03_1,dubar_to_dubar,t,full_process,-0.04,0.1,1.0123789874349471,0.06170976860517019,0.0,0.0038864246151354867,0.0,262.5984535192791,66206.32837556262,62.069307525226534,0.5648899827513725,50.79150692562883,40.94854687150618
mode_a_muB900p0_alpha1p0_xim0p03_1,dubar_to_dubar,t,full_process,-0.04,0.2,1.112378987434947,0.06493950877237686,0.0,0.003944283230384134,0.0,237.12754319774206,64278.215858375435,56.048854074312096,0.5586684839349043,45.415967111038675,10.220544419036582
mode_a_muB900p0_alpha1p0_xim0p03_1,dubar_to_dubar,t,full_process,-0.04,0.5,1.412378987434947,0.07465245930486086,0.0,0.004119837580552218,0.0,179.43690144293348,58916.88949563466,42.412756312053226,0.5406379640111408,33.37634959189397,2.0787197950010827
mode_a_muB900p0_alpha1p0_xim0p03_1,dubar_to_dubar,t,full_process,-0.04,1.0,1.912378987434947,0.09092079013183607,0.0,0.004419021817731296,0.0,120.96886267984162,51209.16665232653,28.592908442626257,0.5125413466504763,21.449067406496354,0.7715547753849997
mode_a_muB900p0_alpha1p0_xim0p03_1,dubar_to_dubar,t,full_process,-0.04,2.0,2.912378987434947,0.12376098417935677,0.0,0.0050420820228557345,0.0,65.28786868554037,39335.09354239505,15.43182278798876,0.4626754057839728,10.550370624030762,0.36310274729537045
mode_a_muB900p0_alpha1p0_xim0p03_1,dubar_to_dubar,s,full_process,-0.03,0.0001,1.033275651488729,-0.009662076300713363,-7.50052609401176e-5,,,10711.07114242824,,10133.873692704456,0.0,10133.873692704456,15.643008356741154
mode_a_muB900p0_alpha1p0_xim0p03_1,dubar_to_dubar,s,full_process,-0.03,0.0005,1.0336756514887289,-0.009688672663503928,-0.00016779187676153464,,,10649.793747513346,,10075.89840974466,0.0,10075.89840974466,15.561998271661098
mode_a_muB900p0_alpha1p0_xim0p03_1,dubar_to_dubar,s,full_process,-0.03,0.001,1.0341756514887288,-0.009721919183260264,-0.00023742617318215118,,,10573.944867101896,,10004.136868475669,0.0,10004.136868475669,15.461694454554474
mode_a_muB900p0_alpha1p0_xim0p03_1,dubar_to_dubar,s,full_process,-0.03,0.005,1.0381756514887288,-0.009987947134904918,-0.0005332750619198611,,,9995.654862710435,,9457.009715240376,0.0,9457.009715240376,14.695825868826084
mode_a_muB900p0_alpha1p0_xim0p03_1,dubar_to_dubar,s,full_process,-0.03,0.01,1.043175651488729,-0.010320623998695932,-0.0007583668919144679,,,9337.90516601928,,8834.704788025356,0.0,8834.704788025356,13.822125410023746
mode_a_muB900p0_alpha1p0_xim0p03_1,dubar_to_dubar,s,full_process,-0.03,0.02,1.053175651488729,-0.010986451916709106,-0.0010844034208155311,,,8204.92243427483,,7762.77615018519,0.0,7762.77615018519,12.309764850315716
mode_a_muB900p0_alpha1p0_xim0p03_1,dubar_to_dubar,s,full_process,-0.03,0.05,1.083175651488729,-0.012987728100895435,-0.001771412291127881,,,5820.078690509796,,5506.4466986497055,0.0,5506.4466986497055,9.086153077094805
mode_a_muB900p0_alpha1p0_xim0p03_1,dubar_to_dubar,s,full_process,-0.03,0.1,1.133175651488729,-0.016335811483934926,-0.0026406103178451944,,,3651.8800138829174,,3455.0877600847784,0.0,3455.0877600847784,6.080000401475813
mode_a_muB900p0_alpha1p0_xim0p03_1,dubar_to_dubar,s,full_process,-0.03,0.2,1.2331756514887289,-0.023079157231532754,-0.00412570844628463,,,1819.2767955633933,,1721.239735331251,0.0,1721.239735331251,3.422184794647233
mode_a_muB900p0_alpha1p0_xim0p03_1,dubar_to_dubar,s,full_process,-0.03,0.5,1.533175651488729,-0.043682828099585125,-0.008485932174404357,,,504.9993634980549,,477.7859932526963,0.0,477.7859932526963,1.3155385428904993
mode_a_muB900p0_alpha1p0_xim0p03_1,dubar_to_dubar,s,full_process,-0.03,1.0,2.0331756514887287,-0.07923357534512387,-0.017153504447044204,,,152.15600085038784,,143.95662895907918,0.0,143.95662895907918,0.623730608382824
mode_a_muB900p0_alpha1p0_xim0p03_1,dubar_to_dubar,s,full_process,-0.03,2.0,3.0331756514887287,-0.15447720810209797,-0.041866540573695515,,,39.03807826220798,,36.93439704158635,0.0,36.93439704158635,0.33269312037620924
mode_a_muB900p0_alpha1p0_xim0p03_1,dubar_to_dubar,t,full_process,-0.03,0.0001,1.033275651488729,0.05566505806095079,0.0,0.0038033498164521283,0.0,322.72652911553155,69130.14316212753,76.33386614310712,0.5804508347735348,63.60145758190447,15.643008356741154
mode_a_muB900p0_alpha1p0_xim0p03_1,dubar_to_dubar,t,full_process,-0.03,0.0005,1.0336756514887289,0.055677947516716175,0.0,0.0038035787061439456,0.0,322.5771239016847,69121.82326011585,76.29852762406392,0.5804243339539217,63.56947832787572,15.561998271661098
mode_a_muB900p0_alpha1p0_xim0p03_1,dubar_to_dubar,t,full_process,-0.03,0.001,1.0341756514887288,0.05569405943703831,0.0,0.0038038648260078716,0.0,322.3905120729509,69111.4252129874,76.25438869816199,0.5803912106384855,63.52953628487177,15.461694454554474
mode_a_muB900p0_alpha1p0_xim0p03_1,dubar_to_dubar,t,full_process,-0.03,0.005,1.0381756514887288,0.05582295870379794,0.0,0.0038061540844809413,0.0,320.9033847768114,69028.31437071176,75.90264142695871,0.5801263328417618,63.2112763554368,14.695825868826084
mode_a_muB900p0_alpha1p0_xim0p03_1,dubar_to_dubar,t,full_process,-0.03,0.01,1.043175651488729,0.05598409250124392,0.0,0.003809016402956206,0.0,319.05879053627757,68924.60949698144,75.4663432080577,0.5797955073181237,62.81661918581475,13.822125410023746
mode_a_muB900p0_alpha1p0_xim0p03_1,dubar_to_dubar,t,full_process,-0.03,0.02,1.053175651488729,0.05630639244667934,0.0,0.003814743521602669,0.0,315.41663491707556,68717.81021908131,74.60487135983202,0.5791347604937259,62.03771016950498,12.309764850315716
mode_a_muB900p0_alpha1p0_xim0p03_1,dubar_to_dubar,t,full_process,-0.03,0.05,1.083175651488729,0.057273551155890945,0.0,0.0038319447251588382,0.0,304.85391494535645,68102.26061017867,72.1064921449653,0.5771597231386058,59.781409730725734,9.086153077094805
mode_a_muB900p0_alpha1p0_xim0p03_1,dubar_to_dubar,t,full_process,-0.03,0.1,1.133175651488729,0.05888634613344368,0.0,0.0038606795510192893,0.0,288.3837501935885,67092.27052972696,68.21083672747639,0.5738918007608231,56.27143321150566,6.080000401475813
mode_a_muB900p0_alpha1p0_xim0p03_1,dubar_to_dubar,t,full_process,-0.03,0.2,1.2331756514887289,0.06211518206754252,0.0,0.003918397280766917,0.0,259.181784035736,65130.298291074316,61.30375356354129,0.5674437301254684,50.07519278488696,3.422184794647233
mode_a_muB900p0_alpha1p0_xim0p03_1,dubar_to_dubar,t,full_process,-0.03,0.5,1.533175651488729,0.07182777005348795,0.0,0.004093535199464537,0.0,193.8274279075968,59676.44471505858,45.845617270170614,0.5487731505032223,36.362671958492705,1.3155385428904993
mode_a_muB900p0_alpha1p0_xim0p03_1,dubar_to_dubar,t,full_process,-0.03,1.0,2.0331756514887287,0.08810283278376363,0.0,0.00439204680051883,0.0,128.83096351530978,51840.129959182574,30.47213239957933,0.519727774447511,23.032660828689835,0.623730608382824
mode_a_muB900p0_alpha1p0_xim0p03_1,dubar_to_dubar,t,full_process,-0.03,2.0,3.0331756514887287,0.12098145669353999,0.0,0.00501385114777179,0.0,68.32228477595379,39779.299146530175,16.160134572673744,0.4683204350122021,11.126411295416734,0.33269312037620924
mode_a_muB900p0_alpha1p0_xim0p03_1,dubar_to_dubar,s,full_process,-0.02,0.0001,1.1884806581749616,-0.023130491736467862,-8.782684504545396e-5,,,1869.0632889292035,,1769.8118480169096,0.0,1769.8118480169096,3.3154788122961714
mode_a_muB900p0_alpha1p0_xim0p03_1,dubar_to_dubar,s,full_process,-0.02,0.0005,1.1888806581749616,-0.023157497984843678,-0.0001964649266754151,,,1864.5991098230165,,1765.584726805686,0.0,1765.584726805686,3.309171373781281
mode_a_muB900p0_alpha1p0_xim0p03_1,dubar_to_dubar,s,full_process,-0.02,0.001,1.1893806581749615,-0.023191256847689745,-0.00027798149867352186,,,1859.0412881806612,,1760.3220379229288,0.0,1760.3220379229288,3.3013164528986323
mode_a_muB900p0_alpha1p0_xim0p03_1,dubar_to_dubar,s,full_process,-0.02,0.005,1.1933806581749615,-0.02346138385833907,-0.0006240581339832545,,,1815.4553966348706,,1719.050654700635,0.0,1719.050654700635,3.2396278951375055
mode_a_muB900p0_alpha1p0_xim0p03_1,dubar_to_dubar,s,full_process,-0.02,0.01,1.1983806581749616,-0.02379918531667946,-0.0008869280416150573,,,1763.0842707995232,,1669.4605527782246,0.0,1669.4605527782246,3.165292435635765
mode_a_muB900p0_alpha1p0_xim0p03_1,dubar_to_dubar,s,full_process,-0.02,0.02,1.2083806581749617,-0.024475264815511988,-0.0012667107601701047,,,1664.882068646308,,1576.473107194362,0.0,1576.473107194362,3.0252423639383186
mode_a_muB900p0_alpha1p0_xim0p03_1,dubar_to_dubar,s,full_process,-0.02,0.05,1.2383806581749617,-0.02650731400067108,-0.002062021660968833,,,1414.6480004410632,,1339.527027674066,0.0,1339.527027674066,2.6639555756017415
mode_a_muB900p0_alpha1p0_xim0p03_1,dubar_to_dubar,s,full_process,-0.02,0.1,1.2883806581749617,-0.02990674243063207,-0.003057199136729341,,,1106.4888040792362,,1047.7317738552388,0.0,1047.7317738552388,2.2080771458197272
mode_a_muB900p0_alpha1p0_xim0p03_1,dubar_to_dubar,s,full_process,-0.02,0.2,1.3883806581749616,-0.036752960479151664,-0.004730982038445909,,,728.2460373542519,,689.5745440055797,0.0,689.5745440055797,1.6238361255796236
mode_a_muB900p0_alpha1p0_xim0p03_1,dubar_to_dubar,s,full_process,-0.02,0.5,1.6883806581749616,-0.05766606347903469,-0.00952294387593421,,,292.73479053224975,,277.18991843638355,0.0,277.18991843638355,0.8820291284693393
mode_a_muB900p0_alpha1p0_xim0p03_1,dubar_to_dubar,s,full_process,-0.02,1.0,2.1883806581749616,-0.09373050514590253,-0.01882504895109686,,,109.41170345446845,,103.60169729531653,0.0,103.60169729531653,0.5060215958201936
mode_a_muB900p0_alpha1p0_xim0p03_1,dubar_to_dubar,s,full_process,-0.02,2.0,3.1883806581749616,-0.16995197562978492,-0.044893822227118074,,,32.36337148742523,,30.64480407885623,0.0,30.64480407885623,0.3035909856921527
mode_a_muB900p0_alpha1p0_xim0p03_1,dubar_to_dubar,t,full_process,-0.02,0.0001,1.1884806581749616,0.05258785801388288,0.0,0.0037738938143056337,0.0,361.6005119277629,70213.50406352397,85.59967900088813,0.5917399250770554,71.95727017887033,3.3154788122961714
mode_a_muB900p0_alpha1p0_xim0p03_1,dubar_to_dubar,t,full_process,-0.02,0.0005,1.1888806581749616,0.052600760446841144,0.0,0.0037741222401543252,0.0,361.42313980918334,70205.00508396082,85.55769068529322,0.591712182185433,71.91907920873624,3.309171373781281
mode_a_muB900p0_alpha1p0_xim0p03_1,dubar_to_dubar,t,full_process,-0.02,0.001,1.1893806581749615,0.05261688859804681,0.0,0.0037744077802392873,0.0,361.2016066157077,70194.38324020978,85.50524836393598,0.5916775065058926,71.87138093955916,3.3013164528986323
mode_a_muB900p0_alpha1p0_xim0p03_1,dubar_to_dubar,t,full_process,-0.02,0.005,1.1933806581749615,0.0527459180778439,0.0,0.0037766924014440584,0.0,359.43659227314765,70109.4840458517,85.08742633058293,0.591400218885642,71.49140640959499,3.2396278951375055
mode_a_muB900p0_alpha1p0_xim0p03_1,dubar_to_dubar,t,full_process,-0.02,0.01,1.1983806581749616,0.05290721555253153,0.0,0.0037795489257302028,0.0,357.24831460971666,70003.54877815988,84.56940752426044,0.5910539037962724,71.02043618636044,3.165292435635765
mode_a_muB900p0_alpha1p0_xim0p03_1,dubar_to_dubar,t,full_process,-0.02,0.02,1.2083806581749617,0.05322984588131474,0.0,0.0037852644639772407,0.0,352.9308178412376,69792.30547195443,83.54735051582603,0.5903622533710091,70.09161692534055,3.0252423639383186
mode_a_muB900p0_alpha1p0_xim0p03_1,dubar_to_dubar,t,full_process,-0.02,0.05,1.2383806581749617,0.054198019867709446,0.0,0.003802430990156394,0.0,340.4341824105573,69163.55666412324,80.58909148086359,0.5882951057668295,67.40637818544391,2.6639555756017415
mode_a_muB900p0_alpha1p0_xim0p03_1,dubar_to_dubar,t,full_process,-0.02,0.1,1.2883806581749617,0.05581258675955636,0.0,0.0038311082332590815,0.0,321.02266616021717,68132.00302674869,75.99391115025153,0.5848756436208052,63.24507197837314,2.2080771458197272
mode_a_muB900p0_alpha1p0_xim0p03_1,dubar_to_dubar,t,full_process,-0.02,0.2,1.3883806581749616,0.05904526121432885,0.0,0.003888711597831997,0.0,286.83352061241794,66128.4783215988,67.90050478695845,0.5781317283059854,55.94780474952229,1.6238361255796236
mode_a_muB900p0_alpha1p0_xim0p03_1,dubar_to_dubar,t,full_process,-0.02,0.5,1.6883806581749616,0.06877164273151071,0.0,0.004063512904435882,0.0,211.43710475506947,60561.51256854675,50.0523304002588,0.5586280932053376,40.035394604577625,0.8820291284693393
mode_a_muB900p0_alpha1p0_xim0p03_1,dubar_to_dubar,t,full_process,-0.02,1.0,2.1883806581749616,0.08507685684485145,0.0,0.004361485978170567,0.0,138.15834649410567,52569.16015882898,32.705457323997116,0.5283556422722128,24.919941928003954,0.5060215958201936
mode_a_muB900p0_alpha1p0_xim0p03_1,dubar_to_dubar,t,full_process,-0.02,2.0,3.1883806581749616,0.1180402607325256,0.0,0.004982306537621034,0.0,71.76946019688434,40284.605200927756,16.989585335951098,0.47497728887406615,11.783130698993563,0.3035909856921527
mode_a_muB900p0_alpha1p0_xim0p03_1,uubar_to_uubar,s,full_process,-0.04,0.0001,0.9124789874349485,0.0011616981433675289,-6.537307398179194e-5,0.0033045279249539687,-3.69980981470596e-7,738652.6980858708,91575.88872402809,174592.27523007276,0.6933090426673177,175287.70823363293,230.0860536008107
mode_a_muB900p0_alpha1p0_xim0p03_1,uubar_to_uubar,s,full_process,-0.04,0.0005,0.9128789874349484,0.0011354290131520006,-0.00014625131719097012,0.003304296920445675,-8.276947129087048e-7,763016.0087187031,91588.6887752526,180350.9299355398,0.6933737043020588,181053.10070873468,237.78240692231503
mode_a_muB900p0_alpha1p0_xim0p03_1,uubar_to_uubar,s,full_process,-0.04,0.001,0.9133789874349485,0.001102591526470853,-0.00020695909392657273,0.0033040081658702904,-1.171230263503968e-6,794571.3987008621,91604.69254164315,187809.5466129417,0.693454546739923,188519.66722785024,247.75594083131026
mode_a_muB900p0_alpha1p0_xim0p03_1,uubar_to_uubar,s,full_process,-0.04,0.005,0.9173789874349485,0.0008398362290725769,-0.00046507472067732603,0.00330169810134679,-2.631355285409632e-6,1.0850466185815863e6,91732.8748376286,256467.96980473865,0.6941019321894629,257207.19448836165,339.86010539081
mode_a_muB900p0_alpha1p0_xim0p03_1,uubar_to_uubar,s,full_process,-0.04,0.01,0.9223789874349485,0.0005112511020614052,-0.0006617862945023351,0.0032988104373935664,-3.7432444738704325e-6,1.4299221147181445e6,91893.48471220546,337984.76071013126,0.694912787770368,338578.8881086762,450.4171239429202
mode_a_muB900p0_alpha1p0_xim0p03_1,uubar_to_uubar,s,full_process,-0.04,0.02,0.9323789874349485,-0.00014639043122088857,-0.0009474473270344889,0.0032930348288581616,-5.355901923320611e-6,1.088036757914681e6,92215.98362752862,257174.7366394938,0.6965399344177777,257047.53767432342,346.6145829796101
mode_a_muB900p0_alpha1p0_xim0p03_1,uubar_to_uubar,s,full_process,-0.04,0.05,0.9623789874349485,-0.0021230848210689324,-0.0015530995467986366,0.0032757058399267,-8.764284185350128e-6,144516.87039660977,93193.81729697181,34158.85337867067,0.7014652379781674,33910.17638929855,47.622738788839825
mode_a_muB900p0_alpha1p0_xim0p03_1,uubar_to_uubar,s,full_process,-0.04,0.1,1.0123789874349485,-0.00543012604319526,-0.0023276655282333347,0.003246817596623499,-1.3096782455928539e-5,28649.768780511942,94858.69630535327,6771.82704289486,0.7098228330851911,6645.311630900695,9.988277963343785
mode_a_muB900p0_alpha1p0_xim0p03_1,uubar_to_uubar,s,full_process,-0.04,0.2,1.1123789874349486,-0.012091137322211676,-0.0036710281217921517,0.0031890211265143548,-2.053352222055236e-5,6262.836889191087,98325.73523140037,1480.3207850079505,0.7271155304468195,1418.3860106597563,2.4486251857671886
mode_a_muB900p0_alpha1p0_xim0p03_1,uubar_to_uubar,s,full_process,-0.04,0.5,1.4123789874349484,-0.03244626553995489,-0.007706780998551201,0.003015570879215843,-4.2331358606229894e-5,899.1555501848405,109944.96552316807,212.52966881368204,0.7840404368965109,188.2815748763774,0.6268811321330995
mode_a_muB900p0_alpha1p0_xim0p03_1,uubar_to_uubar,s,full_process,-0.04,1.0,1.9123789874349484,-0.06758110255398009,-0.015896299166838303,0.002726997211442383,-8.458599168468553e-5,207.47328095917618,134342.3594281352,49.03959907813157,0.8990887077065095,37.111778105970075,1.71011349452825
mode_a_muB900p0_alpha1p0_xim0p03_1,uubar_to_uubar,s,full_process,-0.04,2.0,2.9123789874349484,-0.14201800898983596,-0.03957978522176978,0.0021578777353142317,-0.00019641455747192678,46.00731439561572,212991.8648232784,10.874558122337165,1.2397902919763122,5.248154976042808,0.18826551626966775
mode_a_muB900p0_alpha1p0_xim0p03_1,uubar_to_uubar,t,full_process,-0.04,0.0001,0.9124789874349485,0.05848716796560627,0.0,0.0038289531011890853,0.0,292.33365371243667,68208.72101391325,69.09769349010337,0.571215633724494,82.23388947014759,230.0860536008107
mode_a_muB900p0_alpha1p0_xim0p03_1,uubar_to_uubar,t,full_process,-0.04,0.0005,0.9128789874349484,0.0585000635098224,0.0,0.0038291825606391098,0.0,292.2047859529714,68200.54659735068,69.06723355218253,0.5711900817628341,82.20035322773055,237.78240692231503
mode_a_muB900p0_alpha1p0_xim0p03_1,uubar_to_uubar,t,full_process,-0.04,0.001,0.9133789874349485,0.058516183030971836,0.0,0.0038294693926766293,0.0,292.0438201407505,68190.33036783076,69.02918673063455,0.5711581443563158,82.15846291863018,247.75594083131026
mode_a_muB900p0_alpha1p0_xim0p03_1,uubar_to_uubar,t,full_process,-0.04,0.005,0.9173789874349485,0.05864514272260912,0.0,0.0038317643475938765,0.0,290.7608333384673,68108.67249147197,68.72593246041917,0.5709027472494096,81.82453629748241,339.86010539081
mode_a_muB900p0_alpha1p0_xim0p03_1,uubar_to_uubar,t,full_process,-0.04,0.01,0.9223789874349485,0.05880635110041654,0.0,0.003834633784272615,0.0,289.1688680558412,68006.77989205872,68.34964622806486,0.570583756139072,81.41009753763875,450.4171239429202
mode_a_muB900p0_alpha1p0_xim0p03_1,uubar_to_uubar,t,full_process,-0.04,0.02,0.9323789874349485,0.05912879704607332,0.0,0.0038403751314990777,0.0,286.02362924917526,67803.59209780995,67.60621917388823,0.5699466234344492,80.59098538382123,346.6145829796101
mode_a_muB900p0_alpha1p0_xim0p03_1,uubar_to_uubar,t,full_process,-0.04,0.05,0.9623789874349485,0.06009636860060574,0.0,0.003857618958295723,0.0,276.8876210728394,67198.77331048711,65.44677880609356,0.5680419933126205,78.20933082464353,47.622738788839825
mode_a_muB900p0_alpha1p0_xim0p03_1,uubar_to_uubar,t,full_process,-0.04,0.1,1.0123789874349485,0.06170976860517019,0.0,0.0038864246151354867,0.0,262.5984535192791,66206.32837556262,62.069307525226534,0.5648899827513725,74.47688809032697,9.988277963343785
mode_a_muB900p0_alpha1p0_xim0p03_1,uubar_to_uubar,t,full_process,-0.04,0.2,1.1123789874349486,0.06493950877237686,0.0,0.003944283230384134,0.0,237.12754319774206,64278.215858375435,56.048854074312096,0.5586684839349043,67.79907800545534,2.4486251857671886
mode_a_muB900p0_alpha1p0_xim0p03_1,uubar_to_uubar,t,full_process,-0.04,0.5,1.4123789874349484,0.07465245930486086,0.0,0.004119837580552215,0.0,179.43690144293348,58916.88949563473,42.412756312053226,0.540637964011141,52.53043896023476,0.6268811321330995
mode_a_muB900p0_alpha1p0_xim0p03_1,uubar_to_uubar,t,full_process,-0.04,1.0,1.9123789874349484,0.09092079013183607,0.0,0.004419021817731296,0.0,120.96886267984162,51209.16665232653,28.592908442626257,0.5125413466504763,36.76183217205711,1.71011349452825
mode_a_muB900p0_alpha1p0_xim0p03_1,uubar_to_uubar,t,full_process,-0.04,2.0,2.9123789874349484,0.12376098417935677,0.0,0.0050420820228557345,0.0,65.28786868554037,39335.09354239505,15.43182278798876,0.4626754057839728,21.238625763514705,0.18826551626966775
mode_a_muB900p0_alpha1p0_xim0p03_1,uubar_to_uubar,s,full_process,-0.03,0.0001,1.0332756514887302,-0.009662076300713363,-7.50052609401176e-5,0.00321001652192708,-4.22120117574063e-7,10711.07114242824,97047.74689216894,2533.4684231761134,0.7270373077094193,2448.3628028720796,3.731522987025058
mode_a_muB900p0_alpha1p0_xim0p03_1,uubar_to_uubar,s,full_process,-0.03,0.0005,1.0336756514887302,-0.009688672663503928,-0.00016779187676153464,0.0032097855684023514,-9.44289386403954e-7,10649.793747513346,97061.70641493224,2518.9746024361643,0.7271079068659411,2434.1213769508845,3.7118631745473554
mode_a_muB900p0_alpha1p0_xim0p03_1,uubar_to_uubar,s,full_process,-0.03,0.001,1.0341756514887301,-0.009721919183260264,-0.00023742617318215118,0.0032094968777786606,-1.3361342118459144e-6,10573.944867101896,97079.15995938142,2501.034217118917,0.7271961731351763,2416.4942766806944,3.687522942916895
mode_a_muB900p0_alpha1p0_xim0p03_1,uubar_to_uubar,s,full_process,-0.03,0.005,1.0381756514887301,-0.009987947134904918,-0.0005332750619198611,0.0032071873302403015,-3.0003454460790466e-6,9995.654862710435,97218.95861785105,2364.2524288100935,0.7279030304450338,2282.1339283901975,3.501743521529937
mode_a_muB900p0_alpha1p0_xim0p03_1,uubar_to_uubar,s,full_process,-0.03,0.01,1.0431756514887303,-0.010320623998695932,-0.0007583668919144679,0.0032043003263433263,-4.265524121048156e-6,9337.90516601928,97394.13445849682,2208.676197006339,0.7287884296505572,2129.387560127581,3.289969093530272
mode_a_muB900p0_alpha1p0_xim0p03_1,uubar_to_uubar,s,full_process,-0.03,0.02,1.0531756514887303,-0.010986451916709106,-0.0010844034208155311,0.0031985260849418293,-6.095787267840381e-6,8204.92243427483,97745.91780306754,1940.6940375462968,0.7305653459291962,1866.495544887645,2.923857642681969
mode_a_muB900p0_alpha1p0_xim0p03_1,uubar_to_uubar,s,full_process,-0.03,0.05,1.0831756514887303,-0.012987728100895435,-0.001771412291127881,0.0031812015780274803,-9.940185464001324e-6,5820.078690509796,98812.83993919745,1376.611674662426,0.7359454773069289,1314.2999690949403,2.1461115046572923
mode_a_muB900p0_alpha1p0_xim0p03_1,uubar_to_uubar,s,full_process,-0.03,0.1,1.1331756514887303,-0.016335811483934926,-0.0026406103178451944,0.003152322094949922,-1.4774058229647108e-5,3651.8800138829174,100630.42077459632,863.7719400211944,0.745079923696929,814.4679484695383,1.426318535094046
mode_a_muB900p0_alpha1p0_xim0p03_1,uubar_to_uubar,s,full_process,-0.03,0.2,1.2331756514887302,-0.023079157231532754,-0.00412570844628463,0.003094548140140124,-2.294632329266765e-5,1819.2767955633933,104419.50626009259,430.3099338328126,0.764000028814752,395.4248226027794,0.8028128042791739
mode_a_muB900p0_alpha1p0_xim0p03_1,uubar_to_uubar,s,full_process,-0.03,0.5,1.5331756514887303,-0.043682828099585125,-0.008485932174404357,0.0029212086008227507,-4.634344285349963e-5,504.9993634980549,117156.27870912041,119.44649831317405,0.826467226944611,100.82874507774777,0.4877425176605749
mode_a_muB900p0_alpha1p0_xim0p03_1,uubar_to_uubar,s,full_process,-0.03,1.0,2.0331756514887305,-0.07923357534512387,-0.017153504447044204,0.0026329855798510756,-9.073695068395079e-5,152.15600085038784,144074.6506751217,35.98915723976979,0.9535265907123281,25.584052165436596,1.1212056883582058
mode_a_muB900p0_alpha1p0_xim0p03_1,uubar_to_uubar,s,full_process,-0.03,2.0,3.0331756514887305,-0.15447720810209797,-0.041866540573695515,0.0020653646863696183,-0.00020645803406682604,39.03807826220798,232107.08489039092,9.233599260396586,1.335058852280333,4.00739954379415,0.1730168804741819
mode_a_muB900p0_alpha1p0_xim0p03_1,uubar_to_uubar,t,full_process,-0.03,0.0001,1.0332756514887302,0.05566505806095079,0.0,0.0038033498164521283,0.0,322.72652911553155,69130.14316212753,76.33386614310712,0.5804508347735348,90.22717637385682,3.731522987025058
mode_a_muB900p0_alpha1p0_xim0p03_1,uubar_to_uubar,t,full_process,-0.03,0.0005,1.0336756514887302,0.055677947516716175,0.0,0.0038035787061439456,0.0,322.5771239016847,69121.82326011585,76.29852762406392,0.5804243339539217,90.18842558815997,3.7118631745473554
mode_a_muB900p0_alpha1p0_xim0p03_1,uubar_to_uubar,t,full_process,-0.03,0.001,1.0341756514887301,0.05569405943703831,0.0,0.0038038648260078716,0.0,322.3905120729509,69111.4252129874,76.25438869816199,0.5803912106384855,90.14002353272917,3.687522942916895
mode_a_muB900p0_alpha1p0_xim0p03_1,uubar_to_uubar,t,full_process,-0.03,0.005,1.0381756514887301,0.05582295870379794,0.0,0.0038061540844809413,0.0,320.9033847768114,69028.31437071176,75.90264142695871,0.5801263328417618,89.75425916416415,3.501743521529937
mode_a_muB900p0_alpha1p0_xim0p03_1,uubar_to_uubar,t,full_process,-0.03,0.01,1.0431756514887303,0.05598409250124392,0.0,0.003809016402956206,0.0,319.05879053627757,68924.60949698144,75.4663432080577,0.5797955073181237,89.27565824493689,3.289969093530272
mode_a_muB900p0_alpha1p0_xim0p03_1,uubar_to_uubar,t,full_process,-0.03,0.02,1.0531756514887303,0.05630639244667934,0.0,0.003814743521602669,0.0,315.41663491707556,68717.81021908131,74.60487135983202,0.5791347604937259,88.33030207114649,2.923857642681969
mode_a_muB900p0_alpha1p0_xim0p03_1,uubar_to_uubar,t,full_process,-0.03,0.05,1.0831756514887303,0.057273551155890945,0.0,0.0038319447251588382,0.0,304.85391494535645,68102.26061017867,72.1064921449653,0.5771597231386058,85.58589400548209,2.1461115046572923
mode_a_muB900p0_alpha1p0_xim0p03_1,uubar_to_uubar,t,full_process,-0.03,0.1,1.1331756514887303,0.05888634613344368,0.0,0.0038606795510192893,0.0,288.3837501935885,67092.27052972696,68.21083672747639,0.5738918007608231,81.29802384496877,1.426318535094046
mode_a_muB900p0_alpha1p0_xim0p03_1,uubar_to_uubar,t,full_process,-0.03,0.2,1.2331756514887302,0.06211518206754252,0.0,0.003918397280766917,0.0,259.181784035736,65130.298291074316,61.30375356354129,0.5674437301254684,73.66720180244656,0.8028128042791739
mode_a_muB900p0_alpha1p0_xim0p03_1,uubar_to_uubar,t,full_process,-0.03,0.5,1.5331756514887303,0.07182777005348795,0.0,0.004093535199464537,0.0,193.8274279075968,59676.44471505858,45.845617270170614,0.5487731505032223,56.426108882854976,0.4877425176605749
mode_a_muB900p0_alpha1p0_xim0p03_1,uubar_to_uubar,t,full_process,-0.03,1.0,2.0331756514887305,0.08810283278376363,0.0,0.00439204680051883,0.0,128.83096351530978,51840.129959182574,30.47213239957933,0.519727774447511,38.951059519363845,1.1212056883582058
mode_a_muB900p0_alpha1p0_xim0p03_1,uubar_to_uubar,t,full_process,-0.03,2.0,3.0331756514887305,0.12098145669353999,0.0,0.00501385114777179,0.0,68.32228477595379,39779.299146530175,16.160134572673744,0.4683204350122022,22.13049871995516,0.1730168804741819
mode_a_muB900p0_alpha1p0_xim0p03_1,uubar_to_uubar,s,full_process,-0.02,0.0001,1.1884806581749625,-0.023130491736467862,-8.782684504545396e-5,0.0030920673105199197,-4.908433829485253e-7,1869.0632889292035,104592.8772624617,442.45296200422723,0.773350777952299,406.2308542422859,0.7559669983491587
mode_a_muB900p0_alpha1p0_xim0p03_1,uubar_to_uubar,s,full_process,-0.02,0.0005,1.1888806581749625,-0.023157497984843678,-0.0001964649266754151,0.003091836404869644,-1.097970011183195e-6,1864.5991098230165,104608.48977631208,441.3961817014213,0.7734298467619017,405.21762587898473,0.7545062345065658
mode_a_muB900p0_alpha1p0_xim0p03_1,uubar_to_uubar,s,full_process,-0.02,0.001,1.1893806581749624,-0.023191256847689745,-0.00027798149867352186,0.003091547774390433,-1.5534904077556282e-6,1859.0412881806612,104628.01020331253,440.080509480732,0.7735287029402386,403.95624327446023,0.7526873085093965
mode_a_muB900p0_alpha1p0_xim0p03_1,uubar_to_uubar,s,full_process,-0.02,0.005,1.1933806581749624,-0.02346138385833907,-0.0006240581339832545,0.003089238715717842,-3.486708129817817e-6,1815.4553966348706,104784.37053288337,429.7626636751586,0.7743203990515827,394.06681395393286,0.7384105984030569
mode_a_muB900p0_alpha1p0_xim0p03_1,uubar_to_uubar,s,full_process,-0.02,0.01,1.1983806581749625,-0.02379918531667946,-0.0008869280416150573,0.003086352342363964,-4.953945153236066e-6,1763.0842707995232,104980.3152573254,417.36513819455604,0.7753121468711685,382.1904861403677,0.7212272584728633
mode_a_muB900p0_alpha1p0_xim0p03_1,uubar_to_uubar,s,full_process,-0.02,0.02,1.2083806581749625,-0.024475264815511988,-0.0012667107601701047,0.0030805794280008856,-7.071060797765733e-6,1664.882068646308,105373.8602102092,394.1182767985904,0.777302765423558,359.9409432864096,0.6889199332365212
mode_a_muB900p0_alpha1p0_xim0p03_1,uubar_to_uubar,s,full_process,-0.02,0.05,1.2383806581749626,-0.02650731400067108,-0.002062021660968833,0.0030632594355407233,-1.1490302971702317e-5,1414.6480004410632,106567.88083863862,334.8817569185164,0.7833321349732756,303.3794912867212,0.6060882443551265
mode_a_muB900p0_alpha1p0_xim0p03_1,uubar_to_uubar,s,full_process,-0.02,0.1,1.2883806581749626,-0.02990674243063207,-0.003057199136729341,0.0030343892825316445,-1.698535554425896e-5,1106.4888040792362,108603.49478675284,261.9329434638096,0.7935763706810399,234.05790832024576,0.5033005996798933
mode_a_muB900p0_alpha1p0_xim0p03_1,uubar_to_uubar,s,full_process,-0.02,0.2,1.3883806581749625,-0.036752960479151664,-0.004730982038445909,0.002976640965539317,-2.6127934214681074e-5,728.2460373542519,112853.13585707545,172.3936360013949,0.8148248778073394,149.72584742797218,0.379520509186159
mode_a_muB900p0_alpha1p0_xim0p03_1,uubar_to_uubar,s,full_process,-0.02,0.5,1.6883806581749625,-0.05766606347903469,-0.00952294387593421,0.002803438337284356,-5.163552998003202e-5,292.73479053224975,127195.18637581085,69.29747960909589,0.885255438896048,54.77694921368972,0.46178969419946003
mode_a_muB900p0_alpha1p0_xim0p03_1,uubar_to_uubar,s,full_process,-0.02,1.0,2.1883806581749625,-0.09373050514590253,-0.01882504895109686,0.0025156722032144765,-9.88473813550089e-5,109.41170345446845,157769.0835945401,25.900424323829125,1.029729396632878,16.891350116687804,0.7432661028044195
mode_a_muB900p0_alpha1p0_xim0p03_1,uubar_to_uubar,s,full_process,-0.02,2.0,3.1883806581749625,-0.16995197562978492,-0.044893822227118074,0.0019500422703369168,-0.00021965291833883198,32.36337148742523,259678.72865401724,7.6612010197140545,1.4715677657412936,2.8728963263774374,0.1588091674774581
mode_a_muB900p0_alpha1p0_xim0p03_1,uubar_to_uubar,t,full_process,-0.02,0.0001,1.1884806581749625,0.05258785801388288,0.0,0.0037738938143056337,0.0,361.6005119277629,70213.50406352397,85.59967900088813,0.5917399250770554,100.42556767306003,0.7559669983491587
mode_a_muB900p0_alpha1p0_xim0p03_1,uubar_to_uubar,t,full_process,-0.02,0.0005,1.1888806581749625,0.052600760446841144,0.0,0.0037741222401543252,0.0,361.42313980918334,70205.00508396082,85.55769068529322,0.591712182185433,100.37972652622108,0.7545062345065658
mode_a_muB900p0_alpha1p0_xim0p03_1,uubar_to_uubar,t,full_process,-0.02,0.001,1.1893806581749624,0.05261688859804681,0.0,0.0037744077802392873,0.0,361.2016066157077,70194.38324020978,85.50524836393598,0.5916775065058926,100.32247080132458,0.7526873085093965
mode_a_muB900p0_alpha1p0_xim0p03_1,uubar_to_uubar,t,full_process,-0.02,0.005,1.1933806581749624,0.0527459180778439,0.0,0.0037766924014440584,0.0,359.43659227314765,70109.4840458517,85.08742633058293,0.591400218885642,99.86624668934216,0.7384105984030569
mode_a_muB900p0_alpha1p0_xim0p03_1,uubar_to_uubar,t,full_process,-0.02,0.01,1.1983806581749625,0.05290721555253153,0.0,0.0037795489257302028,0.0,357.24831460971666,70003.54877815988,84.56940752426044,0.5910539037962724,99.30048666975298,0.7212272584728633
mode_a_muB900p0_alpha1p0_xim0p03_1,uubar_to_uubar,t,full_process,-0.02,0.02,1.2083806581749625,0.05322984588131474,0.0,0.0037852644639772407,0.0,352.9308178412376,69792.30547195443,83.54735051582603,0.5903622533710091,98.18380861305353,0.6889199332365212
mode_a_muB900p0_alpha1p0_xim0p03_1,uubar_to_uubar,t,full_process,-0.02,0.05,1.2383806581749626,0.054198019867709446,0.0,0.003802430990156394,0.0,340.4341824105573,69163.55666412324,80.58909148086359,0.5882951057668295,94.94839498781691,0.6060882443551265
mode_a_muB900p0_alpha1p0_xim0p03_1,uubar_to_uubar,t,full_process,-0.02,0.1,1.2883806581749626,0.05581258675955636,0.0,0.0038311082332590815,0.0,321.02266616021717,68132.00302674869,75.99391115025153,0.5848756436208052,89.91250160937153,0.5033005996798933
mode_a_muB900p0_alpha1p0_xim0p03_1,uubar_to_uubar,t,full_process,-0.02,0.2,1.3883806581749625,0.05904526121432885,0.0,0.003888711597831997,0.0,286.83352061241794,66128.4783215988,67.90050478695845,0.5781317283059854,81.00946828100659,0.379520509186159
mode_a_muB900p0_alpha1p0_xim0p03_1,uubar_to_uubar,t,full_process,-0.02,0.5,1.6883806581749625,0.06877164273151071,0.0,0.004063512904435882,0.0,211.43710475506947,60561.51256854675,50.0523304002588,0.5586280932053376,61.18652238235065,0.46178969419946003
mode_a_muB900p0_alpha1p0_xim0p03_1,uubar_to_uubar,t,full_process,-0.02,1.0,2.1883806581749625,0.08507685684485145,0.0,0.004361485978170567,0.0,138.15834649410567,52569.16015882898,32.705457323997116,0.5283556422722128,41.547684004534695,0.7432661028044195
mode_a_muB900p0_alpha1p0_xim0p03_1,uubar_to_uubar,t,full_process,-0.02,2.0,3.1883806581749625,0.1180402607325256,0.0,0.004982306537621028,0.0,71.76946019688434,40284.60520092786,16.989585335951098,0.47497728887406615,23.145994550656763,0.1588091674774581
mode_a_muB900p0_alpha1p0_xim0p03_1,uubar_to_ddbar,s,full_process,-0.04,0.0001,0.9124789874349485,0.0011616981433675289,-6.537307398179194e-5,0.0033045279249539687,-3.69980981470596e-7,738652.6980858708,91575.88872402809,174592.27523007276,0.6933090426673177,173898.22884459785,227.1357773809843
mode_a_muB900p0_alpha1p0_xim0p03_1,uubar_to_ddbar,s,full_process,-0.04,0.0005,0.9128789874349484,0.0011354290131520006,-0.00014625131719097012,0.003304296920445675,-8.276947129087048e-7,763016.0087187031,91588.6887752526,180350.9299355398,0.6933737043020588,179650.1459097535,234.8033744543529
mode_a_muB900p0_alpha1p0_xim0p03_1,uubar_to_ddbar,s,full_process,-0.04,0.001,0.9133789874349485,0.001102591526470853,-0.00020695909392657273,0.0033040081658702904,-1.171230263503968e-6,794571.3987008621,91604.69254164315,187809.5466129417,0.693454546739923,187100.81290712667,244.74293980570982
mode_a_muB900p0_alpha1p0_xim0p03_1,uubar_to_ddbar,s,full_process,-0.04,0.005,0.9173789874349485,0.0008398362290725769,-0.00046507472067732603,0.00330169810134679,-2.631355285409632e-6,1.0850466185815863e6,91732.8748376286,256467.96980473865,0.6941019321894629,255730.13332498,336.7203385000311
mode_a_muB900p0_alpha1p0_xim0p03_1,uubar_to_ddbar,s,full_process,-0.04,0.01,0.9223789874349485,0.0005112511020614052,-0.0006617862945023351,0.0032988104373935664,-3.7432444738704325e-6,1.4299221147181445e6,91893.48471220546,337984.76071013126,0.694912787770368,337392.02313716186,447.88474988330483
mode_a_muB900p0_alpha1p0_xim0p03_1,uubar_to_ddbar,s,full_process,-0.04,0.02,0.9323789874349485,-0.00014639043122088857,-0.0009474473270344889,0.0032930348288581616,-5.355901923320611e-6,1.088036757914681e6,92215.98362752862,257174.7366394938,0.6965399344177777,257303.32868453301,347.1304085084569
mode_a_muB900p0_alpha1p0_xim0p03_1,uubar_to_ddbar,s,full_process,-0.04,0.05,0.9623789874349485,-0.0021230848210689324,-0.0015530995467986366,0.0032757058399267,-8.764284185350128e-6,144516.87039660977,93193.81729697181,34158.85337867067,0.7014652379781674,34408.933298518736,48.66546216981724
mode_a_muB900p0_alpha1p0_xim0p03_1,uubar_to_ddbar,s,full_process,-0.04,0.1,1.0123789874349485,-0.00543012604319526,-0.0023276655282333347,0.003246817596623499,-1.3096782455928539e-5,28649.768780511942,94858.69630535327,6771.82704289486,0.7098228330851911,6899.7621005551955,10.51918407372297
mode_a_muB900p0_alpha1p0_xim0p03_1,uubar_to_ddbar,s,full_process,-0.04,0.2,1.1123789874349486,-0.012091137322211676,-0.0036710281217921517,0.0031890211265143548,-2.053352222055236e-5,6262.836889191087,98325.73523140037,1480.3207850079505,0.7271155304468195,1543.7097904170382,2.7112712696820402
mode_a_muB900p0_alpha1p0_xim0p03_1,uubar_to_ddbar,s,full_process,-0.04,0.5,1.4123789874349484,-0.03244626553995489,-0.007706780998551201,0.003015570879215843,-4.2331358606229894e-5,899.1555501848405,109944.96552316807,212.52966881368204,0.7840404368965109,238.3458436247797,0.735058913969026
mode_a_muB900p0_alpha1p0_xim0p03_1,uubar_to_ddbar,s,full_process,-0.04,1.0,1.9123789874349484,-0.06758110255398009,-0.015896299166838303,0.002726997211442383,-8.458599168468553e-5,207.47328095917618,134342.3594281352,49.03959907813157,0.8990887077065095,62.765597465706094,1.8697292842769082
mode_a_muB900p0_alpha1p0_xim0p03_1,uubar_to_ddbar,s,full_process,-0.04,2.0,2.9123789874349484,-0.14201800898983596,-0.03957978522176978,0.0021578777353142317,-0.00019641455747192678,46.00731439561572,212991.8648232784,10.874558122337165,1.2397902919763122,18.980541852584146,0.35185879766053113
mode_a_muB900p0_alpha1p0_xim0p03_1,uubar_to_ddbar,t,full_process,-0.04,0.0001,0.9124789874349485,0.05848716796560627,4.1329386412399675e-19,,,292.33365371243667,,276.3907739604136,0.0,276.3907739604136,227.1357773809843
mode_a_muB900p0_alpha1p0_xim0p03_1,uubar_to_ddbar,t,full_process,-0.04,0.0005,0.9128789874349484,0.05850006350982251,-1.5026702332599923e-20,,,292.20478595297027,,276.2689342087289,0.0,276.2689342087289,234.8033744543529
mode_a_muB900p0_alpha1p0_xim0p03_1,uubar_to_ddbar,t,full_process,-0.04,0.001,0.9133789874349485,0.058516183030971836,0.0,,,292.0438201407505,,276.1167469225382,0.0,276.1167469225382,244.74293980570982
mode_a_muB900p0_alpha1p0_xim0p03_1,uubar_to_ddbar,t,full_process,-0.04,0.005,0.9173789874349485,0.05864514272260912,0.0,,,290.7608333384673,,274.9037298416768,0.0,274.9037298416768,336.7203385000311
mode_a_muB900p0_alpha1p0_xim0p03_1,uubar_to_ddbar,t,full_process,-0.04,0.01,0.9223789874349485,0.05880635110041654,5.1830434923728695e-18,,,289.1688680558412,,273.39858491225954,0.0,273.39858491225954,447.88474988330483
mode_a_muB900p0_alpha1p0_xim0p03_1,uubar_to_ddbar,t,full_process,-0.04,0.02,0.9323789874349485,0.05912879704607332,5.155207920896418e-18,,,286.02362924917526,,270.42487669555305,0.0,270.42487669555305,347.1304085084569
mode_a_muB900p0_alpha1p0_xim0p03_1,uubar_to_ddbar,t,full_process,-0.04,0.05,0.9623789874349485,0.06009636860060574,6.412207878059467e-18,,,276.8876210728394,,261.78711522437425,0.0,261.78711522437425,48.66546216981724
mode_a_muB900p0_alpha1p0_xim0p03_1,uubar_to_ddbar,t,full_process,-0.04,0.1,1.0123789874349485,0.06170976860517019,0.0,,,262.5984535192791,,248.2772301009062,0.0,248.2772301009062,10.51918407372297
mode_a_muB900p0_alpha1p0_xim0p03_1,uubar_to_ddbar,t,full_process,-0.04,0.2,1.1123789874349486,0.06493950877237686,0.0,,,237.12754319774206,,224.19541629724844,0.0,224.19541629724844,2.7112712696820402
mode_a_muB900p0_alpha1p0_xim0p03_1,uubar_to_ddbar,t,full_process,-0.04,0.5,1.4123789874349484,0.07465245930486086,0.0,,,179.43690144293348,,169.651025248213,0.0,169.651025248213,0.735058913969026
mode_a_muB900p0_alpha1p0_xim0p03_1,uubar_to_ddbar,t,full_process,-0.04,1.0,1.9123789874349484,0.09092079013183607,3.218123773772711e-17,,,120.96886267984162,,114.37163377050506,0.0,114.37163377050506,1.8697292842769082
mode_a_muB900p0_alpha1p0_xim0p03_1,uubar_to_ddbar,t,full_process,-0.04,2.0,2.9123789874349484,0.12376098417935677,0.0,,,65.28786868554037,,61.72729115195506,0.0,61.72729115195506,0.35185879766053113
mode_a_muB900p0_alpha1p0_xim0p03_1,uubar_to_ddbar,s,full_process,-0.03,0.0001,1.0332756514887302,-0.009662076300713363,-7.50052609401176e-5,0.00321001652192708,-4.22120117574063e-7,10711.07114242824,97047.74689216894,2533.4684231761134,0.7270373077094193,2620.0281180955662,4.121930524733539
mode_a_muB900p0_alpha1p0_xim0p03_1,uubar_to_ddbar,s,full_process,-0.03,0.0005,1.0336756514887302,-0.009688672663503928,-0.00016779187676153464,0.0032097855684023514,-9.44289386403954e-7,10649.793747513346,97061.70641493224,2518.9746024361643,0.7271079068659411,2605.2820437351766,4.101086394585847
mode_a_muB900p0_alpha1p0_xim0p03_1,uubar_to_ddbar,s,full_process,-0.03,0.001,1.0341756514887301,-0.009721919183260264,-0.00023742617318215118,0.0032094968777786606,-1.3361342118459144e-6,10573.944867101896,97079.15995938142,2501.034217118917,0.7271961731351763,2587.0285499034094,4.07527633295075
mode_a_muB900p0_alpha1p0_xim0p03_1,uubar_to_ddbar,s,full_process,-0.03,0.005,1.0381756514887301,-0.009987947134904918,-0.0005332750619198611,0.0032071873302403015,-3.0003454460790466e-6,9995.654862710435,97218.95861785105,2364.2524288100935,0.7279030304450338,2447.82673529088,3.878143088047578
mode_a_muB900p0_alpha1p0_xim0p03_1,uubar_to_ddbar,s,full_process,-0.03,0.01,1.0431756514887303,-0.010320623998695932,-0.0007583668919144679,0.0032043003263433263,-4.265524121048156e-6,9337.90516601928,97394.13445849682,2208.676197006339,0.7287884296505572,2289.4224107443983,3.6531160146961077
mode_a_muB900p0_alpha1p0_xim0p03_1,uubar_to_ddbar,s,full_process,-0.03,0.02,1.0531756514887303,-0.010986451916709106,-0.0010844034208155311,0.0031985260849418293,-6.095787267840381e-6,8204.92243427483,97745.91780306754,1940.6940375462968,0.7305653459291962,2016.353660896807,3.2632172647806446
mode_a_muB900p0_alpha1p0_xim0p03_1,uubar_to_ddbar,s,full_process,-0.03,0.05,1.0831756514887303,-0.012987728100895435,-0.001771412291127881,0.0031812015780274803,-9.940185464001324e-6,5820.078690509796,98812.83993919745,1376.611674662426,0.7359454773069289,1440.3952711845254,2.4302596107148853
mode_a_muB900p0_alpha1p0_xim0p03_1,uubar_to_ddbar,s,full_process,-0.03,0.1,1.1331756514887303,-0.016335811483934926,-0.0026406103178451944,0.003152322094949922,-1.4774058229647108e-5,3651.8800138829174,100630.42077459632,863.7719400211944,0.745079923696929,914.5660914202442,1.650920577494842
mode_a_muB900p0_alpha1p0_xim0p03_1,uubar_to_ddbar,s,full_process,-0.03,0.2,1.2331756514887302,-0.023079157231532754,-0.00412570844628463,0.003094548140140124,-2.294632329266765e-5,1819.2767955633933,104419.50626009259,430.3099338328126,0.764000028814752,466.7230451204753,0.9634682865623527
mode_a_muB900p0_alpha1p0_xim0p03_1,uubar_to_ddbar,s,full_process,-0.03,0.5,1.5331756514887303,-0.043682828099585125,-0.008485932174404357,0.0029212086008227507,-4.634344285349963e-5,504.9993634980549,117156.27870912041,119.44649831317405,0.826467226944611,139.71718600248954,0.5761828216552085
mode_a_muB900p0_alpha1p0_xim0p03_1,uubar_to_ddbar,s,full_process,-0.03,1.0,2.0331756514887305,-0.07923357534512387,-0.017153504447044204,0.0026329855798510756,-9.073695068395079e-5,152.15600085038784,144074.6506751217,35.98915723976979,0.9535265907123281,48.301315495527625,1.269659252893172
mode_a_muB900p0_alpha1p0_xim0p03_1,uubar_to_ddbar,s,full_process,-0.03,2.0,3.0331756514887305,-0.15447720810209797,-0.041866540573695515,0.0020653646863696183,-0.00020645803406682604,39.03807826220798,232107.08489039092,9.233599260396586,1.335058852280333,17.12991668155969,0.3363796210138086
mode_a_muB900p0_alpha1p0_xim0p03_1,uubar_to_ddbar,t,full_process,-0.03,0.0001,1.0332756514887302,0.05566505806095079,0.0,,,322.72652911553155,,305.33546457242846,0.0,305.33546457242846,4.121930524733539
mode_a_muB900p0_alpha1p0_xim0p03_1,uubar_to_ddbar,t,full_process,-0.03,0.0005,1.0336756514887302,0.055677947516716286,0.0,,,322.57712390168336,,305.1941104962547,0.0,305.1941104962547,4.101086394585847
mode_a_muB900p0_alpha1p0_xim0p03_1,uubar_to_ddbar,t,full_process,-0.03,0.001,1.0341756514887301,0.05569405943703831,0.0,,,322.3905120729509,,305.01755479264796,0.0,305.01755479264796,4.07527633295075
mode_a_muB900p0_alpha1p0_xim0p03_1,uubar_to_ddbar,t,full_process,-0.03,0.005,1.0381756514887301,0.05582295870379794,0.0,,,320.9033847768114,,303.61056570783484,0.0,303.61056570783484,3.878143088047578
mode_a_muB900p0_alpha1p0_xim0p03_1,uubar_to_ddbar,t,full_process,-0.03,0.01,1.0431756514887303,0.05598409250124392,0.0,,,319.05879053627757,,301.8653728322309,0.0,301.8653728322309,3.6531160146961077
mode_a_muB900p0_alpha1p0_xim0p03_1,uubar_to_ddbar,t,full_process,-0.03,0.02,1.0531756514887303,0.05630639244667934,0.0,,,315.41663491707556,,298.4194854393282,0.0,298.4194854393282,3.2632172647806446
mode_a_muB900p0_alpha1p0_xim0p03_1,uubar_to_ddbar,t,full_process,-0.03,0.05,1.0831756514887303,0.057273551155890945,0.0,,,304.85391494535645,,288.4259685798613,0.0,288.4259685798613,2.4302596107148853
mode_a_muB900p0_alpha1p0_xim0p03_1,uubar_to_ddbar,t,full_process,-0.03,0.1,1.1331756514887303,0.05888634613344368,0.0,,,288.3837501935885,,272.8433469099057,0.0,272.8433469099057,1.650920577494842
mode_a_muB900p0_alpha1p0_xim0p03_1,uubar_to_ddbar,t,full_process,-0.03,0.2,1.2331756514887302,0.06211518206754252,0.0,,,259.181784035736,,245.21501425416523,0.0,245.21501425416523,0.9634682865623527
mode_a_muB900p0_alpha1p0_xim0p03_1,uubar_to_ddbar,t,full_process,-0.03,0.5,1.5331756514887303,0.07182777005348795,0.0,,,193.8274279075968,,183.3824690806825,0.0,183.3824690806825,0.5761828216552085
mode_a_muB900p0_alpha1p0_xim0p03_1,uubar_to_ddbar,t,full_process,-0.03,1.0,2.0331756514887305,0.08810283278376363,0.0,,,128.83096351530978,,121.88852959831735,0.0,121.88852959831735,1.269659252893172
mode_a_muB900p0_alpha1p0_xim0p03_1,uubar_to_ddbar,t,full_process,-0.03,2.0,3.0331756514887305,0.12098145669353999,0.0,,,68.32228477595379,,64.64053829069498,0.0,64.64053829069498,0.3363796210138086
mode_a_muB900p0_alpha1p0_xim0p03_1,uubar_to_ddbar,s,full_process,-0.02,0.0001,1.1884806581749625,-0.023130491736467862,-8.782684504545396e-5,0.0030920673105199197,-4.908433829485253e-7,1869.0632889292035,104592.8772624617,442.45296200422723,0.773350777952299,480.2217713220732,0.9384153813124904
mode_a_muB900p0_alpha1p0_xim0p03_1,uubar_to_ddbar,s,full_process,-0.02,0.0005,1.1888806581749625,-0.023157497984843678,-0.0001964649266754151,0.003091836404869644,-1.097970011183195e-6,1864.5991098230165,104608.48977631208,441.3961817014213,0.7734298467619017,479.1215972173817,0.9367236183457093
mode_a_muB900p0_alpha1p0_xim0p03_1,uubar_to_ddbar,s,full_process,-0.02,0.001,1.1893806581749624,-0.023191256847689745,-0.00027798149867352186,0.003091547774390433,-1.5534904077556282e-6,1859.0412881806612,104628.01020331253,440.080509480732,0.7735287029402386,477.7518330928843,0.9346168331498743
mode_a_muB900p0_alpha1p0_xim0p03_1,uubar_to_ddbar,s,full_process,-0.02,0.005,1.1933806581749624,-0.02346138385833907,-0.0006240581339832545,0.003089238715717842,-3.486708129817817e-6,1815.4553966348706,104784.37053288337,429.7626636751586,0.7743203990515827,467.0071541944875,0.9180724436122757
mode_a_muB900p0_alpha1p0_xim0p03_1,uubar_to_ddbar,s,full_process,-0.02,0.01,1.1983806581749625,-0.02379918531667946,-0.0008869280416150573,0.003086352342363964,-4.953945153236066e-6,1763.0842707995232,104980.3152573254,417.36513819455604,0.7753121468711685,454.0904145424867,0.8981399397739639
mode_a_muB900p0_alpha1p0_xim0p03_1,uubar_to_ddbar,s,full_process,-0.02,0.02,1.2083806581749625,-0.024475264815511988,-0.0012667107601701047,0.0030805794280008856,-7.071060797765733e-6,1664.882068646308,105373.8602102092,394.1182767985904,0.777302765423558,429.8502158416183,0.860602982191422
mode_a_muB900p0_alpha1p0_xim0p03_1,uubar_to_ddbar,s,full_process,-0.02,0.05,1.2383806581749626,-0.02650731400067108,-0.002062021660968833,0.0030632594355407233,-1.1490302971702317e-5,1414.6480004410632,106567.88083863862,334.8817569185164,0.7833321349732756,367.95068682025806,0.7639670149440417
mode_a_muB900p0_alpha1p0_xim0p03_1,uubar_to_ddbar,s,full_process,-0.02,0.1,1.2883806581749626,-0.02990674243063207,-0.003057199136729341,0.0030343892825316445,-1.698535554425896e-5,1106.4888040792362,108603.49478675284,261.9329434638096,0.7935763706810399,291.3951313487355,0.6430806739661239
mode_a_muB900p0_alpha1p0_xim0p03_1,uubar_to_ddbar,s,full_process,-0.02,0.2,1.3883806581749625,-0.036752960479151664,-0.004730982038445909,0.002976640965539317,-2.6127934214681074e-5,728.2460373542519,112853.13585707545,172.3936360013949,0.8148248778073394,196.6910743304323,0.49486836495466974
mode_a_muB900p0_alpha1p0_xim0p03_1,uubar_to_ddbar,s,full_process,-0.02,0.5,1.6883806581749625,-0.05766606347903469,-0.00952294387593421,0.002803438337284356,-5.163552998003202e-5,292.73479053224975,127195.18637581085,69.29747960909589,0.885255438896048,85.58852088229416,0.5360405833944728
mode_a_muB900p0_alpha1p0_xim0p03_1,uubar_to_ddbar,s,full_process,-0.02,1.0,2.1883806581749625,-0.09373050514590253,-0.01882504895109686,0.0025156722032144765,-9.88473813550089e-5,109.41170345446845,157769.0835945401,25.900424323829125,1.029729396632878,36.9689573242362,0.8808070692080362
mode_a_muB900p0_alpha1p0_xim0p03_1,uubar_to_ddbar,s,full_process,-0.02,2.0,3.1883806581749625,-0.16995197562978492,-0.044893822227118074,0.0019500422703369168,-0.00021965291833883198,32.36337148742523,259678.72865401724,7.6612010197140545,1.4715677657412936,15.392641244533259,0.3236212475910593
mode_a_muB900p0_alpha1p0_xim0p03_1,uubar_to_ddbar,t,full_process,-0.02,0.0001,1.1884806581749625,0.05258785801388288,-3.3351059294861935e-21,,,361.6005119277629,,342.39871600355264,0.0,342.39871600355264,0.9384153813124904
mode_a_muB900p0_alpha1p0_xim0p03_1,uubar_to_ddbar,t,full_process,-0.02,0.0005,1.1888806581749625,0.052600760446841144,-7.457222122822168e-21,,,361.42313980918334,,342.230762741173,0.0,342.230762741173,0.9367236183457093
mode_a_muB900p0_alpha1p0_xim0p03_1,uubar_to_ddbar,t,full_process,-0.02,0.001,1.1893806581749624,0.05261688859804681,0.0,,,361.2016066157077,,342.020993455744,0.0,342.020993455744,0.9346168331498743
mode_a_muB900p0_alpha1p0_xim0p03_1,uubar_to_ddbar,t,full_process,-0.02,0.005,1.1933806581749624,0.0527459180778439,0.0,,,359.43659227314765,,340.3497053223319,0.0,340.3497053223319,0.9180724436122757
mode_a_muB900p0_alpha1p0_xim0p03_1,uubar_to_ddbar,t,full_process,-0.02,0.01,1.1983806581749625,0.05290721555253153,5.2208149679904954e-18,,,357.24831460971666,,338.27763009704177,0.0,338.27763009704177,0.8981399397739639
mode_a_muB900p0_alpha1p0_xim0p03_1,uubar_to_ddbar,t,full_process,-0.02,0.02,1.2083806581749625,0.05322984588131474,0.0,,,352.9308178412376,,334.18940206330427,0.0,334.18940206330427,0.860602982191422
mode_a_muB900p0_alpha1p0_xim0p03_1,uubar_to_ddbar,t,full_process,-0.02,0.05,1.2383806581749626,0.05419801986770967,-6.641639582176052e-18,,,340.43418241055457,,322.3563659234519,0.0,322.3563659234519,0.7639670149440417
mode_a_muB900p0_alpha1p0_xim0p03_1,uubar_to_ddbar,t,full_process,-0.02,0.1,1.2883806581749626,0.05581258675955636,0.0,,,321.02266616021717,,303.97564460100625,0.0,303.97564460100625,0.6430806739661239
mode_a_muB900p0_alpha1p0_xim0p03_1,uubar_to_ddbar,t,full_process,-0.02,0.2,1.3883806581749625,0.05904526121432885,-1.3286661425420646e-17,,,286.83352061241794,,271.6020191478338,0.0,271.6020191478338,0.49486836495466974
mode_a_muB900p0_alpha1p0_xim0p03_1,uubar_to_ddbar,t,full_process,-0.02,0.5,1.6883806581749625,0.06877164273151071,0.0,,,211.43710475506947,,200.20932160103527,0.0,200.20932160103527,0.5360405833944728
mode_a_muB900p0_alpha1p0_xim0p03_1,uubar_to_ddbar,t,full_process,-0.02,1.0,2.1883806581749625,0.08507685684485145,0.0,,,138.15834649410567,,130.8218292959885,0.0,130.8218292959885,0.8808070692080362
mode_a_muB900p0_alpha1p0_xim0p03_1,uubar_to_ddbar,t,full_process,-0.02,2.0,3.1883806581749625,0.1180402607325256,0.0,,,71.76946019688434,,67.95834134380442,0.0,67.95834134380442,0.3236212475910593
mode_a_muB900p0_alpha1p1_xip0p20_1,dubar_to_dubar,s,full_process,0.19,0.0001,0.9587347627786885,0.003909597631863604,-8.927266818366134e-5,,,65389.72199744759,,61101.40617587042,0.0,61101.40617587042,115.6066408687737
mode_a_muB900p0_alpha1p1_xip0p20_1,dubar_to_dubar,s,full_process,0.19,0.0005,0.9591347627786885,0.0038818760699621535,-0.00019971588596591548,,,66186.3818437348,,61845.82036459822,0.0,61845.82036459822,117.08151982961172
mode_a_muB900p0_alpha1p1_xip0p20_1,dubar_to_dubar,s,full_process,0.19,0.001,0.9596347627786885,0.0038472227028480965,-0.00028261087047070813,,,67199.82366383963,,62792.799773507635,0.0,62792.799773507635,118.95857315912306
mode_a_muB900p0_alpha1p1_xip0p20_1,dubar_to_dubar,s,full_process,0.19,0.005,0.9636347627786885,0.00356994589012416,-0.0006349789961091533,,,76058.86113290815,,71070.85372739665,0.0,71070.85372739665,135.40531717381452
mode_a_muB900p0_alpha1p1_xip0p20_1,dubar_to_dubar,s,full_process,0.19,0.01,0.9686347627786885,0.003223232682060928,-0.0009033789511324399,,,89243.3041778838,,83390.64933266086,0.0,83390.64933266086,160.00080010285976
mode_a_muB900p0_alpha1p1_xip0p20_1,dubar_to_dubar,s,full_process,0.19,0.02,0.9786347627786885,0.002529422313004015,-0.001292823246773803,,,123925.42429074003,,115798.28532381162,0.0,115798.28532381162,225.31383286347662
mode_a_muB900p0_alpha1p1_xip0p20_1,dubar_to_dubar,s,full_process,0.19,0.05,1.0086347627786885,0.0004449381803104391,-0.002116823153247994,,,213724.98024815097,,199708.70695216456,0.0,199708.70695216456,404.96064468348
mode_a_muB900p0_alpha1p1_xip0p20_1,dubar_to_dubar,s,full_process,0.19,0.1,1.0586347627786885,-0.0030393157579813312,-0.003166585655964376,,,51908.39934217468,,48504.200587810585,0.0,48504.200587810585,105.1228951510902
mode_a_muB900p0_alpha1p1_xip0p20_1,dubar_to_dubar,s,full_process,0.19,0.2,1.1586347627786886,-0.010045314011742024,-0.004975998402931818,,,7957.418662277722,,7435.564106148688,0.0,7435.564106148688,18.271009928781165
mode_a_muB900p0_alpha1p1_xip0p20_1,dubar_to_dubar,s,full_process,0.19,0.5,1.4586347627786886,-0.03135399891845991,-0.010339218240757795,,,917.4541862434702,,857.2867290000322,0.0,857.2867290000322,2.9311578998389742
mode_a_muB900p0_alpha1p1_xip0p20_1,dubar_to_dubar,s,full_process,0.19,1.0,1.9586347627786886,-0.06776797557412295,-0.02097972590383145,,,198.70257501710591,,185.67148434711402,0.0,185.67148434711402,0.9967035690039986
mode_a_muB900p0_alpha1p1_xip0p20_1,dubar_to_dubar,s,full_process,0.19,2.0,2.9586347627786886,-0.14332997401070502,-0.05056803795660274,,,43.28890407471367,,40.44997944601376,0.0,40.44997944601376,0.4440971104487309
mode_a_muB900p0_alpha1p1_xip0p20_1,dubar_to_dubar,t,full_process,0.19,0.0001,0.9587347627786885,0.0676495475340052,0.0,0.003918874845329108,0.0,218.50944178863023,65114.42535386007,51.04484981795234,0.588600751331873,40.67077991757359,115.6066408687737
mode_a_muB900p0_alpha1p1_xip0p20_1,dubar_to_dubar,t,full_process,0.19,0.0005,0.9591347627786885,0.06766135004587648,0.0,0.003919097140605845,0.0,218.43321702077097,65107.0388471335,51.02704334791642,0.5885762074000832,40.65508970524879,117.08151982961172
mode_a_muB900p0_alpha1p1_xip0p20_1,dubar_to_dubar,t,full_process,0.19,0.001,0.9596347627786885,0.06767610344643848,0.0,0.003919375018057959,0.0,218.3379904543627,65097.807203492855,51.00479796693328,0.5885455294194686,40.63548862920256,118.95857315912306
mode_a_muB900p0_alpha1p1_xip0p20_1,dubar_to_dubar,t,full_process,0.19,0.005,0.9636347627786885,0.067794140926287,0.0,0.003921598361652164,0.0,217.57834870021927,65024.01394333446,50.82734202297822,0.5883001833548146,40.479146491241124,135.40531717381452
mode_a_muB900p0_alpha1p1_xip0p20_1,dubar_to_dubar,t,full_process,0.19,0.01,0.9686347627786885,0.0679417133880319,0.0,0.003924378347582746,0.0,216.63419523961994,64931.92199824051,50.60678326264795,0.5879936952847762,40.28487879212383,160.00080010285976
mode_a_muB900p0_alpha1p1_xip0p20_1,dubar_to_dubar,t,full_process,0.19,0.02,0.9786347627786885,0.0682369435261777,0.0,0.003929941004548448,0.0,214.7636956590346,64748.23558628518,50.1698256218523,0.587381366955197,39.900168579799725,225.31383286347662
mode_a_muB900p0_alpha1p1_xip0p20_1,dubar_to_dubar,t,full_process,0.19,0.05,1.0086347627786885,0.06912331346785106,0.0,0.0039466504478142435,0.0,209.291168984791,64201.13029850034,48.891417238558084,0.5855495516547616,38.77587386587964,404.96064468348
mode_a_muB900p0_alpha1p1_xip0p20_1,dubar_to_dubar,t,full_process,0.19,0.1,1.0586347627786885,0.070602848115904,0.0,0.003974571073535684,0.0,200.61137672880423,63302.29639610313,46.86377628844097,0.5825136714887059,36.996641088200995,105.1228951510902
mode_a_muB900p0_alpha1p1_xip0p20_1,dubar_to_dubar,t,full_process,0.19,0.2,1.1586347627786886,0.07357026318789028,0.0,0.004030680558851109,0.0,184.75465123203048,61552.15161764946,43.15956943604205,0.5765055516808621,33.7597567514127,18.271009928781165
mode_a_muB900p0_alpha1p1_xip0p20_1,dubar_to_dubar,t,full_process,0.19,0.5,1.4586347627786886,0.08253753979122458,0.0,0.004201153965476361,0.0,146.79016569026152,56658.20402585773,34.29088418824391,0.5589772923679726,26.093646408687643,2.9311578998389742
mode_a_muB900p0_alpha1p1_xip0p20_1,dubar_to_dubar,t,full_process,0.19,1.0,1.9586347627786886,0.09769016882470194,0.0,0.004492426727608109,0.0,104.78479781023049,49549.35382241401,24.478229515599953,0.5313326251602992,17.796772958259478,0.9967035690039986
mode_a_muB900p0_alpha1p1_xip0p20_1,dubar_to_dubar,t,full_process,0.19,2.0,2.9586347627786886,0.12871755046369715,0.0,0.0051018324471223,0.0,60.3565583091293,38419.138039085774,14.099580453819565,0.48134335355228497,9.37064959603834,0.4440971104487309
mode_a_muB900p0_alpha1p1_xip0p20_1,dubar_to_dubar,s,full_process,0.2,0.0001,1.0330452873503484,-0.00313710968344294,-9.677567790652995e-5,,,101514.36389417302,,94908.67497811955,0.0,94908.67497811955,197.44367656664468
mode_a_muB900p0_alpha1p1_xip0p20_1,dubar_to_dubar,s,full_process,0.2,0.0005,1.0334452873503484,-0.0031650198606281155,-0.00021649468097293276,,,99361.89132574426,,92896.26696452244,0.0,92896.26696452244,193.3606562813913
mode_a_muB900p0_alpha1p1_xip0p20_1,dubar_to_dubar,s,full_process,0.2,0.001,1.0339452873503483,-0.0031999090266296992,-0.00030634241945205195,,,96774.84796492722,,90477.5663189482,0.0,90477.5663189482,188.4522436358204
mode_a_muB900p0_alpha1p1_xip0p20_1,dubar_to_dubar,s,full_process,0.2,0.005,1.0379452873503483,-0.003479072612945222,-0.0006880935589875837,,,79507.56833582767,,74333.89396354216,0.0,74333.89396354216,155.6565412915458
mode_a_muB900p0_alpha1p1_xip0p20_1,dubar_to_dubar,s,full_process,0.2,0.01,1.0429452873503484,-0.0038281445064478614,-0.000978581346257964,,,64052.013048821835,,59884.05438350041,0.0,59884.05438350041,126.23536741431663
mode_a_muB900p0_alpha1p1_xip0p20_1,dubar_to_dubar,s,full_process,0.2,0.02,1.0529452873503484,-0.004526672265225962,-0.0013994220897757148,,,44545.12834861536,,41646.511351879926,0.0,41646.511351879926,88.95939368487343
mode_a_muB900p0_alpha1p1_xip0p20_1,dubar_to_dubar,s,full_process,0.2,0.05,1.0829452873503485,-0.006625307151685966,-0.0022865448941321725,,,20357.07017365899,,19032.405686280897,0.0,19032.405686280897,42.27290863155657
mode_a_muB900p0_alpha1p1_xip0p20_1,dubar_to_dubar,s,full_process,0.2,0.1,1.1329452873503485,-0.010133138008367348,-0.0034093969989970755,,,8748.563960913265,,8179.28204088665,0.0,8179.28204088665,19.349907011531112
mode_a_muB900p0_alpha1p1_xip0p20_1,dubar_to_dubar,s,full_process,0.2,0.2,1.2329452873503484,-0.01718624530324031,-0.005327383713529799,,,3088.821742382852,,2887.827570084376,0.0,2887.827570084376,7.699010337528819
mode_a_muB900p0_alpha1p1_xip0p20_1,dubar_to_dubar,s,full_process,0.2,0.5,1.5329452873503484,-0.03863557995640532,-0.010934133297360427,,,620.2460814481536,,579.885756975085,0.0,579.885756975085,2.1230538615024694
mode_a_muB900p0_alpha1p1_xip0p20_1,dubar_to_dubar,s,full_process,0.2,1.0,2.0329452873503486,-0.07527946551052822,-0.021920071432392833,,,162.66808295985373,,152.08303162935022,0.0,152.08303162935022,0.8631368021084842
mode_a_muB900p0_alpha1p1_xip0p20_1,dubar_to_dubar,s,full_process,0.2,2.0,3.0329452873503486,-0.1512660348599446,-0.052207632918721804,,,39.051745153616345,,36.51059067834797,0.0,36.51059067834797,0.41887030085468624
mode_a_muB900p0_alpha1p1_xip0p20_1,dubar_to_dubar,t,full_process,0.2,0.0001,1.0330452873503484,0.0657881434149975,0.0,0.0039021419589136564,0.0,231.0493435835201,65674.06073621543,54.00365577066734,0.5939767438929795,43.27033528830581,197.44367656664468
mode_a_muB900p0_alpha1p1_xip0p20_1,dubar_to_dubar,t,full_process,0.2,0.0005,1.0334452873503484,0.06579992808472923,0.0,0.0039023637544216955,0.0,230.96658980378854,65666.5956208963,53.98431355326463,0.5939517115852382,43.253235386970395,193.3606562813913
mode_a_muB900p0_alpha1p1_xip0p20_1,dubar_to_dubar,t,full_process,0.2,0.001,1.0339452873503483,0.06581465918773644,0.0,0.003902641007166512,0.0,230.86320821999536,65657.26573524291,53.960149955231365,0.593920423207758,43.23187357785928,188.4522436358204
mode_a_muB900p0_alpha1p1_xip0p20_1,dubar_to_dubar,t,full_process,0.2,0.005,1.0379452873503483,0.06593251848647952,0.0,0.0039048593532239645,0.0,230.03857548776597,65582.6872926076,53.76740678826172,0.5936701969178384,43.061500537232696,155.6565412915458
mode_a_muB900p0_alpha1p1_xip0p20_1,dubar_to_dubar,t,full_process,0.2,0.01,1.0429452873503484,0.06607986871908289,0.0,0.003907633092536813,0.0,229.01380210437563,65489.615752000886,53.527884320111674,0.5933576159404511,42.84983069761038,126.23536741431663
mode_a_muB900p0_alpha1p1_xip0p20_1,dubar_to_dubar,t,full_process,0.2,0.02,1.0529452873503484,0.06637465606047621,0.0,0.0039131832573217635,0.0,226.9840980519588,65303.976404082816,53.05347726375321,0.5927331263192199,42.43076506843671,88.95939368487343
mode_a_muB900p0_alpha1p1_xip0p20_1,dubar_to_dubar,t,full_process,0.2,0.05,1.0829452873503485,0.06725971100127548,0.0,0.0039298552334023655,0.0,221.04973884416913,64751.06194534806,51.66642683155354,0.5908650221151776,41.20688291418813,42.27290863155657
mode_a_muB900p0_alpha1p1_xip0p20_1,dubar_to_dubar,t,full_process,0.2,0.1,1.1329452873503485,0.06873709923669458,0.0,0.00395771345097409,0.0,211.64967153056196,63842.70888956679,49.46932905342617,0.5877693023269794,39.27256257078474,19.349907011531112
mode_a_muB900p0_alpha1p1_xip0p20_1,dubar_to_dubar,t,full_process,0.2,0.2,1.2329452873503484,0.07170039529811012,0.0,0.004013698300926967,0.0,194.51670306981865,62074.11704488596,45.464803800363825,0.5816438523951246,35.761638732641444,7.699010337528819
mode_a_muB900p0_alpha1p1_xip0p20_1,dubar_to_dubar,t,full_process,0.2,0.5,1.5329452873503484,0.08065676388179788,0.0,0.004183799949523232,0.0,153.71576598755357,57129.2048376084,35.92831377127701,0.5637813370742432,27.490825691920374,2.1230538615024694
mode_a_muB900p0_alpha1p1_xip0p20_1,dubar_to_dubar,t,full_process,0.2,1.0,2.0329452873503486,0.09579623146625382,0.0,0.004474463790950977,0.0,108.96904647257678,49947.98861868599,25.46956760011593,0.5356326482486835,18.618094741226116,0.8631368021084842
mode_a_muB900p0_alpha1p1_xip0p20_1,dubar_to_dubar,t,full_process,0.2,2.0,3.0329452873503486,0.12681610441591817,0.0,0.005082709163274725,0.0,62.180066693514846,38708.779717645935,14.533479582467955,0.48479916035415277,9.709486526656667,0.41887030085468624
mode_a_muB900p0_alpha1p1_xip0p20_1,dubar_to_dubar,s,full_process,0.21,0.0001,1.1149891633281948,-0.010754194017319696,-0.00010517337774931123,,,8645.751123652557,,8087.839270718082,0.0,8087.839270718082,18.582262670237576
mode_a_muB900p0_alpha1p1_xip0p20_1,dubar_to_dubar,s,full_process,0.21,0.0005,1.1153891633281947,-0.010782307569800587,-0.0002352742467553406,,,8597.453517592014,,8042.658317740011,0.0,8042.658317740011,18.487779321957547
mode_a_muB900p0_alpha1p1_xip0p20_1,dubar_to_dubar,s,full_process,0.21,0.001,1.1158891633281947,-0.010817450987025579,-0.0003329038088491927,,,8537.66303113567,,7986.726121975728,0.0,7986.726121975728,18.37078153957312
mode_a_muB900p0_alpha1p1_xip0p20_1,dubar_to_dubar,s,full_process,0.21,0.005,1.1198891633281947,-0.011098648949285472,-0.0007475416212509485,,,8081.537739178797,,7560.034675981518,0.0,7560.034675981518,17.477066462948336
mode_a_muB900p0_alpha1p1_xip0p20_1,dubar_to_dubar,s,full_process,0.21,0.01,1.1248891633281948,-0.011450263927152093,-0.0010627508914660675,,,7562.12378504637,,7074.138596403514,0.0,7074.138596403514,16.456646416190626
mode_a_muB900p0_alpha1p1_xip0p20_1,dubar_to_dubar,s,full_process,0.21,0.02,1.1348891633281948,-0.012153877451525519,-0.001518731353863482,,,6665.632070276333,,6235.497650938935,0.0,6235.497650938935,14.687711147449024
mode_a_muB900p0_alpha1p1_xip0p20_1,dubar_to_dubar,s,full_process,0.21,0.05,1.1648891633281948,-0.014267764653917547,-0.002476501211925662,,,4768.6679485609375,,4460.944960336912,0.0,4460.944960336912,10.902249315078961
mode_a_muB900p0_alpha1p1_xip0p20_1,dubar_to_dubar,s,full_process,0.21,0.1,1.2148891633281949,-0.01780099610681729,-0.0036811501034660792,,,3026.3932193376404,,2831.0995283025245,0.0,2831.0995283025245,7.344592287103169
mode_a_muB900p0_alpha1p1_xip0p20_1,dubar_to_dubar,s,full_process,0.21,0.2,1.3148891633281947,-0.024904811834572493,-0.005720627106256905,,,1531.4516671448082,,1432.6268195316338,0.0,1432.6268195316338,4.163510265050571
mode_a_muB900p0_alpha1p1_xip0p20_1,dubar_to_dubar,s,full_process,0.21,0.5,1.6148891633281948,-0.04650517232579565,-0.011599715747540049,,,435.2965503730138,,407.2067867976747,0.0,407.2067867976747,1.6039781123469856
mode_a_muB900p0_alpha1p1_xip0p20_1,dubar_to_dubar,s,full_process,0.21,1.0,2.1148891633281948,-0.083394597557654,-0.02297123946718306,,,133.6480880441766,,125.02375322636084,0.0,125.02375322636084,0.7535231667478612
mode_a_muB900p0_alpha1p1_xip0p20_1,dubar_to_dubar,s,full_process,0.21,2.0,3.1148891633281948,-0.15982891030958601,-0.054035584229395334,,,35.13070827291277,,32.86371743925077,0.0,32.86371743925077,0.3954554095128013
mode_a_muB900p0_alpha1p1_xip0p20_1,dubar_to_dubar,t,full_process,0.21,0.0001,1.1149891633281948,0.0639183320885709,0.0,0.0038849272674124006,0.0,244.76489637518495,66257.37334632169,57.24254355358191,0.5997033348464859,46.12413368464371,18.582262670237576
mode_a_muB900p0_alpha1p1_xip0p20_1,dubar_to_dubar,t,full_process,0.21,0.0005,1.1153891633281947,0.06393010418906708,0.0,0.003885148607283868,0.0,244.67476257346053,66249.82409545222,57.22146419070239,0.5996777576902244,46.10543636355789,18.487779321957547
mode_a_muB900p0_alpha1p1_xip0p20_1,dubar_to_dubar,t,full_process,0.21,0.001,1.1158891633281947,0.06394481958531917,0.0,0.0038854252904859618,0.0,244.56216324723192,66240.38906095979,57.19513087276666,0.5996457883369191,46.082079389982226,18.37078153957312
mode_a_muB900p0_alpha1p1_xip0p20_1,dubar_to_dubar,t,full_process,0.21,0.005,1.1198891633281947,0.06406255341565215,0.0,0.003887639080296199,0.0,243.66407908837067,66164.9702563494,56.985098215552675,0.5993901176630594,45.895809241982015,17.477066462948336
mode_a_muB900p0_alpha1p1_xip0p20_1,dubar_to_dubar,t,full_process,0.21,0.01,1.1248891633281948,0.06420974727560858,0.0,0.003890407124534273,0.0,242.54821277314727,66070.8503333629,56.72413339953913,0.5990707397619421,45.66442743537248,16.456646416190626
mode_a_muB900p0_alpha1p1_xip0p20_1,dubar_to_dubar,t,full_process,0.21,0.02,1.1348891633281948,0.06450422341859863,0.0,0.003895945899992279,0.0,240.33869458452727,65883.12109827028,56.20739900250109,0.5984326847467125,45.206461930628016,14.687711147449024
mode_a_muB900p0_alpha1p1_xip0p20_1,dubar_to_dubar,t,full_process,0.21,0.05,1.1648891633281948,0.06538835723693803,0.0,0.003912583715563825,0.0,233.88326433899132,65323.99154671429,54.697683955696306,0.59652411058359,43.86993788868798,10.902249315078961
mode_a_muB900p0_alpha1p1_xip0p20_1,dubar_to_dubar,t,full_process,0.21,0.1,1.2148891633281949,0.06686425247728223,0.0,0.003940385029677935,0.0,223.6722016574037,64405.45892117526,52.309648706625396,0.5933616856385169,41.76056158929032,7.344592287103169
mode_a_muB900p0_alpha1p1_xip0p20_1,dubar_to_dubar,t,full_process,0.21,0.2,1.3148891633281947,0.06982472505192716,0.0,0.003996256228695626,0.0,205.10749543166065,62617.157306403235,47.96796809627501,0.5871055508909564,37.94144837880768,4.163510265050571
mode_a_muB900p0_alpha1p1_xip0p20_1,dubar_to_dubar,t,full_process,0.21,0.5,1.6148891633281948,0.07877398530685342,0.0,0.004166018865928408,0.0,161.15150456601322,57617.91457252951,37.68809235089519,0.5688715459850129,28.996362758535092,1.6039781123469856
mode_a_muB900p0_alpha1p1_xip0p20_1,dubar_to_dubar,t,full_process,0.21,1.0,2.1148891633281948,0.0939063639377632,0.0,0.004456127679645059,0.0,113.39918938624767,50359.887119926025,26.52037989725913,0.5401651326400261,19.4907670873524,0.7535231667478612
mode_a_muB900p0_alpha1p1_xip0p20_1,dubar_to_dubar,t,full_process,0.21,2.0,3.1148891633281948,0.12493007760511632,0.0,0.005063317931816111,0.0,64.07166065496895,39005.837197505185,14.984276258187414,0.4884048450233757,10.062175351003342,0.3954554095128013
mode_a_muB900p0_alpha1p1_xip0p20_1,uubar_to_uubar,s,full_process,0.19,0.0001,0.9587347627786881,0.003909597631863604,-8.927266818366134e-5,0.003329345040597661,-5.267689910324239e-7,65389.72199744759,90215.75269429969,15275.351543967598,0.7337827074291879,15487.774043797055,29.56587076083973
mode_a_muB900p0_alpha1p1_xip0p20_1,uubar_to_uubar,s,full_process,0.19,0.0005,0.959134762778688,0.0038818760699621535,-0.00019971588596591548,0.0033290987485478265,-1.1784311332467271e-6,66186.3818437348,90229.09275236589,15461.455091149552,0.7338571101022521,15674.951308271402,29.93788855284175
mode_a_muB900p0_alpha1p1_xip0p20_1,uubar_to_uubar,s,full_process,0.19,0.001,0.9596347627786881,0.0038472227028480965,-0.00028261087047070813,0.0033287908831716533,-1.667507691983125e-6,67199.82366383963,90245.771978066,15698.199943376905,0.733950133059964,15913.04318803805,30.411290865026697
mode_a_muB900p0_alpha1p1_xip0p20_1,uubar_to_uubar,s,full_process,0.19,0.005,0.9636347627786881,0.00356994589012416,-0.0006349789961091533,0.00332632798734965,-3.7457381210986443e-6,76058.86113290815,90379.3699451707,17767.713431849155,0.7346950846562033,17993.468882654044,34.55656528233363
mode_a_muB900p0_alpha1p1_xip0p20_1,uubar_to_uubar,s,full_process,0.19,0.01,0.9686347627786881,0.003223232682060928,-0.0009033789511324399,0.003323249480372584,-5.3274795041024635e-6,89243.3041778838,90546.77629073456,20847.662333165208,0.7356281780142339,21086.993248800598,40.74741188057175
mode_a_muB900p0_alpha1p1_xip0p20_1,uubar_to_uubar,s,full_process,0.19,0.02,0.9786347627786881,0.002529422313004015,-0.001292823246773803,0.003317092885794064,-7.619707380373514e-6,123925.42429074003,90882.95567335177,28949.5713309529,0.7375007170249148,29210.82956549144,57.14460300561595
mode_a_muB900p0_alpha1p1_xip0p20_1,uubar_to_uubar,s,full_process,0.19,0.05,1.008634762778688,0.0004449381803104391,-0.002116823153247994,0.003298626640767549,-1.2454432044667567e-5,213724.98024815097,91902.53367026796,49927.176738041126,0.7431695518594035,50008.587410230284,101.52178102980798
mode_a_muB900p0_alpha1p1_xip0p20_1,uubar_to_uubar,s,full_process,0.19,0.1,1.058634762778688,-0.0030393157579813312,-0.003166585655964376,0.0032678622258705057,-1.857626512388399e-5,51908.39934217468,93639.37147731456,12126.050146952643,0.7527912006809561,11995.269921557634,25.91013837076077
mode_a_muB900p0_alpha1p1_xip0p20_1,uubar_to_uubar,s,full_process,0.19,0.2,1.1586347627786882,-0.010045314011742024,-0.004975998402931818,0.003206387130580434,-2.9018886017293498e-5,7957.418662277722,97259.60815601164,1858.8910265371712,0.7727077125445077,1792.04842423751,4.3921522616089534
mode_a_muB900p0_alpha1p1_xip0p20_1,uubar_to_uubar,s,full_process,0.19,0.5,1.4586347627786882,-0.03135399891845991,-0.010339218240757795,0.0030225194209455566,-5.9211317971937666e-5,917.4541862434702,109419.6100139466,214.321682250008,0.8383221408636505,189.86960413802657,0.7874306705338454
mode_a_muB900p0_alpha1p1_xip0p20_1,uubar_to_uubar,s,full_process,0.19,1.0,1.9586347627786882,-0.06776797557412295,-0.02097972590383145,0.0027188203935249126,-0.00011639336871136365,198.70257501710591,135034.19254112488,46.41787108677849,0.970917503825215,34.744391654699534,2.8092817657656126
mode_a_muB900p0_alpha1p1_xip0p20_1,uubar_to_uubar,s,full_process,0.19,2.0,2.958634762778688,-0.14332997401070502,-0.05056803795660274,0.0021288527010089034,-0.0002616167068445229,43.28890407471367,217369.70328586898,10.112494861503436,1.3591252406622616,4.832519657825663,0.23957675518188848
mode_a_muB900p0_alpha1p1_xip0p20_1,uubar_to_uubar,t,full_process,0.19,0.0001,0.9587347627786881,0.0676495475340052,0.0,0.003918874845329108,0.0,218.50944178863023,65114.42535386007,51.04484981795234,0.588600751331873,62.59612122099484,29.56587076083973
mode_a_muB900p0_alpha1p1_xip0p20_1,uubar_to_uubar,t,full_process,0.19,0.0005,0.959134762778688,0.06766135004587648,0.0,0.003919097140605845,0.0,218.43321702077097,65107.0388471335,51.02704334791642,0.5885762074000832,62.57614940538421,29.93788855284175
mode_a_muB900p0_alpha1p1_xip0p20_1,uubar_to_uubar,t,full_process,0.19,0.001,0.9596347627786881,0.06767610344643848,0.0,0.003919375018057959,0.0,218.3379904543627,65097.807203492855,51.00479796693328,0.5885455294194686,62.55119836350294,30.411290865026697
mode_a_muB900p0_alpha1p1_xip0p20_1,uubar_to_uubar,t,full_process,0.19,0.005,0.9636347627786881,0.067794140926287,0.0,0.003921598361652164,0.0,217.57834870021927,65024.01394333446,50.82734202297822,0.5883001833548146,62.35213792142495,34.55656528233363
mode_a_muB900p0_alpha1p1_xip0p20_1,uubar_to_uubar,t,full_process,0.19,0.01,0.9686347627786881,0.0679417133880319,0.0,0.003924378347582746,0.0,216.63419523961994,64931.92199824051,50.60678326264795,0.5879936952847762,62.10467512374163,40.74741188057175
mode_a_muB900p0_alpha1p1_xip0p20_1,uubar_to_uubar,t,full_process,0.19,0.02,0.9786347627786881,0.0682369435261777,0.0,0.003929941004548448,0.0,214.7636956590346,64748.23558628518,50.1698256218523,0.587381366955197,61.61424539781526,57.14460300561595
mode_a_muB900p0_alpha1p1_xip0p20_1,uubar_to_uubar,t,full_process,0.19,0.05,1.008634762778688,0.06912331346785106,0.0,0.0039466504478142435,0.0,209.291168984791,64201.13029850034,48.891417238558084,0.5855495516547616,60.17805971454605,101.52178102980798
mode_a_muB900p0_alpha1p1_xip0p20_1,uubar_to_uubar,t,full_process,0.19,0.1,1.058634762778688,0.070602848115904,0.0,0.003974571073535684,0.0,200.61137672880423,63302.29639610313,46.86377628844097,0.5825136714887059,57.89593883165834,25.91013837076077
mode_a_muB900p0_alpha1p1_xip0p20_1,uubar_to_uubar,t,full_process,0.19,0.2,1.1586347627786882,0.07357026318789028,0.0,0.004030680558851109,0.0,184.75465123203048,61552.15161764946,43.15956943604205,0.5765055516808621,53.71239322403312,4.3921522616089534
mode_a_muB900p0_alpha1p1_xip0p20_1,uubar_to_uubar,t,full_process,0.19,0.5,1.4586347627786882,0.08253753979122458,0.0,0.004201153965476361,0.0,146.79016569026152,56658.20402585773,34.29088418824391,0.5589772923679726,43.606076552536116,0.7874306705338454
mode_a_muB900p0_alpha1p1_xip0p20_1,uubar_to_uubar,t,full_process,0.19,1.0,1.9586347627786882,0.09769016882470194,0.0,0.004492426727608109,0.0,104.78479781023049,49549.35382241401,24.478229515599953,0.5313326251602992,32.22235132326103,2.8092817657656126
mode_a_muB900p0_alpha1p1_xip0p20_1,uubar_to_uubar,t,full_process,0.19,2.0,2.958634762778688,0.12871755046369715,0.0,0.0051018324471223,0.0,60.3565583091293,38419.138039085774,14.099580453819565,0.48134335355228497,19.79119801870536,0.23957675518188848
mode_a_muB900p0_alpha1p1_xip0p20_1,uubar_to_uubar,s,full_process,0.2,0.0001,1.0330452873503484,-0.00313710968344294,-9.677567790652995e-5,0.003267679587008527,-5.687333717690934e-7,101514.36389417302,93652.86260578454,23727.168744529878,0.7560046348142625,23460.18904066755,48.53246931403153
mode_a_muB900p0_alpha1p1_xip0p20_1,uubar_to_uubar,s,full_process,0.2,0.0005,1.0334452873503484,-0.0031650198606281155,-0.00021649468097293276,0.003267433586044337,-1.2722709104818764e-6,99361.89132574426,93666.9537850618,23224.0667411306,0.7560831356802767,22960.42451670476,47.52238604922629
mode_a_muB900p0_alpha1p1_xip0p20_1,uubar_to_uubar,s,full_process,0.2,0.001,1.0339452873503483,-0.0031999090266296992,-0.00030634241945205195,0.003267126084471768,-1.8002252550994198e-6,96774.84796492722,93684.57222316346,22619.391579737043,0.7561812829040057,22359.784728485654,46.308185225342534
mode_a_muB900p0_alpha1p1_xip0p20_1,uubar_to_uubar,s,full_process,0.2,0.005,1.0379452873503483,-0.003479072612945222,-0.0006880935589875837,0.003264666101534884,-4.042648112580038e-6,79507.56833582767,93825.69595450914,18583.47349088553,0.75696728669934,18351.585836910577,38.19785667282765
mode_a_muB900p0_alpha1p1_xip0p20_1,uubar_to_uubar,s,full_process,0.2,0.01,1.0429452873503484,-0.0038281445064478614,-0.000978581346257964,0.0032615912459646366,-5.747629096336643e-6,64052.013048821835,94002.53937018066,14971.013595875098,0.7579518379244892,14765.45466733916,30.92666159798018
mode_a_muB900p0_alpha1p1_xip0p20_1,uubar_to_uubar,s,full_process,0.2,0.02,1.0529452873503484,-0.004526672265225962,-0.0013994220897757148,0.003255441992557951,-8.2146112392625e-6,44545.12834861536,94357.69261368114,10411.62783796998,0.7599277675586642,10242.557798824808,21.724119039067162
mode_a_muB900p0_alpha1p1_xip0p20_1,uubar_to_uubar,s,full_process,0.2,0.05,1.0829452873503485,-0.006625307151685966,-0.0022865448941321725,0.0032369980869243397,-1.3398486030181768e-5,20357.07017365899,95434.99914438293,4758.101421570223,0.7659106091845322,4644.90141849952,10.230643230399153
mode_a_muB900p0_alpha1p1_xip0p20_1,uubar_to_uubar,s,full_process,0.2,0.1,1.1329452873503485,-0.010133138008367348,-0.0034093969989970755,0.0032062719747251267,-1.9919442342059452e-5,8748.563960913265,97270.80720626321,2044.8205102216618,0.7760686568798908,1970.243176512632,4.6236903944701755
mode_a_muB900p0_alpha1p1_xip0p20_1,uubar_to_uubar,s,full_process,0.2,0.2,1.2329452873503484,-0.01718624530324031,-0.005327383713529799,0.003144877593606422,-3.094128905046282e-5,3088.821742382852,101099.8404745686,721.9568925210938,0.7971090504612863,677.0689219614278,1.8113804955860864
mode_a_muB900p0_alpha1p1_xip0p20_1,uubar_to_uubar,s,full_process,0.2,0.5,1.5329452873503484,-0.03863557995640532,-0.010934133297360427,0.0029612867243174485,-6.235895190569022e-5,620.2460814481536,113984.69435350288,144.97143924377124,0.8665504390545932,124.401909629704,0.6096124220522826
mode_a_muB900p0_alpha1p1_xip0p20_1,uubar_to_uubar,s,full_process,0.2,1.0,2.0329452873503486,-0.07527946551052822,-0.021920071432392833,0.0026581767767465767,-0.00012109333369683109,162.66808295985373,141231.61993606886,38.02075790733754,1.0074114963910146,27.313717622641022,2.308812694088547
mode_a_muB900p0_alpha1p1_xip0p20_1,uubar_to_uubar,s,full_process,0.2,2.0,3.0329452873503486,-0.1512660348599446,-0.052207632918721804,0.002069949999203819,-0.00026888269066964763,39.051745153616345,229516.2011641491,9.127647669586988,1.4229493889293083,4.096852895662104,0.22674534704010701
mode_a_muB900p0_alpha1p1_xip0p20_1,uubar_to_uubar,t,full_process,0.2,0.0001,1.0330452873503484,0.0657881434149975,0.0,0.0039021419589136564,0.0,231.0493435835201,65674.06073621543,54.00365577066734,0.5939767438929795,65.92492974081483,48.53246931403153
mode_a_muB900p0_alpha1p1_xip0p20_1,uubar_to_uubar,t,full_process,0.2,0.0005,1.0334452873503484,0.06579992808472923,0.0,0.0039023637544216955,0.0,230.96658980378854,65666.5956208963,53.98431355326463,0.5939517115852382,65.90329514272935,47.52238604922629
mode_a_muB900p0_alpha1p1_xip0p20_1,uubar_to_uubar,t,full_process,0.2,0.001,1.0339452873503483,0.06581465918773644,0.0,0.003902641007166512,0.0,230.86320821999536,65657.26573524291,53.960149955231365,0.593920423207758,65.87626717901898,46.308185225342534
mode_a_muB900p0_alpha1p1_xip0p20_1,uubar_to_uubar,t,full_process,0.2,0.005,1.0379452873503483,0.06593251848647952,0.0,0.0039048593532239645,0.0,230.03857548776597,65582.6872926076,53.76740678826172,0.5936701969178384,65.66065343312643,38.19785667282765
mode_a_muB900p0_alpha1p1_xip0p20_1,uubar_to_uubar,t,full_process,0.2,0.01,1.0429452873503484,0.06607986871908289,0.0,0.003907633092536813,0.0,229.01380210437563,65489.615752000886,53.527884320111674,0.5933576159404511,65.39265317449387,30.92666159798018
mode_a_muB900p0_alpha1p1_xip0p20_1,uubar_to_uubar,t,full_process,0.2,0.02,1.0529452873503484,0.06637465606047621,0.0,0.0039131832573217635,0.0,226.9840980519588,65303.976404082816,53.05347726375321,0.5927331263192199,64.86165571170815,21.724119039067162
mode_a_muB900p0_alpha1p1_xip0p20_1,uubar_to_uubar,t,full_process,0.2,0.05,1.0829452873503485,0.06725971100127548,0.0,0.0039298552334023655,0.0,221.04973884416913,64751.06194534806,51.66642683155354,0.5908650221151776,63.3077007931493,10.230643230399153
mode_a_muB900p0_alpha1p1_xip0p20_1,uubar_to_uubar,t,full_process,0.2,0.1,1.1329452873503485,0.06873709923669458,0.0,0.00395771345097409,0.0,211.64967153056196,63842.70888956679,49.46932905342617,0.5877693023269794,60.84163414072157,4.6236903944701755
mode_a_muB900p0_alpha1p1_xip0p20_1,uubar_to_uubar,t,full_process,0.2,0.2,1.2329452873503484,0.07170039529811012,0.0,0.004013698300926967,0.0,194.51670306981865,62074.11704488596,45.464803800363825,0.5816438523951246,56.331256572876455,1.8113804955860864
mode_a_muB900p0_alpha1p1_xip0p20_1,uubar_to_uubar,t,full_process,0.2,0.5,1.5329452873503484,0.08065676388179788,0.0,0.004183799949523232,0.0,153.71576598755357,57129.2048376084,35.92831377127701,0.5637813370742432,45.49336452478214,0.6096124220522826
mode_a_muB900p0_alpha1p1_xip0p20_1,uubar_to_uubar,t,full_process,0.2,1.0,2.0329452873503486,0.09579623146625382,0.0,0.004474463790950977,0.0,108.96904647257678,49947.98861868599,25.46956760011593,0.5356326482486835,33.39230575550311,2.308812694088547
mode_a_muB900p0_alpha1p1_xip0p20_1,uubar_to_uubar,t,full_process,0.2,2.0,3.0329452873503486,0.12681610441591817,0.0,0.005082709163274725,0.0,62.180066693514846,38708.779717645935,14.533479582467955,0.48479916035415277,20.327070958987548,0.22674534704010701
mode_a_muB900p0_alpha1p1_xip0p20_1,uubar_to_uubar,s,full_process,0.21,0.0001,1.1149891633281952,-0.010754194017319696,-0.00010517337774931123,0.0032009954099989336,-6.153925092336636e-7,8645.751123652557,97595.5197244697,2021.9598176795198,0.7814342444817266,1943.2460561423338,4.405505794374285
mode_a_muB900p0_alpha1p1_xip0p20_1,uubar_to_uubar,s,full_process,0.21,0.0005,1.1153891633281952,-0.010782307569800587,-0.0002352742467553406,0.0032007497235964732,-1.3766090344292831e-6,8597.453517592014,97610.48852381908,2010.6645794350022,0.7815175312251673,1932.1847059028048,4.382672573191358
mode_a_muB900p0_alpha1p1_xip0p20_1,uubar_to_uubar,s,full_process,0.21,0.001,1.115889163328195,-0.010817450987025579,-0.0003329038088491927,0.003200442615170161,-1.947790697438721e-6,8537.66303113567,97629.20435655865,1996.6815304939314,0.7816216626096367,1918.4919196532287,4.3544005988461265
mode_a_muB900p0_alpha1p1_xip0p20_1,uubar_to_uubar,s,full_process,0.21,0.005,1.119889163328195,-0.011098648949285472,-0.0007475416212509485,0.0031979857803468986,-4.372776405425647e-6,8081.537739178797,97779.12156952696,1890.008668995379,0.7824556086785118,1814.0605482884669,4.13852092688185
mode_a_muB900p0_alpha1p1_xip0p20_1,uubar_to_uubar,s,full_process,0.21,0.01,1.1248891633281952,-0.011450263927152093,-0.0010627508914660675,0.0031949148717560177,-6.214787259696506e-6,7562.12378504637,97966.99229359075,1768.5346491008781,0.783500257197462,1695.2017173416398,3.8922262791540634
mode_a_muB900p0_alpha1p1_xip0p20_1,uubar_to_uubar,s,full_process,0.21,0.02,1.1348891633281952,-0.012153877451525519,-0.001518731353863482,0.0031887735561803472,-8.87608227144896e-6,6665.632070276333,98344.31854640086,1558.8744127347338,0.7855969456756491,1490.2346390755333,3.465816600389146
mode_a_muB900p0_alpha1p1_xip0p20_1,uubar_to_uubar,s,full_process,0.21,0.05,1.1648891633281953,-0.014267764653917547,-0.002476501211925662,0.0031703538249990715,-1.4448203449044007e-5,4768.6679485609375,99489.10230559987,1115.2362400842276,0.7919466211487254,1057.5131228123096,2.5564259698157166
mode_a_muB900p0_alpha1p1_xip0p20_1,uubar_to_uubar,s,full_process,0.21,0.1,1.2148891633281953,-0.01780099610681729,-0.0036811501034660792,0.0031396692259358407,-2.1413014021860634e-5,3026.3932193376404,101440.64620612457,707.7748820756309,0.8027315773757615,661.9603608460789,1.708220699138214
mode_a_muB900p0_alpha1p1_xip0p20_1,uubar_to_uubar,s,full_process,0.21,0.2,1.3148891633281952,-0.024904811834572493,-0.005720627106256905,0.0030783625583608145,-3.307907382277851e-5,1531.4516671448082,105514.05626113643,358.15670488290834,0.8250865604023202,325.5582202709324,0.9639653716841068
mode_a_muB900p0_alpha1p1_xip0p20_1,uubar_to_uubar,s,full_process,0.21,0.5,1.6148891633281952,-0.04650517232579565,-0.011599715747540049,0.002895074308931994,-6.585940976779612e-5,435.2965503730138,119249.31057274024,101.80169669941864,0.8990143881267723,84.24626304343352,0.5050626710998776
mode_a_muB900p0_alpha1p1_xip0p20_1,uubar_to_uubar,s,full_process,0.21,1.0,2.114889163328195,-0.083394597557654,-0.02297123946718306,0.0025926132573317064,-0.0001263182885416067,133.6480880441766,148420.80679863138,31.2559383065902,1.049610547395066,21.42259508492621,1.838301452232619
mode_a_muB900p0_alpha1p1_xip0p20_1,uubar_to_uubar,s,full_process,0.21,2.0,3.114889163328195,-0.15982891030958601,-0.054035584229395334,0.0020063150132394853,-0.000276942910986141,35.13070827291277,243783.68020321705,8.215929359812689,1.4975979008095468,3.43727300710779,0.2151176468750048
mode_a_muB900p0_alpha1p1_xip0p20_1,uubar_to_uubar,t,full_process,0.21,0.0001,1.1149891633281952,0.0639183320885709,0.0,0.0038849272674124006,0.0,244.76489637518495,66257.37334632169,57.24254355358191,0.5997033348464859,69.56036009221309,4.405505794374285
mode_a_muB900p0_alpha1p1_xip0p20_1,uubar_to_uubar,t,full_process,0.21,0.0005,1.1153891633281952,0.06393010418906708,0.0,0.003885148607283868,0.0,244.67476257346053,66249.82409545222,57.22146419070239,0.5996777576902244,69.53684753322733,4.382672573191358
mode_a_muB900p0_alpha1p1_xip0p20_1,uubar_to_uubar,t,full_process,0.21,0.001,1.115889163328195,0.06394481958531917,0.0,0.0038854252904859618,0.0,244.56216324723192,66240.38906095979,57.19513087276666,0.5996457883369191,69.50747393222494,4.3544005988461265
mode_a_muB900p0_alpha1p1_xip0p20_1,uubar_to_uubar,t,full_process,0.21,0.005,1.119889163328195,0.06406255341565215,0.0,0.003887639080296199,0.0,243.66407908837067,66164.9702563494,56.985098215552675,0.5993901176630594,69.27316742444945,4.13852092688185
mode_a_muB900p0_alpha1p1_xip0p20_1,uubar_to_uubar,t,full_process,0.21,0.01,1.1248891633281952,0.06420974727560858,0.0,0.003890407124534273,0.0,242.54821277314727,66070.8503333629,56.72413339953913,0.5990707397619421,68.98198084322965,3.8922262791540634
mode_a_muB900p0_alpha1p1_xip0p20_1,uubar_to_uubar,t,full_process,0.21,0.02,1.1348891633281952,0.06450422341859863,0.0,0.003895945899992279,0.0,240.33869458452727,65883.12109827028,56.20739900250109,0.5984326847467125,68.40520144386757,3.465816600389146
mode_a_muB900p0_alpha1p1_xip0p20_1,uubar_to_uubar,t,full_process,0.21,0.05,1.1648891633281953,0.06538835723693803,0.0,0.003912583715563825,0.0,233.88326433899132,65323.99154671429,54.697683955696306,0.59652411058359,66.71847824387183,2.5564259698157166
mode_a_muB900p0_alpha1p1_xip0p20_1,uubar_to_uubar,t,full_process,0.21,0.1,1.2148891633281953,0.06686425247728223,0.0,0.003940385029677935,0.0,223.6722016574037,64405.45892117526,52.309648706625396,0.5933616856385169,64.04545919523751,1.708220699138214
mode_a_muB900p0_alpha1p1_xip0p20_1,uubar_to_uubar,t,full_process,0.21,0.2,1.3148891633281952,0.06982472505192716,0.0,0.003996256228695626,0.0,205.10749543166065,62617.157306403235,47.96796809627501,0.5871055508909564,59.168698915524246,0.9639653716841068
mode_a_muB900p0_alpha1p1_xip0p20_1,uubar_to_uubar,t,full_process,0.21,0.5,1.6148891633281952,0.07877398530685342,0.0,0.004166018865928408,0.0,161.15150456601322,57617.91457252951,37.68809235089519,0.5688715459850129,47.5175650352253,0.5050626710998776
mode_a_muB900p0_alpha1p1_xip0p20_1,uubar_to_uubar,t,full_process,0.21,1.0,2.114889163328195,0.0939063639377632,0.0,0.004456127679645059,0.0,113.39918938624767,50359.887119926025,26.52037989725913,0.5401651326400261,34.63032297244591,1.838301452232619
mode_a_muB900p0_alpha1p1_xip0p20_1,uubar_to_uubar,t,full_process,0.21,2.0,3.114889163328195,0.12493007760511632,0.0,0.005063317931816111,0.0,64.07166065496895,39005.837197505185,14.984276258187414,0.4884048450233757,20.88318685541824,0.2151176468750048
mode_a_muB900p0_alpha1p1_xip0p20_1,uubar_to_ddbar,s,full_process,0.19,0.0001,0.9587347627786892,0.003909597631863604,-8.927266818366134e-5,0.003329345040597661,-5.267689910324239e-7,65389.72199744759,90215.75269429969,15275.351543967598,0.7337827074291879,15064.396609552998,28.275893546591057
mode_a_muB900p0_alpha1p1_xip0p20_1,uubar_to_ddbar,s,full_process,0.19,0.0005,0.9591347627786891,0.0038818760699621535,-0.00019971588596591548,0.0033290987485478265,-1.1784311332467271e-6,66186.3818437348,90229.09275236589,15461.455091149552,0.7338571101022521,15249.426588247907,28.641317326204028
mode_a_muB900p0_alpha1p1_xip0p20_1,uubar_to_ddbar,s,full_process,0.19,0.001,0.9596347627786892,0.0038472227028480965,-0.00028261087047070813,0.0033287908831716533,-1.667507691983125e-6,67199.82366383963,90245.771978066,15698.199943376905,0.733950133059964,15484.824598981882,29.10644452430453
mode_a_muB900p0_alpha1p1_xip0p20_1,uubar_to_ddbar,s,full_process,0.19,0.005,0.9636347627786892,0.00356994589012416,-0.0006349789961091533,0.00332632798734965,-3.7457381210986443e-6,76058.86113290815,90379.3699451707,17767.713431849155,0.7346950846562033,17543.427371213576,33.1845729555809
mode_a_muB900p0_alpha1p1_xip0p20_1,uubar_to_ddbar,s,full_process,0.19,0.01,0.9686347627786892,0.003223232682060928,-0.0009033789511324399,0.003323249480372584,-5.3274795041024635e-6,89243.3041778838,90546.77629073456,20847.662333165208,0.7356281780142339,20609.802673885846,39.29152643953065
mode_a_muB900p0_alpha1p1_xip0p20_1,uubar_to_ddbar,s,full_process,0.19,0.02,0.9786347627786892,0.002529422313004015,-0.001292823246773803,0.003317092885794064,-7.619707380373514e-6,123925.42429074003,90882.95567335177,28949.5713309529,0.7375007170249148,28689.788097848403,55.551035879081624
mode_a_muB900p0_alpha1p1_xip0p20_1,uubar_to_ddbar,s,full_process,0.19,0.05,1.0086347627786891,0.0004449381803104391,-0.002116823153247994,0.003298626640767549,-1.2454432044667567e-5,213724.98024815097,91902.53367026796,49927.176738041126,0.7431695518594035,49847.25240495569,100.99835674299736
mode_a_muB900p0_alpha1p1_xip0p20_1,uubar_to_ddbar,s,full_process,0.19,0.1,1.0586347627786892,-0.0030393157579813312,-0.003166585655964376,0.0032678622258705057,-1.857626512388399e-5,51908.39934217468,93639.37147731456,12126.050146952643,0.7527912006809561,12258.33595474901,26.69481954911851
mode_a_muB900p0_alpha1p1_xip0p20_1,uubar_to_ddbar,s,full_process,0.19,0.2,1.1586347627786893,-0.010045314011742024,-0.004975998402931818,0.003206387130580434,-2.9018886017293498e-5,7957.418662277722,97259.60815601164,1858.8910265371712,0.7727077125445077,1927.2790442619212,4.8025004890236005
mode_a_muB900p0_alpha1p1_xip0p20_1,uubar_to_ddbar,s,full_process,0.19,0.5,1.458634762778689,-0.03135399891845991,-0.010339218240757795,0.0030225194209455566,-5.9211317971937666e-5,917.4541862434702,109419.6100139466,214.321682250008,0.8383221408636505,240.45040464371675,0.948115972569593
mode_a_muB900p0_alpha1p1_xip0p20_1,uubar_to_ddbar,s,full_process,0.19,1.0,1.958634762778689,-0.06776797557412295,-0.02097972590383145,0.0027188203935249126,-0.00011639336871136365,198.70257501710591,135034.19254112488,46.41787108677849,0.970917503825215,60.033185526507886,2.9775757591296386
mode_a_muB900p0_alpha1p1_xip0p20_1,uubar_to_ddbar,s,full_process,0.19,2.0,2.958634762778689,-0.14332997401070502,-0.05056803795660274,0.0021288527010089034,-0.0002616167068445229,43.28890407471367,217369.70328586898,10.112494861503436,1.3591252406622616,18.110720546505735,0.4461197463241924
mode_a_muB900p0_alpha1p1_xip0p20_1,uubar_to_ddbar,t,full_process,0.19,0.0001,0.9587347627786892,0.0676495475340052,-3.8703328915093945e-19,,,218.50944178863023,,204.17939927180942,0.0,204.17939927180942,28.275893546591057
mode_a_muB900p0_alpha1p1_xip0p20_1,uubar_to_ddbar,t,full_process,0.19,0.0005,0.9591347627786891,0.06766135004587648,6.824437358563284e-20,,,218.43321702077097,,204.1081733916657,0.0,204.1081733916657,28.641317326204028
mode_a_muB900p0_alpha1p1_xip0p20_1,uubar_to_ddbar,t,full_process,0.19,0.001,0.9596347627786892,0.06767610344643848,0.0,,,218.3379904543627,,204.01919186773318,0.0,204.01919186773318,29.10644452430453
mode_a_muB900p0_alpha1p1_xip0p20_1,uubar_to_ddbar,t,full_process,0.19,0.005,0.9636347627786892,0.067794140926287,0.0,,,217.57834870021927,,203.3093680919129,0.0,203.3093680919129,33.1845729555809
mode_a_muB900p0_alpha1p1_xip0p20_1,uubar_to_ddbar,t,full_process,0.19,0.01,0.9686347627786892,0.0679417133880319,5.524473123059106e-18,,,216.63419523961994,,202.4271330505918,0.0,202.4271330505918,39.29152643953065
mode_a_muB900p0_alpha1p1_xip0p20_1,uubar_to_ddbar,t,full_process,0.19,0.02,0.9786347627786892,0.0682369435261777,4.31222096117387e-19,,,214.7636956590346,,200.67930248740927,0.0,200.67930248740927,55.551035879081624
mode_a_muB900p0_alpha1p1_xip0p20_1,uubar_to_ddbar,t,full_process,0.19,0.05,1.0086347627786891,0.06912331346785106,0.0,,,209.291168984791,,195.5656689542324,0.0,195.5656689542324,100.99835674299736
mode_a_muB900p0_alpha1p1_xip0p20_1,uubar_to_ddbar,t,full_process,0.19,0.1,1.0586347627786892,0.070602848115904,0.0,,,200.61137672880423,,187.45510515376392,0.0,187.45510515376392,26.69481954911851
mode_a_muB900p0_alpha1p1_xip0p20_1,uubar_to_ddbar,t,full_process,0.19,0.2,1.1586347627786893,0.07357026318789028,0.0,,,184.75465123203048,,172.63827774416825,0.0,172.63827774416825,4.8025004890236005
mode_a_muB900p0_alpha1p1_xip0p20_1,uubar_to_ddbar,t,full_process,0.19,0.5,1.458634762778689,0.08253753979122458,0.0,,,146.79016569026152,,137.16353675297566,0.0,137.16353675297566,0.948115972569593
mode_a_muB900p0_alpha1p1_xip0p20_1,uubar_to_ddbar,t,full_process,0.19,1.0,1.958634762778689,0.09769016882470194,0.0,,,104.78479781023049,,97.91291806239985,0.0,97.91291806239985,2.9775757591296386
mode_a_muB900p0_alpha1p1_xip0p20_1,uubar_to_ddbar,t,full_process,0.19,2.0,2.958634762778689,0.12871755046369715,0.0,,,60.3565583091293,,56.39832181527829,0.0,56.39832181527829,0.4461197463241924
mode_a_muB900p0_alpha1p1_xip0p20_1,uubar_to_ddbar,s,full_process,0.2,0.0001,1.0330452873503484,-0.00313710968344294,-9.677567790652995e-5,0.003267679587008527,-5.687333717690934e-7,101514.36389417302,93652.86260578454,23727.168744529878,0.7560046348142625,23995.66045766184,50.23101722169607
mode_a_muB900p0_alpha1p1_xip0p20_1,uubar_to_ddbar,s,full_process,0.2,0.0005,1.0334452873503484,-0.0031650198606281155,-0.00021649468097293276,0.003267433586044337,-1.2722709104818764e-6,99361.89132574426,93666.9537850618,23224.0667411306,0.7560831356802767,23489.221131827802,49.19959249080296
mode_a_muB900p0_alpha1p1_xip0p20_1,uubar_to_ddbar,s,full_process,0.2,0.001,1.0339452873503483,-0.0031999090266296992,-0.00030634241945205195,0.003267126084471768,-1.8002252550994198e-6,96774.84796492722,93684.57222316346,22619.391579737043,0.7561812829040057,22880.51079355424,47.95958991533726
mode_a_muB900p0_alpha1p1_xip0p20_1,uubar_to_ddbar,s,full_process,0.2,0.005,1.0379452873503483,-0.003479072612945222,-0.0006880935589875837,0.003264666101534884,-4.042648112580038e-6,79507.56833582767,93825.69595450914,18583.47349088553,0.75696728669934,18816.87507943389,39.672098888406445
mode_a_muB900p0_alpha1p1_xip0p20_1,uubar_to_ddbar,s,full_process,0.2,0.01,1.0429452873503484,-0.0038281445064478614,-0.000978581346257964,0.0032615912459646366,-5.747629096336643e-6,64052.013048821835,94002.53937018066,14971.013595875098,0.7579518379244892,15178.088428086883,32.23276689772563
mode_a_muB900p0_alpha1p1_xip0p20_1,uubar_to_ddbar,s,full_process,0.2,0.02,1.0529452873503484,-0.004526672265225962,-0.0013994220897757148,0.003255441992557951,-8.2146112392625e-6,44545.12834861536,94357.69261368114,10411.62783796998,0.7599277675586642,10582.217732650264,22.79751046142186
mode_a_muB900p0_alpha1p1_xip0p20_1,uubar_to_ddbar,s,full_process,0.2,0.05,1.0829452873503485,-0.006625307151685966,-0.0022865448941321725,0.0032369980869243397,-1.3398486030181768e-5,20357.07017365899,95434.99914438293,4758.101421570223,0.7659106091845322,4872.833245859294,10.94885975270844
mode_a_muB900p0_alpha1p1_xip0p20_1,uubar_to_ddbar,s,full_process,0.2,0.1,1.1329452873503485,-0.010133138008367348,-0.0034093969989970755,0.0032062719747251267,-1.9919442342059452e-5,8748.563960913265,97270.80720626321,2044.8205102216618,0.7760686568798908,2120.949981244451,5.098105131358814
mode_a_muB900p0_alpha1p1_xip0p20_1,uubar_to_ddbar,s,full_process,0.2,0.2,1.2329452873503484,-0.01718624530324031,-0.005327383713529799,0.003144877593606422,-3.094128905046282e-5,3088.821742382852,101099.8404745686,721.9568925210938,0.7971090504612863,768.4390811816824,2.101248721323013
mode_a_muB900p0_alpha1p1_xip0p20_1,uubar_to_ddbar,s,full_process,0.2,0.5,1.5329452873503484,-0.03863557995640532,-0.010934133297360427,0.0029612867243174485,-6.235895190569022e-5,620.2460814481536,113984.69435350288,144.97143924377124,0.8665504390545932,167.2740697359477,0.7503306827551238
mode_a_muB900p0_alpha1p1_xip0p20_1,uubar_to_ddbar,s,full_process,0.2,1.0,2.0329452873503486,-0.07527946551052822,-0.021920071432392833,0.0026581767767465767,-0.00012109333369683109,162.66808295985373,141231.61993606886,38.02075790733754,1.0074114963910146,50.74262118481609,2.4895085586626684
mode_a_muB900p0_alpha1p1_xip0p20_1,uubar_to_ddbar,s,full_process,0.2,2.0,3.0329452873503486,-0.1512660348599446,-0.052207632918721804,0.002069949999203819,-0.00026888269066964763,39.051745153616345,229516.2011641491,9.127647669586988,1.4229493889293083,17.004341221370492,0.432229905391462
mode_a_muB900p0_alpha1p1_xip0p20_1,uubar_to_ddbar,t,full_process,0.2,0.0001,1.0330452873503484,0.0657881434149975,0.0,,,231.0493435835201,,216.01462308266943,0.0,216.01462308266943,50.23101722169607
mode_a_muB900p0_alpha1p1_xip0p20_1,uubar_to_ddbar,t,full_process,0.2,0.0005,1.0334452873503484,0.06579992808472923,0.0,,,230.96658980378854,,215.93725421305857,0.0,215.93725421305857,49.19959249080296
mode_a_muB900p0_alpha1p1_xip0p20_1,uubar_to_ddbar,t,full_process,0.2,0.001,1.0339452873503483,0.06581465918773644,0.0,,,230.86320821999536,,215.84059982092552,0.0,215.84059982092552,47.95958991533726
mode_a_muB900p0_alpha1p1_xip0p20_1,uubar_to_ddbar,t,full_process,0.2,0.005,1.0379452873503483,0.06593251848647952,0.0,,,230.03857548776597,,215.06962715304692,0.0,215.06962715304692,39.672098888406445
mode_a_muB900p0_alpha1p1_xip0p20_1,uubar_to_ddbar,t,full_process,0.2,0.01,1.0429452873503484,0.06607986871908289,0.0,,,229.01380210437563,,214.11153728044675,0.0,214.11153728044675,32.23276689772563
mode_a_muB900p0_alpha1p1_xip0p20_1,uubar_to_ddbar,t,full_process,0.2,0.02,1.0529452873503484,0.06637465606047621,0.0,,,226.9840980519588,,212.2139090550129,0.0,212.2139090550129,22.79751046142186
mode_a_muB900p0_alpha1p1_xip0p20_1,uubar_to_ddbar,t,full_process,0.2,0.05,1.0829452873503485,0.06725971100127548,0.0,,,221.04973884416913,,206.66570732621426,0.0,206.66570732621426,10.94885975270844
mode_a_muB900p0_alpha1p1_xip0p20_1,uubar_to_ddbar,t,full_process,0.2,0.1,1.1329452873503485,0.06873709923669458,0.0,,,211.64967153056196,,197.87731621370474,0.0,197.87731621370474,5.098105131358814
mode_a_muB900p0_alpha1p1_xip0p20_1,uubar_to_ddbar,t,full_process,0.2,0.2,1.2329452873503484,0.07170039529811012,0.0,,,194.51670306981865,,181.85921520145536,0.0,181.85921520145536,2.101248721323013
mode_a_muB900p0_alpha1p1_xip0p20_1,uubar_to_ddbar,t,full_process,0.2,0.5,1.5329452873503484,0.08065676388179788,0.0,,,153.71576598755357,,143.71325508510813,0.0,143.71325508510813,0.7503306827551238
mode_a_muB900p0_alpha1p1_xip0p20_1,uubar_to_ddbar,t,full_process,0.2,1.0,2.0329452873503486,0.09579623146625382,0.0,,,108.96904647257678,,101.87827040046375,0.0,101.87827040046375,2.4895085586626684
mode_a_muB900p0_alpha1p1_xip0p20_1,uubar_to_ddbar,t,full_process,0.2,2.0,3.0329452873503486,0.12681610441591817,0.0,,,62.180066693514846,,58.13391832987183,0.0,58.13391832987183,0.432229905391462
mode_a_muB900p0_alpha1p1_xip0p20_1,uubar_to_ddbar,s,full_process,0.21,0.0001,1.1149891633281952,-0.010754194017319696,-0.00010517337774931123,0.0032009954099989336,-6.153925092336636e-7,8645.751123652557,97595.5197244697,2021.9598176795198,0.7814342444817266,2102.2364477056694,4.9307607705145475
mode_a_muB900p0_alpha1p1_xip0p20_1,uubar_to_ddbar,s,full_process,0.21,0.0005,1.1153891633281952,-0.010782307569800587,-0.0002352742467553406,0.0032007497235964732,-1.3766090344292831e-6,8597.453517592014,97610.48852381908,2010.6645794350022,0.7815175312251673,2090.70748802965,4.906354540008589
mode_a_muB900p0_alpha1p1_xip0p20_1,uubar_to_ddbar,s,full_process,0.21,0.001,1.115889163328195,-0.010817450987025579,-0.0003329038088491927,0.003200442615170161,-1.947790697438721e-6,8537.66303113567,97629.20435655865,1996.6815304939314,0.7816216626096367,2076.434384659853,4.876130650533727
mode_a_muB900p0_alpha1p1_xip0p20_1,uubar_to_ddbar,s,full_process,0.21,0.005,1.119889163328195,-0.011098648949285472,-0.0007475416212509485,0.0031979857803468986,-4.372776405425647e-6,8081.537739178797,97779.12156952696,1890.008668995379,0.7824556086785118,1967.521700919648,4.645185364415766
mode_a_muB900p0_alpha1p1_xip0p20_1,uubar_to_ddbar,s,full_process,0.21,0.01,1.1248891633281952,-0.011450263927152093,-0.0010627508914660675,0.0031949148717560177,-6.214787259696506e-6,7562.12378504637,97966.99229359075,1768.5346491008781,0.783500257197462,1843.434581374511,4.381331480065531
mode_a_muB900p0_alpha1p1_xip0p20_1,uubar_to_ddbar,s,full_process,0.21,0.02,1.1348891633281952,-0.012153877451525519,-0.001518731353863482,0.0031887735561803472,-8.87608227144896e-6,6665.632070276333,98344.31854640086,1558.8744127347338,0.7855969456756491,1629.0853802852857,3.923466035208552
mode_a_muB900p0_alpha1p1_xip0p20_1,uubar_to_ddbar,s,full_process,0.21,0.05,1.1648891633281953,-0.014267764653917547,-0.002476501211925662,0.0031703538249990715,-1.4448203449044007e-5,4768.6679485609375,99489.10230559987,1115.2362400842276,0.7919466211487254,1174.543250598443,2.9412696689273012
mode_a_muB900p0_alpha1p1_xip0p20_1,uubar_to_ddbar,s,full_process,0.21,0.1,1.2148891633281953,-0.01780099610681729,-0.0036811501034660792,0.0031396692259358407,-2.1413014021860634e-5,3026.3932193376404,101440.64620612457,707.7748820756309,0.8027315773757615,755.1948664599346,2.0145550190066634
mode_a_muB900p0_alpha1p1_xip0p20_1,uubar_to_ddbar,s,full_process,0.21,0.2,1.3148891633281952,-0.024904811834572493,-0.005720627106256905,0.0030783625583608145,-3.307907382277851e-5,1531.4516671448082,105514.05626113643,358.15670488290834,0.8250865604023202,392.40536261568883,1.1852952819147964
mode_a_muB900p0_alpha1p1_xip0p20_1,uubar_to_ddbar,s,full_process,0.21,0.5,1.6148891633281952,-0.04650517232579565,-0.011599715747540049,0.002895074308931994,-6.585940976779612e-5,435.2965503730138,119249.31057274024,101.80169669941864,0.8990143881267723,121.1551591316573,0.6303263456573572
mode_a_muB900p0_alpha1p1_xip0p20_1,uubar_to_ddbar,s,full_process,0.21,1.0,2.114889163328195,-0.083394597557654,-0.02297123946718306,0.0025926132573317064,-0.0001263182885416067,133.6480880441766,148420.80679863138,31.2559383065902,1.049610547395066,43.188502623044315,2.0230132477459755
mode_a_muB900p0_alpha1p1_xip0p20_1,uubar_to_ddbar,s,full_process,0.21,2.0,3.114889163328195,-0.15982891030958601,-0.054035584229395334,0.0020063150132394853,-0.000276942910986141,35.13070827291277,243783.68020321705,8.215929359812689,1.4975979008095468,15.989781514136682,0.4200472426432091
mode_a_muB900p0_alpha1p1_xip0p20_1,uubar_to_ddbar,t,full_process,0.21,0.0001,1.1149891633281952,0.0639183320885709,0.0,,,244.76489637518495,,228.9701742143277,0.0,228.9701742143277,4.9307607705145475
mode_a_muB900p0_alpha1p1_xip0p20_1,uubar_to_ddbar,t,full_process,0.21,0.0005,1.1153891633281952,0.06393010418906708,0.0,,,244.67476257346053,,228.88585676280962,0.0,228.88585676280962,4.906354540008589
mode_a_muB900p0_alpha1p1_xip0p20_1,uubar_to_ddbar,t,full_process,0.21,0.001,1.115889163328195,0.06394481958531917,0.0,,,244.56216324723192,,228.78052349106667,0.0,228.78052349106667,4.876130650533727
mode_a_muB900p0_alpha1p1_xip0p20_1,uubar_to_ddbar,t,full_process,0.21,0.005,1.119889163328195,0.06406255341565215,0.0,,,243.66407908837067,,227.94039286221076,0.0,227.94039286221076,4.645185364415766
mode_a_muB900p0_alpha1p1_xip0p20_1,uubar_to_ddbar,t,full_process,0.21,0.01,1.1248891633281952,0.06420974727560858,0.0,,,242.54821277314727,,226.89653359815657,0.0,226.89653359815657,4.381331480065531
mode_a_muB900p0_alpha1p1_xip0p20_1,uubar_to_ddbar,t,full_process,0.21,0.02,1.1348891633281952,0.06450422341859863,0.0,,,240.33869458452727,,224.82959601000445,0.0,224.82959601000445,3.923466035208552
mode_a_muB900p0_alpha1p1_xip0p20_1,uubar_to_ddbar,t,full_process,0.21,0.05,1.1648891633281953,0.06538835723693803,0.0,,,233.88326433899132,,218.79073582278528,0.0,218.79073582278528,2.9412696689273012
mode_a_muB900p0_alpha1p1_xip0p20_1,uubar_to_ddbar,t,full_process,0.21,0.1,1.2148891633281953,0.06686425247728223,0.0,,,223.6722016574037,,209.23859482650167,0.0,209.23859482650167,2.0145550190066634
mode_a_muB900p0_alpha1p1_xip0p20_1,uubar_to_ddbar,t,full_process,0.21,0.2,1.3148891633281952,0.06982472505192716,0.0,,,205.10749543166065,,191.87187238510006,0.0,191.87187238510006,1.1852952819147964
mode_a_muB900p0_alpha1p1_xip0p20_1,uubar_to_ddbar,t,full_process,0.21,0.5,1.6148891633281952,0.07877398530685342,0.0,,,161.15150456601322,,150.7523694035808,0.0,150.7523694035808,0.6303263456573572
mode_a_muB900p0_alpha1p1_xip0p20_1,uubar_to_ddbar,t,full_process,0.21,1.0,2.114889163328195,0.0939063639377632,0.0,,,113.39918938624767,,106.08151958903656,0.0,106.08151958903656,2.0230132477459755
mode_a_muB900p0_alpha1p1_xip0p20_1,uubar_to_ddbar,t,full_process,0.21,2.0,3.114889163328195,0.12493007760511632,0.0,,,64.07166065496895,,59.937105032749564,0.0,59.937105032749564,0.4200472426432091
mode_a_muB0p0_alpha1p2_xim0p47_1,usbar_to_usbar,s,full_process,-0.48,0.0001,2.040044038751485,0.46935960907671237,-2.1705450373006954e-5,,,4.539296719082819,,2.8458156917215054,0.0,2.8458156917215054,0.0009626372078120389
mode_a_muB0p0_alpha1p2_xim0p47_1,usbar_to_usbar,s,full_process,-0.48,0.0005,2.040444038751485,0.4693340773878819,-4.862890597836809e-5,,,4.539790567326887,,2.8461252993918738,0.0,2.8461252993918738,0.0009652269698475557
mode_a_muB0p0_alpha1p2_xim0p47_1,usbar_to_usbar,s,full_process,-0.48,0.001,2.040944038751485,0.4693021634759188,-6.893800530129392e-5,,,4.540407977014157,,2.846512371285381,0.0,2.846512371285381,0.0009684734325637552
mode_a_muB0p0_alpha1p2_xim0p47_1,usbar_to_usbar,s,full_process,-0.48,0.005,2.044944038751485,0.4690468479369181,-0.00015713467007510352,,,4.545351856640965,,2.8496118316402868,0.0,2.8496118316402868,0.0009948153120317095
mode_a_muB0p0_alpha1p2_xim0p47_1,usbar_to_usbar,s,full_process,-0.48,0.01,2.0499440387514847,0.4687277055204442,-0.00022752921803613173,,,4.551542985367468,,2.853493228334467,0.0,2.853493228334467,0.0010286675176609127
mode_a_muB0p0_alpha1p2_xim0p47_1,usbar_to_usbar,s,full_process,-0.48,0.02,2.059944038751485,0.46808943028499084,-0.0003369300414469147,,,4.563962903161319,,2.861279632073849,0.0,2.861279632073849,0.001099451534416775
mode_a_muB0p0_alpha1p2_xim0p47_1,usbar_to_usbar,s,full_process,-0.48,0.05,2.0899440387514847,0.46617476754171616,-0.0006063625246149578,,,4.601524507095833,,2.884828082086754,0.0,2.884828082086754,0.0013363850862301812
mode_a_muB0p0_alpha1p2_xim0p47_1,usbar_to_usbar,s,full_process,-0.48,0.1,2.139944038751485,0.462984757267343,-0.001038625945616779,,,4.665137280902167,,2.924708759886679,0.0,2.924708759886679,0.0018129162675739623
mode_a_muB0p0_alpha1p2_xim0p47_1,usbar_to_usbar,s,full_process,-0.48,0.2,2.239944038751485,0.4566124991677246,-0.002015464967909222,,,4.796185233320574,,3.0068664910154848,0.0,3.0068664910154848,0.0030708648191473398
mode_a_muB0p0_alpha1p2_xim0p47_1,usbar_to_usbar,s,full_process,-0.48,0.5,2.539944038751485,0.4376151962999064,-0.0060953449622255925,,,5.220726760499515,,3.273023786870195,0.0,3.273023786870195,0.00929738199454221
mode_a_muB0p0_alpha1p2_xim0p47_1,usbar_to_usbar,s,full_process,-0.48,1.0,3.039944038751485,0.40660514331967634,-0.016346809720478653,,,6.038831105717808,,3.7859169346788226,0.0,3.7859169346788226,0.028328460951824636
mode_a_muB0p0_alpha1p2_xim0p47_1,usbar_to_usbar,s,full_process,-0.48,2.0,4.039944038751485,0.347964057489094,-0.0468465086721627,,,8.112038236348495,,5.085670123258626,0.0,5.085670123258626,0.10612755921679502
mode_a_muB0p0_alpha1p2_xim0p47_1,usbar_to_usbar,t,full_process,-0.48,0.0001,2.040044038751485,,,0.009227463973723978,0.0,,11744.520314646315,0.0,0.00021149209525458178,0.00021149209525458178,0.0009626372078120389
mode_a_muB0p0_alpha1p2_xim0p47_1,usbar_to_usbar,t,full_process,-0.48,0.0005,2.040444038751485,,,0.009227536227147856,0.0,,11744.33639155756,0.0,0.00021148878321813238,0.00021148878321813238,0.0009652269698475557
mode_a_muB0p0_alpha1p2_xim0p47_1,usbar_to_usbar,t,full_process,-0.48,0.001,2.040944038751485,,,0.00922762677876751,0.0,,11744.10589600555,0.0,0.00021148463251755213,0.00021148463251755213,0.0009684734325637552
mode_a_muB0p0_alpha1p2_xim0p47_1,usbar_to_usbar,t,full_process,-0.48,0.005,2.044944038751485,,,0.009228360557739826,0.0,,11742.238341027725,0.0,0.000211451002100584,0.000211451002100584,0.0009948153120317095
mode_a_muB0p0_alpha1p2_xim0p47_1,usbar_to_usbar,t,full_process,-0.48,0.01,2.0499440387514847,,,0.009229301081938349,0.0,,11739.845246147208,0.0,0.00021140790790543027,0.00021140790790543027,0.0010286675176609127
mode_a_muB0p0_alpha1p2_xim0p47_1,usbar_to_usbar,t,full_process,-0.48,0.02,2.059944038751485,,,0.009231259050934413,0.0,,11734.865683734755,0.0,0.00021131823731354831,0.00021131823731354831,0.001099451534416775
mode_a_muB0p0_alpha1p2_xim0p47_1,usbar_to_usbar,t,full_process,-0.48,0.05,2.0899440387514847,,,0.009237734547716809,0.0,,11718.419562437748,0.0,0.00021102208007946772,0.00021102208007946772,0.0013363850862301812
mode_a_muB0p0_alpha1p2_xim0p47_1,usbar_to_usbar,t,full_process,-0.48,0.1,2.139944038751485,,,0.009250445045312928,0.0,,11686.23849151828,0.0,0.00021044257219545871,0.00021044257219545871,0.0018129162675739623
mode_a_muB0p0_alpha1p2_xim0p47_1,usbar_to_usbar,t,full_process,-0.48,0.2,2.239944038751485,,,0.009282464487125427,0.0,,11605.755239766044,0.0,0.00020899325190906155,0.00020899325190906155,0.0030708648191473398
mode_a_muB0p0_alpha1p2_xim0p47_1,usbar_to_usbar,t,full_process,-0.48,0.5,2.539944038751485,,,0.009421823966173287,0.0,,11264.969713450062,0.0,0.00020285647977515703,0.00020285647977515703,0.00929738199454221
mode_a_muB0p0_alpha1p2_xim0p47_1,usbar_to_usbar,t,full_process,-0.48,1.0,3.039944038751485,,,0.009755915052044876,0.0,,10506.643095343486,0.0,0.000189200742371331,0.000189200742371331,0.028328460951824636
mode_a_muB0p0_alpha1p2_xim0p47_1,usbar_to_usbar,t,full_process,-0.48,2.0,4.039944038751485,,,0.010642225960130283,0.0,,8829.478398541196,0.0,0.00015899882127870396,0.00015899882127870396,0.10612755921679502
mode_a_muB0p0_alpha1p2_xim0p47_1,usbar_to_usbar,s,full_process,-0.47,0.0001,2.0734611851321296,0.46571012209608764,-2.2267227058156337e-5,,,4.6107188873881,,2.8910567647875296,0.0,2.8910567647875296,0.0010109467609481183
mode_a_muB0p0_alpha1p2_xim0p47_1,usbar_to_usbar,s,full_process,-0.47,0.0005,2.0738611851321296,0.46568460174684057,-4.9885269624467976e-5,,,4.611224210148689,,2.891373617066118,0.0,2.891373617066118,0.0010136064831329432
mode_a_muB0p0_alpha1p2_xim0p47_1,usbar_to_usbar,s,full_process,-0.47,0.001,2.0743611851321293,0.46565270198367514,-7.071511038940922e-5,,,4.611855966633413,,2.8917697470197044,0.0,2.8917697470197044,0.0010169404246623784
mode_a_muB0p0_alpha1p2_xim0p47_1,usbar_to_usbar,s,full_process,-0.47,0.005,2.0783611851321293,0.46539749929194707,-0.00016111425770295058,,,4.616914768086656,,2.89494176477232,0.0,2.89494176477232,0.0010439832802804302
mode_a_muB0p0_alpha1p2_xim0p47_1,usbar_to_usbar,s,full_process,-0.47,0.01,2.083361185132129,0.46507849734791273,-0.0002331668812319745,,,4.62324990729341,,2.8989140839500633,0.0,2.8989140839500633,0.001078714640083544
mode_a_muB0p0_alpha1p2_xim0p47_1,usbar_to_usbar,s,full_process,-0.47,0.02,2.0933611851321294,0.46444050100010403,-0.0003449271750528237,,,4.6359590456211155,,2.906883088618172,0.0,2.906883088618172,0.001151267250006377
mode_a_muB0p0_alpha1p2_xim0p47_1,usbar_to_usbar,s,full_process,-0.47,0.05,2.1233611851321292,0.46252665694709516,-0.0006190863594141327,,,4.674397991363732,,2.9309854415992813,0.0,2.9309854415992813,0.001393598237331551
mode_a_muB0p0_alpha1p2_xim0p47_1,usbar_to_usbar,s,full_process,-0.47,0.1,2.1733611851321295,0.45933794318042154,-0.0010566633525769904,,,4.739505799209431,,2.971809957886248,0.0,2.971809957886248,0.0018794910529425894
mode_a_muB0p0_alpha1p2_xim0p47_1,usbar_to_usbar,s,full_process,-0.47,0.2,2.2733611851321296,0.4529679789041925,-0.0020405331465371246,,,4.873670710069739,,3.055935315040593,0.0,3.055935315040593,0.00315796270824281
mode_a_muB0p0_alpha1p2_xim0p47_1,usbar_to_usbar,s,full_process,-0.47,0.5,2.5733611851321294,0.4339747027986839,-0.006129266794336652,,,5.308655571386637,,3.3286836557234847,0.0,3.3286836557234847,0.009468180664676848
mode_a_muB0p0_alpha1p2_xim0p47_1,usbar_to_usbar,s,full_process,-0.47,1.0,3.0733611851321294,0.402961496559633,-0.016377635070476463,,,6.148314765143423,,3.8551747412821067,0.0,3.8551747412821067,0.028759961462355144
mode_a_muB0p0_alpha1p2_xim0p47_1,usbar_to_usbar,s,full_process,-0.47,2.0,4.073361185132129,0.34428638054053384,-0.04685531923785092,,,8.283046079367256,,5.1937142527392295,0.0,5.1937142527392295,0.10791492467249575
mode_a_muB0p0_alpha1p2_xim0p47_1,usbar_to_usbar,t,full_process,-0.47,0.0001,2.0734611851321296,,,0.00912286282691998,0.0,,12015.385534095494,0.0,0.00022295519526629613,0.00022295519526629613,0.0010109467609481183
mode_a_muB0p0_alpha1p2_xim0p47_1,usbar_to_usbar,t,full_process,-0.47,0.0005,2.0738611851321296,,,0.00912293490272944,0.0,,12015.195679574641,0.0,0.00022295167236212899,0.00022295167236212899,0.0010136064831329432
mode_a_muB0p0_alpha1p2_xim0p47_1,usbar_to_usbar,t,full_process,-0.47,0.001,2.0743611851321293,,,0.009123025226090993,0.0,,12014.957765623014,0.0,0.00022294725767635956,0.00022294725767635956,0.0010169404246623784
mode_a_muB0p0_alpha1p2_xim0p47_1,usbar_to_usbar,t,full_process,-0.47,0.005,2.0783611851321293,,,0.009123756930404877,0.0,,12013.03069896168,0.0,0.0002229114993960639,0.0002229114993960639,0.0010439832802804302
mode_a_muB0p0_alpha1p2_xim0p47_1,usbar_to_usbar,t,full_process,-0.47,0.01,2.083361185132129,,,0.009124694244676131,0.0,,12010.562801082682,0.0,0.00022286570555516533,0.00022286570555516533,0.001078714640083544
mode_a_muB0p0_alpha1p2_xim0p47_1,usbar_to_usbar,t,full_process,-0.47,0.02,2.0933611851321294,,,0.009126643770545093,0.0,,12005.432239911983,0.0,0.0002227705038436223,0.0002227705038436223,0.001151267250006377
mode_a_muB0p0_alpha1p2_xim0p47_1,usbar_to_usbar,t,full_process,-0.47,0.05,2.1233611851321292,,,0.009133078337925196,0.0,,11988.521720312307,0.0,0.0002224567154771457,0.0002224567154771457,0.001393598237331551
mode_a_muB0p0_alpha1p2_xim0p47_1,usbar_to_usbar,t,full_process,-0.47,0.1,2.1733611851321295,,,0.009145672269594146,0.0,,11955.527170636953,0.0,0.00022184447492566318,0.00022184447492566318,0.0018794910529425894
mode_a_muB0p0_alpha1p2_xim0p47_1,usbar_to_usbar,t,full_process,-0.47,0.2,2.2733611851321296,,,0.009177301288939257,0.0,,11873.261160818722,0.0,0.00022031796258606997,0.00022031796258606997,0.00315796270824281
mode_a_muB0p0_alpha1p2_xim0p47_1,usbar_to_usbar,t,full_process,-0.47,0.5,2.5733611851321294,,,0.009314586804233107,0.0,,11525.845968052781,0.0,0.00021387139273428842,0.00021387139273428842,0.009468180664676848
mode_a_muB0p0_alpha1p2_xim0p47_1,usbar_to_usbar,t,full_process,-0.47,1.0,3.0733611851321294,,,0.009643602004886951,0.0,,10752.796899161644,0.0,0.00019952684210660109,0.00019952684210660109,0.028759961462355144
mode_a_muB0p0_alpha1p2_xim0p47_1,usbar_to_usbar,t,full_process,-0.47,2.0,4.073361185132129,,,0.010517877713172325,0.0,,9039.486608081952,0.0,0.00016773498412456247,0.00016773498412456247,0.10791492467249575
mode_a_muB0p0_alpha1p2_xim0p47_1,usbar_to_usbar,s,full_process,-0.46,0.0001,2.1064052212747835,0.46213852051218507,-2.283637323519503e-5,,,4.682261442089642,,2.936390811183665,0.0,2.936390811183665,0.0010610659943128143
mode_a_muB0p0_alpha1p2_xim0p47_1,usbar_to_usbar,s,full_process,-0.46,0.0005,2.1068052212747834,0.46211301117398007,-5.11581192032037e-5,,,4.68277834625002,,2.9367149777526533,0.0,2.9367149777526533,0.001063797085163892
mode_a_muB0p0_alpha1p2_xim0p47_1,usbar_to_usbar,s,full_process,-0.46,0.001,2.107305221274783,0.46208112514455957,-7.251554300899348e-5,,,4.683424583303306,,2.9371202529745912,0.0,2.9371202529745912,0.0010672202683125983
mode_a_muB0p0_alpha1p2_xim0p47_1,usbar_to_usbar,s,full_process,-0.46,0.005,2.111305221274783,0.46182603199711214,-0.00016514624598848836,,,4.688599379042942,,2.9403655272608633,0.0,2.9403655272608633,0.00109497828619629
mode_a_muB0p0_alpha1p2_xim0p47_1,usbar_to_usbar,s,full_process,-0.46,0.01,2.116305221274783,0.4615071664339495,-0.00023887909922331644,,,4.6950798748727225,,2.9444296464139357,0.0,2.9444296464139357,0.0011306067390602485
mode_a_muB0p0_alpha1p2_xim0p47_1,usbar_to_usbar,s,full_process,-0.46,0.02,2.1263052212747833,0.46086944091809656,-0.00035303113561757404,,,4.708080944696747,,2.952583018975247,0.0,2.952583018975247,0.0012049644908714169
mode_a_muB0p0_alpha1p2_xim0p47_1,usbar_to_usbar,s,full_process,-0.46,0.05,2.156305221274783,0.45895639246280506,-0.0006319870321408473,,,4.747405516523421,,2.977244672920407,0.0,2.977244672920407,0.0014528076307096275
mode_a_muB0p0_alpha1p2_xim0p47_1,usbar_to_usbar,s,full_process,-0.46,0.1,2.2063052212747833,0.4557689405535622,-0.0010749744225261215,,,4.814022684029346,,3.0190223568346513,0.0,3.0190223568346513,0.0019482683823302124
mode_a_muB0p0_alpha1p2_xim0p47_1,usbar_to_usbar,s,full_process,-0.46,0.2,2.3063052212747834,0.44940121636398855,-0.0020660709107513386,,,4.9513352587813255,,3.1051353148034697,0.0,3.1051353148034697,0.003247721232195468
mode_a_muB0p0_alpha1p2_xim0p47_1,usbar_to_usbar,s,full_process,-0.46,0.5,2.6063052212747833,0.4304119352330358,-0.006164374278400034,,,5.396874449236653,,3.384546706297954,0.0,3.384546706297954,0.009643241231401492
mode_a_muB0p0_alpha1p2_xim0p47_1,usbar_to_usbar,s,full_process,-0.46,1.0,3.1063052212747833,0.3993958857502645,-0.016411005893762837,,,6.258355112608283,,3.924807846181657,0.0,3.924807846181657,0.02919894021547007
mode_a_muB0p0_alpha1p2_xim0p47_1,usbar_to_usbar,s,full_process,-0.46,2.0,4.106305221274783,0.34068805898985277,-0.04686900060396872,,,8.455582971258428,,5.302757320813646,0.0,5.302757320813646,0.10972219005626013
mode_a_muB0p0_alpha1p2_xim0p47_1,usbar_to_usbar,t,full_process,-0.46,0.0001,2.1064052212747835,,,0.009021781197948452,0.0,,12286.138869057993,0.0,0.0002348587867209439,0.0002348587867209439,0.0010610659943128143
mode_a_muB0p0_alpha1p2_xim0p47_1,usbar_to_usbar,t,full_process,-0.46,0.0005,2.1068052212747834,,,0.009021853116318602,0.0,,12285.942990107258,0.0,0.00023485504234745363,0.00023485504234745363,0.001063797085163892
mode_a_muB0p0_alpha1p2_xim0p47_1,usbar_to_usbar,t,full_process,-0.46,0.001,2.107305221274783,,,0.009021943236949851,0.0,,12285.697541565041,0.0,0.000234850350413931,0.000234850350413931,0.0010672202683125983
mode_a_muB0p0_alpha1p2_xim0p47_1,usbar_to_usbar,t,full_process,-0.46,0.005,2.111305221274783,,,0.00902267308311714,0.0,,12283.710035972723,0.0,0.0002348123577494329,0.0002348123577494329,0.00109497828619629
mode_a_muB0p0_alpha1p2_xim0p47_1,usbar_to_usbar,t,full_process,-0.46,0.01,2.116305221274783,,,0.009023607488501352,0.0,,12281.16618185854,0.0,0.00023476373006442322,0.00023476373006442322,0.0011306067390602485
mode_a_muB0p0_alpha1p2_xim0p47_1,usbar_to_usbar,t,full_process,-0.46,0.02,2.1263052212747833,,,0.009025549272542979,0.0,,12275.882335637898,0.0,0.00023466272536914727,0.00023466272536914727,0.0012049644908714169
mode_a_muB0p0_alpha1p2_xim0p47_1,usbar_to_usbar,t,full_process,-0.46,0.05,2.156305221274783,,,0.009031945769834689,0.0,,12258.500733727242,0.0,0.00023433046297333064,0.00023433046297333064,0.0014528076307096275
mode_a_muB0p0_alpha1p2_xim0p47_1,usbar_to_usbar,t,full_process,-0.46,0.1,2.2063052212747833,,,0.009044430184062379,0.0,,12224.682223575255,0.0,0.00023368399671182697,0.00023368399671182697,0.0019482683823302124
mode_a_muB0p0_alpha1p2_xim0p47_1,usbar_to_usbar,t,full_process,-0.46,0.2,2.3063052212747834,,,0.009075689935928668,0.0,,12140.6153537515,0.0,0.00023207699525590287,0.00023207699525590287,0.003247721232195468
mode_a_muB0p0_alpha1p2_xim0p47_1,usbar_to_usbar,t,full_process,-0.46,0.5,2.6063052212747833,,,0.009211000617075388,0.0,,11786.541161517247,0.0,0.0002253086007192969,0.0002253086007192969,0.009643241231401492
mode_a_muB0p0_alpha1p2_xim0p47_1,usbar_to_usbar,t,full_process,-0.46,1.0,3.1063052212747833,,,0.009535152449251722,0.0,,10998.78513430042,0.0,0.00021025005167015588,0.00021025005167015588,0.02919894021547007
mode_a_muB0p0_alpha1p2_xim0p47_1,usbar_to_usbar,t,full_process,-0.46,2.0,4.106305221274783,,,0.010397827028517418,0.0,,9249.426868851584,0.0,0.0001768097524726398,0.0001768097524726398,0.10972219005626013
mode_a_muB0p0_alpha1p2_xim0p47_1,ssbar_to_ssbar,s,full_process,-0.48,0.0001,7.5605570947334835,,,7.235676749588367e-5,-0.00012969116574864607,,4.534057516786341e7,0.0,5685.93384389811,5685.93384389811,523.8913498796412
mode_a_muB0p0_alpha1p2_xim0p47_1,ssbar_to_ssbar,s,full_process,-0.48,0.0005,7.560957094733483,,,5.200845957063316e-5,-0.00014517617665604364,,4.205037257502218e7,0.0,5273.682013274264,5273.682013274264,485.94028311463796
mode_a_muB0p0_alpha1p2_xim0p47_1,ssbar_to_ssbar,s,full_process,-0.48,0.001,7.561457094733484,,,3.668589616504154e-5,-0.00015669685003933363,,3.861039968483399e7,0.0,4842.6717900127915,4842.6717900127915,446.26295629949885
mode_a_muB0p0_alpha1p2_xim0p47_1,ssbar_to_ssbar,s,full_process,-0.48,0.005,7.565457094733484,,,-2.874135529954585e-5,-0.00020454118833388032,,2.3439424653555848e7,0.0,2941.853420685731,2941.853420685731,271.282046404809
mode_a_muB0p0_alpha1p2_xim0p47_1,ssbar_to_ssbar,s,full_process,-0.48,0.01,7.5704570947334835,,,-7.864863818214456e-5,-0.00023957352783980255,,1.5727948384770714e7,0.0,1975.6647775506908,1975.6647775506908,182.33947983868958
mode_a_muB0p0_alpha1p2_xim0p47_1,ssbar_to_ssbar,s,full_process,-0.48,0.02,7.580457094733483,,,-0.00015066642907040782,-0.0002879244845901325,,9.469617905980933e6,0.0,1191.541650478197,1191.541650478197,110.15673089308676
mode_a_muB0p0_alpha1p2_xim0p47_1,ssbar_to_ssbar,s,full_process,-0.48,0.05,7.6104570947334835,,,-0.0002992600338656039,-0.00037973042799056963,,4.278042548811956e6,0.0,541.0528286118465,541.0528286118465,50.27381270090484
mode_a_muB0p0_alpha1p2_xim0p47_1,ssbar_to_ssbar,s,full_process,-0.48,0.1,7.660457094733483,,,-0.00047739902108079064,-0.0004765831686086204,,2.197602520594681e6,0.0,280.33424084453037,280.33424084453037,26.268665061577792
mode_a_muB0p0_alpha1p2_xim0p47_1,ssbar_to_ssbar,s,full_process,-0.48,0.2,7.760457094733484,,,-0.0007527143294248063,-0.0006013622685402196,,1.0773360980446786e6,0.0,139.8535344073316,139.8535344073316,13.326933501509568
mode_a_muB0p0_alpha1p2_xim0p47_1,ssbar_to_ssbar,s,full_process,-0.48,0.5,8.060457094733483,,,-0.0014032130386044507,-0.0008041139187184112,,382320.5750655623,0.0,52.41810262413582,52.41810262413582,5.251470358720876
mode_a_muB0p0_alpha1p2_xim0p47_1,ssbar_to_ssbar,s,full_process,-0.48,1.0,8.560457094733483,,,-0.0023606100635093627,-0.0009526470852321497,,154320.59849628058,0.0,23.311678751634926,23.311678751634926,2.538303116498613
mode_a_muB0p0_alpha1p2_xim0p47_1,ssbar_to_ssbar,s,full_process,-0.48,2.0,9.560457094733483,,,-0.004310565298699545,-0.000996578547167522,,51087.807590955876,0.0,9.491445486096966,9.491445486096966,1.2313620011284807
mode_a_muB0p0_alpha1p2_xim0p47_1,ssbar_to_ssbar,t,full_process,-0.48,0.0001,7.5605570947334835,,,0.009227571075176235,0.0,,11744.247686481925,0.0,2.6039342842747937,2.6039342842747937,523.8913498796412
mode_a_muB0p0_alpha1p2_xim0p47_1,ssbar_to_ssbar,t,full_process,-0.48,0.0005,7.560957094733483,,,0.00922807160205288,0.0,,11742.97371453027,0.0,2.6037898595258264,2.6037898595258264,485.94028311463796
mode_a_muB0p0_alpha1p2_xim0p47_1,ssbar_to_ssbar,t,full_process,-0.48,0.001,7.561457094733484,,,0.009228697197188444,0.0,,11741.381702553126,0.0,2.6036093473483666,2.6036093473483666,446.26295629949885
mode_a_muB0p0_alpha1p2_xim0p47_1,ssbar_to_ssbar,t,full_process,-0.48,0.005,7.565457094733484,,,0.009233699603236632,0.0,,11728.663236212842,0.0,2.602166007092847,2.602166007092847,271.282046404809
mode_a_muB0p0_alpha1p2_xim0p47_1,ssbar_to_ssbar,t,full_process,-0.48,0.01,7.5704570947334835,,,0.009239947488484435,0.0,,11712.807179234394,0.0,2.60036372502658,2.60036372502658,182.33947983868958
mode_a_muB0p0_alpha1p2_xim0p47_1,ssbar_to_ssbar,t,full_process,-0.48,0.02,7.580457094733483,,,0.009252429760102448,0.0,,11681.225459624424,0.0,2.5967654603499684,2.5967654603499684,110.15673089308676
mode_a_muB0p0_alpha1p2_xim0p47_1,ssbar_to_ssbar,t,full_process,-0.48,0.05,7.6104570947334835,,,0.009289803972599568,0.0,,11587.424040622302,0.0,2.586020819764449,2.586020819764449,50.27381270090484
mode_a_muB0p0_alpha1p2_xim0p47_1,ssbar_to_ssbar,t,full_process,-0.48,0.1,7.660457094733483,,,0.009351956129747386,0.0,,11433.918130877726,0.0,2.56827865451029,2.56827865451029,26.268665061577792
mode_a_muB0p0_alpha1p2_xim0p47_1,ssbar_to_ssbar,t,full_process,-0.48,0.2,7.760457094733484,,,0.009476035809373935,0.0,,11136.445948958104,0.0,2.533403398374572,2.533403398374572,13.326933501509568
mode_a_muB0p0_alpha1p2_xim0p47_1,ssbar_to_ssbar,t,full_process,-0.48,0.5,8.060457094733483,,,0.00984824674898868,0.0,,10310.557706947466,0.0,2.433425506604766,2.433425506604766,5.251470358720876
mode_a_muB0p0_alpha1p2_xim0p47_1,ssbar_to_ssbar,t,full_process,-0.48,1.0,8.560457094733483,,,0.010471993081953315,0.0,,9118.875928298625,0.0,2.280924576368602,2.280924576368602,2.538303116498613
mode_a_muB0p0_alpha1p2_xim0p47_1,ssbar_to_ssbar,t,full_process,-0.48,2.0,9.560457094733483,,,0.011739043210007074,0.0,,7256.623611814485,0.0,2.020349138257501,2.020349138257501,1.2313620011284807
mode_a_muB0p0_alpha1p2_xim0p47_1,ssbar_to_ssbar,s,full_process,-0.47,0.0001,7.679948319567865,,,-1.2633953321757973e-5,-2.1063533369479644e-5,,1.6575797741662195e9,0.0,210180.23170167583,210180.23170167583,19694.283833576188
mode_a_muB0p0_alpha1p2_xim0p47_1,ssbar_to_ssbar,s,full_process,-0.47,0.0005,7.680348319567865,,,-3.370528988151525e-5,-3.641200977585221e-5,,4.0619347202354026e8,0.0,51508.74038005978,51508.74038005978,4826.793868052625
mode_a_muB0p0_alpha1p2_xim0p47_1,ssbar_to_ssbar,s,full_process,-0.47,0.001,7.680848319567866,,,-4.95663432781003e-5,-4.7825169199683815e-5,,2.107895055718017e8,0.0,26732.22956704346,26732.22956704346,2505.2425865931955
mode_a_muB0p0_alpha1p2_xim0p47_1,ssbar_to_ssbar,s,full_process,-0.47,0.005,7.684848319567865,,,-0.00011723616986182616,-9.516650835704986e-5,,4.3857756628401145e7,0.0,5565.93870385013,5565.93870385013,521.9714411012408
mode_a_muB0p0_alpha1p2_xim0p47_1,ssbar_to_ssbar,s,full_process,-0.47,0.01,7.689848319567865,,,-0.00016879360924677812,-0.00012976948736043463,,2.205976315901677e7,0.0,2802.0475305778127,2802.0475305778127,262.9968860357753
mode_a_muB0p0_alpha1p2_xim0p47_1,ssbar_to_ssbar,s,full_process,-0.47,0.02,7.699848319567865,,,-0.0002431040242245945,-0.00017743605201069762,,1.1039584520968862e7,0.0,1404.7335423389493,1404.7335423389493,132.06936964719276
mode_a_muB0p0_alpha1p2_xim0p47_1,ssbar_to_ssbar,s,full_process,-0.47,0.05,7.729848319567865,,,-0.00039612019093836746,-0.0002676143090245848,,4.375819458489459e6,0.0,559.771083562294,559.771083562294,52.895035687377074
mode_a_muB0p0_alpha1p2_xim0p47_1,ssbar_to_ssbar,s,full_process,-0.47,0.1,7.779848319567865,,,-0.0005790801300192257,-0.00036219890270544836,,2.143522360045961e6,0.0,276.6698999121,276.6698999121,26.364473776798455
mode_a_muB0p0_alpha1p2_xim0p47_1,ssbar_to_ssbar,s,full_process,-0.47,0.2,7.8798483195678655,,,-0.0008610224980245975,-0.00048297939952038284,,1.0260316096025122e6,0.0,134.85886117373173,134.85886117373173,13.06823796394554
mode_a_muB0p0_alpha1p2_xim0p47_1,ssbar_to_ssbar,s,full_process,-0.47,0.5,8.179848319567865,,,-0.0015246383399482282,-0.000675063003878283,,359682.19716053124,0.0,50.02079265841761,50.02079265841761,5.095479985399811
mode_a_muB0p0_alpha1p2_xim0p47_1,ssbar_to_ssbar,s,full_process,-0.47,1.0,8.679848319567865,,,-0.0024983438122546803,-0.0008074209960413528,,145061.0245595329,0.0,22.279647367166547,22.279647367166547,2.4663028484163507
mode_a_muB0p0_alpha1p2_xim0p47_1,ssbar_to_ssbar,s,full_process,-0.47,2.0,9.679848319567865,,,-0.004478564563947486,-0.0008224174497845529,,48230.16744255393,0.0,9.136045101492114,9.136045101492114,1.2049994227522656
mode_a_muB0p0_alpha1p2_xim0p47_1,ssbar_to_ssbar,t,full_process,-0.47,0.0001,7.679948319567865,,,0.009122968780778853,0.0,,12015.106443132661,0.0,2.6309046138293146,2.6309046138293146,19694.283833576188
mode_a_muB0p0_alpha1p2_xim0p47_1,ssbar_to_ssbar,t,full_process,-0.47,0.0005,7.680348319567865,,,0.009123464543902287,0.0,,12013.800692487208,0.0,2.6307583584839564,2.6307583584839564,4826.793868052625
mode_a_muB0p0_alpha1p2_xim0p47_1,ssbar_to_ssbar,t,full_process,-0.47,0.001,7.680848319567866,,,0.009124084187557557,0.0,,12012.168962126038,0.0,2.6305755583072763,2.6305755583072763,2505.2425865931955
mode_a_muB0p0_alpha1p2_xim0p47_1,ssbar_to_ssbar,t,full_process,-0.47,0.005,7.684848319567865,,,0.009129039096922418,0.0,,11999.132966678208,0.0,2.62911392403551,2.62911392403551,521.9714411012408
mode_a_muB0p0_alpha1p2_xim0p47_1,ssbar_to_ssbar,t,full_process,-0.47,0.01,7.689848319567865,,,0.009135227851139545,0.0,,11982.880601227702,0.0,2.627288799410358,2.627288799410358,262.9968860357753
mode_a_muB0p0_alpha1p2_xim0p47_1,ssbar_to_ssbar,t,full_process,-0.47,0.02,7.699848319567865,,,0.009147592463245409,0.0,,11950.508469161081,0.0,2.623644932687895,2.623644932687895,132.06936964719276
mode_a_muB0p0_alpha1p2_xim0p47_1,ssbar_to_ssbar,t,full_process,-0.47,0.05,7.729848319567865,,,0.00918461692755623,0.0,,11854.35435263682,0.0,2.612764147430957,2.612764147430957,52.895035687377074
mode_a_muB0p0_alpha1p2_xim0p47_1,ssbar_to_ssbar,t,full_process,-0.47,0.1,7.779848319567865,,,0.009246193140846183,0.0,,11696.98890386402,0.0,2.5947972585098955,2.5947972585098955,26.364473776798455
mode_a_muB0p0_alpha1p2_xim0p47_1,ssbar_to_ssbar,t,full_process,-0.47,0.2,7.8798483195678655,,,0.009369137913512949,0.0,,11392.019938293766,0.0,2.559480593397675,2.559480593397675,13.06823796394554
mode_a_muB0p0_alpha1p2_xim0p47_1,ssbar_to_ssbar,t,full_process,-0.47,0.5,8.179848319567865,,,0.009738028788493072,0.0,,10545.274563002817,0.0,2.458239886995385,2.458239886995385,5.095479985399811
mode_a_muB0p0_alpha1p2_xim0p47_1,ssbar_to_ssbar,t,full_process,-0.47,1.0,8.679848319567865,,,0.010356421542803385,0.0,,9323.53404786439,0.0,2.3038213150612297,2.3038213150612297,2.4663028484163507
mode_a_muB0p0_alpha1p2_xim0p47_1,ssbar_to_ssbar,t,full_process,-0.47,2.0,9.679848319567865,,,0.011613210310622395,0.0,,7414.731309975412,0.0,2.0400001182913963,2.0400001182913963,1.2049994227522656
mode_a_muB0p0_alpha1p2_xim0p47_1,ssbar_to_ssbar,s,full_process,-0.46,0.0001,7.797350929108752,,,-9.221373073815256e-5,8.974133016832774e-5,,6.0397858291185774e7,0.0,7751.384098552587,7751.384098552587,738.3736356283835
mode_a_muB0p0_alpha1p2_xim0p47_1,ssbar_to_ssbar,s,full_process,-0.46,0.0005,7.797750929108752,,,-0.00011400985896853355,7.453124646253709e-5,,5.389918961677852e7,0.0,6917.858386742404,6917.858386742404,659.0191684470726
mode_a_muB0p0_alpha1p2_xim0p47_1,ssbar_to_ssbar,s,full_process,-0.46,0.001,7.798250929108753,,,-0.00013041091485174782,6.32269018136474e-5,,4.7608510664467126e7,0.0,6111.01954039188,6111.01954039188,582.2061305249401
mode_a_muB0p0_alpha1p2_xim0p47_1,ssbar_to_ssbar,s,full_process,-0.46,0.005,7.8022509291087525,,,-0.00020033148905782255,1.6393166679642057e-5,,2.475159214140483e7,0.0,3179.4318200988437,3179.4318200988437,303.1138897637957
mode_a_muB0p0_alpha1p2_xim0p47_1,ssbar_to_ssbar,s,full_process,-0.46,0.01,7.807250929108752,,,-0.000253547080593567,-1.7777966425731612e-5,,1.5479354231729742e7,0.0,1990.1975684456802,1990.1975684456802,189.89724167105987
mode_a_muB0p0_alpha1p2_xim0p47_1,ssbar_to_ssbar,s,full_process,-0.46,0.02,7.817250929108752,,,-0.0003301641115708105,-6.475809328000833e-5,,8.833769994867226e6,0.0,1137.8488092909943,1137.8488092909943,108.75237850706507
mode_a_muB0p0_alpha1p2_xim0p47_1,ssbar_to_ssbar,s,full_process,-0.46,0.05,7.847250929108752,,,-0.0004876396346086485,-0.00015330998396048548,,3.8270720000539487e6,0.0,495.678067914973,495.678067914973,47.61526556907788
mode_a_muB0p0_alpha1p2_xim0p47_1,ssbar_to_ssbar,s,full_process,-0.46,0.1,7.897250929108752,,,-0.0006754757006562163,-0.0002456371388929045,,1.9357148098102445e6,0.0,253.04373585091497,253.04373585091497,24.512520928262678
mode_a_muB0p0_alpha1p2_xim0p47_1,ssbar_to_ssbar,s,full_process,-0.46,0.2,7.997250929108753,,,-0.0009641459774318702,-0.0003624525260380836,,942552.1092645793,0.0,125.54809982122033,125.54809982122033,12.367122197572307
mode_a_muB0p0_alpha1p2_xim0p47_1,ssbar_to_ssbar,s,full_process,-0.46,0.5,8.297250929108753,,,-0.001641145400596003,-0.0005440071401380557,,334526.2545795387,0.0,47.22371322901653,47.22371322901653,4.889581768572437
mode_a_muB0p0_alpha1p2_xim0p47_1,ssbar_to_ssbar,s,full_process,-0.46,1.0,8.797250929108753,,,-0.0026315308735602675,-0.0006604804390688522,,135847.61643440754,0.0,21.224309056269725,21.224309056269725,2.387740597958768
mode_a_muB0p0_alpha1p2_xim0p47_1,ssbar_to_ssbar,s,full_process,-0.46,2.0,9.797250929108753,,,-0.004642566451547188,-0.000647225557435236,,45511.798926821524,0.0,8.791132856905204,8.791132856905204,1.1784419096809153
mode_a_muB0p0_alpha1p2_xim0p47_1,ssbar_to_ssbar,t,full_process,-0.46,0.0001,7.797350929108752,,,0.009021886032648037,0.0,,12285.853339804056,0.0,2.6573948370912515,2.6573948370912515,738.3736356283835
mode_a_muB0p0_alpha1p2_xim0p47_1,ssbar_to_ssbar,t,full_process,-0.46,0.0005,7.797750929108752,,,0.009022377165732879,0.0,,12284.515815400064,0.0,2.6572467825290707,2.6572467825290707,659.0191684470726
mode_a_muB0p0_alpha1p2_xim0p47_1,ssbar_to_ssbar,t,full_process,-0.46,0.001,7.798250929108753,,,0.009022991024923313,0.0,,12282.844372660924,0.0,2.6570617335734417,2.6570617335734417,582.2061305249401
mode_a_muB0p0_alpha1p2_xim0p47_1,ssbar_to_ssbar,t,full_process,-0.46,0.005,7.8022509291087525,,,0.009027899769516986,0.0,,12269.490889396358,0.0,2.655582118878306,2.655582118878306,303.1138897637957
mode_a_muB0p0_alpha1p2_xim0p47_1,ssbar_to_ssbar,t,full_process,-0.46,0.01,7.807250929108752,,,0.009034031049951112,0.0,,12252.842250271822,0.0,2.653734543262178,2.653734543262178,189.89724167105987
mode_a_muB0p0_alpha1p2_xim0p47_1,ssbar_to_ssbar,t,full_process,-0.46,0.02,7.817250929108752,,,0.009046281301247232,0.0,,12219.679725134109,0.0,2.650045856221954,2.650045856221954,108.75237850706507
mode_a_muB0p0_alpha1p2_xim0p47_1,ssbar_to_ssbar,t,full_process,-0.46,0.05,7.847250929108752,,,0.009082965842617464,0.0,,12121.172672575683,0.0,2.639031260271394,2.639031260271394,47.61526556907788
mode_a_muB0p0_alpha1p2_xim0p47_1,ssbar_to_ssbar,t,full_process,-0.46,0.1,7.897250929108752,,,0.009143982343005154,0.0,,11959.946652099277,0.0,2.6208435006393196,2.6208435006393196,24.512520928262678
mode_a_muB0p0_alpha1p2_xim0p47_1,ssbar_to_ssbar,t,full_process,-0.46,0.2,7.997250929108753,,,0.00926582430273444,0.0,,11647.477446331259,0.0,2.585092996192801,2.585092996192801,12.367122197572307
mode_a_muB0p0_alpha1p2_xim0p47_1,ssbar_to_ssbar,t,full_process,-0.46,0.5,8.297250929108753,,,0.009631489388845203,0.0,,10779.859463021998,0.0,2.4826111417862387,2.4826111417862387,4.889581768572437
mode_a_muB0p0_alpha1p2_xim0p47_1,ssbar_to_ssbar,t,full_process,-0.46,1.0,8.797250929108753,,,0.010244680964016362,0.0,,9528.030163999127,0.0,2.3263078587375667,2.3263078587375667,2.387740597958768
mode_a_muB0p0_alpha1p2_xim0p47_1,ssbar_to_ssbar,t,full_process,-0.46,2.0,9.797250929108753,,,0.011491500260962377,0.0,,7572.626509959184,0.0,2.0592967159041136,2.0592967159041136,1.1784419096809153
mode_a_muB450p0_alpha1p0_xim0p20_1,dubar_to_dubar,s,full_process,-0.21,0.0001,0.59403193425659,0.0007272876753916524,-0.00017367916364281852,,,1.7885510085449326e6,,1.6259546016337853e6,0.0,1.6259546016337853e6,5891.274757195821
mode_a_muB450p0_alpha1p0_xim0p20_1,dubar_to_dubar,s,full_process,-0.21,0.0005,0.5944319342565899,0.0006906839760525418,-0.0003886098809881497,,,1.5921995104819995e6,,1.4474533342461216e6,0.0,1.4474533342461216e6,5248.531022716048
mode_a_muB450p0_alpha1p0_xim0p20_1,dubar_to_dubar,s,full_process,-0.21,0.001,0.59493193425659,0.000644933269877912,-0.0005500218926792517,,,1.391860113896252e6,,1.265326706483667e6,0.0,1.265326706483667e6,4592.519326294001
mode_a_muB450p0_alpha1p0_xim0p20_1,dubar_to_dubar,s,full_process,-0.21,0.005,0.59893193425659,0.0002790133889591928,-0.0012378380705121528,,,621082.6917090164,,564620.3299513286,0.0,564620.3299513286,2064.9705987216435
mode_a_muB450p0_alpha1p0_xim0p20_1,dubar_to_dubar,s,full_process,-0.21,0.01,0.60393193425659,-0.00017819519591100175,-0.0017646233470970264,,,317899.4137583254,,288999.3140746761,0.0,288999.3140746761,1066.991592660251
mode_a_muB450p0_alpha1p0_xim0p20_1,dubar_to_dubar,s,full_process,-0.21,0.02,0.61393193425659,-0.001091990039382873,-0.002535306530236409,,,131229.78207067738,,119299.73873253418,0.0,119299.73873253418,448.76735248861763
mode_a_muB450p0_alpha1p0_xim0p20_1,dubar_to_dubar,s,full_process,-0.21,0.05,0.64393193425659,-0.0038284140653470633,-0.004197182088967751,,,30985.565558504088,,28168.681051519627,0.0,28168.681051519627,111.88498711646642
mode_a_muB450p0_alpha1p0_xim0p20_1,dubar_to_dubar,s,full_process,-0.21,0.1,0.6939319342565899,-0.008372570930877066,-0.006379790285683432,,,9025.134885705216,,8204.663734872815,0.0,8204.663734872815,35.501207240957704
mode_a_muB450p0_alpha1p0_xim0p20_1,dubar_to_dubar,s,full_process,-0.21,0.2,0.79393193425659,-0.017398618066698956,-0.01027708384557147,,,2448.9974065449665,,2226.360100180013,0.0,2226.360100180013,11.2542351934196
mode_a_muB450p0_alpha1p0_xim0p20_1,dubar_to_dubar,s,full_process,-0.21,0.5,1.0939319342565899,-0.043974680950831235,-0.022182631720604237,,,412.2280501269042,,374.75257447182196,0.0,374.75257447182196,2.773415122266165
mode_a_muB450p0_alpha1p0_xim0p20_1,dubar_to_dubar,s,full_process,-0.21,1.0,1.5939319342565899,-0.08657207948105494,-0.04525660939069685,,,104.7901062431818,,95.26368252164983,0.0,95.26368252164983,1.1368904890917029
mode_a_muB450p0_alpha1p0_xim0p20_1,dubar_to_dubar,s,full_process,-0.21,2.0,2.59393193425659,-0.16529006753265119,-0.102645874923851,,,26.415206534791505,,24.013811411112336,0.0,24.013811411112336,0.5920840259983603
mode_a_muB450p0_alpha1p0_xim0p20_1,dubar_to_dubar,t,full_process,-0.21,0.0001,0.59403193425659,0.056992935339775785,0.0,0.003953587364833536,0.0,307.86332068541674,63976.03487880427,69.96889948220822,0.6911842061360958,56.751611702849075,5891.274757195821
mode_a_muB450p0_alpha1p0_xim0p20_1,dubar_to_dubar,t,full_process,-0.21,0.0005,0.5944319342565899,0.05701321322459907,0.0,0.003953875967263569,0.0,307.6443641869472,63966.69570608811,69.91913666798837,0.6911332087615913,56.70725764497988,5248.531022716048
mode_a_muB450p0_alpha1p0_xim0p20_1,dubar_to_dubar,t,full_process,-0.21,0.001,0.59493193425659,0.05703856006127095,0.0,0.003954236729795763,0.0,307.37100248759356,63955.02430854816,69.85700904193085,0.691069471462468,56.65188532006789,4592.519326294001
mode_a_muB450p0_alpha1p0_xim0p20_1,dubar_to_dubar,t,full_process,-0.21,0.005,0.59893193425659,0.05724131361304108,0.0,0.003957123197882755,0.0,305.1973909402888,63861.75614428308,69.36300667903761,0.6905599505707067,56.21170050343706,2064.9705987216435
mode_a_muB450p0_alpha1p0_xim0p20_1,dubar_to_dubar,t,full_process,-0.21,0.01,0.60393193425659,0.057494702660422004,0.0,0.003960732198783501,0.0,302.51320400916643,63745.42809227917,68.75296451761018,0.6899239920024897,55.6683729476054,1066.991592660251
mode_a_muB450p0_alpha1p0_xim0p20_1,dubar_to_dubar,t,full_process,-0.21,0.02,0.61393193425659,0.05800130510280399,0.0,0.003967953252384273,0.0,297.2517829886975,63513.62581109481,67.55718764592856,0.6886552062242828,54.60419940420428,448.76735248861763
mode_a_muB450p0_alpha1p0_xim0p20_1,dubar_to_dubar,t,full_process,-0.21,0.05,0.64393193425659,0.05951972137293471,0.0,0.003989640867446936,0.0,282.2787730084217,62824.98480692007,64.15423263354336,0.6848736983209259,51.58202572312152,111.88498711646642
mode_a_muB450p0_alpha1p0_xim0p20_1,dubar_to_dubar,t,full_process,-0.21,0.1,0.6939319342565899,0.06204586993056116,0.0,0.00402586868989728,0.0,259.76117723237587,61699.378421839894,59.0365999388545,0.6786527006440555,47.05581379169077,35.501207240957704
mode_a_muB450p0_alpha1p0_xim0p20_1,dubar_to_dubar,t,full_process,-0.21,0.2,0.79393193425659,0.06708175356263268,0.0,0.004098632930558541,0.0,222.2241155204375,59528.09023321557,50.50545406563808,0.6665069474667376,39.568127849928096,11.2542351934196
mode_a_muB450p0_alpha1p0_xim0p20_1,dubar_to_dubar,t,full_process,-0.21,0.5,1.0939319342565899,0.08206842280529869,0.0,0.004319419078880904,0.0,148.47311682946022,53598.0902360263,33.743872326596275,0.63226944882818,25.13812909795632,2.773415122266165
mode_a_muB450p0_alpha1p0_xim0p20_1,dubar_to_dubar,t,full_process,-0.21,1.0,1.5939319342565899,0.10669196058424402,0.0,0.00469576566911961,0.0,87.84895673010007,45351.03127363247,19.9656614155283,0.5815922903491204,13.732013504390117,1.1368904890917029
mode_a_muB450p0_alpha1p0_xim0p20_1,dubar_to_dubar,t,full_process,-0.21,2.0,2.59393193425659,0.15482752777853925,0.0,0.005479514051630179,0.0,41.716094401730906,33305.496330821734,9.480925527232781,0.4989260251025592,5.630009951727045,0.5920840259983603
mode_a_muB450p0_alpha1p0_xim0p20_1,dubar_to_dubar,s,full_process,-0.2,0.0001,0.6437029450806269,-0.005781114819456423,-0.00018826194169045508,,,29889.35160998931,,27187.556018246785,0.0,27187.556018246785,107.8526748157446
mode_a_muB450p0_alpha1p0_xim0p20_1,dubar_to_dubar,s,full_process,-0.2,0.0005,0.6441029450806268,-0.005817676078667233,-0.0004212183836428868,,,29392.072118692577,,26735.227235650764,0.0,26735.227235650764,106.13381287278928
mode_a_muB450p0_alpha1p0_xim0p20_1,dubar_to_dubar,s,full_process,-0.2,0.001,0.6446029450806269,-0.005863373698731245,-0.0005961380211182506,,,28789.793668911287,,26187.39069153095,0.0,26187.39069153095,104.051482811099
mode_a_muB450p0_alpha1p0_xim0p20_1,dubar_to_dubar,s,full_process,-0.2,0.005,0.6486029450806269,-0.006228868528948661,-0.0013409701291370434,,,24632.359547022457,,22405.760545922403,0.0,22405.760545922403,89.65917749325914
mode_a_muB450p0_alpha1p0_xim0p20_1,dubar_to_dubar,s,full_process,-0.2,0.01,0.6536029450806269,-0.006685544786429354,-0.0019104975164266594,,,20684.016345109252,,18814.32091277114,0.0,18814.32091277114,75.9533640947211
mode_a_muB450p0_alpha1p0_xim0p20_1,dubar_to_dubar,s,full_process,-0.2,0.02,0.6636029450806269,-0.007598271536877865,-0.0027416698483521415,,,15325.55684105568,,13940.22997099012,0.0,13940.22997099012,57.26543003889216
mode_a_muB450p0_alpha1p0_xim0p20_1,dubar_to_dubar,s,full_process,-0.2,0.05,0.6936029450806269,-0.010331463945311148,-0.0045237829479180605,,,7861.402875304593,,7150.785130545249,0.0,7150.785130545249,30.90580778550278
mode_a_muB450p0_alpha1p0_xim0p20_1,dubar_to_dubar,s,full_process,-0.2,0.1,0.7436029450806269,-0.014870144271972086,-0.006842400638485017,,,3732.183899978395,,3394.8196727409913,0.0,3394.8196727409913,15.899249478908297
mode_a_muB450p0_alpha1p0_xim0p20_1,dubar_to_dubar,s,full_process,-0.2,0.2,0.8436029450806268,-0.02388490238630414,-0.010933327917288526,,,1449.2202891119236,,1318.2205591854647,0.0,1318.2205591854647,7.150717984297574
mode_a_muB450p0_alpha1p0_xim0p20_1,dubar_to_dubar,s,full_process,-0.2,0.5,1.1436029450806269,-0.05042447779487258,-0.023229271857258964,,,324.44073381001124,,295.1134818900847,0.0,295.1134818900847,2.3056706334005206
mode_a_muB450p0_alpha1p0_xim0p20_1,dubar_to_dubar,s,full_process,-0.2,1.0,1.6436029450806269,-0.09295278772670579,-0.04675562205066474,,,92.36758396488192,,84.01817798135501,0.0,84.01817798135501,1.0442488063911544
mode_a_muB450p0_alpha1p0_xim0p20_1,dubar_to_dubar,s,full_process,-0.2,2.0,2.6436029450806267,-0.17150509123173485,-0.10480684025808402,,,24.75341264009026,,22.515871256649323,0.0,22.515871256649323,0.5720186028255823
mode_a_muB450p0_alpha1p0_xim0p20_1,dubar_to_dubar,t,full_process,-0.2,0.0001,0.6437029450806269,0.055254218470881744,0.0,0.003936300785045166,0.0,327.54360071546273,64539.180469081475,74.48396764396429,0.6963466082797817,60.7766121947735,107.8526748157446
mode_a_muB450p0_alpha1p0_xim0p20_1,dubar_to_dubar,t,full_process,-0.2,0.0005,0.6441029450806268,0.05527443340477578,0.0,0.003936588352767629,0.0,327.30406641129474,64529.751641074785,74.4294971389008,0.6962950319385592,60.7278910616496,106.13381287278928
mode_a_muB450p0_alpha1p0_xim0p20_1,dubar_to_dubar,t,full_process,-0.2,0.001,0.6446029450806269,0.0552997015871749,0.0,0.00393694782207533,0.0,327.0050235913908,64517.96819501368,74.36149429691825,0.6962305710028943,60.66706878350695,104.051482811099
mode_a_muB450p0_alpha1p0_xim0p20_1,dubar_to_dubar,t,full_process,-0.2,0.005,0.6486029450806269,0.055501827264662906,0.0,0.003939823950684274,0.0,324.6275970705381,64423.80447350091,73.82086349336002,0.6957152639516487,60.18363746385461,89.65917749325914
mode_a_muB450p0_alpha1p0_xim0p20_1,dubar_to_dubar,t,full_process,-0.2,0.01,0.6536029450806269,0.055754434845441514,0.0,0.003943420042898587,0.0,321.6926691106455,64306.359055634624,73.15345592159092,0.6950720800698543,59.587122072129326,75.9533640947211
mode_a_muB450p0_alpha1p0_xim0p20_1,dubar_to_dubar,t,full_process,-0.2,0.02,0.6636029450806269,0.05625948548395898,0.0,0.003950615330615323,0.0,315.9428183349774,64072.32898457228,71.8459301503746,0.6937888685141406,58.41939231071738,57.26543003889216
mode_a_muB450p0_alpha1p0_xim0p20_1,dubar_to_dubar,t,full_process,-0.2,0.05,0.6936029450806269,0.05777333315413136,0.0,0.003972226047211368,0.0,299.602305765716,63377.06020234831,68.13007001195005,0.6899642859308689,55.10765812068753,30.90580778550278
mode_a_muB450p0_alpha1p0_xim0p20_1,dubar_to_dubar,t,full_process,-0.2,0.1,0.7436029450806269,0.06029214289959406,0.0,0.004008326957107509,0.0,275.09237980588887,62240.59289807144,62.55647147984602,0.683672195316193,50.16067576735172,15.899249478908297
mode_a_muB450p0_alpha1p0_xim0p20_1,dubar_to_dubar,t,full_process,-0.2,0.2,0.8436029450806268,0.06531429043944326,0.0,0.004080841546255167,0.0,234.41401515767862,60048.2749977187,53.30614270026264,0.6713870079014969,42.01273942161092,7.150717984297574
mode_a_muB450p0_alpha1p0_xim0p20_1,dubar_to_dubar,t,full_process,-0.2,0.5,1.1436029450806269,0.08026590004261713,0.0,0.004300904421984249,0.0,155.21648353454114,54060.544688575996,35.29649033638075,0.6367545932507901,26.451641194540606,2.3056706334005206
mode_a_muB450p0_alpha1p0_xim0p20_1,dubar_to_dubar,t,full_process,-0.2,1.0,1.6436029450806269,0.1048457381973823,0.0,0.004676100294242199,0.0,90.97005061687582,45733.28156995694,20.686743053189193,0.5854973825603178,14.31177093683204,1.0442488063911544
mode_a_muB450p0_alpha1p0_xim0p20_1,dubar_to_dubar,t,full_process,-0.2,2.0,2.6436029450806267,0.15292812496118402,0.0,0.005457649726888368,0.0,42.758776772256944,33572.8864633274,9.72341800799507,0.5019232565650632,5.807011430101748,0.5720186028255823
mode_a_muB450p0_alpha1p0_xim0p20_1,dubar_to_dubar,s,full_process,-0.19,0.0001,0.6975938181980343,-0.012627375197292734,-0.0002040844568829255,,,6269.896936444046,,5706.456205688388,0.0,5706.456205688388,24.827107427810034
mode_a_muB450p0_alpha1p0_xim0p20_1,dubar_to_dubar,s,full_process,-0.19,0.0005,0.6979938181980343,-0.01266388448816258,-0.00045659900542388386,,,6227.330455068975,,5667.714937010531,0.0,5667.714937010531,24.674864281375893
mode_a_muB450p0_alpha1p0_xim0p20_1,dubar_to_dubar,s,full_process,-0.19,0.001,0.6984938181980344,-0.012709517110072843,-0.0006461744872447399,,,6174.769440302008,,5619.87728801319,0.0,5619.87728801319,24.486815252699493
mode_a_muB450p0_alpha1p0_xim0p20_1,dubar_to_dubar,s,full_process,-0.19,0.005,0.7024938181980344,-0.013074491592909299,-0.0014528677780634126,,,5778.57132325222,,5259.283289955732,0.0,5259.283289955732,23.067093505935862
mode_a_muB450p0_alpha1p0_xim0p20_1,dubar_to_dubar,s,full_process,-0.19,0.01,0.7074938181980344,-0.013530516381522695,-0.002068767125491692,,,5337.470343396036,,4857.821599380781,0.0,4857.821599380781,21.48138663736906
mode_a_muB450p0_alpha1p0_xim0p20_1,dubar_to_dubar,s,full_process,-0.19,0.02,0.7174938181980344,-0.014441936652147547,-0.0029655601907088492,,,4600.576107405029,,4187.147945805354,0.0,4187.147945805354,18.81817156900704
mode_a_muB450p0_alpha1p0_xim0p20_1,dubar_to_dubar,s,full_process,-0.19,0.05,0.7474938181980344,-0.017171181397414026,-0.004878083158982318,,,3138.2870573622267,,2856.2666715655264,0.0,2856.2666715655264,13.459718171020613
mode_a_muB450p0_alpha1p0_xim0p20_1,dubar_to_dubar,s,full_process,-0.19,0.1,0.7974938181980343,-0.02170318886025724,-0.007344151752851252,,,1904.8890001428235,,1733.7072309480918,0.0,1733.7072309480918,8.808057704658088
mode_a_muB450p0_alpha1p0_xim0p20_1,dubar_to_dubar,s,full_process,-0.19,0.2,0.8974938181980343,-0.030704254926506858,-0.011644831277224944,,,927.339804805606,,844.0049394043092,0.0,844.0049394043092,4.92532626771802
mode_a_muB450p0_alpha1p0_xim0p20_1,dubar_to_dubar,s,full_process,-0.19,0.5,1.1974938181980344,-0.057200061901969246,-0.02436279664649288,,,258.7059103687087,,235.45745051896046,0.0,235.45745051896046,1.947235674029936
mode_a_muB450p0_alpha1p0_xim0p20_1,dubar_to_dubar,s,full_process,-0.19,1.0,1.6974938181980344,-0.09964697702909975,-0.0483761851753487,,,81.50108487419763,,74.17703612437097,0.0,74.17703612437097,0.9624240706089251
mode_a_muB450p0_alpha1p0_xim0p20_1,dubar_to_dubar,s,full_process,-0.19,2.0,2.6974938181980344,-0.17800876998708537,-0.10713526103446472,,,23.166871297540077,,21.0849935528935,0.0,21.0849935528935,0.5528639322847858
mode_a_muB450p0_alpha1p0_xim0p20_1,dubar_to_dubar,t,full_process,-0.19,0.0001,0.6975938181980343,0.05358398250503471,0.0,0.003919240663209808,0.0,348.281192823569,65102.270494557124,79.24577525989417,0.7016053780861424,65.03439809082397,24.827107427810034
mode_a_muB450p0_alpha1p0_xim0p20_1,dubar_to_dubar,t,full_process,-0.19,0.0005,0.6979938181980343,0.053604134601439424,0.0,0.00391952722923677,0.0,348.01937433027416,65092.75127659297,79.18620267915743,0.7015531961276347,64.98093413773502,24.674864281375893
mode_a_muB450p0_alpha1p0_xim0p20_1,dubar_to_dubar,t,full_process,-0.19,0.001,0.6984938181980344,0.05362932426910527,0.0,0.003919885446567293,0.0,347.69252204595074,65080.85486457144,79.11183270684658,0.7014879782555046,64.91419325003214,24.486815252699493
mode_a_muB450p0_alpha1p0_xim0p20_1,dubar_to_dubar,t,full_process,-0.19,0.005,0.7024938181980344,0.053830823098109604,0.0,0.003922751564963484,0.0,345.0944375706573,64985.78828216613,78.52068043483855,0.7009666191786046,64.38380679338455,23.067093505935862
mode_a_muB450p0_alpha1p0_xim0p20_1,dubar_to_dubar,t,full_process,-0.19,0.01,0.7074938181980344,0.05408265027080317,0.0,0.00392633515830595,0.0,341.88816611503756,64867.2164577764,77.79114501222682,0.7003158789759238,63.72956750372955,21.48138663736906
mode_a_muB450p0_alpha1p0_xim0p20_1,dubar_to_dubar,t,full_process,-0.19,0.02,0.7174938181980344,0.05458615049376736,0.0,0.0039335054939873305,0.0,335.6101319643715,64630.94080639755,76.36267946878421,0.6990175839909758,62.44953010747281,18.81817156900704
mode_a_muB450p0_alpha1p0_xim0p20_1,dubar_to_dubar,t,full_process,-0.19,0.05,0.7474938181980344,0.05609542820633573,0.0,0.003955041709402386,0.0,317.7935400631728,63928.99310336183,72.30880097407353,0.6951479876680199,58.824341423052125,13.459718171020613
mode_a_muB450p0_alpha1p0_xim0p20_1,dubar_to_dubar,t,full_process,-0.19,0.1,0.7974938181980343,0.05860688032898553,0.0,0.003991019566725864,0.0,291.14061253923296,62781.58647278165,66.24435664546347,0.6887816791645202,53.42345302771072,8.808057704658088
mode_a_muB450p0_alpha1p0_xim0p20_1,dubar_to_dubar,t,full_process,-0.19,0.2,0.8974938181980343,0.06361520367058748,0.0,0.004063291791355578,0.0,247.10307853068036,60568.10392729158,56.22432514519958,0.6763511689186866,44.56740618270218,4.92532626771802
mode_a_muB450p0_alpha1p0_xim0p20_1,dubar_to_dubar,t,full_process,-0.19,0.5,1.1974938181980344,0.07853123632929182,0.0,0.004282650780417362,0.0,162.14931960104707,54522.363708788755,36.894465748997966,0.6413085142499877,27.807313950631794,1.947235674029936
mode_a_muB450p0_alpha1p0_xim0p20_1,dubar_to_dubar,t,full_process,-0.19,1.0,1.6974938181980344,0.10306614973140205,0.0,0.00465672320381813,0.0,94.13863469855946,46114.67493647357,21.419729926026804,0.5894514132887215,14.902595639513063,0.9624240706089251
mode_a_muB450p0_alpha1p0_xim0p20_1,dubar_to_dubar,t,full_process,-0.19,2.0,2.6974938181980344,0.15109261036728083,0.0,0.005436116826662086,0.0,43.803977902624986,33839.383087013935,9.966889570517967,0.50494346261235,5.985090013427824,0.5528639322847858
mode_a_muB450p0_alpha1p0_xim0p20_1,uubar_to_uubar,s,full_process,-0.21,0.0001,0.59403193425659,0.0007272876753916524,-0.00017367916364281852,0.003442499568099694,-1.1579617861966299e-6,1.7885510085449326e6,84382.45606927577,406488.65040844615,0.852495847917204,407634.73127150035,1479.375557297626
mode_a_muB450p0_alpha1p0_xim0p20_1,uubar_to_uubar,s,full_process,-0.21,0.0005,0.5944319342565899,0.0006906839760525418,-0.0003886098809881497,0.0034421711032663663,-2.5908972561339564e-6,1.5921995104819995e6,84398.52275010051,361863.3335615302,0.8526182864594444,362832.7795491127,1317.6906971990343
mode_a_muB450p0_alpha1p0_xim0p20_1,uubar_to_uubar,s,full_process,-0.21,0.001,0.59493193425659,0.000644933269877912,-0.0005500218926792517,0.003441760561462536,-3.6669385498096152e-6,1.391860113896252e6,84418.61048542253,316331.6766209167,0.8527713574995741,317123.6166771593,1152.6838448795831
mode_a_muB450p0_alpha1p0_xim0p20_1,uubar_to_uubar,s,full_process,-0.21,0.005,0.59893193425659,0.0002790133889591928,-0.0012378380705121528,0.0034384773234078987,-8.250606890985714e-6,621082.6917090164,84579.5111024375,141155.08248783211,0.8539970751919648,141310.24991387612,517.1938751241659
mode_a_muB450p0_alpha1p0_xim0p20_1,uubar_to_uubar,s,full_process,-0.21,0.01,0.60393193425659,-0.00017819519591100175,-0.0017646233470970264,0.0034343758620716414,-1.1758367138721243e-5,317899.4137583254,84781.1421614176,72249.82851866898,0.8555321754445812,72202.41986074082,266.55138681564875
mode_a_muB450p0_alpha1p0_xim0p20_1,uubar_to_uubar,s,full_process,-0.21,0.02,0.61393193425659,-0.001091990039382873,-0.002535306530236409,0.0034261814565474413,-1.6883835511211738e-5,131229.78207067738,85186.09949923458,29824.934683133535,0.8586122920696898,29700.637662760717,111.55766421811225
mode_a_muB450p0_alpha1p0_xim0p20_1,uubar_to_uubar,s,full_process,-0.21,0.05,0.64393193425659,-0.0038284140653470633,-0.004197182088967751,0.0034016662169219555,-2.790188423337132e-5,30985.565558504088,86414.65252509237,7042.170262879904,0.8679324476416365,6938.617359562419,27.451648427691776
mode_a_muB450p0_alpha1p0_xim0p20_1,uubar_to_uubar,s,full_process,-0.21,0.1,0.6939319342565899,-0.008372570930877066,-0.006379790285683432,0.003361033907896259,-4.22864364949931e-5,9025.134885705216,88508.60029771624,2051.165933718203,0.8837347595529996,1984.9749161291243,8.572179494585567
mode_a_muB450p0_alpha1p0_xim0p20_1,uubar_to_uubar,s,full_process,-0.21,0.2,0.79393193425659,-0.017398618066698956,-0.01027708384557147,0.003280617729387357,-6.771409366940804e-5,2448.9974065449665,92876.05474174794,556.5900250450031,0.916366476333258,519.0984333470583,2.7218726681310903
mode_a_muB450p0_alpha1p0_xim0p20_1,uubar_to_uubar,s,full_process,-0.21,0.5,1.0939319342565899,-0.043974680950831235,-0.022182631720604237,0.003046141436829786,-0.00014350674874226128,412.2280501269042,107531.83234601485,93.68814361795546,1.0228281035678557,77.66514012048478,2.6978184451206944
mode_a_muB450p0_alpha1p0_xim0p20_1,uubar_to_uubar,s,full_process,-0.21,1.0,1.5939319342565899,-0.08657207948105494,-0.04525660939069685,0.0026777780111554178,-0.00028353402286037993,104.7901062431818,137914.16864240816,23.815920630412457,1.2302753196381275,16.03356129228766,0.7571865896825293
mode_a_muB450p0_alpha1p0_xim0p20_1,uubar_to_uubar,s,full_process,-0.21,2.0,2.59393193425659,-0.16529006753265119,-0.102645874923851,0.0020235257340212197,-0.0005990410970068033,26.415206534791505,224542.1602790804,6.003452852778082,1.7381018609249024,3.446444434313703,0.2930260154038522
mode_a_muB450p0_alpha1p0_xim0p20_1,uubar_to_uubar,t,full_process,-0.21,0.0001,0.59403193425659,0.056992935339775785,0.0,0.003953587364833536,0.0,307.86332068541674,63976.03487880427,69.96889948220822,0.6911842061360958,84.56855567383951,1479.375557297626
mode_a_muB450p0_alpha1p0_xim0p20_1,uubar_to_uubar,t,full_process,-0.21,0.0005,0.5944319342565899,0.05701321322459907,0.0,0.003953875967263569,0.0,307.6443641869472,63966.69570608811,69.91913666798837,0.6911332087615913,84.51328210852003,1317.6906971990343
mode_a_muB450p0_alpha1p0_xim0p20_1,uubar_to_uubar,t,full_process,-0.21,0.001,0.59493193425659,0.05703856006127095,0.0,0.003954236729795763,0.0,307.37100248759356,63955.02430854816,69.85700904193085,0.691069471462468,84.44427170671874,1152.6838448795831
mode_a_muB450p0_alpha1p0_xim0p20_1,uubar_to_uubar,t,full_process,-0.21,0.005,0.59893193425659,0.05724131361304108,0.0,0.003957123197882755,0.0,305.1973909402888,63861.75614428308,69.36300667903761,0.6905599505707067,83.89543275577957,517.1938751241659
mode_a_muB450p0_alpha1p0_xim0p20_1,uubar_to_uubar,t,full_process,-0.21,0.01,0.60393193425659,0.057494702660422004,0.0,0.003960732198783501,0.0,302.51320400916643,63745.42809227917,68.75296451761018,0.6899239920024897,83.21740407161994,266.55138681564875
mode_a_muB450p0_alpha1p0_xim0p20_1,uubar_to_uubar,t,full_process,-0.21,0.02,0.61393193425659,0.05800130510280399,0.0,0.003967953252384273,0.0,297.2517829886975,63513.62581109481,67.55718764592856,0.6886552062242828,81.8874863001014,111.55766421811225
mode_a_muB450p0_alpha1p0_xim0p20_1,uubar_to_uubar,t,full_process,-0.21,0.05,0.64393193425659,0.05951972137293471,0.0,0.003989640867446936,0.0,282.2787730084217,62824.98480692007,64.15423263354336,0.6848736983209259,78.09618694060707,27.451648427691776
mode_a_muB450p0_alpha1p0_xim0p20_1,uubar_to_uubar,t,full_process,-0.21,0.1,0.6939319342565899,0.06204586993056116,0.0,0.00402586868989728,0.0,259.76117723237587,61699.378421839894,59.0365999388545,0.6786527006440555,72.37469148730636,8.572179494585567
mode_a_muB450p0_alpha1p0_xim0p20_1,uubar_to_uubar,t,full_process,-0.21,0.2,0.79393193425659,0.06708175356263268,0.0,0.004098632930558541,0.0,222.2241155204375,59528.09023321557,50.50545406563808,0.6665069474667376,62.77579417628152,2.7218726681310903
mode_a_muB450p0_alpha1p0_xim0p20_1,uubar_to_uubar,t,full_process,-0.21,0.5,1.0939319342565899,0.08206842280529869,0.0,0.004319419078880904,0.0,148.47311682946022,53598.0902360263,33.743872326596275,0.63226944882818,43.61415445289259,2.6978184451206944
mode_a_muB450p0_alpha1p0_xim0p20_1,uubar_to_uubar,t,full_process,-0.21,1.0,1.5939319342565899,0.10669196058424402,0.0,0.00469576566911961,0.0,87.84895673010007,45351.03127363247,19.9656614155283,0.5815922903491204,27.362493907364723,0.7571865896825293
mode_a_muB450p0_alpha1p0_xim0p20_1,uubar_to_uubar,t,full_process,-0.21,2.0,2.59393193425659,0.15482752777853925,0.0,0.005479514051630179,0.0,41.716094401730906,33305.496330821734,9.480925527232781,0.4989260251025592,14.329693152943635,0.2930260154038522
mode_a_muB450p0_alpha1p0_xim0p20_1,uubar_to_uubar,s,full_process,-0.2,0.0001,0.6437029450806269,-0.005781114819456423,-0.00018826194169045508,0.0033840461406324084,-1.2505442829837778e-6,29889.35160998931,87322.74691737888,6796.889004561694,0.8761816547105399,6643.507522884307,26.09811921788774
mode_a_muB450p0_alpha1p0_xim0p20_1,uubar_to_uubar,s,full_process,-0.2,0.0005,0.6441029450806268,-0.005817676078667233,-0.0004212183836428868,0.0033837197592760356,-2.7979096432486637e-6,29392.072118692577,87339.54561311792,6683.806808912689,0.8763091525586741,6532.028796715372,25.678170035632217
mode_a_muB450p0_alpha1p0_xim0p20_1,uubar_to_uubar,s,full_process,-0.2,0.001,0.6446029450806269,-0.005863373698731245,-0.0005961380211182506,0.003383311821943804,-3.9596834796894715e-6,28789.793668911287,87360.54860014086,6546.847672882735,0.8764685489102516,6397.018623198922,25.169457320130494
mode_a_muB450p0_alpha1p0_xim0p20_1,uubar_to_uubar,s,full_process,-0.2,0.005,0.6486029450806269,-0.006228868528948661,-0.0013409701291370434,0.003380049419279198,-8.904939719176121e-6,24632.359547022457,87528.78206418986,5601.440136480598,0.8777449297529399,5465.299673377509,21.65472749620016
mode_a_muB450p0_alpha1p0_xim0p20_1,uubar_to_uubar,s,full_process,-0.2,0.01,0.6536029450806269,-0.006685544786429354,-0.0019104975164266594,0.003375974002518968,-1.2683265282047545e-5,20684.016345109252,87739.60664813328,4703.580228192785,0.8793435135703078,4580.919394048936,18.310316457711444
mode_a_muB450p0_alpha1p0_xim0p20_1,uubar_to_uubar,s,full_process,-0.2,0.02,0.6636029450806269,-0.007598271536877865,-0.0027416698483521415,0.0033678316880163426,-1.819051362573818e-5,15325.55684105568,88163.04315338712,3485.057492747528,0.8825511157968711,3381.810425435588,13.756485399874684
mode_a_muB450p0_alpha1p0_xim0p20_1,uubar_to_uubar,s,full_process,-0.2,0.05,0.6936029450806269,-0.010331463945311148,-0.0045237829479180605,0.003343472735349124,-2.9961623439497574e-5,7861.402875304593,89447.77743881935,1787.6962826363115,0.8922579006751069,1715.708420322641,7.357763688087621
mode_a_muB450p0_alpha1p0_xim0p20_1,uubar_to_uubar,s,full_process,-0.2,0.1,0.7436029450806269,-0.014870144271972086,-0.006842400638485017,0.0033031009437966006,-4.518443466832697e-5,3732.183899978395,91637.88301020287,848.7049181852475,0.9087186435224961,799.4791189166242,3.752017847261044
mode_a_muB450p0_alpha1p0_xim0p20_1,uubar_to_uubar,s,full_process,-0.2,0.2,0.8436029450806268,-0.02388490238630414,-0.010933327917288526,0.0032232058996566615,-7.176997217140044e-5,1449.2202891119236,96207.4336899064,329.55513979636606,0.9427208705732929,298.77887071185535,1.7305561913160525
mode_a_muB450p0_alpha1p0_xim0p20_1,uubar_to_uubar,s,full_process,-0.2,0.5,1.1436029450806269,-0.05042447779487258,-0.023229271857258964,0.002990292880505496,-0.00014971398834522106,324.44073381001124,111554.03280996141,73.77837047252115,1.0537377180703893,59.20451242684668,2.9055719491646474
mode_a_muB450p0_alpha1p0_xim0p20_1,uubar_to_uubar,s,full_process,-0.2,1.0,1.6436029450806269,-0.09295278772670579,-0.04675562205066474,0.002624528455534424,-0.00029181004244492224,92.36758396488192,143404.0713420136,21.004544495338752,1.270246345374123,13.615337230434136,0.692569138405675
mode_a_muB450p0_alpha1p0_xim0p20_1,uubar_to_uubar,s,full_process,-0.2,2.0,2.6436029450806267,-0.17150509123173485,-0.10480684025808402,0.0019754074335977057,-0.0006092463787593244,24.75341264009026,234004.8511952413,5.62896781416233,1.798147037481669,3.2167116712238575,0.2873446264447171
mode_a_muB450p0_alpha1p0_xim0p20_1,uubar_to_uubar,t,full_process,-0.2,0.0001,0.6437029450806269,0.055254218470881744,0.0,0.003936300785045166,0.0,327.54360071546273,64539.180469081475,74.48396764396429,0.6963466082797817,89.58401630971466,26.09811921788774
mode_a_muB450p0_alpha1p0_xim0p20_1,uubar_to_uubar,t,full_process,-0.2,0.0005,0.6441029450806268,0.05527443340477578,0.0,0.003936588352767629,0.0,327.30406641129474,64529.751641074785,74.4294971389008,0.6962950319385592,89.52369328002911,25.678170035632217
mode_a_muB450p0_alpha1p0_xim0p20_1,uubar_to_uubar,t,full_process,-0.2,0.001,0.6446029450806269,0.0552997015871749,0.0,0.00393694782207533,0.0,327.0050235913908,64517.96819501368,74.36149429691825,0.6962305710028943,89.44838095233537,25.169457320130494
mode_a_muB450p0_alpha1p0_xim0p20_1,uubar_to_uubar,t,full_process,-0.2,0.005,0.6486029450806269,0.055501827264662906,0.0,0.003939823950684274,0.0,324.6275970705381,64423.80447350091,73.82086349336002,0.6957152639516487,88.8495200507687,21.65472749620016
mode_a_muB450p0_alpha1p0_xim0p20_1,uubar_to_uubar,t,full_process,-0.2,0.01,0.6536029450806269,0.055754434845441514,0.0,0.003943420042898587,0.0,321.6926691106455,64306.359055634624,73.15345592159092,0.6950720800698543,88.10993393119222,18.310316457711444
mode_a_muB450p0_alpha1p0_xim0p20_1,uubar_to_uubar,t,full_process,-0.2,0.02,0.6636029450806269,0.05625948548395898,0.0,0.003950615330615323,0.0,315.9428183349774,64072.32898457228,71.8459301503746,0.6937888685141406,86.6600457270601,13.756485399874684
mode_a_muB450p0_alpha1p0_xim0p20_1,uubar_to_uubar,t,full_process,-0.2,0.05,0.6936029450806269,0.05777333315413136,0.0,0.003972226047211368,0.0,299.602305765716,63377.06020234831,68.13007001195005,0.6899642859308689,82.53241047507431,7.357763688087621
mode_a_muB450p0_alpha1p0_xim0p20_1,uubar_to_uubar,t,full_process,-0.2,0.1,0.7436029450806269,0.06029214289959406,0.0,0.004008326957107509,0.0,275.09237980588887,62240.59289807144,62.55647147984602,0.683672195316193,76.3196115829727,3.752017847261044
mode_a_muB450p0_alpha1p0_xim0p20_1,uubar_to_uubar,t,full_process,-0.2,0.2,0.8436029450806268,0.06531429043944326,0.0,0.004080841546255167,0.0,234.41401515767862,60048.2749977187,53.30614270026264,0.6713870079014969,65.94231999471735,1.7305561913160525
mode_a_muB450p0_alpha1p0_xim0p20_1,uubar_to_uubar,t,full_process,-0.2,0.5,1.1436029450806269,0.08026590004261713,0.0,0.004300904421984249,0.0,155.21648353454114,54060.544688575996,35.29649033638075,0.6367545932507901,45.41484866472248,2.9055719491646474
mode_a_muB450p0_alpha1p0_xim0p20_1,uubar_to_uubar,t,full_process,-0.2,1.0,1.6436029450806269,0.1048457381973823,0.0,0.004676100294242199,0.0,90.97005061687582,45733.28156995694,20.686743053189193,0.5854973825603178,28.232709934666982,0.692569138405675
mode_a_muB450p0_alpha1p0_xim0p20_1,uubar_to_uubar,t,full_process,-0.2,2.0,2.6436029450806267,0.15292812496118402,0.0,0.005457649726888368,0.0,42.758776772256944,33572.8864633274,9.72341800799507,0.5019232565650632,14.64367109901852,0.2873446264447171
mode_a_muB450p0_alpha1p0_xim0p20_1,uubar_to_uubar,s,full_process,-0.19,0.0001,0.6975938181980347,-0.012627375197292734,-0.0002040844568829255,0.0033225134129457735,-1.350418498253512e-6,6269.896936444046,90587.11791605687,1426.6140514220963,0.9024630605660269,1355.76379618088,5.815401296830487
mode_a_muB450p0_alpha1p0_xim0p20_1,uubar_to_uubar,s,full_process,-0.19,0.0005,0.6979938181980346,-0.01266388448816258,-0.00045659900542388386,0.0033221892420070413,-3.021226019910199e-6,6227.330455068975,90604.7373440057,1416.9287342526327,0.9025962219591902,1346.356319302216,5.779153543892493
mode_a_muB450p0_alpha1p0_xim0p20_1,uubar_to_uubar,s,full_process,-0.19,0.001,0.6984938181980347,-0.012709517110072843,-0.0006461744872447399,0.0033217840678260216,-4.275484338467007e-6,6174.769440302008,90626.76650887159,1404.969322003297,0.9027626990658757,1334.740765637902,5.7343852708446095
mode_a_muB450p0_alpha1p0_xim0p20_1,uubar_to_uubar,s,full_process,-0.19,0.005,0.7024938181980347,-0.013074491592909299,-0.0014528677780634126,0.003318543769793051,-9.610802225262525e-6,5778.57132325222,90803.22162063971,1314.8208224889324,0.9040957942142323,1247.2133439388604,5.396566003736608
mode_a_muB450p0_alpha1p0_xim0p20_1,uubar_to_uubar,s,full_process,-0.19,0.01,0.7074938181980347,-0.013530516381522695,-0.002068767125491692,0.0033144959838196297,-1.3680993276119049e-5,5337.470343396036,91024.354251726,1214.4553998451952,0.90576544486737,1149.8322626887384,5.019643067188099
mode_a_muB450p0_alpha1p0_xim0p20_1,uubar_to_uubar,s,full_process,-0.19,0.02,0.7174938181980347,-0.014441936652147547,-0.0029655601907088492,0.0033064089318651153,-1.960006382656813e-5,4600.576107405029,91468.51076413515,1046.786986451338,0.909115763889271,987.3340922851788,4.38773140488528
mode_a_muB450p0_alpha1p0_xim0p20_1,uubar_to_uubar,s,full_process,-0.19,0.05,0.7474938181980347,-0.017171181397414026,-0.004878083158982318,0.0032822157739384322,-3.2183424222996006e-5,3138.2870573622267,92816.24399360118,714.0666678913813,0.9192553910637895,665.8350028394852,3.1229449922937578
mode_a_muB450p0_alpha1p0_xim0p20_1,uubar_to_uubar,s,full_process,-0.19,0.1,0.7974938181980347,-0.02170318886025724,-0.007344151752851252,0.003242120323135039,-4.831021842856098e-5,1904.8890001428235,95114.19254401977,433.4268077370228,0.9364533304627187,396.3928106921639,2.041577429232413
mode_a_muB450p0_alpha1p0_xim0p20_1,uubar_to_uubar,s,full_process,-0.19,0.2,0.8974938181980348,-0.030704254926506858,-0.011644831277224944,0.0031627779687361146,-7.614398959549494e-5,927.339804805606,99910.45638570892,211.00123485107727,0.9719902163175353,185.4447658126034,1.2036753739327775
mode_a_muB450p0_alpha1p0_xim0p20_1,uubar_to_uubar,s,full_process,-0.19,0.5,1.1974938181980348,-0.057200061901969246,-0.02436279664649288,0.002931522064811176,-0.00015640496217635567,258.7059103687087,116032.37779937705,58.86436262974008,1.0881081472303578,45.58131007486339,3.1263146447430508
mode_a_muB450p0_alpha1p0_xim0p20_1,uubar_to_uubar,s,full_process,-0.19,1.0,1.6974938181980348,-0.09964697702909975,-0.0483761851753487,0.00256850972696957,-0.0003007233886816886,81.50108487419763,149528.75771181725,18.54425903109274,1.3147464219244527,11.53695112792473,0.6357439007228276
mode_a_muB450p0_alpha1p0_xim0p20_1,uubar_to_uubar,s,full_process,-0.19,2.0,2.697493818198035,-0.17800876998708537,-0.10713526103446472,0.0019248102881506768,-0.000620215412653629,23.166871297540077,244524.975549462,5.271248388223374,1.864616676687219,3.0141425211160033,0.28245708503419553
mode_a_muB450p0_alpha1p0_xim0p20_1,uubar_to_uubar,t,full_process,-0.19,0.0001,0.6975938181980347,0.05358398250503471,0.0,0.003919240663209808,0.0,348.281192823569,65102.270494557124,79.24577525989417,0.7016053780861424,94.86036318513665,5.815401296830487
mode_a_muB450p0_alpha1p0_xim0p20_1,uubar_to_uubar,t,full_process,-0.19,0.0005,0.6979938181980346,0.053604134601439424,0.0,0.00391952722923677,0.0,348.01937433027416,65092.75127659297,79.18620267915743,0.7015531961276347,94.79457761283511,5.779153543892493
mode_a_muB450p0_alpha1p0_xim0p20_1,uubar_to_uubar,t,full_process,-0.19,0.001,0.6984938181980347,0.05362932426910527,0.0,0.003919885446567293,0.0,347.69252204595074,65080.85486457144,79.11183270684658,0.7014879782555046,94.71244812017201,5.7343852708446095
mode_a_muB450p0_alpha1p0_xim0p20_1,uubar_to_uubar,t,full_process,-0.19,0.005,0.7024938181980347,0.053830823098109604,0.0,0.003922751564963484,0.0,345.0944375706573,64985.78828216613,78.52068043483855,0.7009666191786046,94.05948731464976,5.396566003736608
mode_a_muB450p0_alpha1p0_xim0p20_1,uubar_to_uubar,t,full_process,-0.19,0.01,0.7074938181980347,0.05408265027080317,0.0,0.00392633515830595,0.0,341.88816611503756,64867.2164577764,77.79114501222682,0.7003158789759238,93.25335427867593,5.019643067188099
mode_a_muB450p0_alpha1p0_xim0p20_1,uubar_to_uubar,t,full_process,-0.19,0.02,0.7174938181980347,0.05458615049376736,0.0,0.0039335054939873305,0.0,335.6101319643715,64630.94080639755,76.36267946878421,0.6990175839909758,91.67386399807755,4.38773140488528
mode_a_muB450p0_alpha1p0_xim0p20_1,uubar_to_uubar,t,full_process,-0.19,0.05,0.7474938181980347,0.05609542820633573,0.0,0.003955041709402386,0.0,317.7935400631728,63928.99310336183,72.30880097407353,0.6951479876680199,87.18355650043098,3.1229449922937578
mode_a_muB450p0_alpha1p0_xim0p20_1,uubar_to_uubar,t,full_process,-0.19,0.1,0.7974938181980347,0.05860688032898553,0.0,0.003991019566725864,0.0,291.14061253923296,62781.58647278165,66.24435664546347,0.6887816791645202,80.44282362154524,2.041577429232413
mode_a_muB450p0_alpha1p0_xim0p20_1,uubar_to_uubar,t,full_process,-0.19,0.2,0.8974938181980348,0.06361520367058748,0.0,0.004063291791355578,0.0,247.10307853068036,60568.10392729158,56.22432514519958,0.6763511689186866,69.23394644553436,1.2036753739327775
mode_a_muB450p0_alpha1p0_xim0p20_1,uubar_to_uubar,t,full_process,-0.19,0.5,1.1974938181980348,0.07853123632929182,0.0,0.004282650780417362,0.0,162.14931960104707,54522.363708788755,36.894465748997966,0.6413085142499877,47.264234575864116,3.1263146447430508
mode_a_muB450p0_alpha1p0_xim0p20_1,uubar_to_uubar,t,full_process,-0.19,1.0,1.6974938181980348,0.10306614973140205,0.0,0.00465672320381813,0.0,94.13863469855946,46114.67493647357,21.419729926026804,0.5894514132887215,29.115767039117994,0.6357439007228276
mode_a_muB450p0_alpha1p0_xim0p20_1,uubar_to_uubar,t,full_process,-0.19,2.0,2.697493818198035,0.15109261036728094,0.0,0.005436116826662086,0.0,43.80397790262492,33839.383087013935,9.966889570517953,0.50494346261235,14.958576052832791,0.28245708503419553
mode_a_muB450p0_alpha1p0_xim0p20_1,uubar_to_ddbar,s,full_process,-0.21,0.0001,0.59403193425659,0.0007272876753916524,-0.00017367916364281852,0.003442499568099694,-1.1579617861966299e-6,1.7885510085449326e6,84382.45606927577,406488.65040844615,0.852495847917204,405344.2745370878,1466.345187631009
mode_a_muB450p0_alpha1p0_xim0p20_1,uubar_to_ddbar,s,full_process,-0.21,0.0005,0.5944319342565899,0.0006906839760525418,-0.0003886098809881497,0.0034421711032663663,-2.5908972561339564e-6,1.5921995104819995e6,84398.52275010051,361863.3335615302,0.8526182864594444,360895.5928105206,1306.6581728929525
mode_a_muB450p0_alpha1p0_xim0p20_1,uubar_to_ddbar,s,full_process,-0.21,0.001,0.59493193425659,0.000644933269877912,-0.0005500218926792517,0.003441760561462536,-3.6669385498096152e-6,1.391860113896252e6,84418.61048542253,316331.6766209167,0.8527713574995741,315541.442107389,1143.6591689838078
mode_a_muB450p0_alpha1p0_xim0p20_1,uubar_to_ddbar,s,full_process,-0.21,0.005,0.59893193425659,0.0002790133889591928,-0.0012378380705121528,0.0034384773234078987,-8.250606890985714e-6,621082.6917090164,84579.5111024375,141155.08248783211,0.8539970751919648,141001.6230559385,515.3747657880003
mode_a_muB450p0_alpha1p0_xim0p20_1,uubar_to_ddbar,s,full_process,-0.21,0.01,0.60393193425659,-0.00017819519591100175,-0.0017646233470970264,0.0034343758620716414,-1.1758367138721243e-5,317899.4137583254,84781.1421614176,72249.82851866898,0.8555321754445812,72298.94824094804,267.0278759989681
mode_a_muB450p0_alpha1p0_xim0p20_1,uubar_to_ddbar,s,full_process,-0.21,0.02,0.61393193425659,-0.001091990039382873,-0.002535306530236409,0.0034261814565474413,-1.6883835511211738e-5,131229.78207067738,85186.09949923458,29824.934683133535,0.8586122920696898,29950.94892809049,112.9101801909338
mode_a_muB450p0_alpha1p0_xim0p20_1,uubar_to_ddbar,s,full_process,-0.21,0.05,0.64393193425659,-0.0038284140653470633,-0.004197182088967751,0.0034016662169219555,-2.790188423337132e-5,30985.565558504088,86414.65252509237,7042.170262879904,0.8679324476416365,7147.459031092672,28.58074265527545
mode_a_muB450p0_alpha1p0_xim0p20_1,uubar_to_ddbar,s,full_process,-0.21,0.1,0.6939319342565899,-0.008372570930877066,-0.006379790285683432,0.003361033907896259,-4.22864364949931e-5,9025.134885705216,88508.60029771624,2051.165933718203,0.8837347595529996,2119.124420826388,9.290813585671877
mode_a_muB450p0_alpha1p0_xim0p20_1,uubar_to_ddbar,s,full_process,-0.21,0.2,0.79393193425659,-0.017398618066698956,-0.01027708384557147,0.003280617729387357,-6.771409366940804e-5,2448.9974065449665,92876.05474174794,556.5900250450031,0.916366476333258,595.9143496956143,3.1322693938660704
mode_a_muB450p0_alpha1p0_xim0p20_1,uubar_to_ddbar,s,full_process,-0.21,0.5,1.0939319342565899,-0.043974680950831235,-0.022182631720604237,0.003046141436829786,-0.00014350674874226128,412.2280501269042,107531.83234601485,93.68814361795546,1.0228281035678557,111.75680332256186,2.835173156972139
mode_a_muB450p0_alpha1p0_xim0p20_1,uubar_to_ddbar,s,full_process,-0.21,1.0,1.5939319342565899,-0.08657207948105494,-0.04525660939069685,0.0026777780111554178,-0.00028353402286037993,104.7901062431818,137914.16864240816,23.815920630412457,1.2302753196381275,34.058830607813505,1.0595062645611915
mode_a_muB450p0_alpha1p0_xim0p20_1,uubar_to_ddbar,s,full_process,-0.21,2.0,2.59393193425659,-0.16529006753265119,-0.102645874923851,0.0020235257340212197,-0.0005990410970068033,26.415206534791505,224542.1602790804,6.003452852778082,1.7381018609249024,12.036664993092266,0.5901477730034822
mode_a_muB450p0_alpha1p0_xim0p20_1,uubar_to_ddbar,t,full_process,-0.21,0.0001,0.59403193425659,0.056992935339775785,0.0,,,307.86332068541674,,279.875597928833,0.0,279.875597928833,1466.345187631009
mode_a_muB450p0_alpha1p0_xim0p20_1,uubar_to_ddbar,t,full_process,-0.21,0.0005,0.5944319342565899,0.05701321322459907,0.0,,,307.6443641869472,,279.6765466719536,0.0,279.6765466719536,1306.6581728929525
mode_a_muB450p0_alpha1p0_xim0p20_1,uubar_to_ddbar,t,full_process,-0.21,0.001,0.59493193425659,0.05703856006127095,0.0,,,307.37100248759356,,279.4280361677235,0.0,279.4280361677235,1143.6591689838078
mode_a_muB450p0_alpha1p0_xim0p20_1,uubar_to_ddbar,t,full_process,-0.21,0.005,0.59893193425659,0.05724131361304108,0.0,,,305.1973909402888,,277.45202671615044,0.0,277.45202671615044,515.3747657880003
mode_a_muB450p0_alpha1p0_xim0p20_1,uubar_to_ddbar,t,full_process,-0.21,0.01,0.60393193425659,0.057494702660422004,0.0,,,302.51320400916643,,275.01185807044084,0.0,275.01185807044084,267.0278759989681
mode_a_muB450p0_alpha1p0_xim0p20_1,uubar_to_ddbar,t,full_process,-0.21,0.02,0.61393193425659,0.05800130510280399,0.0,,,297.2517829886975,,270.2287505837144,0.0,270.2287505837144,112.9101801909338
mode_a_muB450p0_alpha1p0_xim0p20_1,uubar_to_ddbar,t,full_process,-0.21,0.05,0.64393193425659,0.05951972137293471,0.0,,,282.2787730084217,,256.61693053417343,0.0,256.61693053417343,28.58074265527545
mode_a_muB450p0_alpha1p0_xim0p20_1,uubar_to_ddbar,t,full_process,-0.21,0.1,0.6939319342565899,0.06204586993056116,0.0,,,259.76117723237587,,236.14639975541812,0.0,236.14639975541812,9.290813585671877
mode_a_muB450p0_alpha1p0_xim0p20_1,uubar_to_ddbar,t,full_process,-0.21,0.2,0.79393193425659,0.06708175356263268,0.0,,,222.2241155204375,,202.02181626255233,0.0,202.02181626255233,3.1322693938660704
mode_a_muB450p0_alpha1p0_xim0p20_1,uubar_to_ddbar,t,full_process,-0.21,0.5,1.0939319342565899,0.08206842280529869,0.0,,,148.47311682946022,,134.9754893063851,0.0,134.9754893063851,2.835173156972139
mode_a_muB450p0_alpha1p0_xim0p20_1,uubar_to_ddbar,t,full_process,-0.21,1.0,1.5939319342565899,0.10669196058424402,0.0,,,87.84895673010007,,79.8626456621132,0.0,79.8626456621132,1.0595062645611915
mode_a_muB450p0_alpha1p0_xim0p20_1,uubar_to_ddbar,t,full_process,-0.21,2.0,2.59393193425659,0.15482752777853925,0.0,,,41.716094401730906,,37.92370210893114,0.0,37.92370210893114,0.5901477730034822
mode_a_muB450p0_alpha1p0_xim0p20_1,uubar_to_ddbar,s,full_process,-0.2,0.0001,0.6437029450806269,-0.005781114819456423,-0.00018826194169045508,0.0033840461406324084,-1.2505442829837778e-6,29889.35160998931,87322.74691737888,6796.889004561694,0.8761816547105399,6952.022849548501,27.91736407994178
mode_a_muB450p0_alpha1p0_xim0p20_1,uubar_to_ddbar,s,full_process,-0.2,0.0005,0.6441029450806268,-0.005817676078667233,-0.0004212183836428868,0.0033837197592760356,-2.7979096432486637e-6,29392.072118692577,87339.54561311792,6683.806808912689,0.8763091525586741,6837.337439415124,27.477874229018667
mode_a_muB450p0_alpha1p0_xim0p20_1,uubar_to_ddbar,s,full_process,-0.2,0.001,0.6446029450806269,-0.005863373698731245,-0.0005961380211182506,0.003383311821943804,-3.9596834796894715e-6,28789.793668911287,87360.54860014086,6546.847672882735,0.8764685489102516,6698.42965966437,26.945413338448347
mode_a_muB450p0_alpha1p0_xim0p20_1,uubar_to_ddbar,s,full_process,-0.2,0.005,0.6486029450806269,-0.006228868528948661,-0.0013409701291370434,0.003380049419279198,-8.904939719176121e-6,24632.359547022457,87528.78206418986,5601.440136480598,0.8777449297529399,5739.3360894431935,23.263977162183586
mode_a_muB450p0_alpha1p0_xim0p20_1,uubar_to_ddbar,s,full_process,-0.2,0.01,0.6536029450806269,-0.006685544786429354,-0.0019104975164266594,0.003375974002518968,-1.2683265282047545e-5,20684.016345109252,87739.60664813328,4703.580228192785,0.8793435135703078,4827.999749363775,19.755602072093843
mode_a_muB450p0_alpha1p0_xim0p20_1,uubar_to_ddbar,s,full_process,-0.2,0.02,0.6636029450806269,-0.007598271536877865,-0.0027416698483521415,0.0033678316880163426,-1.819051362573818e-5,15325.55684105568,88163.04315338712,3485.057492747528,0.8825511157968711,3590.0696622910623,14.96616338712889
mode_a_muB450p0_alpha1p0_xim0p20_1,uubar_to_ddbar,s,full_process,-0.2,0.05,0.6936029450806269,-0.010331463945311148,-0.0045237829479180605,0.003343472735349124,-2.9961623439497574e-5,7861.402875304593,89447.77743881935,1787.6962826363115,0.8922579006751069,1861.4686607513324,8.190855680121905
mode_a_muB450p0_alpha1p0_xim0p20_1,uubar_to_ddbar,s,full_process,-0.2,0.1,0.7436029450806269,-0.014870144271972086,-0.006842400638485017,0.0033031009437966006,-4.518443466832697e-5,3732.183899978395,91637.88301020287,848.7049181852475,0.9087186435224961,899.7481547409157,4.316382038016179
mode_a_muB450p0_alpha1p0_xim0p20_1,uubar_to_ddbar,s,full_process,-0.2,0.2,0.8436029450806268,-0.02388490238630414,-0.010933327917288526,0.0032232058996566615,-7.176997217140044e-5,1449.2202891119236,96207.4336899064,329.55513979636606,0.9427208705732929,362.21685062202334,2.0849922373599985
mode_a_muB450p0_alpha1p0_xim0p20_1,uubar_to_ddbar,s,full_process,-0.2,0.5,1.1436029450806269,-0.05042447779487258,-0.023229271857258964,0.002990292880505496,-0.00014971398834522106,324.44073381001124,111554.03280996141,73.77837047252115,1.0537377180703893,90.45970395433639,3.0409373475923234
mode_a_muB450p0_alpha1p0_xim0p20_1,uubar_to_ddbar,s,full_process,-0.2,1.0,1.6436029450806269,-0.09295278772670579,-0.04675562205066474,0.002624528455534424,-0.00029181004244492224,92.36758396488192,143404.0713420136,21.004544495338752,1.270246345374123,30.934244450991613,0.9911533241895727
mode_a_muB450p0_alpha1p0_xim0p20_1,uubar_to_ddbar,s,full_process,-0.2,2.0,2.6436029450806267,-0.17150509123173485,-0.10480684025808402,0.0019754074335977057,-0.0006092463787593244,24.75341264009026,234004.8511952413,5.62896781416233,1.798147037481669,11.63751803206414,0.5832252033594301
mode_a_muB450p0_alpha1p0_xim0p20_1,uubar_to_ddbar,t,full_process,-0.2,0.0001,0.6437029450806269,0.055254218470881744,0.0,,,327.54360071546273,,297.9358705758573,0.0,297.9358705758573,27.91736407994178
mode_a_muB450p0_alpha1p0_xim0p20_1,uubar_to_ddbar,t,full_process,-0.2,0.0005,0.6441029450806268,0.05527443340477578,0.0,,,327.30406641129474,,297.7179885556033,0.0,297.7179885556033,27.477874229018667
mode_a_muB450p0_alpha1p0_xim0p20_1,uubar_to_ddbar,t,full_process,-0.2,0.001,0.6446029450806269,0.0552997015871749,0.0,,,327.0050235913908,,297.445977187673,0.0,297.445977187673,26.945413338448347
mode_a_muB450p0_alpha1p0_xim0p20_1,uubar_to_ddbar,t,full_process,-0.2,0.005,0.6486029450806269,0.055501827264662906,0.0,,,324.6275970705381,,295.2834539734401,0.0,295.2834539734401,23.263977162183586
mode_a_muB450p0_alpha1p0_xim0p20_1,uubar_to_ddbar,t,full_process,-0.2,0.01,0.6536029450806269,0.055754434845441514,0.0,,,321.6926691106455,,292.6138236863637,0.0,292.6138236863637,19.755602072093843
mode_a_muB450p0_alpha1p0_xim0p20_1,uubar_to_ddbar,t,full_process,-0.2,0.02,0.6636029450806269,0.05625948548395898,0.0,,,315.9428183349774,,287.3837206014984,0.0,287.3837206014984,14.96616338712889
mode_a_muB450p0_alpha1p0_xim0p20_1,uubar_to_ddbar,t,full_process,-0.2,0.05,0.6936029450806269,0.05777333315413136,0.0,,,299.602305765716,,272.5202800478002,0.0,272.5202800478002,8.190855680121905
mode_a_muB450p0_alpha1p0_xim0p20_1,uubar_to_ddbar,t,full_process,-0.2,0.1,0.7436029450806269,0.06029214289959406,0.0,,,275.09237980588887,,250.22588591938418,0.0,250.22588591938418,4.316382038016179
mode_a_muB450p0_alpha1p0_xim0p20_1,uubar_to_ddbar,t,full_process,-0.2,0.2,0.8436029450806268,0.06531429043944326,0.0,,,234.41401515767862,,213.22457080105062,0.0,213.22457080105062,2.0849922373599985
mode_a_muB450p0_alpha1p0_xim0p20_1,uubar_to_ddbar,t,full_process,-0.2,0.5,1.1436029450806269,0.08026590004261713,0.0,,,155.21648353454114,,141.18596134552305,0.0,141.18596134552305,3.0409373475923234
mode_a_muB450p0_alpha1p0_xim0p20_1,uubar_to_ddbar,t,full_process,-0.2,1.0,1.6436029450806269,0.1048457381973823,0.0,,,90.97005061687582,,82.7469722127568,0.0,82.7469722127568,0.9911533241895727
mode_a_muB450p0_alpha1p0_xim0p20_1,uubar_to_ddbar,t,full_process,-0.2,2.0,2.6436029450806267,0.15292812496118402,0.0,,,42.758776772256944,,38.893672031980294,0.0,38.893672031980294,0.5832252033594301
mode_a_muB450p0_alpha1p0_xim0p20_1,uubar_to_ddbar,s,full_process,-0.19,0.0001,0.6975938181980347,-0.012627375197292734,-0.0002040844568829255,0.0033225134129457735,-1.350418498253512e-6,6269.896936444046,90587.11791605687,1426.6140514220963,0.9024630605660269,1499.269232784445,6.693251865608408
mode_a_muB450p0_alpha1p0_xim0p20_1,uubar_to_ddbar,s,full_process,-0.19,0.0005,0.6979938181980346,-0.01266388448816258,-0.00045659900542388386,0.0033221892420070413,-3.021226019910199e-6,6227.330455068975,90604.7373440057,1416.9287342526327,0.9025962219591902,1489.3063416469677,6.653369598584394
mode_a_muB450p0_alpha1p0_xim0p20_1,uubar_to_ddbar,s,full_process,-0.19,0.001,0.6984938181980347,-0.012709517110072843,-0.0006461744872447399,0.0033217840678260216,-4.275484338467007e-6,6174.769440302008,90626.76650887159,1404.969322003297,0.9027626990658757,1477.0034037668236,6.604104324270082
mode_a_muB450p0_alpha1p0_xim0p20_1,uubar_to_ddbar,s,full_process,-0.19,0.005,0.7024938181980347,-0.013074491592909299,-0.0014528677780634126,0.003318543769793051,-9.610802225262525e-6,5778.57132325222,90803.22162063971,1314.8208224889324,0.9040957942142323,1384.2364926274329,6.23204603262012
mode_a_muB450p0_alpha1p0_xim0p20_1,uubar_to_ddbar,s,full_process,-0.19,0.01,0.7074938181980347,-0.013530516381522695,-0.002068767125491692,0.0033144959838196297,-1.3680993276119049e-5,5337.470343396036,91024.354251726,1214.4553998451952,0.90576544486737,1280.8900678913865,5.8162328603039635
mode_a_muB450p0_alpha1p0_xim0p20_1,uubar_to_ddbar,s,full_process,-0.19,0.02,0.7174938181980347,-0.014441936652147547,-0.0029655601907088492,0.0033064089318651153,-1.960006382656813e-5,4600.576107405029,91468.51076413515,1046.786986451338,0.909115763889271,1108.058112145276,5.117232354501412
mode_a_muB450p0_alpha1p0_xim0p20_1,uubar_to_ddbar,s,full_process,-0.19,0.05,0.7474938181980347,-0.017171181397414026,-0.004878083158982318,0.0032822157739384322,-3.2183424222996006e-5,3138.2870573622267,92816.24399360118,714.0666678913813,0.9192553910637895,764.1368437254048,3.708635998402422
mode_a_muB450p0_alpha1p0_xim0p20_1,uubar_to_ddbar,s,full_process,-0.19,0.1,0.7974938181980347,-0.02170318886025724,-0.007344151752851252,0.003242120323135039,-4.831021842856098e-5,1904.8890001428235,95114.19254401977,433.4268077370228,0.9364533304627187,472.3337114428071,2.4878409389478735
mode_a_muB450p0_alpha1p0_xim0p20_1,uubar_to_ddbar,s,full_process,-0.19,0.2,0.8974938181980348,-0.030704254926506858,-0.011644831277224944,0.0031627779687361146,-7.614398959549494e-5,927.339804805606,99910.45638570892,211.00123485107727,0.9719902163175353,238.5016843221862,1.5132336357081202
mode_a_muB450p0_alpha1p0_xim0p20_1,uubar_to_ddbar,s,full_process,-0.19,0.5,1.1974938181980348,-0.057200061901969246,-0.02436279664649288,0.002931522064811176,-0.00015640496217635567,258.7059103687087,116032.37779937705,58.86436262974008,1.0881081472303578,74.32363147907749,3.2668076989265353
mode_a_muB450p0_alpha1p0_xim0p20_1,uubar_to_ddbar,s,full_process,-0.19,1.0,1.6974938181980348,-0.09964697702909975,-0.0483761851753487,0.00256850972696957,-0.0003007233886816886,81.50108487419763,149528.75771181725,18.54425903109274,1.3147464219244527,28.18105977810965,0.9308468036248271
mode_a_muB450p0_alpha1p0_xim0p20_1,uubar_to_ddbar,s,full_process,-0.19,2.0,2.697493818198035,-0.17800876998708537,-0.10713526103446472,0.0019248102881506768,-0.000620215412653629,23.166871297540077,244524.975549462,5.271248388223374,1.864616676687219,11.257587608705183,0.5770427277517305
mode_a_muB450p0_alpha1p0_xim0p20_1,uubar_to_ddbar,t,full_process,-0.19,0.0001,0.6975938181980347,0.05358398250503471,0.0,,,348.281192823569,,316.9831010395768,0.0,316.9831010395768,6.693251865608408
mode_a_muB450p0_alpha1p0_xim0p20_1,uubar_to_ddbar,t,full_process,-0.19,0.0005,0.6979938181980346,0.053604134601439424,0.0,,,348.01937433027416,,316.74481071662984,0.0,316.74481071662984,6.653369598584394
mode_a_muB450p0_alpha1p0_xim0p20_1,uubar_to_ddbar,t,full_process,-0.19,0.001,0.6984938181980347,0.05362932426910527,0.0,,,347.69252204595074,,316.44733082738645,0.0,316.44733082738645,6.604104324270082
mode_a_muB450p0_alpha1p0_xim0p20_1,uubar_to_ddbar,t,full_process,-0.19,0.005,0.7024938181980347,0.053830823098109604,0.0,,,345.0944375706573,,314.0827217393542,0.0,314.0827217393542,6.23204603262012
mode_a_muB450p0_alpha1p0_xim0p20_1,uubar_to_ddbar,t,full_process,-0.19,0.01,0.7074938181980347,0.05408265027080317,0.0,,,341.88816611503756,,311.1645800489074,0.0,311.1645800489074,5.8162328603039635
mode_a_muB450p0_alpha1p0_xim0p20_1,uubar_to_ddbar,t,full_process,-0.19,0.02,0.7174938181980347,0.05458615049376736,0.0,,,335.6101319643715,,305.450717875137,0.0,305.450717875137,5.117232354501412
mode_a_muB450p0_alpha1p0_xim0p20_1,uubar_to_ddbar,t,full_process,-0.19,0.05,0.7474938181980347,0.05609542820633573,0.0,,,317.7935400631728,,289.23520389629425,0.0,289.23520389629425,3.708635998402422
mode_a_muB450p0_alpha1p0_xim0p20_1,uubar_to_ddbar,t,full_process,-0.19,0.1,0.7974938181980347,0.05860688032898553,0.0,,,291.14061253923296,,264.977426581854,0.0,264.977426581854,2.4878409389478735
mode_a_muB450p0_alpha1p0_xim0p20_1,uubar_to_ddbar,t,full_process,-0.19,0.2,0.8974938181980348,0.06361520367058748,0.0,,,247.10307853068036,,224.89730058079843,0.0,224.89730058079843,1.5132336357081202
mode_a_muB450p0_alpha1p0_xim0p20_1,uubar_to_ddbar,t,full_process,-0.19,0.5,1.1974938181980348,0.07853123632929182,0.0,,,162.14931960104707,,147.57786299599192,0.0,147.57786299599192,3.2668076989265353
mode_a_muB450p0_alpha1p0_xim0p20_1,uubar_to_ddbar,t,full_process,-0.19,1.0,1.6974938181980348,0.10306614973140205,0.0,,,94.13863469855946,,85.67891970410726,0.0,85.67891970410726,0.9308468036248271
mode_a_muB450p0_alpha1p0_xim0p20_1,uubar_to_ddbar,t,full_process,-0.19,2.0,2.697493818198035,0.15109261036728094,0.0,,,43.80397790262492,,39.867558282071826,0.0,39.867558282071826,0.5770427277517305
mode_b_T200p0_muB0p0_xim0p21_1,dubar_to_dubar,s,full_process,-0.22,0.0001,0.5645233284670114,0.0007030168716865015,-0.0001947681500614733,,,1.87910812678329e6,,1.6926597216576154e6,0.0,1.6926597216576154e6,7181.958799759733
mode_b_T200p0_muB0p0_xim0p21_1,dubar_to_dubar,s,full_process,-0.22,0.0005,0.5649233284670113,0.0006644089006959675,-0.00043580621739317975,,,1.5838667423773229e6,,1.4267127053963866e6,0.0,1.4267127053963866e6,6058.28842512458
mode_b_T200p0_muB0p0_xim0p21_1,dubar_to_dubar,s,full_process,-0.22,0.001,0.5654233284670114,0.0006161542058764624,-0.0006168381644151633,,,1.31555522436597e6,,1.1850235269390787e6,0.0,1.1850235269390787e6,5036.92253849518
mode_b_T200p0_muB0p0_xim0p21_1,dubar_to_dubar,s,full_process,-0.22,0.005,0.5694233284670114,0.00023024542990801589,-0.0013885050933531739,,,504805.915809689,,454718.187190336,0.0,454718.187190336,1947.8999600156963
mode_b_T200p0_muB0p0_xim0p21_1,dubar_to_dubar,s,full_process,-0.22,0.01,0.5744233284670114,-0.0002518456684572623,-0.001979924327467507,,,251033.84629407598,,226125.8276404444,0.0,226125.8276404444,978.0809697031273
mode_b_T200p0_muB0p0_xim0p21_1,dubar_to_dubar,s,full_process,-0.22,0.02,0.5844233284670114,-0.0012150635431251722,-0.0028460640997843823,,,104422.71689092006,,94061.71171739603,0.0,94061.71171739603,414.69929680114444
mode_b_T200p0_muB0p0_xim0p21_1,dubar_to_dubar,s,full_process,-0.22,0.05,0.6144233284670114,-0.0040970403539737354,-0.004718062904328186,,,25610.911653867155,,23069.752066710673,0.0,23069.752066710673,107.51207460468154
mode_b_T200p0_muB0p0_xim0p21_1,dubar_to_dubar,s,full_process,-0.22,0.1,0.6644233284670114,-0.008874839932034861,-0.007184909713360768,,,7669.552048290468,,6908.565638274526,0.0,6908.565638274526,35.12228516470356
mode_b_T200p0_muB0p0_xim0p21_1,dubar_to_dubar,s,full_process,-0.22,0.2,0.7644233284670114,-0.018335418896072708,-0.01160355871748796,,,2123.9081155425847,,1913.1702260447537,0.0,1913.1702260447537,11.381579948930291
mode_b_T200p0_muB0p0_xim0p21_1,dubar_to_dubar,s,full_process,-0.22,0.5,1.0644233284670115,-0.04596824777786801,-0.025100527890887136,,,364.54888860538495,,328.3777082980635,0.0,328.3777082980635,2.860796194778126
mode_b_T200p0_muB0p0_xim0p21_1,dubar_to_dubar,s,full_process,-0.22,1.0,1.5644233284670115,-0.08959799695914072,-0.05101319995008453,,,94.07207077196561,,84.73807486597553,0.0,84.73807486597553,1.1856366229493023
mode_b_T200p0_muB0p0_xim0p21_1,dubar_to_dubar,s,full_process,-0.22,2.0,2.5644233284670115,-0.16825056222049128,-0.1140523803378917,,,24.20358283246172,,21.80206088004163,0.0,21.80206088004163,0.6304967067449607
mode_b_T200p0_muB0p0_xim0p21_1,dubar_to_dubar,t,full_process,-0.22,0.0001,0.5645233284670114,0.057822645782384274,0.0,0.003987543877027635,0.0,299.0915066824005,62891.07964436809,67.35378066266476,0.7234801257169987,54.11601131688532,7181.958799759733
mode_b_T200p0_muB0p0_xim0p21_1,dubar_to_dubar,t,full_process,-0.22,0.0005,0.5649233284670113,0.0578441947484738,0.0,0.003987846732680673,0.0,298.868704299229,62881.527524130375,67.30360677771013,0.7234221471549718,54.07153972148639,6058.28842512458
mode_b_T200p0_muB0p0_xim0p21_1,dubar_to_dubar,t,full_process,-0.22,0.001,0.5654233284670114,0.05787113028034785,0.0,0.003988225311787565,0.0,298.59055821731675,62869.59013303342,67.24096979279155,0.7233496857324982,54.016024332813345,5036.92253849518
mode_b_T200p0_muB0p0_xim0p21_1,dubar_to_dubar,t,full_process,-0.22,0.005,0.5694233284670114,0.05808658708541159,0.0,0.00399125431378178,0.0,296.3795812215453,62774.2016468461,66.74306979798656,0.722770466398191,53.57484754438987,1947.8999600156963
mode_b_T200p0_muB0p0_xim0p21_1,dubar_to_dubar,t,full_process,-0.22,0.01,0.5744233284670114,0.058355839447703284,0.0,0.0039950414853429225,0.0,293.65091504303695,62655.242187355354,66.12858901473894,0.7220476206023364,53.030652503384815,978.0809697031273
mode_b_T200p0_muB0p0_xim0p21_1,dubar_to_dubar,t,full_process,-0.22,0.02,0.5844233284670114,0.058894116281574815,0.0,0.004002618892471177,0.0,288.307659854484,62418.23991436199,64.92531700616067,0.7206058423771112,51.96592829403223,414.69929680114444
mode_b_T200p0_muB0p0_xim0p21_1,dubar_to_dubar,t,full_process,-0.22,0.05,0.6144233284670114,0.06050714306389082,0.0,0.004025375692028351,0.0,273.1408803960086,61714.49230291201,61.509840758318205,0.7163115360277512,48.95057946084257,107.51207460468154
mode_b_T200p0_muB0p0_xim0p21_1,dubar_to_dubar,t,full_process,-0.22,0.1,0.6644233284670114,0.06318963365043928,0.0,0.004063386067226558,0.0,250.44266988626495,60565.29344144759,56.39832719825019,0.7092559713542126,44.45833807912606,35.12228516470356
mode_b_T200p0_muB0p0_xim0p21_1,dubar_to_dubar,t,full_process,-0.22,0.2,0.7644233284670114,0.06853339476290154,0.0,0.004139718671054251,0.0,212.90973050776174,58352.349037182525,47.94611337724993,0.6955129247885176,37.09222951307099,11.381579948930291
mode_b_T200p0_muB0p0_xim0p21_1,dubar_to_dubar,t,full_process,-0.22,0.5,1.0644233284670115,0.08440885451673663,0.0,0.004371251828228039,0.0,140.3537390140415,52334.53214844953,31.60689869664201,0.6569970185567438,23.150029749645203,2.860796194778126
mode_b_T200p0_muB0p0_xim0p21_1,dubar_to_dubar,t,full_process,-0.22,1.0,1.5644233284670115,0.11041417137274756,0.0,0.00476570856277221,0.0,82.02577925267103,44029.63032830273,18.47175938143637,0.600579941466548,12.41087757097873,1.1856366229493023
mode_b_T200p0_muB0p0_xim0p21_1,dubar_to_dubar,t,full_process,-0.22,2.0,2.5644233284670115,0.16101197777645315,0.0,0.00558654826737168,0.0,38.57301895562007,32041.50369946027,8.686434085179345,0.5100359206354761,4.986770061318146,0.6304967067449607
mode_b_T200p0_muB0p0_xim0p21_1,dubar_to_dubar,s,full_process,-0.21,0.0001,0.6078799565297456,-0.005293935891435897,-0.00020958786140192858,,,35625.62334211115,,32108.406621147835,0.0,32108.406621147835,147.7751736685322
mode_b_T200p0_muB0p0_xim0p21_1,dubar_to_dubar,s,full_process,-0.21,0.0005,0.6082799565297455,-0.005332452826849021,-0.00046894395399605055,,,34897.97036086887,,31452.592754357636,0.0,31452.592754357636,144.8628555177003
mode_b_T200p0_muB0p0_xim0p21_1,dubar_to_dubar,s,full_process,-0.21,0.001,0.6087799565297456,-0.005380593710233583,-0.0006637017439581136,,,34023.68677683005,,30664.62470818667,0.0,30664.62470818667,141.3628487297999
mode_b_T200p0_muB0p0_xim0p21_1,dubar_to_dubar,s,full_process,-0.21,0.005,0.6127799565297456,-0.005765592074080006,-0.001493290643663374,,,28191.27414395536,,25408.02962772012,0.0,25408.02962772012,117.98685697918637
mode_b_T200p0_muB0p0_xim0p21_1,dubar_to_dubar,s,full_process,-0.21,0.01,0.6177799565297456,-0.006246545099861445,-0.0021281053361079673,,,22963.08376253757,,20696.00365003325,0.0,20696.00365003325,96.97892586982302
mode_b_T200p0_muB0p0_xim0p21_1,dubar_to_dubar,s,full_process,-0.21,0.02,0.6277799565297456,-0.007207486488185033,-0.003055600640045866,,,16317.324511273035,,14706.361355307743,0.0,14706.361355307743,70.15543096966299
mode_b_T200p0_muB0p0_xim0p21_1,dubar_to_dubar,s,full_process,-0.21,0.05,0.6577799565297456,-0.010082631135623243,-0.005049259482467228,,,7864.450103532687,,7088.015256633381,0.0,7088.015256633381,35.61922688455788
mode_b_T200p0_muB0p0_xim0p21_1,dubar_to_dubar,s,full_process,-0.21,0.1,0.7077799565297456,-0.01484903512059721,-0.0076530316118565795,,,3583.4236101699926,,3229.642363482737,0.0,3229.642363482737,17.61604537890734
mode_b_T200p0_muB0p0_xim0p21_1,dubar_to_dubar,s,full_process,-0.21,0.2,0.8077799565297457,-0.02428679237166098,-0.012264834903238028,,,1350.8503339090253,,1217.4847128694298,0.0,1217.4847128694298,7.708339775752423
mode_b_T200p0_muB0p0_xim0p21_1,dubar_to_dubar,s,full_process,-0.21,0.5,1.1077799565297455,-0.05185094582363514,-0.02614242401547995,,,296.5645737756083,,267.28559477467525,0.0,267.28559477467525,2.4410922888507196
mode_b_T200p0_muB0p0_xim0p21_1,dubar_to_dubar,s,full_process,-0.21,1.0,1.6077799565297455,-0.09536573738440968,-0.05247749157540247,,,84.39879077930165,,76.06633760908218,0.0,76.06633760908218,1.1021755903976445
mode_b_T200p0_muB0p0_xim0p21_1,dubar_to_dubar,s,full_process,-0.21,2.0,2.6077799565297455,-0.17378775103048727,-0.11609518818954166,,,22.89362869273896,,20.633405682228414,0.0,20.633405682228414,0.612196320183345
mode_b_T200p0_muB0p0_xim0p21_1,dubar_to_dubar,t,full_process,-0.21,0.0001,0.6078799565297456,0.05624578453863038,0.0,0.003971345943209411,0.0,316.0967584936469,63405.15374329825,71.22235557731173,0.7281856021038221,57.54733405331795,147.7751736685322
mode_b_T200p0_muB0p0_xim0p21_1,dubar_to_dubar,t,full_process,-0.21,0.0005,0.6082799565297455,0.056267264694552566,0.0,0.003971647685196497,0.0,315.8554632508959,63395.51982214958,71.1679873653117,0.728127094663973,57.498984207958536,144.8628555177003
mode_b_T200p0_muB0p0_xim0p21_1,dubar_to_dubar,t,full_process,-0.21,0.001,0.6087799565297456,0.056294114253361394,0.0,0.003972024872420681,0.0,315.5542396670198,63383.480197241195,71.10011620680527,0.7280539721910291,57.438629251279615,141.3628487297999
mode_b_T200p0_muB0p0_xim0p21_1,dubar_to_dubar,t,full_process,-0.21,0.005,0.6127799565297456,0.056508884842839224,0.0,0.0039750427472507325,0.0,313.1601743158119,63287.27454111842,70.56068968901467,0.7274694663906106,56.95906326261135,117.98685697918637
mode_b_T200p0_muB0p0_xim0p21_1,dubar_to_dubar,t,full_process,-0.21,0.01,0.6177799565297456,0.05677728332947207,0.0,0.003978816029429182,0.0,310.20642074997886,63167.29537601996,69.89515522496009,0.7267400174328895,56.36768795799277,96.97892586982302
mode_b_T200p0_muB0p0_xim0p21_1,dubar_to_dubar,t,full_process,-0.21,0.02,0.6277799565297456,0.05731386523502546,0.0,0.003986365722086467,0.0,304.42520253887017,62928.25956749321,68.59254149028003,0.725285049659074,55.21121179918435,70.15543096966299
mode_b_T200p0_muB0p0_xim0p21_1,dubar_to_dubar,t,full_process,-0.21,0.05,0.6577799565297456,0.05892190702337996,0.0,0.004009039875673915,0.0,288.0357611795067,62218.45865630368,64.89970191238375,0.7209513152774442,51.940079342791144,35.61922688455788
mode_b_T200p0_muB0p0_xim0p21_1,dubar_to_dubar,t,full_process,-0.21,0.1,0.7077799565297456,0.061596404575426256,0.0,0.004046914060932614,0.0,263.5659324889043,61059.330227017024,59.38620393086929,0.71383054424648,47.078254831348964,17.61604537890734
mode_b_T200p0_muB0p0_xim0p21_1,dubar_to_dubar,t,full_process,-0.21,0.2,0.8077799565297457,0.06692524790258503,0.0,0.004122979424797582,0.0,223.26467940191884,58827.13054119147,50.305597754295114,0.6999592190331944,39.13763939405697,7.708339775752423
mode_b_T200p0_muB0p0_xim0p21_1,dubar_to_dubar,t,full_process,-0.21,0.5,1.1077799565297455,0.08276280343954678,0.0,0.00435374193535182,0.0,145.9921867254374,52756.337023091444,32.89469807921921,0.6610782843205275,24.229261351070832,2.4410922888507196
mode_b_T200p0_muB0p0_xim0p21_1,dubar_to_dubar,t,full_process,-0.21,1.0,1.6077799565297455,0.1087208617808455,0.0,0.004746978201990453,0.0,84.60075281752508,44377.775120836486,19.062090127061914,0.6041237780947235,12.879208112926083,1.1021755903976445
mode_b_T200p0_muB0p0_xim0p21_1,dubar_to_dubar,t,full_process,-0.21,2.0,2.6077799565297455,0.15925939188512372,0.0,0.005565486928748137,0.0,39.42665147794208,32284.47034469118,8.88354250820694,0.512742561660995,5.12780977192729,0.612196320183345
mode_b_T200p0_muB0p0_xim0p21_1,dubar_to_dubar,s,full_process,-0.2,0.0001,0.6543327630906971,-0.011532320807343233,-0.0002254306422767599,,,7516.240217462399,,6777.951286611437,0.0,6777.951286611437,33.864206843148736
mode_b_T200p0_muB0p0_xim0p21_1,dubar_to_dubar,s,full_process,-0.2,0.0005,0.6547327630906971,-0.011570735601719173,-0.0005043692796023035,,,7455.102906288149,,6722.819238546759,0.0,6722.819238546759,33.61171513822137
mode_b_T200p0_muB0p0_xim0p21_1,dubar_to_dubar,s,full_process,-0.2,0.001,0.6552327630906971,-0.011618748792270761,-0.0007138003497236493,,,7379.810500146809,,6654.922491461525,0.0,6654.922491461525,33.30066900158415
mode_b_T200p0_muB0p0_xim0p21_1,dubar_to_dubar,s,full_process,-0.2,0.005,0.6592327630906971,-0.01200272574774508,-0.0016053079087143055,,,6819.308297052282,,6149.476082260004,0.0,6149.476082260004,30.981611230473902
mode_b_T200p0_muB0p0_xim0p21_1,dubar_to_dubar,s,full_process,-0.2,0.01,0.6642327630906971,-0.012482402059990294,-0.0022865099585921804,,,6209.695622123406,,5599.743118062078,0.0,5599.743118062078,28.451467661355544
mode_b_T200p0_muB0p0_xim0p21_1,dubar_to_dubar,s,full_process,-0.2,0.02,0.6742327630906971,-0.013440789983003576,-0.0032795854526539393,,,5224.373353830359,,4711.2049469978665,0.0,4711.2049469978665,24.340585199868695
mode_b_T200p0_muB0p0_xim0p21_1,dubar_to_dubar,s,full_process,-0.2,0.05,0.7042327630906972,-0.01630827386396927,-0.0054032530135679525,,,3388.0510403170906,,3055.2569161467322,0.0,3055.2569161467322,16.57428740565432
mode_b_T200p0_muB0p0_xim0p21_1,dubar_to_dubar,s,full_process,-0.2,0.1,0.7542327630906971,-0.021061908924120187,-0.008153281336252002,,,1960.4767722888162,,1767.9073149145588,0.0,1767.9073149145588,10.359816858197991
mode_b_T200p0_muB0p0_xim0p21_1,dubar_to_dubar,s,full_process,-0.2,0.2,0.8542327630906972,-0.03047412616478118,-0.01297123357704361,,,911.6391343877547,,822.0926241145204,0.0,822.0926241145204,5.548415911414896
mode_b_T200p0_muB0p0_xim0p21_1,dubar_to_dubar,s,full_process,-0.2,0.5,1.1542327630906972,-0.057961668921523435,-0.027254222446990696,,,243.76285771531116,,219.81904878997767,0.0,219.81904878997767,2.108452766406751
mode_b_T200p0_muB0p0_xim0p21_1,dubar_to_dubar,s,full_process,-0.2,1.0,1.6542327630906972,-0.10134896405006555,-0.0540374287273502,,,75.80549276856883,,68.35943535295901,0.0,68.35943535295901,1.0274210821924052
mode_b_T200p0_muB0p0_xim0p21_1,dubar_to_dubar,s,full_process,-0.2,2.0,2.6542327630906972,-0.17951762209231736,-0.11826506593900753,,,21.63883796617406,,19.513345155315143,0.0,19.513345155315143,0.5946448118004203
mode_b_T200p0_muB0p0_xim0p21_1,dubar_to_dubar,t,full_process,-0.2,0.0001,0.6543327630906971,0.054739742910765776,0.0,0.003955493042690274,0.0,333.72941965711897,63914.404966704526,75.23714263714436,0.7329161988795222,61.11845682194173,33.864206843148736
mode_b_T200p0_muB0p0_xim0p21_1,dubar_to_dubar,t,full_process,-0.2,0.0005,0.6547327630906971,0.05476115391267977,0.0,0.0039557937012332355,0.0,333.4685016949959,63904.68975754303,75.17832036743573,0.7328571491640447,61.0659803749758,33.61171513822137
mode_b_T200p0_muB0p0_xim0p21_1,dubar_to_dubar,t,full_process,-0.2,0.001,0.6552327630906971,0.05478791706605057,0.0,0.0039561695343314045,0.0,333.1427915989276,63892.54854038401,75.10489112951753,0.7327833489040094,61.00047613898306,33.30066900158415
mode_b_T200p0_muB0p0_xim0p21_1,dubar_to_dubar,t,full_process,-0.2,0.005,0.6592327630906971,0.055001997878297515,0.0,0.00395917658322733,0.0,330.5544971366706,63795.53086432068,74.52137685665596,0.7321934231707012,60.48007211316772,30.981611230473902
mode_b_T200p0_muB0p0_xim0p21_1,dubar_to_dubar,t,full_process,-0.2,0.01,0.6642327630906971,0.05526953778370913,0.0,0.003962936350522581,0.0,327.3620523367472,63674.538474062414,73.80166079140817,0.7314572052737729,59.83852626406868,28.451467661355544
mode_b_T200p0_muB0p0_xim0p21_1,dubar_to_dubar,t,full_process,-0.2,0.02,0.6742327630906971,0.055804414525382984,0.0,0.003970459071052792,0.0,321.116696875218,63433.4822285789,72.3936857313686,0.7299887198527424,58.58454463235481,24.340585199868695
mode_b_T200p0_muB0p0_xim0p21_1,dubar_to_dubar,t,full_process,-0.2,0.05,0.7042327630906972,0.057407434386912315,0.0,0.003993052754953397,0.0,303.43363779008655,62717.66831658916,68.40715424722177,0.7256145996287198,55.04203006695141,16.57428740565432
mode_b_T200p0_muB0p0_xim0p21_1,dubar_to_dubar,t,full_process,-0.2,0.1,0.7542327630906971,0.060073858821473314,0.0,0.004030794223300066,0.0,277.09516049231416,61548.68024582353,62.46931461853809,0.7184271071655984,49.78928674193576,10.359816858197991
mode_b_T200p0_muB0p0_xim0p21_1,dubar_to_dubar,t,full_process,-0.2,0.2,0.8542327630906972,0.06538756844165183,0.0,0.004106598808534232,0.0,233.88890721985052,59297.37201084019,52.72874381834663,0.7044247346332524,41.24408632800764,5.548415911414896
mode_b_T200p0_muB0p0_xim0p21_1,dubar_to_dubar,t,full_process,-0.2,0.5,1.1542327630906972,0.08118630199793042,0.0,0.0043366073862519125,0.0,151.71708161541687,53174.05612720866,34.20363635222263,0.6651719939159665,25.329143573918444,2.108452766406751
mode_b_T200p0_muB0p0_xim0p21_1,dubar_to_dubar,t,full_process,-0.2,1.0,1.6542327630906972,0.10709521921203524,0.0,0.004728645981013129,0.0,87.18862560835498,44722.53350330427,19.65611263152079,0.6076719830587539,13.351630408538576,1.0274210821924052
mode_b_T200p0_muB0p0_xim0p21_1,dubar_to_dubar,t,full_process,-0.2,2.0,2.6542327630906972,0.15757055747176052,0.0,0.005544859159302254,0.0,40.2763268859283,32525.12401135047,9.080037816055352,0.5154441373720765,5.268703817491876,0.5946448118004203
mode_b_T200p0_muB0p0_xim0p21_1,uubar_to_uubar,s,full_process,-0.22,0.0001,0.5645233284670125,0.0007030168716865015,-0.0001947681500614733,0.003460939043344573,-1.3480082767892911e-6,1.87910812678329e6,83485.68860058514,423164.93041440373,0.9005735145552787,424355.79239458754,1803.3790402179397
mode_b_T200p0_muB0p0_xim0p21_1,uubar_to_uubar,s,full_process,-0.22,0.0005,0.5649233284670124,0.0006644089006959675,-0.00043580621739317975,0.0034605865019549983,-3.0161838356488907e-6,1.5838667423773229e6,83502.64862783349,356678.1763490965,0.9007140176358941,357627.5054320843,1520.8787615402769
mode_b_T200p0_muB0p0_xim0p21_1,uubar_to_uubar,s,full_process,-0.22,0.001,0.5654233284670125,0.0006161542058764624,-0.0006168381644151633,0.0034601458763454337,-4.268967321725265e-6,1.31555522436597e6,83523.85326340114,296255.88173476956,0.9008896717625479,296987.88634683634,1264.11314598797
mode_b_T200p0_muB0p0_xim0p21_1,uubar_to_uubar,s,full_process,-0.22,0.005,0.5694233284670125,0.00023024542990801589,-0.0013885050933531739,0.0034566223490461656,-9.607197221805352e-6,504805.915809689,83693.70193902942,113679.54679758396,0.902296211469003,113786.98995172614,487.7633210760055
mode_b_T200p0_muB0p0_xim0p21_1,uubar_to_uubar,s,full_process,-0.22,0.01,0.5744233284670125,-0.0002518456684572623,-0.001979924327467507,0.003452221445702555,-1.369524462181298e-5,251033.84629407598,83906.55163968714,56531.45691011108,0.9040577528665878,56477.08835905877,244.24626610852508
mode_b_T200p0_muB0p0_xim0p21_1,uubar_to_uubar,s,full_process,-0.22,0.02,0.5844233284670125,-0.0012150635431251722,-0.0028460640997843823,0.003443431191747342,-1.9674766639591956e-5,104422.71689092006,84334.05906750834,23515.427929349007,0.9075921421355229,23403.150319144792,103.01858923476212
mode_b_T200p0_muB0p0_xim0p21_1,uubar_to_uubar,s,full_process,-0.22,0.05,0.6144233284670125,-0.0040970403539737354,-0.004718062904328186,0.003417152503984247,-3.2558012360902384e-5,25610.911653867155,85631.16530621282,5767.438016677667,0.9182862164416031,5673.975836560988,26.342337929841175
mode_b_T200p0_muB0p0_xim0p21_1,uubar_to_uubar,s,full_process,-0.22,0.1,0.6644233284670125,-0.008874839932034861,-0.007184909713360768,0.003373660378025832,-4.943386261180365e-5,7669.552048290468,87842.36962008149,1727.141409568631,0.9364150882674499,1666.3125546996362,8.46554556578193
mode_b_T200p0_muB0p0_xim0p21_1,uubar_to_uubar,s,full_process,-0.22,0.2,0.7644233284670126,-0.018335418896072708,-0.01160355871748796,0.0032878141069586347,-7.935760345322614e-5,2123.9081155425847,92455.45691345925,478.2925565111883,0.9738344330606543,443.36042995215416,2.7632543534844682
mode_b_T200p0_muB0p0_xim0p21_1,uubar_to_uubar,s,full_process,-0.22,0.5,1.0644233284670124,-0.04596824777786801,-0.025100527890887136,0.003039216498851432,-0.00016852491519326425,364.54888860538495,107930.31393102805,82.09442707451585,1.0956298655014474,67.07116423898759,3.0697518495343767
mode_b_T200p0_muB0p0_xim0p21_1,uubar_to_uubar,s,full_process,-0.22,1.0,1.5644233284670124,-0.08959799695914072,-0.05101319995008453,0.0026536437583741454,-0.00033158798207630206,94.07207077196561,139825.41258178483,21.184518716493876,1.3303822360283193,14.010571638596478,0.7494291123874799
mode_b_T200p0_muB0p0_xim0p21_1,uubar_to_uubar,s,full_process,-0.22,2.0,2.5644233284670124,-0.16825056222049128,-0.1140523803378917,0.0019829634087963673,-0.0006900283346338878,24.20358283246172,226845.6911241422,5.450515220010407,1.8698792998697669,3.506306678648812,0.3211983187788821
mode_b_T200p0_muB0p0_xim0p21_1,uubar_to_uubar,t,full_process,-0.22,0.0001,0.5645233284670125,0.057822645782384274,0.0,0.003987543877027633,0.0,299.0915066824005,62891.07964436815,67.35378066266476,0.723480125716999,82.03851025987821,1803.3790402179397
mode_b_T200p0_muB0p0_xim0p21_1,uubar_to_uubar,t,full_process,-0.22,0.0005,0.5649233284670124,0.0578441947484738,0.0,0.003987846732680673,0.0,298.868704299229,62881.527524130375,67.30360677771013,0.7234221471549718,81.98251812824383,1520.8787615402769
mode_b_T200p0_muB0p0_xim0p21_1,uubar_to_uubar,t,full_process,-0.22,0.001,0.5654233284670125,0.05787113028034785,0.0,0.003988225311787565,0.0,298.59055821731675,62869.59013303342,67.24096979279155,0.7233496857324982,81.91261462423475,1264.11314598797
mode_b_T200p0_muB0p0_xim0p21_1,uubar_to_uubar,t,full_process,-0.22,0.005,0.5694233284670125,0.05808658708541159,0.0,0.00399125431378178,0.0,296.3795812215453,62774.2016468461,66.74306979798656,0.722770466398191,81.35683298437965,487.7633210760055
mode_b_T200p0_muB0p0_xim0p21_1,uubar_to_uubar,t,full_process,-0.22,0.01,0.5744233284670125,0.058355839447703284,0.0,0.0039950414853429225,0.0,293.65091504303695,62655.242187355354,66.12858901473894,0.7220476206023364,80.6706207672977,244.24626610852508
mode_b_T200p0_muB0p0_xim0p21_1,uubar_to_uubar,t,full_process,-0.22,0.02,0.5844233284670125,0.058894116281574815,0.0,0.004002618892471177,0.0,288.307659854484,62418.23991436199,64.92531700616067,0.7206058423771112,79.32591740304335,103.01858923476212
mode_b_T200p0_muB0p0_xim0p21_1,uubar_to_uubar,t,full_process,-0.22,0.05,0.6144233284670125,0.06050714306389082,0.0,0.004025375692028351,0.0,273.1408803960086,61714.49230291201,61.509840758318205,0.7163115360277512,75.50172512784934,26.342337929841175
mode_b_T200p0_muB0p0_xim0p21_1,uubar_to_uubar,t,full_process,-0.22,0.1,0.6644233284670125,0.06318963365043928,0.0,0.004063386067226558,0.0,250.44266988626495,60565.29344144759,56.39832719825019,0.7092559713542126,69.75682826008277,8.46554556578193
mode_b_T200p0_muB0p0_xim0p21_1,uubar_to_uubar,t,full_process,-0.22,0.2,0.7644233284670126,0.06853339476290154,0.0,0.004139718671054251,0.0,212.90973050776174,58352.349037182525,47.94611337724993,0.6955129247885176,60.19102309100591,2.7632543534844682
mode_b_T200p0_muB0p0_xim0p21_1,uubar_to_uubar,t,full_process,-0.22,0.5,1.0644233284670124,0.08440885451673663,0.0,0.004371251828228039,0.0,140.3537390140415,52334.53214844953,31.60689869664201,0.6569970185567438,41.3777616807523,3.0697518495343767
mode_b_T200p0_muB0p0_xim0p21_1,uubar_to_uubar,t,full_process,-0.22,1.0,1.5644233284670124,0.11041417137274756,0.0,0.00476570856277221,0.0,82.02577925267103,44029.63032830273,18.47175938143637,0.600579941466548,25.73380107482711,0.7494291123874799
mode_b_T200p0_muB0p0_xim0p21_1,uubar_to_uubar,t,full_process,-0.22,2.0,2.5644233284670124,0.16101197777645326,0.0,0.0055865482673716806,0.0,38.573018955620014,32041.50369946026,8.686434085179322,0.5100359206354759,13.406169950311467,0.3211983187788821
mode_b_T200p0_muB0p0_xim0p21_1,uubar_to_uubar,s,full_process,-0.21,0.0001,0.6078799565297461,-0.005293935891435897,-0.00020958786140192858,0.0034060438094851413,-1.4454633657972881e-6,35625.62334211115,86198.45117304189,8027.101655286956,0.9237994078168906,7855.937372490377,35.824398104565766
mode_b_T200p0_muB0p0_xim0p21_1,uubar_to_uubar,s,full_process,-0.21,0.0005,0.6082799565297461,-0.005332452826849021,-0.00046894395399605055,0.0034056937282805457,-3.2340866893924807e-6,34897.97036086887,86216.11104600568,7863.148188589406,0.9239450693473118,7694.270469020153,35.11233821843622
mode_b_T200p0_muB0p0_xim0p21_1,uubar_to_uubar,s,full_process,-0.21,0.001,0.6087799565297461,-0.005380593710233583,-0.0006637017439581136,0.003405256177845728,-4.577104893492825e-6,34023.68677683005,86238.1907061732,7666.156177046666,0.9241271726742225,7500.035420588696,34.256650326320624
mode_b_T200p0_muB0p0_xim0p21_1,uubar_to_uubar,s,full_process,-0.21,0.005,0.6127799565297462,-0.005765592074080006,-0.001493290643663374,0.0034017572464588117,-1.0295791663190536e-5,28191.27414395536,86415.04979250564,6352.007406930027,0.9255853657619517,6204.594987027309,28.543673445898943
mode_b_T200p0_muB0p0_xim0p21_1,uubar_to_uubar,s,full_process,-0.21,0.01,0.6177799565297462,-0.006246545099861445,-0.0021281053361079673,0.0033973870767172475,-1.466831816342152e-5,22963.08376253757,86636.68840187592,5174.000912508311,0.9274116262298825,5043.982645940564,23.413446232930493
mode_b_T200p0_muB0p0_xim0p21_1,uubar_to_uubar,s,full_process,-0.21,0.02,0.6277799565297462,-0.007207486488185033,-0.003055600640045866,0.003388658253826404,-2.104879095944776e-5,16317.324511273035,87081.86045684206,3676.5903388269344,0.9310759640405664,3570.0730176998186,16.872028312860277
mode_b_T200p0_muB0p0_xim0p21_1,uubar_to_uubar,s,full_process,-0.21,0.05,0.6577799565297462,-0.010082631135623243,-0.005049259482467228,0.0033625635709281444,-3.472053811806806e-5,7864.450103532687,88432.66059292626,1772.0038141583448,0.9421639827125873,1700.2586104295563,8.48241823621864
mode_b_T200p0_muB0p0_xim0p21_1,uubar_to_uubar,s,full_process,-0.21,0.1,0.7077799565297461,-0.01484903512059721,-0.0076530316118565795,0.00331937715874571,-5.246861275836969e-5,3583.4236101699926,90735.72235141252,807.4105908706839,0.9609631656358205,759.2614199593795,4.15594205540651
mode_b_T200p0_muB0p0_xim0p21_1,uubar_to_uubar,s,full_process,-0.21,0.2,0.8077799565297461,-0.02428679237166098,-0.012264834903238028,0.00323413871470963,-8.358307414309599e-5,1350.8503339090253,95541.6505682173,304.37117821735734,0.9997750585615682,274.64493315277923,1.8758830578264334
mode_b_T200p0_muB0p0_xim0p21_1,uubar_to_uubar,s,full_process,-0.21,0.5,1.1077799565297461,-0.05185094582363514,-0.02614242401547995,0.002987335871815801,-0.00017489422774774924,296.5645737756083,111672.40638085587,66.82139869366881,1.1261634010051151,52.938641214622265,3.1862423683741787
mode_b_T200p0_muB0p0_xim0p21_1,uubar_to_uubar,s,full_process,-0.21,1.0,1.6077799565297461,-0.09536573738440968,-0.05247749157540247,0.0026046593948557814,-0.000339874354931523,84.39879077930165,144932.46938970246,19.016584402270542,1.3697857387487087,12.155294883688509,0.6961370302644274
mode_b_T200p0_muB0p0_xim0p21_1,uubar_to_uubar,s,full_process,-0.21,2.0,2.607779956529746,-0.17378775103048727,-0.11609518818954166,0.0019394219042420469,-0.0006997823125476839,22.89362869273896,235235.85622305027,5.158351420557102,1.9257384164360452,3.342082719971177,0.3167711991640072
mode_b_T200p0_muB0p0_xim0p21_1,uubar_to_uubar,t,full_process,-0.21,0.0001,0.6078799565297461,0.05624578453863038,0.0,0.003971345943209411,0.0,316.0967584936469,63405.15374329825,71.22235557731173,0.7281856021038221,86.35374830551318,35.824398104565766
mode_b_T200p0_muB0p0_xim0p21_1,uubar_to_uubar,t,full_process,-0.21,0.0005,0.6082799565297461,0.056267264694552566,0.0,0.003971647685196497,0.0,315.8554632508959,63395.51982214958,71.1679873653117,0.728127094663973,86.2932447119928,35.11233821843622
mode_b_T200p0_muB0p0_xim0p21_1,uubar_to_uubar,t,full_process,-0.21,0.001,0.6087799565297461,0.056294114253361394,0.0,0.003972024872420681,0.0,315.5542396670198,63383.480197241195,71.10011620680527,0.7280539721910291,86.21771110671297,34.256650326320624
mode_b_T200p0_muB0p0_xim0p21_1,uubar_to_uubar,t,full_process,-0.21,0.005,0.6127799565297462,0.056508884842839224,0.0,0.0039750427472507325,0.0,313.1601743158119,63287.27454111842,70.56068968901467,0.7274694663906106,85.61725504819921,28.543673445898943
mode_b_T200p0_muB0p0_xim0p21_1,uubar_to_uubar,t,full_process,-0.21,0.01,0.6177799565297462,0.05677728332947207,0.0,0.003978816029429182,0.0,310.20642074997886,63167.29537601996,69.89515522496009,0.7267400174328895,84.87610252679318,23.413446232930493
mode_b_T200p0_muB0p0_xim0p21_1,uubar_to_uubar,t,full_process,-0.21,0.02,0.6277799565297462,0.05731386523502546,0.0,0.003986365722086467,0.0,304.42520253887017,62928.25956749321,68.59254149028003,0.725285049659074,83.42444128069386,16.872028312860277
mode_b_T200p0_muB0p0_xim0p21_1,uubar_to_uubar,t,full_process,-0.21,0.05,0.6577799565297462,0.05892190702337996,0.0,0.004009039875673915,0.0,288.0357611795067,62218.45865630368,64.89970191238375,0.7209513152774442,79.30122711253124,8.48241823621864
mode_b_T200p0_muB0p0_xim0p21_1,uubar_to_uubar,t,full_process,-0.21,0.1,0.7077799565297461,0.061596404575426256,0.0,0.004046914060932614,0.0,263.5659324889043,61059.330227017024,59.38620393086929,0.71383054424648,73.12181411888258,4.15594205540651
mode_b_T200p0_muB0p0_xim0p21_1,uubar_to_uubar,t,full_process,-0.21,0.2,0.8077799565297461,0.06692524790258503,0.0,0.004122979424797582,0.0,223.26467940191884,58827.13054119147,50.305597754295114,0.6999592190331944,62.87347455259965,1.8758830578264334
mode_b_T200p0_muB0p0_xim0p21_1,uubar_to_uubar,t,full_process,-0.21,0.5,1.1077799565297461,0.08276280343954678,0.0,0.004353741935351822,0.0,145.9921867254374,52756.33702309138,32.89469807921921,0.6610782843205273,42.88229137600865,3.1862423683741787
mode_b_T200p0_muB0p0_xim0p21_1,uubar_to_uubar,t,full_process,-0.21,1.0,1.6077799565297461,0.1087208617808455,0.0,0.004746978201990453,0.0,84.60075281752508,44377.775120836486,19.062090127061914,0.6041237780947235,26.453219697387187,0.6961370302644274
mode_b_T200p0_muB0p0_xim0p21_1,uubar_to_uubar,t,full_process,-0.21,2.0,2.607779956529746,0.15925939188512372,0.0,0.005565486928748137,0.0,39.42665147794208,32284.47034469118,8.88354250820694,0.512742561660995,13.66476036780858,0.3167711991640072
mode_b_T200p0_muB0p0_xim0p21_1,uubar_to_uubar,s,full_process,-0.2,0.0001,0.6543327630906982,-0.011532320807343233,-0.0002254306422767599,0.0033489282891317937,-1.5490808641807451e-6,7516.240217462399,89163.72648255705,1694.4878216528589,0.9491793749839443,1615.244005659312,7.956825187382329
mode_b_T200p0_muB0p0_xim0p21_1,uubar_to_uubar,s,full_process,-0.2,0.0005,0.6547327630906982,-0.011570735601719173,-0.0005043692796023035,0.0033485807861245004,-3.4657681358834207e-6,7455.102906288149,89182.15713734533,1680.7048096366898,0.9493307080525379,1601.8450342787683,7.896562653834584
mode_b_T200p0_muB0p0_xim0p21_1,uubar_to_uubar,s,full_process,-0.2,0.001,0.6552327630906982,-0.011618748792270761,-0.0007138003497236493,0.003348146458369324,-4.904726617081549e-6,7379.810500146809,89205.20051487265,1663.7306228653806,0.9495199020521562,1585.344937277755,7.822332266977369
mode_b_T200p0_muB0p0_xim0p21_1,uubar_to_uubar,s,full_process,-0.2,0.005,0.6592327630906982,-0.01200272574774508,-0.0016053079087143055,0.003344673302344096,-1.1027923214530375e-5,6819.308297052282,89389.78063519945,1537.369020565001,0.9510348863857186,1462.5542211118502,7.269168463915969
mode_b_T200p0_muB0p0_xim0p21_1,uubar_to_uubar,s,full_process,-0.2,0.01,0.6642327630906982,-0.012482402059990294,-0.0022865099585921804,0.0033403353392732005,-1.5702908091711324e-5,6209.695622123406,89621.09916317325,1399.935779515519,0.9529323036644098,1329.0978015267199,6.666275171778249
mode_b_T200p0_muB0p0_xim0p21_1,uubar_to_uubar,s,full_process,-0.2,0.02,0.6742327630906982,-0.013440789983003576,-0.0032795854526539393,0.0033316708897551117,-2.250965887584798e-5,5224.373353830359,90085.72699985326,1177.8012367494662,0.9567395169197259,1113.643388437204,5.688457033384431
mode_b_T200p0_muB0p0_xim0p21_1,uubar_to_uubar,s,full_process,-0.2,0.05,0.7042327630906983,-0.01630827386396927,-0.0054032530135679525,0.0033057690086834603,-3.701964794062123e-5,3388.0510403170906,91495.66803062316,763.8142290366828,0.9682606721641213,713.3471751730464,3.850687182627318
mode_b_T200p0_muB0p0_xim0p21_1,uubar_to_uubar,s,full_process,-0.2,0.1,0.7542327630906982,-0.021061908924120187,-0.008153281336252002,0.003262902872978692,-5.569481324817683e-5,1960.4767722888162,93899.91352379753,441.97682872863953,0.987796857201983,404.25671647502077,2.402364204245006
mode_b_T200p0_muB0p0_xim0p21_1,uubar_to_uubar,s,full_process,-0.2,0.2,0.8542327630906983,-0.03047412616478118,-0.01297123357704361,0.0031783010150270284,-8.807449773460772e-5,911.6391343877547,98918.28444918426,205.52315602863,1.028139788960054,180.1266317044382,1.3640309560623165
mode_b_T200p0_muB0p0_xim0p21_1,uubar_to_uubar,s,full_process,-0.2,0.5,1.154232763090698,-0.057961668921523435,-0.027254222446990696,0.002933376366671921,-0.00018166169971018027,243.76285771531116,115771.58795049635,54.954762197494404,1.1595752697966655,42.11391285862585,3.269524229818079
mode_b_T200p0_muB0p0_xim0p21_1,uubar_to_uubar,s,full_process,-0.2,1.0,1.654232763090698,-0.10134896405006555,-0.0540374287273502,0.002553726223840789,-0.00034867291691274485,75.80549276856883,150532.3479545461,17.08985883823975,1.4129107011643403,10.535860253905305,0.6486003344979065
mode_b_T200p0_muB0p0_xim0p21_1,uubar_to_uubar,s,full_process,-0.2,2.0,2.654232763090698,-0.17951762209231736,-0.11826506593900753,0.001894161430632476,-0.0007101245426691705,21.63883796617406,244371.8480558382,4.878336288828785,1.9863010039828228,3.1989125567588452,0.3130546839800817
mode_b_T200p0_muB0p0_xim0p21_1,uubar_to_uubar,t,full_process,-0.2,0.0001,0.6543327630906982,0.054739742910765776,0.0,0.003955493042690274,0.0,333.72941965711897,63914.404966704526,75.23714263714436,0.7329161988795222,90.82166085010604,7.956825187382329
mode_b_T200p0_muB0p0_xim0p21_1,uubar_to_uubar,t,full_process,-0.2,0.0005,0.6547327630906982,0.05476115391267977,0.0,0.0039557937012332355,0.0,333.4685016949959,63904.68975754303,75.17832036743573,0.7328571491640447,90.75637465822376,7.896562653834584
mode_b_T200p0_muB0p0_xim0p21_1,uubar_to_uubar,t,full_process,-0.2,0.001,0.6552327630906982,0.05478791706605057,0.0,0.0039561695343314045,0.0,333.1427915989276,63892.54854038401,75.10489112951753,0.7327833489040094,90.67487281786,7.822332266977369
mode_b_T200p0_muB0p0_xim0p21_1,uubar_to_uubar,t,full_process,-0.2,0.005,0.6592327630906982,0.055001997878297515,0.0,0.00395917658322733,0.0,330.5544971366706,63795.53086432068,74.52137685665596,0.7321934231707012,90.0270684464856,7.269168463915969
mode_b_T200p0_muB0p0_xim0p21_1,uubar_to_uubar,t,full_process,-0.2,0.01,0.6642327630906982,0.05526953778370913,0.0,0.003962936350522581,0.0,327.3620523367472,63674.538474062414,73.80166079140817,0.7314572052737729,89.22770972929519,6.666275171778249
mode_b_T200p0_muB0p0_xim0p21_1,uubar_to_uubar,t,full_process,-0.2,0.02,0.6742327630906982,0.055804414525382984,0.0,0.003970459071052792,0.0,321.116696875218,63433.4822285789,72.3936857313686,0.7299887198527424,87.66280427008789,5.688457033384431
mode_b_T200p0_muB0p0_xim0p21_1,uubar_to_uubar,t,full_process,-0.2,0.05,0.7042327630906983,0.057407434386912315,0.0,0.003993052754953397,0.0,303.43363779008655,62717.66831658916,68.40715424722177,0.7256145996287198,83.22350762674957,3.850687182627318
mode_b_T200p0_muB0p0_xim0p21_1,uubar_to_uubar,t,full_process,-0.2,0.1,0.7542327630906982,0.060073858821473314,0.0,0.004030794223300066,0.0,277.09516049231416,61548.68024582353,62.46931461853809,0.7184271071655984,76.58619670947164,2.402364204245006
mode_b_T200p0_muB0p0_xim0p21_1,uubar_to_uubar,t,full_process,-0.2,0.2,0.8542327630906983,0.06538756844165183,0.0,0.004106598808534232,0.0,233.88890721985052,59297.37201084019,52.72874381834663,0.7044247346332524,65.62225077795212,1.3640309560623165
mode_b_T200p0_muB0p0_xim0p21_1,uubar_to_uubar,t,full_process,-0.2,0.5,1.154232763090698,0.08118630199793042,0.0,0.0043366073862519125,0.0,151.71708161541687,53174.05612720866,34.20363635222263,0.6651719939159665,44.408473118358756,3.269524229818079
mode_b_T200p0_muB0p0_xim0p21_1,uubar_to_uubar,t,full_process,-0.2,1.0,1.654232763090698,0.10709521921203524,0.0,0.004728645981013129,0.0,87.18862560835498,44722.53350330427,19.65611263152079,0.6076719830587539,27.175938820620516,0.6486003344979065
mode_b_T200p0_muB0p0_xim0p21_1,uubar_to_uubar,t,full_process,-0.2,2.0,2.654232763090698,0.15757055747176052,0.0,0.005544859159302254,0.0,40.2763268859283,32525.12401135047,9.080037816055352,0.5154441373720765,13.92226008936298,0.3130546839800817
mode_b_T200p0_muB0p0_xim0p21_1,uubar_to_ddbar,s,full_process,-0.22,0.0001,0.5645233284670125,0.0007030168716865015,-0.0001947681500614733,0.003460939043344573,-1.3480082767892911e-6,1.87910812678329e6,83485.68860058514,423164.93041440373,0.9005735145552787,421975.86958124896,1787.6981413598899
mode_b_T200p0_muB0p0_xim0p21_1,uubar_to_ddbar,s,full_process,-0.22,0.0005,0.5649233284670124,0.0006644089006959675,-0.00043580621739317975,0.0034605865019549983,-3.0161838356488907e-6,1.5838667423773229e6,83502.64862783349,356678.1763490965,0.9007140176358941,355730.648694144,1508.3632218515882
mode_b_T200p0_muB0p0_xim0p21_1,uubar_to_ddbar,s,full_process,-0.22,0.001,0.5654233284670125,0.0006161542058764624,-0.0006168381644151633,0.0034601458763454337,-4.268967321725265e-6,1.31555522436597e6,83523.85326340114,296255.88173476956,0.9008896717625479,295525.6789020463,1254.4458823722712
mode_b_T200p0_muB0p0_xim0p21_1,uubar_to_ddbar,s,full_process,-0.22,0.005,0.5694233284670125,0.00023024542990801589,-0.0013885050933531739,0.0034566223490461656,-9.607197221805352e-6,504805.915809689,83693.70193902942,113679.54679758396,0.902296211469003,113573.90823586471,486.28439296303753
mode_b_T200p0_muB0p0_xim0p21_1,uubar_to_ddbar,s,full_process,-0.22,0.01,0.5744233284670125,-0.0002518456684572623,-0.001979924327467507,0.003452221445702555,-1.369524462181298e-5,251033.84629407598,83906.55163968714,56531.45691011108,0.9040577528665878,56587.63357666914,244.8920915644983
mode_b_T200p0_muB0p0_xim0p21_1,uubar_to_ddbar,s,full_process,-0.22,0.02,0.5844233284670125,-0.0012150635431251722,-0.0028460640997843823,0.003443431191747342,-1.9674766639591956e-5,104422.71689092006,84334.05906750834,23515.427929349007,0.9075921421355229,23629.520723837493,104.42977247409685
mode_b_T200p0_muB0p0_xim0p21_1,uubar_to_ddbar,s,full_process,-0.22,0.05,0.6144233284670125,-0.0040970403539737354,-0.004718062904328186,0.003417152503984247,-3.2558012360902384e-5,25610.911653867155,85631.16530621282,5767.438016677667,0.9182862164416031,5862.736769227229,27.519443364794217
mode_b_T200p0_muB0p0_xim0p21_1,uubar_to_ddbar,s,full_process,-0.22,0.1,0.6644233284670125,-0.008874839932034861,-0.007184909713360768,0.003373660378025832,-4.943386261180365e-5,7669.552048290468,87842.36962008149,1727.141409568631,0.9364150882674499,1789.84309461416,9.229213211012842
mode_b_T200p0_muB0p0_xim0p21_1,uubar_to_ddbar,s,full_process,-0.22,0.2,0.7644233284670126,-0.018335418896072708,-0.01160355871748796,0.0032878141069586347,-7.935760345322614e-5,2123.9081155425847,92455.45691345925,478.2925565111883,0.9738344330606543,515.1723519363438,3.205917719650812
mode_b_T200p0_muB0p0_xim0p21_1,uubar_to_ddbar,s,full_process,-0.22,0.5,1.0644233284670124,-0.04596824777786801,-0.025100527890887136,0.003039216498851432,-0.00016852491519326425,364.54888860538495,107930.31393102805,82.09442707451585,1.0956298655014474,99.30894964104698,3.228100295633997
mode_b_T200p0_muB0p0_xim0p21_1,uubar_to_ddbar,s,full_process,-0.22,1.0,1.5644233284670124,-0.08959799695914072,-0.05101319995008453,0.0026536437583741454,-0.00033158798207630206,94.07207077196561,139825.41258178483,21.184518716493876,1.3303822360283193,31.019230266447916,1.0834538743216853
mode_b_T200p0_muB0p0_xim0p21_1,uubar_to_ddbar,s,full_process,-0.22,2.0,2.5644233284670124,-0.16825056222049128,-0.1140523803378917,0.0019829634087963673,-0.0006900283346338878,24.20358283246172,226845.6911241422,5.450515220010407,1.8698792998697669,11.134482361111537,0.6265813543937858
mode_b_T200p0_muB0p0_xim0p21_1,uubar_to_ddbar,t,full_process,-0.22,0.0001,0.5645233284670125,0.057822645782384274,-6.919405715966491e-21,,,299.0915066824005,,269.41512265065916,0.0,269.41512265065916,1787.6981413598899
mode_b_T200p0_muB0p0_xim0p21_1,uubar_to_ddbar,t,full_process,-0.22,0.0005,0.5649233284670124,0.05784419474847391,4.969859661104462e-19,,,298.8687042992279,,269.21442711083955,0.0,269.21442711083955,1508.3632218515882
mode_b_T200p0_muB0p0_xim0p21_1,uubar_to_ddbar,t,full_process,-0.22,0.001,0.5654233284670125,0.05787113028034807,0.0,,,298.5905582173144,,268.9638791711644,0.0,268.9638791711644,1254.4458823722712
mode_b_T200p0_muB0p0_xim0p21_1,uubar_to_ddbar,t,full_process,-0.22,0.005,0.5694233284670125,0.05808658708541159,0.0,,,296.3795812215453,,266.97227919194626,0.0,266.97227919194626,486.28439296303753
mode_b_T200p0_muB0p0_xim0p21_1,uubar_to_ddbar,t,full_process,-0.22,0.01,0.5744233284670125,0.058355839447703395,-6.912465881664362e-20,,,293.6509150430358,,264.5143560589549,0.0,264.5143560589549,244.8920915644983
mode_b_T200p0_muB0p0_xim0p21_1,uubar_to_ddbar,t,full_process,-0.22,0.02,0.5844233284670125,0.058894116281574815,-9.758775362349253e-20,,,288.307659854484,,259.7012680246427,0.0,259.7012680246427,104.42977247409685
mode_b_T200p0_muB0p0_xim0p21_1,uubar_to_ddbar,t,full_process,-0.22,0.05,0.6144233284670125,0.060507143063890934,-1.5482672449880614e-19,,,273.14088039600756,,246.03936303327208,0.0,246.03936303327208,27.519443364794217
mode_b_T200p0_muB0p0_xim0p21_1,uubar_to_ddbar,t,full_process,-0.22,0.1,0.6644233284670125,0.06318963365043928,0.0,,,250.44266988626495,,225.59330879300083,0.0,225.59330879300083,9.229213211012842
mode_b_T200p0_muB0p0_xim0p21_1,uubar_to_ddbar,t,full_process,-0.22,0.2,0.7644233284670126,0.06853339476290154,0.0,,,212.90973050776174,,191.78445350899983,0.0,191.78445350899983,3.205917719650812
mode_b_T200p0_muB0p0_xim0p21_1,uubar_to_ddbar,t,full_process,-0.22,0.5,1.0644233284670124,0.08440885451673663,0.0,,,140.3537390140415,,126.42759478656806,0.0,126.42759478656806,3.228100295633997
mode_b_T200p0_muB0p0_xim0p21_1,uubar_to_ddbar,t,full_process,-0.22,1.0,1.5644233284670124,0.11041417137274756,0.0,,,82.02577925267103,,73.88703752574548,0.0,73.88703752574548,1.0834538743216853
mode_b_T200p0_muB0p0_xim0p21_1,uubar_to_ddbar,t,full_process,-0.22,2.0,2.5644233284670124,0.16101197777645326,0.0,,,38.573018955620014,,34.74573634071729,0.0,34.74573634071729,0.6265813543937858
mode_b_T200p0_muB0p0_xim0p21_1,uubar_to_ddbar,s,full_process,-0.21,0.0001,0.6078799565297461,-0.005293935891435897,-0.00020958786140192858,0.0034060438094851413,-1.4454633657972881e-6,35625.62334211115,86198.45117304189,8027.101655286956,0.9237994078168906,8200.113536899169,38.167013166647045
mode_b_T200p0_muB0p0_xim0p21_1,uubar_to_ddbar,s,full_process,-0.21,0.0005,0.6082799565297461,-0.005332452826849021,-0.00046894395399605055,0.0034056937282805457,-3.2340866893924807e-6,34897.97036086887,86216.11104600568,7863.148188589406,0.9239450693473118,8033.873798297354,37.422902598017885
mode_b_T200p0_muB0p0_xim0p21_1,uubar_to_ddbar,s,full_process,-0.21,0.001,0.6087799565297461,-0.005380593710233583,-0.0006637017439581136,0.003405256177845728,-4.577104893492825e-6,34023.68677683005,86238.1907061732,7666.156177046666,0.9241271726742225,7834.125187849983,36.5285747381802
mode_b_T200p0_muB0p0_xim0p21_1,uubar_to_ddbar,s,full_process,-0.21,0.005,0.6127799565297462,-0.005765592074080006,-0.001493290643663374,0.0034017572464588117,-1.0295791663190536e-5,28191.27414395536,86415.04979250564,6352.007406930027,0.9255853657619517,6501.270997564269,30.55352554318625
mode_b_T200p0_muB0p0_xim0p21_1,uubar_to_ddbar,s,full_process,-0.21,0.01,0.6177799565297462,-0.006246545099861445,-0.0021281053361079673,0.0033973870767172475,-1.466831816342152e-5,22963.08376253757,86636.68840187592,5174.000912508311,0.9274116262298825,5305.874002328516,25.179919850913578
mode_b_T200p0_muB0p0_xim0p21_1,uubar_to_ddbar,s,full_process,-0.21,0.02,0.6277799565297462,-0.007207486488185033,-0.003055600640045866,0.003388658253826404,-2.104879095944776e-5,16317.324511273035,87081.86045684206,3676.5903388269344,0.9310759640405664,3784.9698118821325,18.310421157522008
mode_b_T200p0_muB0p0_xim0p21_1,uubar_to_ddbar,s,full_process,-0.21,0.05,0.6577799565297462,-0.010082631135623243,-0.005049259482467228,0.0033625635709281444,-3.472053811806806e-5,7864.450103532687,88432.66059292626,1772.0038141583448,0.9421639827125873,1845.6333458525583,9.438988549983046
mode_b_T200p0_muB0p0_xim0p21_1,uubar_to_ddbar,s,full_process,-0.21,0.1,0.7077799565297461,-0.01484903512059721,-0.0076530316118565795,0.00331937715874571,-5.246861275836969e-5,3583.4236101699926,90735.72235141252,807.4105908706839,0.9609631656358205,857.48168811326,4.792291603128131
mode_b_T200p0_muB0p0_xim0p21_1,uubar_to_ddbar,s,full_process,-0.21,0.2,0.8077799565297461,-0.02428679237166098,-0.012264834903238028,0.00323413871470963,-8.358307414309599e-5,1350.8503339090253,95541.6505682173,304.37117821735734,0.9997750585615682,336.09697339905864,2.270736100530383
mode_b_T200p0_muB0p0_xim0p21_1,uubar_to_ddbar,s,full_process,-0.21,0.5,1.1077799565297461,-0.05185094582363514,-0.02614242401547995,0.002987335871815801,-0.00017489422774774924,296.5645737756083,111672.40638085587,66.82139869366881,1.1261634010051151,82.95648297472557,3.351375047734483
mode_b_T200p0_muB0p0_xim0p21_1,uubar_to_ddbar,s,full_process,-0.21,1.0,1.6077799565297461,-0.09536573738440968,-0.05247749157540247,0.0026046593948557814,-0.000339874354931523,84.39879077930165,144932.46938970246,19.016584402270542,1.3697857387487087,28.617445398349993,1.0271661480171288
mode_b_T200p0_muB0p0_xim0p21_1,uubar_to_ddbar,s,full_process,-0.21,2.0,2.607779956529746,-0.17378775103048727,-0.11609518818954166,0.0019394219042420469,-0.0006997823125476839,22.89362869273896,235235.85622305027,5.158351420557102,1.9257384164360452,10.826096954015117,0.6205532825195076
mode_b_T200p0_muB0p0_xim0p21_1,uubar_to_ddbar,t,full_process,-0.21,0.0001,0.6078799565297461,0.05624578453863038,0.0,,,316.0967584936469,,284.8894223092469,0.0,284.8894223092469,38.167013166647045
mode_b_T200p0_muB0p0_xim0p21_1,uubar_to_ddbar,t,full_process,-0.21,0.0005,0.6082799565297461,0.056267264694552566,0.0,,,315.8554632508959,,284.6719494612469,0.0,284.6719494612469,37.422902598017885
mode_b_T200p0_muB0p0_xim0p21_1,uubar_to_ddbar,t,full_process,-0.21,0.001,0.6087799565297461,0.056294114253361394,-2.0387203670400027e-20,,,315.5542396670198,,284.4004648272212,0.0,284.4004648272212,36.5285747381802
mode_b_T200p0_muB0p0_xim0p21_1,uubar_to_ddbar,t,full_process,-0.21,0.005,0.6127799565297462,0.056508884842839224,-4.5522165878256467e-20,,,313.1601743158119,,282.2427587560588,0.0,282.2427587560588,30.55352554318625
mode_b_T200p0_muB0p0_xim0p21_1,uubar_to_ddbar,t,full_process,-0.21,0.01,0.6177799565297462,0.05677728332947207,0.0,,,310.20642074997886,,279.58062089984037,0.0,279.58062089984037,25.179919850913578
mode_b_T200p0_muB0p0_xim0p21_1,uubar_to_ddbar,t,full_process,-0.21,0.02,0.6277799565297462,0.05731386523502546,0.0,,,304.42520253887017,,274.3701659611201,0.0,274.3701659611201,18.310421157522008
mode_b_T200p0_muB0p0_xim0p21_1,uubar_to_ddbar,t,full_process,-0.21,0.05,0.6577799565297462,0.05892190702337996,0.0,,,288.0357611795067,,259.598807649535,0.0,259.598807649535,9.438988549983046
mode_b_T200p0_muB0p0_xim0p21_1,uubar_to_ddbar,t,full_process,-0.21,0.1,0.7077799565297461,0.06159640457542648,-2.0336362763480106e-19,,,263.56593248890243,,237.54481572347547,0.0,237.54481572347547,4.792291603128131
mode_b_T200p0_muB0p0_xim0p21_1,uubar_to_ddbar,t,full_process,-0.21,0.2,0.8077799565297461,0.06692524790258503,0.0,,,223.26467940191884,,201.22239101718057,0.0,201.22239101718057,2.270736100530383
mode_b_T200p0_muB0p0_xim0p21_1,uubar_to_ddbar,t,full_process,-0.21,0.5,1.1077799565297461,0.08276280343954678,0.0,,,145.9921867254374,,131.5787923168769,0.0,131.5787923168769,3.351375047734483
mode_b_T200p0_muB0p0_xim0p21_1,uubar_to_ddbar,t,full_process,-0.21,1.0,1.6077799565297461,0.1087208617808455,0.0,,,84.60075281752508,,76.24836050824766,0.0,76.24836050824766,1.0271661480171288
mode_b_T200p0_muB0p0_xim0p21_1,uubar_to_ddbar,t,full_process,-0.21,2.0,2.607779956529746,0.15925939188512384,0.0,,,39.42665147794203,,35.5341700328277,0.0,35.5341700328277,0.6205532825195076
mode_b_T200p0_muB0p0_xim0p21_1,uubar_to_ddbar,s,full_process,-0.2,0.0001,0.6543327630906982,-0.011532320807343233,-0.0002254306422767599,0.0033489282891317937,-1.5490808641807451e-6,7516.240217462399,89163.72648255705,1694.4878216528589,0.9491793749839443,1775.6299963963736,9.085255504876024
mode_b_T200p0_muB0p0_xim0p21_1,uubar_to_ddbar,s,full_process,-0.2,0.0005,0.6547327630906982,-0.011570735601719173,-0.0005043692796023035,0.0033485807861245004,-3.4657681358834207e-6,7455.102906288149,89182.15713734533,1680.7048096366898,0.9493307080525379,1761.4632464107167,9.019260371016903
mode_b_T200p0_muB0p0_xim0p21_1,uubar_to_ddbar,s,full_process,-0.2,0.001,0.6552327630906982,-0.011618748792270761,-0.0007138003497236493,0.003348146458369324,-4.904726617081549e-6,7379.810500146809,89205.20051487265,1663.7306228653806,0.9495199020521562,1744.0153482571106,8.937954804810401
mode_b_T200p0_muB0p0_xim0p21_1,uubar_to_ddbar,s,full_process,-0.2,0.005,0.6592327630906982,-0.01200272574774508,-0.0016053079087143055,0.003344673302344096,-1.1027923214530375e-5,6819.308297052282,89389.78063519945,1537.369020565001,0.9510348863857186,1614.085889790923,8.331555345830617
mode_b_T200p0_muB0p0_xim0p21_1,uubar_to_ddbar,s,full_process,-0.2,0.01,0.6642327630906982,-0.012482402059990294,-0.0022865099585921804,0.0033403353392732005,-1.5702908091711324e-5,6209.695622123406,89621.09916317325,1399.935779515519,0.9529323036644098,1472.6796221116465,7.669504549028478
mode_b_T200p0_muB0p0_xim0p21_1,uubar_to_ddbar,s,full_process,-0.2,0.02,0.6742327630906982,-0.013440789983003576,-0.0032795854526539393,0.0033316708897551117,-2.250965887584798e-5,5224.373353830359,90085.72699985326,1177.8012367494662,0.9567395169197259,1243.8725640955672,6.592704993453866
mode_b_T200p0_muB0p0_xim0p21_1,uubar_to_ddbar,s,full_process,-0.2,0.05,0.7042327630906983,-0.01630827386396927,-0.0054032530135679525,0.0033057690086834603,-3.701964794062123e-5,3388.0510403170906,91495.66803062316,763.8142290366828,0.9682606721641213,816.2178042446475,4.554420664728582
mode_b_T200p0_muB0p0_xim0p21_1,uubar_to_ddbar,s,full_process,-0.2,0.1,0.7542327630906982,-0.021061908924120187,-0.008153281336252002,0.003262902872978692,-5.569481324817683e-5,1960.4767722888162,93899.91352379753,441.97682872863953,0.987796857201983,481.67253469666224,2.9244915748347964
mode_b_T200p0_muB0p0_xim0p21_1,uubar_to_ddbar,s,full_process,-0.2,0.2,0.8542327630906983,-0.03047412616478118,-0.01297123357704361,0.0031783010150270284,-8.807449773460772e-5,911.6391343877547,98918.28444918426,205.52315602863,1.028139788960054,232.97595993074196,1.7173438239635324
mode_b_T200p0_muB0p0_xim0p21_1,uubar_to_ddbar,s,full_process,-0.2,0.5,1.154232763090698,-0.057961668921523435,-0.027254222446990696,0.002933376366671921,-0.00018166169971018027,243.76285771531116,115771.58795049635,54.954762197494404,1.1595752697966655,70.11476207595629,3.446800265307839
mode_b_T200p0_muB0p0_xim0p21_1,uubar_to_ddbar,s,full_process,-0.2,1.0,1.654232763090698,-0.10134896405006555,-0.0540374287273502,0.002553726223840789,-0.00034867291691274485,75.80549276856883,150532.3479545461,17.08985883823975,1.4129107011643403,26.469678824902875,0.9767556139296548
mode_b_T200p0_muB0p0_xim0p21_1,uubar_to_ddbar,s,full_process,-0.2,2.0,2.654232763090698,-0.17951762209231736,-0.11826506593900753,0.001894161430632476,-0.0007101245426691705,21.63883796617406,244371.8480558382,4.878336288828785,1.9863010039828228,10.53036202886437,0.6150612402586665
mode_b_T200p0_muB0p0_xim0p21_1,uubar_to_ddbar,t,full_process,-0.2,0.0001,0.6543327630906982,0.054739742910765776,0.0,,,333.72941965711897,,300.94857054857755,0.0,300.94857054857755,9.085255504876024
mode_b_T200p0_muB0p0_xim0p21_1,uubar_to_ddbar,t,full_process,-0.2,0.0005,0.6547327630906982,0.05476115391267988,0.0,,,333.46850169499453,,300.71328146974184,0.0,300.71328146974184,9.019260371016903
mode_b_T200p0_muB0p0_xim0p21_1,uubar_to_ddbar,t,full_process,-0.2,0.001,0.6552327630906982,0.05478791706605057,0.0,,,333.1427915989276,,300.4195645180702,0.0,300.4195645180702,8.937954804810401
mode_b_T200p0_muB0p0_xim0p21_1,uubar_to_ddbar,t,full_process,-0.2,0.005,0.6592327630906982,0.055001997878297515,0.0,,,330.5544971366706,,298.08550742662385,0.0,298.08550742662385,8.331555345830617
mode_b_T200p0_muB0p0_xim0p21_1,uubar_to_ddbar,t,full_process,-0.2,0.01,0.6642327630906982,0.05526953778370913,0.0,,,327.3620523367472,,295.20664316563267,0.0,295.20664316563267,7.669504549028478
mode_b_T200p0_muB0p0_xim0p21_1,uubar_to_ddbar,t,full_process,-0.2,0.02,0.6742327630906982,0.055804414525382984,0.0,,,321.116696875218,,289.57474292547454,0.0,289.57474292547454,6.592704993453866
mode_b_T200p0_muB0p0_xim0p21_1,uubar_to_ddbar,t,full_process,-0.2,0.05,0.7042327630906983,0.057407434386912315,0.0,,,303.43363779008655,,273.6286169888871,0.0,273.6286169888871,4.554420664728582
mode_b_T200p0_muB0p0_xim0p21_1,uubar_to_ddbar,t,full_process,-0.2,0.1,0.7542327630906982,0.060073858821473314,0.0,,,277.09516049231416,,249.87725847415243,0.0,249.87725847415243,2.9244915748347964
mode_b_T200p0_muB0p0_xim0p21_1,uubar_to_ddbar,t,full_process,-0.2,0.2,0.8542327630906983,0.06538756844165183,-2.753996287384194e-19,,,233.88890721985052,,210.9149752733866,0.0,210.9149752733866,1.7173438239635324
mode_b_T200p0_muB0p0_xim0p21_1,uubar_to_ddbar,t,full_process,-0.2,0.5,1.154232763090698,0.08118630199793042,0.0,,,151.71708161541687,,136.81454540889058,0.0,136.81454540889058,3.446800265307839
mode_b_T200p0_muB0p0_xim0p21_1,uubar_to_ddbar,t,full_process,-0.2,1.0,1.654232763090698,0.10709521921203524,0.0,,,87.18862560835498,,78.62445052608317,0.0,78.62445052608317,0.9767556139296548
mode_b_T200p0_muB0p0_xim0p21_1,uubar_to_ddbar,t,full_process,-0.2,2.0,2.654232763090698,0.15757055747176052,0.0,,,40.2763268859283,,36.320151264221415,0.0,36.320151264221415,0.6150612402586665
mode_b_T200p0_muB0p0_xim0p21_1,subar_to_subar,s,full_process,-0.22,0.0001,5.954036395124424,0.036300578486543444,-0.0004802351720992281,,,758.7468578994392,,514.8248406618358,0.0,514.8248406618358,9.364291960849094
mode_b_T200p0_muB0p0_xim0p21_1,subar_to_subar,s,full_process,-0.22,0.0005,5.954436395124424,0.03627379118312413,-0.0010740138205947948,,,759.33521061299,,515.2240496850469,0.0,515.2240496850469,9.373611938779582
mode_b_T200p0_muB0p0_xim0p21_1,subar_to_subar,s,full_process,-0.22,0.001,5.954936395124425,0.03624028364455123,-0.0015191948605185527,,,760.0712605852173,,515.7234742371576,0.0,515.7234742371576,9.385274317928763
mode_b_T200p0_muB0p0_xim0p21_1,subar_to_subar,s,full_process,-0.22,0.005,5.958936395124424,0.035972280621663244,-0.0034025680284287254,,,765.9416729205669,,519.7066658164065,0.0,519.7066658164065,9.478540088018
mode_b_T200p0_muB0p0_xim0p21_1,subar_to_subar,s,full_process,-0.22,0.01,5.963936395124424,0.0356373874400141,-0.0048217619978837304,,,773.2320832911453,,524.6533543177376,0.0,524.6533543177376,9.5950030751605
mode_b_T200p0_muB0p0_xim0p21_1,subar_to_subar,s,full_process,-0.22,0.02,5.973936395124424,0.034967950596736186,-0.006846739894745629,,,787.6276821690702,,534.421054600644,0.0,534.421054600644,9.827182395112215
mode_b_T200p0_muB0p0_xim0p21_1,subar_to_subar,s,full_process,-0.22,0.05,6.003936395124424,0.03296242513503789,-0.010957326340482293,,,828.7857367419197,,562.3476135930321,0.0,562.3476135930321,10.510405049824278
mode_b_T200p0_muB0p0_xim0p21_1,subar_to_subar,s,full_process,-0.22,0.1,6.053936395124424,0.029629247584552876,-0.015806843696261254,,,886.7224328260053,,601.6588147129119,0.0,601.6588147129119,11.550095762178374
mode_b_T200p0_muB0p0_xim0p21_1,subar_to_subar,s,full_process,-0.22,0.2,6.153936395124425,0.022998719092551467,-0.023235764374966394,,,935.5921294308678,,634.8178762706034,0.0,634.8178762706034,12.83936849297069
mode_b_T200p0_muB0p0_xim0p21_1,subar_to_subar,s,full_process,-0.22,0.5,6.453936395124424,0.0034067292378129332,-0.04094417378049582,,,592.4061222191414,,401.95934164776105,0.0,401.95934164776105,9.415780228992789
mode_b_T200p0_muB0p0_xim0p21_1,subar_to_subar,s,full_process,-0.22,1.0,6.953936395124424,-0.028177198429171435,-0.06788513848489804,,,185.1047489986615,,125.59725541771579,0.0,125.59725541771579,3.6667470016626216
mode_b_T200p0_muB0p0_xim0p21_1,subar_to_subar,s,full_process,-0.22,2.0,7.953936395124424,-0.0869791586725559,-0.12427658012819373,,,43.459285389651,,29.48798989157686,0.0,29.48798989157686,1.3128836182891095
mode_b_T200p0_muB0p0_xim0p21_1,subar_to_subar,t,full_process,-0.22,0.0001,5.954036395124424,,,0.003987507610304252,0.0,,62892.22364908679,0.0,0.07625063863859595,0.07625063863859595,9.364291960849094
mode_b_T200p0_muB0p0_xim0p21_1,subar_to_subar,t,full_process,-0.22,0.0005,5.954436395124424,,,0.003987665407869212,0.0,,62887.24627893479,0.0,0.07624460406658057,0.07624460406658057,9.373611938779582
mode_b_T200p0_muB0p0_xim0p21_1,subar_to_subar,t,full_process,-0.22,0.001,5.954936395124425,,,0.00398786268495793,0.0,,62881.02444685097,0.0,0.07623706070680794,0.07623706070680794,9.385274317928763
mode_b_T200p0_muB0p0_xim0p21_1,subar_to_subar,t,full_process,-0.22,0.005,5.958936395124424,,,0.00398944209828423,0.0,,62831.24532175448,0.0,0.0761767084110986,0.0761767084110986,9.478540088018
mode_b_T200p0_muB0p0_xim0p21_1,subar_to_subar,t,full_process,-0.22,0.01,5.963936395124424,,,0.0039914193498455436,0.0,,62769.01061475633,0.0,0.07610125494676302,0.07610125494676302,9.5950030751605
mode_b_T200p0_muB0p0_xim0p21_1,subar_to_subar,t,full_process,-0.22,0.02,5.973936395124424,,,0.003995383776702139,0.0,,62644.50708377769,0.0,0.07595030665460449,0.07595030665460449,9.827182395112215
mode_b_T200p0_muB0p0_xim0p21_1,subar_to_subar,t,full_process,-0.22,0.05,6.003936395124424,,,0.004007355999949321,0.0,,62270.75756049065,0.0,0.0754971720985659,0.0754971720985659,10.510405049824278
mode_b_T200p0_muB0p0_xim0p21_1,subar_to_subar,t,full_process,-0.22,0.1,6.053936395124424,,,0.004027569947358157,0.0,,61647.26543055366,0.0,0.07474124918257713,0.07474124918257713,11.550095762178374
mode_b_T200p0_muB0p0_xim0p21_1,subar_to_subar,t,full_process,-0.22,0.2,6.153936395124425,,,0.004068952784093104,0.0,,60399.688563839314,0.0,0.07322868487306122,0.07322868487306122,12.83936849297069
mode_b_T200p0_muB0p0_xim0p21_1,subar_to_subar,t,full_process,-0.22,0.5,6.453936395124424,,,0.004200356149097255,0.0,,56679.72940822811,0.0,0.06871860008249156,0.06871860008249156,9.415780228992789
mode_b_T200p0_muB0p0_xim0p21_1,subar_to_subar,t,full_process,-0.22,1.0,6.953936395124424,,,0.004441361224402147,0.0,,50695.31276465836,0.0,0.06146308319223666,0.06146308319223666,3.6667470016626216
mode_b_T200p0_muB0p0_xim0p21_1,subar_to_subar,t,full_process,-0.22,2.0,7.953936395124424,,,0.0049936157177492045,0.0,,40102.34449311067,0.0,0.04862015049056198,0.04862015049056198,1.3128836182891095
mode_b_T200p0_muB0p0_xim0p21_1,subar_to_subar,s,full_process,-0.21,0.0001,6.045566274177018,0.02530250380410981,-0.0005068109942485511,,,1561.3447119119367,,1062.8511611685074,0.0,1062.8511611685074,20.723507981860667
mode_b_T200p0_muB0p0_xim0p21_1,subar_to_subar,s,full_process,-0.21,0.0005,6.045966274177018,0.025275783132759022,-0.0011334407356759556,,,1562.1341167627543,,1063.3885312034095,0.0,1063.3885312034095,20.73834603759767
mode_b_T200p0_muB0p0_xim0p21_1,subar_to_subar,s,full_process,-0.21,0.001,6.0464662741770185,0.025242358684691157,-0.0016032399848713603,,,1563.1177968702195,,1064.0581498574202,0.0,1064.0581498574202,20.75685966372342
mode_b_T200p0_muB0p0_xim0p21_1,subar_to_subar,s,full_process,-0.21,0.005,6.050466274177018,0.02497502264810536,-0.0035905482133215994,,,1570.7370611239967,,1069.244796853172,0.0,1069.244796853172,20.901905732954003
mode_b_T200p0_muB0p0_xim0p21_1,subar_to_subar,s,full_process,-0.21,0.01,6.055466274177018,0.024640967166904226,-0.005087693517866563,,,1579.6243914807092,,1075.2946520307325,0.0,1075.2946520307325,21.075362739804252
mode_b_T200p0_muB0p0_xim0p21_1,subar_to_subar,s,full_process,-0.21,0.02,6.065466274177018,0.02397321872527236,-0.007223069907741353,,,1595.1813910553299,,1085.884738214798,0.0,1085.884738214798,21.39455247514717
mode_b_T200p0_muB0p0_xim0p21_1,subar_to_subar,s,full_process,-0.21,0.05,6.095466274177018,0.021972861351709727,-0.011553509263603512,,,1622.6121720987699,,1104.5576406567493,0.0,1104.5576406567493,22.104357534402542
mode_b_T200p0_muB0p0_xim0p21_1,subar_to_subar,s,full_process,-0.21,0.1,6.145466274177018,0.018648633134928372,-0.01665262561733889,,,1599.7914953287716,,1089.0229655663616,0.0,1089.0229655663616,22.359418399965893
mode_b_T200p0_muB0p0_xim0p21_1,subar_to_subar,s,full_process,-0.21,0.2,6.245466274177018,0.012037211753687771,-0.024439047940215692,,,1347.415566818489,,917.2235886435892,0.0,917.2235886435892,19.798287590011736
mode_b_T200p0_muB0p0_xim0p21_1,subar_to_subar,s,full_process,-0.21,0.5,6.545466274177018,-0.007488710544400146,-0.04287690472282558,,,527.8410433341187,,359.31621091736724,0.0,359.31621091736724,8.931968417305253
mode_b_T200p0_muB0p0_xim0p21_1,subar_to_subar,s,full_process,-0.21,1.0,7.045466274177018,-0.038938479674026416,-0.07067455073049635,,,153.58394304520678,,104.54890003280931,0.0,104.54890003280931,3.2159504259838214
mode_b_T200p0_muB0p0_xim0p21_1,subar_to_subar,s,full_process,-0.21,2.0,8.045466274177018,-0.09740956102075371,-0.12832332358137416,,,38.52748276307719,,26.22673870749045,0.0,26.22673870749045,1.22137377101958
mode_b_T200p0_muB0p0_xim0p21_1,subar_to_subar,t,full_process,-0.21,0.0001,6.045566274177018,,,0.0039713107619105655,0.0,,63406.277143443214,0.0,0.08258582515122583,0.08258582515122583,20.723507981860667
mode_b_T200p0_muB0p0_xim0p21_1,subar_to_subar,t,full_process,-0.21,0.0005,6.045966274177018,,,0.0039714717869656045,0.0,,63401.135577379006,0.0,0.08257912833042028,0.08257912833042028,20.73834603759767
mode_b_T200p0_muB0p0_xim0p21_1,subar_to_subar,t,full_process,-0.21,0.001,6.0464662741770185,,,0.003971673097378239,0.0,,63394.708570428724,0.0,0.0825707572401094,0.0825707572401094,20.75685966372342
mode_b_T200p0_muB0p0_xim0p21_1,subar_to_subar,t,full_process,-0.21,0.005,6.050466274177018,,,0.0039732847356107335,0.0,,63343.29085336337,0.0,0.08250378635358925,0.08250378635358925,20.901905732954003
mode_b_T200p0_muB0p0_xim0p21_1,subar_to_subar,t,full_process,-0.21,0.01,6.055466274177018,,,0.003975302164279522,0.0,,63279.014911860766,0.0,0.08242006780228005,0.08242006780228005,21.075362739804252
mode_b_T200p0_muB0p0_xim0p21_1,subar_to_subar,t,full_process,-0.21,0.02,6.065466274177018,,,0.003979346600166303,0.0,,63150.45216653892,0.0,0.08225261655163975,0.08225261655163975,21.39455247514717
mode_b_T200p0_muB0p0_xim0p21_1,subar_to_subar,t,full_process,-0.21,0.05,6.095466274177018,,,0.003991556119360661,0.0,,62764.70916448974,0.0,0.08175019146762996,0.08175019146762996,22.104357534402542
mode_b_T200p0_muB0p0_xim0p21_1,subar_to_subar,t,full_process,-0.21,0.1,6.145466274177018,,,0.004012156654246019,0.0,,62121.82941014663,0.0,0.0809128492141914,0.0809128492141914,22.359418399965893
mode_b_T200p0_muB0p0_xim0p21_1,subar_to_subar,t,full_process,-0.21,0.2,6.245466274177018,,,0.00405428068997996,0.0,,60837.64217660116,0.0,0.07924021257458706,0.07924021257458706,19.798287590011736
mode_b_T200p0_muB0p0_xim0p21_1,subar_to_subar,t,full_process,-0.21,0.5,6.545466274177018,,,0.0041876772849194915,0.0,,57023.46290655382,0.0,0.07427229525657547,0.07427229525657547,8.931968417305253
mode_b_T200p0_muB0p0_xim0p21_1,subar_to_subar,t,full_process,-0.21,1.0,7.045466274177018,,,0.004431374227726902,0.0,,50924.07450391907,0.0,0.06632792370784309,0.06632792370784309,3.2159504259838214
mode_b_T200p0_muB0p0_xim0p21_1,subar_to_subar,t,full_process,-0.21,2.0,8.045466274177018,,,0.004987355104763435,0.0,,40203.08840814242,0.0,0.05236398317950242,0.05236398317950242,1.22137377101958
mode_b_T200p0_muB0p0_xim0p21_1,subar_to_subar,s,full_process,-0.2,0.0001,6.140460436937603,0.013941239379208992,-0.0005346758989555954,,,5137.583622564978,,3509.0108809653084,0.0,3509.0108809653084,73.30499547774005
mode_b_T200p0_muB0p0_xim0p21_1,subar_to_subar,s,full_process,-0.2,0.0005,6.1408604369376025,0.013914594545637926,-0.0011957500702585429,,,5127.002002251667,,3501.783549296319,0.0,3501.783549296319,73.16874266579171
mode_b_T200p0_muB0p0_xim0p21_1,subar_to_subar,s,full_process,-0.2,0.001,6.141360436937603,0.01388126471148099,-0.0016913613656774455,,,5113.776064631058,,3492.7501276663456,0.0,3492.7501276663456,72.99835852987916
mode_b_T200p0_muB0p0_xim0p21_1,subar_to_subar,s,full_process,-0.2,0.005,6.145360436937603,0.01361468780768127,-0.003787641392285827,,,5007.362038555471,,3420.068493104471,0.0,3420.068493104471,71.62324775088945
mode_b_T200p0_muB0p0_xim0p21_1,subar_to_subar,s,full_process,-0.2,0.01,6.150360436937603,0.01328158514194444,-0.005366509596228428,,,4873.296030091247,,3328.5003324613244,0.0,3328.5003324613244,69.88086003943388
mode_b_T200p0_muB0p0_xim0p21_1,subar_to_subar,s,full_process,-0.2,0.02,6.160360436937602,0.012615755131060613,-0.007617612529982552,,,4604.363225146036,,3144.8170665274256,0.0,3144.8170665274256,66.35605312789407
mode_b_T200p0_muB0p0_xim0p21_1,subar_to_subar,s,full_process,-0.2,0.05,6.190360436937603,0.010621254404730163,-0.012178447017753436,,,3829.5744856203205,,2615.63013407456,0.0,2615.63013407456,56.020341270241076
mode_b_T200p0_muB0p0_xim0p21_1,subar_to_subar,s,full_process,-0.2,0.1,6.2403604369376025,0.007307118220054698,-0.017538976328195132,,,2770.008923627294,,1891.938344455878,0.0,1891.938344455878,41.52839958706733
mode_b_T200p0_muB0p0_xim0p21_1,subar_to_subar,s,full_process,-0.2,0.2,6.340360436937603,0.0007170720092691818,-0.02569944048462633,,,1512.915532610556,,1033.333461005823,0.0,1033.333461005823,23.796786346838523
mode_b_T200p0_muB0p0_xim0p21_1,subar_to_subar,s,full_process,-0.2,0.5,6.640360436937603,-0.01873610109694579,-0.04489878375361478,,,422.48601243784157,,288.5613400409986,0.0,288.5613400409986,7.611632399897275
mode_b_T200p0_muB0p0_xim0p21_1,subar_to_subar,s,full_process,-0.2,1.0,7.140360436937603,-0.050040908740853096,-0.07358769688672005,,,126.27471673668292,,86.24664581101544,0.0,86.24664581101544,2.7958928582981946
mode_b_T200p0_muB0p0_xim0p21_1,subar_to_subar,s,full_process,-0.2,2.0,8.140360436937602,-0.10816042707864626,-0.13253965871248782,,,34.16999813283045,,23.338383189333808,0.0,23.338383189333808,1.137304952196182
mode_b_T200p0_muB0p0_xim0p21_1,subar_to_subar,t,full_process,-0.2,0.0001,6.140460436937603,,,0.003955458940216164,0.0,,63915.50706320944,0.0,0.08938824825955397,0.08938824825955397,73.30499547774005
mode_b_T200p0_muB0p0_xim0p21_1,subar_to_subar,t,full_process,-0.2,0.0005,6.1408604369376025,,,0.00395562319660656,0.0,,63910.19901844169,0.0,0.08938082475866552,0.08938082475866552,73.16874266579171
mode_b_T200p0_muB0p0_xim0p21_1,subar_to_subar,t,full_process,-0.2,0.001,6.141360436937603,,,0.003955828545180092,0.0,,63903.56398488543,0.0,0.08937154541388681,0.08937154541388681,72.99835852987916
mode_b_T200p0_muB0p0_xim0p21_1,subar_to_subar,t,full_process,-0.2,0.005,6.145360436937603,,,0.003957472448222921,0.0,,63850.48493207042,0.0,0.0892973123557697,0.0892973123557697,71.62324775088945
mode_b_T200p0_muB0p0_xim0p21_1,subar_to_subar,t,full_process,-0.2,0.01,6.150360436937603,,,0.00395953010688725,0.0,,63784.1395011413,0.0,0.08920452576729894,0.08920452576729894,69.88086003943388
mode_b_T200p0_muB0p0_xim0p21_1,subar_to_subar,t,full_process,-0.2,0.02,6.160360436937602,,,0.003963654667525786,0.0,,63651.46161041411,0.0,0.08901897073097328,0.08901897073097328,66.35605312789407
mode_b_T200p0_muB0p0_xim0p21_1,subar_to_subar,t,full_process,-0.2,0.05,6.190360436937603,,,0.003976101907886176,0.0,,63253.56189315082,0.0,0.08846249296300447,0.08846249296300447,56.020341270241076
mode_b_T200p0_muB0p0_xim0p21_1,subar_to_subar,t,full_process,-0.2,0.1,6.2403604369376025,,,0.003997089989393025,0.0,,62591.03716408543,0.0,0.08753592713131629,0.08753592713131629,41.52839958706733
mode_b_T200p0_muB0p0_xim0p21_1,subar_to_subar,t,full_process,-0.2,0.2,6.340360436937603,,,0.004039958012912133,0.0,,61269.776615717885,0.0,0.08568809440120558,0.08568809440120558,23.796786346838523
mode_b_T200p0_muB0p0_xim0p21_1,subar_to_subar,t,full_process,-0.2,0.5,6.640360436937603,,,0.00417536198516259,0.0,,57360.34229889803,0.0,0.08022060300008561,0.08022060300008561,7.611632399897275
mode_b_T200p0_muB0p0_xim0p21_1,subar_to_subar,t,full_process,-0.2,1.0,7.140360436937603,,,0.004421787694545048,0.0,,51145.12289521458,0.0,0.0715283841541234,0.0715283841541234,2.7958928582981946
mode_b_T200p0_muB0p0_xim0p21_1,subar_to_subar,t,full_process,-0.2,2.0,8.140360436937602,,,0.004981592094800597,0.0,,40296.1609888171,0.0,0.05635570157979227,0.05635570157979227,1.137304952196182
mode_a_muB450p0_alpha1p1_xip0p35_1,dubar_to_dubar,s,full_process,0.34,0.0001,0.827222259379322,0.0031777562205970167,-0.00022408953007419172,,,98538.17906773592,,87705.66459168849,0.0,87705.66459168849,477.74957427030205
mode_a_muB450p0_alpha1p1_xip0p35_1,dubar_to_dubar,s,full_process,0.34,0.0005,0.827622259379322,0.0031417314329208468,-0.0005013329971104535,,,98796.54768754721,,87935.63019207283,0.0,87935.63019207283,479.27469841954183
mode_a_muB450p0_alpha1p1_xip0p35_1,dubar_to_dubar,s,full_process,0.34,0.001,0.828122259379322,0.0030967009089832853,-0.0007094401797665929,,,99079.92510556188,,88187.85531955377,0.0,88187.85531955377,480.9909901397966
mode_a_muB450p0_alpha1p1_xip0p35_1,dubar_to_dubar,s,full_process,0.34,0.005,0.832122259379322,0.0027365209230778564,-0.0015943746500753039,,,99695.15924786791,,88735.45544613275,0.0,88735.45544613275,486.7290634541308
mode_a_muB450p0_alpha1p1_xip0p35_1,dubar_to_dubar,s,full_process,0.34,0.01,0.837122259379322,0.0022864881047723884,-0.0022689588871399238,,,96374.37402942617,,85779.73130646137,0.0,85779.73130646137,473.84511421131634
mode_a_muB450p0_alpha1p1_xip0p35_1,dubar_to_dubar,s,full_process,0.34,0.02,0.8471222593793221,0.001387087971352785,-0.0032488709341192278,,,80133.49993100115,,71324.25151346726,0.0,71324.25151346726,399.540117075734
mode_a_muB450p0_alpha1p1_xip0p35_1,dubar_to_dubar,s,full_process,0.34,0.05,0.8771222593793221,-0.001305747670045987,-0.0053269266566268484,,,33243.4379985932,,29588.91518560396,0.0,29588.91518560396,172.68993298887744
mode_a_muB450p0_alpha1p1_xip0p35_1,dubar_to_dubar,s,full_process,0.34,0.1,0.927122259379322,-0.0057758914382946,-0.00798080543640485,,,10303.523533000698,,9170.834976326314,0.0,9170.834976326314,57.14777741300745
mode_a_muB450p0_alpha1p1_xip0p35_1,dubar_to_dubar,s,full_process,0.34,0.2,1.0271222593793221,-0.014648934518185719,-0.012549489178261113,,,2687.587123243756,,2392.134876270833,0.0,2392.134876270833,16.835968036872572
mode_a_muB450p0_alpha1p1_xip0p35_1,dubar_to_dubar,s,full_process,0.34,0.5,1.3271222593793222,-0.04072940555126303,-0.025800832659416257,,,430.1875616625685,,382.89611551230684,0.0,382.89611551230684,3.6754678477811673
mode_a_muB450p0_alpha1p1_xip0p35_1,dubar_to_dubar,s,full_process,0.34,1.0,1.8271222593793222,-0.08239909831147463,-0.050374152124819355,,,107.21369547331193,,95.42746277413511,0.0,95.42746277413511,1.3774487561979658
mode_a_muB450p0_alpha1p1_xip0p35_1,dubar_to_dubar,s,full_process,0.34,2.0,2.827122259379322,-0.15900980807356202,-0.1096330728178581,,,26.807114702837513,,23.860150786648127,0.0,23.860150786648127,0.6612259117403848
mode_a_muB450p0_alpha1p1_xip0p35_1,dubar_to_dubar,t,full_process,0.34,0.0001,0.827222259379322,0.07957740486635823,0.0,0.00413277663030823,0.0,157.91393505594465,58548.54865869964,35.13852892707035,0.7228842819856173,25.781514349746693,477.74957427030205
mode_a_muB450p0_alpha1p1_xip0p35_1,dubar_to_dubar,t,full_process,0.34,0.0005,0.827622259379322,0.07959388573619597,0.0,0.004133042492581251,0.0,157.84854587335593,58541.01650793583,35.123978724878924,0.7228390637120924,25.769321294851125,479.27469841954183
mode_a_muB450p0_alpha1p1_xip0p35_1,dubar_to_dubar,t,full_process,0.34,0.001,0.828122259379322,0.07961448713437891,0.0,0.004133374833440751,0.0,157.76686526157206,58531.602994586094,35.10580340337272,0.722782546248938,25.754091029874193,480.9909901397966
mode_a_muB450p0_alpha1p1_xip0p35_1,dubar_to_dubar,t,full_process,0.34,0.005,0.832122259379322,0.07977931032097618,0.0,0.004136034068792525,0.0,157.1156494074515,58456.36218735281,34.96089683056349,0.7223306228689441,25.63268987901825,486.7290634541308
mode_a_muB450p0_alpha1p1_xip0p35_1,dubar_to_dubar,t,full_process,0.34,0.01,0.837122259379322,0.07998536903266562,0.0,0.004139359379233479,0.0,156.30716789857792,58362.47931566431,34.780995982190056,0.7217662597325653,25.48203384926798,473.84511421131634
mode_a_muB450p0_alpha1p1_xip0p35_1,dubar_to_dubar,t,full_process,0.34,0.02,0.8471222593793221,0.0803975846940429,0.0,0.004146014212753314,0.0,154.70843619979297,58175.27258834902,34.425251063133516,0.720639336108957,25.184326250672086,399.540117075734
mode_a_muB450p0_alpha1p1_xip0p35_1,dubar_to_dubar,t,full_process,0.34,0.05,0.8771222593793221,0.0816350037562329,0.0,0.004166012318420284,0.0,150.0538579696282,57618.09568292062,33.38952846065374,0.7172729607992637,24.319175368386944,172.68993298887744
mode_a_muB450p0_alpha1p1_xip0p35_1,dubar_to_dubar,t,full_process,0.34,0.1,0.927122259379322,0.08369985483933817,0.0,0.0041994539303180315,0.0,142.74160983473337,56704.08638909435,31.762429227651356,0.7117101358735967,22.96506100202488,57.14777741300745
mode_a_muB450p0_alpha1p1_xip0p35_1,dubar_to_dubar,t,full_process,0.34,0.2,1.0271222593793221,0.08783826561300456,0.0,0.0042667509685744365,0.0,129.60820505418027,54929.46998209727,28.84002390839377,0.7007622256303244,20.549679563355994,16.835968036872572
mode_a_muB450p0_alpha1p1_xip0p35_1,dubar_to_dubar,t,full_process,0.34,0.5,1.3271222593793222,0.10031261942300962,0.0,0.004471881085094031,0.0,99.3776809076367,50005.69955156928,22.113219546084025,0.6693055116346648,15.088241537550891,3.6754678477811673
mode_a_muB450p0_alpha1p1_xip0p35_1,dubar_to_dubar,t,full_process,0.34,1.0,1.8271222593793222,0.12124626272048922,0.0,0.004824174472848373,0.0,68.0241742126305,42968.87541720098,15.136532519842437,0.6212343447014017,9.624795688672956,1.3774487561979658
mode_a_muB450p0_alpha1p1_xip0p35_1,dubar_to_dubar,t,full_process,0.34,2.0,2.827122259379322,0.16338625764477088,0.0,0.0055656463665676465,0.0,37.46010145127694,32282.620679265438,8.33550793342183,0.5393256407847482,4.634289666895121,0.6612259117403848
mode_a_muB450p0_alpha1p1_xip0p35_1,dubar_to_dubar,s,full_process,0.35,0.0001,0.8595613027120967,-0.0007410611844629322,-0.00023285380119304197,,,1.657295841309237e6,,1.4756526425570364e6,0.0,1.4756526425570364e6,8393.531134429286
mode_a_muB450p0_alpha1p1_xip0p35_1,dubar_to_dubar,s,full_process,0.35,0.0005,0.8599613027120967,-0.0007770697807800708,-0.0005209307993497865,,,1.1425876985928419e6,,1.017357622432424e6,0.0,1.017357622432424e6,5789.926388046243
mode_a_muB450p0_alpha1p1_xip0p35_1,dubar_to_dubar,s,full_process,0.35,0.001,0.8604613027120968,-0.0008220801192198035,-0.0007371561811310486,,,820199.9111031177,,730304.2317948525,0.0,730304.2317948525,4159.121496936619
mode_a_muB450p0_alpha1p1_xip0p35_1,dubar_to_dubar,s,full_process,0.35,0.005,0.8644613027120968,-0.0011820990860209601,-0.0016563588762225588,,,241494.38798265075,,215026.08219164773,0.0,215026.08219164773,1231.3176636189412
mode_a_muB450p0_alpha1p1_xip0p35_1,dubar_to_dubar,s,full_process,0.35,0.01,0.8694613027120968,-0.0016319304875314078,-0.002356634357163202,,,121700.06309226686,,108361.4736881125,0.0,108361.4736881125,624.7634174156296
mode_a_muB450p0_alpha1p1_xip0p35_1,dubar_to_dubar,s,full_process,0.35,0.02,0.8794613027120968,-0.002530926144807877,-0.003372909475675734,,,56236.310207255374,,50072.689315038355,0.0,50072.689315038355,292.62851825064763
mode_a_muB450p0_alpha1p1_xip0p35_1,dubar_to_dubar,s,full_process,0.35,0.05,0.9094613027120968,-0.0052225331578024115,-0.005523269454359955,,,17306.619881414594,,15409.7770145623,0.0,15409.7770145623,93.70522860804041
mode_a_muB450p0_alpha1p1_xip0p35_1,dubar_to_dubar,s,full_process,0.35,0.1,0.9594613027120967,-0.009690577251491694,-0.008258991971611741,,,6168.337539145676,,5492.274440652935,0.0,5492.274440652935,35.58881969328864
mode_a_muB450p0_alpha1p1_xip0p35_1,dubar_to_dubar,s,full_process,0.35,0.2,1.0594613027120967,-0.018559226838047227,-0.012944341474250238,,,1953.1216544090844,,1739.0553084879443,0.0,1739.0553084879443,12.684437481433973
mode_a_muB450p0_alpha1p1_xip0p35_1,dubar_to_dubar,s,full_process,0.35,0.5,1.3594613027120968,-0.04462499818185517,-0.02643169071922922,,,371.74379337210826,,330.99987182150306,0.0,330.99987182150306,3.26979903223137
mode_a_muB450p0_alpha1p1_xip0p35_1,dubar_to_dubar,s,full_process,0.35,1.0,1.8594613027120968,-0.08626536136320229,-0.05128047709139771,,,99.2910627862949,,88.40854814860839,0.0,88.40854814860839,1.3049252625686127
mode_a_muB450p0_alpha1p1_xip0p35_1,dubar_to_dubar,s,full_process,0.35,2.0,2.8594613027120968,-0.16280102565520127,-0.11094855618299918,,,25.764061538051557,,22.94026482416642,0.0,22.94026482416642,0.6466337605932271
mode_a_muB450p0_alpha1p1_xip0p35_1,dubar_to_dubar,t,full_process,0.35,0.0001,0.8595613027120967,0.07868376488310125,0.0,0.004123098419085686,0.0,161.52127569987184,58823.7350406258,35.954548876346124,0.7254330155212908,26.46575322533064,8393.531134429286
mode_a_muB450p0_alpha1p1_xip0p35_1,dubar_to_dubar,t,full_process,0.35,0.0005,0.8599613027120967,0.07870021313486886,0.0,0.00412336368377936,0.0,161.45376724278677,58816.166773871606,35.939521530200444,0.7253875643252624,26.453135108423705,5789.926388046243
mode_a_muB450p0_alpha1p1_xip0p35_1,dubar_to_dubar,t,full_process,0.35,0.001,0.8604613027120968,0.07872077376280329,0.0,0.004123695277640649,0.0,161.36943988761024,58806.70812361032,35.920750306408635,0.7253307557484628,26.43737400067292,4159.121496936619
mode_a_muB450p0_alpha1p1_xip0p35_1,dubar_to_dubar,t,full_process,0.35,0.005,0.8644613027120968,0.07888527087530817,0.0,0.0041263485360151985,0.0,160.69714377795455,58731.10654720902,35.77109755491037,0.7248765050645574,26.31174543372605,1231.3176636189412
mode_a_muB450p0_alpha1p1_xip0p35_1,dubar_to_dubar,t,full_process,0.35,0.01,0.8694613027120968,0.07909092221481762,0.0,0.004129666372766623,0.0,159.8625443834944,58636.77352882989,35.585316179730704,0.7243092368098973,26.15585307247465,624.7634174156296
mode_a_muB450p0_alpha1p1_xip0p35_1,dubar_to_dubar,t,full_process,0.35,0.02,0.8794613027120968,0.07950232388469514,0.0,0.004136306250831754,0.0,158.21233971049324,58448.66921327803,35.217981509333256,0.7231765162514053,25.8478300952485,292.62851825064763
mode_a_muB450p0_alpha1p1_xip0p35_1,dubar_to_dubar,t,full_process,0.35,0.05,0.9094613027120968,0.08073730735128848,0.0,0.004156259428457807,0.0,153.40922552997185,57888.820969274784,34.148810882653024,0.7197928551327166,24.952945396634203,93.70522860804041
mode_a_muB450p0_alpha1p1_xip0p35_1,dubar_to_dubar,t,full_process,0.35,0.1,0.9594613027120967,0.08279812258529384,0.0,0.004189625973107689,0.0,145.86766169042713,56970.429482130094,32.47006283848301,0.7142015615470133,23.553029882529326,35.58881969328864
mode_a_muB450p0_alpha1p1_xip0p35_1,dubar_to_dubar,t,full_process,0.35,0.2,1.0594613027120967,0.08692856391802717,0.0,0.004256772296763684,0.0,132.33508173271437,55187.30176971313,29.457717836845404,0.7031979332028617,21.05825543369763,12.684437481433973
mode_a_muB450p0_alpha1p1_xip0p35_1,dubar_to_dubar,t,full_process,0.35,0.5,1.3594613027120968,0.09938002079782093,0.0,0.004461447438825521,0.0,101.25158569655247,50239.862058922896,22.538548379835113,0.6715829131687335,15.428999246951909,3.26979903223137
mode_a_muB450p0_alpha1p1_xip0p35_1,dubar_to_dubar,t,full_process,0.35,1.0,1.8594613027120968,0.12027945494747994,0.0,0.004812980174209074,0.0,69.12212756776208,43168.98669213407,15.386548325002519,0.623273518854218,9.816267737353819,1.3049252625686127
mode_a_muB450p0_alpha1p1_xip0p35_1,dubar_to_dubar,t,full_process,0.35,2.0,2.8594613027120968,0.16236598967205318,0.0,0.005552943011771812,0.0,37.932360725746626,32430.494219227672,8.443723043911868,0.5409678294008972,4.710216623944854,0.6466337605932271
mode_a_muB450p0_alpha1p1_xip0p35_1,dubar_to_dubar,s,full_process,0.36,0.0001,0.8927470659515507,-0.004715160572460908,-0.0002418453599648401,,,44860.69506605217,,39958.72220131954,0.0,39958.72220131954,237.28304570237867
mode_a_muB450p0_alpha1p1_xip0p35_1,dubar_to_dubar,s,full_process,0.36,0.0005,0.8931470659515507,-0.004751150974708462,-0.0005410368256897095,,,43732.75425661043,,38954.032608399044,0.0,38954.032608399044,231.44008044808976
mode_a_muB450p0_alpha1p1_xip0p35_1,dubar_to_dubar,s,full_process,0.36,0.001,0.8936470659515507,-0.0047961386249926186,-0.0007655909083462444,,,42392.50558488471,,37760.23424492299,0.0,37760.23424492299,224.4964486987319
mode_a_muB450p0_alpha1p1_xip0p35_1,dubar_to_dubar,s,full_process,0.36,0.005,0.8976470659515507,-0.005155976560347053,-0.001719950015281361,,,33849.74235575932,,30150.947268838303,0.0,30150.947268838303,180.21020260194788
mode_a_muB450p0_alpha1p1_xip0p35_1,dubar_to_dubar,s,full_process,0.36,0.01,0.9026470659515508,-0.005605581539101179,-0.0024465819791563235,,,26732.029849849645,,23810.994303025447,0.0,23810.994303025447,143.25892693194982
mode_a_muB450p0_alpha1p1_xip0p35_1,dubar_to_dubar,s,full_process,0.36,0.02,0.9126470659515508,-0.006504122718657079,-0.0035001602889246693,,,18330.214805863438,,16327.253963397887,0.0,16327.253963397887,99.5276170409245
mode_a_muB450p0_alpha1p1_xip0p35_1,dubar_to_dubar,s,full_process,0.36,0.05,0.9426470659515508,-0.009194351130022982,-0.005724686370090193,,,8524.558594589076,,7593.0715801106235,0.0,7593.0715801106235,48.10142774368156
mode_a_muB450p0_alpha1p1_xip0p35_1,dubar_to_dubar,s,full_process,0.36,0.1,0.9926470659515507,-0.013660045661937348,-0.008544342713011502,,,3852.0409516958457,,3431.124597384978,0.0,3431.124597384978,23.117610750932876
mode_a_muB450p0_alpha1p1_xip0p35_1,dubar_to_dubar,s,full_process,0.36,0.2,1.0926470659515508,-0.022523802268446635,-0.01334929213722836,,,1458.7354324326843,,1299.3379577372523,0.0,1299.3379577372523,9.8221426983847
mode_a_muB450p0_alpha1p1_xip0p35_1,dubar_to_dubar,s,full_process,0.36,0.5,1.3926470659515506,-0.04857337902458392,-0.027078353887093655,,,323.35143162256463,,288.0184983888572,0.0,288.0184983888572,2.928641822494855
mode_a_muB450p0_alpha1p1_xip0p35_1,dubar_to_dubar,s,full_process,0.36,1.0,1.8926470659515506,-0.09018194081595587,-0.05220875848169409,,,92.0934383837604,,82.03029657749718,0.0,82.03029657749718,1.238430951009369
mode_a_muB450p0_alpha1p1_xip0p35_1,dubar_to_dubar,s,full_process,0.36,2.0,2.8926470659515506,-0.16663773650137848,-0.11229392596917213,,,24.765924225821,,22.059727000248095,0.0,22.059727000248095,0.6326099516978213
mode_a_muB450p0_alpha1p1_xip0p35_1,dubar_to_dubar,t,full_process,0.36,0.0001,0.8927470659515507,0.07781402840023377,0.0,0.004113587477400618,0.0,165.15213854326254,59096.05981082136,36.77644993734076,0.7279696851533529,27.156059234114892,237.28304570237867
mode_a_muB450p0_alpha1p1_xip0p35_1,dubar_to_dubar,t,full_process,0.36,0.0005,0.8931470659515507,0.07783044458467037,0.0,0.004113852158730595,0.0,165.0824773185873,59088.45568703664,36.76093761903572,0.7279239983731537,27.143008593980685,231.44008044808976
mode_a_muB450p0_alpha1p1_xip0p35_1,dubar_to_dubar,t,full_process,0.36,0.001,0.8936470659515507,0.07785096513049705,0.0,0.004114183023361385,0.0,164.99546141395427,59078.95222360671,36.74156072153545,0.7278668953573989,27.12670733004967,224.4964486987319
mode_a_muB450p0_alpha1p1_xip0p35_1,dubar_to_dubar,t,full_process,0.36,0.005,0.8976470659515507,0.07801514166261558,0.0,0.004116830446825505,0.0,164.30175300190888,59002.992469716926,36.58708417093357,0.727410290838544,26.996777362003755,180.21020260194788
mode_a_muB450p0_alpha1p1_xip0p35_1,dubar_to_dubar,t,full_process,0.36,0.01,0.9026470659515508,0.07822039246848378,0.0,0.004120140987282906,0.0,163.4406266031462,58908.21254856218,36.3953266062229,0.7268400844802101,26.835557479665315,143.25892693194982
mode_a_muB450p0_alpha1p1_xip0p35_1,dubar_to_dubar,t,full_process,0.36,0.02,0.9126470659515508,0.07863099372820148,0.0,0.0041267662640529,0.0,161.73815009185248,58719.217146829425,36.01621530473229,0.7257015016090099,26.51704095791798,99.5276170409245
mode_a_muB450p0_alpha1p1_xip0p35_1,dubar_to_dubar,t,full_process,0.36,0.05,0.9426470659515508,0.07986358156990037,0.0,0.004146675570980612,0.0,156.78425063448606,58156.71718110504,34.91306982326618,0.7223003632564354,25.591919979399076,48.10142774368156
mode_a_muB450p0_alpha1p1_xip0p35_1,dubar_to_dubar,t,full_process,0.36,0.1,0.9926470659515507,0.08192042495762697,0.0,0.00417996879302764,0.0,149.0100659636653,57233.976542028446,33.18189688253444,0.7166802974057567,24.145462451554824,23.117610750932876
mode_a_muB450p0_alpha1p1_xip0p35_1,dubar_to_dubar,t,full_process,0.36,0.2,1.0926470659515508,0.08604301491422806,0.0,0.0042469678229552135,0.0,135.07306695208672,55442.404725032284,30.07837457306208,0.705620399444049,21.570110953077236,9.8221426983847
mode_a_muB450p0_alpha1p1_xip0p35_1,dubar_to_dubar,t,full_process,0.36,0.5,1.3926470659515506,0.09847185142726578,0.0,0.00445119769280741,0.0,103.12780949932983,50471.502504029304,22.9647327406917,0.6738458149655026,15.77100229632133,2.928641822494855
mode_a_muB450p0_alpha1p1_xip0p35_1,dubar_to_dubar,t,full_process,0.36,1.0,1.8926470659515506,0.11933731439060458,0.0,0.004801984195672296,0.0,70.21784225972935,43366.91684701586,15.636267161606025,0.6252971007200544,10.007825373553558,1.238430951009369
mode_a_muB450p0_alpha1p1_xip0p35_1,dubar_to_dubar,t,full_process,0.36,2.0,2.8926470659515506,0.16137030387456264,0.0,0.005540461587066384,0.0,38.40190477492796,32576.77615027349,8.551422590775035,0.5425943482412976,4.785906649259355,0.6326099516978213
mode_a_muB450p0_alpha1p1_xip0p35_1,uubar_to_uubar,s,full_process,0.34,0.0001,0.8272222593793227,0.0031777562205970167,-0.00022408953007419172,0.003395239012489562,-1.5944585023429558e-6,98538.17906773592,86747.94577616849,21926.416147922122,0.9772498871488245,22219.44111393872,121.83004633034695
mode_a_muB450p0_alpha1p1_xip0p35_1,uubar_to_uubar,s,full_process,0.34,0.0005,0.8276222593793227,0.0031417314329208468,-0.0005013329971104535,0.003394899128061083,-3.567038864701031e-6,98796.54768754721,86765.23974439528,21983.9075480182,0.9773992310149616,22274.439866637553,122.19204118506177
mode_a_muB450p0_alpha1p1_xip0p35_1,uubar_to_uubar,s,full_process,0.34,0.001,0.8281222593793227,0.0030967009089832853,-0.0007094401797665929,0.0033944742895960153,-5.047597329289561e-6,99079.92510556188,86786.86337555487,22046.963829888442,0.9775859547289786,22334.24145505671,122.59589826289009
mode_a_muB450p0_alpha1p1_xip0p35_1,uubar_to_uubar,s,full_process,0.34,0.005,0.8321222593793227,0.0027365209230778564,-0.0015943746500753039,0.0033910765903823626,-1.1341179628112327e-5,99695.15924786791,86960.08283623007,22183.863861533187,0.9790813131908676,22440.0171503095,123.7879473519869
mode_a_muB450p0_alpha1p1_xip0p35_1,uubar_to_uubar,s,full_process,0.34,0.01,0.8371222593793227,0.0022864881047723884,-0.0022689588871399238,0.0033868322124766042,-1.6134966425889478e-5,96374.37402942617,87177.17267724084,21444.932826615342,0.9809543076436624,21652.78964498405,120.18797661608482
mode_a_muB450p0_alpha1p1_xip0p35_1,uubar_to_uubar,s,full_process,0.34,0.02,0.8471222593793227,0.001387087971352785,-0.0032488709341192278,0.003378352785401468,-2.3089836046950757e-5,80133.49993100115,87613.23486886673,17831.062878366807,0.9847128754580387,17937.771102716848,100.8120021735712
mode_a_muB450p0_alpha1p1_xip0p35_1,uubar_to_uubar,s,full_process,0.34,0.05,0.8771222593793228,-0.001305747670045987,-0.0053269266566268484,0.0033529893750600497,-3.779236834365272e-5,33243.4379985932,88936.59042546024,7397.2287964009865,0.9960895383684224,7359.234741280746,42.94003643374912
mode_a_muB450p0_alpha1p1_xip0p35_1,uubar_to_uubar,s,full_process,0.34,0.1,0.9271222593793227,-0.0057758914382946,-0.00798080543640485,0.0033109665023566912,-5.645463092498123e-5,10303.523533000698,91193.56255309323,2292.7087440815776,1.0153902772298675,2238.489007901585,13.915019238073619
mode_a_muB450p0_alpha1p1_xip0p35_1,uubar_to_uubar,s,full_process,0.34,0.2,1.0271222593793228,-0.014648934518185719,-0.012549489178261113,0.0032278542593455963,-8.824827735935129e-5,2687.587123243756,95906.41794208379,598.033719067708,1.0552884062587153,561.8403437611851,3.988375538126086
mode_a_muB450p0_alpha1p1_xip0p35_1,uubar_to_uubar,s,full_process,0.34,0.5,1.3271222593793226,-0.04072940555126303,-0.025800832659416257,0.0029859402602905568,-0.00017815638578690593,430.1875616625685,111762.07633068261,95.72402887807671,1.1857494310321302,79.62079565243798,1.1484346726989392
mode_a_muB450p0_alpha1p1_xip0p35_1,uubar_to_uubar,s,full_process,0.34,1.0,1.8271222593793226,-0.08239909831147463,-0.050374152124819355,0.0026071628707044887,-0.0003368969310183145,107.21369547331193,144701.0941919155,23.856865693533766,1.440169290327788,16.161039816289286,1.3978039627672243
mode_a_muB450p0_alpha1p1_xip0p35_1,uubar_to_uubar,s,full_process,0.34,2.0,2.8271222593793226,-0.15900980807356202,-0.1096330728178581,0.0019383287961557505,-0.0006831469528212993,26.807114702837513,236753.1699915133,5.965037696662029,2.045521365656294,3.9041766212889346,0.36024085072434686
mode_a_muB450p0_alpha1p1_xip0p35_1,uubar_to_uubar,t,full_process,0.34,0.0001,0.8272222593793227,0.07957740486635823,0.0,0.00413277663030823,0.0,157.91393505594465,58548.54865869964,35.13852892707035,0.7228842819856173,45.941312068365235,121.83004633034695
mode_a_muB450p0_alpha1p1_xip0p35_1,uubar_to_uubar,t,full_process,0.34,0.0005,0.8276222593793227,0.07959388573619597,0.0,0.004133042492581251,0.0,157.84854587335593,58541.01650793583,35.123978724878924,0.7228390637120924,45.924314282330904,122.19204118506177
mode_a_muB450p0_alpha1p1_xip0p35_1,uubar_to_uubar,t,full_process,0.34,0.001,0.8281222593793227,0.07961448713437891,0.0,0.004133374833440751,0.0,157.76686526157206,58531.602994586094,35.10580340337272,0.722782546248938,45.90308086936911,122.59589826289009
mode_a_muB450p0_alpha1p1_xip0p35_1,uubar_to_uubar,t,full_process,0.34,0.005,0.8321222593793227,0.07977931032097618,0.0,0.004136034068792525,0.0,157.1156494074515,58456.36218735281,34.96089683056349,0.7223306228689441,45.73376502784662,123.7879473519869
mode_a_muB450p0_alpha1p1_xip0p35_1,uubar_to_uubar,t,full_process,0.34,0.01,0.8371222593793227,0.07998536903266562,0.0,0.004139359379233479,0.0,156.30716789857792,58362.47931566431,34.780995982190056,0.7217662597325653,45.52349063457726,120.18797661608482
mode_a_muB450p0_alpha1p1_xip0p35_1,uubar_to_uubar,t,full_process,0.34,0.02,0.8471222593793227,0.0803975846940429,0.0,0.004146014212753314,0.0,154.70843619979297,58175.27258834902,34.425251063133516,0.720639336108957,45.10745454781286,100.8120021735712
mode_a_muB450p0_alpha1p1_xip0p35_1,uubar_to_uubar,t,full_process,0.34,0.05,0.8771222593793228,0.0816350037562329,0.0,0.004166012318420284,0.0,150.0538579696282,57618.09568292062,33.38952846065374,0.7172729607992637,43.89442747451907,42.94003643374912
mode_a_muB450p0_alpha1p1_xip0p35_1,uubar_to_uubar,t,full_process,0.34,0.1,0.9271222593793227,0.08369985483933817,0.0,0.0041994539303180315,0.0,142.74160983473337,56704.08638909435,31.762429227651356,0.7117101358735967,41.98321772502503,13.915019238073619
mode_a_muB450p0_alpha1p1_xip0p35_1,uubar_to_uubar,t,full_process,0.34,0.2,1.0271222593793228,0.08783826561300456,0.0,0.0042667509685744365,0.0,129.60820505418027,54929.46998209727,28.84002390839377,0.7007622256303244,38.531892704692204,3.988375538126086
mode_a_muB450p0_alpha1p1_xip0p35_1,uubar_to_uubar,t,full_process,0.34,0.5,1.3271222593793226,0.10031261942300962,0.0,0.004471881085094031,0.0,99.3776809076367,50005.69955156928,22.113219546084025,0.6693055116346648,30.47680857788649,1.1484346726989392
mode_a_muB450p0_alpha1p1_xip0p35_1,uubar_to_uubar,t,full_process,0.34,1.0,1.8271222593793226,0.12124626272048922,0.0,0.004824174472848373,0.0,68.0241742126305,42968.87541720098,15.136532519842437,0.6212343447014017,21.89073804041472,1.3978039627672243
mode_a_muB450p0_alpha1p1_xip0p35_1,uubar_to_uubar,t,full_process,0.34,2.0,2.8271222593793226,0.163386257644771,0.0,0.00556564636656765,0.0,37.46010145127689,32282.620679265405,8.335507933421818,0.5393256407847482,13.11537748151802,0.36024085072434686
mode_a_muB450p0_alpha1p1_xip0p35_1,uubar_to_uubar,s,full_process,0.35,0.0001,0.8595613027120965,-0.0007410611844629322,-0.00023285380119304197,0.003358234963429267,-1.6526081533454055e-6,1.657295841309237e6,88670.21001723895,368913.1606392589,0.9942027576138446,367758.79723982123,2088.9641733815606
mode_a_muB450p0_alpha1p1_xip0p35_1,uubar_to_uubar,s,full_process,0.35,0.0005,0.8599613027120965,-0.0007770697807800708,-0.0005209307993497865,0.003357896402392013,-3.697059798706658e-6,1.1425876985928419e6,88688.00529514735,254339.40560810594,0.9943559458673676,253505.5823161209,1440.6983566726667
mode_a_muB450p0_alpha1p1_xip0p35_1,uubar_to_uubar,s,full_process,0.35,0.001,0.8604613027120965,-0.0008220801192198035,-0.0007371561811310486,0.003357473217773315,-5.231464729578572e-6,820199.9111031177,88710.25579650725,182576.05794871307,0.9945474766971427,181943.42950299958,1034.6511850461748
mode_a_muB450p0_alpha1p1_xip0p35_1,uubar_to_uubar,s,full_process,0.35,0.005,0.8644613027120965,-0.0011820990860209601,-0.0016563588762225588,0.0033540887447433268,-1.1752141283828368e-5,241494.38798265075,88888.49840812625,53756.52054791191,0.9960813454482332,53489.99416069852,305.70881582269686
mode_a_muB450p0_alpha1p1_xip0p35_1,uubar_to_uubar,s,full_process,0.35,0.01,0.8694613027120965,-0.0016319304875314078,-0.002356634357163202,0.0033498608967889518,-1.671583855838874e-5,121700.06309226686,89111.88685414936,27090.368422028114,0.998002602458839,26905.498649865593,154.7399107991315
mode_a_muB450p0_alpha1p1_xip0p35_1,uubar_to_uubar,s,full_process,0.35,0.02,0.8794613027120965,-0.002530926144807877,-0.003372909475675734,0.003341414528171637,-2.391042054083334e-5,56236.310207255374,89560.61132796007,12518.172328759585,1.0018581043107186,12386.03102343715,72.13684506314426
mode_a_muB450p0_alpha1p1_xip0p35_1,uubar_to_uubar,s,full_process,0.35,0.05,0.9094613027120966,-0.0052225331578024115,-0.005523269454359955,0.003316150295309295,-3.9085583744319886e-5,17306.619881414594,90922.47747556808,3852.444253640574,1.013528842595804,3768.6714529636693,22.79830926909944
mode_a_muB450p0_alpha1p1_xip0p35_1,uubar_to_uubar,s,full_process,0.35,0.1,0.9594613027120965,-0.009690577251491694,-0.008258991971611741,0.00327429273254446,-5.8273476736182414e-5,6168.337539145676,93245.40804156181,1373.0686101632334,1.033330703183711,1317.6442853501962,8.499776715682076
mode_a_muB450p0_alpha1p1_xip0p35_1,uubar_to_uubar,s,full_process,0.35,0.2,1.0594613027120965,-0.018559226838047227,-0.012944341474250238,0.003191511145379845,-9.079193098531535e-5,1953.1216544090844,98097.04903412056,434.7638271219861,1.0742729352395128,401.10374328121816,2.9642835144131414
mode_a_muB450p0_alpha1p1_xip0p35_1,uubar_to_uubar,s,full_process,0.35,0.5,1.3594613027120965,-0.04462499818185517,-0.02643169071922922,0.002950588933569522,-0.00018204029578204327,371.74379337210826,114428.0795009946,82.74996795537575,1.2082085205074085,67.41220645461499,1.0638613686075955
mode_a_muB450p0_alpha1p1_xip0p35_1,uubar_to_uubar,s,full_process,0.35,1.0,1.8594613027120965,-0.08626536136320229,-0.05128047709139771,0.00257346084895056,-0.0003420539184392021,99.2910627862949,148374.5209742217,22.102137037152087,1.4694961872905994,14.62676130272328,1.3352922967483312
mode_a_muB450p0_alpha1p1_xip0p35_1,uubar_to_uubar,s,full_process,0.35,2.0,2.8594613027120968,-0.16280102565520127,-0.11094855618299918,0.0019078901643661027,-0.0006894420597531902,25.764061538051557,242991.20818222675,5.735066206041603,2.0886559471699155,3.768989135314928,0.3557083636666394
mode_a_muB450p0_alpha1p1_xip0p35_1,uubar_to_uubar,t,full_process,0.35,0.0001,0.8595613027120965,0.07868376488310125,0.0,0.004123098419085686,0.0,161.52127569987184,58823.7350406258,35.954548876346124,0.7254330155212908,46.89421055840419,2088.9641733815606
mode_a_muB450p0_alpha1p1_xip0p35_1,uubar_to_uubar,t,full_process,0.35,0.0005,0.8599613027120965,0.07870021313486886,0.0,0.00412336368377936,0.0,161.45376724278677,58816.166773871606,35.939521530200444,0.7253875643252624,46.876683080627714,1440.6983566726667
mode_a_muB450p0_alpha1p1_xip0p35_1,uubar_to_uubar,t,full_process,0.35,0.001,0.8604613027120965,0.07872077376280329,0.0,0.004123695277640649,0.0,161.36943988761024,58806.70812361032,35.920750306408635,0.7253307557484628,46.85478812364127,1034.6511850461748
mode_a_muB450p0_alpha1p1_xip0p35_1,uubar_to_uubar,t,full_process,0.35,0.005,0.8644613027120965,0.07888527087530817,0.0,0.0041263485360151985,0.0,160.69714377795455,58731.10654720902,35.77109755491037,0.7248765050645574,46.6802026862238,305.70881582269686
mode_a_muB450p0_alpha1p1_xip0p35_1,uubar_to_uubar,t,full_process,0.35,0.01,0.8694613027120965,0.07909092221481762,0.0,0.004129666372766623,0.0,159.8625443834944,58636.77352882989,35.585316179730704,0.7243092368098973,46.46339776060656,154.7399107991315
mode_a_muB450p0_alpha1p1_xip0p35_1,uubar_to_uubar,t,full_process,0.35,0.02,0.8794613027120965,0.07950232388469514,0.0,0.004136306250831754,0.0,158.21233971049324,58448.66921327803,35.217981509333256,0.7231765162514053,46.03448595592083,72.13684506314426
mode_a_muB450p0_alpha1p1_xip0p35_1,uubar_to_uubar,t,full_process,0.35,0.05,0.9094613027120966,0.08073730735128848,0.0,0.004156259428457807,0.0,153.40922552997185,57888.820969274784,34.148810882653024,0.7197928551327166,44.784262078937275,22.79830926909944
mode_a_muB450p0_alpha1p1_xip0p35_1,uubar_to_uubar,t,full_process,0.35,0.1,0.9594613027120965,0.08279812258529384,0.0,0.004189625973107689,0.0,145.86766169042713,56970.429482130094,32.47006283848301,0.7142015615470133,42.815498917530725,8.499776715682076
mode_a_muB450p0_alpha1p1_xip0p35_1,uubar_to_uubar,t,full_process,0.35,0.2,1.0594613027120965,0.08692856391802717,0.0,0.004256772296763684,0.0,132.33508173271437,55187.30176971313,29.457717836845404,0.7031979332028617,39.2635761063989,2.9642835144131414
mode_a_muB450p0_alpha1p1_xip0p35_1,uubar_to_uubar,t,full_process,0.35,0.5,1.3594613027120965,0.09938002079782071,0.0,0.004461447438825519,0.0,101.25158569655291,50239.862058922954,22.538548379835206,0.6715829131687343,30.991263339055894,1.0638613686075955
mode_a_muB450p0_alpha1p1_xip0p35_1,uubar_to_uubar,t,full_process,0.35,1.0,1.8594613027120965,0.12027945494747994,0.0,0.004812980174209074,0.0,69.12212756776208,43168.98669213407,15.386548325002519,0.623273518854218,22.203375950359654,1.3352922967483312
mode_a_muB450p0_alpha1p1_xip0p35_1,uubar_to_uubar,t,full_process,0.35,2.0,2.8594613027120968,0.16236598967205307,0.0,0.005552943011771812,0.0,37.932360725746676,32430.494219227672,8.443723043911879,0.5409678294008972,13.25916512268069,0.3557083636666394
mode_a_muB450p0_alpha1p1_xip0p35_1,uubar_to_uubar,s,full_process,0.36,0.0001,0.8927470659515507,-0.004715160572460908,-0.0002418453599648401,0.0033207730482378668,-1.712017409564947e-6,44860.69506605217,90682.08423081652,9989.680550329884,1.0119240792615438,9789.876755044732,57.69169073172738
mode_a_muB450p0_alpha1p1_xip0p35_1,uubar_to_uubar,s,full_process,0.36,0.0005,0.8931470659515507,-0.004751150974708462,-0.0005410368256897095,0.0033204358332388933,-3.829897125225664e-6,43732.75425661043,90700.40748765865,9738.508152099756,1.0120813101838972,9542.264868379247,56.26108465967948
mode_a_muB450p0_alpha1p1_xip0p35_1,uubar_to_uubar,s,full_process,0.36,0.001,0.8936470659515507,-0.0047961386249926186,-0.0007655909083462444,0.003320014330771628,-5.419314809165818e-6,42392.50558488471,90723.31820957853,9440.058561230744,1.012277896073926,9248.056429188844,54.56106911974273
mode_a_muB450p0_alpha1p1_xip0p35_1,uubar_to_uubar,s,full_process,0.36,0.005,0.8976470659515507,-0.005155976560347053,-0.001719950015281361,0.00331664331029154,-1.2172003092805996e-5,33849.74235575932,90906.85125054246,7537.736817209574,1.013852261649979,7373.100645625416,43.720997505616985
mode_a_muB450p0_alpha1p1_xip0p35_1,uubar_to_uubar,s,full_process,0.36,0.01,0.9026470659515508,-0.005605581539101179,-0.0024465819791563235,0.003312432275099742,-1.730928788117514e-5,26732.029849849645,91136.87353440502,5952.748575756359,1.0158242713120664,5811.552107371518,34.68126209301368
mode_a_muB450p0_alpha1p1_xip0p35_1,uubar_to_uubar,s,full_process,0.36,0.02,0.9126470659515508,-0.006504122718657079,-0.0035001602889246693,0.003304019530178207,-2.4748764912739462e-5,18330.214805863438,91598.93449955848,4081.81349084947,1.019781710000729,3969.667176038263,23.993549909267585
mode_a_muB450p0_alpha1p1_xip0p35_1,uubar_to_uubar,s,full_process,0.36,0.05,0.9426470659515508,-0.009194351130022982,-0.005724686370090193,0.003278856167713954,-4.0406752016160877e-5,8524.558594589076,93001.36394895623,1898.267895027655,1.0317617125269467,1824.7445591987432,11.462026361181005
mode_a_muB450p0_alpha1p1_xip0p35_1,uubar_to_uubar,s,full_process,0.36,0.1,0.9926470659515507,-0.013660045661937348,-0.008544342713011502,0.0032371667272992764,-6.0131551793615565e-5,3852.0409516958457,95393.77584653039,857.7811493462443,1.0520906132886507,808.4957043609954,5.421118117133781
mode_a_muB450p0_alpha1p1_xip0p35_1,uubar_to_uubar,s,full_process,0.36,0.2,1.0926470659515508,-0.022523802268446635,-0.01334929213722836,0.003154721386298113,-9.3390206290195e-5,1458.7354324326843,100391.6402794821,324.834489434313,1.0941310611884554,294.0757849983221,2.2673403689806655
mode_a_muB450p0_alpha1p1_xip0p35_1,uubar_to_uubar,s,full_process,0.36,0.5,1.3926470659515506,-0.04857337902458392,-0.027078353887093655,0.002914807447129182,-0.00018600647759907653,323.35143162256463,117223.66262694451,72.00462459721427,1.231721456369264,57.402433929842715,0.995958497467685
mode_a_muB450p0_alpha1p1_xip0p35_1,uubar_to_uubar,s,full_process,0.36,1.0,1.8926470659515506,-0.09018194081595587,-0.05220875848169409,0.002539355135099662,-0.00034731749711624913,92.0934383837604,152231.23928506093,20.507574144374292,1.5002235512759645,13.24892651077932,1.2755259585736234
mode_a_muB450p0_alpha1p1_xip0p35_1,uubar_to_uubar,s,full_process,0.36,2.0,2.8926470659515506,-0.16663773650137848,-0.11229392596917213,0.0018770966901430286,-0.0006958598715628014,24.765924225821,249518.8686725343,5.514931750062022,2.133634616333433,3.6466538838956497,0.3516123306843817
mode_a_muB450p0_alpha1p1_xip0p35_1,uubar_to_uubar,t,full_process,0.36,0.0001,0.8927470659515507,0.07781402840023377,0.0,0.004113587477400618,0.0,165.15213854326254,59096.05981082136,36.77644993734076,0.7279696851533529,47.85278001087333,57.69169073172738
mode_a_muB450p0_alpha1p1_xip0p35_1,uubar_to_uubar,t,full_process,0.36,0.0005,0.8931470659515507,0.07783044458467037,0.0,0.004113852158730595,0.0,165.0824773185873,59088.45568703664,36.76093761903572,0.7279239983731537,47.83471464083706,56.26108465967948
mode_a_muB450p0_alpha1p1_xip0p35_1,uubar_to_uubar,t,full_process,0.36,0.001,0.8936470659515507,0.07785096513049705,0.0,0.004114183023361385,0.0,164.99546141395427,59078.95222360671,36.74156072153545,0.7278668953573989,47.81214790373604,54.56106911974273
mode_a_muB450p0_alpha1p1_xip0p35_1,uubar_to_uubar,t,full_process,0.36,0.005,0.8976470659515507,0.07801514166261558,0.0,0.004116830446825505,0.0,164.30175300190888,59002.992469716926,36.58708417093357,0.727410290838544,47.63221156154047,43.720997505616985
mode_a_muB450p0_alpha1p1_xip0p35_1,uubar_to_uubar,t,full_process,0.36,0.01,0.9026470659515508,0.07822039246848378,0.0,0.004120140987282906,0.0,163.4406266031462,58908.21254856218,36.3953266062229,0.7268400844802101,47.40877590174091,34.68126209301368
mode_a_muB450p0_alpha1p1_xip0p35_1,uubar_to_uubar,t,full_process,0.36,0.02,0.9126470659515508,0.07863099372820148,0.0,0.0041267662640529,0.0,161.73815009185248,58719.217146829425,36.01621530473229,0.7257015016090099,46.966792654764625,23.993549909267585
mode_a_muB450p0_alpha1p1_xip0p35_1,uubar_to_uubar,t,full_process,0.36,0.05,0.9426470659515508,0.07986358156990037,0.0,0.004146675570980612,0.0,156.78425063448606,58156.71718110504,34.91306982326618,0.7223003632564354,45.678820393646156,11.462026361181005
mode_a_muB450p0_alpha1p1_xip0p35_1,uubar_to_uubar,t,full_process,0.36,0.1,0.9926470659515507,0.08192042495762697,0.0,0.00417996879302764,0.0,149.0100659636653,57233.976542028446,33.18189688253444,0.7166802974057567,43.65169190832557,5.421118117133781
mode_a_muB450p0_alpha1p1_xip0p35_1,uubar_to_uubar,t,full_process,0.36,0.2,1.0926470659515508,0.08604301491422806,0.0,0.0042469678229552135,0.0,135.07306695208672,55442.404725032284,30.07837457306208,0.705620399444049,39.99787899193502,2.2673403689806655
mode_a_muB450p0_alpha1p1_xip0p35_1,uubar_to_uubar,t,full_process,0.36,0.5,1.3926470659515506,0.09847185142726578,0.0,0.00445119769280741,0.0,103.12780949932983,50471.502504029304,22.9647327406917,0.6738458149655026,31.506154814993078,0.995958497467685
mode_a_muB450p0_alpha1p1_xip0p35_1,uubar_to_uubar,t,full_process,0.36,1.0,1.8926470659515506,0.11933731439060458,0.0,0.004801984195672296,0.0,70.21784225972935,43366.91684701586,15.636267161606025,0.6252971007200544,22.515303151098603,1.2755259585736234
mode_a_muB450p0_alpha1p1_xip0p35_1,uubar_to_uubar,t,full_process,0.36,2.0,2.8926470659515506,0.16137030387456264,0.0,0.005540461587066384,0.0,38.40190477492796,32576.77615027349,8.551422590775035,0.5425943482412976,13.40212722877331,0.3516123306843817
mode_a_muB450p0_alpha1p1_xip0p35_1,uubar_to_ddbar,s,full_process,0.34,0.0001,0.8272222593793227,0.0031777562205970167,-0.00022408953007419172,0.003395239012489562,-1.5944585023429558e-6,98538.17906773592,86747.94577616849,21926.416147922122,0.9772498871488245,21635.34568167982,117.14356628554486
mode_a_muB450p0_alpha1p1_xip0p35_1,uubar_to_ddbar,s,full_process,0.34,0.0005,0.8276222593793227,0.0031417314329208468,-0.0005013329971104535,0.003394899128061083,-3.567038864701031e-6,98796.54768754721,86765.23974439528,21983.9075480182,0.9773992310149616,21695.330027860873,117.54413388019584
mode_a_muB450p0_alpha1p1_xip0p35_1,uubar_to_ddbar,s,full_process,0.34,0.001,0.8281222593793227,0.0030967009089832853,-0.0007094401797665929,0.0033944742895960153,-5.047597329289561e-6,99079.92510556188,86786.86337555487,22046.963829888442,0.9775859547289786,21761.641376629635,117.99842380458517
mode_a_muB450p0_alpha1p1_xip0p35_1,uubar_to_ddbar,s,full_process,0.34,0.005,0.8321222593793227,0.0027365209230778564,-0.0015943746500753039,0.0033910765903823626,-1.1341179628112327e-5,99695.15924786791,86960.08283623007,22183.863861533187,0.9790813131908676,21929.66873538326,119.67544227828468
mode_a_muB450p0_alpha1p1_xip0p35_1,uubar_to_ddbar,s,full_process,0.34,0.01,0.8371222593793227,0.0022864881047723884,-0.0022689588871399238,0.0033868322124766042,-1.6134966425889478e-5,96374.37402942617,87177.17267724084,21444.932826615342,0.9809543076436624,21239.03791686192,116.83353075454508
mode_a_muB450p0_alpha1p1_xip0p35_1,uubar_to_ddbar,s,full_process,0.34,0.02,0.8471222593793227,0.001387087971352785,-0.0032488709341192278,0.003378352785401468,-2.3089836046950757e-5,80133.49993100115,87613.23486886673,17831.062878366807,0.9847128754580387,17726.324079767684,99.05736970877751
mode_a_muB450p0_alpha1p1_xip0p35_1,uubar_to_ddbar,s,full_process,0.34,0.05,0.8771222593793228,-0.001305747670045987,-0.0053269266566268484,0.0033529893750600497,-3.779236834365272e-5,33243.4379985932,88936.59042546024,7397.2287964009865,0.9960895383684224,7437.215030597966,43.506758887318256
mode_a_muB450p0_alpha1p1_xip0p35_1,uubar_to_ddbar,s,full_process,0.34,0.1,0.9271222593793227,-0.0057758914382946,-0.00798080543640485,0.0033109665023566912,-5.645463092498123e-5,10303.523533000698,91193.56255309323,2292.7087440815776,1.0153902772298675,2348.95926081603,14.769776849144163
mode_a_muB450p0_alpha1p1_xip0p35_1,uubar_to_ddbar,s,full_process,0.34,0.2,1.0271222593793228,-0.014648934518185719,-0.012549489178261113,0.0032278542593455963,-8.824827735935129e-5,2687.587123243756,95906.41794208379,598.033719067708,1.0552884062587153,636.3376711867485,4.580233163939119
mode_a_muB450p0_alpha1p1_xip0p35_1,uubar_to_ddbar,s,full_process,0.34,0.5,1.3271222593793226,-0.04072940555126303,-0.025800832659416257,0.0029859402602905568,-0.00017815638578690593,430.1875616625685,111762.07633068261,95.72402887807671,1.1857494310321302,114.19876096577973,1.419718567555602
mode_a_muB450p0_alpha1p1_xip0p35_1,uubar_to_ddbar,s,full_process,0.34,1.0,1.8271222593793226,-0.08239909831147463,-0.050374152124819355,0.0026071628707044887,-0.0003368969310183145,107.21369547331193,144701.0941919155,23.856865693533766,1.440169290327788,34.433030151433826,1.7051984626668282
mode_a_muB450p0_alpha1p1_xip0p35_1,uubar_to_ddbar,s,full_process,0.34,2.0,2.8271222593793226,-0.15900980807356202,-0.1096330728178581,0.0019383287961557505,-0.0006831469528212993,26.807114702837513,236753.1699915133,5.965037696662029,2.045521365656294,12.11694150334771,0.6698388658891746
mode_a_muB450p0_alpha1p1_xip0p35_1,uubar_to_ddbar,t,full_process,0.34,0.0001,0.8272222593793227,0.07957740486635823,2.0941419959907976e-20,,,157.91393505594465,,140.55411570828144,0.0,140.55411570828144,117.14356628554486
mode_a_muB450p0_alpha1p1_xip0p35_1,uubar_to_ddbar,t,full_process,0.34,0.0005,0.8276222593793227,0.07959388573619608,-9.71997368907879e-19,,,157.84854587335548,,140.49591489951533,0.0,140.49591489951533,117.54413388019584
mode_a_muB450p0_alpha1p1_xip0p35_1,uubar_to_ddbar,t,full_process,0.34,0.001,0.8281222593793227,0.07961448713437891,0.0,,,157.76686526157206,,140.4232136134909,0.0,140.4232136134909,117.99842380458517
mode_a_muB450p0_alpha1p1_xip0p35_1,uubar_to_ddbar,t,full_process,0.34,0.005,0.8321222593793227,0.07977931032097618,0.0,,,157.1156494074515,,139.843587322254,0.0,139.843587322254,119.67544227828468
mode_a_muB450p0_alpha1p1_xip0p35_1,uubar_to_ddbar,t,full_process,0.34,0.01,0.8371222593793227,0.07998536903266562,2.7558056562405383e-18,,,156.30716789857792,,139.12398392876025,0.0,139.12398392876025,116.83353075454508
mode_a_muB450p0_alpha1p1_xip0p35_1,uubar_to_ddbar,t,full_process,0.34,0.02,0.8471222593793227,0.0803975846940429,2.9257213544562244e-19,,,154.70843619979297,,137.7010042525341,0.0,137.7010042525341,99.05736970877751
mode_a_muB450p0_alpha1p1_xip0p35_1,uubar_to_ddbar,t,full_process,0.34,0.05,0.8771222593793228,0.0816350037562329,-1.2281966822997352e-17,,,150.0538579696282,,133.558113842615,0.0,133.558113842615,43.506758887318256
mode_a_muB450p0_alpha1p1_xip0p35_1,uubar_to_ddbar,t,full_process,0.34,0.1,0.9271222593793227,0.08369985483933817,0.0,,,142.74160983473337,,127.04971691060547,0.0,127.04971691060547,14.769776849144163
mode_a_muB450p0_alpha1p1_xip0p35_1,uubar_to_ddbar,t,full_process,0.34,0.2,1.0271222593793228,0.08783826561300456,0.0,,,129.60820505418027,,115.36009563357513,0.0,115.36009563357513,4.580233163939119
mode_a_muB450p0_alpha1p1_xip0p35_1,uubar_to_ddbar,t,full_process,0.34,0.5,1.3271222593793226,0.10031261942300962,0.0,,,99.3776809076367,,88.45287818433613,0.0,88.45287818433613,1.419718567555602
mode_a_muB450p0_alpha1p1_xip0p35_1,uubar_to_ddbar,t,full_process,0.34,1.0,1.8271222593793226,0.12124626272048933,1.80331390604098e-18,,,68.02417421263037,,60.54613007936968,0.0,60.54613007936968,1.7051984626668282
mode_a_muB450p0_alpha1p1_xip0p35_1,uubar_to_ddbar,t,full_process,0.34,2.0,2.8271222593793226,0.163386257644771,0.0,,,37.46010145127689,,33.342031733687286,0.0,33.342031733687286,0.6698388658891746
mode_a_muB450p0_alpha1p1_xip0p35_1,uubar_to_ddbar,s,full_process,0.35,0.0001,0.859561302712097,-0.0007410611844629322,-0.00023285380119304197,0.003358234963429267,-1.6526081533454055e-6,1.657295841309237e6,88670.21001723895,368913.1606392589,0.9942027576138446,370069.51244421187,2107.903850257644
mode_a_muB450p0_alpha1p1_xip0p35_1,uubar_to_ddbar,s,full_process,0.35,0.0005,0.8599613027120969,-0.0007770697807800708,-0.0005209307993497865,0.003357896402392013,-3.697059798706658e-6,1.1425876985928419e6,88688.00529514735,254339.40560810594,0.9943559458673676,255175.21761198266,1454.3672941527052
mode_a_muB450p0_alpha1p1_xip0p35_1,uubar_to_ddbar,s,full_process,0.35,0.001,0.860461302712097,-0.0008220801192198035,-0.0007371561811310486,0.003357473217773315,-5.231464729578572e-6,820199.9111031177,88710.25579650725,182576.05794871307,0.9945474766971427,183210.67548937997,1045.0120213742455
mode_a_muB450p0_alpha1p1_xip0p35_1,uubar_to_ddbar,s,full_process,0.35,0.005,0.864461302712097,-0.0011820990860209601,-0.0016563588762225588,0.0033540887447433268,-1.1752141283828368e-5,241494.38798265075,88888.49840812625,53756.52054791191,0.9960813454482332,54025.0390978162,310.05250481878
mode_a_muB450p0_alpha1p1_xip0p35_1,uubar_to_ddbar,s,full_process,0.35,0.01,0.869461302712097,-0.0016319304875314078,-0.002356634357163202,0.0033498608967889518,-1.671583855838874e-5,121700.06309226686,89111.88685414936,27090.368422028114,0.998002602458839,27277.234199395552,157.7443788234545
mode_a_muB450p0_alpha1p1_xip0p35_1,uubar_to_ddbar,s,full_process,0.35,0.02,0.879461302712097,-0.002530926144807877,-0.003372909475675734,0.003341414528171637,-2.391042054083334e-5,56236.310207255374,89560.61132796007,12518.172328759585,1.0018581043107186,12652.31735029064,74.28035685026511
mode_a_muB450p0_alpha1p1_xip0p35_1,uubar_to_ddbar,s,full_process,0.35,0.05,0.909461302712097,-0.0052225331578024115,-0.005523269454359955,0.003316150295309295,-3.9085583744319886e-5,17306.619881414594,90922.47747556808,3852.444253640574,1.013528842595804,3938.2441120026697,24.159758048128694
mode_a_muB450p0_alpha1p1_xip0p35_1,uubar_to_ddbar,s,full_process,0.35,0.1,0.959461302712097,-0.009690577251491694,-0.008258991971611741,0.00327429273254446,-5.8273476736182414e-5,6168.337539145676,93245.40804156181,1373.0686101632334,1.033330703183711,1430.5595963826381,9.409175529202628
mode_a_muB450p0_alpha1p1_xip0p35_1,uubar_to_ddbar,s,full_process,0.35,0.2,1.059461302712097,-0.018559226838047227,-0.012944341474250238,0.003191511145379845,-9.079193098531535e-5,1953.1216544090844,98097.04903412056,434.7638271219861,1.0742729352395128,470.572456833233,3.5325363569000245
mode_a_muB450p0_alpha1p1_xip0p35_1,uubar_to_ddbar,s,full_process,0.35,0.5,1.359461302712097,-0.04462499818185517,-0.02643169071922922,0.002950588933569522,-0.00018204029578204327,371.74379337210826,114428.0795009946,82.74996795537575,1.2082085205074085,100.50414649715131,1.3284600407477973
mode_a_muB450p0_alpha1p1_xip0p35_1,uubar_to_ddbar,s,full_process,0.35,1.0,1.859461302712097,-0.08626536136320229,-0.05128047709139771,0.00257346084895056,-0.0003420539184392021,99.2910627862949,148374.5209742217,22.102137037152087,1.4694961872905994,32.516505146162096,1.6472320758745733
mode_a_muB450p0_alpha1p1_xip0p35_1,uubar_to_ddbar,s,full_process,0.35,2.0,2.8594613027120968,-0.16280102565520127,-0.11094855618299918,0.0019078901643661027,-0.0006894420597531902,25.764061538051557,242991.20818222675,5.735066206041603,2.0886559471699155,11.87845517110811,0.6644510524272287
mode_a_muB450p0_alpha1p1_xip0p35_1,uubar_to_ddbar,t,full_process,0.35,0.0001,0.859561302712097,0.07868376488310125,0.0,,,161.52127569987184,,143.81819550538458,0.0,143.81819550538458,2107.903850257644
mode_a_muB450p0_alpha1p1_xip0p35_1,uubar_to_ddbar,t,full_process,0.35,0.0005,0.8599613027120969,0.07870021313486886,0.0,,,161.45376724278677,,143.75808612080183,0.0,143.75808612080183,1454.3672941527052
mode_a_muB450p0_alpha1p1_xip0p35_1,uubar_to_ddbar,t,full_process,0.35,0.001,0.860461302712097,0.0787207737628034,6.735304279876817e-20,,,161.36943988760976,,143.68300122563414,0.0,143.68300122563414,1045.0120213742455
mode_a_muB450p0_alpha1p1_xip0p35_1,uubar_to_ddbar,t,full_process,0.35,0.005,0.864461302712097,0.07888527087530817,-2.397180583111039e-18,,,160.69714377795455,,143.0843902196415,0.0,143.0843902196415,310.05250481878
mode_a_muB450p0_alpha1p1_xip0p35_1,uubar_to_ddbar,t,full_process,0.35,0.01,0.869461302712097,0.07909092221481762,0.0,,,159.8625443834944,,142.34126471892287,0.0,142.34126471892287,157.7443788234545
mode_a_muB450p0_alpha1p1_xip0p35_1,uubar_to_ddbar,t,full_process,0.35,0.02,0.879461302712097,0.07950232388469514,0.0,,,158.21233971049324,,140.87192603733308,0.0,140.87192603733308,74.28035685026511
mode_a_muB450p0_alpha1p1_xip0p35_1,uubar_to_ddbar,t,full_process,0.35,0.05,0.909461302712097,0.08073730735128848,0.0,,,153.40922552997185,,136.59524353061212,0.0,136.59524353061212,24.159758048128694
mode_a_muB450p0_alpha1p1_xip0p35_1,uubar_to_ddbar,t,full_process,0.35,0.1,0.959461302712097,0.08279812258529384,6.60819372989442e-19,,,145.86766169042713,,129.8802513539321,0.0,129.8802513539321,9.409175529202628
mode_a_muB450p0_alpha1p1_xip0p35_1,uubar_to_ddbar,t,full_process,0.35,0.2,1.059461302712097,0.08692856391802717,0.0,,,132.33508173271437,,117.83087134738166,0.0,117.83087134738166,3.5325363569000245
mode_a_muB450p0_alpha1p1_xip0p35_1,uubar_to_ddbar,t,full_process,0.35,0.5,1.359461302712097,0.09938002079782071,0.0,,,101.25158569655291,,90.15419351934086,0.0,90.15419351934086,1.3284600407477973
mode_a_muB450p0_alpha1p1_xip0p35_1,uubar_to_ddbar,t,full_process,0.35,1.0,1.859461302712097,0.12027945494747994,4.167049222615768e-18,,,69.12212756776208,,61.54619330001009,0.0,61.54619330001009,1.6472320758745733
mode_a_muB450p0_alpha1p1_xip0p35_1,uubar_to_ddbar,t,full_process,0.35,2.0,2.8594613027120968,0.16236598967205307,0.0,,,37.932360725746676,,33.77489217564752,0.0,33.77489217564752,0.6644510524272287
mode_a_muB450p0_alpha1p1_xip0p35_1,uubar_to_ddbar,s,full_process,0.36,0.0001,0.8927470659515507,-0.004715160572460908,-0.0002418453599648401,0.0033207730482378668,-1.712017409564947e-6,44860.69506605217,90682.08423081652,9989.680550329884,1.0119240792615438,10191.50819377356,61.0559731382707
mode_a_muB450p0_alpha1p1_xip0p35_1,uubar_to_ddbar,s,full_process,0.36,0.0005,0.8931470659515507,-0.004751150974708462,-0.0005410368256897095,0.0033204358332388933,-3.829897125225664e-6,43732.75425661043,90700.40748765865,9738.508152099756,1.0120813101838972,9936.775598440632,59.5650969814857
mode_a_muB450p0_alpha1p1_xip0p35_1,uubar_to_ddbar,s,full_process,0.36,0.001,0.8936470659515507,-0.0047961386249926186,-0.0007655909083462444,0.003320014330771628,-5.419314809165818e-6,42392.50558488471,90723.31820957853,9440.058561230744,1.012277896073926,9634.085249064792,57.7932978314709
mode_a_muB450p0_alpha1p1_xip0p35_1,uubar_to_ddbar,s,full_process,0.36,0.005,0.8976470659515507,-0.005155976560347053,-0.001719950015281361,0.00331664331029154,-1.2172003092805996e-5,33849.74235575932,90906.85125054246,7537.736817209574,1.013852261649979,7704.400693317031,46.490277462826135
mode_a_muB450p0_alpha1p1_xip0p35_1,uubar_to_ddbar,s,full_process,0.36,0.01,0.9026470659515508,-0.005605581539101179,-0.0024465819791563235,0.003312432275099742,-1.730928788117514e-5,26732.029849849645,91136.87353440502,5952.748575756359,1.0158242713120664,6095.976692683825,37.05446712223139
mode_a_muB450p0_alpha1p1_xip0p35_1,uubar_to_ddbar,s,full_process,0.36,0.02,0.9126470659515508,-0.006504122718657079,-0.0035001602889246693,0.003304019530178207,-2.4748764912739462e-5,18330.214805863438,91598.93449955848,4081.81349084947,1.019781710000729,4195.999369080679,25.876885619800646
mode_a_muB450p0_alpha1p1_xip0p35_1,uubar_to_ddbar,s,full_process,0.36,0.05,0.9426470659515508,-0.009194351130022982,-0.005724686370090193,0.003278856167713954,-4.0406752016160877e-5,8524.558594589076,93001.36394895623,1898.267895027655,1.0317617125269467,1973.854754281621,12.697821429307744
mode_a_muB450p0_alpha1p1_xip0p35_1,uubar_to_ddbar,s,full_process,0.36,0.1,0.9926470659515507,-0.013660045661937348,-0.008544342713011502,0.0032371667272992764,-6.0131551793615565e-5,3852.0409516958457,95393.77584653039,857.7811493462443,1.0520906132886507,909.1707755580705,6.255924659092548
mode_a_muB450p0_alpha1p1_xip0p35_1,uubar_to_ddbar,s,full_process,0.36,0.2,1.0926470659515508,-0.022523802268446635,-0.01334929213722836,0.003154721386298113,-9.3390206290195e-5,1458.7354324326843,100391.6402794821,324.834489434313,1.0941310611884554,357.78145599268083,2.8023760146493317
mode_a_muB450p0_alpha1p1_xip0p35_1,uubar_to_ddbar,s,full_process,0.36,0.5,1.3926470659515506,-0.04857337902458392,-0.027078353887093655,0.002914807447129182,-0.00018600647759907653,323.35143162256463,117223.66262694451,72.00462459721427,1.231721456369264,89.07025817732435,1.253896185362974
mode_a_muB450p0_alpha1p1_xip0p35_1,uubar_to_ddbar,s,full_process,0.36,1.0,1.8926470659515506,-0.09018194081595587,-0.05220875848169409,0.002539355135099662,-0.00034731749711624913,92.0934383837604,152231.23928506093,20.507574144374292,1.5002235512759645,30.766668880521188,1.5913643928562244
mode_a_muB450p0_alpha1p1_xip0p35_1,uubar_to_ddbar,s,full_process,0.36,2.0,2.8926470659515506,-0.16663773650137848,-0.11229392596917213,0.0018770966901430286,-0.0006958598715628014,24.765924225821,249518.8686725343,5.514931750062022,2.133634616333433,11.65047884889526,0.6594119865339367
mode_a_muB450p0_alpha1p1_xip0p35_1,uubar_to_ddbar,t,full_process,0.36,0.0001,0.8927470659515507,0.07781402840023377,0.0,,,165.15213854326254,,147.10579974936303,0.0,147.10579974936303,61.0559731382707
mode_a_muB450p0_alpha1p1_xip0p35_1,uubar_to_ddbar,t,full_process,0.36,0.0005,0.8931470659515507,0.07783044458467037,0.0,,,165.0824773185873,,147.0437504761429,0.0,147.0437504761429,59.5650969814857
mode_a_muB450p0_alpha1p1_xip0p35_1,uubar_to_ddbar,t,full_process,0.36,0.001,0.8936470659515507,0.07785096513049705,0.0,,,164.99546141395427,,146.96624288614186,0.0,146.96624288614186,57.7932978314709
mode_a_muB450p0_alpha1p1_xip0p35_1,uubar_to_ddbar,t,full_process,0.36,0.005,0.8976470659515507,0.07801514166261558,0.0,,,164.30175300190888,,146.34833668373432,0.0,146.34833668373432,46.490277462826135
mode_a_muB450p0_alpha1p1_xip0p35_1,uubar_to_ddbar,t,full_process,0.36,0.01,0.9026470659515508,0.07822039246848378,0.0,,,163.4406266031462,,145.5813064248917,0.0,145.5813064248917,37.05446712223139
mode_a_muB450p0_alpha1p1_xip0p35_1,uubar_to_ddbar,t,full_process,0.36,0.02,0.9126470659515508,0.07863099372820148,0.0,,,161.73815009185248,,144.06486121892922,0.0,144.06486121892922,25.876885619800646
mode_a_muB450p0_alpha1p1_xip0p35_1,uubar_to_ddbar,t,full_process,0.36,0.05,0.9426470659515508,0.07986358156990037,0.0,,,156.78425063448606,,139.65227929306477,0.0,139.65227929306477,12.697821429307744
mode_a_muB450p0_alpha1p1_xip0p35_1,uubar_to_ddbar,t,full_process,0.36,0.1,0.9926470659515507,0.08192042495762697,0.0,,,149.0100659636653,,132.7275875301378,0.0,132.7275875301378,6.255924659092548
mode_a_muB450p0_alpha1p1_xip0p35_1,uubar_to_ddbar,t,full_process,0.36,0.2,1.0926470659515508,0.08604301491422806,0.0,,,135.07306695208672,,120.31349829224835,0.0,120.31349829224835,2.8023760146493317
mode_a_muB450p0_alpha1p1_xip0p35_1,uubar_to_ddbar,t,full_process,0.36,0.5,1.3926470659515506,0.09847185142726578,0.0,,,103.12780949932983,,91.85893096276683,0.0,91.85893096276683,1.253896185362974
mode_a_muB450p0_alpha1p1_xip0p35_1,uubar_to_ddbar,t,full_process,0.36,1.0,1.8926470659515506,0.11933731439060458,0.0,,,70.21784225972935,,62.54506864642411,0.0,62.54506864642411,1.5913643928562244
mode_a_muB450p0_alpha1p1_xip0p35_1,uubar_to_ddbar,t,full_process,0.36,2.0,2.8926470659515506,0.16137030387456264,0.0,,,38.40190477492796,,34.20569036310015,0.0,34.20569036310015,0.6594119865339367
