xi,T_CEP_MeV,mu_CEP_MeV
0.0,130.9423828125,291.21464427606975
0.2,123.0029296875,316.0600905377738
0.4,113.1201171875,338.1769065
