xi,T_CEP_MeV,mu_CEP_MeV
0.0,131.020508,291.17147625
0.2,123.10546875,316.037198
0.4,113.1201171875,338.1769065
