xi,method,calculation_sha,T_MeV,rho_level,rho,muq_MeV,pressure_fm4,residual_norm,iterations,converged,finite,sampling_role,cache_reused,solver_message
0.35,independent_oracle,3c5f6b3c9bd535cff7657364dadb2efc31f2ea48,101.0,0,0.0,-5.0e-6,21.608072,0.0,23,true,true,coarse_grid,false,governance.selection=pressure_max_under_constraints;seed=continuation
0.35,independent_oracle,3c5f6b3c9bd535cff7657364dadb2efc31f2ea48,101.0,0,0.00625,211.896724,21.608581,0.0,4,true,true,coarse_grid,false,governance.selection=pressure_max_under_constraints;seed=continuation
0.35,independent_oracle,3c5f6b3c9bd535cff7657364dadb2efc31f2ea48,101.0,0,0.0125,235.004546,21.609087,0.0,4,true,true,coarse_grid,false,governance.selection=pressure_max_under_constraints;seed=continuation
0.35,independent_oracle,3c5f6b3c9bd535cff7657364dadb2efc31f2ea48,101.0,0,0.01875,248.427252,21.60959,0.0,4,true,true,coarse_grid,false,governance.selection=pressure_max_under_constraints;seed=continuation
0.35,independent_oracle,3c5f6b3c9bd535cff7657364dadb2efc31f2ea48,101.0,0,0.025,257.884718,21.61009,0.0,3,true,true,coarse_grid,false,governance.selection=pressure_max_under_constraints;seed=continuation
0.35,independent_oracle,3c5f6b3c9bd535cff7657364dadb2efc31f2ea48,101.0,0,0.03125,265.169501,21.610586,0.0,3,true,true,coarse_grid,false,governance.selection=pressure_max_under_constraints;seed=continuation
0.35,independent_oracle,3c5f6b3c9bd535cff7657364dadb2efc31f2ea48,101.0,0,0.0375,271.080058,21.611079,0.0,3,true,true,coarse_grid,false,governance.selection=pressure_max_under_constraints;seed=continuation
0.35,independent_oracle,3c5f6b3c9bd535cff7657364dadb2efc31f2ea48,101.0,0,0.04375,276.042309,21.611569,0.0,3,true,true,coarse_grid,false,governance.selection=pressure_max_under_constraints;seed=continuation
0.35,independent_oracle,3c5f6b3c9bd535cff7657364dadb2efc31f2ea48,101.0,0,0.05,280.310492,21.612055,0.0,3,true,true,coarse_grid,false,governance.selection=pressure_max_under_constraints;seed=continuation
0.35,independent_oracle,3c5f6b3c9bd535cff7657364dadb2efc31f2ea48,101.0,0,0.05625,284.048594,21.612537,0.0,3,true,true,coarse_grid,false,governance.selection=pressure_max_under_constraints;seed=continuation
0.35,independent_oracle,3c5f6b3c9bd535cff7657364dadb2efc31f2ea48,101.0,0,0.0625,287.368585,21.613016,0.0,3,true,true,coarse_grid,false,governance.selection=pressure_max_under_constraints;seed=continuation
0.35,independent_oracle,3c5f6b3c9bd535cff7657364dadb2efc31f2ea48,101.0,0,0.06875,290.350331,21.613492,0.0,3,true,true,coarse_grid,false,governance.selection=pressure_max_under_constraints;seed=continuation
0.35,independent_oracle,3c5f6b3c9bd535cff7657364dadb2efc31f2ea48,101.0,0,0.075,293.052799,21.613964,0.0,3,true,true,coarse_grid,false,governance.selection=pressure_max_under_constraints;seed=continuation
0.35,independent_oracle,3c5f6b3c9bd535cff7657364dadb2efc31f2ea48,101.0,0,0.08125,295.520772,21.614433,0.0,3,true,true,coarse_grid,false,governance.selection=pressure_max_under_constraints;seed=continuation
0.35,independent_oracle,3c5f6b3c9bd535cff7657364dadb2efc31f2ea48,101.0,0,0.0875,297.789059,21.614898,0.0,3,true,true,coarse_grid,false,governance.selection=pressure_max_under_constraints;seed=continuation
0.35,independent_oracle,3c5f6b3c9bd535cff7657364dadb2efc31f2ea48,101.0,0,0.09375,299.885254,21.61536,0.0,3,true,true,coarse_grid,false,governance.selection=pressure_max_under_constraints;seed=continuation
0.35,independent_oracle,3c5f6b3c9bd535cff7657364dadb2efc31f2ea48,101.0,0,0.1,301.831605,21.615818,0.0,3,true,true,coarse_grid,false,governance.selection=pressure_max_under_constraints;seed=continuation
0.35,independent_oracle,3c5f6b3c9bd535cff7657364dadb2efc31f2ea48,101.0,0,0.10625,303.646305,21.616273,0.0,3,true,true,coarse_grid,false,governance.selection=pressure_max_under_constraints;seed=continuation
0.35,independent_oracle,3c5f6b3c9bd535cff7657364dadb2efc31f2ea48,101.0,0,0.1125,305.344429,21.616725,0.0,3,true,true,coarse_grid,false,governance.selection=pressure_max_under_constraints;seed=continuation
0.35,independent_oracle,3c5f6b3c9bd535cff7657364dadb2efc31f2ea48,101.0,0,0.11875,306.938603,21.617173,0.0,3,true,true,coarse_grid,false,governance.selection=pressure_max_under_constraints;seed=continuation
0.35,independent_oracle,3c5f6b3c9bd535cff7657364dadb2efc31f2ea48,101.0,0,0.125,308.439507,21.617618,0.0,3,true,true,coarse_grid,false,governance.selection=pressure_max_under_constraints;seed=continuation
0.35,independent_oracle,3c5f6b3c9bd535cff7657364dadb2efc31f2ea48,101.0,0,0.13125,309.85626,21.61806,0.0,3,true,true,coarse_grid,false,governance.selection=pressure_max_under_constraints;seed=continuation
0.35,independent_oracle,3c5f6b3c9bd535cff7657364dadb2efc31f2ea48,101.0,0,0.1375,311.196706,21.618498,0.0,3,true,true,coarse_grid,false,governance.selection=pressure_max_under_constraints;seed=continuation
0.35,independent_oracle,3c5f6b3c9bd535cff7657364dadb2efc31f2ea48,101.0,0,0.14375,312.467643,21.618932,0.0,3,true,true,coarse_grid,false,governance.selection=pressure_max_under_constraints;seed=continuation
0.35,independent_oracle,3c5f6b3c9bd535cff7657364dadb2efc31f2ea48,101.0,0,0.15,313.675,21.619364,0.0,3,true,true,coarse_grid,false,governance.selection=pressure_max_under_constraints;seed=continuation
0.35,independent_oracle,3c5f6b3c9bd535cff7657364dadb2efc31f2ea48,101.0,0,0.15625,314.82398,21.619791,0.0,3,true,true,coarse_grid,false,governance.selection=pressure_max_under_constraints;seed=continuation
0.35,independent_oracle,3c5f6b3c9bd535cff7657364dadb2efc31f2ea48,101.0,0,0.1625,315.919173,21.620216,0.0,3,true,true,coarse_grid,false,governance.selection=pressure_max_under_constraints;seed=continuation
0.35,independent_oracle,3c5f6b3c9bd535cff7657364dadb2efc31f2ea48,101.0,0,0.16875,316.964652,21.620637,0.0,3,true,true,coarse_grid,false,governance.selection=pressure_max_under_constraints;seed=continuation
0.35,independent_oracle,3c5f6b3c9bd535cff7657364dadb2efc31f2ea48,101.0,0,0.175,317.964041,21.621055,0.0,3,true,true,coarse_grid,false,governance.selection=pressure_max_under_constraints;seed=continuation
0.35,independent_oracle,3c5f6b3c9bd535cff7657364dadb2efc31f2ea48,101.0,0,0.18125,318.920587,21.621469,0.0,3,true,true,coarse_grid,false,governance.selection=pressure_max_under_constraints;seed=continuation
0.35,independent_oracle,3c5f6b3c9bd535cff7657364dadb2efc31f2ea48,101.0,0,0.1875,319.837203,21.62188,0.0,3,true,true,coarse_grid,false,governance.selection=pressure_max_under_constraints;seed=continuation
0.35,independent_oracle,3c5f6b3c9bd535cff7657364dadb2efc31f2ea48,101.0,0,0.19375,320.716517,21.622288,0.0,3,true,true,coarse_grid,false,governance.selection=pressure_max_under_constraints;seed=continuation
0.35,independent_oracle,3c5f6b3c9bd535cff7657364dadb2efc31f2ea48,101.0,0,0.2,321.560908,21.622692,0.0,3,true,true,coarse_grid,false,governance.selection=pressure_max_under_constraints;seed=continuation
0.35,independent_oracle,3c5f6b3c9bd535cff7657364dadb2efc31f2ea48,101.0,0,0.20625,322.372533,21.623093,0.0,3,true,true,coarse_grid,false,governance.selection=pressure_max_under_constraints;seed=continuation
0.35,independent_oracle,3c5f6b3c9bd535cff7657364dadb2efc31f2ea48,101.0,0,0.2125,323.153357,21.623491,0.0,3,true,true,coarse_grid,false,governance.selection=pressure_max_under_constraints;seed=continuation
0.35,independent_oracle,3c5f6b3c9bd535cff7657364dadb2efc31f2ea48,101.0,0,0.21875,323.905174,21.623885,0.0,3,true,true,coarse_grid,false,governance.selection=pressure_max_under_constraints;seed=continuation
0.35,independent_oracle,3c5f6b3c9bd535cff7657364dadb2efc31f2ea48,101.0,0,0.225,324.629628,21.624276,0.0,3,true,true,coarse_grid,false,governance.selection=pressure_max_under_constraints;seed=continuation
0.35,independent_oracle,3c5f6b3c9bd535cff7657364dadb2efc31f2ea48,101.0,0,0.23125,325.328224,21.624664,0.0,3,true,true,coarse_grid,false,governance.selection=pressure_max_under_constraints;seed=continuation
0.35,independent_oracle,3c5f6b3c9bd535cff7657364dadb2efc31f2ea48,101.0,0,0.2375,326.002351,21.625048,0.0,3,true,true,coarse_grid,false,governance.selection=pressure_max_under_constraints;seed=continuation
0.35,independent_oracle,3c5f6b3c9bd535cff7657364dadb2efc31f2ea48,101.0,0,0.24375,326.653287,21.625429,0.0,3,true,true,coarse_grid,false,governance.selection=pressure_max_under_constraints;seed=continuation
0.35,independent_oracle,3c5f6b3c9bd535cff7657364dadb2efc31f2ea48,101.0,0,0.25,327.282214,21.625807,0.0,3,true,true,coarse_grid,false,governance.selection=pressure_max_under_constraints;seed=continuation
0.35,independent_oracle,3c5f6b3c9bd535cff7657364dadb2efc31f2ea48,101.0,0,0.25625,327.890226,21.626181,0.0,3,true,true,coarse_grid,false,governance.selection=pressure_max_under_constraints;seed=continuation
0.35,independent_oracle,3c5f6b3c9bd535cff7657364dadb2efc31f2ea48,101.0,0,0.2625,328.478339,21.626552,0.0,3,true,true,coarse_grid,false,governance.selection=pressure_max_under_constraints;seed=continuation
0.35,independent_oracle,3c5f6b3c9bd535cff7657364dadb2efc31f2ea48,101.0,0,0.26875,329.047495,21.62692,0.0,3,true,true,coarse_grid,false,governance.selection=pressure_max_under_constraints;seed=continuation
0.35,independent_oracle,3c5f6b3c9bd535cff7657364dadb2efc31f2ea48,101.0,0,0.275,329.598575,21.627284,0.0,3,true,true,coarse_grid,false,governance.selection=pressure_max_under_constraints;seed=continuation
0.35,independent_oracle,3c5f6b3c9bd535cff7657364dadb2efc31f2ea48,101.0,0,0.28125,330.132396,21.627645,0.0,3,true,true,coarse_grid,false,governance.selection=pressure_max_under_constraints;seed=continuation
0.35,independent_oracle,3c5f6b3c9bd535cff7657364dadb2efc31f2ea48,101.0,0,0.2875,330.649724,21.628003,0.0,3,true,true,coarse_grid,false,governance.selection=pressure_max_under_constraints;seed=continuation
0.35,independent_oracle,3c5f6b3c9bd535cff7657364dadb2efc31f2ea48,101.0,0,0.29375,331.151277,21.628358,0.0,3,true,true,coarse_grid,false,governance.selection=pressure_max_under_constraints;seed=continuation
0.35,independent_oracle,3c5f6b3c9bd535cff7657364dadb2efc31f2ea48,101.0,0,0.3,331.637723,21.628709,0.0,3,true,true,coarse_grid,false,governance.selection=pressure_max_under_constraints;seed=continuation
0.35,independent_oracle,3c5f6b3c9bd535cff7657364dadb2efc31f2ea48,101.0,0,0.30625,332.109693,21.629057,0.0,3,true,true,coarse_grid,false,governance.selection=pressure_max_under_constraints;seed=continuation
0.35,independent_oracle,3c5f6b3c9bd535cff7657364dadb2efc31f2ea48,101.0,0,0.3125,332.567779,21.629402,0.0,3,true,true,coarse_grid,false,governance.selection=pressure_max_under_constraints;seed=continuation
0.35,independent_oracle,3c5f6b3c9bd535cff7657364dadb2efc31f2ea48,101.0,0,0.31875,333.012536,21.629743,0.0,3,true,true,coarse_grid,false,governance.selection=pressure_max_under_constraints;seed=continuation
0.35,independent_oracle,3c5f6b3c9bd535cff7657364dadb2efc31f2ea48,101.0,0,0.325,333.444489,21.630081,0.0,3,true,true,coarse_grid,false,governance.selection=pressure_max_under_constraints;seed=continuation
0.35,independent_oracle,3c5f6b3c9bd535cff7657364dadb2efc31f2ea48,101.0,0,0.33125,333.864131,21.630416,0.0,3,true,true,coarse_grid,false,governance.selection=pressure_max_under_constraints;seed=continuation
0.35,independent_oracle,3c5f6b3c9bd535cff7657364dadb2efc31f2ea48,101.0,0,0.3375,334.271928,21.630748,0.0,3,true,true,coarse_grid,false,governance.selection=pressure_max_under_constraints;seed=continuation
0.35,independent_oracle,3c5f6b3c9bd535cff7657364dadb2efc31f2ea48,101.0,0,0.34375,334.668322,21.631077,0.0,3,true,true,coarse_grid,false,governance.selection=pressure_max_under_constraints;seed=continuation
0.35,independent_oracle,3c5f6b3c9bd535cff7657364dadb2efc31f2ea48,101.0,0,0.35,335.05373,21.631402,0.0,3,true,true,coarse_grid,false,governance.selection=pressure_max_under_constraints;seed=continuation
0.35,independent_oracle,3c5f6b3c9bd535cff7657364dadb2efc31f2ea48,101.0,0,0.35625,335.428546,21.631724,0.0,3,true,true,coarse_grid,false,governance.selection=pressure_max_under_constraints;seed=continuation
0.35,independent_oracle,3c5f6b3c9bd535cff7657364dadb2efc31f2ea48,101.0,0,0.3625,335.793145,21.632042,0.0,3,true,true,coarse_grid,false,governance.selection=pressure_max_under_constraints;seed=continuation
0.35,independent_oracle,3c5f6b3c9bd535cff7657364dadb2efc31f2ea48,101.0,0,0.36875,336.147882,21.632358,0.0,3,true,true,coarse_grid,false,governance.selection=pressure_max_under_constraints;seed=continuation
0.35,independent_oracle,3c5f6b3c9bd535cff7657364dadb2efc31f2ea48,101.0,0,0.375,336.493093,21.63267,0.0,3,true,true,coarse_grid,false,governance.selection=pressure_max_under_constraints;seed=continuation
0.35,independent_oracle,3c5f6b3c9bd535cff7657364dadb2efc31f2ea48,101.0,0,0.38125,336.829101,21.632979,0.0,2,true,true,coarse_grid,false,governance.selection=pressure_max_under_constraints;seed=continuation
0.35,independent_oracle,3c5f6b3c9bd535cff7657364dadb2efc31f2ea48,101.0,0,0.3875,337.15621,21.633285,0.0,2,true,true,coarse_grid,false,governance.selection=pressure_max_under_constraints;seed=continuation
0.35,independent_oracle,3c5f6b3c9bd535cff7657364dadb2efc31f2ea48,101.0,0,0.39375,337.474709,21.633588,0.0,2,true,true,coarse_grid,false,governance.selection=pressure_max_under_constraints;seed=continuation
0.35,independent_oracle,3c5f6b3c9bd535cff7657364dadb2efc31f2ea48,101.0,0,0.4,337.784877,21.633887,0.0,2,true,true,coarse_grid,false,governance.selection=pressure_max_under_constraints;seed=continuation
0.35,independent_oracle,3c5f6b3c9bd535cff7657364dadb2efc31f2ea48,101.0,0,0.40625,338.086977,21.634183,0.0,2,true,true,coarse_grid,false,governance.selection=pressure_max_under_constraints;seed=continuation
0.35,independent_oracle,3c5f6b3c9bd535cff7657364dadb2efc31f2ea48,101.0,0,0.4125,338.381261,21.634476,0.0,2,true,true,coarse_grid,false,governance.selection=pressure_max_under_constraints;seed=continuation
0.35,independent_oracle,3c5f6b3c9bd535cff7657364dadb2efc31f2ea48,101.0,0,0.41875,338.66797,21.634766,0.0,2,true,true,coarse_grid,false,governance.selection=pressure_max_under_constraints;seed=continuation
0.35,independent_oracle,3c5f6b3c9bd535cff7657364dadb2efc31f2ea48,101.0,0,0.425,338.947333,21.635053,0.0,2,true,true,coarse_grid,false,governance.selection=pressure_max_under_constraints;seed=continuation
0.35,independent_oracle,3c5f6b3c9bd535cff7657364dadb2efc31f2ea48,101.0,0,0.43125,339.21957,21.635336,0.0,2,true,true,coarse_grid,false,governance.selection=pressure_max_under_constraints;seed=continuation
0.35,independent_oracle,3c5f6b3c9bd535cff7657364dadb2efc31f2ea48,101.0,0,0.4375,339.484892,21.635617,0.0,2,true,true,coarse_grid,false,governance.selection=pressure_max_under_constraints;seed=continuation
0.35,independent_oracle,3c5f6b3c9bd535cff7657364dadb2efc31f2ea48,101.0,0,0.44375,339.743501,21.635894,0.0,2,true,true,coarse_grid,false,governance.selection=pressure_max_under_constraints;seed=continuation
0.35,independent_oracle,3c5f6b3c9bd535cff7657364dadb2efc31f2ea48,101.0,0,0.45,339.995589,21.636168,0.0,2,true,true,coarse_grid,false,governance.selection=pressure_max_under_constraints;seed=continuation
0.35,independent_oracle,3c5f6b3c9bd535cff7657364dadb2efc31f2ea48,101.0,0,0.45625,340.241343,21.636439,0.0,2,true,true,coarse_grid,false,governance.selection=pressure_max_under_constraints;seed=continuation
0.35,independent_oracle,3c5f6b3c9bd535cff7657364dadb2efc31f2ea48,101.0,0,0.4625,340.480939,21.636706,0.0,2,true,true,coarse_grid,false,governance.selection=pressure_max_under_constraints;seed=continuation
0.35,independent_oracle,3c5f6b3c9bd535cff7657364dadb2efc31f2ea48,101.0,0,0.46875,340.714548,21.636971,0.0,2,true,true,coarse_grid,false,governance.selection=pressure_max_under_constraints;seed=continuation
0.35,independent_oracle,3c5f6b3c9bd535cff7657364dadb2efc31f2ea48,101.0,0,0.475,340.942334,21.637233,0.0,2,true,true,coarse_grid,false,governance.selection=pressure_max_under_constraints;seed=continuation
0.35,independent_oracle,3c5f6b3c9bd535cff7657364dadb2efc31f2ea48,101.0,0,0.48125,341.164454,21.637491,0.0,2,true,true,coarse_grid,false,governance.selection=pressure_max_under_constraints;seed=continuation
0.35,independent_oracle,3c5f6b3c9bd535cff7657364dadb2efc31f2ea48,101.0,0,0.4875,341.381061,21.637746,0.0,2,true,true,coarse_grid,false,governance.selection=pressure_max_under_constraints;seed=continuation
0.35,independent_oracle,3c5f6b3c9bd535cff7657364dadb2efc31f2ea48,101.0,0,0.49375,341.592299,21.637998,0.0,2,true,true,coarse_grid,false,governance.selection=pressure_max_under_constraints;seed=continuation
0.35,independent_oracle,3c5f6b3c9bd535cff7657364dadb2efc31f2ea48,101.0,0,0.5,341.798309,21.638247,0.0,2,true,true,coarse_grid,false,governance.selection=pressure_max_under_constraints;seed=continuation
0.35,independent_oracle,3c5f6b3c9bd535cff7657364dadb2efc31f2ea48,101.0,0,0.50625,341.999226,21.638493,0.0,2,true,true,coarse_grid,false,governance.selection=pressure_max_under_constraints;seed=continuation
0.35,independent_oracle,3c5f6b3c9bd535cff7657364dadb2efc31f2ea48,101.0,0,0.5125,342.19518,21.638736,0.0,2,true,true,coarse_grid,false,governance.selection=pressure_max_under_constraints;seed=continuation
0.35,independent_oracle,3c5f6b3c9bd535cff7657364dadb2efc31f2ea48,101.0,0,0.51875,342.386297,21.638976,0.0,2,true,true,coarse_grid,false,governance.selection=pressure_max_under_constraints;seed=continuation
0.35,independent_oracle,3c5f6b3c9bd535cff7657364dadb2efc31f2ea48,101.0,0,0.525,342.572697,21.639212,0.0,2,true,true,coarse_grid,false,governance.selection=pressure_max_under_constraints;seed=continuation
0.35,independent_oracle,3c5f6b3c9bd535cff7657364dadb2efc31f2ea48,101.0,0,0.53125,342.754498,21.639446,0.0,2,true,true,coarse_grid,false,governance.selection=pressure_max_under_constraints;seed=continuation
0.35,independent_oracle,3c5f6b3c9bd535cff7657364dadb2efc31f2ea48,101.0,0,0.5375,342.931811,21.639676,0.0,2,true,true,coarse_grid,false,governance.selection=pressure_max_under_constraints;seed=continuation
0.35,independent_oracle,3c5f6b3c9bd535cff7657364dadb2efc31f2ea48,101.0,0,0.54375,343.104747,21.639904,0.0,2,true,true,coarse_grid,false,governance.selection=pressure_max_under_constraints;seed=continuation
0.35,independent_oracle,3c5f6b3c9bd535cff7657364dadb2efc31f2ea48,101.0,0,0.55,343.273409,21.640128,0.0,2,true,true,coarse_grid,false,governance.selection=pressure_max_under_constraints;seed=continuation
0.35,independent_oracle,3c5f6b3c9bd535cff7657364dadb2efc31f2ea48,101.0,0,0.55625,343.437901,21.640349,0.0,2,true,true,coarse_grid,false,governance.selection=pressure_max_under_constraints;seed=continuation
0.35,independent_oracle,3c5f6b3c9bd535cff7657364dadb2efc31f2ea48,101.0,0,0.5625,343.598319,21.640568,0.0,2,true,true,coarse_grid,false,governance.selection=pressure_max_under_constraints;seed=continuation
0.35,independent_oracle,3c5f6b3c9bd535cff7657364dadb2efc31f2ea48,101.0,0,0.56875,343.754759,21.640783,0.0,2,true,true,coarse_grid,false,governance.selection=pressure_max_under_constraints;seed=continuation
0.35,independent_oracle,3c5f6b3c9bd535cff7657364dadb2efc31f2ea48,101.0,0,0.575,343.907313,21.640995,0.0,2,true,true,coarse_grid,false,governance.selection=pressure_max_under_constraints;seed=continuation
0.35,independent_oracle,3c5f6b3c9bd535cff7657364dadb2efc31f2ea48,101.0,0,0.58125,344.056071,21.641204,0.0,2,true,true,coarse_grid,false,governance.selection=pressure_max_under_constraints;seed=continuation
0.35,independent_oracle,3c5f6b3c9bd535cff7657364dadb2efc31f2ea48,101.0,0,0.5875,344.201117,21.64141,0.0,2,true,true,coarse_grid,false,governance.selection=pressure_max_under_constraints;seed=continuation
0.35,independent_oracle,3c5f6b3c9bd535cff7657364dadb2efc31f2ea48,101.0,0,0.59375,344.342537,21.641614,0.0,2,true,true,coarse_grid,false,governance.selection=pressure_max_under_constraints;seed=continuation
0.35,independent_oracle,3c5f6b3c9bd535cff7657364dadb2efc31f2ea48,101.0,0,0.6,344.48041,21.641814,0.0,2,true,true,coarse_grid,false,governance.selection=pressure_max_under_constraints;seed=continuation
0.35,independent_oracle,3c5f6b3c9bd535cff7657364dadb2efc31f2ea48,101.0,0,0.60625,344.614816,21.642011,0.0,2,true,true,coarse_grid,false,governance.selection=pressure_max_under_constraints;seed=continuation
0.35,independent_oracle,3c5f6b3c9bd535cff7657364dadb2efc31f2ea48,101.0,0,0.6125,344.745831,21.642205,0.0,2,true,true,coarse_grid,false,governance.selection=pressure_max_under_constraints;seed=continuation
0.35,independent_oracle,3c5f6b3c9bd535cff7657364dadb2efc31f2ea48,101.0,0,0.61875,344.873528,21.642396,0.0,2,true,true,coarse_grid,false,governance.selection=pressure_max_under_constraints;seed=continuation
0.35,independent_oracle,3c5f6b3c9bd535cff7657364dadb2efc31f2ea48,101.0,0,0.625,344.997979,21.642585,0.0,2,true,true,coarse_grid,false,governance.selection=pressure_max_under_constraints;seed=continuation
0.35,independent_oracle,3c5f6b3c9bd535cff7657364dadb2efc31f2ea48,101.0,0,0.63125,345.119255,21.64277,0.0,2,true,true,coarse_grid,false,governance.selection=pressure_max_under_constraints;seed=continuation
0.35,independent_oracle,3c5f6b3c9bd535cff7657364dadb2efc31f2ea48,101.0,0,0.6375,345.237421,21.642952,0.0,2,true,true,coarse_grid,false,governance.selection=pressure_max_under_constraints;seed=continuation
0.35,independent_oracle,3c5f6b3c9bd535cff7657364dadb2efc31f2ea48,101.0,0,0.64375,345.352545,21.643132,0.0,2,true,true,coarse_grid,false,governance.selection=pressure_max_under_constraints;seed=continuation
0.35,independent_oracle,3c5f6b3c9bd535cff7657364dadb2efc31f2ea48,101.0,0,0.65,345.464689,21.643308,0.0,2,true,true,coarse_grid,false,governance.selection=pressure_max_under_constraints;seed=continuation
0.35,independent_oracle,3c5f6b3c9bd535cff7657364dadb2efc31f2ea48,101.0,0,0.65625,345.573917,21.643482,0.0,2,true,true,coarse_grid,false,governance.selection=pressure_max_under_constraints;seed=continuation
0.35,independent_oracle,3c5f6b3c9bd535cff7657364dadb2efc31f2ea48,101.0,0,0.6625,345.680288,21.643652,0.0,2,true,true,coarse_grid,false,governance.selection=pressure_max_under_constraints;seed=continuation
0.35,independent_oracle,3c5f6b3c9bd535cff7657364dadb2efc31f2ea48,101.0,0,0.66875,345.78386,21.64382,0.0,2,true,true,coarse_grid,false,governance.selection=pressure_max_under_constraints;seed=continuation
0.35,independent_oracle,3c5f6b3c9bd535cff7657364dadb2efc31f2ea48,101.0,0,0.675,345.884692,21.643985,0.0,2,true,true,coarse_grid,false,governance.selection=pressure_max_under_constraints;seed=continuation
0.35,independent_oracle,3c5f6b3c9bd535cff7657364dadb2efc31f2ea48,101.0,0,0.68125,345.982839,21.644147,0.0,2,true,true,coarse_grid,false,governance.selection=pressure_max_under_constraints;seed=continuation
0.35,independent_oracle,3c5f6b3c9bd535cff7657364dadb2efc31f2ea48,101.0,0,0.6875,346.078354,21.644306,0.0,2,true,true,coarse_grid,false,governance.selection=pressure_max_under_constraints;seed=continuation
0.35,independent_oracle,3c5f6b3c9bd535cff7657364dadb2efc31f2ea48,101.0,0,0.69375,346.17129,21.644462,0.0,2,true,true,coarse_grid,false,governance.selection=pressure_max_under_constraints;seed=continuation
0.35,independent_oracle,3c5f6b3c9bd535cff7657364dadb2efc31f2ea48,101.0,0,0.7,346.2617,21.644615,0.0,2,true,true,coarse_grid,false,governance.selection=pressure_max_under_constraints;seed=continuation
0.35,independent_oracle,3c5f6b3c9bd535cff7657364dadb2efc31f2ea48,101.0,0,0.70625,346.349632,21.644765,0.0,2,true,true,coarse_grid,false,governance.selection=pressure_max_under_constraints;seed=continuation
0.35,independent_oracle,3c5f6b3c9bd535cff7657364dadb2efc31f2ea48,101.0,0,0.7125,346.435135,21.644913,0.0,2,true,true,coarse_grid,false,governance.selection=pressure_max_under_constraints;seed=continuation
0.35,independent_oracle,3c5f6b3c9bd535cff7657364dadb2efc31f2ea48,101.0,0,0.71875,346.518257,21.645058,0.0,2,true,true,coarse_grid,false,governance.selection=pressure_max_under_constraints;seed=continuation
0.35,independent_oracle,3c5f6b3c9bd535cff7657364dadb2efc31f2ea48,101.0,0,0.725,346.599045,21.645199,0.0,2,true,true,coarse_grid,false,governance.selection=pressure_max_under_constraints;seed=continuation
0.35,independent_oracle,3c5f6b3c9bd535cff7657364dadb2efc31f2ea48,101.0,0,0.73125,346.677543,21.645338,0.0,2,true,true,coarse_grid,false,governance.selection=pressure_max_under_constraints;seed=continuation
0.35,independent_oracle,3c5f6b3c9bd535cff7657364dadb2efc31f2ea48,101.0,0,0.7375,346.753795,21.645475,0.0,2,true,true,coarse_grid,false,governance.selection=pressure_max_under_constraints;seed=continuation
0.35,independent_oracle,3c5f6b3c9bd535cff7657364dadb2efc31f2ea48,101.0,0,0.74375,346.827845,21.645608,0.0,2,true,true,coarse_grid,false,governance.selection=pressure_max_under_constraints;seed=continuation
0.35,independent_oracle,3c5f6b3c9bd535cff7657364dadb2efc31f2ea48,101.0,0,0.75,346.899734,21.645739,0.0,2,true,true,coarse_grid,false,governance.selection=pressure_max_under_constraints;seed=continuation
0.35,independent_oracle,3c5f6b3c9bd535cff7657364dadb2efc31f2ea48,101.0,0,0.75625,346.969504,21.645867,0.0,2,true,true,coarse_grid,false,governance.selection=pressure_max_under_constraints;seed=continuation
0.35,independent_oracle,3c5f6b3c9bd535cff7657364dadb2efc31f2ea48,101.0,0,0.7625,347.037194,21.645992,0.0,2,true,true,coarse_grid,false,governance.selection=pressure_max_under_constraints;seed=continuation
0.35,independent_oracle,3c5f6b3c9bd535cff7657364dadb2efc31f2ea48,101.0,0,0.76875,347.102844,21.646114,0.0,2,true,true,coarse_grid,false,governance.selection=pressure_max_under_constraints;seed=continuation
0.35,independent_oracle,3c5f6b3c9bd535cff7657364dadb2efc31f2ea48,101.0,0,0.775,347.166492,21.646233,0.0,2,true,true,coarse_grid,false,governance.selection=pressure_max_under_constraints;seed=continuation
0.35,independent_oracle,3c5f6b3c9bd535cff7657364dadb2efc31f2ea48,101.0,0,0.78125,347.228174,21.64635,0.0,2,true,true,coarse_grid,false,governance.selection=pressure_max_under_constraints;seed=continuation
0.35,independent_oracle,3c5f6b3c9bd535cff7657364dadb2efc31f2ea48,101.0,0,0.7875,347.287929,21.646464,0.0,2,true,true,coarse_grid,false,governance.selection=pressure_max_under_constraints;seed=continuation
0.35,independent_oracle,3c5f6b3c9bd535cff7657364dadb2efc31f2ea48,101.0,0,0.79375,347.34579,21.646575,0.0,2,true,true,coarse_grid,false,governance.selection=pressure_max_under_constraints;seed=continuation
0.35,independent_oracle,3c5f6b3c9bd535cff7657364dadb2efc31f2ea48,101.0,0,0.8,347.401794,21.646684,0.0,2,true,true,coarse_grid,false,governance.selection=pressure_max_under_constraints;seed=continuation
0.35,independent_oracle,3c5f6b3c9bd535cff7657364dadb2efc31f2ea48,101.0,0,0.80625,347.455975,21.64679,0.0,2,true,true,coarse_grid,false,governance.selection=pressure_max_under_constraints;seed=continuation
0.35,independent_oracle,3c5f6b3c9bd535cff7657364dadb2efc31f2ea48,101.0,0,0.8125,347.508365,21.646893,0.0,2,true,true,coarse_grid,false,governance.selection=pressure_max_under_constraints;seed=continuation
0.35,independent_oracle,3c5f6b3c9bd535cff7657364dadb2efc31f2ea48,101.0,0,0.81875,347.558998,21.646993,0.0,2,true,true,coarse_grid,false,governance.selection=pressure_max_under_constraints;seed=continuation
0.35,independent_oracle,3c5f6b3c9bd535cff7657364dadb2efc31f2ea48,101.0,0,0.825,347.607905,21.647091,0.0,2,true,true,coarse_grid,false,governance.selection=pressure_max_under_constraints;seed=continuation
0.35,independent_oracle,3c5f6b3c9bd535cff7657364dadb2efc31f2ea48,101.0,0,0.83125,347.655118,21.647186,0.0,2,true,true,coarse_grid,false,governance.selection=pressure_max_under_constraints;seed=continuation
0.35,independent_oracle,3c5f6b3c9bd535cff7657364dadb2efc31f2ea48,101.0,0,0.8375,347.700667,21.647279,0.0,2,true,true,coarse_grid,false,governance.selection=pressure_max_under_constraints;seed=continuation
0.35,independent_oracle,3c5f6b3c9bd535cff7657364dadb2efc31f2ea48,101.0,0,0.84375,347.744583,21.647368,0.0,2,true,true,coarse_grid,false,governance.selection=pressure_max_under_constraints;seed=continuation
0.35,independent_oracle,3c5f6b3c9bd535cff7657364dadb2efc31f2ea48,101.0,0,0.85,347.786896,21.647456,0.0,2,true,true,coarse_grid,false,governance.selection=pressure_max_under_constraints;seed=continuation
0.35,independent_oracle,3c5f6b3c9bd535cff7657364dadb2efc31f2ea48,101.0,0,0.85625,347.827633,21.64754,0.0,2,true,true,coarse_grid,false,governance.selection=pressure_max_under_constraints;seed=continuation
0.35,independent_oracle,3c5f6b3c9bd535cff7657364dadb2efc31f2ea48,101.0,0,0.8625,347.866823,21.647622,0.0,2,true,true,coarse_grid,false,governance.selection=pressure_max_under_constraints;seed=continuation
0.35,independent_oracle,3c5f6b3c9bd535cff7657364dadb2efc31f2ea48,101.0,0,0.86875,347.904495,21.647701,0.0,2,true,true,coarse_grid,false,governance.selection=pressure_max_under_constraints;seed=continuation
0.35,independent_oracle,3c5f6b3c9bd535cff7657364dadb2efc31f2ea48,101.0,0,0.875,347.940674,21.647778,0.0,2,true,true,coarse_grid,false,governance.selection=pressure_max_under_constraints;seed=continuation
0.35,independent_oracle,3c5f6b3c9bd535cff7657364dadb2efc31f2ea48,101.0,0,0.88125,347.975389,21.647852,0.0,2,true,true,coarse_grid,false,governance.selection=pressure_max_under_constraints;seed=continuation
0.35,independent_oracle,3c5f6b3c9bd535cff7657364dadb2efc31f2ea48,101.0,0,0.8875,348.008664,21.647924,0.0,2,true,true,coarse_grid,false,governance.selection=pressure_max_under_constraints;seed=continuation
0.35,independent_oracle,3c5f6b3c9bd535cff7657364dadb2efc31f2ea48,101.0,0,0.89375,348.040526,21.647993,0.0,2,true,true,coarse_grid,false,governance.selection=pressure_max_under_constraints;seed=continuation
0.35,independent_oracle,3c5f6b3c9bd535cff7657364dadb2efc31f2ea48,101.0,0,0.9,348.071001,21.648059,0.0,2,true,true,coarse_grid,false,governance.selection=pressure_max_under_constraints;seed=continuation
0.35,independent_oracle,3c5f6b3c9bd535cff7657364dadb2efc31f2ea48,101.0,0,0.90625,348.100111,21.648123,0.0,2,true,true,coarse_grid,false,governance.selection=pressure_max_under_constraints;seed=continuation
0.35,independent_oracle,3c5f6b3c9bd535cff7657364dadb2efc31f2ea48,101.0,0,0.9125,348.127883,21.648185,0.0,2,true,true,coarse_grid,false,governance.selection=pressure_max_under_constraints;seed=continuation
0.35,independent_oracle,3c5f6b3c9bd535cff7657364dadb2efc31f2ea48,101.0,0,0.91875,348.15434,21.648244,0.0,2,true,true,coarse_grid,false,governance.selection=pressure_max_under_constraints;seed=continuation
0.35,independent_oracle,3c5f6b3c9bd535cff7657364dadb2efc31f2ea48,101.0,0,0.925,348.179505,21.6483,0.0,2,true,true,coarse_grid,false,governance.selection=pressure_max_under_constraints;seed=continuation
0.35,independent_oracle,3c5f6b3c9bd535cff7657364dadb2efc31f2ea48,101.0,0,0.93125,348.203401,21.648354,0.0,2,true,true,coarse_grid,false,governance.selection=pressure_max_under_constraints;seed=continuation
0.35,independent_oracle,3c5f6b3c9bd535cff7657364dadb2efc31f2ea48,101.0,0,0.9375,348.226051,21.648406,0.0,2,true,true,coarse_grid,false,governance.selection=pressure_max_under_constraints;seed=continuation
0.35,independent_oracle,3c5f6b3c9bd535cff7657364dadb2efc31f2ea48,101.0,0,0.94375,348.247478,21.648455,0.0,2,true,true,coarse_grid,false,governance.selection=pressure_max_under_constraints;seed=continuation
0.35,independent_oracle,3c5f6b3c9bd535cff7657364dadb2efc31f2ea48,101.0,0,0.95,348.267702,21.648501,0.0,2,true,true,coarse_grid,false,governance.selection=pressure_max_under_constraints;seed=continuation
0.35,independent_oracle,3c5f6b3c9bd535cff7657364dadb2efc31f2ea48,101.0,0,0.95625,348.286746,21.648545,0.0,2,true,true,coarse_grid,false,governance.selection=pressure_max_under_constraints;seed=continuation
0.35,independent_oracle,3c5f6b3c9bd535cff7657364dadb2efc31f2ea48,101.0,0,0.9625,348.304631,21.648587,0.0,2,true,true,coarse_grid,false,governance.selection=pressure_max_under_constraints;seed=continuation
0.35,independent_oracle,3c5f6b3c9bd535cff7657364dadb2efc31f2ea48,101.0,0,0.96875,348.321377,21.648626,0.0,2,true,true,coarse_grid,false,governance.selection=pressure_max_under_constraints;seed=continuation
0.35,independent_oracle,3c5f6b3c9bd535cff7657364dadb2efc31f2ea48,101.0,0,0.975,348.337005,21.648663,0.0,2,true,true,coarse_grid,false,governance.selection=pressure_max_under_constraints;seed=continuation
0.35,independent_oracle,3c5f6b3c9bd535cff7657364dadb2efc31f2ea48,101.0,0,0.98125,348.351535,21.648698,0.0,2,true,true,coarse_grid,false,governance.selection=pressure_max_under_constraints;seed=continuation
0.35,independent_oracle,3c5f6b3c9bd535cff7657364dadb2efc31f2ea48,101.0,0,0.9875,348.364987,21.64873,0.0,2,true,true,coarse_grid,false,governance.selection=pressure_max_under_constraints;seed=continuation
0.35,independent_oracle,3c5f6b3c9bd535cff7657364dadb2efc31f2ea48,101.0,0,0.99375,348.377381,21.64876,0.0,2,true,true,coarse_grid,false,governance.selection=pressure_max_under_constraints;seed=continuation
0.35,independent_oracle,3c5f6b3c9bd535cff7657364dadb2efc31f2ea48,101.0,0,1.0,348.388735,21.648788,0.0,2,true,true,coarse_grid,false,governance.selection=pressure_max_under_constraints;seed=continuation
0.35,independent_oracle,3c5f6b3c9bd535cff7657364dadb2efc31f2ea48,101.0,0,1.00625,348.399068,21.648813,0.0,2,true,true,coarse_grid,false,governance.selection=pressure_max_under_constraints;seed=continuation
0.35,independent_oracle,3c5f6b3c9bd535cff7657364dadb2efc31f2ea48,101.0,0,1.0125,348.4084,21.648836,0.0,2,true,true,coarse_grid,false,governance.selection=pressure_max_under_constraints;seed=continuation
0.35,independent_oracle,3c5f6b3c9bd535cff7657364dadb2efc31f2ea48,101.0,0,1.01875,348.416748,21.648856,0.0,2,true,true,coarse_grid,false,governance.selection=pressure_max_under_constraints;seed=continuation
0.35,independent_oracle,3c5f6b3c9bd535cff7657364dadb2efc31f2ea48,101.0,0,1.025,348.424131,21.648875,0.0,2,true,true,coarse_grid,false,governance.selection=pressure_max_under_constraints;seed=continuation
0.35,independent_oracle,3c5f6b3c9bd535cff7657364dadb2efc31f2ea48,101.0,0,1.03125,348.430567,21.648891,0.0,2,true,true,coarse_grid,false,governance.selection=pressure_max_under_constraints;seed=continuation
0.35,independent_oracle,3c5f6b3c9bd535cff7657364dadb2efc31f2ea48,101.0,0,1.0375,348.436072,21.648905,0.0,2,true,true,coarse_grid,false,governance.selection=pressure_max_under_constraints;seed=continuation
0.35,independent_oracle,3c5f6b3c9bd535cff7657364dadb2efc31f2ea48,101.0,0,1.04375,348.440665,21.648916,0.0,2,true,true,coarse_grid,false,governance.selection=pressure_max_under_constraints;seed=continuation
0.35,independent_oracle,3c5f6b3c9bd535cff7657364dadb2efc31f2ea48,101.0,0,1.05,348.444362,21.648926,0.0,2,true,true,coarse_grid,false,governance.selection=pressure_max_under_constraints;seed=continuation
0.35,independent_oracle,3c5f6b3c9bd535cff7657364dadb2efc31f2ea48,101.0,0,1.05625,348.44718,21.648933,0.0,2,true,true,coarse_grid,false,governance.selection=pressure_max_under_constraints;seed=continuation
0.35,independent_oracle,3c5f6b3c9bd535cff7657364dadb2efc31f2ea48,101.0,0,1.0625,348.449137,21.648938,0.0,2,true,true,coarse_grid,false,governance.selection=pressure_max_under_constraints;seed=continuation
0.35,independent_oracle,3c5f6b3c9bd535cff7657364dadb2efc31f2ea48,101.0,0,1.06875,348.450248,21.648941,0.0,2,true,true,coarse_grid,false,governance.selection=pressure_max_under_constraints;seed=continuation
0.35,independent_oracle,3c5f6b3c9bd535cff7657364dadb2efc31f2ea48,101.0,0,1.075,348.450529,21.648941,0.0,2,true,true,coarse_grid,false,governance.selection=pressure_max_under_constraints;seed=continuation
0.35,independent_oracle,3c5f6b3c9bd535cff7657364dadb2efc31f2ea48,101.0,0,1.08125,348.449997,21.64894,0.0,2,true,true,coarse_grid,false,governance.selection=pressure_max_under_constraints;seed=continuation
0.35,independent_oracle,3c5f6b3c9bd535cff7657364dadb2efc31f2ea48,101.0,0,1.0875,348.448668,21.648937,0.0,2,true,true,coarse_grid,false,governance.selection=pressure_max_under_constraints;seed=continuation
0.35,independent_oracle,3c5f6b3c9bd535cff7657364dadb2efc31f2ea48,101.0,0,1.09375,348.446556,21.648931,0.0,2,true,true,coarse_grid,false,governance.selection=pressure_max_under_constraints;seed=continuation
0.35,independent_oracle,3c5f6b3c9bd535cff7657364dadb2efc31f2ea48,101.0,0,1.1,348.443678,21.648923,0.0,2,true,true,coarse_grid,false,governance.selection=pressure_max_under_constraints;seed=continuation
0.35,independent_oracle,3c5f6b3c9bd535cff7657364dadb2efc31f2ea48,101.0,0,1.10625,348.440049,21.648914,0.0,2,true,true,coarse_grid,false,governance.selection=pressure_max_under_constraints;seed=continuation
0.35,independent_oracle,3c5f6b3c9bd535cff7657364dadb2efc31f2ea48,101.0,0,1.1125,348.435683,21.648902,0.0,2,true,true,coarse_grid,false,governance.selection=pressure_max_under_constraints;seed=continuation
0.35,independent_oracle,3c5f6b3c9bd535cff7657364dadb2efc31f2ea48,101.0,0,1.11875,348.430596,21.648888,0.0,2,true,true,coarse_grid,false,governance.selection=pressure_max_under_constraints;seed=continuation
0.35,independent_oracle,3c5f6b3c9bd535cff7657364dadb2efc31f2ea48,101.0,0,1.125,348.424802,21.648872,0.0,2,true,true,coarse_grid,false,governance.selection=pressure_max_under_constraints;seed=continuation
0.35,independent_oracle,3c5f6b3c9bd535cff7657364dadb2efc31f2ea48,101.0,0,1.13125,348.418316,21.648854,0.0,2,true,true,coarse_grid,false,governance.selection=pressure_max_under_constraints;seed=continuation
0.35,independent_oracle,3c5f6b3c9bd535cff7657364dadb2efc31f2ea48,101.0,0,1.1375,348.411152,21.648835,0.0,2,true,true,coarse_grid,false,governance.selection=pressure_max_under_constraints;seed=continuation
0.35,independent_oracle,3c5f6b3c9bd535cff7657364dadb2efc31f2ea48,101.0,0,1.14375,348.403324,21.648813,0.0,2,true,true,coarse_grid,false,governance.selection=pressure_max_under_constraints;seed=continuation
0.35,independent_oracle,3c5f6b3c9bd535cff7657364dadb2efc31f2ea48,101.0,0,1.15,348.394847,21.648789,0.0,2,true,true,coarse_grid,false,governance.selection=pressure_max_under_constraints;seed=continuation
0.35,independent_oracle,3c5f6b3c9bd535cff7657364dadb2efc31f2ea48,101.0,0,1.15625,348.385735,21.648764,0.0,2,true,true,coarse_grid,false,governance.selection=pressure_max_under_constraints;seed=continuation
0.35,independent_oracle,3c5f6b3c9bd535cff7657364dadb2efc31f2ea48,101.0,0,1.1625,348.376,21.648736,0.0,2,true,true,coarse_grid,false,governance.selection=pressure_max_under_constraints;seed=continuation
0.35,independent_oracle,3c5f6b3c9bd535cff7657364dadb2efc31f2ea48,101.0,0,1.16875,348.365658,21.648707,0.0,2,true,true,coarse_grid,false,governance.selection=pressure_max_under_constraints;seed=continuation
0.35,independent_oracle,3c5f6b3c9bd535cff7657364dadb2efc31f2ea48,101.0,0,1.175,348.354721,21.648676,0.0,2,true,true,coarse_grid,false,governance.selection=pressure_max_under_constraints;seed=continuation
0.35,independent_oracle,3c5f6b3c9bd535cff7657364dadb2efc31f2ea48,101.0,0,1.18125,348.343203,21.648643,0.0,2,true,true,coarse_grid,false,governance.selection=pressure_max_under_constraints;seed=continuation
0.35,independent_oracle,3c5f6b3c9bd535cff7657364dadb2efc31f2ea48,101.0,0,1.1875,348.331117,21.648608,0.0,2,true,true,coarse_grid,false,governance.selection=pressure_max_under_constraints;seed=continuation
0.35,independent_oracle,3c5f6b3c9bd535cff7657364dadb2efc31f2ea48,101.0,0,1.19375,348.318476,21.648571,0.0,2,true,true,coarse_grid,false,governance.selection=pressure_max_under_constraints;seed=continuation
0.35,independent_oracle,3c5f6b3c9bd535cff7657364dadb2efc31f2ea48,101.0,0,1.2,348.305293,21.648533,0.0,2,true,true,coarse_grid,false,governance.selection=pressure_max_under_constraints;seed=continuation
0.35,independent_oracle,3c5f6b3c9bd535cff7657364dadb2efc31f2ea48,101.0,0,1.20625,348.291581,21.648493,0.0,2,true,true,coarse_grid,false,governance.selection=pressure_max_under_constraints;seed=continuation
0.35,independent_oracle,3c5f6b3c9bd535cff7657364dadb2efc31f2ea48,101.0,0,1.2125,348.277353,21.648451,0.0,2,true,true,coarse_grid,false,governance.selection=pressure_max_under_constraints;seed=continuation
0.35,independent_oracle,3c5f6b3c9bd535cff7657364dadb2efc31f2ea48,101.0,0,1.21875,348.262622,21.648407,0.0,2,true,true,coarse_grid,false,governance.selection=pressure_max_under_constraints;seed=continuation
0.35,independent_oracle,3c5f6b3c9bd535cff7657364dadb2efc31f2ea48,101.0,0,1.225,348.247401,21.648362,0.0,2,true,true,coarse_grid,false,governance.selection=pressure_max_under_constraints;seed=continuation
0.35,independent_oracle,3c5f6b3c9bd535cff7657364dadb2efc31f2ea48,101.0,0,1.23125,348.2317,21.648315,0.0,2,true,true,coarse_grid,false,governance.selection=pressure_max_under_constraints;seed=continuation
0.35,independent_oracle,3c5f6b3c9bd535cff7657364dadb2efc31f2ea48,101.0,0,1.2375,348.215534,21.648267,0.0,2,true,true,coarse_grid,false,governance.selection=pressure_max_under_constraints;seed=continuation
0.35,independent_oracle,3c5f6b3c9bd535cff7657364dadb2efc31f2ea48,101.0,0,1.24375,348.198915,21.648216,0.0,2,true,true,coarse_grid,false,governance.selection=pressure_max_under_constraints;seed=continuation
0.35,independent_oracle,3c5f6b3c9bd535cff7657364dadb2efc31f2ea48,101.0,0,1.25,348.181854,21.648165,0.0,2,true,true,coarse_grid,false,governance.selection=pressure_max_under_constraints;seed=continuation
0.35,independent_oracle,3c5f6b3c9bd535cff7657364dadb2efc31f2ea48,101.0,0,1.25625,348.164364,21.648111,0.0,2,true,true,coarse_grid,false,governance.selection=pressure_max_under_constraints;seed=continuation
0.35,independent_oracle,3c5f6b3c9bd535cff7657364dadb2efc31f2ea48,101.0,0,1.2625,348.146457,21.648057,0.0,2,true,true,coarse_grid,false,governance.selection=pressure_max_under_constraints;seed=continuation
0.35,independent_oracle,3c5f6b3c9bd535cff7657364dadb2efc31f2ea48,101.0,0,1.26875,348.128144,21.648,0.0,2,true,true,coarse_grid,false,governance.selection=pressure_max_under_constraints;seed=continuation
0.35,independent_oracle,3c5f6b3c9bd535cff7657364dadb2efc31f2ea48,101.0,0,1.275,348.109438,21.647942,0.0,2,true,true,coarse_grid,false,governance.selection=pressure_max_under_constraints;seed=continuation
0.35,independent_oracle,3c5f6b3c9bd535cff7657364dadb2efc31f2ea48,101.0,0,1.28125,348.090351,21.647883,0.0,2,true,true,coarse_grid,false,governance.selection=pressure_max_under_constraints;seed=continuation
0.35,independent_oracle,3c5f6b3c9bd535cff7657364dadb2efc31f2ea48,101.0,0,1.2875,348.070894,21.647822,0.0,2,true,true,coarse_grid,false,governance.selection=pressure_max_under_constraints;seed=continuation
0.35,independent_oracle,3c5f6b3c9bd535cff7657364dadb2efc31f2ea48,101.0,0,1.29375,348.051078,21.64776,0.0,2,true,true,coarse_grid,false,governance.selection=pressure_max_under_constraints;seed=continuation
0.35,independent_oracle,3c5f6b3c9bd535cff7657364dadb2efc31f2ea48,101.0,0,1.3,348.030917,21.647696,0.0,2,true,true,coarse_grid,false,governance.selection=pressure_max_under_constraints;seed=continuation
0.35,independent_oracle,3c5f6b3c9bd535cff7657364dadb2efc31f2ea48,101.0,0,1.30625,348.01042,21.647631,0.0,2,true,true,coarse_grid,false,governance.selection=pressure_max_under_constraints;seed=continuation
0.35,independent_oracle,3c5f6b3c9bd535cff7657364dadb2efc31f2ea48,101.0,0,1.3125,347.9896,21.647565,0.0,2,true,true,coarse_grid,false,governance.selection=pressure_max_under_constraints;seed=continuation
0.35,independent_oracle,3c5f6b3c9bd535cff7657364dadb2efc31f2ea48,101.0,0,1.31875,347.968468,21.647497,0.0,2,true,true,coarse_grid,false,governance.selection=pressure_max_under_constraints;seed=continuation
0.35,independent_oracle,3c5f6b3c9bd535cff7657364dadb2efc31f2ea48,101.0,0,1.325,347.947035,21.647429,0.0,2,true,true,coarse_grid,false,governance.selection=pressure_max_under_constraints;seed=continuation
0.35,independent_oracle,3c5f6b3c9bd535cff7657364dadb2efc31f2ea48,101.0,0,1.33125,347.925313,21.647358,0.0,2,true,true,coarse_grid,false,governance.selection=pressure_max_under_constraints;seed=continuation
0.35,independent_oracle,3c5f6b3c9bd535cff7657364dadb2efc31f2ea48,101.0,0,1.3375,347.903312,21.647287,0.0,2,true,true,coarse_grid,false,governance.selection=pressure_max_under_constraints;seed=continuation
0.35,independent_oracle,3c5f6b3c9bd535cff7657364dadb2efc31f2ea48,101.0,0,1.34375,347.881045,21.647214,0.0,2,true,true,coarse_grid,false,governance.selection=pressure_max_under_constraints;seed=continuation
0.35,independent_oracle,3c5f6b3c9bd535cff7657364dadb2efc31f2ea48,101.0,0,1.35,347.858523,21.647141,0.0,2,true,true,coarse_grid,false,governance.selection=pressure_max_under_constraints;seed=continuation
0.35,independent_oracle,3c5f6b3c9bd535cff7657364dadb2efc31f2ea48,101.0,0,1.35625,347.835755,21.647066,0.0,2,true,true,coarse_grid,false,governance.selection=pressure_max_under_constraints;seed=continuation
0.35,independent_oracle,3c5f6b3c9bd535cff7657364dadb2efc31f2ea48,101.0,0,1.3625,347.812755,21.64699,0.0,2,true,true,coarse_grid,false,governance.selection=pressure_max_under_constraints;seed=continuation
0.35,independent_oracle,3c5f6b3c9bd535cff7657364dadb2efc31f2ea48,101.0,0,1.36875,347.789532,21.646912,0.0,2,true,true,coarse_grid,false,governance.selection=pressure_max_under_constraints;seed=continuation
0.35,independent_oracle,3c5f6b3c9bd535cff7657364dadb2efc31f2ea48,101.0,0,1.375,347.766097,21.646834,0.0,2,true,true,coarse_grid,false,governance.selection=pressure_max_under_constraints;seed=continuation
0.35,independent_oracle,3c5f6b3c9bd535cff7657364dadb2efc31f2ea48,101.0,0,1.38125,347.742463,21.646755,0.0,2,true,true,coarse_grid,false,governance.selection=pressure_max_under_constraints;seed=continuation
0.35,independent_oracle,3c5f6b3c9bd535cff7657364dadb2efc31f2ea48,101.0,0,1.3875,347.718639,21.646675,0.0,2,true,true,coarse_grid,false,governance.selection=pressure_max_under_constraints;seed=continuation
0.35,independent_oracle,3c5f6b3c9bd535cff7657364dadb2efc31f2ea48,101.0,0,1.39375,347.694636,21.646594,0.0,2,true,true,coarse_grid,false,governance.selection=pressure_max_under_constraints;seed=continuation
0.35,independent_oracle,3c5f6b3c9bd535cff7657364dadb2efc31f2ea48,101.0,0,1.4,347.670466,21.646511,0.0,2,true,true,coarse_grid,false,governance.selection=pressure_max_under_constraints;seed=continuation
0.35,independent_oracle,3c5f6b3c9bd535cff7657364dadb2efc31f2ea48,101.0,0,1.40625,347.64614,21.646428,0.0,2,true,true,coarse_grid,false,governance.selection=pressure_max_under_constraints;seed=continuation
0.35,independent_oracle,3c5f6b3c9bd535cff7657364dadb2efc31f2ea48,101.0,0,1.4125,347.621667,21.646344,0.0,2,true,true,coarse_grid,false,governance.selection=pressure_max_under_constraints;seed=continuation
0.35,independent_oracle,3c5f6b3c9bd535cff7657364dadb2efc31f2ea48,101.0,0,1.41875,347.59706,21.64626,0.0,2,true,true,coarse_grid,false,governance.selection=pressure_max_under_constraints;seed=continuation
0.35,independent_oracle,3c5f6b3c9bd535cff7657364dadb2efc31f2ea48,101.0,0,1.425,347.572329,21.646174,0.0,2,true,true,coarse_grid,false,governance.selection=pressure_max_under_constraints;seed=continuation
0.35,independent_oracle,3c5f6b3c9bd535cff7657364dadb2efc31f2ea48,101.0,0,1.43125,347.547484,21.646088,0.0,2,true,true,coarse_grid,false,governance.selection=pressure_max_under_constraints;seed=continuation
0.35,independent_oracle,3c5f6b3c9bd535cff7657364dadb2efc31f2ea48,101.0,0,1.4375,347.522537,21.646001,0.0,2,true,true,coarse_grid,false,governance.selection=pressure_max_under_constraints;seed=continuation
0.35,independent_oracle,3c5f6b3c9bd535cff7657364dadb2efc31f2ea48,101.0,0,1.44375,347.497498,21.645913,0.0,2,true,true,coarse_grid,false,governance.selection=pressure_max_under_constraints;seed=continuation
0.35,independent_oracle,3c5f6b3c9bd535cff7657364dadb2efc31f2ea48,101.0,0,1.45,347.472378,21.645825,0.0,2,true,true,coarse_grid,false,governance.selection=pressure_max_under_constraints;seed=continuation
0.35,independent_oracle,3c5f6b3c9bd535cff7657364dadb2efc31f2ea48,101.0,0,1.45625,347.447189,21.645736,0.0,2,true,true,coarse_grid,false,governance.selection=pressure_max_under_constraints;seed=continuation
0.35,independent_oracle,3c5f6b3c9bd535cff7657364dadb2efc31f2ea48,101.0,0,1.4625,347.42194,21.645646,0.0,2,true,true,coarse_grid,false,governance.selection=pressure_max_under_constraints;seed=continuation
0.35,independent_oracle,3c5f6b3c9bd535cff7657364dadb2efc31f2ea48,101.0,0,1.46875,347.396642,21.645556,0.0,2,true,true,coarse_grid,false,governance.selection=pressure_max_under_constraints;seed=continuation
0.35,independent_oracle,3c5f6b3c9bd535cff7657364dadb2efc31f2ea48,101.0,0,1.475,347.371307,21.645465,0.0,2,true,true,coarse_grid,false,governance.selection=pressure_max_under_constraints;seed=continuation
0.35,independent_oracle,3c5f6b3c9bd535cff7657364dadb2efc31f2ea48,101.0,0,1.48125,347.345945,21.645374,0.0,2,true,true,coarse_grid,false,governance.selection=pressure_max_under_constraints;seed=continuation
0.35,independent_oracle,3c5f6b3c9bd535cff7657364dadb2efc31f2ea48,101.0,0,1.4875,347.320566,21.645282,0.0,2,true,true,coarse_grid,false,governance.selection=pressure_max_under_constraints;seed=continuation
0.35,independent_oracle,3c5f6b3c9bd535cff7657364dadb2efc31f2ea48,101.0,0,1.49375,347.295182,21.64519,0.0,2,true,true,coarse_grid,false,governance.selection=pressure_max_under_constraints;seed=continuation
0.35,independent_oracle,3c5f6b3c9bd535cff7657364dadb2efc31f2ea48,101.0,0,1.5,347.269804,21.645098,0.0,2,true,true,coarse_grid,false,governance.selection=pressure_max_under_constraints;seed=continuation
0.35,independent_oracle,3c5f6b3c9bd535cff7657364dadb2efc31f2ea48,101.0,0,1.50625,347.244441,21.645005,0.0,2,true,true,coarse_grid,false,governance.selection=pressure_max_under_constraints;seed=continuation
0.35,independent_oracle,3c5f6b3c9bd535cff7657364dadb2efc31f2ea48,101.0,0,1.5125,347.219106,21.644912,0.0,2,true,true,coarse_grid,false,governance.selection=pressure_max_under_constraints;seed=continuation
0.35,independent_oracle,3c5f6b3c9bd535cff7657364dadb2efc31f2ea48,101.0,0,1.51875,347.193809,21.644819,0.0,2,true,true,coarse_grid,false,governance.selection=pressure_max_under_constraints;seed=continuation
0.35,independent_oracle,3c5f6b3c9bd535cff7657364dadb2efc31f2ea48,101.0,0,1.525,347.16856,21.644725,0.0,2,true,true,coarse_grid,false,governance.selection=pressure_max_under_constraints;seed=continuation
0.35,independent_oracle,3c5f6b3c9bd535cff7657364dadb2efc31f2ea48,101.0,0,1.53125,347.143371,21.644632,0.0,2,true,true,coarse_grid,false,governance.selection=pressure_max_under_constraints;seed=continuation
0.35,independent_oracle,3c5f6b3c9bd535cff7657364dadb2efc31f2ea48,101.0,0,1.5375,347.118252,21.644538,0.0,2,true,true,coarse_grid,false,governance.selection=pressure_max_under_constraints;seed=continuation
0.35,independent_oracle,3c5f6b3c9bd535cff7657364dadb2efc31f2ea48,101.0,0,1.54375,347.093214,21.644444,0.0,2,true,true,coarse_grid,false,governance.selection=pressure_max_under_constraints;seed=continuation
0.35,independent_oracle,3c5f6b3c9bd535cff7657364dadb2efc31f2ea48,101.0,0,1.55,347.068269,21.64435,0.0,2,true,true,coarse_grid,false,governance.selection=pressure_max_under_constraints;seed=continuation
0.35,independent_oracle,3c5f6b3c9bd535cff7657364dadb2efc31f2ea48,101.0,0,1.55625,347.043427,21.644256,0.0,2,true,true,coarse_grid,false,governance.selection=pressure_max_under_constraints;seed=continuation
0.35,independent_oracle,3c5f6b3c9bd535cff7657364dadb2efc31f2ea48,101.0,0,1.5625,347.018699,21.644163,0.0,2,true,true,coarse_grid,false,governance.selection=pressure_max_under_constraints;seed=continuation
0.35,independent_oracle,3c5f6b3c9bd535cff7657364dadb2efc31f2ea48,101.0,0,1.56875,346.994097,21.644069,0.0,2,true,true,coarse_grid,false,governance.selection=pressure_max_under_constraints;seed=continuation
0.35,independent_oracle,3c5f6b3c9bd535cff7657364dadb2efc31f2ea48,101.0,0,1.575,346.969631,21.643975,0.0,2,true,true,coarse_grid,false,governance.selection=pressure_max_under_constraints;seed=continuation
0.35,independent_oracle,3c5f6b3c9bd535cff7657364dadb2efc31f2ea48,101.0,0,1.58125,346.945312,21.643882,0.0,2,true,true,coarse_grid,false,governance.selection=pressure_max_under_constraints;seed=continuation
0.35,independent_oracle,3c5f6b3c9bd535cff7657364dadb2efc31f2ea48,101.0,0,1.5875,346.921151,21.643789,0.0,2,true,true,coarse_grid,false,governance.selection=pressure_max_under_constraints;seed=continuation
0.35,independent_oracle,3c5f6b3c9bd535cff7657364dadb2efc31f2ea48,101.0,0,1.59375,346.89716,21.643696,0.0,2,true,true,coarse_grid,false,governance.selection=pressure_max_under_constraints;seed=continuation
0.35,independent_oracle,3c5f6b3c9bd535cff7657364dadb2efc31f2ea48,101.0,0,1.6,346.87335,21.643604,0.0,2,true,true,coarse_grid,false,governance.selection=pressure_max_under_constraints;seed=continuation
0.35,independent_oracle,3c5f6b3c9bd535cff7657364dadb2efc31f2ea48,101.0,0,1.60625,346.849732,21.643511,0.0,2,true,true,coarse_grid,false,governance.selection=pressure_max_under_constraints;seed=continuation
0.35,independent_oracle,3c5f6b3c9bd535cff7657364dadb2efc31f2ea48,101.0,0,1.6125,346.826317,21.64342,0.0,2,true,true,coarse_grid,false,governance.selection=pressure_max_under_constraints;seed=continuation
0.35,independent_oracle,3c5f6b3c9bd535cff7657364dadb2efc31f2ea48,101.0,0,1.61875,346.803117,21.643329,0.0,2,true,true,coarse_grid,false,governance.selection=pressure_max_under_constraints;seed=continuation
0.35,independent_oracle,3c5f6b3c9bd535cff7657364dadb2efc31f2ea48,101.0,0,1.625,346.780142,21.643238,0.0,2,true,true,coarse_grid,false,governance.selection=pressure_max_under_constraints;seed=continuation
0.35,independent_oracle,3c5f6b3c9bd535cff7657364dadb2efc31f2ea48,101.0,0,1.63125,346.757405,21.643148,0.0,2,true,true,coarse_grid,false,governance.selection=pressure_max_under_constraints;seed=continuation
0.35,independent_oracle,3c5f6b3c9bd535cff7657364dadb2efc31f2ea48,101.0,0,1.6375,346.734916,21.643059,0.0,2,true,true,coarse_grid,false,governance.selection=pressure_max_under_constraints;seed=continuation
0.35,independent_oracle,3c5f6b3c9bd535cff7657364dadb2efc31f2ea48,101.0,0,1.64375,346.712688,21.64297,0.0,2,true,true,coarse_grid,false,governance.selection=pressure_max_under_constraints;seed=continuation
0.35,independent_oracle,3c5f6b3c9bd535cff7657364dadb2efc31f2ea48,101.0,0,1.65,346.690731,21.642882,0.0,2,true,true,coarse_grid,false,governance.selection=pressure_max_under_constraints;seed=continuation
0.35,independent_oracle,3c5f6b3c9bd535cff7657364dadb2efc31f2ea48,101.0,0,1.65625,346.669058,21.642795,0.0,2,true,true,coarse_grid,false,governance.selection=pressure_max_under_constraints;seed=continuation
0.35,independent_oracle,3c5f6b3c9bd535cff7657364dadb2efc31f2ea48,101.0,0,1.6625,346.647679,21.642708,0.0,2,true,true,coarse_grid,false,governance.selection=pressure_max_under_constraints;seed=continuation
0.35,independent_oracle,3c5f6b3c9bd535cff7657364dadb2efc31f2ea48,101.0,0,1.66875,346.626607,21.642623,0.0,2,true,true,coarse_grid,false,governance.selection=pressure_max_under_constraints;seed=continuation
0.35,independent_oracle,3c5f6b3c9bd535cff7657364dadb2efc31f2ea48,101.0,0,1.675,346.605854,21.642539,0.0,2,true,true,coarse_grid,false,governance.selection=pressure_max_under_constraints;seed=continuation
0.35,independent_oracle,3c5f6b3c9bd535cff7657364dadb2efc31f2ea48,101.0,0,1.68125,346.585431,21.642455,0.0,2,true,true,coarse_grid,false,governance.selection=pressure_max_under_constraints;seed=continuation
0.35,independent_oracle,3c5f6b3c9bd535cff7657364dadb2efc31f2ea48,101.0,0,1.6875,346.56535,21.642373,0.0,2,true,true,coarse_grid,false,governance.selection=pressure_max_under_constraints;seed=continuation
0.35,independent_oracle,3c5f6b3c9bd535cff7657364dadb2efc31f2ea48,101.0,0,1.69375,346.545623,21.642292,0.0,2,true,true,coarse_grid,false,governance.selection=pressure_max_under_constraints;seed=continuation
0.35,independent_oracle,3c5f6b3c9bd535cff7657364dadb2efc31f2ea48,101.0,0,1.7,346.526262,21.642212,0.0,2,true,true,coarse_grid,false,governance.selection=pressure_max_under_constraints;seed=continuation
0.35,independent_oracle,3c5f6b3c9bd535cff7657364dadb2efc31f2ea48,101.0,0,1.70625,346.507279,21.642133,0.0,2,true,true,coarse_grid,false,governance.selection=pressure_max_under_constraints;seed=continuation
0.35,independent_oracle,3c5f6b3c9bd535cff7657364dadb2efc31f2ea48,101.0,0,1.7125,346.488686,21.642056,0.0,2,true,true,coarse_grid,false,governance.selection=pressure_max_under_constraints;seed=continuation
0.35,independent_oracle,3c5f6b3c9bd535cff7657364dadb2efc31f2ea48,101.0,0,1.71875,346.470495,21.64198,0.0,2,true,true,coarse_grid,false,governance.selection=pressure_max_under_constraints;seed=continuation
0.35,independent_oracle,3c5f6b3c9bd535cff7657364dadb2efc31f2ea48,101.0,0,1.725,346.452719,21.641906,0.0,2,true,true,coarse_grid,false,governance.selection=pressure_max_under_constraints;seed=continuation
0.35,independent_oracle,3c5f6b3c9bd535cff7657364dadb2efc31f2ea48,101.0,0,1.73125,346.43537,21.641833,0.0,2,true,true,coarse_grid,false,governance.selection=pressure_max_under_constraints;seed=continuation
0.35,independent_oracle,3c5f6b3c9bd535cff7657364dadb2efc31f2ea48,101.0,0,1.7375,346.418461,21.641761,0.0,2,true,true,coarse_grid,false,governance.selection=pressure_max_under_constraints;seed=continuation
0.35,independent_oracle,3c5f6b3c9bd535cff7657364dadb2efc31f2ea48,101.0,0,1.74375,346.402003,21.641692,0.0,2,true,true,coarse_grid,false,governance.selection=pressure_max_under_constraints;seed=continuation
0.35,independent_oracle,3c5f6b3c9bd535cff7657364dadb2efc31f2ea48,101.0,0,1.75,346.38601,21.641624,0.0,2,true,true,coarse_grid,false,governance.selection=pressure_max_under_constraints;seed=continuation
0.35,independent_oracle,3c5f6b3c9bd535cff7657364dadb2efc31f2ea48,101.0,0,1.75625,346.370493,21.641558,0.0,2,true,true,coarse_grid,false,governance.selection=pressure_max_under_constraints;seed=continuation
0.35,independent_oracle,3c5f6b3c9bd535cff7657364dadb2efc31f2ea48,101.0,0,1.7625,346.355466,21.641493,0.0,2,true,true,coarse_grid,false,governance.selection=pressure_max_under_constraints;seed=continuation
0.35,independent_oracle,3c5f6b3c9bd535cff7657364dadb2efc31f2ea48,101.0,0,1.76875,346.340941,21.641431,0.0,2,true,true,coarse_grid,false,governance.selection=pressure_max_under_constraints;seed=continuation
0.35,independent_oracle,3c5f6b3c9bd535cff7657364dadb2efc31f2ea48,101.0,0,1.775,346.326932,21.64137,0.0,2,true,true,coarse_grid,false,governance.selection=pressure_max_under_constraints;seed=continuation
0.35,independent_oracle,3c5f6b3c9bd535cff7657364dadb2efc31f2ea48,101.0,0,1.78125,346.313451,21.641312,0.0,2,true,true,coarse_grid,false,governance.selection=pressure_max_under_constraints;seed=continuation
0.35,independent_oracle,3c5f6b3c9bd535cff7657364dadb2efc31f2ea48,101.0,0,1.7875,346.30051,21.641256,0.0,2,true,true,coarse_grid,false,governance.selection=pressure_max_under_constraints;seed=continuation
0.35,independent_oracle,3c5f6b3c9bd535cff7657364dadb2efc31f2ea48,101.0,0,1.79375,346.288124,21.641202,0.0,2,true,true,coarse_grid,false,governance.selection=pressure_max_under_constraints;seed=continuation
0.35,independent_oracle,3c5f6b3c9bd535cff7657364dadb2efc31f2ea48,101.0,0,1.8,346.276305,21.64115,0.0,2,true,true,coarse_grid,false,governance.selection=pressure_max_under_constraints;seed=continuation
0.35,independent_oracle,3c5f6b3c9bd535cff7657364dadb2efc31f2ea48,101.0,0,1.80625,346.265067,21.641101,0.0,2,true,true,coarse_grid,false,governance.selection=pressure_max_under_constraints;seed=continuation
0.35,independent_oracle,3c5f6b3c9bd535cff7657364dadb2efc31f2ea48,101.0,0,1.8125,346.254422,21.641054,0.0,2,true,true,coarse_grid,false,governance.selection=pressure_max_under_constraints;seed=continuation
0.35,independent_oracle,3c5f6b3c9bd535cff7657364dadb2efc31f2ea48,101.0,0,1.81875,346.244384,21.64101,0.0,2,true,true,coarse_grid,false,governance.selection=pressure_max_under_constraints;seed=continuation
0.35,independent_oracle,3c5f6b3c9bd535cff7657364dadb2efc31f2ea48,101.0,0,1.825,346.234967,21.640968,0.0,2,true,true,coarse_grid,false,governance.selection=pressure_max_under_constraints;seed=continuation
0.35,independent_oracle,3c5f6b3c9bd535cff7657364dadb2efc31f2ea48,101.0,0,1.83125,346.226184,21.640929,0.0,2,true,true,coarse_grid,false,governance.selection=pressure_max_under_constraints;seed=continuation
0.35,independent_oracle,3c5f6b3c9bd535cff7657364dadb2efc31f2ea48,101.0,0,1.8375,346.218049,21.640893,0.0,2,true,true,coarse_grid,false,governance.selection=pressure_max_under_constraints;seed=continuation
0.35,independent_oracle,3c5f6b3c9bd535cff7657364dadb2efc31f2ea48,101.0,0,1.84375,346.210575,21.640859,0.0,2,true,true,coarse_grid,false,governance.selection=pressure_max_under_constraints;seed=continuation
0.35,independent_oracle,3c5f6b3c9bd535cff7657364dadb2efc31f2ea48,101.0,0,1.85,346.203777,21.640829,0.0,2,true,true,coarse_grid,false,governance.selection=pressure_max_under_constraints;seed=continuation
0.35,independent_oracle,3c5f6b3c9bd535cff7657364dadb2efc31f2ea48,101.0,0,1.85625,346.197667,21.640801,0.0,2,true,true,coarse_grid,false,governance.selection=pressure_max_under_constraints;seed=continuation
0.35,independent_oracle,3c5f6b3c9bd535cff7657364dadb2efc31f2ea48,101.0,0,1.8625,346.19226,21.640777,0.0,2,true,true,coarse_grid,false,governance.selection=pressure_max_under_constraints;seed=continuation
0.35,independent_oracle,3c5f6b3c9bd535cff7657364dadb2efc31f2ea48,101.0,0,1.86875,346.187571,21.640756,0.0,2,true,true,coarse_grid,false,governance.selection=pressure_max_under_constraints;seed=continuation
0.35,independent_oracle,3c5f6b3c9bd535cff7657364dadb2efc31f2ea48,101.0,0,1.875,346.183612,21.640738,0.0,2,true,true,coarse_grid,false,governance.selection=pressure_max_under_constraints;seed=continuation
0.35,independent_oracle,3c5f6b3c9bd535cff7657364dadb2efc31f2ea48,101.0,0,1.88125,346.180398,21.640723,0.0,2,true,true,coarse_grid,false,governance.selection=pressure_max_under_constraints;seed=continuation
0.35,independent_oracle,3c5f6b3c9bd535cff7657364dadb2efc31f2ea48,101.0,0,1.8875,346.177944,21.640712,0.0,2,true,true,coarse_grid,false,governance.selection=pressure_max_under_constraints;seed=continuation
0.35,independent_oracle,3c5f6b3c9bd535cff7657364dadb2efc31f2ea48,101.0,0,1.89375,346.176264,21.640704,0.0,2,true,true,coarse_grid,false,governance.selection=pressure_max_under_constraints;seed=continuation
0.35,independent_oracle,3c5f6b3c9bd535cff7657364dadb2efc31f2ea48,101.0,0,1.9,346.175372,21.6407,0.0,2,true,true,coarse_grid,false,governance.selection=pressure_max_under_constraints;seed=continuation
0.35,independent_oracle,3c5f6b3c9bd535cff7657364dadb2efc31f2ea48,101.0,0,1.90625,346.175282,21.640699,0.0,2,true,true,coarse_grid,false,governance.selection=pressure_max_under_constraints;seed=continuation
0.35,independent_oracle,3c5f6b3c9bd535cff7657364dadb2efc31f2ea48,101.0,0,1.9125,346.17601,21.640703,0.0,2,true,true,coarse_grid,false,governance.selection=pressure_max_under_constraints;seed=continuation
0.35,independent_oracle,3c5f6b3c9bd535cff7657364dadb2efc31f2ea48,101.0,0,1.91875,346.177569,21.64071,0.0,2,true,true,coarse_grid,false,governance.selection=pressure_max_under_constraints;seed=continuation
0.35,independent_oracle,3c5f6b3c9bd535cff7657364dadb2efc31f2ea48,101.0,0,1.925,346.179975,21.640721,0.0,2,true,true,coarse_grid,false,governance.selection=pressure_max_under_constraints;seed=continuation
0.35,independent_oracle,3c5f6b3c9bd535cff7657364dadb2efc31f2ea48,101.0,0,1.93125,346.183241,21.640737,0.0,2,true,true,coarse_grid,false,governance.selection=pressure_max_under_constraints;seed=continuation
0.35,independent_oracle,3c5f6b3c9bd535cff7657364dadb2efc31f2ea48,101.0,0,1.9375,346.187384,21.640756,0.0,2,true,true,coarse_grid,false,governance.selection=pressure_max_under_constraints;seed=continuation
0.35,independent_oracle,3c5f6b3c9bd535cff7657364dadb2efc31f2ea48,101.0,0,1.94375,346.192418,21.64078,0.0,2,true,true,coarse_grid,false,governance.selection=pressure_max_under_constraints;seed=continuation
0.35,independent_oracle,3c5f6b3c9bd535cff7657364dadb2efc31f2ea48,101.0,0,1.95,346.198357,21.640808,0.0,2,true,true,coarse_grid,false,governance.selection=pressure_max_under_constraints;seed=continuation
0.35,independent_oracle,3c5f6b3c9bd535cff7657364dadb2efc31f2ea48,101.0,0,1.95625,346.205217,21.640841,0.0,2,true,true,coarse_grid,false,governance.selection=pressure_max_under_constraints;seed=continuation
0.35,independent_oracle,3c5f6b3c9bd535cff7657364dadb2efc31f2ea48,101.0,0,1.9625,346.213013,21.640878,0.0,2,true,true,coarse_grid,false,governance.selection=pressure_max_under_constraints;seed=continuation
0.35,independent_oracle,3c5f6b3c9bd535cff7657364dadb2efc31f2ea48,101.0,0,1.96875,346.22176,21.64092,0.0,2,true,true,coarse_grid,false,governance.selection=pressure_max_under_constraints;seed=continuation
0.35,independent_oracle,3c5f6b3c9bd535cff7657364dadb2efc31f2ea48,101.0,0,1.975,346.231472,21.640966,0.0,2,true,true,coarse_grid,false,governance.selection=pressure_max_under_constraints;seed=continuation
0.35,independent_oracle,3c5f6b3c9bd535cff7657364dadb2efc31f2ea48,101.0,0,1.98125,346.242166,21.641018,0.0,2,true,true,coarse_grid,false,governance.selection=pressure_max_under_constraints;seed=continuation
0.35,independent_oracle,3c5f6b3c9bd535cff7657364dadb2efc31f2ea48,101.0,0,1.9875,346.253857,21.641074,0.0,2,true,true,coarse_grid,false,governance.selection=pressure_max_under_constraints;seed=continuation
0.35,independent_oracle,3c5f6b3c9bd535cff7657364dadb2efc31f2ea48,101.0,0,1.99375,346.266559,21.641136,0.0,2,true,true,coarse_grid,false,governance.selection=pressure_max_under_constraints;seed=continuation
0.35,independent_oracle,3c5f6b3c9bd535cff7657364dadb2efc31f2ea48,101.0,0,2.0,346.280288,21.641202,0.0,2,true,true,coarse_grid,false,governance.selection=pressure_max_under_constraints;seed=continuation
0.35,independent_oracle,3c5f6b3c9bd535cff7657364dadb2efc31f2ea48,101.0,0,2.00625,346.29506,21.641274,0.0,2,true,true,coarse_grid,false,governance.selection=pressure_max_under_constraints;seed=continuation
0.35,independent_oracle,3c5f6b3c9bd535cff7657364dadb2efc31f2ea48,101.0,0,2.0125,346.310889,21.641352,0.0,2,true,true,coarse_grid,false,governance.selection=pressure_max_under_constraints;seed=continuation
0.35,independent_oracle,3c5f6b3c9bd535cff7657364dadb2efc31f2ea48,101.0,0,2.01875,346.327791,21.641434,0.0,2,true,true,coarse_grid,false,governance.selection=pressure_max_under_constraints;seed=continuation
0.35,independent_oracle,3c5f6b3c9bd535cff7657364dadb2efc31f2ea48,101.0,0,2.025,346.345782,21.641523,0.0,2,true,true,coarse_grid,false,governance.selection=pressure_max_under_constraints;seed=continuation
0.35,independent_oracle,3c5f6b3c9bd535cff7657364dadb2efc31f2ea48,101.0,0,2.03125,346.364877,21.641617,0.0,2,true,true,coarse_grid,false,governance.selection=pressure_max_under_constraints;seed=continuation
0.35,independent_oracle,3c5f6b3c9bd535cff7657364dadb2efc31f2ea48,101.0,0,2.0375,346.385092,21.641717,0.0,2,true,true,coarse_grid,false,governance.selection=pressure_max_under_constraints;seed=continuation
0.35,independent_oracle,3c5f6b3c9bd535cff7657364dadb2efc31f2ea48,101.0,0,2.04375,346.406441,21.641823,0.0,2,true,true,coarse_grid,false,governance.selection=pressure_max_under_constraints;seed=continuation
0.35,independent_oracle,3c5f6b3c9bd535cff7657364dadb2efc31f2ea48,101.0,0,2.05,346.42894,21.641935,0.0,2,true,true,coarse_grid,false,governance.selection=pressure_max_under_constraints;seed=continuation
0.35,independent_oracle,3c5f6b3c9bd535cff7657364dadb2efc31f2ea48,101.0,0,2.05625,346.452605,21.642053,0.0,2,true,true,coarse_grid,false,governance.selection=pressure_max_under_constraints;seed=continuation
0.35,independent_oracle,3c5f6b3c9bd535cff7657364dadb2efc31f2ea48,101.0,0,2.0625,346.47745,21.642178,0.0,2,true,true,coarse_grid,false,governance.selection=pressure_max_under_constraints;seed=continuation
0.35,independent_oracle,3c5f6b3c9bd535cff7657364dadb2efc31f2ea48,101.0,0,2.06875,346.503492,21.642309,0.0,2,true,true,coarse_grid,false,governance.selection=pressure_max_under_constraints;seed=continuation
0.35,independent_oracle,3c5f6b3c9bd535cff7657364dadb2efc31f2ea48,101.0,0,2.075,346.530746,21.642446,0.0,2,true,true,coarse_grid,false,governance.selection=pressure_max_under_constraints;seed=continuation
0.35,independent_oracle,3c5f6b3c9bd535cff7657364dadb2efc31f2ea48,101.0,0,2.08125,346.559227,21.64259,0.0,2,true,true,coarse_grid,false,governance.selection=pressure_max_under_constraints;seed=continuation
0.35,independent_oracle,3c5f6b3c9bd535cff7657364dadb2efc31f2ea48,101.0,0,2.0875,346.588949,21.642741,0.0,2,true,true,coarse_grid,false,governance.selection=pressure_max_under_constraints;seed=continuation
0.35,independent_oracle,3c5f6b3c9bd535cff7657364dadb2efc31f2ea48,101.0,0,2.09375,346.619929,21.642898,0.0,2,true,true,coarse_grid,false,governance.selection=pressure_max_under_constraints;seed=continuation
0.35,independent_oracle,3c5f6b3c9bd535cff7657364dadb2efc31f2ea48,101.0,0,2.1,346.652182,21.643063,0.0,2,true,true,coarse_grid,false,governance.selection=pressure_max_under_constraints;seed=continuation
0.35,independent_oracle,3c5f6b3c9bd535cff7657364dadb2efc31f2ea48,101.0,0,2.10625,346.685722,21.643234,0.0,2,true,true,coarse_grid,false,governance.selection=pressure_max_under_constraints;seed=continuation
0.35,independent_oracle,3c5f6b3c9bd535cff7657364dadb2efc31f2ea48,101.0,0,2.1125,346.720564,21.643413,0.0,2,true,true,coarse_grid,false,governance.selection=pressure_max_under_constraints;seed=continuation
0.35,independent_oracle,3c5f6b3c9bd535cff7657364dadb2efc31f2ea48,101.0,0,2.11875,346.756723,21.643599,0.0,2,true,true,coarse_grid,false,governance.selection=pressure_max_under_constraints;seed=continuation
0.35,independent_oracle,3c5f6b3c9bd535cff7657364dadb2efc31f2ea48,101.0,0,2.125,346.794215,21.643793,0.0,2,true,true,coarse_grid,false,governance.selection=pressure_max_under_constraints;seed=continuation
0.35,independent_oracle,3c5f6b3c9bd535cff7657364dadb2efc31f2ea48,101.0,0,2.13125,346.833053,21.643994,0.0,2,true,true,coarse_grid,false,governance.selection=pressure_max_under_constraints;seed=continuation
0.35,independent_oracle,3c5f6b3c9bd535cff7657364dadb2efc31f2ea48,101.0,0,2.1375,346.873252,21.644202,0.0,2,true,true,coarse_grid,false,governance.selection=pressure_max_under_constraints;seed=continuation
0.35,independent_oracle,3c5f6b3c9bd535cff7657364dadb2efc31f2ea48,101.0,0,2.14375,346.914827,21.644419,0.0,2,true,true,coarse_grid,false,governance.selection=pressure_max_under_constraints;seed=continuation
0.35,independent_oracle,3c5f6b3c9bd535cff7657364dadb2efc31f2ea48,101.0,0,2.15,346.957791,21.644643,0.0,2,true,true,coarse_grid,false,governance.selection=pressure_max_under_constraints;seed=continuation
0.35,independent_oracle,3c5f6b3c9bd535cff7657364dadb2efc31f2ea48,101.0,0,2.15625,347.00216,21.644876,0.0,2,true,true,coarse_grid,false,governance.selection=pressure_max_under_constraints;seed=continuation
0.35,independent_oracle,3c5f6b3c9bd535cff7657364dadb2efc31f2ea48,101.0,0,2.1625,347.047946,21.645116,0.0,2,true,true,coarse_grid,false,governance.selection=pressure_max_under_constraints;seed=continuation
0.35,independent_oracle,3c5f6b3c9bd535cff7657364dadb2efc31f2ea48,101.0,0,2.16875,347.095164,21.645365,0.0,2,true,true,coarse_grid,false,governance.selection=pressure_max_under_constraints;seed=continuation
0.35,independent_oracle,3c5f6b3c9bd535cff7657364dadb2efc31f2ea48,101.0,0,2.175,347.143827,21.645622,0.0,2,true,true,coarse_grid,false,governance.selection=pressure_max_under_constraints;seed=continuation
0.35,independent_oracle,3c5f6b3c9bd535cff7657364dadb2efc31f2ea48,101.0,0,2.18125,347.193948,21.645888,0.0,2,true,true,coarse_grid,false,governance.selection=pressure_max_under_constraints;seed=continuation
0.35,independent_oracle,3c5f6b3c9bd535cff7657364dadb2efc31f2ea48,101.0,0,2.1875,347.245541,21.646162,0.0,2,true,true,coarse_grid,false,governance.selection=pressure_max_under_constraints;seed=continuation
0.35,independent_oracle,3c5f6b3c9bd535cff7657364dadb2efc31f2ea48,101.0,0,2.19375,347.298619,21.646445,0.0,2,true,true,coarse_grid,false,governance.selection=pressure_max_under_constraints;seed=continuation
0.35,independent_oracle,3c5f6b3c9bd535cff7657364dadb2efc31f2ea48,101.0,0,2.2,347.353193,21.646736,0.0,2,true,true,coarse_grid,false,governance.selection=pressure_max_under_constraints;seed=continuation
0.35,independent_oracle,3c5f6b3c9bd535cff7657364dadb2efc31f2ea48,101.0,0,2.20625,347.409278,21.647037,0.0,2,true,true,coarse_grid,false,governance.selection=pressure_max_under_constraints;seed=continuation
0.35,independent_oracle,3c5f6b3c9bd535cff7657364dadb2efc31f2ea48,101.0,0,2.2125,347.466884,21.647346,0.0,2,true,true,coarse_grid,false,governance.selection=pressure_max_under_constraints;seed=continuation
0.35,independent_oracle,3c5f6b3c9bd535cff7657364dadb2efc31f2ea48,101.0,0,2.21875,347.526024,21.647665,0.0,2,true,true,coarse_grid,false,governance.selection=pressure_max_under_constraints;seed=continuation
0.35,independent_oracle,3c5f6b3c9bd535cff7657364dadb2efc31f2ea48,101.0,0,2.225,347.586709,21.647993,0.0,2,true,true,coarse_grid,false,governance.selection=pressure_max_under_constraints;seed=continuation
0.35,independent_oracle,3c5f6b3c9bd535cff7657364dadb2efc31f2ea48,101.0,0,2.23125,347.648951,21.64833,0.0,2,true,true,coarse_grid,false,governance.selection=pressure_max_under_constraints;seed=continuation
0.35,independent_oracle,3c5f6b3c9bd535cff7657364dadb2efc31f2ea48,101.0,0,2.2375,347.712761,21.648677,0.0,2,true,true,coarse_grid,false,governance.selection=pressure_max_under_constraints;seed=continuation
0.35,independent_oracle,3c5f6b3c9bd535cff7657364dadb2efc31f2ea48,101.0,0,2.24375,347.778149,21.649034,0.0,2,true,true,coarse_grid,false,governance.selection=pressure_max_under_constraints;seed=continuation
0.35,independent_oracle,3c5f6b3c9bd535cff7657364dadb2efc31f2ea48,101.0,0,2.25,347.845125,21.6494,0.0,2,true,true,coarse_grid,false,governance.selection=pressure_max_under_constraints;seed=continuation
0.35,independent_oracle,3c5f6b3c9bd535cff7657364dadb2efc31f2ea48,101.0,0,2.25625,347.913701,21.649776,0.0,2,true,true,coarse_grid,false,governance.selection=pressure_max_under_constraints;seed=continuation
0.35,independent_oracle,3c5f6b3c9bd535cff7657364dadb2efc31f2ea48,101.0,0,2.2625,347.983884,21.650161,0.0,2,true,true,coarse_grid,false,governance.selection=pressure_max_under_constraints;seed=continuation
0.35,independent_oracle,3c5f6b3c9bd535cff7657364dadb2efc31f2ea48,101.0,0,2.26875,348.055685,21.650557,0.0,2,true,true,coarse_grid,false,governance.selection=pressure_max_under_constraints;seed=continuation
0.35,independent_oracle,3c5f6b3c9bd535cff7657364dadb2efc31f2ea48,101.0,0,2.275,348.129113,21.650963,0.0,2,true,true,coarse_grid,false,governance.selection=pressure_max_under_constraints;seed=continuation
0.35,independent_oracle,3c5f6b3c9bd535cff7657364dadb2efc31f2ea48,101.0,0,2.28125,348.204175,21.651379,0.0,2,true,true,coarse_grid,false,governance.selection=pressure_max_under_constraints;seed=continuation
0.35,independent_oracle,3c5f6b3c9bd535cff7657364dadb2efc31f2ea48,101.0,0,2.2875,348.28088,21.651805,0.0,2,true,true,coarse_grid,false,governance.selection=pressure_max_under_constraints;seed=continuation
0.35,independent_oracle,3c5f6b3c9bd535cff7657364dadb2efc31f2ea48,101.0,0,2.29375,348.359235,21.652242,0.0,2,true,true,coarse_grid,false,governance.selection=pressure_max_under_constraints;seed=continuation
0.35,independent_oracle,3c5f6b3c9bd535cff7657364dadb2efc31f2ea48,101.0,0,2.3,348.439248,21.652689,0.0,2,true,true,coarse_grid,false,governance.selection=pressure_max_under_constraints;seed=continuation
0.35,independent_oracle,3c5f6b3c9bd535cff7657364dadb2efc31f2ea48,101.0,0,2.30625,348.520925,21.653146,0.0,2,true,true,coarse_grid,false,governance.selection=pressure_max_under_constraints;seed=continuation
0.35,independent_oracle,3c5f6b3c9bd535cff7657364dadb2efc31f2ea48,101.0,0,2.3125,348.604273,21.653614,0.0,2,true,true,coarse_grid,false,governance.selection=pressure_max_under_constraints;seed=continuation
0.35,independent_oracle,3c5f6b3c9bd535cff7657364dadb2efc31f2ea48,101.0,0,2.31875,348.689297,21.654093,0.0,2,true,true,coarse_grid,false,governance.selection=pressure_max_under_constraints;seed=continuation
0.35,independent_oracle,3c5f6b3c9bd535cff7657364dadb2efc31f2ea48,101.0,0,2.325,348.776002,21.654583,0.0,2,true,true,coarse_grid,false,governance.selection=pressure_max_under_constraints;seed=continuation
0.35,independent_oracle,3c5f6b3c9bd535cff7657364dadb2efc31f2ea48,101.0,0,2.33125,348.864393,21.655084,0.0,2,true,true,coarse_grid,false,governance.selection=pressure_max_under_constraints;seed=continuation
0.35,independent_oracle,3c5f6b3c9bd535cff7657364dadb2efc31f2ea48,101.0,0,2.3375,348.954475,21.655595,0.0,2,true,true,coarse_grid,false,governance.selection=pressure_max_under_constraints;seed=continuation
0.35,independent_oracle,3c5f6b3c9bd535cff7657364dadb2efc31f2ea48,101.0,0,2.34375,349.046252,21.656118,0.0,2,true,true,coarse_grid,false,governance.selection=pressure_max_under_constraints;seed=continuation
0.35,independent_oracle,3c5f6b3c9bd535cff7657364dadb2efc31f2ea48,101.0,0,2.35,349.139725,21.656651,0.0,2,true,true,coarse_grid,false,governance.selection=pressure_max_under_constraints;seed=continuation
0.35,independent_oracle,3c5f6b3c9bd535cff7657364dadb2efc31f2ea48,101.0,0,2.35625,349.234899,21.657196,0.0,2,true,true,coarse_grid,false,governance.selection=pressure_max_under_constraints;seed=continuation
0.35,independent_oracle,3c5f6b3c9bd535cff7657364dadb2efc31f2ea48,101.0,0,2.3625,349.331776,21.657752,0.0,2,true,true,coarse_grid,false,governance.selection=pressure_max_under_constraints;seed=continuation
0.35,independent_oracle,3c5f6b3c9bd535cff7657364dadb2efc31f2ea48,101.0,0,2.36875,349.430356,21.658319,0.0,2,true,true,coarse_grid,false,governance.selection=pressure_max_under_constraints;seed=continuation
0.35,independent_oracle,3c5f6b3c9bd535cff7657364dadb2efc31f2ea48,101.0,0,2.375,349.530641,21.658898,0.0,2,true,true,coarse_grid,false,governance.selection=pressure_max_under_constraints;seed=continuation
0.35,independent_oracle,3c5f6b3c9bd535cff7657364dadb2efc31f2ea48,101.0,0,2.38125,349.632631,21.659488,0.0,2,true,true,coarse_grid,false,governance.selection=pressure_max_under_constraints;seed=continuation
0.35,independent_oracle,3c5f6b3c9bd535cff7657364dadb2efc31f2ea48,101.0,0,2.3875,349.736327,21.660089,0.0,2,true,true,coarse_grid,false,governance.selection=pressure_max_under_constraints;seed=continuation
0.35,independent_oracle,3c5f6b3c9bd535cff7657364dadb2efc31f2ea48,101.0,0,2.39375,349.841728,21.660702,0.0,2,true,true,coarse_grid,false,governance.selection=pressure_max_under_constraints;seed=continuation
0.35,independent_oracle,3c5f6b3c9bd535cff7657364dadb2efc31f2ea48,101.0,0,2.4,349.948831,21.661327,0.0,2,true,true,coarse_grid,false,governance.selection=pressure_max_under_constraints;seed=continuation
0.35,independent_oracle,3c5f6b3c9bd535cff7657364dadb2efc31f2ea48,101.0,0,2.40625,350.057637,21.661963,0.0,2,true,true,coarse_grid,false,governance.selection=pressure_max_under_constraints;seed=continuation
0.35,independent_oracle,3c5f6b3c9bd535cff7657364dadb2efc31f2ea48,101.0,0,2.4125,350.168142,21.662611,0.0,2,true,true,coarse_grid,false,governance.selection=pressure_max_under_constraints;seed=continuation
0.35,independent_oracle,3c5f6b3c9bd535cff7657364dadb2efc31f2ea48,101.0,0,2.41875,350.280343,21.66327,0.0,2,true,true,coarse_grid,false,governance.selection=pressure_max_under_constraints;seed=continuation
0.35,independent_oracle,3c5f6b3c9bd535cff7657364dadb2efc31f2ea48,101.0,0,2.425,350.394237,21.663941,0.0,2,true,true,coarse_grid,false,governance.selection=pressure_max_under_constraints;seed=continuation
0.35,independent_oracle,3c5f6b3c9bd535cff7657364dadb2efc31f2ea48,101.0,0,2.43125,350.509819,21.664624,0.0,2,true,true,coarse_grid,false,governance.selection=pressure_max_under_constraints;seed=continuation
0.35,independent_oracle,3c5f6b3c9bd535cff7657364dadb2efc31f2ea48,101.0,0,2.4375,350.627085,21.665318,0.0,2,true,true,coarse_grid,false,governance.selection=pressure_max_under_constraints;seed=continuation
0.35,independent_oracle,3c5f6b3c9bd535cff7657364dadb2efc31f2ea48,101.0,0,2.44375,350.74603,21.666024,0.0,2,true,true,coarse_grid,false,governance.selection=pressure_max_under_constraints;seed=continuation
0.35,independent_oracle,3c5f6b3c9bd535cff7657364dadb2efc31f2ea48,101.0,0,2.45,350.866647,21.666742,0.0,2,true,true,coarse_grid,false,governance.selection=pressure_max_under_constraints;seed=continuation
0.35,independent_oracle,3c5f6b3c9bd535cff7657364dadb2efc31f2ea48,101.0,0,2.45625,350.98893,21.667472,0.0,2,true,true,coarse_grid,false,governance.selection=pressure_max_under_constraints;seed=continuation
0.35,independent_oracle,3c5f6b3c9bd535cff7657364dadb2efc31f2ea48,101.0,0,2.4625,351.112873,21.668213,0.0,2,true,true,coarse_grid,false,governance.selection=pressure_max_under_constraints;seed=continuation
0.35,independent_oracle,3c5f6b3c9bd535cff7657364dadb2efc31f2ea48,101.0,0,2.46875,351.238467,21.668966,0.0,2,true,true,coarse_grid,false,governance.selection=pressure_max_under_constraints;seed=continuation
0.35,independent_oracle,3c5f6b3c9bd535cff7657364dadb2efc31f2ea48,101.0,0,2.475,351.365705,21.669732,0.0,2,true,true,coarse_grid,false,governance.selection=pressure_max_under_constraints;seed=continuation
0.35,independent_oracle,3c5f6b3c9bd535cff7657364dadb2efc31f2ea48,101.0,0,2.48125,351.494577,21.670508,0.0,2,true,true,coarse_grid,false,governance.selection=pressure_max_under_constraints;seed=continuation
0.35,independent_oracle,3c5f6b3c9bd535cff7657364dadb2efc31f2ea48,101.0,0,2.4875,351.625075,21.671297,0.0,2,true,true,coarse_grid,false,governance.selection=pressure_max_under_constraints;seed=continuation
0.35,independent_oracle,3c5f6b3c9bd535cff7657364dadb2efc31f2ea48,101.0,0,2.49375,351.757188,21.672097,0.0,2,true,true,coarse_grid,false,governance.selection=pressure_max_under_constraints;seed=continuation
0.35,independent_oracle,3c5f6b3c9bd535cff7657364dadb2efc31f2ea48,101.0,0,2.5,351.890907,21.67291,0.0,2,true,true,coarse_grid,false,governance.selection=pressure_max_under_constraints;seed=continuation
0.35,independent_oracle,3c5f6b3c9bd535cff7657364dadb2efc31f2ea48,101.0,0,2.50625,352.02622,21.673733,0.0,2,true,true,coarse_grid,false,governance.selection=pressure_max_under_constraints;seed=continuation
0.35,independent_oracle,3c5f6b3c9bd535cff7657364dadb2efc31f2ea48,101.0,0,2.5125,352.163117,21.674569,0.0,2,true,true,coarse_grid,false,governance.selection=pressure_max_under_constraints;seed=continuation
0.35,independent_oracle,3c5f6b3c9bd535cff7657364dadb2efc31f2ea48,101.0,0,2.51875,352.301585,21.675416,0.0,2,true,true,coarse_grid,false,governance.selection=pressure_max_under_constraints;seed=continuation
0.35,independent_oracle,3c5f6b3c9bd535cff7657364dadb2efc31f2ea48,101.0,0,2.525,352.441612,21.676275,0.0,2,true,true,coarse_grid,false,governance.selection=pressure_max_under_constraints;seed=continuation
0.35,independent_oracle,3c5f6b3c9bd535cff7657364dadb2efc31f2ea48,101.0,0,2.53125,352.583186,21.677146,0.0,2,true,true,coarse_grid,false,governance.selection=pressure_max_under_constraints;seed=continuation
0.35,independent_oracle,3c5f6b3c9bd535cff7657364dadb2efc31f2ea48,101.0,0,2.5375,352.726292,21.678028,0.0,2,true,true,coarse_grid,false,governance.selection=pressure_max_under_constraints;seed=continuation
0.35,independent_oracle,3c5f6b3c9bd535cff7657364dadb2efc31f2ea48,101.0,0,2.54375,352.870918,21.678922,0.0,2,true,true,coarse_grid,false,governance.selection=pressure_max_under_constraints;seed=continuation
0.35,independent_oracle,3c5f6b3c9bd535cff7657364dadb2efc31f2ea48,101.0,0,2.55,353.01705,21.679827,0.0,2,true,true,coarse_grid,false,governance.selection=pressure_max_under_constraints;seed=continuation
0.35,independent_oracle,3c5f6b3c9bd535cff7657364dadb2efc31f2ea48,101.0,0,2.55625,353.164672,21.680744,0.0,2,true,true,coarse_grid,false,governance.selection=pressure_max_under_constraints;seed=continuation
0.35,independent_oracle,3c5f6b3c9bd535cff7657364dadb2efc31f2ea48,101.0,0,2.5625,353.313769,21.681673,0.0,2,true,true,coarse_grid,false,governance.selection=pressure_max_under_constraints;seed=continuation
0.35,independent_oracle,3c5f6b3c9bd535cff7657364dadb2efc31f2ea48,101.0,0,2.56875,353.464328,21.682612,0.0,2,true,true,coarse_grid,false,governance.selection=pressure_max_under_constraints;seed=continuation
0.35,independent_oracle,3c5f6b3c9bd535cff7657364dadb2efc31f2ea48,101.0,0,2.575,353.616331,21.683563,0.0,2,true,true,coarse_grid,false,governance.selection=pressure_max_under_constraints;seed=continuation
0.35,independent_oracle,3c5f6b3c9bd535cff7657364dadb2efc31f2ea48,101.0,0,2.58125,353.769762,21.684525,0.0,2,true,true,coarse_grid,false,governance.selection=pressure_max_under_constraints;seed=continuation
0.35,independent_oracle,3c5f6b3c9bd535cff7657364dadb2efc31f2ea48,101.0,0,2.5875,353.924606,21.685499,0.0,2,true,true,coarse_grid,false,governance.selection=pressure_max_under_constraints;seed=continuation
0.35,independent_oracle,3c5f6b3c9bd535cff7657364dadb2efc31f2ea48,101.0,0,2.59375,354.080846,21.686483,0.0,2,true,true,coarse_grid,false,governance.selection=pressure_max_under_constraints;seed=continuation
0.35,independent_oracle,3c5f6b3c9bd535cff7657364dadb2efc31f2ea48,101.0,0,2.6,354.238465,21.687479,0.0,2,true,true,coarse_grid,false,governance.selection=pressure_max_under_constraints;seed=continuation
0.35,independent_oracle,3c5f6b3c9bd535cff7657364dadb2efc31f2ea48,101.0,0,2.60625,354.397444,21.688486,0.0,2,true,true,coarse_grid,false,governance.selection=pressure_max_under_constraints;seed=continuation
0.35,independent_oracle,3c5f6b3c9bd535cff7657364dadb2efc31f2ea48,101.0,0,2.6125,354.557768,21.689503,0.0,2,true,true,coarse_grid,false,governance.selection=pressure_max_under_constraints;seed=continuation
0.35,independent_oracle,3c5f6b3c9bd535cff7657364dadb2efc31f2ea48,101.0,0,2.61875,354.719418,21.690532,0.0,2,true,true,coarse_grid,false,governance.selection=pressure_max_under_constraints;seed=continuation
0.35,independent_oracle,3c5f6b3c9bd535cff7657364dadb2efc31f2ea48,101.0,0,2.625,354.882375,21.691571,0.0,2,true,true,coarse_grid,false,governance.selection=pressure_max_under_constraints;seed=continuation
0.35,independent_oracle,3c5f6b3c9bd535cff7657364dadb2efc31f2ea48,101.0,0,2.63125,355.046622,21.692621,0.0,2,true,true,coarse_grid,false,governance.selection=pressure_max_under_constraints;seed=continuation
0.35,independent_oracle,3c5f6b3c9bd535cff7657364dadb2efc31f2ea48,101.0,0,2.6375,355.212141,21.693682,0.0,2,true,true,coarse_grid,false,governance.selection=pressure_max_under_constraints;seed=continuation
0.35,independent_oracle,3c5f6b3c9bd535cff7657364dadb2efc31f2ea48,101.0,0,2.64375,355.378911,21.694753,0.0,2,true,true,coarse_grid,false,governance.selection=pressure_max_under_constraints;seed=continuation
0.35,independent_oracle,3c5f6b3c9bd535cff7657364dadb2efc31f2ea48,101.0,0,2.65,355.546916,21.695835,0.0,2,true,true,coarse_grid,false,governance.selection=pressure_max_under_constraints;seed=continuation
0.35,independent_oracle,3c5f6b3c9bd535cff7657364dadb2efc31f2ea48,101.0,0,2.65625,355.716135,21.696927,0.0,2,true,true,coarse_grid,false,governance.selection=pressure_max_under_constraints;seed=continuation
0.35,independent_oracle,3c5f6b3c9bd535cff7657364dadb2efc31f2ea48,101.0,0,2.6625,355.88655,21.698029,0.0,2,true,true,coarse_grid,false,governance.selection=pressure_max_under_constraints;seed=continuation
0.35,independent_oracle,3c5f6b3c9bd535cff7657364dadb2efc31f2ea48,101.0,0,2.66875,356.058142,21.699142,0.0,2,true,true,coarse_grid,false,governance.selection=pressure_max_under_constraints;seed=continuation
0.35,independent_oracle,3c5f6b3c9bd535cff7657364dadb2efc31f2ea48,101.0,0,2.675,356.23089,21.700265,0.0,2,true,true,coarse_grid,false,governance.selection=pressure_max_under_constraints;seed=continuation
0.35,independent_oracle,3c5f6b3c9bd535cff7657364dadb2efc31f2ea48,101.0,0,2.68125,356.404776,21.701397,0.0,2,true,true,coarse_grid,false,governance.selection=pressure_max_under_constraints;seed=continuation
0.35,independent_oracle,3c5f6b3c9bd535cff7657364dadb2efc31f2ea48,101.0,0,2.6875,356.579781,21.70254,0.0,2,true,true,coarse_grid,false,governance.selection=pressure_max_under_constraints;seed=continuation
0.35,independent_oracle,3c5f6b3c9bd535cff7657364dadb2efc31f2ea48,101.0,0,2.69375,356.755884,21.703693,0.0,2,true,true,coarse_grid,false,governance.selection=pressure_max_under_constraints;seed=continuation
0.35,independent_oracle,3c5f6b3c9bd535cff7657364dadb2efc31f2ea48,101.0,0,2.7,356.933066,21.704855,0.0,2,true,true,coarse_grid,false,governance.selection=pressure_max_under_constraints;seed=continuation
0.35,independent_oracle,3c5f6b3c9bd535cff7657364dadb2efc31f2ea48,101.0,0,2.70625,357.111308,21.706027,0.0,2,true,true,coarse_grid,false,governance.selection=pressure_max_under_constraints;seed=continuation
0.35,independent_oracle,3c5f6b3c9bd535cff7657364dadb2efc31f2ea48,101.0,0,2.7125,357.290589,21.707209,0.0,2,true,true,coarse_grid,false,governance.selection=pressure_max_under_constraints;seed=continuation
0.35,independent_oracle,3c5f6b3c9bd535cff7657364dadb2efc31f2ea48,101.0,0,2.71875,357.470892,21.7084,0.0,2,true,true,coarse_grid,false,governance.selection=pressure_max_under_constraints;seed=continuation
0.35,independent_oracle,3c5f6b3c9bd535cff7657364dadb2efc31f2ea48,101.0,0,2.725,357.652194,21.7096,0.0,2,true,true,coarse_grid,false,governance.selection=pressure_max_under_constraints;seed=continuation
0.35,independent_oracle,3c5f6b3c9bd535cff7657364dadb2efc31f2ea48,101.0,0,2.73125,357.834479,21.71081,0.0,2,true,true,coarse_grid,false,governance.selection=pressure_max_under_constraints;seed=continuation
0.35,independent_oracle,3c5f6b3c9bd535cff7657364dadb2efc31f2ea48,101.0,0,2.7375,358.017724,21.712029,0.0,2,true,true,coarse_grid,false,governance.selection=pressure_max_under_constraints;seed=continuation
0.35,independent_oracle,3c5f6b3c9bd535cff7657364dadb2efc31f2ea48,101.0,0,2.74375,358.201913,21.713257,0.0,2,true,true,coarse_grid,false,governance.selection=pressure_max_under_constraints;seed=continuation
0.35,independent_oracle,3c5f6b3c9bd535cff7657364dadb2efc31f2ea48,101.0,0,2.75,358.387024,21.714493,0.0,2,true,true,coarse_grid,false,governance.selection=pressure_max_under_constraints;seed=continuation
0.35,independent_oracle,3c5f6b3c9bd535cff7657364dadb2efc31f2ea48,101.0,0,2.75625,358.573038,21.715739,0.0,2,true,true,coarse_grid,false,governance.selection=pressure_max_under_constraints;seed=continuation
0.35,independent_oracle,3c5f6b3c9bd535cff7657364dadb2efc31f2ea48,101.0,0,2.7625,358.759937,21.716994,0.0,2,true,true,coarse_grid,false,governance.selection=pressure_max_under_constraints;seed=continuation
0.35,independent_oracle,3c5f6b3c9bd535cff7657364dadb2efc31f2ea48,101.0,0,2.76875,358.947702,21.718257,0.0,2,true,true,coarse_grid,false,governance.selection=pressure_max_under_constraints;seed=continuation
0.35,independent_oracle,3c5f6b3c9bd535cff7657364dadb2efc31f2ea48,101.0,0,2.775,359.136313,21.719529,0.0,2,true,true,coarse_grid,false,governance.selection=pressure_max_under_constraints;seed=continuation
0.35,independent_oracle,3c5f6b3c9bd535cff7657364dadb2efc31f2ea48,101.0,0,2.78125,359.325751,21.720809,0.0,2,true,true,coarse_grid,false,governance.selection=pressure_max_under_constraints;seed=continuation
0.35,independent_oracle,3c5f6b3c9bd535cff7657364dadb2efc31f2ea48,101.0,0,2.7875,359.515998,21.722097,0.0,2,true,true,coarse_grid,false,governance.selection=pressure_max_under_constraints;seed=continuation
0.35,independent_oracle,3c5f6b3c9bd535cff7657364dadb2efc31f2ea48,101.0,0,2.79375,359.707035,21.723394,0.0,2,true,true,coarse_grid,false,governance.selection=pressure_max_under_constraints;seed=continuation
0.35,independent_oracle,3c5f6b3c9bd535cff7657364dadb2efc31f2ea48,101.0,0,2.8,359.898844,21.724699,0.0,2,true,true,coarse_grid,false,governance.selection=pressure_max_under_constraints;seed=continuation
0.35,independent_oracle,3c5f6b3c9bd535cff7657364dadb2efc31f2ea48,101.0,0,2.80625,360.091406,21.726012,0.0,2,true,true,coarse_grid,false,governance.selection=pressure_max_under_constraints;seed=continuation
0.35,independent_oracle,3c5f6b3c9bd535cff7657364dadb2efc31f2ea48,101.0,0,2.8125,360.284703,21.727333,0.0,2,true,true,coarse_grid,false,governance.selection=pressure_max_under_constraints;seed=continuation
0.35,independent_oracle,3c5f6b3c9bd535cff7657364dadb2efc31f2ea48,101.0,0,2.81875,360.478718,21.728662,0.0,2,true,true,coarse_grid,false,governance.selection=pressure_max_under_constraints;seed=continuation
0.35,independent_oracle,3c5f6b3c9bd535cff7657364dadb2efc31f2ea48,101.0,0,2.825,360.673432,21.729998,0.0,2,true,true,coarse_grid,false,governance.selection=pressure_max_under_constraints;seed=continuation
0.35,independent_oracle,3c5f6b3c9bd535cff7657364dadb2efc31f2ea48,101.0,0,2.83125,360.868828,21.731343,0.0,2,true,true,coarse_grid,false,governance.selection=pressure_max_under_constraints;seed=continuation
0.35,independent_oracle,3c5f6b3c9bd535cff7657364dadb2efc31f2ea48,101.0,0,2.8375,361.064888,21.732694,0.0,2,true,true,coarse_grid,false,governance.selection=pressure_max_under_constraints;seed=continuation
0.35,independent_oracle,3c5f6b3c9bd535cff7657364dadb2efc31f2ea48,101.0,0,2.84375,361.261595,21.734054,0.0,2,true,true,coarse_grid,false,governance.selection=pressure_max_under_constraints;seed=continuation
0.35,independent_oracle,3c5f6b3c9bd535cff7657364dadb2efc31f2ea48,101.0,0,2.85,361.458932,21.73542,0.0,2,true,true,coarse_grid,false,governance.selection=pressure_max_under_constraints;seed=continuation
0.35,independent_oracle,3c5f6b3c9bd535cff7657364dadb2efc31f2ea48,101.0,0,2.85625,361.656882,21.736794,0.0,2,true,true,coarse_grid,false,governance.selection=pressure_max_under_constraints;seed=continuation
0.35,independent_oracle,3c5f6b3c9bd535cff7657364dadb2efc31f2ea48,101.0,0,2.8625,361.855429,21.738175,0.0,2,true,true,coarse_grid,false,governance.selection=pressure_max_under_constraints;seed=continuation
0.35,independent_oracle,3c5f6b3c9bd535cff7657364dadb2efc31f2ea48,101.0,0,2.86875,362.054556,21.739563,0.0,2,true,true,coarse_grid,false,governance.selection=pressure_max_under_constraints;seed=continuation
0.35,independent_oracle,3c5f6b3c9bd535cff7657364dadb2efc31f2ea48,101.0,0,2.875,362.254247,21.740958,0.0,2,true,true,coarse_grid,false,governance.selection=pressure_max_under_constraints;seed=continuation
0.35,independent_oracle,3c5f6b3c9bd535cff7657364dadb2efc31f2ea48,101.0,0,2.88125,362.454486,21.74236,0.0,2,true,true,coarse_grid,false,governance.selection=pressure_max_under_constraints;seed=continuation
0.35,independent_oracle,3c5f6b3c9bd535cff7657364dadb2efc31f2ea48,101.0,0,2.8875,362.655257,21.743769,0.0,2,true,true,coarse_grid,false,governance.selection=pressure_max_under_constraints;seed=continuation
0.35,independent_oracle,3c5f6b3c9bd535cff7657364dadb2efc31f2ea48,101.0,0,2.89375,362.856544,21.745184,0.0,2,true,true,coarse_grid,false,governance.selection=pressure_max_under_constraints;seed=continuation
0.35,independent_oracle,3c5f6b3c9bd535cff7657364dadb2efc31f2ea48,101.0,0,2.9,363.058332,21.746606,0.0,2,true,true,coarse_grid,false,governance.selection=pressure_max_under_constraints;seed=continuation
0.35,independent_oracle,3c5f6b3c9bd535cff7657364dadb2efc31f2ea48,101.0,0,2.90625,363.260606,21.748034,0.0,2,true,true,coarse_grid,false,governance.selection=pressure_max_under_constraints;seed=continuation
0.35,independent_oracle,3c5f6b3c9bd535cff7657364dadb2efc31f2ea48,101.0,0,2.9125,363.46335,21.749469,0.0,2,true,true,coarse_grid,false,governance.selection=pressure_max_under_constraints;seed=continuation
0.35,independent_oracle,3c5f6b3c9bd535cff7657364dadb2efc31f2ea48,101.0,0,2.91875,363.666551,21.75091,0.0,2,true,true,coarse_grid,false,governance.selection=pressure_max_under_constraints;seed=continuation
0.35,independent_oracle,3c5f6b3c9bd535cff7657364dadb2efc31f2ea48,101.0,0,2.925,363.870194,21.752358,0.0,2,true,true,coarse_grid,false,governance.selection=pressure_max_under_constraints;seed=continuation
0.35,independent_oracle,3c5f6b3c9bd535cff7657364dadb2efc31f2ea48,101.0,0,2.93125,364.074264,21.753811,0.0,2,true,true,coarse_grid,false,governance.selection=pressure_max_under_constraints;seed=continuation
0.35,independent_oracle,3c5f6b3c9bd535cff7657364dadb2efc31f2ea48,101.0,0,2.9375,364.278748,21.755271,0.0,2,true,true,coarse_grid,false,governance.selection=pressure_max_under_constraints;seed=continuation
0.35,independent_oracle,3c5f6b3c9bd535cff7657364dadb2efc31f2ea48,101.0,0,2.94375,364.483631,21.756736,0.0,2,true,true,coarse_grid,false,governance.selection=pressure_max_under_constraints;seed=continuation
0.35,independent_oracle,3c5f6b3c9bd535cff7657364dadb2efc31f2ea48,101.0,0,2.95,364.6889,21.758208,0.0,2,true,true,coarse_grid,false,governance.selection=pressure_max_under_constraints;seed=continuation
0.35,independent_oracle,3c5f6b3c9bd535cff7657364dadb2efc31f2ea48,101.0,0,2.95625,364.894541,21.759685,0.0,2,true,true,coarse_grid,false,governance.selection=pressure_max_under_constraints;seed=continuation
0.35,independent_oracle,3c5f6b3c9bd535cff7657364dadb2efc31f2ea48,101.0,0,2.9625,365.100542,21.761168,0.0,2,true,true,coarse_grid,false,governance.selection=pressure_max_under_constraints;seed=continuation
0.35,independent_oracle,3c5f6b3c9bd535cff7657364dadb2efc31f2ea48,101.0,0,2.96875,365.30689,21.762657,0.0,2,true,true,coarse_grid,false,governance.selection=pressure_max_under_constraints;seed=continuation
0.35,independent_oracle,3c5f6b3c9bd535cff7657364dadb2efc31f2ea48,101.0,0,2.975,365.513571,21.764151,0.0,2,true,true,coarse_grid,false,governance.selection=pressure_max_under_constraints;seed=continuation
0.35,independent_oracle,3c5f6b3c9bd535cff7657364dadb2efc31f2ea48,101.0,0,2.98125,365.720574,21.76565,0.0,2,true,true,coarse_grid,false,governance.selection=pressure_max_under_constraints;seed=continuation
0.35,independent_oracle,3c5f6b3c9bd535cff7657364dadb2efc31f2ea48,101.0,0,2.9875,365.927885,21.767155,0.0,2,true,true,coarse_grid,false,governance.selection=pressure_max_under_constraints;seed=continuation
0.35,independent_oracle,3c5f6b3c9bd535cff7657364dadb2efc31f2ea48,101.0,0,2.99375,366.135494,21.768666,0.0,2,true,true,coarse_grid,false,governance.selection=pressure_max_under_constraints;seed=continuation
0.35,independent_oracle,3c5f6b3c9bd535cff7657364dadb2efc31f2ea48,101.0,0,3.0,366.343387,21.770181,0.0,2,true,true,coarse_grid,false,governance.selection=pressure_max_under_constraints;seed=continuation
0.35,independent_oracle,3c5f6b3c9bd535cff7657364dadb2efc31f2ea48,101.0,0,3.00625,366.551554,21.771702,0.0,2,true,true,coarse_grid,false,governance.selection=pressure_max_under_constraints;seed=continuation
0.35,independent_oracle,3c5f6b3c9bd535cff7657364dadb2efc31f2ea48,101.0,0,3.0125,366.759983,21.773228,0.0,2,true,true,coarse_grid,false,governance.selection=pressure_max_under_constraints;seed=continuation
0.35,independent_oracle,3c5f6b3c9bd535cff7657364dadb2efc31f2ea48,101.0,0,3.01875,366.968663,21.774758,0.0,2,true,true,coarse_grid,false,governance.selection=pressure_max_under_constraints;seed=continuation
0.35,independent_oracle,3c5f6b3c9bd535cff7657364dadb2efc31f2ea48,101.0,0,3.025,367.177583,21.776294,0.0,2,true,true,coarse_grid,false,governance.selection=pressure_max_under_constraints;seed=continuation
0.35,independent_oracle,3c5f6b3c9bd535cff7657364dadb2efc31f2ea48,101.0,0,3.03125,367.386732,21.777835,0.0,2,true,true,coarse_grid,false,governance.selection=pressure_max_under_constraints;seed=continuation
0.35,independent_oracle,3c5f6b3c9bd535cff7657364dadb2efc31f2ea48,101.0,0,3.0375,367.596099,21.77938,0.0,2,true,true,coarse_grid,false,governance.selection=pressure_max_under_constraints;seed=continuation
0.35,independent_oracle,3c5f6b3c9bd535cff7657364dadb2efc31f2ea48,101.0,0,3.04375,367.805674,21.78093,0.0,2,true,true,coarse_grid,false,governance.selection=pressure_max_under_constraints;seed=continuation
0.35,independent_oracle,3c5f6b3c9bd535cff7657364dadb2efc31f2ea48,101.0,0,3.05,368.015447,21.782485,0.0,2,true,true,coarse_grid,false,governance.selection=pressure_max_under_constraints;seed=continuation
0.35,independent_oracle,3c5f6b3c9bd535cff7657364dadb2efc31f2ea48,101.0,0,3.05625,368.225408,21.784044,0.0,2,true,true,coarse_grid,false,governance.selection=pressure_max_under_constraints;seed=continuation
0.35,independent_oracle,3c5f6b3c9bd535cff7657364dadb2efc31f2ea48,101.0,0,3.0625,368.435547,21.785608,0.0,2,true,true,coarse_grid,false,governance.selection=pressure_max_under_constraints;seed=continuation
0.35,independent_oracle,3c5f6b3c9bd535cff7657364dadb2efc31f2ea48,101.0,0,3.06875,368.645854,21.787176,0.0,2,true,true,coarse_grid,false,governance.selection=pressure_max_under_constraints;seed=continuation
0.35,independent_oracle,3c5f6b3c9bd535cff7657364dadb2efc31f2ea48,101.0,0,3.075,368.85632,21.788749,0.0,2,true,true,coarse_grid,false,governance.selection=pressure_max_under_constraints;seed=continuation
0.35,independent_oracle,3c5f6b3c9bd535cff7657364dadb2efc31f2ea48,101.0,0,3.08125,369.066936,21.790326,0.0,2,true,true,coarse_grid,false,governance.selection=pressure_max_under_constraints;seed=continuation
0.35,independent_oracle,3c5f6b3c9bd535cff7657364dadb2efc31f2ea48,101.0,0,3.0875,369.277693,21.791907,0.0,2,true,true,coarse_grid,false,governance.selection=pressure_max_under_constraints;seed=continuation
0.35,independent_oracle,3c5f6b3c9bd535cff7657364dadb2efc31f2ea48,101.0,0,3.09375,369.488582,21.793493,0.0,2,true,true,coarse_grid,false,governance.selection=pressure_max_under_constraints;seed=continuation
0.35,independent_oracle,3c5f6b3c9bd535cff7657364dadb2efc31f2ea48,101.0,0,3.1,369.699593,21.795082,0.0,2,true,true,coarse_grid,false,governance.selection=pressure_max_under_constraints;seed=continuation
0.35,independent_oracle,3c5f6b3c9bd535cff7657364dadb2efc31f2ea48,101.0,0,3.10625,369.91072,21.796676,0.0,2,true,true,coarse_grid,false,governance.selection=pressure_max_under_constraints;seed=continuation
0.35,independent_oracle,3c5f6b3c9bd535cff7657364dadb2efc31f2ea48,101.0,0,3.1125,370.121952,21.798274,0.0,2,true,true,coarse_grid,false,governance.selection=pressure_max_under_constraints;seed=continuation
0.35,independent_oracle,3c5f6b3c9bd535cff7657364dadb2efc31f2ea48,101.0,0,3.11875,370.333283,21.799875,0.0,2,true,true,coarse_grid,false,governance.selection=pressure_max_under_constraints;seed=continuation
0.35,independent_oracle,3c5f6b3c9bd535cff7657364dadb2efc31f2ea48,101.0,0,3.125,370.544704,21.801481,0.0,2,true,true,coarse_grid,false,governance.selection=pressure_max_under_constraints;seed=continuation
0.35,independent_oracle,3c5f6b3c9bd535cff7657364dadb2efc31f2ea48,101.0,0,3.13125,370.756207,21.80309,0.0,2,true,true,coarse_grid,false,governance.selection=pressure_max_under_constraints;seed=continuation
0.35,independent_oracle,3c5f6b3c9bd535cff7657364dadb2efc31f2ea48,101.0,0,3.1375,370.967784,21.804703,0.0,2,true,true,coarse_grid,false,governance.selection=pressure_max_under_constraints;seed=continuation
0.35,independent_oracle,3c5f6b3c9bd535cff7657364dadb2efc31f2ea48,101.0,0,3.14375,371.179429,21.80632,0.0,2,true,true,coarse_grid,false,governance.selection=pressure_max_under_constraints;seed=continuation
0.35,independent_oracle,3c5f6b3c9bd535cff7657364dadb2efc31f2ea48,101.0,0,3.15,371.391134,21.807941,0.0,2,true,true,coarse_grid,false,governance.selection=pressure_max_under_constraints;seed=continuation
0.35,independent_oracle,3c5f6b3c9bd535cff7657364dadb2efc31f2ea48,101.0,0,3.15625,371.602891,21.809565,0.0,2,true,true,coarse_grid,false,governance.selection=pressure_max_under_constraints;seed=continuation
0.35,independent_oracle,3c5f6b3c9bd535cff7657364dadb2efc31f2ea48,101.0,0,3.1625,371.814693,21.811193,0.0,2,true,true,coarse_grid,false,governance.selection=pressure_max_under_constraints;seed=continuation
0.35,independent_oracle,3c5f6b3c9bd535cff7657364dadb2efc31f2ea48,101.0,0,3.16875,372.026534,21.812824,0.0,2,true,true,coarse_grid,false,governance.selection=pressure_max_under_constraints;seed=continuation
0.35,independent_oracle,3c5f6b3c9bd535cff7657364dadb2efc31f2ea48,101.0,0,3.175,372.238407,21.814459,0.0,2,true,true,coarse_grid,false,governance.selection=pressure_max_under_constraints;seed=continuation
0.35,independent_oracle,3c5f6b3c9bd535cff7657364dadb2efc31f2ea48,101.0,0,3.18125,372.450305,21.816097,0.0,2,true,true,coarse_grid,false,governance.selection=pressure_max_under_constraints;seed=continuation
0.35,independent_oracle,3c5f6b3c9bd535cff7657364dadb2efc31f2ea48,101.0,0,3.1875,372.662221,21.817738,0.0,2,true,true,coarse_grid,false,governance.selection=pressure_max_under_constraints;seed=continuation
0.35,independent_oracle,3c5f6b3c9bd535cff7657364dadb2efc31f2ea48,101.0,0,3.19375,372.87415,21.819383,0.0,2,true,true,coarse_grid,false,governance.selection=pressure_max_under_constraints;seed=continuation
0.35,independent_oracle,3c5f6b3c9bd535cff7657364dadb2efc31f2ea48,101.0,0,3.2,373.086085,21.821031,0.0,2,true,true,coarse_grid,false,governance.selection=pressure_max_under_constraints;seed=continuation
0.35,independent_oracle,3c5f6b3c9bd535cff7657364dadb2efc31f2ea48,101.0,0,3.20625,373.298021,21.822683,0.0,2,true,true,coarse_grid,false,governance.selection=pressure_max_under_constraints;seed=continuation
0.35,independent_oracle,3c5f6b3c9bd535cff7657364dadb2efc31f2ea48,101.0,0,3.2125,373.50995,21.824337,0.0,2,true,true,coarse_grid,false,governance.selection=pressure_max_under_constraints;seed=continuation
0.35,independent_oracle,3c5f6b3c9bd535cff7657364dadb2efc31f2ea48,101.0,0,3.21875,373.721868,21.825995,0.0,2,true,true,coarse_grid,false,governance.selection=pressure_max_under_constraints;seed=continuation
0.35,independent_oracle,3c5f6b3c9bd535cff7657364dadb2efc31f2ea48,101.0,0,3.225,373.933768,21.827655,0.0,2,true,true,coarse_grid,false,governance.selection=pressure_max_under_constraints;seed=continuation
0.35,independent_oracle,3c5f6b3c9bd535cff7657364dadb2efc31f2ea48,101.0,0,3.23125,374.145646,21.829319,0.0,2,true,true,coarse_grid,false,governance.selection=pressure_max_under_constraints;seed=continuation
0.35,independent_oracle,3c5f6b3c9bd535cff7657364dadb2efc31f2ea48,101.0,0,3.2375,374.357496,21.830986,0.0,2,true,true,coarse_grid,false,governance.selection=pressure_max_under_constraints;seed=continuation
0.35,independent_oracle,3c5f6b3c9bd535cff7657364dadb2efc31f2ea48,101.0,0,3.24375,374.569311,21.832656,0.0,2,true,true,coarse_grid,false,governance.selection=pressure_max_under_constraints;seed=continuation
0.35,independent_oracle,3c5f6b3c9bd535cff7657364dadb2efc31f2ea48,101.0,0,3.25,374.781088,21.834328,0.0,2,true,true,coarse_grid,false,governance.selection=pressure_max_under_constraints;seed=continuation
0.35,independent_oracle,3c5f6b3c9bd535cff7657364dadb2efc31f2ea48,101.0,0,3.25625,374.992822,21.836004,0.0,2,true,true,coarse_grid,false,governance.selection=pressure_max_under_constraints;seed=continuation
0.35,independent_oracle,3c5f6b3c9bd535cff7657364dadb2efc31f2ea48,101.0,0,3.2625,375.204506,21.837682,0.0,2,true,true,coarse_grid,false,governance.selection=pressure_max_under_constraints;seed=continuation
0.35,independent_oracle,3c5f6b3c9bd535cff7657364dadb2efc31f2ea48,101.0,0,3.26875,375.416137,21.839363,0.0,2,true,true,coarse_grid,false,governance.selection=pressure_max_under_constraints;seed=continuation
0.35,independent_oracle,3c5f6b3c9bd535cff7657364dadb2efc31f2ea48,101.0,0,3.275,375.627709,21.841047,0.0,2,true,true,coarse_grid,false,governance.selection=pressure_max_under_constraints;seed=continuation
0.35,independent_oracle,3c5f6b3c9bd535cff7657364dadb2efc31f2ea48,101.0,0,3.28125,375.839218,21.842734,0.0,2,true,true,coarse_grid,false,governance.selection=pressure_max_under_constraints;seed=continuation
0.35,independent_oracle,3c5f6b3c9bd535cff7657364dadb2efc31f2ea48,101.0,0,3.2875,376.05066,21.844423,0.0,2,true,true,coarse_grid,false,governance.selection=pressure_max_under_constraints;seed=continuation
0.35,independent_oracle,3c5f6b3c9bd535cff7657364dadb2efc31f2ea48,101.0,0,3.29375,376.26203,21.846115,0.0,2,true,true,coarse_grid,false,governance.selection=pressure_max_under_constraints;seed=continuation
0.35,independent_oracle,3c5f6b3c9bd535cff7657364dadb2efc31f2ea48,101.0,0,3.3,376.473323,21.847809,0.0,2,true,true,coarse_grid,false,governance.selection=pressure_max_under_constraints;seed=continuation
0.35,independent_oracle,3c5f6b3c9bd535cff7657364dadb2efc31f2ea48,101.0,0,3.30625,376.684536,21.849506,0.0,2,true,true,coarse_grid,false,governance.selection=pressure_max_under_constraints;seed=continuation
0.35,independent_oracle,3c5f6b3c9bd535cff7657364dadb2efc31f2ea48,101.0,0,3.3125,376.895664,21.851206,0.0,2,true,true,coarse_grid,false,governance.selection=pressure_max_under_constraints;seed=continuation
0.35,independent_oracle,3c5f6b3c9bd535cff7657364dadb2efc31f2ea48,101.0,0,3.31875,377.106703,21.852908,0.0,2,true,true,coarse_grid,false,governance.selection=pressure_max_under_constraints;seed=continuation
0.35,independent_oracle,3c5f6b3c9bd535cff7657364dadb2efc31f2ea48,101.0,0,3.325,377.317649,21.854613,0.0,2,true,true,coarse_grid,false,governance.selection=pressure_max_under_constraints;seed=continuation
0.35,independent_oracle,3c5f6b3c9bd535cff7657364dadb2efc31f2ea48,101.0,0,3.33125,377.528499,21.85632,0.0,2,true,true,coarse_grid,false,governance.selection=pressure_max_under_constraints;seed=continuation
0.35,independent_oracle,3c5f6b3c9bd535cff7657364dadb2efc31f2ea48,101.0,0,3.3375,377.739248,21.858029,0.0,2,true,true,coarse_grid,false,governance.selection=pressure_max_under_constraints;seed=continuation
0.35,independent_oracle,3c5f6b3c9bd535cff7657364dadb2efc31f2ea48,101.0,0,3.34375,377.949893,21.859741,0.0,2,true,true,coarse_grid,false,governance.selection=pressure_max_under_constraints;seed=continuation
0.35,independent_oracle,3c5f6b3c9bd535cff7657364dadb2efc31f2ea48,101.0,0,3.35,378.160431,21.861455,0.0,2,true,true,coarse_grid,false,governance.selection=pressure_max_under_constraints;seed=continuation
0.35,independent_oracle,3c5f6b3c9bd535cff7657364dadb2efc31f2ea48,101.0,0,3.35625,378.370857,21.863171,0.0,2,true,true,coarse_grid,false,governance.selection=pressure_max_under_constraints;seed=continuation
0.35,independent_oracle,3c5f6b3c9bd535cff7657364dadb2efc31f2ea48,101.0,0,3.3625,378.581168,21.86489,0.0,2,true,true,coarse_grid,false,governance.selection=pressure_max_under_constraints;seed=continuation
0.35,independent_oracle,3c5f6b3c9bd535cff7657364dadb2efc31f2ea48,101.0,0,3.36875,378.791362,21.866611,0.0,2,true,true,coarse_grid,false,governance.selection=pressure_max_under_constraints;seed=continuation
0.35,independent_oracle,3c5f6b3c9bd535cff7657364dadb2efc31f2ea48,101.0,0,3.375,379.001434,21.868334,0.0,2,true,true,coarse_grid,false,governance.selection=pressure_max_under_constraints;seed=continuation
0.35,independent_oracle,3c5f6b3c9bd535cff7657364dadb2efc31f2ea48,101.0,0,3.38125,379.211381,21.870059,0.0,2,true,true,coarse_grid,false,governance.selection=pressure_max_under_constraints;seed=continuation
0.35,independent_oracle,3c5f6b3c9bd535cff7657364dadb2efc31f2ea48,101.0,0,3.3875,379.421201,21.871786,0.0,2,true,true,coarse_grid,false,governance.selection=pressure_max_under_constraints;seed=continuation
0.35,independent_oracle,3c5f6b3c9bd535cff7657364dadb2efc31f2ea48,101.0,0,3.39375,379.63089,21.873516,0.0,2,true,true,coarse_grid,false,governance.selection=pressure_max_under_constraints;seed=continuation
0.35,independent_oracle,3c5f6b3c9bd535cff7657364dadb2efc31f2ea48,101.0,0,3.4,379.840445,21.875247,0.0,2,true,true,coarse_grid,false,governance.selection=pressure_max_under_constraints;seed=continuation
0.35,independent_oracle,3c5f6b3c9bd535cff7657364dadb2efc31f2ea48,101.0,0,3.40625,380.049864,21.876981,0.0,2,true,true,coarse_grid,false,governance.selection=pressure_max_under_constraints;seed=continuation
0.35,independent_oracle,3c5f6b3c9bd535cff7657364dadb2efc31f2ea48,101.0,0,3.4125,380.259143,21.878716,0.0,2,true,true,coarse_grid,false,governance.selection=pressure_max_under_constraints;seed=continuation
0.35,independent_oracle,3c5f6b3c9bd535cff7657364dadb2efc31f2ea48,101.0,0,3.41875,380.468279,21.880454,0.0,2,true,true,coarse_grid,false,governance.selection=pressure_max_under_constraints;seed=continuation
0.35,independent_oracle,3c5f6b3c9bd535cff7657364dadb2efc31f2ea48,101.0,0,3.425,380.677271,21.882194,0.0,2,true,true,coarse_grid,false,governance.selection=pressure_max_under_constraints;seed=continuation
0.35,independent_oracle,3c5f6b3c9bd535cff7657364dadb2efc31f2ea48,101.0,0,3.43125,380.886114,21.883935,0.0,2,true,true,coarse_grid,false,governance.selection=pressure_max_under_constraints;seed=continuation
0.35,independent_oracle,3c5f6b3c9bd535cff7657364dadb2efc31f2ea48,101.0,0,3.4375,381.094808,21.885679,0.0,2,true,true,coarse_grid,false,governance.selection=pressure_max_under_constraints;seed=continuation
0.35,independent_oracle,3c5f6b3c9bd535cff7657364dadb2efc31f2ea48,101.0,0,3.44375,381.303348,21.887424,0.0,2,true,true,coarse_grid,false,governance.selection=pressure_max_under_constraints;seed=continuation
0.35,independent_oracle,3c5f6b3c9bd535cff7657364dadb2efc31f2ea48,101.0,0,3.45,381.511733,21.889171,0.0,2,true,true,coarse_grid,false,governance.selection=pressure_max_under_constraints;seed=continuation
0.35,independent_oracle,3c5f6b3c9bd535cff7657364dadb2efc31f2ea48,101.0,0,3.45625,381.71996,21.89092,0.0,2,true,true,coarse_grid,false,governance.selection=pressure_max_under_constraints;seed=continuation
0.35,independent_oracle,3c5f6b3c9bd535cff7657364dadb2efc31f2ea48,101.0,0,3.4625,381.928027,21.892671,0.0,2,true,true,coarse_grid,false,governance.selection=pressure_max_under_constraints;seed=continuation
0.35,independent_oracle,3c5f6b3c9bd535cff7657364dadb2efc31f2ea48,101.0,0,3.46875,382.135932,21.894424,0.0,2,true,true,coarse_grid,false,governance.selection=pressure_max_under_constraints;seed=continuation
0.35,independent_oracle,3c5f6b3c9bd535cff7657364dadb2efc31f2ea48,101.0,0,3.475,382.343671,21.896178,0.0,2,true,true,coarse_grid,false,governance.selection=pressure_max_under_constraints;seed=continuation
0.35,independent_oracle,3c5f6b3c9bd535cff7657364dadb2efc31f2ea48,101.0,0,3.48125,382.551244,21.897934,0.0,2,true,true,coarse_grid,false,governance.selection=pressure_max_under_constraints;seed=continuation
0.35,independent_oracle,3c5f6b3c9bd535cff7657364dadb2efc31f2ea48,101.0,0,3.4875,382.758648,21.899692,0.0,2,true,true,coarse_grid,false,governance.selection=pressure_max_under_constraints;seed=continuation
0.35,independent_oracle,3c5f6b3c9bd535cff7657364dadb2efc31f2ea48,101.0,0,3.49375,382.96588,21.901452,0.0,2,true,true,coarse_grid,false,governance.selection=pressure_max_under_constraints;seed=continuation
0.35,independent_oracle,3c5f6b3c9bd535cff7657364dadb2efc31f2ea48,101.0,0,3.5,383.17294,21.903213,0.0,2,true,true,coarse_grid,false,governance.selection=pressure_max_under_constraints;seed=continuation
0.35,independent_oracle,3c5f6b3c9bd535cff7657364dadb2efc31f2ea48,101.0,0,3.50625,383.379823,21.904976,0.0,2,true,true,coarse_grid,false,governance.selection=pressure_max_under_constraints;seed=continuation
0.35,independent_oracle,3c5f6b3c9bd535cff7657364dadb2efc31f2ea48,101.0,0,3.5125,383.58653,21.906741,0.0,2,true,true,coarse_grid,false,governance.selection=pressure_max_under_constraints;seed=continuation
0.35,independent_oracle,3c5f6b3c9bd535cff7657364dadb2efc31f2ea48,101.0,0,3.51875,383.793058,21.908507,0.0,2,true,true,coarse_grid,false,governance.selection=pressure_max_under_constraints;seed=continuation
0.35,independent_oracle,3c5f6b3c9bd535cff7657364dadb2efc31f2ea48,101.0,0,3.525,383.999404,21.910275,0.0,2,true,true,coarse_grid,false,governance.selection=pressure_max_under_constraints;seed=continuation
0.35,independent_oracle,3c5f6b3c9bd535cff7657364dadb2efc31f2ea48,101.0,0,3.53125,384.205568,21.912044,0.0,2,true,true,coarse_grid,false,governance.selection=pressure_max_under_constraints;seed=continuation
0.35,independent_oracle,3c5f6b3c9bd535cff7657364dadb2efc31f2ea48,101.0,0,3.5375,384.411547,21.913815,0.0,2,true,true,coarse_grid,false,governance.selection=pressure_max_under_constraints;seed=continuation
0.35,independent_oracle,3c5f6b3c9bd535cff7657364dadb2efc31f2ea48,101.0,0,3.54375,384.61734,21.915587,0.0,2,true,true,coarse_grid,false,governance.selection=pressure_max_under_constraints;seed=continuation
0.35,independent_oracle,3c5f6b3c9bd535cff7657364dadb2efc31f2ea48,101.0,0,3.55,384.822945,21.917361,0.0,2,true,true,coarse_grid,false,governance.selection=pressure_max_under_constraints;seed=continuation
0.35,independent_oracle,3c5f6b3c9bd535cff7657364dadb2efc31f2ea48,101.0,0,3.55625,385.02836,21.919137,0.0,2,true,true,coarse_grid,false,governance.selection=pressure_max_under_constraints;seed=continuation
0.35,independent_oracle,3c5f6b3c9bd535cff7657364dadb2efc31f2ea48,101.0,0,3.5625,385.233584,21.920914,0.0,2,true,true,coarse_grid,false,governance.selection=pressure_max_under_constraints;seed=continuation
0.35,independent_oracle,3c5f6b3c9bd535cff7657364dadb2efc31f2ea48,101.0,0,3.56875,385.438616,21.922692,0.0,2,true,true,coarse_grid,false,governance.selection=pressure_max_under_constraints;seed=continuation
0.35,independent_oracle,3c5f6b3c9bd535cff7657364dadb2efc31f2ea48,101.0,0,3.575,385.643452,21.924472,0.0,2,true,true,coarse_grid,false,governance.selection=pressure_max_under_constraints;seed=continuation
0.35,independent_oracle,3c5f6b3c9bd535cff7657364dadb2efc31f2ea48,101.0,0,3.58125,385.848094,21.926253,0.0,2,true,true,coarse_grid,false,governance.selection=pressure_max_under_constraints;seed=continuation
0.35,independent_oracle,3c5f6b3c9bd535cff7657364dadb2efc31f2ea48,101.0,0,3.5875,386.052537,21.928035,0.0,2,true,true,coarse_grid,false,governance.selection=pressure_max_under_constraints;seed=continuation
0.35,independent_oracle,3c5f6b3c9bd535cff7657364dadb2efc31f2ea48,101.0,0,3.59375,386.256782,21.929819,0.0,2,true,true,coarse_grid,false,governance.selection=pressure_max_under_constraints;seed=continuation
0.35,independent_oracle,3c5f6b3c9bd535cff7657364dadb2efc31f2ea48,101.0,0,3.6,386.460827,21.931604,0.0,2,true,true,coarse_grid,false,governance.selection=pressure_max_under_constraints;seed=continuation
0.35,independent_oracle,3c5f6b3c9bd535cff7657364dadb2efc31f2ea48,101.0,0,3.60625,386.664671,21.933391,0.0,2,true,true,coarse_grid,false,governance.selection=pressure_max_under_constraints;seed=continuation
0.35,independent_oracle,3c5f6b3c9bd535cff7657364dadb2efc31f2ea48,101.0,0,3.6125,386.868311,21.935179,0.0,2,true,true,coarse_grid,false,governance.selection=pressure_max_under_constraints;seed=continuation
0.35,independent_oracle,3c5f6b3c9bd535cff7657364dadb2efc31f2ea48,101.0,0,3.61875,387.071748,21.936968,0.0,2,true,true,coarse_grid,false,governance.selection=pressure_max_under_constraints;seed=continuation
0.35,independent_oracle,3c5f6b3c9bd535cff7657364dadb2efc31f2ea48,101.0,0,3.625,387.27498,21.938759,0.0,2,true,true,coarse_grid,false,governance.selection=pressure_max_under_constraints;seed=continuation
0.35,independent_oracle,3c5f6b3c9bd535cff7657364dadb2efc31f2ea48,101.0,0,3.63125,387.478005,21.940551,0.0,2,true,true,coarse_grid,false,governance.selection=pressure_max_under_constraints;seed=continuation
0.35,independent_oracle,3c5f6b3c9bd535cff7657364dadb2efc31f2ea48,101.0,0,3.6375,387.680822,21.942344,0.0,2,true,true,coarse_grid,false,governance.selection=pressure_max_under_constraints;seed=continuation
0.35,independent_oracle,3c5f6b3c9bd535cff7657364dadb2efc31f2ea48,101.0,0,3.64375,387.88343,21.944138,0.0,2,true,true,coarse_grid,false,governance.selection=pressure_max_under_constraints;seed=continuation
0.35,independent_oracle,3c5f6b3c9bd535cff7657364dadb2efc31f2ea48,101.0,0,3.65,388.085828,21.945933,0.0,2,true,true,coarse_grid,false,governance.selection=pressure_max_under_constraints;seed=continuation
0.35,independent_oracle,3c5f6b3c9bd535cff7657364dadb2efc31f2ea48,101.0,0,3.65625,388.288016,21.94773,0.0,2,true,true,coarse_grid,false,governance.selection=pressure_max_under_constraints;seed=continuation
0.35,independent_oracle,3c5f6b3c9bd535cff7657364dadb2efc31f2ea48,101.0,0,3.6625,388.489991,21.949528,0.0,2,true,true,coarse_grid,false,governance.selection=pressure_max_under_constraints;seed=continuation
0.35,independent_oracle,3c5f6b3c9bd535cff7657364dadb2efc31f2ea48,101.0,0,3.66875,388.691753,21.951327,0.0,2,true,true,coarse_grid,false,governance.selection=pressure_max_under_constraints;seed=continuation
0.35,independent_oracle,3c5f6b3c9bd535cff7657364dadb2efc31f2ea48,101.0,0,3.675,388.8933,21.953127,0.0,2,true,true,coarse_grid,false,governance.selection=pressure_max_under_constraints;seed=continuation
0.35,independent_oracle,3c5f6b3c9bd535cff7657364dadb2efc31f2ea48,101.0,0,3.68125,389.094633,21.954929,0.0,2,true,true,coarse_grid,false,governance.selection=pressure_max_under_constraints;seed=continuation
0.35,independent_oracle,3c5f6b3c9bd535cff7657364dadb2efc31f2ea48,101.0,0,3.6875,389.295749,21.956731,0.0,2,true,true,coarse_grid,false,governance.selection=pressure_max_under_constraints;seed=continuation
0.35,independent_oracle,3c5f6b3c9bd535cff7657364dadb2efc31f2ea48,101.0,0,3.69375,389.496648,21.958535,0.0,2,true,true,coarse_grid,false,governance.selection=pressure_max_under_constraints;seed=continuation
0.35,independent_oracle,3c5f6b3c9bd535cff7657364dadb2efc31f2ea48,101.0,0,3.7,389.69733,21.960339,0.0,2,true,true,coarse_grid,false,governance.selection=pressure_max_under_constraints;seed=continuation
0.35,independent_oracle,3c5f6b3c9bd535cff7657364dadb2efc31f2ea48,101.0,0,3.70625,389.897792,21.962145,0.0,2,true,true,coarse_grid,false,governance.selection=pressure_max_under_constraints;seed=continuation
0.35,independent_oracle,3c5f6b3c9bd535cff7657364dadb2efc31f2ea48,101.0,0,3.7125,390.098034,21.963952,0.0,2,true,true,coarse_grid,false,governance.selection=pressure_max_under_constraints;seed=continuation
0.35,independent_oracle,3c5f6b3c9bd535cff7657364dadb2efc31f2ea48,101.0,0,3.71875,390.298056,21.96576,0.0,2,true,true,coarse_grid,false,governance.selection=pressure_max_under_constraints;seed=continuation
0.35,independent_oracle,3c5f6b3c9bd535cff7657364dadb2efc31f2ea48,101.0,0,3.725,390.497857,21.967569,0.0,2,true,true,coarse_grid,false,governance.selection=pressure_max_under_constraints;seed=continuation
0.35,independent_oracle,3c5f6b3c9bd535cff7657364dadb2efc31f2ea48,101.0,0,3.73125,390.697435,21.969378,0.0,2,true,true,coarse_grid,false,governance.selection=pressure_max_under_constraints;seed=continuation
0.35,independent_oracle,3c5f6b3c9bd535cff7657364dadb2efc31f2ea48,101.0,0,3.7375,390.89679,21.971189,0.0,2,true,true,coarse_grid,false,governance.selection=pressure_max_under_constraints;seed=continuation
0.35,independent_oracle,3c5f6b3c9bd535cff7657364dadb2efc31f2ea48,101.0,0,3.74375,391.095921,21.973001,0.0,2,true,true,coarse_grid,false,governance.selection=pressure_max_under_constraints;seed=continuation
0.35,independent_oracle,3c5f6b3c9bd535cff7657364dadb2efc31f2ea48,101.0,0,3.75,391.294828,21.974814,0.0,2,true,true,coarse_grid,false,governance.selection=pressure_max_under_constraints;seed=continuation
0.35,independent_oracle,3c5f6b3c9bd535cff7657364dadb2efc31f2ea48,101.0,0,3.75625,391.493509,21.976628,0.0,2,true,true,coarse_grid,false,governance.selection=pressure_max_under_constraints;seed=continuation
0.35,independent_oracle,3c5f6b3c9bd535cff7657364dadb2efc31f2ea48,101.0,0,3.7625,391.691965,21.978443,0.0,2,true,true,coarse_grid,false,governance.selection=pressure_max_under_constraints;seed=continuation
0.35,independent_oracle,3c5f6b3c9bd535cff7657364dadb2efc31f2ea48,101.0,0,3.76875,391.890194,21.980259,0.0,2,true,true,coarse_grid,false,governance.selection=pressure_max_under_constraints;seed=continuation
0.35,independent_oracle,3c5f6b3c9bd535cff7657364dadb2efc31f2ea48,101.0,0,3.775,392.088195,21.982075,0.0,2,true,true,coarse_grid,false,governance.selection=pressure_max_under_constraints;seed=continuation
0.35,independent_oracle,3c5f6b3c9bd535cff7657364dadb2efc31f2ea48,101.0,0,3.78125,392.285969,21.983893,0.0,2,true,true,coarse_grid,false,governance.selection=pressure_max_under_constraints;seed=continuation
0.35,independent_oracle,3c5f6b3c9bd535cff7657364dadb2efc31f2ea48,101.0,0,3.7875,392.483514,21.985711,0.0,2,true,true,coarse_grid,false,governance.selection=pressure_max_under_constraints;seed=continuation
0.35,independent_oracle,3c5f6b3c9bd535cff7657364dadb2efc31f2ea48,101.0,0,3.79375,392.680831,21.987531,0.0,2,true,true,coarse_grid,false,governance.selection=pressure_max_under_constraints;seed=continuation
0.35,independent_oracle,3c5f6b3c9bd535cff7657364dadb2efc31f2ea48,101.0,0,3.8,392.877917,21.989351,0.0,2,true,true,coarse_grid,false,governance.selection=pressure_max_under_constraints;seed=continuation
0.35,independent_oracle,3c5f6b3c9bd535cff7657364dadb2efc31f2ea48,101.0,0,3.80625,393.074773,21.991172,0.0,2,true,true,coarse_grid,false,governance.selection=pressure_max_under_constraints;seed=continuation
0.35,independent_oracle,3c5f6b3c9bd535cff7657364dadb2efc31f2ea48,101.0,0,3.8125,393.271398,21.992994,0.0,2,true,true,coarse_grid,false,governance.selection=pressure_max_under_constraints;seed=continuation
0.35,independent_oracle,3c5f6b3c9bd535cff7657364dadb2efc31f2ea48,101.0,0,3.81875,393.467792,21.994817,0.0,2,true,true,coarse_grid,false,governance.selection=pressure_max_under_constraints;seed=continuation
0.35,independent_oracle,3c5f6b3c9bd535cff7657364dadb2efc31f2ea48,101.0,0,3.825,393.663954,21.996641,0.0,2,true,true,coarse_grid,false,governance.selection=pressure_max_under_constraints;seed=continuation
0.35,independent_oracle,3c5f6b3c9bd535cff7657364dadb2efc31f2ea48,101.0,0,3.83125,393.859883,21.998465,0.0,2,true,true,coarse_grid,false,governance.selection=pressure_max_under_constraints;seed=continuation
0.35,independent_oracle,3c5f6b3c9bd535cff7657364dadb2efc31f2ea48,101.0,0,3.8375,394.05558,22.000291,0.0,2,true,true,coarse_grid,false,governance.selection=pressure_max_under_constraints;seed=continuation
0.35,independent_oracle,3c5f6b3c9bd535cff7657364dadb2efc31f2ea48,101.0,0,3.84375,394.251043,22.002117,0.0,2,true,true,coarse_grid,false,governance.selection=pressure_max_under_constraints;seed=continuation
0.35,independent_oracle,3c5f6b3c9bd535cff7657364dadb2efc31f2ea48,101.0,0,3.85,394.446273,22.003943,0.0,2,true,true,coarse_grid,false,governance.selection=pressure_max_under_constraints;seed=continuation
0.35,independent_oracle,3c5f6b3c9bd535cff7657364dadb2efc31f2ea48,101.0,0,3.85625,394.641268,22.005771,0.0,2,true,true,coarse_grid,false,governance.selection=pressure_max_under_constraints;seed=continuation
0.35,independent_oracle,3c5f6b3c9bd535cff7657364dadb2efc31f2ea48,101.0,0,3.8625,394.836028,22.0076,0.0,2,true,true,coarse_grid,false,governance.selection=pressure_max_under_constraints;seed=continuation
0.35,independent_oracle,3c5f6b3c9bd535cff7657364dadb2efc31f2ea48,101.0,0,3.86875,395.030554,22.009429,0.0,2,true,true,coarse_grid,false,governance.selection=pressure_max_under_constraints;seed=continuation
0.35,independent_oracle,3c5f6b3c9bd535cff7657364dadb2efc31f2ea48,101.0,0,3.875,395.224843,22.011259,0.0,2,true,true,coarse_grid,false,governance.selection=pressure_max_under_constraints;seed=continuation
0.35,independent_oracle,3c5f6b3c9bd535cff7657364dadb2efc31f2ea48,101.0,0,3.88125,395.418897,22.013089,0.0,2,true,true,coarse_grid,false,governance.selection=pressure_max_under_constraints;seed=continuation
0.35,independent_oracle,3c5f6b3c9bd535cff7657364dadb2efc31f2ea48,101.0,0,3.8875,395.612715,22.014921,0.0,2,true,true,coarse_grid,false,governance.selection=pressure_max_under_constraints;seed=continuation
0.35,independent_oracle,3c5f6b3c9bd535cff7657364dadb2efc31f2ea48,101.0,0,3.89375,395.806295,22.016753,0.0,2,true,true,coarse_grid,false,governance.selection=pressure_max_under_constraints;seed=continuation
0.35,independent_oracle,3c5f6b3c9bd535cff7657364dadb2efc31f2ea48,101.0,0,3.9,395.999639,22.018585,0.0,2,true,true,coarse_grid,false,governance.selection=pressure_max_under_constraints;seed=continuation
0.35,independent_oracle,3c5f6b3c9bd535cff7657364dadb2efc31f2ea48,101.0,0,3.90625,396.192746,22.020419,0.0,2,true,true,coarse_grid,false,governance.selection=pressure_max_under_constraints;seed=continuation
0.35,independent_oracle,3c5f6b3c9bd535cff7657364dadb2efc31f2ea48,101.0,0,3.9125,396.385614,22.022253,0.0,2,true,true,coarse_grid,false,governance.selection=pressure_max_under_constraints;seed=continuation
0.35,independent_oracle,3c5f6b3c9bd535cff7657364dadb2efc31f2ea48,101.0,0,3.91875,396.578245,22.024088,0.0,2,true,true,coarse_grid,false,governance.selection=pressure_max_under_constraints;seed=continuation
0.35,independent_oracle,3c5f6b3c9bd535cff7657364dadb2efc31f2ea48,101.0,0,3.925,396.770637,22.025923,0.0,2,true,true,coarse_grid,false,governance.selection=pressure_max_under_constraints;seed=continuation
0.35,independent_oracle,3c5f6b3c9bd535cff7657364dadb2efc31f2ea48,101.0,0,3.93125,396.962791,22.027759,0.0,2,true,true,coarse_grid,false,governance.selection=pressure_max_under_constraints;seed=continuation
0.35,independent_oracle,3c5f6b3c9bd535cff7657364dadb2efc31f2ea48,101.0,0,3.9375,397.154706,22.029596,0.0,2,true,true,coarse_grid,false,governance.selection=pressure_max_under_constraints;seed=continuation
0.35,independent_oracle,3c5f6b3c9bd535cff7657364dadb2efc31f2ea48,101.0,0,3.94375,397.346382,22.031433,0.0,2,true,true,coarse_grid,false,governance.selection=pressure_max_under_constraints;seed=continuation
0.35,independent_oracle,3c5f6b3c9bd535cff7657364dadb2efc31f2ea48,101.0,0,3.95,397.537818,22.033271,0.0,2,true,true,coarse_grid,false,governance.selection=pressure_max_under_constraints;seed=continuation
0.35,independent_oracle,3c5f6b3c9bd535cff7657364dadb2efc31f2ea48,101.0,0,3.95625,397.729014,22.03511,0.0,2,true,true,coarse_grid,false,governance.selection=pressure_max_under_constraints;seed=continuation
0.35,independent_oracle,3c5f6b3c9bd535cff7657364dadb2efc31f2ea48,101.0,0,3.9625,397.919971,22.036949,0.0,2,true,true,coarse_grid,false,governance.selection=pressure_max_under_constraints;seed=continuation
0.35,independent_oracle,3c5f6b3c9bd535cff7657364dadb2efc31f2ea48,101.0,0,3.96875,398.110687,22.038789,0.0,2,true,true,coarse_grid,false,governance.selection=pressure_max_under_constraints;seed=continuation
0.35,independent_oracle,3c5f6b3c9bd535cff7657364dadb2efc31f2ea48,101.0,0,3.975,398.301163,22.040629,0.0,2,true,true,coarse_grid,false,governance.selection=pressure_max_under_constraints;seed=continuation
0.35,independent_oracle,3c5f6b3c9bd535cff7657364dadb2efc31f2ea48,101.0,0,3.98125,398.491398,22.04247,0.0,2,true,true,coarse_grid,false,governance.selection=pressure_max_under_constraints;seed=continuation
0.35,independent_oracle,3c5f6b3c9bd535cff7657364dadb2efc31f2ea48,101.0,0,3.9875,398.681392,22.044311,0.0,2,true,true,coarse_grid,false,governance.selection=pressure_max_under_constraints;seed=continuation
0.35,independent_oracle,3c5f6b3c9bd535cff7657364dadb2efc31f2ea48,101.0,0,3.99375,398.871146,22.046153,0.0,2,true,true,coarse_grid,false,governance.selection=pressure_max_under_constraints;seed=continuation
0.35,independent_oracle,3c5f6b3c9bd535cff7657364dadb2efc31f2ea48,101.0,0,4.0,399.060658,22.047996,0.0,5,true,true,coarse_grid,false,governance.selection=pressure_max_under_constraints;seed=continuation
0.35,independent_oracle,3c5f6b3c9bd535cff7657364dadb2efc31f2ea48,101.0,1,0.003125,188.675174,21.608326,0.0,4,true,true,fine_grid,false,governance.selection=pressure_max_under_constraints;seed=continuation
0.35,independent_oracle,3c5f6b3c9bd535cff7657364dadb2efc31f2ea48,101.0,1,0.009375,225.433281,21.608834,0.0,4,true,true,fine_grid,false,governance.selection=pressure_max_under_constraints;seed=continuation
0.35,independent_oracle,3c5f6b3c9bd535cff7657364dadb2efc31f2ea48,101.0,1,0.015625,242.403053,21.609339,0.0,3,true,true,fine_grid,false,governance.selection=pressure_max_under_constraints;seed=continuation
0.35,independent_oracle,3c5f6b3c9bd535cff7657364dadb2efc31f2ea48,101.0,1,0.021875,253.503061,21.609841,0.0,3,true,true,fine_grid,false,governance.selection=pressure_max_under_constraints;seed=continuation
0.35,independent_oracle,3c5f6b3c9bd535cff7657364dadb2efc31f2ea48,101.0,1,0.028125,261.736207,21.610339,0.0,3,true,true,fine_grid,false,governance.selection=pressure_max_under_constraints;seed=continuation
0.35,independent_oracle,3c5f6b3c9bd535cff7657364dadb2efc31f2ea48,101.0,1,0.034375,268.264462,21.610833,0.0,3,true,true,fine_grid,false,governance.selection=pressure_max_under_constraints;seed=continuation
0.35,independent_oracle,3c5f6b3c9bd535cff7657364dadb2efc31f2ea48,101.0,1,0.040625,273.661071,21.611324,0.0,3,true,true,fine_grid,false,governance.selection=pressure_max_under_constraints;seed=continuation
0.35,independent_oracle,3c5f6b3c9bd535cff7657364dadb2efc31f2ea48,101.0,1,0.046875,278.251368,21.611812,0.0,3,true,true,fine_grid,false,governance.selection=pressure_max_under_constraints;seed=continuation
0.35,independent_oracle,3c5f6b3c9bd535cff7657364dadb2efc31f2ea48,101.0,1,0.053125,282.237876,21.612296,0.0,3,true,true,fine_grid,false,governance.selection=pressure_max_under_constraints;seed=continuation
0.35,independent_oracle,3c5f6b3c9bd535cff7657364dadb2efc31f2ea48,101.0,1,0.059375,285.75527,21.612777,0.0,3,true,true,fine_grid,false,governance.selection=pressure_max_under_constraints;seed=continuation
0.35,independent_oracle,3c5f6b3c9bd535cff7657364dadb2efc31f2ea48,101.0,1,0.065625,288.897658,21.613254,0.0,3,true,true,fine_grid,false,governance.selection=pressure_max_under_constraints;seed=continuation
0.35,independent_oracle,3c5f6b3c9bd535cff7657364dadb2efc31f2ea48,101.0,1,0.071875,291.733402,21.613728,0.0,3,true,true,fine_grid,false,governance.selection=pressure_max_under_constraints;seed=continuation
0.35,independent_oracle,3c5f6b3c9bd535cff7657364dadb2efc31f2ea48,101.0,1,0.078125,294.313726,21.614199,0.0,3,true,true,fine_grid,false,governance.selection=pressure_max_under_constraints;seed=continuation
0.35,independent_oracle,3c5f6b3c9bd535cff7657364dadb2efc31f2ea48,101.0,1,0.084375,296.678008,21.614666,0.0,3,true,true,fine_grid,false,governance.selection=pressure_max_under_constraints;seed=continuation
0.35,independent_oracle,3c5f6b3c9bd535cff7657364dadb2efc31f2ea48,101.0,1,0.090625,298.85717,21.615129,0.0,3,true,true,fine_grid,false,governance.selection=pressure_max_under_constraints;seed=continuation
0.35,independent_oracle,3c5f6b3c9bd535cff7657364dadb2efc31f2ea48,101.0,1,0.096875,300.87594,21.615589,0.0,3,true,true,fine_grid,false,governance.selection=pressure_max_under_constraints;seed=continuation
0.35,independent_oracle,3c5f6b3c9bd535cff7657364dadb2efc31f2ea48,101.0,1,0.103125,302.754405,21.616046,0.0,3,true,true,fine_grid,false,governance.selection=pressure_max_under_constraints;seed=continuation
0.35,independent_oracle,3c5f6b3c9bd535cff7657364dadb2efc31f2ea48,101.0,1,0.109375,304.5091,21.6165,0.0,3,true,true,fine_grid,false,governance.selection=pressure_max_under_constraints;seed=continuation
0.35,independent_oracle,3c5f6b3c9bd535cff7657364dadb2efc31f2ea48,101.0,1,0.115625,306.153802,21.61695,0.0,3,true,true,fine_grid,false,governance.selection=pressure_max_under_constraints;seed=continuation
0.35,independent_oracle,3c5f6b3c9bd535cff7657364dadb2efc31f2ea48,101.0,1,0.121875,307.700111,21.617396,0.0,3,true,true,fine_grid,false,governance.selection=pressure_max_under_constraints;seed=continuation
0.35,independent_oracle,3c5f6b3c9bd535cff7657364dadb2efc31f2ea48,101.0,1,0.128125,309.157886,21.617839,0.0,3,true,true,fine_grid,false,governance.selection=pressure_max_under_constraints;seed=continuation
0.35,independent_oracle,3c5f6b3c9bd535cff7657364dadb2efc31f2ea48,101.0,1,0.134375,310.535575,21.618279,0.0,3,true,true,fine_grid,false,governance.selection=pressure_max_under_constraints;seed=continuation
0.35,independent_oracle,3c5f6b3c9bd535cff7657364dadb2efc31f2ea48,101.0,1,0.140625,311.840474,21.618715,0.0,3,true,true,fine_grid,false,governance.selection=pressure_max_under_constraints;seed=continuation
0.35,independent_oracle,3c5f6b3c9bd535cff7657364dadb2efc31f2ea48,101.0,1,0.146875,313.078928,21.619148,0.0,3,true,true,fine_grid,false,governance.selection=pressure_max_under_constraints;seed=continuation
0.35,independent_oracle,3c5f6b3c9bd535cff7657364dadb2efc31f2ea48,101.0,1,0.153125,314.256487,21.619578,0.0,3,true,true,fine_grid,false,governance.selection=pressure_max_under_constraints;seed=continuation
0.35,independent_oracle,3c5f6b3c9bd535cff7657364dadb2efc31f2ea48,101.0,1,0.159375,315.378034,21.620004,0.0,3,true,true,fine_grid,false,governance.selection=pressure_max_under_constraints;seed=continuation
0.35,independent_oracle,3c5f6b3c9bd535cff7657364dadb2efc31f2ea48,101.0,1,0.165625,316.447891,21.620427,0.0,3,true,true,fine_grid,false,governance.selection=pressure_max_under_constraints;seed=continuation
0.35,independent_oracle,3c5f6b3c9bd535cff7657364dadb2efc31f2ea48,101.0,1,0.171875,317.469897,21.620846,0.0,3,true,true,fine_grid,false,governance.selection=pressure_max_under_constraints;seed=continuation
0.35,independent_oracle,3c5f6b3c9bd535cff7657364dadb2efc31f2ea48,101.0,1,0.178125,318.44748,21.621262,0.0,3,true,true,fine_grid,false,governance.selection=pressure_max_under_constraints;seed=continuation
0.35,independent_oracle,3c5f6b3c9bd535cff7657364dadb2efc31f2ea48,101.0,1,0.184375,319.383715,21.621675,0.0,2,true,true,fine_grid,false,governance.selection=pressure_max_under_constraints;seed=continuation
0.35,independent_oracle,3c5f6b3c9bd535cff7657364dadb2efc31f2ea48,101.0,1,0.190625,320.281369,21.622085,0.0,2,true,true,fine_grid,false,governance.selection=pressure_max_under_constraints;seed=continuation
0.35,independent_oracle,3c5f6b3c9bd535cff7657364dadb2efc31f2ea48,101.0,1,0.196875,321.142938,21.622491,0.0,2,true,true,fine_grid,false,governance.selection=pressure_max_under_constraints;seed=continuation
0.35,independent_oracle,3c5f6b3c9bd535cff7657364dadb2efc31f2ea48,101.0,1,0.203125,321.970689,21.622893,0.0,2,true,true,fine_grid,false,governance.selection=pressure_max_under_constraints;seed=continuation
0.35,independent_oracle,3c5f6b3c9bd535cff7657364dadb2efc31f2ea48,101.0,1,0.209375,322.766679,21.623293,0.0,2,true,true,fine_grid,false,governance.selection=pressure_max_under_constraints;seed=continuation
0.35,independent_oracle,3c5f6b3c9bd535cff7657364dadb2efc31f2ea48,101.0,1,0.215625,323.532786,21.623689,0.0,2,true,true,fine_grid,false,governance.selection=pressure_max_under_constraints;seed=continuation
0.35,independent_oracle,3c5f6b3c9bd535cff7657364dadb2efc31f2ea48,101.0,1,0.221875,324.270725,21.624081,0.0,2,true,true,fine_grid,false,governance.selection=pressure_max_under_constraints;seed=continuation
0.35,independent_oracle,3c5f6b3c9bd535cff7657364dadb2efc31f2ea48,101.0,1,0.228125,324.982069,21.62447,0.0,2,true,true,fine_grid,false,governance.selection=pressure_max_under_constraints;seed=continuation
0.35,independent_oracle,3c5f6b3c9bd535cff7657364dadb2efc31f2ea48,101.0,1,0.234375,325.668264,21.624856,0.0,2,true,true,fine_grid,false,governance.selection=pressure_max_under_constraints;seed=continuation
0.35,independent_oracle,3c5f6b3c9bd535cff7657364dadb2efc31f2ea48,101.0,1,0.240625,326.330642,21.625239,0.0,2,true,true,fine_grid,false,governance.selection=pressure_max_under_constraints;seed=continuation
0.35,independent_oracle,3c5f6b3c9bd535cff7657364dadb2efc31f2ea48,101.0,1,0.246875,326.970432,21.625618,0.0,2,true,true,fine_grid,false,governance.selection=pressure_max_under_constraints;seed=continuation
0.35,independent_oracle,3c5f6b3c9bd535cff7657364dadb2efc31f2ea48,101.0,1,0.253125,327.588769,21.625994,0.0,2,true,true,fine_grid,false,governance.selection=pressure_max_under_constraints;seed=continuation
0.35,independent_oracle,3c5f6b3c9bd535cff7657364dadb2efc31f2ea48,101.0,1,0.259375,328.186709,21.626367,0.0,2,true,true,fine_grid,false,governance.selection=pressure_max_under_constraints;seed=continuation
0.35,independent_oracle,3c5f6b3c9bd535cff7657364dadb2efc31f2ea48,101.0,1,0.265625,328.76523,21.626736,0.0,2,true,true,fine_grid,false,governance.selection=pressure_max_under_constraints;seed=continuation
0.35,independent_oracle,3c5f6b3c9bd535cff7657364dadb2efc31f2ea48,101.0,1,0.271875,329.325242,21.627103,0.0,2,true,true,fine_grid,false,governance.selection=pressure_max_under_constraints;seed=continuation
0.35,independent_oracle,3c5f6b3c9bd535cff7657364dadb2efc31f2ea48,101.0,1,0.278125,329.867593,21.627465,0.0,2,true,true,fine_grid,false,governance.selection=pressure_max_under_constraints;seed=continuation
0.35,independent_oracle,3c5f6b3c9bd535cff7657364dadb2efc31f2ea48,101.0,1,0.284375,330.393076,21.627825,0.0,2,true,true,fine_grid,false,governance.selection=pressure_max_under_constraints;seed=continuation
0.35,independent_oracle,3c5f6b3c9bd535cff7657364dadb2efc31f2ea48,101.0,1,0.290625,330.90243,21.628181,0.0,2,true,true,fine_grid,false,governance.selection=pressure_max_under_constraints;seed=continuation
0.35,independent_oracle,3c5f6b3c9bd535cff7657364dadb2efc31f2ea48,101.0,1,0.296875,331.396348,21.628534,0.0,2,true,true,fine_grid,false,governance.selection=pressure_max_under_constraints;seed=continuation
0.35,independent_oracle,3c5f6b3c9bd535cff7657364dadb2efc31f2ea48,101.0,1,0.303125,331.87548,21.628884,0.0,2,true,true,fine_grid,false,governance.selection=pressure_max_under_constraints;seed=continuation
0.35,independent_oracle,3c5f6b3c9bd535cff7657364dadb2efc31f2ea48,101.0,1,0.309375,332.340436,21.62923,0.0,2,true,true,fine_grid,false,governance.selection=pressure_max_under_constraints;seed=continuation
0.35,independent_oracle,3c5f6b3c9bd535cff7657364dadb2efc31f2ea48,101.0,1,0.315625,332.79179,21.629573,0.0,2,true,true,fine_grid,false,governance.selection=pressure_max_under_constraints;seed=continuation
0.35,independent_oracle,3c5f6b3c9bd535cff7657364dadb2efc31f2ea48,101.0,1,0.321875,333.230082,21.629913,0.0,2,true,true,fine_grid,false,governance.selection=pressure_max_under_constraints;seed=continuation
0.35,independent_oracle,3c5f6b3c9bd535cff7657364dadb2efc31f2ea48,101.0,1,0.328125,333.655819,21.630249,0.0,2,true,true,fine_grid,false,governance.selection=pressure_max_under_constraints;seed=continuation
0.35,independent_oracle,3c5f6b3c9bd535cff7657364dadb2efc31f2ea48,101.0,1,0.334375,334.069482,21.630583,0.0,2,true,true,fine_grid,false,governance.selection=pressure_max_under_constraints;seed=continuation
0.35,independent_oracle,3c5f6b3c9bd535cff7657364dadb2efc31f2ea48,101.0,1,0.340625,334.471524,21.630913,0.0,2,true,true,fine_grid,false,governance.selection=pressure_max_under_constraints;seed=continuation
0.35,independent_oracle,3c5f6b3c9bd535cff7657364dadb2efc31f2ea48,101.0,1,0.346875,334.862374,21.63124,0.0,2,true,true,fine_grid,false,governance.selection=pressure_max_under_constraints;seed=continuation
0.35,independent_oracle,3c5f6b3c9bd535cff7657364dadb2efc31f2ea48,101.0,1,0.353125,335.242438,21.631563,0.0,2,true,true,fine_grid,false,governance.selection=pressure_max_under_constraints;seed=continuation
0.35,independent_oracle,3c5f6b3c9bd535cff7657364dadb2efc31f2ea48,101.0,1,0.359375,335.6121,21.631883,0.0,2,true,true,fine_grid,false,governance.selection=pressure_max_under_constraints;seed=continuation
0.35,independent_oracle,3c5f6b3c9bd535cff7657364dadb2efc31f2ea48,101.0,1,0.365625,335.971725,21.632201,0.0,2,true,true,fine_grid,false,governance.selection=pressure_max_under_constraints;seed=continuation
0.35,independent_oracle,3c5f6b3c9bd535cff7657364dadb2efc31f2ea48,101.0,1,0.371875,336.321658,21.632514,0.0,2,true,true,fine_grid,false,governance.selection=pressure_max_under_constraints;seed=continuation
0.35,independent_oracle,3c5f6b3c9bd535cff7657364dadb2efc31f2ea48,101.0,1,0.378125,336.662228,21.632825,0.0,2,true,true,fine_grid,false,governance.selection=pressure_max_under_constraints;seed=continuation
0.35,independent_oracle,3c5f6b3c9bd535cff7657364dadb2efc31f2ea48,101.0,1,0.384375,336.993749,21.633132,0.0,2,true,true,fine_grid,false,governance.selection=pressure_max_under_constraints;seed=continuation
0.35,independent_oracle,3c5f6b3c9bd535cff7657364dadb2efc31f2ea48,101.0,1,0.390625,337.316518,21.633437,0.0,2,true,true,fine_grid,false,governance.selection=pressure_max_under_constraints;seed=continuation
0.35,independent_oracle,3c5f6b3c9bd535cff7657364dadb2efc31f2ea48,101.0,1,0.396875,337.630818,21.633738,0.0,2,true,true,fine_grid,false,governance.selection=pressure_max_under_constraints;seed=continuation
0.35,independent_oracle,3c5f6b3c9bd535cff7657364dadb2efc31f2ea48,101.0,1,0.403125,337.93692,21.634036,0.0,2,true,true,fine_grid,false,governance.selection=pressure_max_under_constraints;seed=continuation
0.35,independent_oracle,3c5f6b3c9bd535cff7657364dadb2efc31f2ea48,101.0,1,0.409375,338.235081,21.63433,0.0,2,true,true,fine_grid,false,governance.selection=pressure_max_under_constraints;seed=continuation
0.35,independent_oracle,3c5f6b3c9bd535cff7657364dadb2efc31f2ea48,101.0,1,0.415625,338.525548,21.634622,0.0,2,true,true,fine_grid,false,governance.selection=pressure_max_under_constraints;seed=continuation
0.35,independent_oracle,3c5f6b3c9bd535cff7657364dadb2efc31f2ea48,101.0,1,0.421875,338.808555,21.63491,0.0,2,true,true,fine_grid,false,governance.selection=pressure_max_under_constraints;seed=continuation
0.35,independent_oracle,3c5f6b3c9bd535cff7657364dadb2efc31f2ea48,101.0,1,0.428125,339.084329,21.635195,0.0,2,true,true,fine_grid,false,governance.selection=pressure_max_under_constraints;seed=continuation
0.35,independent_oracle,3c5f6b3c9bd535cff7657364dadb2efc31f2ea48,101.0,1,0.434375,339.353083,21.635477,0.0,2,true,true,fine_grid,false,governance.selection=pressure_max_under_constraints;seed=continuation
0.35,independent_oracle,3c5f6b3c9bd535cff7657364dadb2efc31f2ea48,101.0,1,0.440625,339.615024,21.635756,0.0,2,true,true,fine_grid,false,governance.selection=pressure_max_under_constraints;seed=continuation
0.35,independent_oracle,3c5f6b3c9bd535cff7657364dadb2efc31f2ea48,101.0,1,0.446875,339.870349,21.636031,0.0,2,true,true,fine_grid,false,governance.selection=pressure_max_under_constraints;seed=continuation
0.35,independent_oracle,3c5f6b3c9bd535cff7657364dadb2efc31f2ea48,101.0,1,0.453125,340.119247,21.636304,0.0,2,true,true,fine_grid,false,governance.selection=pressure_max_under_constraints;seed=continuation
0.35,independent_oracle,3c5f6b3c9bd535cff7657364dadb2efc31f2ea48,101.0,1,0.459375,340.3619,21.636573,0.0,2,true,true,fine_grid,false,governance.selection=pressure_max_under_constraints;seed=continuation
0.35,independent_oracle,3c5f6b3c9bd535cff7657364dadb2efc31f2ea48,101.0,1,0.465625,340.598481,21.636839,0.0,2,true,true,fine_grid,false,governance.selection=pressure_max_under_constraints;seed=continuation
0.35,independent_oracle,3c5f6b3c9bd535cff7657364dadb2efc31f2ea48,101.0,1,0.471875,340.829159,21.637102,0.0,2,true,true,fine_grid,false,governance.selection=pressure_max_under_constraints;seed=continuation
0.35,independent_oracle,3c5f6b3c9bd535cff7657364dadb2efc31f2ea48,101.0,1,0.478125,341.054093,21.637362,0.0,2,true,true,fine_grid,false,governance.selection=pressure_max_under_constraints;seed=continuation
0.35,independent_oracle,3c5f6b3c9bd535cff7657364dadb2efc31f2ea48,101.0,1,0.484375,341.273437,21.637619,0.0,2,true,true,fine_grid,false,governance.selection=pressure_max_under_constraints;seed=continuation
0.35,independent_oracle,3c5f6b3c9bd535cff7657364dadb2efc31f2ea48,101.0,1,0.490625,341.487342,21.637872,0.0,2,true,true,fine_grid,false,governance.selection=pressure_max_under_constraints;seed=continuation
0.35,independent_oracle,3c5f6b3c9bd535cff7657364dadb2efc31f2ea48,101.0,1,0.496875,341.695949,21.638123,0.0,2,true,true,fine_grid,false,governance.selection=pressure_max_under_constraints;seed=continuation
0.35,independent_oracle,3c5f6b3c9bd535cff7657364dadb2efc31f2ea48,101.0,1,0.503125,341.899396,21.63837,0.0,2,true,true,fine_grid,false,governance.selection=pressure_max_under_constraints;seed=continuation
0.35,independent_oracle,3c5f6b3c9bd535cff7657364dadb2efc31f2ea48,101.0,1,0.509375,342.097815,21.638615,0.0,2,true,true,fine_grid,false,governance.selection=pressure_max_under_constraints;seed=continuation
0.35,independent_oracle,3c5f6b3c9bd535cff7657364dadb2efc31f2ea48,101.0,1,0.515625,342.291335,21.638856,0.0,2,true,true,fine_grid,false,governance.selection=pressure_max_under_constraints;seed=continuation
0.35,independent_oracle,3c5f6b3c9bd535cff7657364dadb2efc31f2ea48,101.0,1,0.521875,342.480079,21.639094,0.0,2,true,true,fine_grid,false,governance.selection=pressure_max_under_constraints;seed=continuation
0.35,independent_oracle,3c5f6b3c9bd535cff7657364dadb2efc31f2ea48,101.0,1,0.528125,342.664165,21.639329,0.0,2,true,true,fine_grid,false,governance.selection=pressure_max_under_constraints;seed=continuation
0.35,independent_oracle,3c5f6b3c9bd535cff7657364dadb2efc31f2ea48,101.0,1,0.534375,342.843709,21.639561,0.0,2,true,true,fine_grid,false,governance.selection=pressure_max_under_constraints;seed=continuation
0.35,independent_oracle,3c5f6b3c9bd535cff7657364dadb2efc31f2ea48,101.0,1,0.540625,343.01882,21.63979,0.0,2,true,true,fine_grid,false,governance.selection=pressure_max_under_constraints;seed=continuation
0.35,independent_oracle,3c5f6b3c9bd535cff7657364dadb2efc31f2ea48,101.0,1,0.546875,343.189606,21.640016,0.0,2,true,true,fine_grid,false,governance.selection=pressure_max_under_constraints;seed=continuation
0.35,independent_oracle,3c5f6b3c9bd535cff7657364dadb2efc31f2ea48,101.0,1,0.553125,343.35617,21.640239,0.0,2,true,true,fine_grid,false,governance.selection=pressure_max_under_constraints;seed=continuation
0.35,independent_oracle,3c5f6b3c9bd535cff7657364dadb2efc31f2ea48,101.0,1,0.559375,343.518613,21.640459,0.0,2,true,true,fine_grid,false,governance.selection=pressure_max_under_constraints;seed=continuation
0.35,independent_oracle,3c5f6b3c9bd535cff7657364dadb2efc31f2ea48,101.0,1,0.565625,343.67703,21.640676,0.0,2,true,true,fine_grid,false,governance.selection=pressure_max_under_constraints;seed=continuation
0.35,independent_oracle,3c5f6b3c9bd535cff7657364dadb2efc31f2ea48,101.0,1,0.571875,343.831516,21.640889,0.0,2,true,true,fine_grid,false,governance.selection=pressure_max_under_constraints;seed=continuation
0.35,independent_oracle,3c5f6b3c9bd535cff7657364dadb2efc31f2ea48,101.0,1,0.578125,343.982161,21.6411,0.0,2,true,true,fine_grid,false,governance.selection=pressure_max_under_constraints;seed=continuation
0.35,independent_oracle,3c5f6b3c9bd535cff7657364dadb2efc31f2ea48,101.0,1,0.584375,344.129052,21.641308,0.0,2,true,true,fine_grid,false,governance.selection=pressure_max_under_constraints;seed=continuation
0.35,independent_oracle,3c5f6b3c9bd535cff7657364dadb2efc31f2ea48,101.0,1,0.590625,344.272275,21.641512,0.0,2,true,true,fine_grid,false,governance.selection=pressure_max_under_constraints;seed=continuation
0.35,independent_oracle,3c5f6b3c9bd535cff7657364dadb2efc31f2ea48,101.0,1,0.596875,344.411912,21.641714,0.0,2,true,true,fine_grid,false,governance.selection=pressure_max_under_constraints;seed=continuation
0.35,independent_oracle,3c5f6b3c9bd535cff7657364dadb2efc31f2ea48,101.0,1,0.603125,344.548042,21.641913,0.0,2,true,true,fine_grid,false,governance.selection=pressure_max_under_constraints;seed=continuation
0.35,independent_oracle,3c5f6b3c9bd535cff7657364dadb2efc31f2ea48,101.0,1,0.609375,344.680743,21.642108,0.0,2,true,true,fine_grid,false,governance.selection=pressure_max_under_constraints;seed=continuation
0.35,independent_oracle,3c5f6b3c9bd535cff7657364dadb2efc31f2ea48,101.0,1,0.615625,344.81009,21.642301,0.0,2,true,true,fine_grid,false,governance.selection=pressure_max_under_constraints;seed=continuation
0.35,independent_oracle,3c5f6b3c9bd535cff7657364dadb2efc31f2ea48,101.0,1,0.621875,344.936155,21.642491,0.0,2,true,true,fine_grid,false,governance.selection=pressure_max_under_constraints;seed=continuation
0.35,independent_oracle,3c5f6b3c9bd535cff7657364dadb2efc31f2ea48,101.0,1,0.628125,345.05901,21.642678,0.0,2,true,true,fine_grid,false,governance.selection=pressure_max_under_constraints;seed=continuation
0.35,independent_oracle,3c5f6b3c9bd535cff7657364dadb2efc31f2ea48,101.0,1,0.634375,345.178722,21.642861,0.0,2,true,true,fine_grid,false,governance.selection=pressure_max_under_constraints;seed=continuation
0.35,independent_oracle,3c5f6b3c9bd535cff7657364dadb2efc31f2ea48,101.0,1,0.640625,345.295359,21.643042,0.0,2,true,true,fine_grid,false,governance.selection=pressure_max_under_constraints;seed=continuation
0.35,independent_oracle,3c5f6b3c9bd535cff7657364dadb2efc31f2ea48,101.0,1,0.646875,345.408985,21.64322,0.0,2,true,true,fine_grid,false,governance.selection=pressure_max_under_constraints;seed=continuation
0.35,independent_oracle,3c5f6b3c9bd535cff7657364dadb2efc31f2ea48,101.0,1,0.653125,345.519664,21.643395,0.0,2,true,true,fine_grid,false,governance.selection=pressure_max_under_constraints;seed=continuation
0.35,independent_oracle,3c5f6b3c9bd535cff7657364dadb2efc31f2ea48,101.0,1,0.659375,345.627456,21.643567,0.0,2,true,true,fine_grid,false,governance.selection=pressure_max_under_constraints;seed=continuation
0.35,independent_oracle,3c5f6b3c9bd535cff7657364dadb2efc31f2ea48,101.0,1,0.665625,345.73242,21.643736,0.0,2,true,true,fine_grid,false,governance.selection=pressure_max_under_constraints;seed=continuation
0.35,independent_oracle,3c5f6b3c9bd535cff7657364dadb2efc31f2ea48,101.0,1,0.671875,345.834615,21.643903,0.0,2,true,true,fine_grid,false,governance.selection=pressure_max_under_constraints;seed=continuation
0.35,independent_oracle,3c5f6b3c9bd535cff7657364dadb2efc31f2ea48,101.0,1,0.678125,345.934098,21.644066,0.0,2,true,true,fine_grid,false,governance.selection=pressure_max_under_constraints;seed=continuation
0.35,independent_oracle,3c5f6b3c9bd535cff7657364dadb2efc31f2ea48,101.0,1,0.684375,346.030922,21.644226,0.0,2,true,true,fine_grid,false,governance.selection=pressure_max_under_constraints;seed=continuation
0.35,independent_oracle,3c5f6b3c9bd535cff7657364dadb2efc31f2ea48,101.0,1,0.690625,346.125141,21.644384,0.0,2,true,true,fine_grid,false,governance.selection=pressure_max_under_constraints;seed=continuation
0.35,independent_oracle,3c5f6b3c9bd535cff7657364dadb2efc31f2ea48,101.0,1,0.696875,346.216808,21.644539,0.0,2,true,true,fine_grid,false,governance.selection=pressure_max_under_constraints;seed=continuation
0.35,independent_oracle,3c5f6b3c9bd535cff7657364dadb2efc31f2ea48,101.0,1,0.703125,346.305972,21.644691,0.0,2,true,true,fine_grid,false,governance.selection=pressure_max_under_constraints;seed=continuation
0.35,independent_oracle,3c5f6b3c9bd535cff7657364dadb2efc31f2ea48,101.0,1,0.709375,346.392684,21.644839,0.0,2,true,true,fine_grid,false,governance.selection=pressure_max_under_constraints;seed=continuation
0.35,independent_oracle,3c5f6b3c9bd535cff7657364dadb2efc31f2ea48,101.0,1,0.715625,346.476991,21.644986,0.0,2,true,true,fine_grid,false,governance.selection=pressure_max_under_constraints;seed=continuation
0.35,independent_oracle,3c5f6b3c9bd535cff7657364dadb2efc31f2ea48,101.0,1,0.721875,346.55894,21.645129,0.0,2,true,true,fine_grid,false,governance.selection=pressure_max_under_constraints;seed=continuation
0.35,independent_oracle,3c5f6b3c9bd535cff7657364dadb2efc31f2ea48,101.0,1,0.728125,346.638577,21.645269,0.0,2,true,true,fine_grid,false,governance.selection=pressure_max_under_constraints;seed=continuation
0.35,independent_oracle,3c5f6b3c9bd535cff7657364dadb2efc31f2ea48,101.0,1,0.734375,346.715947,21.645407,0.0,2,true,true,fine_grid,false,governance.selection=pressure_max_under_constraints;seed=continuation
0.35,independent_oracle,3c5f6b3c9bd535cff7657364dadb2efc31f2ea48,101.0,1,0.740625,346.791093,21.645542,0.0,2,true,true,fine_grid,false,governance.selection=pressure_max_under_constraints;seed=continuation
0.35,independent_oracle,3c5f6b3c9bd535cff7657364dadb2efc31f2ea48,101.0,1,0.746875,346.864057,21.645674,0.0,2,true,true,fine_grid,false,governance.selection=pressure_max_under_constraints;seed=continuation
0.35,independent_oracle,3c5f6b3c9bd535cff7657364dadb2efc31f2ea48,101.0,1,0.753125,346.934882,21.645803,0.0,2,true,true,fine_grid,false,governance.selection=pressure_max_under_constraints;seed=continuation
0.35,independent_oracle,3c5f6b3c9bd535cff7657364dadb2efc31f2ea48,101.0,1,0.759375,347.003607,21.645929,0.0,2,true,true,fine_grid,false,governance.selection=pressure_max_under_constraints;seed=continuation
0.35,independent_oracle,3c5f6b3c9bd535cff7657364dadb2efc31f2ea48,101.0,1,0.765625,347.070272,21.646053,0.0,2,true,true,fine_grid,false,governance.selection=pressure_max_under_constraints;seed=continuation
0.35,independent_oracle,3c5f6b3c9bd535cff7657364dadb2efc31f2ea48,101.0,1,0.771875,347.134916,21.646174,0.0,2,true,true,fine_grid,false,governance.selection=pressure_max_under_constraints;seed=continuation
0.35,independent_oracle,3c5f6b3c9bd535cff7657364dadb2efc31f2ea48,101.0,1,0.778125,347.197576,21.646292,0.0,2,true,true,fine_grid,false,governance.selection=pressure_max_under_constraints;seed=continuation
0.35,independent_oracle,3c5f6b3c9bd535cff7657364dadb2efc31f2ea48,101.0,1,0.784375,347.25829,21.646407,0.0,2,true,true,fine_grid,false,governance.selection=pressure_max_under_constraints;seed=continuation
0.35,independent_oracle,3c5f6b3c9bd535cff7657364dadb2efc31f2ea48,101.0,1,0.790625,347.317094,21.64652,0.0,2,true,true,fine_grid,false,governance.selection=pressure_max_under_constraints;seed=continuation
0.35,independent_oracle,3c5f6b3c9bd535cff7657364dadb2efc31f2ea48,101.0,1,0.796875,347.374023,21.64663,0.0,2,true,true,fine_grid,false,governance.selection=pressure_max_under_constraints;seed=continuation
0.35,independent_oracle,3c5f6b3c9bd535cff7657364dadb2efc31f2ea48,101.0,1,0.803125,347.42911,21.646737,0.0,2,true,true,fine_grid,false,governance.selection=pressure_max_under_constraints;seed=continuation
0.35,independent_oracle,3c5f6b3c9bd535cff7657364dadb2efc31f2ea48,101.0,1,0.809375,347.482392,21.646842,0.0,2,true,true,fine_grid,false,governance.selection=pressure_max_under_constraints;seed=continuation
0.35,independent_oracle,3c5f6b3c9bd535cff7657364dadb2efc31f2ea48,101.0,1,0.815625,347.533899,21.646943,0.0,2,true,true,fine_grid,false,governance.selection=pressure_max_under_constraints;seed=continuation
0.35,independent_oracle,3c5f6b3c9bd535cff7657364dadb2efc31f2ea48,101.0,1,0.821875,347.583665,21.647043,0.0,2,true,true,fine_grid,false,governance.selection=pressure_max_under_constraints;seed=continuation
0.35,independent_oracle,3c5f6b3c9bd535cff7657364dadb2efc31f2ea48,101.0,1,0.828125,347.631721,21.647139,0.0,2,true,true,fine_grid,false,governance.selection=pressure_max_under_constraints;seed=continuation
0.35,independent_oracle,3c5f6b3c9bd535cff7657364dadb2efc31f2ea48,101.0,1,0.834375,347.678099,21.647233,0.0,2,true,true,fine_grid,false,governance.selection=pressure_max_under_constraints;seed=continuation
0.35,independent_oracle,3c5f6b3c9bd535cff7657364dadb2efc31f2ea48,101.0,1,0.840625,347.722828,21.647324,0.0,2,true,true,fine_grid,false,governance.selection=pressure_max_under_constraints;seed=continuation
0.35,independent_oracle,3c5f6b3c9bd535cff7657364dadb2efc31f2ea48,101.0,1,0.846875,347.765938,21.647412,0.0,2,true,true,fine_grid,false,governance.selection=pressure_max_under_constraints;seed=continuation
0.35,independent_oracle,3c5f6b3c9bd535cff7657364dadb2efc31f2ea48,101.0,1,0.853125,347.807459,21.647498,0.0,2,true,true,fine_grid,false,governance.selection=pressure_max_under_constraints;seed=continuation
0.35,independent_oracle,3c5f6b3c9bd535cff7657364dadb2efc31f2ea48,101.0,1,0.859375,347.84742,21.647581,0.0,2,true,true,fine_grid,false,governance.selection=pressure_max_under_constraints;seed=continuation
0.35,independent_oracle,3c5f6b3c9bd535cff7657364dadb2efc31f2ea48,101.0,1,0.865625,347.885847,21.647662,0.0,2,true,true,fine_grid,false,governance.selection=pressure_max_under_constraints;seed=continuation
0.35,independent_oracle,3c5f6b3c9bd535cff7657364dadb2efc31f2ea48,101.0,1,0.871875,347.922769,21.64774,0.0,2,true,true,fine_grid,false,governance.selection=pressure_max_under_constraints;seed=continuation
0.35,independent_oracle,3c5f6b3c9bd535cff7657364dadb2efc31f2ea48,101.0,1,0.878125,347.958213,21.647816,0.0,2,true,true,fine_grid,false,governance.selection=pressure_max_under_constraints;seed=continuation
0.35,independent_oracle,3c5f6b3c9bd535cff7657364dadb2efc31f2ea48,101.0,1,0.884375,347.992205,21.647888,0.0,2,true,true,fine_grid,false,governance.selection=pressure_max_under_constraints;seed=continuation
0.35,independent_oracle,3c5f6b3c9bd535cff7657364dadb2efc31f2ea48,101.0,1,0.890625,348.02477,21.647959,0.0,2,true,true,fine_grid,false,governance.selection=pressure_max_under_constraints;seed=continuation
0.35,independent_oracle,3c5f6b3c9bd535cff7657364dadb2efc31f2ea48,101.0,1,0.896875,348.055935,21.648026,0.0,2,true,true,fine_grid,false,governance.selection=pressure_max_under_constraints;seed=continuation
0.35,independent_oracle,3c5f6b3c9bd535cff7657364dadb2efc31f2ea48,101.0,1,0.903125,348.085725,21.648092,0.0,2,true,true,fine_grid,false,governance.selection=pressure_max_under_constraints;seed=continuation
0.35,independent_oracle,3c5f6b3c9bd535cff7657364dadb2efc31f2ea48,101.0,1,0.909375,348.114163,21.648154,0.0,2,true,true,fine_grid,false,governance.selection=pressure_max_under_constraints;seed=continuation
0.35,independent_oracle,3c5f6b3c9bd535cff7657364dadb2efc31f2ea48,101.0,1,0.915625,348.141275,21.648215,0.0,2,true,true,fine_grid,false,governance.selection=pressure_max_under_constraints;seed=continuation
0.35,independent_oracle,3c5f6b3c9bd535cff7657364dadb2efc31f2ea48,101.0,1,0.921875,348.167082,21.648272,0.0,2,true,true,fine_grid,false,governance.selection=pressure_max_under_constraints;seed=continuation
0.35,independent_oracle,3c5f6b3c9bd535cff7657364dadb2efc31f2ea48,101.0,1,0.928125,348.19161,21.648327,0.0,2,true,true,fine_grid,false,governance.selection=pressure_max_under_constraints;seed=continuation
0.35,independent_oracle,3c5f6b3c9bd535cff7657364dadb2efc31f2ea48,101.0,1,0.934375,348.214881,21.64838,0.0,2,true,true,fine_grid,false,governance.selection=pressure_max_under_constraints;seed=continuation
0.35,independent_oracle,3c5f6b3c9bd535cff7657364dadb2efc31f2ea48,101.0,1,0.940625,348.236916,21.64843,0.0,2,true,true,fine_grid,false,governance.selection=pressure_max_under_constraints;seed=continuation
0.35,independent_oracle,3c5f6b3c9bd535cff7657364dadb2efc31f2ea48,101.0,1,0.946875,348.257739,21.648478,0.0,2,true,true,fine_grid,false,governance.selection=pressure_max_under_constraints;seed=continuation
0.35,independent_oracle,3c5f6b3c9bd535cff7657364dadb2efc31f2ea48,101.0,1,0.953125,348.27737,21.648524,0.0,2,true,true,fine_grid,false,governance.selection=pressure_max_under_constraints;seed=continuation
0.35,independent_oracle,3c5f6b3c9bd535cff7657364dadb2efc31f2ea48,101.0,1,0.959375,348.295832,21.648566,0.0,2,true,true,fine_grid,false,governance.selection=pressure_max_under_constraints;seed=continuation
0.35,independent_oracle,3c5f6b3c9bd535cff7657364dadb2efc31f2ea48,101.0,1,0.965625,348.313145,21.648607,0.0,2,true,true,fine_grid,false,governance.selection=pressure_max_under_constraints;seed=continuation
0.35,independent_oracle,3c5f6b3c9bd535cff7657364dadb2efc31f2ea48,101.0,1,0.971875,348.32933,21.648645,0.0,2,true,true,fine_grid,false,governance.selection=pressure_max_under_constraints;seed=continuation
0.35,independent_oracle,3c5f6b3c9bd535cff7657364dadb2efc31f2ea48,101.0,1,0.978125,348.344406,21.648681,0.0,2,true,true,fine_grid,false,governance.selection=pressure_max_under_constraints;seed=continuation
0.35,independent_oracle,3c5f6b3c9bd535cff7657364dadb2efc31f2ea48,101.0,1,0.984375,348.358395,21.648714,0.0,2,true,true,fine_grid,false,governance.selection=pressure_max_under_constraints;seed=continuation
0.35,independent_oracle,3c5f6b3c9bd535cff7657364dadb2efc31f2ea48,101.0,1,0.990625,348.371315,21.648745,0.0,2,true,true,fine_grid,false,governance.selection=pressure_max_under_constraints;seed=continuation
0.35,independent_oracle,3c5f6b3c9bd535cff7657364dadb2efc31f2ea48,101.0,1,0.996875,348.383186,21.648774,0.0,2,true,true,fine_grid,false,governance.selection=pressure_max_under_constraints;seed=continuation
0.35,independent_oracle,3c5f6b3c9bd535cff7657364dadb2efc31f2ea48,101.0,1,1.003125,348.394028,21.6488,0.0,2,true,true,fine_grid,false,governance.selection=pressure_max_under_constraints;seed=continuation
0.35,independent_oracle,3c5f6b3c9bd535cff7657364dadb2efc31f2ea48,101.0,1,1.009375,348.403858,21.648824,0.0,2,true,true,fine_grid,false,governance.selection=pressure_max_under_constraints;seed=continuation
0.35,independent_oracle,3c5f6b3c9bd535cff7657364dadb2efc31f2ea48,101.0,1,1.015625,348.412696,21.648846,0.0,2,true,true,fine_grid,false,governance.selection=pressure_max_under_constraints;seed=continuation
0.35,independent_oracle,3c5f6b3c9bd535cff7657364dadb2efc31f2ea48,101.0,1,1.021875,348.420559,21.648866,0.0,2,true,true,fine_grid,false,governance.selection=pressure_max_under_constraints;seed=continuation
0.35,independent_oracle,3c5f6b3c9bd535cff7657364dadb2efc31f2ea48,101.0,1,1.028125,348.427466,21.648883,0.0,2,true,true,fine_grid,false,governance.selection=pressure_max_under_constraints;seed=continuation
0.35,independent_oracle,3c5f6b3c9bd535cff7657364dadb2efc31f2ea48,101.0,1,1.034375,348.433434,21.648898,0.0,2,true,true,fine_grid,false,governance.selection=pressure_max_under_constraints;seed=continuation
0.35,independent_oracle,3c5f6b3c9bd535cff7657364dadb2efc31f2ea48,101.0,1,1.040625,348.438481,21.648911,0.0,2,true,true,fine_grid,false,governance.selection=pressure_max_under_constraints;seed=continuation
0.35,independent_oracle,3c5f6b3c9bd535cff7657364dadb2efc31f2ea48,101.0,1,1.046875,348.442624,21.648921,0.0,2,true,true,fine_grid,false,governance.selection=pressure_max_under_constraints;seed=continuation
0.35,independent_oracle,3c5f6b3c9bd535cff7657364dadb2efc31f2ea48,101.0,1,1.053125,348.44588,21.648929,0.0,2,true,true,fine_grid,false,governance.selection=pressure_max_under_constraints;seed=continuation
0.35,independent_oracle,3c5f6b3c9bd535cff7657364dadb2efc31f2ea48,101.0,1,1.059375,348.448265,21.648936,0.0,2,true,true,fine_grid,false,governance.selection=pressure_max_under_constraints;seed=continuation
0.35,independent_oracle,3c5f6b3c9bd535cff7657364dadb2efc31f2ea48,101.0,1,1.065625,348.449797,21.64894,0.0,2,true,true,fine_grid,false,governance.selection=pressure_max_under_constraints;seed=continuation
0.35,independent_oracle,3c5f6b3c9bd535cff7657364dadb2efc31f2ea48,101.0,1,1.071875,348.450491,21.648941,0.0,2,true,true,fine_grid,false,governance.selection=pressure_max_under_constraints;seed=continuation
0.35,independent_oracle,3c5f6b3c9bd535cff7657364dadb2efc31f2ea48,101.0,1,1.078125,348.450364,21.648941,0.0,2,true,true,fine_grid,false,governance.selection=pressure_max_under_constraints;seed=continuation
0.35,independent_oracle,3c5f6b3c9bd535cff7657364dadb2efc31f2ea48,101.0,1,1.084375,348.449431,21.648939,0.0,2,true,true,fine_grid,false,governance.selection=pressure_max_under_constraints;seed=continuation
0.35,independent_oracle,3c5f6b3c9bd535cff7657364dadb2efc31f2ea48,101.0,1,1.090625,348.447709,21.648934,0.0,2,true,true,fine_grid,false,governance.selection=pressure_max_under_constraints;seed=continuation
0.35,independent_oracle,3c5f6b3c9bd535cff7657364dadb2efc31f2ea48,101.0,1,1.096875,348.445212,21.648927,0.0,2,true,true,fine_grid,false,governance.selection=pressure_max_under_constraints;seed=continuation
0.35,independent_oracle,3c5f6b3c9bd535cff7657364dadb2efc31f2ea48,101.0,1,1.103125,348.441956,21.648919,0.0,2,true,true,fine_grid,false,governance.selection=pressure_max_under_constraints;seed=continuation
0.35,independent_oracle,3c5f6b3c9bd535cff7657364dadb2efc31f2ea48,101.0,1,1.109375,348.437957,21.648908,0.0,2,true,true,fine_grid,false,governance.selection=pressure_max_under_constraints;seed=continuation
0.35,independent_oracle,3c5f6b3c9bd535cff7657364dadb2efc31f2ea48,101.0,1,1.115625,348.433229,21.648895,0.0,2,true,true,fine_grid,false,governance.selection=pressure_max_under_constraints;seed=continuation
0.35,independent_oracle,3c5f6b3c9bd535cff7657364dadb2efc31f2ea48,101.0,1,1.121875,348.427786,21.64888,0.0,2,true,true,fine_grid,false,governance.selection=pressure_max_under_constraints;seed=continuation
0.35,independent_oracle,3c5f6b3c9bd535cff7657364dadb2efc31f2ea48,101.0,1,1.128125,348.421644,21.648863,0.0,2,true,true,fine_grid,false,governance.selection=pressure_max_under_constraints;seed=continuation
0.35,independent_oracle,3c5f6b3c9bd535cff7657364dadb2efc31f2ea48,101.0,1,1.134375,348.414818,21.648845,0.0,2,true,true,fine_grid,false,governance.selection=pressure_max_under_constraints;seed=continuation
0.35,independent_oracle,3c5f6b3c9bd535cff7657364dadb2efc31f2ea48,101.0,1,1.140625,348.40732,21.648824,0.0,2,true,true,fine_grid,false,governance.selection=pressure_max_under_constraints;seed=continuation
0.35,independent_oracle,3c5f6b3c9bd535cff7657364dadb2efc31f2ea48,101.0,1,1.146875,348.399166,21.648801,0.0,2,true,true,fine_grid,false,governance.selection=pressure_max_under_constraints;seed=continuation
0.35,independent_oracle,3c5f6b3c9bd535cff7657364dadb2efc31f2ea48,101.0,1,1.153125,348.39037,21.648777,0.0,2,true,true,fine_grid,false,governance.selection=pressure_max_under_constraints;seed=continuation
0.35,independent_oracle,3c5f6b3c9bd535cff7657364dadb2efc31f2ea48,101.0,1,1.159375,348.380944,21.64875,0.0,2,true,true,fine_grid,false,governance.selection=pressure_max_under_constraints;seed=continuation
0.35,independent_oracle,3c5f6b3c9bd535cff7657364dadb2efc31f2ea48,101.0,1,1.165625,348.370904,21.648722,0.0,2,true,true,fine_grid,false,governance.selection=pressure_max_under_constraints;seed=continuation
0.35,independent_oracle,3c5f6b3c9bd535cff7657364dadb2efc31f2ea48,101.0,1,1.171875,348.360263,21.648691,0.0,2,true,true,fine_grid,false,governance.selection=pressure_max_under_constraints;seed=continuation
0.35,independent_oracle,3c5f6b3c9bd535cff7657364dadb2efc31f2ea48,101.0,1,1.178125,348.349034,21.648659,0.0,2,true,true,fine_grid,false,governance.selection=pressure_max_under_constraints;seed=continuation
0.35,independent_oracle,3c5f6b3c9bd535cff7657364dadb2efc31f2ea48,101.0,1,1.184375,348.33723,21.648625,0.0,2,true,true,fine_grid,false,governance.selection=pressure_max_under_constraints;seed=continuation
0.35,independent_oracle,3c5f6b3c9bd535cff7657364dadb2efc31f2ea48,101.0,1,1.190625,348.324865,21.64859,0.0,2,true,true,fine_grid,false,governance.selection=pressure_max_under_constraints;seed=continuation
0.35,independent_oracle,3c5f6b3c9bd535cff7657364dadb2efc31f2ea48,101.0,1,1.196875,348.311951,21.648552,0.0,2,true,true,fine_grid,false,governance.selection=pressure_max_under_constraints;seed=continuation
0.35,independent_oracle,3c5f6b3c9bd535cff7657364dadb2efc31f2ea48,101.0,1,1.203125,348.298502,21.648513,0.0,2,true,true,fine_grid,false,governance.selection=pressure_max_under_constraints;seed=continuation
0.35,independent_oracle,3c5f6b3c9bd535cff7657364dadb2efc31f2ea48,101.0,1,1.209375,348.284531,21.648472,0.0,2,true,true,fine_grid,false,governance.selection=pressure_max_under_constraints;seed=continuation
0.35,independent_oracle,3c5f6b3c9bd535cff7657364dadb2efc31f2ea48,101.0,1,1.215625,348.27005,21.648429,0.0,2,true,true,fine_grid,false,governance.selection=pressure_max_under_constraints;seed=continuation
0.35,independent_oracle,3c5f6b3c9bd535cff7657364dadb2efc31f2ea48,101.0,1,1.221875,348.255072,21.648385,0.0,2,true,true,fine_grid,false,governance.selection=pressure_max_under_constraints;seed=continuation
0.35,independent_oracle,3c5f6b3c9bd535cff7657364dadb2efc31f2ea48,101.0,1,1.228125,348.23961,21.648339,0.0,2,true,true,fine_grid,false,governance.selection=pressure_max_under_constraints;seed=continuation
0.35,independent_oracle,3c5f6b3c9bd535cff7657364dadb2efc31f2ea48,101.0,1,1.234375,348.223675,21.648291,0.0,2,true,true,fine_grid,false,governance.selection=pressure_max_under_constraints;seed=continuation
0.35,independent_oracle,3c5f6b3c9bd535cff7657364dadb2efc31f2ea48,101.0,1,1.240625,348.207281,21.648242,0.0,2,true,true,fine_grid,false,governance.selection=pressure_max_under_constraints;seed=continuation
0.35,independent_oracle,3c5f6b3c9bd535cff7657364dadb2efc31f2ea48,101.0,1,1.246875,348.190439,21.648191,0.0,2,true,true,fine_grid,false,governance.selection=pressure_max_under_constraints;seed=continuation
0.35,independent_oracle,3c5f6b3c9bd535cff7657364dadb2efc31f2ea48,101.0,1,1.253125,348.173162,21.648138,0.0,2,true,true,fine_grid,false,governance.selection=pressure_max_under_constraints;seed=continuation
0.35,independent_oracle,3c5f6b3c9bd535cff7657364dadb2efc31f2ea48,101.0,1,1.259375,348.155462,21.648084,0.0,2,true,true,fine_grid,false,governance.selection=pressure_max_under_constraints;seed=continuation
0.35,independent_oracle,3c5f6b3c9bd535cff7657364dadb2efc31f2ea48,101.0,1,1.265625,348.13735,21.648029,0.0,2,true,true,fine_grid,false,governance.selection=pressure_max_under_constraints;seed=continuation
0.35,independent_oracle,3c5f6b3c9bd535cff7657364dadb2efc31f2ea48,101.0,1,1.271875,348.11884,21.647971,0.0,2,true,true,fine_grid,false,governance.selection=pressure_max_under_constraints;seed=continuation
0.35,independent_oracle,3c5f6b3c9bd535cff7657364dadb2efc31f2ea48,101.0,1,1.278125,348.099941,21.647913,0.0,2,true,true,fine_grid,false,governance.selection=pressure_max_under_constraints;seed=continuation
0.35,independent_oracle,3c5f6b3c9bd535cff7657364dadb2efc31f2ea48,101.0,1,1.284375,348.080668,21.647853,0.0,2,true,true,fine_grid,false,governance.selection=pressure_max_under_constraints;seed=continuation
0.35,independent_oracle,3c5f6b3c9bd535cff7657364dadb2efc31f2ea48,101.0,1,1.290625,348.06103,21.647791,0.0,2,true,true,fine_grid,false,governance.selection=pressure_max_under_constraints;seed=continuation
0.35,independent_oracle,3c5f6b3c9bd535cff7657364dadb2efc31f2ea48,101.0,1,1.296875,348.04104,21.647728,0.0,2,true,true,fine_grid,false,governance.selection=pressure_max_under_constraints;seed=continuation
0.35,independent_oracle,3c5f6b3c9bd535cff7657364dadb2efc31f2ea48,101.0,1,1.303125,348.020709,21.647664,0.0,2,true,true,fine_grid,false,governance.selection=pressure_max_under_constraints;seed=continuation
0.35,independent_oracle,3c5f6b3c9bd535cff7657364dadb2efc31f2ea48,101.0,1,1.309375,348.00005,21.647598,0.0,2,true,true,fine_grid,false,governance.selection=pressure_max_under_constraints;seed=continuation
0.35,independent_oracle,3c5f6b3c9bd535cff7657364dadb2efc31f2ea48,101.0,1,1.315625,347.979072,21.647531,0.0,2,true,true,fine_grid,false,governance.selection=pressure_max_under_constraints;seed=continuation
0.35,independent_oracle,3c5f6b3c9bd535cff7657364dadb2efc31f2ea48,101.0,1,1.321875,347.957788,21.647463,0.0,2,true,true,fine_grid,false,governance.selection=pressure_max_under_constraints;seed=continuation
0.35,independent_oracle,3c5f6b3c9bd535cff7657364dadb2efc31f2ea48,101.0,1,1.328125,347.936209,21.647394,0.0,2,true,true,fine_grid,false,governance.selection=pressure_max_under_constraints;seed=continuation
0.35,independent_oracle,3c5f6b3c9bd535cff7657364dadb2efc31f2ea48,101.0,1,1.334375,347.914347,21.647323,0.0,2,true,true,fine_grid,false,governance.selection=pressure_max_under_constraints;seed=continuation
0.35,independent_oracle,3c5f6b3c9bd535cff7657364dadb2efc31f2ea48,101.0,1,1.340625,347.892211,21.647251,0.0,2,true,true,fine_grid,false,governance.selection=pressure_max_under_constraints;seed=continuation
0.35,independent_oracle,3c5f6b3c9bd535cff7657364dadb2efc31f2ea48,101.0,1,1.346875,347.869815,21.647178,0.0,2,true,true,fine_grid,false,governance.selection=pressure_max_under_constraints;seed=continuation
0.35,independent_oracle,3c5f6b3c9bd535cff7657364dadb2efc31f2ea48,101.0,1,1.353125,347.847169,21.647103,0.0,2,true,true,fine_grid,false,governance.selection=pressure_max_under_constraints;seed=continuation
0.35,independent_oracle,3c5f6b3c9bd535cff7657364dadb2efc31f2ea48,101.0,1,1.359375,347.824283,21.647028,0.0,2,true,true,fine_grid,false,governance.selection=pressure_max_under_constraints;seed=continuation
0.35,independent_oracle,3c5f6b3c9bd535cff7657364dadb2efc31f2ea48,101.0,1,1.365625,347.80117,21.646951,0.0,2,true,true,fine_grid,false,governance.selection=pressure_max_under_constraints;seed=continuation
0.35,independent_oracle,3c5f6b3c9bd535cff7657364dadb2efc31f2ea48,101.0,1,1.371875,347.77784,21.646873,0.0,2,true,true,fine_grid,false,governance.selection=pressure_max_under_constraints;seed=continuation
0.35,independent_oracle,3c5f6b3c9bd535cff7657364dadb2efc31f2ea48,101.0,1,1.378125,347.754304,21.646795,0.0,2,true,true,fine_grid,false,governance.selection=pressure_max_under_constraints;seed=continuation
0.35,independent_oracle,3c5f6b3c9bd535cff7657364dadb2efc31f2ea48,101.0,1,1.384375,347.730574,21.646715,0.0,2,true,true,fine_grid,false,governance.selection=pressure_max_under_constraints;seed=continuation
0.35,independent_oracle,3c5f6b3c9bd535cff7657364dadb2efc31f2ea48,101.0,1,1.390625,347.706659,21.646634,0.0,2,true,true,fine_grid,false,governance.selection=pressure_max_under_constraints;seed=continuation
0.35,independent_oracle,3c5f6b3c9bd535cff7657364dadb2efc31f2ea48,101.0,1,1.396875,347.682571,21.646553,0.0,2,true,true,fine_grid,false,governance.selection=pressure_max_under_constraints;seed=continuation
0.35,independent_oracle,3c5f6b3c9bd535cff7657364dadb2efc31f2ea48,101.0,1,1.403125,347.658322,21.64647,0.0,2,true,true,fine_grid,false,governance.selection=pressure_max_under_constraints;seed=continuation
0.35,independent_oracle,3c5f6b3c9bd535cff7657364dadb2efc31f2ea48,101.0,1,1.409375,347.633921,21.646387,0.0,2,true,true,fine_grid,false,governance.selection=pressure_max_under_constraints;seed=continuation
0.35,independent_oracle,3c5f6b3c9bd535cff7657364dadb2efc31f2ea48,101.0,1,1.415625,347.60938,21.646302,0.0,2,true,true,fine_grid,false,governance.selection=pressure_max_under_constraints;seed=continuation
0.35,independent_oracle,3c5f6b3c9bd535cff7657364dadb2efc31f2ea48,101.0,1,1.421875,347.584709,21.646217,0.0,2,true,true,fine_grid,false,governance.selection=pressure_max_under_constraints;seed=continuation
0.35,independent_oracle,3c5f6b3c9bd535cff7657364dadb2efc31f2ea48,101.0,1,1.428125,347.55992,21.646131,0.0,2,true,true,fine_grid,false,governance.selection=pressure_max_under_constraints;seed=continuation
0.35,independent_oracle,3c5f6b3c9bd535cff7657364dadb2efc31f2ea48,101.0,1,1.434375,347.535022,21.646044,0.0,2,true,true,fine_grid,false,governance.selection=pressure_max_under_constraints;seed=continuation
0.35,independent_oracle,3c5f6b3c9bd535cff7657364dadb2efc31f2ea48,101.0,1,1.440625,347.510028,21.645957,0.0,2,true,true,fine_grid,false,governance.selection=pressure_max_under_constraints;seed=continuation
0.35,independent_oracle,3c5f6b3c9bd535cff7657364dadb2efc31f2ea48,101.0,1,1.446875,347.484948,21.645869,0.0,2,true,true,fine_grid,false,governance.selection=pressure_max_under_constraints;seed=continuation
0.35,independent_oracle,3c5f6b3c9bd535cff7657364dadb2efc31f2ea48,101.0,1,1.453125,347.459792,21.64578,0.0,2,true,true,fine_grid,false,governance.selection=pressure_max_under_constraints;seed=continuation
0.35,independent_oracle,3c5f6b3c9bd535cff7657364dadb2efc31f2ea48,101.0,1,1.459375,347.434571,21.645691,0.0,2,true,true,fine_grid,false,governance.selection=pressure_max_under_constraints;seed=continuation
0.35,independent_oracle,3c5f6b3c9bd535cff7657364dadb2efc31f2ea48,101.0,1,1.465625,347.409296,21.645601,0.0,2,true,true,fine_grid,false,governance.selection=pressure_max_under_constraints;seed=continuation
0.35,independent_oracle,3c5f6b3c9bd535cff7657364dadb2efc31f2ea48,101.0,1,1.471875,347.383979,21.645511,0.0,2,true,true,fine_grid,false,governance.selection=pressure_max_under_constraints;seed=continuation
0.35,independent_oracle,3c5f6b3c9bd535cff7657364dadb2efc31f2ea48,101.0,1,1.478125,347.358628,21.64542,0.0,2,true,true,fine_grid,false,governance.selection=pressure_max_under_constraints;seed=continuation
0.35,independent_oracle,3c5f6b3c9bd535cff7657364dadb2efc31f2ea48,101.0,1,1.484375,347.333257,21.645328,0.0,2,true,true,fine_grid,false,governance.selection=pressure_max_under_constraints;seed=continuation
0.35,independent_oracle,3c5f6b3c9bd535cff7657364dadb2efc31f2ea48,101.0,1,1.490625,347.307874,21.645236,0.0,2,true,true,fine_grid,false,governance.selection=pressure_max_under_constraints;seed=continuation
0.35,independent_oracle,3c5f6b3c9bd535cff7657364dadb2efc31f2ea48,101.0,1,1.496875,347.282492,21.645144,0.0,2,true,true,fine_grid,false,governance.selection=pressure_max_under_constraints;seed=continuation
0.35,independent_oracle,3c5f6b3c9bd535cff7657364dadb2efc31f2ea48,101.0,1,1.503125,347.25712,21.645052,0.0,2,true,true,fine_grid,false,governance.selection=pressure_max_under_constraints;seed=continuation
0.35,independent_oracle,3c5f6b3c9bd535cff7657364dadb2efc31f2ea48,101.0,1,1.509375,347.23177,21.644959,0.0,2,true,true,fine_grid,false,governance.selection=pressure_max_under_constraints;seed=continuation
0.35,independent_oracle,3c5f6b3c9bd535cff7657364dadb2efc31f2ea48,101.0,1,1.515625,347.206452,21.644865,0.0,2,true,true,fine_grid,false,governance.selection=pressure_max_under_constraints;seed=continuation
0.35,independent_oracle,3c5f6b3c9bd535cff7657364dadb2efc31f2ea48,101.0,1,1.521875,347.181177,21.644772,0.0,2,true,true,fine_grid,false,governance.selection=pressure_max_under_constraints;seed=continuation
0.35,independent_oracle,3c5f6b3c9bd535cff7657364dadb2efc31f2ea48,101.0,1,1.528125,347.155957,21.644679,0.0,2,true,true,fine_grid,false,governance.selection=pressure_max_under_constraints;seed=continuation
0.35,independent_oracle,3c5f6b3c9bd535cff7657364dadb2efc31f2ea48,101.0,1,1.534375,347.130802,21.644585,0.0,2,true,true,fine_grid,false,governance.selection=pressure_max_under_constraints;seed=continuation
0.35,independent_oracle,3c5f6b3c9bd535cff7657364dadb2efc31f2ea48,101.0,1,1.540625,347.105722,21.644491,0.0,2,true,true,fine_grid,false,governance.selection=pressure_max_under_constraints;seed=continuation
0.35,independent_oracle,3c5f6b3c9bd535cff7657364dadb2efc31f2ea48,101.0,1,1.546875,347.08073,21.644397,0.0,2,true,true,fine_grid,false,governance.selection=pressure_max_under_constraints;seed=continuation
0.35,independent_oracle,3c5f6b3c9bd535cff7657364dadb2efc31f2ea48,101.0,1,1.553125,347.055835,21.644303,0.0,2,true,true,fine_grid,false,governance.selection=pressure_max_under_constraints;seed=continuation
0.35,independent_oracle,3c5f6b3c9bd535cff7657364dadb2efc31f2ea48,101.0,1,1.559375,347.031048,21.64421,0.0,2,true,true,fine_grid,false,governance.selection=pressure_max_under_constraints;seed=continuation
0.35,independent_oracle,3c5f6b3c9bd535cff7657364dadb2efc31f2ea48,101.0,1,1.565625,347.006382,21.644116,0.0,2,true,true,fine_grid,false,governance.selection=pressure_max_under_constraints;seed=continuation
0.35,independent_oracle,3c5f6b3c9bd535cff7657364dadb2efc31f2ea48,101.0,1,1.571875,346.981846,21.644022,0.0,2,true,true,fine_grid,false,governance.selection=pressure_max_under_constraints;seed=continuation
0.35,independent_oracle,3c5f6b3c9bd535cff7657364dadb2efc31f2ea48,101.0,1,1.578125,346.957452,21.643929,0.0,2,true,true,fine_grid,false,governance.selection=pressure_max_under_constraints;seed=continuation
0.35,independent_oracle,3c5f6b3c9bd535cff7657364dadb2efc31f2ea48,101.0,1,1.584375,346.933211,21.643835,0.0,2,true,true,fine_grid,false,governance.selection=pressure_max_under_constraints;seed=continuation
0.35,independent_oracle,3c5f6b3c9bd535cff7657364dadb2efc31f2ea48,101.0,1,1.590625,346.909134,21.643742,0.0,2,true,true,fine_grid,false,governance.selection=pressure_max_under_constraints;seed=continuation
0.35,independent_oracle,3c5f6b3c9bd535cff7657364dadb2efc31f2ea48,101.0,1,1.596875,346.885232,21.64365,0.0,2,true,true,fine_grid,false,governance.selection=pressure_max_under_constraints;seed=continuation
0.35,independent_oracle,3c5f6b3c9bd535cff7657364dadb2efc31f2ea48,101.0,1,1.603125,346.861516,21.643557,0.0,2,true,true,fine_grid,false,governance.selection=pressure_max_under_constraints;seed=continuation
0.35,independent_oracle,3c5f6b3c9bd535cff7657364dadb2efc31f2ea48,101.0,1,1.609375,346.837998,21.643466,0.0,2,true,true,fine_grid,false,governance.selection=pressure_max_under_constraints;seed=continuation
0.35,independent_oracle,3c5f6b3c9bd535cff7657364dadb2efc31f2ea48,101.0,1,1.615625,346.814689,21.643374,0.0,2,true,true,fine_grid,false,governance.selection=pressure_max_under_constraints;seed=continuation
0.35,independent_oracle,3c5f6b3c9bd535cff7657364dadb2efc31f2ea48,101.0,1,1.621875,346.7916,21.643283,0.0,2,true,true,fine_grid,false,governance.selection=pressure_max_under_constraints;seed=continuation
0.35,independent_oracle,3c5f6b3c9bd535cff7657364dadb2efc31f2ea48,101.0,1,1.628125,346.768743,21.643193,0.0,2,true,true,fine_grid,false,governance.selection=pressure_max_under_constraints;seed=continuation
0.35,independent_oracle,3c5f6b3c9bd535cff7657364dadb2efc31f2ea48,101.0,1,1.634375,346.746129,21.643103,0.0,2,true,true,fine_grid,false,governance.selection=pressure_max_under_constraints;seed=continuation
0.35,independent_oracle,3c5f6b3c9bd535cff7657364dadb2efc31f2ea48,101.0,1,1.640625,346.723769,21.643014,0.0,2,true,true,fine_grid,false,governance.selection=pressure_max_under_constraints;seed=continuation
0.35,independent_oracle,3c5f6b3c9bd535cff7657364dadb2efc31f2ea48,101.0,1,1.646875,346.701675,21.642926,0.0,2,true,true,fine_grid,false,governance.selection=pressure_max_under_constraints;seed=continuation
0.35,independent_oracle,3c5f6b3c9bd535cff7657364dadb2efc31f2ea48,101.0,1,1.653125,346.679858,21.642838,0.0,2,true,true,fine_grid,false,governance.selection=pressure_max_under_constraints;seed=continuation
0.35,independent_oracle,3c5f6b3c9bd535cff7657364dadb2efc31f2ea48,101.0,1,1.659375,346.658331,21.642751,0.0,2,true,true,fine_grid,false,governance.selection=pressure_max_under_constraints;seed=continuation
0.35,independent_oracle,3c5f6b3c9bd535cff7657364dadb2efc31f2ea48,101.0,1,1.665625,346.637104,21.642666,0.0,2,true,true,fine_grid,false,governance.selection=pressure_max_under_constraints;seed=continuation
0.35,independent_oracle,3c5f6b3c9bd535cff7657364dadb2efc31f2ea48,101.0,1,1.671875,346.61619,21.642581,0.0,2,true,true,fine_grid,false,governance.selection=pressure_max_under_constraints;seed=continuation
0.35,independent_oracle,3c5f6b3c9bd535cff7657364dadb2efc31f2ea48,101.0,1,1.678125,346.5956,21.642497,0.0,2,true,true,fine_grid,false,governance.selection=pressure_max_under_constraints;seed=continuation
0.35,independent_oracle,3c5f6b3c9bd535cff7657364dadb2efc31f2ea48,101.0,1,1.684375,346.575347,21.642414,0.0,2,true,true,fine_grid,false,governance.selection=pressure_max_under_constraints;seed=continuation
0.35,independent_oracle,3c5f6b3c9bd535cff7657364dadb2efc31f2ea48,101.0,1,1.690625,346.555441,21.642332,0.0,2,true,true,fine_grid,false,governance.selection=pressure_max_under_constraints;seed=continuation
0.35,independent_oracle,3c5f6b3c9bd535cff7657364dadb2efc31f2ea48,101.0,1,1.696875,346.535896,21.642252,0.0,2,true,true,fine_grid,false,governance.selection=pressure_max_under_constraints;seed=continuation
0.35,independent_oracle,3c5f6b3c9bd535cff7657364dadb2efc31f2ea48,101.0,1,1.703125,346.516722,21.642172,0.0,2,true,true,fine_grid,false,governance.selection=pressure_max_under_constraints;seed=continuation
0.35,independent_oracle,3c5f6b3c9bd535cff7657364dadb2efc31f2ea48,101.0,1,1.709375,346.497933,21.642094,0.0,2,true,true,fine_grid,false,governance.selection=pressure_max_under_constraints;seed=continuation
0.35,independent_oracle,3c5f6b3c9bd535cff7657364dadb2efc31f2ea48,101.0,1,1.715625,346.479539,21.642018,0.0,2,true,true,fine_grid,false,governance.selection=pressure_max_under_constraints;seed=continuation
0.35,independent_oracle,3c5f6b3c9bd535cff7657364dadb2efc31f2ea48,101.0,1,1.721875,346.461555,21.641943,0.0,2,true,true,fine_grid,false,governance.selection=pressure_max_under_constraints;seed=continuation
0.35,independent_oracle,3c5f6b3c9bd535cff7657364dadb2efc31f2ea48,101.0,1,1.728125,346.443991,21.641869,0.0,2,true,true,fine_grid,false,governance.selection=pressure_max_under_constraints;seed=continuation
0.35,independent_oracle,3c5f6b3c9bd535cff7657364dadb2efc31f2ea48,101.0,1,1.734375,346.42686,21.641797,0.0,2,true,true,fine_grid,false,governance.selection=pressure_max_under_constraints;seed=continuation
0.35,independent_oracle,3c5f6b3c9bd535cff7657364dadb2efc31f2ea48,101.0,1,1.740625,346.410175,21.641726,0.0,2,true,true,fine_grid,false,governance.selection=pressure_max_under_constraints;seed=continuation
0.35,independent_oracle,3c5f6b3c9bd535cff7657364dadb2efc31f2ea48,101.0,1,1.746875,346.393948,21.641657,0.0,2,true,true,fine_grid,false,governance.selection=pressure_max_under_constraints;seed=continuation
0.35,independent_oracle,3c5f6b3c9bd535cff7657364dadb2efc31f2ea48,101.0,1,1.753125,346.378191,21.64159,0.0,2,true,true,fine_grid,false,governance.selection=pressure_max_under_constraints;seed=continuation
0.35,independent_oracle,3c5f6b3c9bd535cff7657364dadb2efc31f2ea48,101.0,1,1.759375,346.362918,21.641525,0.0,2,true,true,fine_grid,false,governance.selection=pressure_max_under_constraints;seed=continuation
0.35,independent_oracle,3c5f6b3c9bd535cff7657364dadb2efc31f2ea48,101.0,1,1.765625,346.34814,21.641462,0.0,2,true,true,fine_grid,false,governance.selection=pressure_max_under_constraints;seed=continuation
0.35,independent_oracle,3c5f6b3c9bd535cff7657364dadb2efc31f2ea48,101.0,1,1.771875,346.333872,21.6414,0.0,2,true,true,fine_grid,false,governance.selection=pressure_max_under_constraints;seed=continuation
0.35,independent_oracle,3c5f6b3c9bd535cff7657364dadb2efc31f2ea48,101.0,1,1.778125,346.320125,21.641341,0.0,2,true,true,fine_grid,false,governance.selection=pressure_max_under_constraints;seed=continuation
0.35,independent_oracle,3c5f6b3c9bd535cff7657364dadb2efc31f2ea48,101.0,1,1.784375,346.306912,21.641284,0.0,2,true,true,fine_grid,false,governance.selection=pressure_max_under_constraints;seed=continuation
0.35,independent_oracle,3c5f6b3c9bd535cff7657364dadb2efc31f2ea48,101.0,1,1.790625,346.294247,21.641229,0.0,2,true,true,fine_grid,false,governance.selection=pressure_max_under_constraints;seed=continuation
0.35,independent_oracle,3c5f6b3c9bd535cff7657364dadb2efc31f2ea48,101.0,1,1.796875,346.282143,21.641176,0.0,2,true,true,fine_grid,false,governance.selection=pressure_max_under_constraints;seed=continuation
0.35,independent_oracle,3c5f6b3c9bd535cff7657364dadb2efc31f2ea48,101.0,1,1.803125,346.270613,21.641125,0.0,2,true,true,fine_grid,false,governance.selection=pressure_max_under_constraints;seed=continuation
0.35,independent_oracle,3c5f6b3c9bd535cff7657364dadb2efc31f2ea48,101.0,1,1.809375,346.259669,21.641077,0.0,2,true,true,fine_grid,false,governance.selection=pressure_max_under_constraints;seed=continuation
0.35,independent_oracle,3c5f6b3c9bd535cff7657364dadb2efc31f2ea48,101.0,1,1.815625,346.249326,21.641032,0.0,2,true,true,fine_grid,false,governance.selection=pressure_max_under_constraints;seed=continuation
0.35,independent_oracle,3c5f6b3c9bd535cff7657364dadb2efc31f2ea48,101.0,1,1.821875,346.239597,21.640989,0.0,2,true,true,fine_grid,false,governance.selection=pressure_max_under_constraints;seed=continuation
0.35,independent_oracle,3c5f6b3c9bd535cff7657364dadb2efc31f2ea48,101.0,1,1.828125,346.230496,21.640948,0.0,2,true,true,fine_grid,false,governance.selection=pressure_max_under_constraints;seed=continuation
0.35,independent_oracle,3c5f6b3c9bd535cff7657364dadb2efc31f2ea48,101.0,1,1.834375,346.222035,21.640911,0.0,2,true,true,fine_grid,false,governance.selection=pressure_max_under_constraints;seed=continuation
0.35,independent_oracle,3c5f6b3c9bd535cff7657364dadb2efc31f2ea48,101.0,1,1.840625,346.214229,21.640876,0.0,2,true,true,fine_grid,false,governance.selection=pressure_max_under_constraints;seed=continuation
0.35,independent_oracle,3c5f6b3c9bd535cff7657364dadb2efc31f2ea48,101.0,1,1.846875,346.207091,21.640844,0.0,2,true,true,fine_grid,false,governance.selection=pressure_max_under_constraints;seed=continuation
0.35,independent_oracle,3c5f6b3c9bd535cff7657364dadb2efc31f2ea48,101.0,1,1.853125,346.200635,21.640815,0.0,2,true,true,fine_grid,false,governance.selection=pressure_max_under_constraints;seed=continuation
0.35,independent_oracle,3c5f6b3c9bd535cff7657364dadb2efc31f2ea48,101.0,1,1.859375,346.194875,21.640789,0.0,2,true,true,fine_grid,false,governance.selection=pressure_max_under_constraints;seed=continuation
0.35,independent_oracle,3c5f6b3c9bd535cff7657364dadb2efc31f2ea48,101.0,1,1.865625,346.189825,21.640766,0.0,2,true,true,fine_grid,false,governance.selection=pressure_max_under_constraints;seed=continuation
0.35,independent_oracle,3c5f6b3c9bd535cff7657364dadb2efc31f2ea48,101.0,1,1.871875,346.185499,21.640746,0.0,2,true,true,fine_grid,false,governance.selection=pressure_max_under_constraints;seed=continuation
0.35,independent_oracle,3c5f6b3c9bd535cff7657364dadb2efc31f2ea48,101.0,1,1.878125,346.181911,21.64073,0.0,2,true,true,fine_grid,false,governance.selection=pressure_max_under_constraints;seed=continuation
0.35,independent_oracle,3c5f6b3c9bd535cff7657364dadb2efc31f2ea48,101.0,1,1.884375,346.179076,21.640717,0.0,2,true,true,fine_grid,false,governance.selection=pressure_max_under_constraints;seed=continuation
0.35,independent_oracle,3c5f6b3c9bd535cff7657364dadb2efc31f2ea48,101.0,1,1.890625,346.177007,21.640707,0.0,2,true,true,fine_grid,false,governance.selection=pressure_max_under_constraints;seed=continuation
0.35,independent_oracle,3c5f6b3c9bd535cff7657364dadb2efc31f2ea48,101.0,1,1.896875,346.175719,21.640701,0.0,2,true,true,fine_grid,false,governance.selection=pressure_max_under_constraints;seed=continuation
0.35,independent_oracle,3c5f6b3c9bd535cff7657364dadb2efc31f2ea48,101.0,1,1.903125,346.175226,21.640699,0.0,2,true,true,fine_grid,false,governance.selection=pressure_max_under_constraints;seed=continuation
0.35,independent_oracle,3c5f6b3c9bd535cff7657364dadb2efc31f2ea48,101.0,1,1.909375,346.175543,21.640701,0.0,2,true,true,fine_grid,false,governance.selection=pressure_max_under_constraints;seed=continuation
0.35,independent_oracle,3c5f6b3c9bd535cff7657364dadb2efc31f2ea48,101.0,1,1.915625,346.176684,21.640706,0.0,2,true,true,fine_grid,false,governance.selection=pressure_max_under_constraints;seed=continuation
0.35,independent_oracle,3c5f6b3c9bd535cff7657364dadb2efc31f2ea48,101.0,1,1.921875,346.178665,21.640715,0.0,2,true,true,fine_grid,false,governance.selection=pressure_max_under_constraints;seed=continuation
0.35,independent_oracle,3c5f6b3c9bd535cff7657364dadb2efc31f2ea48,101.0,1,1.928125,346.181499,21.640728,0.0,2,true,true,fine_grid,false,governance.selection=pressure_max_under_constraints;seed=continuation
0.35,independent_oracle,3c5f6b3c9bd535cff7657364dadb2efc31f2ea48,101.0,1,1.934375,346.185202,21.640746,0.0,2,true,true,fine_grid,false,governance.selection=pressure_max_under_constraints;seed=continuation
0.35,independent_oracle,3c5f6b3c9bd535cff7657364dadb2efc31f2ea48,101.0,1,1.940625,346.189789,21.640767,0.0,2,true,true,fine_grid,false,governance.selection=pressure_max_under_constraints;seed=continuation
0.35,independent_oracle,3c5f6b3c9bd535cff7657364dadb2efc31f2ea48,101.0,1,1.946875,346.195273,21.640793,0.0,2,true,true,fine_grid,false,governance.selection=pressure_max_under_constraints;seed=continuation
0.35,independent_oracle,3c5f6b3c9bd535cff7657364dadb2efc31f2ea48,101.0,1,1.953125,346.201671,21.640824,0.0,2,true,true,fine_grid,false,governance.selection=pressure_max_under_constraints;seed=continuation
0.35,independent_oracle,3c5f6b3c9bd535cff7657364dadb2efc31f2ea48,101.0,1,1.959375,346.208997,21.640859,0.0,2,true,true,fine_grid,false,governance.selection=pressure_max_under_constraints;seed=continuation
0.35,independent_oracle,3c5f6b3c9bd535cff7657364dadb2efc31f2ea48,101.0,1,1.965625,346.217266,21.640898,0.0,2,true,true,fine_grid,false,governance.selection=pressure_max_under_constraints;seed=continuation
0.35,independent_oracle,3c5f6b3c9bd535cff7657364dadb2efc31f2ea48,101.0,1,1.971875,346.226494,21.640942,0.0,2,true,true,fine_grid,false,governance.selection=pressure_max_under_constraints;seed=continuation
0.35,independent_oracle,3c5f6b3c9bd535cff7657364dadb2efc31f2ea48,101.0,1,1.978125,346.236696,21.640991,0.0,2,true,true,fine_grid,false,governance.selection=pressure_max_under_constraints;seed=continuation
0.35,independent_oracle,3c5f6b3c9bd535cff7657364dadb2efc31f2ea48,101.0,1,1.984375,346.247886,21.641045,0.0,2,true,true,fine_grid,false,governance.selection=pressure_max_under_constraints;seed=continuation
0.35,independent_oracle,3c5f6b3c9bd535cff7657364dadb2efc31f2ea48,101.0,1,1.990625,346.26008,21.641104,0.0,2,true,true,fine_grid,false,governance.selection=pressure_max_under_constraints;seed=continuation
0.35,independent_oracle,3c5f6b3c9bd535cff7657364dadb2efc31f2ea48,101.0,1,1.996875,346.273294,21.641168,0.0,2,true,true,fine_grid,false,governance.selection=pressure_max_under_constraints;seed=continuation
0.35,independent_oracle,3c5f6b3c9bd535cff7657364dadb2efc31f2ea48,101.0,1,2.003125,346.287543,21.641238,0.0,2,true,true,fine_grid,false,governance.selection=pressure_max_under_constraints;seed=continuation
0.35,independent_oracle,3c5f6b3c9bd535cff7657364dadb2efc31f2ea48,101.0,1,2.009375,346.302841,21.641312,0.0,2,true,true,fine_grid,false,governance.selection=pressure_max_under_constraints;seed=continuation
0.35,independent_oracle,3c5f6b3c9bd535cff7657364dadb2efc31f2ea48,101.0,1,2.015625,346.319205,21.641392,0.0,2,true,true,fine_grid,false,governance.selection=pressure_max_under_constraints;seed=continuation
0.35,independent_oracle,3c5f6b3c9bd535cff7657364dadb2efc31f2ea48,101.0,1,2.021875,346.33665,21.641478,0.0,2,true,true,fine_grid,false,governance.selection=pressure_max_under_constraints;seed=continuation
0.35,independent_oracle,3c5f6b3c9bd535cff7657364dadb2efc31f2ea48,101.0,1,2.028125,346.355191,21.641569,0.0,2,true,true,fine_grid,false,governance.selection=pressure_max_under_constraints;seed=continuation
0.35,independent_oracle,3c5f6b3c9bd535cff7657364dadb2efc31f2ea48,101.0,1,2.034375,346.374844,21.641666,0.0,2,true,true,fine_grid,false,governance.selection=pressure_max_under_constraints;seed=continuation
0.35,independent_oracle,3c5f6b3c9bd535cff7657364dadb2efc31f2ea48,101.0,1,2.040625,346.395623,21.641769,0.0,2,true,true,fine_grid,false,governance.selection=pressure_max_under_constraints;seed=continuation
0.35,independent_oracle,3c5f6b3c9bd535cff7657364dadb2efc31f2ea48,101.0,1,2.046875,346.417545,21.641878,0.0,2,true,true,fine_grid,false,governance.selection=pressure_max_under_constraints;seed=continuation
0.35,independent_oracle,3c5f6b3c9bd535cff7657364dadb2efc31f2ea48,101.0,1,2.053125,346.440625,21.641993,0.0,2,true,true,fine_grid,false,governance.selection=pressure_max_under_constraints;seed=continuation
0.35,independent_oracle,3c5f6b3c9bd535cff7657364dadb2efc31f2ea48,101.0,1,2.059375,346.464879,21.642115,0.0,2,true,true,fine_grid,false,governance.selection=pressure_max_under_constraints;seed=continuation
0.35,independent_oracle,3c5f6b3c9bd535cff7657364dadb2efc31f2ea48,101.0,1,2.065625,346.490321,21.642242,0.0,2,true,true,fine_grid,false,governance.selection=pressure_max_under_constraints;seed=continuation
0.35,independent_oracle,3c5f6b3c9bd535cff7657364dadb2efc31f2ea48,101.0,1,2.071875,346.516967,21.642377,0.0,2,true,true,fine_grid,false,governance.selection=pressure_max_under_constraints;seed=continuation
0.35,independent_oracle,3c5f6b3c9bd535cff7657364dadb2efc31f2ea48,101.0,1,2.078125,346.544832,21.642517,0.0,2,true,true,fine_grid,false,governance.selection=pressure_max_under_constraints;seed=continuation
0.35,independent_oracle,3c5f6b3c9bd535cff7657364dadb2efc31f2ea48,101.0,1,2.084375,346.573932,21.642664,0.0,2,true,true,fine_grid,false,governance.selection=pressure_max_under_constraints;seed=continuation
0.35,independent_oracle,3c5f6b3c9bd535cff7657364dadb2efc31f2ea48,101.0,1,2.090625,346.604281,21.642819,0.0,2,true,true,fine_grid,false,governance.selection=pressure_max_under_constraints;seed=continuation
0.35,independent_oracle,3c5f6b3c9bd535cff7657364dadb2efc31f2ea48,101.0,1,2.096875,346.635896,21.64298,0.0,2,true,true,fine_grid,false,governance.selection=pressure_max_under_constraints;seed=continuation
0.35,independent_oracle,3c5f6b3c9bd535cff7657364dadb2efc31f2ea48,101.0,1,2.103125,346.66879,21.643148,0.0,2,true,true,fine_grid,false,governance.selection=pressure_max_under_constraints;seed=continuation
0.35,independent_oracle,3c5f6b3c9bd535cff7657364dadb2efc31f2ea48,101.0,1,2.109375,346.702979,21.643323,0.0,2,true,true,fine_grid,false,governance.selection=pressure_max_under_constraints;seed=continuation
0.35,independent_oracle,3c5f6b3c9bd535cff7657364dadb2efc31f2ea48,101.0,1,2.115625,346.738478,21.643505,0.0,2,true,true,fine_grid,false,governance.selection=pressure_max_under_constraints;seed=continuation
0.35,independent_oracle,3c5f6b3c9bd535cff7657364dadb2efc31f2ea48,101.0,1,2.121875,346.775302,21.643695,0.0,2,true,true,fine_grid,false,governance.selection=pressure_max_under_constraints;seed=continuation
0.35,independent_oracle,3c5f6b3c9bd535cff7657364dadb2efc31f2ea48,101.0,1,2.128125,346.813465,21.643892,0.0,2,true,true,fine_grid,false,governance.selection=pressure_max_under_constraints;seed=continuation
0.35,independent_oracle,3c5f6b3c9bd535cff7657364dadb2efc31f2ea48,101.0,1,2.134375,346.852981,21.644097,0.0,2,true,true,fine_grid,false,governance.selection=pressure_max_under_constraints;seed=continuation
0.35,independent_oracle,3c5f6b3c9bd535cff7657364dadb2efc31f2ea48,101.0,1,2.140625,346.893867,21.64431,0.0,2,true,true,fine_grid,false,governance.selection=pressure_max_under_constraints;seed=continuation
0.35,independent_oracle,3c5f6b3c9bd535cff7657364dadb2efc31f2ea48,101.0,1,2.146875,346.936135,21.64453,0.0,2,true,true,fine_grid,false,governance.selection=pressure_max_under_constraints;seed=continuation
0.35,independent_oracle,3c5f6b3c9bd535cff7657364dadb2efc31f2ea48,101.0,1,2.153125,346.979799,21.644759,0.0,2,true,true,fine_grid,false,governance.selection=pressure_max_under_constraints;seed=continuation
0.35,independent_oracle,3c5f6b3c9bd535cff7657364dadb2efc31f2ea48,101.0,1,2.159375,347.024875,21.644995,0.0,2,true,true,fine_grid,false,governance.selection=pressure_max_under_constraints;seed=continuation
0.35,independent_oracle,3c5f6b3c9bd535cff7657364dadb2efc31f2ea48,101.0,1,2.165625,347.071375,21.64524,0.0,2,true,true,fine_grid,false,governance.selection=pressure_max_under_constraints;seed=continuation
0.35,independent_oracle,3c5f6b3c9bd535cff7657364dadb2efc31f2ea48,101.0,1,2.171875,347.119314,21.645492,0.0,2,true,true,fine_grid,false,governance.selection=pressure_max_under_constraints;seed=continuation
0.35,independent_oracle,3c5f6b3c9bd535cff7657364dadb2efc31f2ea48,101.0,1,2.178125,347.168704,21.645754,0.0,2,true,true,fine_grid,false,governance.selection=pressure_max_under_constraints;seed=continuation
0.35,independent_oracle,3c5f6b3c9bd535cff7657364dadb2efc31f2ea48,101.0,1,2.184375,347.21956,21.646024,0.0,2,true,true,fine_grid,false,governance.selection=pressure_max_under_constraints;seed=continuation
0.35,independent_oracle,3c5f6b3c9bd535cff7657364dadb2efc31f2ea48,101.0,1,2.190625,347.271893,21.646302,0.0,2,true,true,fine_grid,false,governance.selection=pressure_max_under_constraints;seed=continuation
0.35,independent_oracle,3c5f6b3c9bd535cff7657364dadb2efc31f2ea48,101.0,1,2.196875,347.325718,21.646589,0.0,2,true,true,fine_grid,false,governance.selection=pressure_max_under_constraints;seed=continuation
0.35,independent_oracle,3c5f6b3c9bd535cff7657364dadb2efc31f2ea48,101.0,1,2.203125,347.381046,21.646885,0.0,2,true,true,fine_grid,false,governance.selection=pressure_max_under_constraints;seed=continuation
0.35,independent_oracle,3c5f6b3c9bd535cff7657364dadb2efc31f2ea48,101.0,1,2.209375,347.43789,21.64719,0.0,2,true,true,fine_grid,false,governance.selection=pressure_max_under_constraints;seed=continuation
0.35,independent_oracle,3c5f6b3c9bd535cff7657364dadb2efc31f2ea48,101.0,1,2.215625,347.496261,21.647505,0.0,2,true,true,fine_grid,false,governance.selection=pressure_max_under_constraints;seed=continuation
0.35,independent_oracle,3c5f6b3c9bd535cff7657364dadb2efc31f2ea48,101.0,1,2.221875,347.556173,21.647828,0.0,2,true,true,fine_grid,false,governance.selection=pressure_max_under_constraints;seed=continuation
0.35,independent_oracle,3c5f6b3c9bd535cff7657364dadb2efc31f2ea48,101.0,1,2.228125,347.617635,21.648161,0.0,2,true,true,fine_grid,false,governance.selection=pressure_max_under_constraints;seed=continuation
0.35,independent_oracle,3c5f6b3c9bd535cff7657364dadb2efc31f2ea48,101.0,1,2.234375,347.680659,21.648503,0.0,2,true,true,fine_grid,false,governance.selection=pressure_max_under_constraints;seed=continuation
0.35,independent_oracle,3c5f6b3c9bd535cff7657364dadb2efc31f2ea48,101.0,1,2.240625,347.745257,21.648854,0.0,2,true,true,fine_grid,false,governance.selection=pressure_max_under_constraints;seed=continuation
0.35,independent_oracle,3c5f6b3c9bd535cff7657364dadb2efc31f2ea48,101.0,1,2.246875,347.811438,21.649216,0.0,2,true,true,fine_grid,false,governance.selection=pressure_max_under_constraints;seed=continuation
0.35,independent_oracle,3c5f6b3c9bd535cff7657364dadb2efc31f2ea48,101.0,1,2.253125,347.879213,21.649586,0.0,2,true,true,fine_grid,false,governance.selection=pressure_max_under_constraints;seed=continuation
0.35,independent_oracle,3c5f6b3c9bd535cff7657364dadb2efc31f2ea48,101.0,1,2.259375,347.948591,21.649967,0.0,2,true,true,fine_grid,false,governance.selection=pressure_max_under_constraints;seed=continuation
0.35,independent_oracle,3c5f6b3c9bd535cff7657364dadb2efc31f2ea48,101.0,1,2.265625,348.019582,21.650358,0.0,2,true,true,fine_grid,false,governance.selection=pressure_max_under_constraints;seed=continuation
0.35,independent_oracle,3c5f6b3c9bd535cff7657364dadb2efc31f2ea48,101.0,1,2.271875,348.092195,21.650759,0.0,2,true,true,fine_grid,false,governance.selection=pressure_max_under_constraints;seed=continuation
0.35,independent_oracle,3c5f6b3c9bd535cff7657364dadb2efc31f2ea48,101.0,1,2.278125,348.166439,21.65117,0.0,2,true,true,fine_grid,false,governance.selection=pressure_max_under_constraints;seed=continuation
0.35,independent_oracle,3c5f6b3c9bd535cff7657364dadb2efc31f2ea48,101.0,1,2.284375,348.242322,21.651591,0.0,2,true,true,fine_grid,false,governance.selection=pressure_max_under_constraints;seed=continuation
0.35,independent_oracle,3c5f6b3c9bd535cff7657364dadb2efc31f2ea48,101.0,1,2.290625,348.319851,21.652022,0.0,2,true,true,fine_grid,false,governance.selection=pressure_max_under_constraints;seed=continuation
0.35,independent_oracle,3c5f6b3c9bd535cff7657364dadb2efc31f2ea48,101.0,1,2.296875,348.399034,21.652464,0.0,2,true,true,fine_grid,false,governance.selection=pressure_max_under_constraints;seed=continuation
0.35,independent_oracle,3c5f6b3c9bd535cff7657364dadb2efc31f2ea48,101.0,1,2.303125,348.479878,21.652916,0.0,2,true,true,fine_grid,false,governance.selection=pressure_max_under_constraints;seed=continuation
0.35,independent_oracle,3c5f6b3c9bd535cff7657364dadb2efc31f2ea48,101.0,1,2.309375,348.56239,21.653379,0.0,2,true,true,fine_grid,false,governance.selection=pressure_max_under_constraints;seed=continuation
0.35,independent_oracle,3c5f6b3c9bd535cff7657364dadb2efc31f2ea48,101.0,1,2.315625,348.646575,21.653853,0.0,2,true,true,fine_grid,false,governance.selection=pressure_max_under_constraints;seed=continuation
0.35,independent_oracle,3c5f6b3c9bd535cff7657364dadb2efc31f2ea48,101.0,1,2.321875,348.732439,21.654337,0.0,2,true,true,fine_grid,false,governance.selection=pressure_max_under_constraints;seed=continuation
0.35,independent_oracle,3c5f6b3c9bd535cff7657364dadb2efc31f2ea48,101.0,1,2.328125,348.819987,21.654832,0.0,2,true,true,fine_grid,false,governance.selection=pressure_max_under_constraints;seed=continuation
0.35,independent_oracle,3c5f6b3c9bd535cff7657364dadb2efc31f2ea48,101.0,1,2.334375,348.909223,21.655338,0.0,2,true,true,fine_grid,false,governance.selection=pressure_max_under_constraints;seed=continuation
0.35,independent_oracle,3c5f6b3c9bd535cff7657364dadb2efc31f2ea48,101.0,1,2.340625,349.000151,21.655855,0.0,2,true,true,fine_grid,false,governance.selection=pressure_max_under_constraints;seed=continuation
0.35,independent_oracle,3c5f6b3c9bd535cff7657364dadb2efc31f2ea48,101.0,1,2.346875,349.092776,21.656383,0.0,2,true,true,fine_grid,false,governance.selection=pressure_max_under_constraints;seed=continuation
0.35,independent_oracle,3c5f6b3c9bd535cff7657364dadb2efc31f2ea48,101.0,1,2.353125,349.1871,21.656922,0.0,2,true,true,fine_grid,false,governance.selection=pressure_max_under_constraints;seed=continuation
0.35,independent_oracle,3c5f6b3c9bd535cff7657364dadb2efc31f2ea48,101.0,1,2.359375,349.283125,21.657473,0.0,2,true,true,fine_grid,false,governance.selection=pressure_max_under_constraints;seed=continuation
0.35,independent_oracle,3c5f6b3c9bd535cff7657364dadb2efc31f2ea48,101.0,1,2.365625,349.380853,21.658034,0.0,2,true,true,fine_grid,false,governance.selection=pressure_max_under_constraints;seed=continuation
0.35,independent_oracle,3c5f6b3c9bd535cff7657364dadb2efc31f2ea48,101.0,1,2.371875,349.480285,21.658607,0.0,2,true,true,fine_grid,false,governance.selection=pressure_max_under_constraints;seed=continuation
0.35,independent_oracle,3c5f6b3c9bd535cff7657364dadb2efc31f2ea48,101.0,1,2.378125,349.581423,21.659192,0.0,2,true,true,fine_grid,false,governance.selection=pressure_max_under_constraints;seed=continuation
0.35,independent_oracle,3c5f6b3c9bd535cff7657364dadb2efc31f2ea48,101.0,1,2.384375,349.684266,21.659787,0.0,2,true,true,fine_grid,false,governance.selection=pressure_max_under_constraints;seed=continuation
0.35,independent_oracle,3c5f6b3c9bd535cff7657364dadb2efc31f2ea48,101.0,1,2.390625,349.788814,21.660395,0.0,2,true,true,fine_grid,false,governance.selection=pressure_max_under_constraints;seed=continuation
0.35,independent_oracle,3c5f6b3c9bd535cff7657364dadb2efc31f2ea48,101.0,1,2.396875,349.895067,21.661013,0.0,2,true,true,fine_grid,false,governance.selection=pressure_max_under_constraints;seed=continuation
0.35,independent_oracle,3c5f6b3c9bd535cff7657364dadb2efc31f2ea48,101.0,1,2.403125,350.003022,21.661643,0.0,2,true,true,fine_grid,false,governance.selection=pressure_max_under_constraints;seed=continuation
0.35,independent_oracle,3c5f6b3c9bd535cff7657364dadb2efc31f2ea48,101.0,1,2.409375,350.112677,21.662285,0.0,2,true,true,fine_grid,false,governance.selection=pressure_max_under_constraints;seed=continuation
0.35,independent_oracle,3c5f6b3c9bd535cff7657364dadb2efc31f2ea48,101.0,1,2.415625,350.22403,21.662939,0.0,2,true,true,fine_grid,false,governance.selection=pressure_max_under_constraints;seed=continuation
0.35,independent_oracle,3c5f6b3c9bd535cff7657364dadb2efc31f2ea48,101.0,1,2.421875,350.337078,21.663604,0.0,2,true,true,fine_grid,false,governance.selection=pressure_max_under_constraints;seed=continuation
0.35,independent_oracle,3c5f6b3c9bd535cff7657364dadb2efc31f2ea48,101.0,1,2.428125,350.451817,21.664281,0.0,2,true,true,fine_grid,false,governance.selection=pressure_max_under_constraints;seed=continuation
0.35,independent_oracle,3c5f6b3c9bd535cff7657364dadb2efc31f2ea48,101.0,1,2.434375,350.568242,21.664969,0.0,2,true,true,fine_grid,false,governance.selection=pressure_max_under_constraints;seed=continuation
0.35,independent_oracle,3c5f6b3c9bd535cff7657364dadb2efc31f2ea48,101.0,1,2.440625,350.686348,21.66567,0.0,2,true,true,fine_grid,false,governance.selection=pressure_max_under_constraints;seed=continuation
0.35,independent_oracle,3c5f6b3c9bd535cff7657364dadb2efc31f2ea48,101.0,1,2.446875,350.806129,21.666382,0.0,2,true,true,fine_grid,false,governance.selection=pressure_max_under_constraints;seed=continuation
0.35,independent_oracle,3c5f6b3c9bd535cff7657364dadb2efc31f2ea48,101.0,1,2.453125,350.927581,21.667105,0.0,2,true,true,fine_grid,false,governance.selection=pressure_max_under_constraints;seed=continuation
0.35,independent_oracle,3c5f6b3c9bd535cff7657364dadb2efc31f2ea48,101.0,1,2.459375,351.050695,21.667841,0.0,2,true,true,fine_grid,false,governance.selection=pressure_max_under_constraints;seed=continuation
0.35,independent_oracle,3c5f6b3c9bd535cff7657364dadb2efc31f2ea48,101.0,1,2.465625,351.175464,21.668588,0.0,2,true,true,fine_grid,false,governance.selection=pressure_max_under_constraints;seed=continuation
0.35,independent_oracle,3c5f6b3c9bd535cff7657364dadb2efc31f2ea48,101.0,1,2.471875,351.301881,21.669348,0.0,2,true,true,fine_grid,false,governance.selection=pressure_max_under_constraints;seed=continuation
0.35,independent_oracle,3c5f6b3c9bd535cff7657364dadb2efc31f2ea48,101.0,1,2.478125,351.429937,21.670118,0.0,2,true,true,fine_grid,false,governance.selection=pressure_max_under_constraints;seed=continuation
0.35,independent_oracle,3c5f6b3c9bd535cff7657364dadb2efc31f2ea48,101.0,1,2.484375,351.559623,21.670901,0.0,2,true,true,fine_grid,false,governance.selection=pressure_max_under_constraints;seed=continuation
0.35,independent_oracle,3c5f6b3c9bd535cff7657364dadb2efc31f2ea48,101.0,1,2.490625,351.69093,21.671696,0.0,2,true,true,fine_grid,false,governance.selection=pressure_max_under_constraints;seed=continuation
0.35,independent_oracle,3c5f6b3c9bd535cff7657364dadb2efc31f2ea48,101.0,1,2.496875,351.823848,21.672502,0.0,2,true,true,fine_grid,false,governance.selection=pressure_max_under_constraints;seed=continuation
0.35,independent_oracle,3c5f6b3c9bd535cff7657364dadb2efc31f2ea48,101.0,1,2.503125,351.958365,21.67332,0.0,2,true,true,fine_grid,false,governance.selection=pressure_max_under_constraints;seed=continuation
0.35,independent_oracle,3c5f6b3c9bd535cff7657364dadb2efc31f2ea48,101.0,1,2.509375,352.094472,21.67415,0.0,2,true,true,fine_grid,false,governance.selection=pressure_max_under_constraints;seed=continuation
0.35,independent_oracle,3c5f6b3c9bd535cff7657364dadb2efc31f2ea48,101.0,1,2.515625,352.232156,21.674991,0.0,2,true,true,fine_grid,false,governance.selection=pressure_max_under_constraints;seed=continuation
0.35,independent_oracle,3c5f6b3c9bd535cff7657364dadb2efc31f2ea48,101.0,1,2.521875,352.371405,21.675844,0.0,2,true,true,fine_grid,false,governance.selection=pressure_max_under_constraints;seed=continuation
0.35,independent_oracle,3c5f6b3c9bd535cff7657364dadb2efc31f2ea48,101.0,1,2.528125,352.512207,21.676709,0.0,2,true,true,fine_grid,false,governance.selection=pressure_max_under_constraints;seed=continuation
0.35,independent_oracle,3c5f6b3c9bd535cff7657364dadb2efc31f2ea48,101.0,1,2.534375,352.654548,21.677586,0.0,2,true,true,fine_grid,false,governance.selection=pressure_max_under_constraints;seed=continuation
0.35,independent_oracle,3c5f6b3c9bd535cff7657364dadb2efc31f2ea48,101.0,1,2.540625,352.798416,21.678474,0.0,2,true,true,fine_grid,false,governance.selection=pressure_max_under_constraints;seed=continuation
0.35,independent_oracle,3c5f6b3c9bd535cff7657364dadb2efc31f2ea48,101.0,1,2.546875,352.943797,21.679373,0.0,2,true,true,fine_grid,false,governance.selection=pressure_max_under_constraints;seed=continuation
0.35,independent_oracle,3c5f6b3c9bd535cff7657364dadb2efc31f2ea48,101.0,1,2.553125,353.090675,21.680284,0.0,2,true,true,fine_grid,false,governance.selection=pressure_max_under_constraints;seed=continuation
0.35,independent_oracle,3c5f6b3c9bd535cff7657364dadb2efc31f2ea48,101.0,1,2.559375,353.239037,21.681207,0.0,2,true,true,fine_grid,false,governance.selection=pressure_max_under_constraints;seed=continuation
0.35,independent_oracle,3c5f6b3c9bd535cff7657364dadb2efc31f2ea48,101.0,1,2.565625,353.388867,21.682141,0.0,2,true,true,fine_grid,false,governance.selection=pressure_max_under_constraints;seed=continuation
0.35,independent_oracle,3c5f6b3c9bd535cff7657364dadb2efc31f2ea48,101.0,1,2.571875,353.540149,21.683086,0.0,2,true,true,fine_grid,false,governance.selection=pressure_max_under_constraints;seed=continuation
0.35,independent_oracle,3c5f6b3c9bd535cff7657364dadb2efc31f2ea48,101.0,1,2.578125,353.692869,21.684043,0.0,2,true,true,fine_grid,false,governance.selection=pressure_max_under_constraints;seed=continuation
0.35,independent_oracle,3c5f6b3c9bd535cff7657364dadb2efc31f2ea48,101.0,1,2.584375,353.847009,21.685011,0.0,2,true,true,fine_grid,false,governance.selection=pressure_max_under_constraints;seed=continuation
0.35,independent_oracle,3c5f6b3c9bd535cff7657364dadb2efc31f2ea48,101.0,1,2.590625,354.002553,21.68599,0.0,2,true,true,fine_grid,false,governance.selection=pressure_max_under_constraints;seed=continuation
0.35,independent_oracle,3c5f6b3c9bd535cff7657364dadb2efc31f2ea48,101.0,1,2.596875,354.159484,21.68698,0.0,2,true,true,fine_grid,false,governance.selection=pressure_max_under_constraints;seed=continuation
0.35,independent_oracle,3c5f6b3c9bd535cff7657364dadb2efc31f2ea48,101.0,1,2.603125,354.317785,21.687981,0.0,2,true,true,fine_grid,false,governance.selection=pressure_max_under_constraints;seed=continuation
0.35,independent_oracle,3c5f6b3c9bd535cff7657364dadb2efc31f2ea48,101.0,1,2.609375,354.477439,21.688993,0.0,2,true,true,fine_grid,false,governance.selection=pressure_max_under_constraints;seed=continuation
0.35,independent_oracle,3c5f6b3c9bd535cff7657364dadb2efc31f2ea48,101.0,1,2.615625,354.638428,21.690016,0.0,2,true,true,fine_grid,false,governance.selection=pressure_max_under_constraints;seed=continuation
0.35,independent_oracle,3c5f6b3c9bd535cff7657364dadb2efc31f2ea48,101.0,1,2.621875,354.800734,21.69105,0.0,2,true,true,fine_grid,false,governance.selection=pressure_max_under_constraints;seed=continuation
0.35,independent_oracle,3c5f6b3c9bd535cff7657364dadb2efc31f2ea48,101.0,1,2.628125,354.964339,21.692095,0.0,2,true,true,fine_grid,false,governance.selection=pressure_max_under_constraints;seed=continuation
0.35,independent_oracle,3c5f6b3c9bd535cff7657364dadb2efc31f2ea48,101.0,1,2.634375,355.129224,21.69315,0.0,2,true,true,fine_grid,false,governance.selection=pressure_max_under_constraints;seed=continuation
0.35,independent_oracle,3c5f6b3c9bd535cff7657364dadb2efc31f2ea48,101.0,1,2.640625,355.295371,21.694216,0.0,2,true,true,fine_grid,false,governance.selection=pressure_max_under_constraints;seed=continuation
0.35,independent_oracle,3c5f6b3c9bd535cff7657364dadb2efc31f2ea48,101.0,1,2.646875,355.462761,21.695293,0.0,2,true,true,fine_grid,false,governance.selection=pressure_max_under_constraints;seed=continuation
0.35,independent_oracle,3c5f6b3c9bd535cff7657364dadb2efc31f2ea48,101.0,1,2.653125,355.631375,21.696379,0.0,2,true,true,fine_grid,false,governance.selection=pressure_max_under_constraints;seed=continuation
0.35,independent_oracle,3c5f6b3c9bd535cff7657364dadb2efc31f2ea48,101.0,1,2.659375,355.801194,21.697477,0.0,2,true,true,fine_grid,false,governance.selection=pressure_max_under_constraints;seed=continuation
0.35,independent_oracle,3c5f6b3c9bd535cff7657364dadb2efc31f2ea48,101.0,1,2.665625,355.9722,21.698584,0.0,2,true,true,fine_grid,false,governance.selection=pressure_max_under_constraints;seed=continuation
0.35,independent_oracle,3c5f6b3c9bd535cff7657364dadb2efc31f2ea48,101.0,1,2.671875,356.144372,21.699702,0.0,2,true,true,fine_grid,false,governance.selection=pressure_max_under_constraints;seed=continuation
0.35,independent_oracle,3c5f6b3c9bd535cff7657364dadb2efc31f2ea48,101.0,1,2.678125,356.317692,21.70083,0.0,2,true,true,fine_grid,false,governance.selection=pressure_max_under_constraints;seed=continuation
0.35,independent_oracle,3c5f6b3c9bd535cff7657364dadb2efc31f2ea48,101.0,1,2.684375,356.49214,21.701968,0.0,2,true,true,fine_grid,false,governance.selection=pressure_max_under_constraints;seed=continuation
0.35,independent_oracle,3c5f6b3c9bd535cff7657364dadb2efc31f2ea48,101.0,1,2.690625,356.667696,21.703115,0.0,2,true,true,fine_grid,false,governance.selection=pressure_max_under_constraints;seed=continuation
0.35,independent_oracle,3c5f6b3c9bd535cff7657364dadb2efc31f2ea48,101.0,1,2.696875,356.844341,21.704273,0.0,2,true,true,fine_grid,false,governance.selection=pressure_max_under_constraints;seed=continuation
0.35,independent_oracle,3c5f6b3c9bd535cff7657364dadb2efc31f2ea48,101.0,1,2.703125,357.022056,21.70544,0.0,2,true,true,fine_grid,false,governance.selection=pressure_max_under_constraints;seed=continuation
0.35,independent_oracle,3c5f6b3c9bd535cff7657364dadb2efc31f2ea48,101.0,1,2.709375,357.20082,21.706617,0.0,2,true,true,fine_grid,false,governance.selection=pressure_max_under_constraints;seed=continuation
0.35,independent_oracle,3c5f6b3c9bd535cff7657364dadb2efc31f2ea48,101.0,1,2.715625,357.380614,21.707803,0.0,2,true,true,fine_grid,false,governance.selection=pressure_max_under_constraints;seed=continuation
0.35,independent_oracle,3c5f6b3c9bd535cff7657364dadb2efc31f2ea48,101.0,1,2.721875,357.561419,21.708999,0.0,2,true,true,fine_grid,false,governance.selection=pressure_max_under_constraints;seed=continuation
0.35,independent_oracle,3c5f6b3c9bd535cff7657364dadb2efc31f2ea48,101.0,1,2.728125,357.743215,21.710204,0.0,2,true,true,fine_grid,false,governance.selection=pressure_max_under_constraints;seed=continuation
0.35,independent_oracle,3c5f6b3c9bd535cff7657364dadb2efc31f2ea48,101.0,1,2.734375,357.925982,21.711418,0.0,2,true,true,fine_grid,false,governance.selection=pressure_max_under_constraints;seed=continuation
0.35,independent_oracle,3c5f6b3c9bd535cff7657364dadb2efc31f2ea48,101.0,1,2.740625,358.109702,21.712641,0.0,2,true,true,fine_grid,false,governance.selection=pressure_max_under_constraints;seed=continuation
0.35,independent_oracle,3c5f6b3c9bd535cff7657364dadb2efc31f2ea48,101.0,1,2.746875,358.294354,21.713874,0.0,2,true,true,fine_grid,false,governance.selection=pressure_max_under_constraints;seed=continuation
0.35,independent_oracle,3c5f6b3c9bd535cff7657364dadb2efc31f2ea48,101.0,1,2.753125,358.479919,21.715115,0.0,2,true,true,fine_grid,false,governance.selection=pressure_max_under_constraints;seed=continuation
0.35,independent_oracle,3c5f6b3c9bd535cff7657364dadb2efc31f2ea48,101.0,1,2.759375,358.666379,21.716365,0.0,2,true,true,fine_grid,false,governance.selection=pressure_max_under_constraints;seed=continuation
0.35,independent_oracle,3c5f6b3c9bd535cff7657364dadb2efc31f2ea48,101.0,1,2.765625,358.853713,21.717624,0.0,2,true,true,fine_grid,false,governance.selection=pressure_max_under_constraints;seed=continuation
0.35,independent_oracle,3c5f6b3c9bd535cff7657364dadb2efc31f2ea48,101.0,1,2.771875,359.041903,21.718892,0.0,2,true,true,fine_grid,false,governance.selection=pressure_max_under_constraints;seed=continuation
0.35,independent_oracle,3c5f6b3c9bd535cff7657364dadb2efc31f2ea48,101.0,1,2.778125,359.23093,21.720168,0.0,2,true,true,fine_grid,false,governance.selection=pressure_max_under_constraints;seed=continuation
0.35,independent_oracle,3c5f6b3c9bd535cff7657364dadb2efc31f2ea48,101.0,1,2.784375,359.420775,21.721452,0.0,2,true,true,fine_grid,false,governance.selection=pressure_max_under_constraints;seed=continuation
0.35,independent_oracle,3c5f6b3c9bd535cff7657364dadb2efc31f2ea48,101.0,1,2.790625,359.611419,21.722745,0.0,2,true,true,fine_grid,false,governance.selection=pressure_max_under_constraints;seed=continuation
0.35,independent_oracle,3c5f6b3c9bd535cff7657364dadb2efc31f2ea48,101.0,1,2.796875,359.802844,21.724046,0.0,2,true,true,fine_grid,false,governance.selection=pressure_max_under_constraints;seed=continuation
0.35,independent_oracle,3c5f6b3c9bd535cff7657364dadb2efc31f2ea48,101.0,1,2.803125,359.995032,21.725355,0.0,2,true,true,fine_grid,false,governance.selection=pressure_max_under_constraints;seed=continuation
0.35,independent_oracle,3c5f6b3c9bd535cff7657364dadb2efc31f2ea48,101.0,1,2.809375,360.187964,21.726672,0.0,2,true,true,fine_grid,false,governance.selection=pressure_max_under_constraints;seed=continuation
0.35,independent_oracle,3c5f6b3c9bd535cff7657364dadb2efc31f2ea48,101.0,1,2.815625,360.381622,21.727996,0.0,2,true,true,fine_grid,false,governance.selection=pressure_max_under_constraints;seed=continuation
0.35,independent_oracle,3c5f6b3c9bd535cff7657364dadb2efc31f2ea48,101.0,1,2.821875,360.575988,21.729329,0.0,2,true,true,fine_grid,false,governance.selection=pressure_max_under_constraints;seed=continuation
0.35,independent_oracle,3c5f6b3c9bd535cff7657364dadb2efc31f2ea48,101.0,1,2.828125,360.771046,21.73067,0.0,2,true,true,fine_grid,false,governance.selection=pressure_max_under_constraints;seed=continuation
0.35,independent_oracle,3c5f6b3c9bd535cff7657364dadb2efc31f2ea48,101.0,1,2.834375,360.966776,21.732018,0.0,2,true,true,fine_grid,false,governance.selection=pressure_max_under_constraints;seed=continuation
0.35,independent_oracle,3c5f6b3c9bd535cff7657364dadb2efc31f2ea48,101.0,1,2.840625,361.163161,21.733373,0.0,2,true,true,fine_grid,false,governance.selection=pressure_max_under_constraints;seed=continuation
0.35,independent_oracle,3c5f6b3c9bd535cff7657364dadb2efc31f2ea48,101.0,1,2.846875,361.360186,21.734736,0.0,2,true,true,fine_grid,false,governance.selection=pressure_max_under_constraints;seed=continuation
0.35,independent_oracle,3c5f6b3c9bd535cff7657364dadb2efc31f2ea48,101.0,1,2.853125,361.557832,21.736106,0.0,2,true,true,fine_grid,false,governance.selection=pressure_max_under_constraints;seed=continuation
0.35,independent_oracle,3c5f6b3c9bd535cff7657364dadb2efc31f2ea48,101.0,1,2.859375,361.756082,21.737484,0.0,2,true,true,fine_grid,false,governance.selection=pressure_max_under_constraints;seed=continuation
0.35,independent_oracle,3c5f6b3c9bd535cff7657364dadb2efc31f2ea48,101.0,1,2.865625,361.954921,21.738868,0.0,2,true,true,fine_grid,false,governance.selection=pressure_max_under_constraints;seed=continuation
0.35,independent_oracle,3c5f6b3c9bd535cff7657364dadb2efc31f2ea48,101.0,1,2.871875,362.154332,21.74026,0.0,2,true,true,fine_grid,false,governance.selection=pressure_max_under_constraints;seed=continuation
0.35,independent_oracle,3c5f6b3c9bd535cff7657364dadb2efc31f2ea48,101.0,1,2.878125,362.354299,21.741658,0.0,2,true,true,fine_grid,false,governance.selection=pressure_max_under_constraints;seed=continuation
0.35,independent_oracle,3c5f6b3c9bd535cff7657364dadb2efc31f2ea48,101.0,1,2.884375,362.554806,21.743063,0.0,2,true,true,fine_grid,false,governance.selection=pressure_max_under_constraints;seed=continuation
0.35,independent_oracle,3c5f6b3c9bd535cff7657364dadb2efc31f2ea48,101.0,1,2.890625,362.755836,21.744475,0.0,2,true,true,fine_grid,false,governance.selection=pressure_max_under_constraints;seed=continuation
0.35,independent_oracle,3c5f6b3c9bd535cff7657364dadb2efc31f2ea48,101.0,1,2.896875,362.957376,21.745894,0.0,2,true,true,fine_grid,false,governance.selection=pressure_max_under_constraints;seed=continuation
0.35,independent_oracle,3c5f6b3c9bd535cff7657364dadb2efc31f2ea48,101.0,1,2.903125,363.159409,21.747319,0.0,2,true,true,fine_grid,false,governance.selection=pressure_max_under_constraints;seed=continuation
0.35,independent_oracle,3c5f6b3c9bd535cff7657364dadb2efc31f2ea48,101.0,1,2.909375,363.36192,21.748751,0.0,2,true,true,fine_grid,false,governance.selection=pressure_max_under_constraints;seed=continuation
0.35,independent_oracle,3c5f6b3c9bd535cff7657364dadb2efc31f2ea48,101.0,1,2.915625,363.564895,21.750189,0.0,2,true,true,fine_grid,false,governance.selection=pressure_max_under_constraints;seed=continuation
0.35,independent_oracle,3c5f6b3c9bd535cff7657364dadb2efc31f2ea48,101.0,1,2.921875,363.768318,21.751633,0.0,2,true,true,fine_grid,false,governance.selection=pressure_max_under_constraints;seed=continuation
0.35,independent_oracle,3c5f6b3c9bd535cff7657364dadb2efc31f2ea48,101.0,1,2.928125,363.972177,21.753084,0.0,2,true,true,fine_grid,false,governance.selection=pressure_max_under_constraints;seed=continuation
0.35,independent_oracle,3c5f6b3c9bd535cff7657364dadb2efc31f2ea48,101.0,1,2.934375,364.176455,21.75454,0.0,2,true,true,fine_grid,false,governance.selection=pressure_max_under_constraints;seed=continuation
0.35,independent_oracle,3c5f6b3c9bd535cff7657364dadb2efc31f2ea48,101.0,1,2.940625,364.38114,21.756003,0.0,2,true,true,fine_grid,false,governance.selection=pressure_max_under_constraints;seed=continuation
0.35,independent_oracle,3c5f6b3c9bd535cff7657364dadb2efc31f2ea48,101.0,1,2.946875,364.586218,21.757471,0.0,2,true,true,fine_grid,false,governance.selection=pressure_max_under_constraints;seed=continuation
0.35,independent_oracle,3c5f6b3c9bd535cff7657364dadb2efc31f2ea48,101.0,1,2.953125,364.791675,21.758946,0.0,2,true,true,fine_grid,false,governance.selection=pressure_max_under_constraints;seed=continuation
0.35,independent_oracle,3c5f6b3c9bd535cff7657364dadb2efc31f2ea48,101.0,1,2.959375,364.997498,21.760426,0.0,2,true,true,fine_grid,false,governance.selection=pressure_max_under_constraints;seed=continuation
0.35,independent_oracle,3c5f6b3c9bd535cff7657364dadb2efc31f2ea48,101.0,1,2.965625,365.203674,21.761912,0.0,2,true,true,fine_grid,false,governance.selection=pressure_max_under_constraints;seed=continuation
0.35,independent_oracle,3c5f6b3c9bd535cff7657364dadb2efc31f2ea48,101.0,1,2.971875,365.41019,21.763403,0.0,2,true,true,fine_grid,false,governance.selection=pressure_max_under_constraints;seed=continuation
0.35,independent_oracle,3c5f6b3c9bd535cff7657364dadb2efc31f2ea48,101.0,1,2.978125,365.617033,21.7649,0.0,2,true,true,fine_grid,false,governance.selection=pressure_max_under_constraints;seed=continuation
0.35,independent_oracle,3c5f6b3c9bd535cff7657364dadb2efc31f2ea48,101.0,1,2.984375,365.824192,21.766402,0.0,2,true,true,fine_grid,false,governance.selection=pressure_max_under_constraints;seed=continuation
0.35,independent_oracle,3c5f6b3c9bd535cff7657364dadb2efc31f2ea48,101.0,1,2.990625,366.031653,21.76791,0.0,2,true,true,fine_grid,false,governance.selection=pressure_max_under_constraints;seed=continuation
0.35,independent_oracle,3c5f6b3c9bd535cff7657364dadb2efc31f2ea48,101.0,1,2.996875,366.239406,21.769423,0.0,2,true,true,fine_grid,false,governance.selection=pressure_max_under_constraints;seed=continuation
0.35,independent_oracle,3c5f6b3c9bd535cff7657364dadb2efc31f2ea48,101.0,1,3.003125,366.447437,21.770941,0.0,2,true,true,fine_grid,false,governance.selection=pressure_max_under_constraints;seed=continuation
0.35,independent_oracle,3c5f6b3c9bd535cff7657364dadb2efc31f2ea48,101.0,1,3.009375,366.655737,21.772464,0.0,2,true,true,fine_grid,false,governance.selection=pressure_max_under_constraints;seed=continuation
0.35,independent_oracle,3c5f6b3c9bd535cff7657364dadb2efc31f2ea48,101.0,1,3.015625,366.864293,21.773992,0.0,2,true,true,fine_grid,false,governance.selection=pressure_max_under_constraints;seed=continuation
0.35,independent_oracle,3c5f6b3c9bd535cff7657364dadb2efc31f2ea48,101.0,1,3.021875,367.073094,21.775526,0.0,2,true,true,fine_grid,false,governance.selection=pressure_max_under_constraints;seed=continuation
0.35,independent_oracle,3c5f6b3c9bd535cff7657364dadb2efc31f2ea48,101.0,1,3.028125,367.282129,21.777064,0.0,2,true,true,fine_grid,false,governance.selection=pressure_max_under_constraints;seed=continuation
0.35,independent_oracle,3c5f6b3c9bd535cff7657364dadb2efc31f2ea48,101.0,1,3.034375,367.491389,21.778607,0.0,2,true,true,fine_grid,false,governance.selection=pressure_max_under_constraints;seed=continuation
0.35,independent_oracle,3c5f6b3c9bd535cff7657364dadb2efc31f2ea48,101.0,1,3.040625,367.700861,21.780154,0.0,2,true,true,fine_grid,false,governance.selection=pressure_max_under_constraints;seed=continuation
0.35,independent_oracle,3c5f6b3c9bd535cff7657364dadb2efc31f2ea48,101.0,1,3.046875,367.910536,21.781707,0.0,2,true,true,fine_grid,false,governance.selection=pressure_max_under_constraints;seed=continuation
0.35,independent_oracle,3c5f6b3c9bd535cff7657364dadb2efc31f2ea48,101.0,1,3.053125,368.120405,21.783264,0.0,2,true,true,fine_grid,false,governance.selection=pressure_max_under_constraints;seed=continuation
0.35,independent_oracle,3c5f6b3c9bd535cff7657364dadb2efc31f2ea48,101.0,1,3.059375,368.330456,21.784826,0.0,2,true,true,fine_grid,false,governance.selection=pressure_max_under_constraints;seed=continuation
0.35,independent_oracle,3c5f6b3c9bd535cff7657364dadb2efc31f2ea48,101.0,1,3.065625,368.54068,21.786392,0.0,2,true,true,fine_grid,false,governance.selection=pressure_max_under_constraints;seed=continuation
0.35,independent_oracle,3c5f6b3c9bd535cff7657364dadb2efc31f2ea48,101.0,1,3.071875,368.751068,21.787962,0.0,2,true,true,fine_grid,false,governance.selection=pressure_max_under_constraints;seed=continuation
0.35,independent_oracle,3c5f6b3c9bd535cff7657364dadb2efc31f2ea48,101.0,1,3.078125,368.96161,21.789537,0.0,2,true,true,fine_grid,false,governance.selection=pressure_max_under_constraints;seed=continuation
0.35,independent_oracle,3c5f6b3c9bd535cff7657364dadb2efc31f2ea48,101.0,1,3.084375,369.172298,21.791116,0.0,2,true,true,fine_grid,false,governance.selection=pressure_max_under_constraints;seed=continuation
0.35,independent_oracle,3c5f6b3c9bd535cff7657364dadb2efc31f2ea48,101.0,1,3.090625,369.383121,21.792699,0.0,2,true,true,fine_grid,false,governance.selection=pressure_max_under_constraints;seed=continuation
0.35,independent_oracle,3c5f6b3c9bd535cff7657364dadb2efc31f2ea48,101.0,1,3.096875,369.594073,21.794287,0.0,2,true,true,fine_grid,false,governance.selection=pressure_max_under_constraints;seed=continuation
0.35,independent_oracle,3c5f6b3c9bd535cff7657364dadb2efc31f2ea48,101.0,1,3.103125,369.805143,21.795879,0.0,2,true,true,fine_grid,false,governance.selection=pressure_max_under_constraints;seed=continuation
0.35,independent_oracle,3c5f6b3c9bd535cff7657364dadb2efc31f2ea48,101.0,1,3.109375,370.016323,21.797474,0.0,2,true,true,fine_grid,false,governance.selection=pressure_max_under_constraints;seed=continuation
0.35,independent_oracle,3c5f6b3c9bd535cff7657364dadb2efc31f2ea48,101.0,1,3.115625,370.227606,21.799074,0.0,2,true,true,fine_grid,false,governance.selection=pressure_max_under_constraints;seed=continuation
0.35,independent_oracle,3c5f6b3c9bd535cff7657364dadb2efc31f2ea48,101.0,1,3.121875,370.438983,21.800678,0.0,2,true,true,fine_grid,false,governance.selection=pressure_max_under_constraints;seed=continuation
0.35,independent_oracle,3c5f6b3c9bd535cff7657364dadb2efc31f2ea48,101.0,1,3.128125,370.650445,21.802285,0.0,2,true,true,fine_grid,false,governance.selection=pressure_max_under_constraints;seed=continuation
0.35,independent_oracle,3c5f6b3c9bd535cff7657364dadb2efc31f2ea48,101.0,1,3.134375,370.861987,21.803896,0.0,2,true,true,fine_grid,false,governance.selection=pressure_max_under_constraints;seed=continuation
0.35,independent_oracle,3c5f6b3c9bd535cff7657364dadb2efc31f2ea48,101.0,1,3.140625,371.073599,21.805511,0.0,2,true,true,fine_grid,false,governance.selection=pressure_max_under_constraints;seed=continuation
0.35,independent_oracle,3c5f6b3c9bd535cff7657364dadb2efc31f2ea48,101.0,1,3.146875,371.285274,21.80713,0.0,2,true,true,fine_grid,false,governance.selection=pressure_max_under_constraints;seed=continuation
0.35,independent_oracle,3c5f6b3c9bd535cff7657364dadb2efc31f2ea48,101.0,1,3.153125,371.497006,21.808752,0.0,2,true,true,fine_grid,false,governance.selection=pressure_max_under_constraints;seed=continuation
0.35,independent_oracle,3c5f6b3c9bd535cff7657364dadb2efc31f2ea48,101.0,1,3.159375,371.708787,21.810378,0.0,2,true,true,fine_grid,false,governance.selection=pressure_max_under_constraints;seed=continuation
0.35,independent_oracle,3c5f6b3c9bd535cff7657364dadb2efc31f2ea48,101.0,1,3.165625,371.920609,21.812008,0.0,2,true,true,fine_grid,false,governance.selection=pressure_max_under_constraints;seed=continuation
0.35,independent_oracle,3c5f6b3c9bd535cff7657364dadb2efc31f2ea48,101.0,1,3.171875,372.132467,21.813641,0.0,2,true,true,fine_grid,false,governance.selection=pressure_max_under_constraints;seed=continuation
0.35,independent_oracle,3c5f6b3c9bd535cff7657364dadb2efc31f2ea48,101.0,1,3.178125,372.344353,21.815277,0.0,2,true,true,fine_grid,false,governance.selection=pressure_max_under_constraints;seed=continuation
0.35,independent_oracle,3c5f6b3c9bd535cff7657364dadb2efc31f2ea48,101.0,1,3.184375,372.556261,21.816917,0.0,2,true,true,fine_grid,false,governance.selection=pressure_max_under_constraints;seed=continuation
0.35,independent_oracle,3c5f6b3c9bd535cff7657364dadb2efc31f2ea48,101.0,1,3.190625,372.768184,21.81856,0.0,2,true,true,fine_grid,false,governance.selection=pressure_max_under_constraints;seed=continuation
0.35,independent_oracle,3c5f6b3c9bd535cff7657364dadb2efc31f2ea48,101.0,1,3.196875,372.980117,21.820207,0.0,2,true,true,fine_grid,false,governance.selection=pressure_max_under_constraints;seed=continuation
0.35,independent_oracle,3c5f6b3c9bd535cff7657364dadb2efc31f2ea48,101.0,1,3.203125,373.192053,21.821857,0.0,2,true,true,fine_grid,false,governance.selection=pressure_max_under_constraints;seed=continuation
0.35,independent_oracle,3c5f6b3c9bd535cff7657364dadb2efc31f2ea48,101.0,1,3.209375,373.403986,21.823509,0.0,2,true,true,fine_grid,false,governance.selection=pressure_max_under_constraints;seed=continuation
0.35,independent_oracle,3c5f6b3c9bd535cff7657364dadb2efc31f2ea48,101.0,1,3.215625,373.615911,21.825166,0.0,2,true,true,fine_grid,false,governance.selection=pressure_max_under_constraints;seed=continuation
0.35,independent_oracle,3c5f6b3c9bd535cff7657364dadb2efc31f2ea48,101.0,1,3.221875,373.827821,21.826825,0.0,2,true,true,fine_grid,false,governance.selection=pressure_max_under_constraints;seed=continuation
0.35,independent_oracle,3c5f6b3c9bd535cff7657364dadb2efc31f2ea48,101.0,1,3.228125,374.03971,21.828487,0.0,2,true,true,fine_grid,false,governance.selection=pressure_max_under_constraints;seed=continuation
0.35,independent_oracle,3c5f6b3c9bd535cff7657364dadb2efc31f2ea48,101.0,1,3.234375,374.251575,21.830152,0.0,2,true,true,fine_grid,false,governance.selection=pressure_max_under_constraints;seed=continuation
0.35,independent_oracle,3c5f6b3c9bd535cff7657364dadb2efc31f2ea48,101.0,1,3.240625,374.463408,21.83182,0.0,2,true,true,fine_grid,false,governance.selection=pressure_max_under_constraints;seed=continuation
0.35,independent_oracle,3c5f6b3c9bd535cff7657364dadb2efc31f2ea48,101.0,1,3.246875,374.675205,21.833492,0.0,2,true,true,fine_grid,false,governance.selection=pressure_max_under_constraints;seed=continuation
0.35,independent_oracle,3c5f6b3c9bd535cff7657364dadb2efc31f2ea48,101.0,1,3.253125,374.886961,21.835166,0.0,2,true,true,fine_grid,false,governance.selection=pressure_max_under_constraints;seed=continuation
0.35,independent_oracle,3c5f6b3c9bd535cff7657364dadb2efc31f2ea48,101.0,1,3.259375,375.09867,21.836843,0.0,2,true,true,fine_grid,false,governance.selection=pressure_max_under_constraints;seed=continuation
0.35,independent_oracle,3c5f6b3c9bd535cff7657364dadb2efc31f2ea48,101.0,1,3.265625,375.310329,21.838522,0.0,2,true,true,fine_grid,false,governance.selection=pressure_max_under_constraints;seed=continuation
0.35,independent_oracle,3c5f6b3c9bd535cff7657364dadb2efc31f2ea48,101.0,1,3.271875,375.521931,21.840205,0.0,2,true,true,fine_grid,false,governance.selection=pressure_max_under_constraints;seed=continuation
0.35,independent_oracle,3c5f6b3c9bd535cff7657364dadb2efc31f2ea48,101.0,1,3.278125,375.733472,21.84189,0.0,2,true,true,fine_grid,false,governance.selection=pressure_max_under_constraints;seed=continuation
0.35,independent_oracle,3c5f6b3c9bd535cff7657364dadb2efc31f2ea48,101.0,1,3.284375,375.944948,21.843578,0.0,2,true,true,fine_grid,false,governance.selection=pressure_max_under_constraints;seed=continuation
0.35,independent_oracle,3c5f6b3c9bd535cff7657364dadb2efc31f2ea48,101.0,1,3.290625,376.156354,21.845269,0.0,2,true,true,fine_grid,false,governance.selection=pressure_max_under_constraints;seed=continuation
0.35,independent_oracle,3c5f6b3c9bd535cff7657364dadb2efc31f2ea48,101.0,1,3.296875,376.367686,21.846962,0.0,2,true,true,fine_grid,false,governance.selection=pressure_max_under_constraints;seed=continuation
0.35,independent_oracle,3c5f6b3c9bd535cff7657364dadb2efc31f2ea48,101.0,1,3.303125,376.57894,21.848658,0.0,2,true,true,fine_grid,false,governance.selection=pressure_max_under_constraints;seed=continuation
0.35,independent_oracle,3c5f6b3c9bd535cff7657364dadb2efc31f2ea48,101.0,1,3.309375,376.790111,21.850356,0.0,2,true,true,fine_grid,false,governance.selection=pressure_max_under_constraints;seed=continuation
0.35,independent_oracle,3c5f6b3c9bd535cff7657364dadb2efc31f2ea48,101.0,1,3.315625,377.001194,21.852057,0.0,2,true,true,fine_grid,false,governance.selection=pressure_max_under_constraints;seed=continuation
0.35,independent_oracle,3c5f6b3c9bd535cff7657364dadb2efc31f2ea48,101.0,1,3.321875,377.212188,21.85376,0.0,2,true,true,fine_grid,false,governance.selection=pressure_max_under_constraints;seed=continuation
0.35,independent_oracle,3c5f6b3c9bd535cff7657364dadb2efc31f2ea48,101.0,1,3.328125,377.423086,21.855466,0.0,2,true,true,fine_grid,false,governance.selection=pressure_max_under_constraints;seed=continuation
0.35,independent_oracle,3c5f6b3c9bd535cff7657364dadb2efc31f2ea48,101.0,1,3.334375,377.633886,21.857174,0.0,2,true,true,fine_grid,false,governance.selection=pressure_max_under_constraints;seed=continuation
0.35,independent_oracle,3c5f6b3c9bd535cff7657364dadb2efc31f2ea48,101.0,1,3.340625,377.844584,21.858885,0.0,2,true,true,fine_grid,false,governance.selection=pressure_max_under_constraints;seed=continuation
0.35,independent_oracle,3c5f6b3c9bd535cff7657364dadb2efc31f2ea48,101.0,1,3.346875,378.055176,21.860598,0.0,2,true,true,fine_grid,false,governance.selection=pressure_max_under_constraints;seed=continuation
0.35,independent_oracle,3c5f6b3c9bd535cff7657364dadb2efc31f2ea48,101.0,1,3.353125,378.265658,21.862313,0.0,2,true,true,fine_grid,false,governance.selection=pressure_max_under_constraints;seed=continuation
0.35,independent_oracle,3c5f6b3c9bd535cff7657364dadb2efc31f2ea48,101.0,1,3.359375,378.476027,21.86403,0.0,2,true,true,fine_grid,false,governance.selection=pressure_max_under_constraints;seed=continuation
0.35,independent_oracle,3c5f6b3c9bd535cff7657364dadb2efc31f2ea48,101.0,1,3.365625,378.68628,21.86575,0.0,2,true,true,fine_grid,false,governance.selection=pressure_max_under_constraints;seed=continuation
0.35,independent_oracle,3c5f6b3c9bd535cff7657364dadb2efc31f2ea48,101.0,1,3.371875,378.896413,21.867472,0.0,2,true,true,fine_grid,false,governance.selection=pressure_max_under_constraints;seed=continuation
0.35,independent_oracle,3c5f6b3c9bd535cff7657364dadb2efc31f2ea48,101.0,1,3.378125,379.106423,21.869196,0.0,2,true,true,fine_grid,false,governance.selection=pressure_max_under_constraints;seed=continuation
0.35,independent_oracle,3c5f6b3c9bd535cff7657364dadb2efc31f2ea48,101.0,1,3.384375,379.316307,21.870922,0.0,2,true,true,fine_grid,false,governance.selection=pressure_max_under_constraints;seed=continuation
0.35,independent_oracle,3c5f6b3c9bd535cff7657364dadb2efc31f2ea48,101.0,1,3.390625,379.526062,21.872651,0.0,2,true,true,fine_grid,false,governance.selection=pressure_max_under_constraints;seed=continuation
0.35,independent_oracle,3c5f6b3c9bd535cff7657364dadb2efc31f2ea48,101.0,1,3.396875,379.735685,21.874381,0.0,2,true,true,fine_grid,false,governance.selection=pressure_max_under_constraints;seed=continuation
0.35,independent_oracle,3c5f6b3c9bd535cff7657364dadb2efc31f2ea48,101.0,1,3.403125,379.945172,21.876114,0.0,2,true,true,fine_grid,false,governance.selection=pressure_max_under_constraints;seed=continuation
0.35,independent_oracle,3c5f6b3c9bd535cff7657364dadb2efc31f2ea48,101.0,1,3.409375,380.154521,21.877848,0.0,2,true,true,fine_grid,false,governance.selection=pressure_max_under_constraints;seed=continuation
0.35,independent_oracle,3c5f6b3c9bd535cff7657364dadb2efc31f2ea48,101.0,1,3.415625,380.363729,21.879585,0.0,2,true,true,fine_grid,false,governance.selection=pressure_max_under_constraints;seed=continuation
0.35,independent_oracle,3c5f6b3c9bd535cff7657364dadb2efc31f2ea48,101.0,1,3.421875,380.572793,21.881324,0.0,2,true,true,fine_grid,false,governance.selection=pressure_max_under_constraints;seed=continuation
0.35,independent_oracle,3c5f6b3c9bd535cff7657364dadb2efc31f2ea48,101.0,1,3.428125,380.781711,21.883064,0.0,2,true,true,fine_grid,false,governance.selection=pressure_max_under_constraints;seed=continuation
0.35,independent_oracle,3c5f6b3c9bd535cff7657364dadb2efc31f2ea48,101.0,1,3.434375,380.99048,21.884807,0.0,2,true,true,fine_grid,false,governance.selection=pressure_max_under_constraints;seed=continuation
0.35,independent_oracle,3c5f6b3c9bd535cff7657364dadb2efc31f2ea48,101.0,1,3.440625,381.199097,21.886551,0.0,2,true,true,fine_grid,false,governance.selection=pressure_max_under_constraints;seed=continuation
0.35,independent_oracle,3c5f6b3c9bd535cff7657364dadb2efc31f2ea48,101.0,1,3.446875,381.40756,21.888297,0.0,2,true,true,fine_grid,false,governance.selection=pressure_max_under_constraints;seed=continuation
0.35,independent_oracle,3c5f6b3c9bd535cff7657364dadb2efc31f2ea48,101.0,1,3.453125,381.615867,21.890045,0.0,2,true,true,fine_grid,false,governance.selection=pressure_max_under_constraints;seed=continuation
0.35,independent_oracle,3c5f6b3c9bd535cff7657364dadb2efc31f2ea48,101.0,1,3.459375,381.824014,21.891795,0.0,2,true,true,fine_grid,false,governance.selection=pressure_max_under_constraints;seed=continuation
0.35,independent_oracle,3c5f6b3c9bd535cff7657364dadb2efc31f2ea48,101.0,1,3.465625,382.032,21.893547,0.0,2,true,true,fine_grid,false,governance.selection=pressure_max_under_constraints;seed=continuation
0.35,independent_oracle,3c5f6b3c9bd535cff7657364dadb2efc31f2ea48,101.0,1,3.471875,382.239822,21.895301,0.0,2,true,true,fine_grid,false,governance.selection=pressure_max_under_constraints;seed=continuation
0.35,independent_oracle,3c5f6b3c9bd535cff7657364dadb2efc31f2ea48,101.0,1,3.478125,382.447479,21.897056,0.0,2,true,true,fine_grid,false,governance.selection=pressure_max_under_constraints;seed=continuation
0.35,independent_oracle,3c5f6b3c9bd535cff7657364dadb2efc31f2ea48,101.0,1,3.484375,382.654967,21.898813,0.0,2,true,true,fine_grid,false,governance.selection=pressure_max_under_constraints;seed=continuation
0.35,independent_oracle,3c5f6b3c9bd535cff7657364dadb2efc31f2ea48,101.0,1,3.490625,382.862286,21.900572,0.0,2,true,true,fine_grid,false,governance.selection=pressure_max_under_constraints;seed=continuation
0.35,independent_oracle,3c5f6b3c9bd535cff7657364dadb2efc31f2ea48,101.0,1,3.496875,383.069432,21.902332,0.0,2,true,true,fine_grid,false,governance.selection=pressure_max_under_constraints;seed=continuation
0.35,independent_oracle,3c5f6b3c9bd535cff7657364dadb2efc31f2ea48,101.0,1,3.503125,383.276404,21.904094,0.0,2,true,true,fine_grid,false,governance.selection=pressure_max_under_constraints;seed=continuation
0.35,independent_oracle,3c5f6b3c9bd535cff7657364dadb2efc31f2ea48,101.0,1,3.509375,383.483199,21.905858,0.0,2,true,true,fine_grid,false,governance.selection=pressure_max_under_constraints;seed=continuation
0.35,independent_oracle,3c5f6b3c9bd535cff7657364dadb2efc31f2ea48,101.0,1,3.515625,383.689816,21.907624,0.0,2,true,true,fine_grid,false,governance.selection=pressure_max_under_constraints;seed=continuation
0.35,independent_oracle,3c5f6b3c9bd535cff7657364dadb2efc31f2ea48,101.0,1,3.521875,383.896254,21.909391,0.0,2,true,true,fine_grid,false,governance.selection=pressure_max_under_constraints;seed=continuation
0.35,independent_oracle,3c5f6b3c9bd535cff7657364dadb2efc31f2ea48,101.0,1,3.528125,384.102509,21.911159,0.0,2,true,true,fine_grid,false,governance.selection=pressure_max_under_constraints;seed=continuation
0.35,independent_oracle,3c5f6b3c9bd535cff7657364dadb2efc31f2ea48,101.0,1,3.534375,384.308581,21.912929,0.0,2,true,true,fine_grid,false,governance.selection=pressure_max_under_constraints;seed=continuation
0.35,independent_oracle,3c5f6b3c9bd535cff7657364dadb2efc31f2ea48,101.0,1,3.540625,384.514467,21.914701,0.0,2,true,true,fine_grid,false,governance.selection=pressure_max_under_constraints;seed=continuation
0.35,independent_oracle,3c5f6b3c9bd535cff7657364dadb2efc31f2ea48,101.0,1,3.546875,384.720166,21.916474,0.0,2,true,true,fine_grid,false,governance.selection=pressure_max_under_constraints;seed=continuation
0.35,independent_oracle,3c5f6b3c9bd535cff7657364dadb2efc31f2ea48,101.0,1,3.553125,384.925677,21.918249,0.0,2,true,true,fine_grid,false,governance.selection=pressure_max_under_constraints;seed=continuation
0.35,independent_oracle,3c5f6b3c9bd535cff7657364dadb2efc31f2ea48,101.0,1,3.559375,385.130996,21.920025,0.0,2,true,true,fine_grid,false,governance.selection=pressure_max_under_constraints;seed=continuation
0.35,independent_oracle,3c5f6b3c9bd535cff7657364dadb2efc31f2ea48,101.0,1,3.565625,385.336124,21.921802,0.0,2,true,true,fine_grid,false,governance.selection=pressure_max_under_constraints;seed=continuation
0.35,independent_oracle,3c5f6b3c9bd535cff7657364dadb2efc31f2ea48,101.0,1,3.571875,385.541058,21.923582,0.0,2,true,true,fine_grid,false,governance.selection=pressure_max_under_constraints;seed=continuation
0.35,independent_oracle,3c5f6b3c9bd535cff7657364dadb2efc31f2ea48,101.0,1,3.578125,385.745798,21.925362,0.0,2,true,true,fine_grid,false,governance.selection=pressure_max_under_constraints;seed=continuation
0.35,independent_oracle,3c5f6b3c9bd535cff7657364dadb2efc31f2ea48,101.0,1,3.584375,385.95034,21.927144,0.0,2,true,true,fine_grid,false,governance.selection=pressure_max_under_constraints;seed=continuation
0.35,independent_oracle,3c5f6b3c9bd535cff7657364dadb2efc31f2ea48,101.0,1,3.590625,386.154685,21.928927,0.0,2,true,true,fine_grid,false,governance.selection=pressure_max_under_constraints;seed=continuation
0.35,independent_oracle,3c5f6b3c9bd535cff7657364dadb2efc31f2ea48,101.0,1,3.596875,386.35883,21.930712,0.0,2,true,true,fine_grid,false,governance.selection=pressure_max_under_constraints;seed=continuation
0.35,independent_oracle,3c5f6b3c9bd535cff7657364dadb2efc31f2ea48,101.0,1,3.603125,386.562774,21.932498,0.0,2,true,true,fine_grid,false,governance.selection=pressure_max_under_constraints;seed=continuation
0.35,independent_oracle,3c5f6b3c9bd535cff7657364dadb2efc31f2ea48,101.0,1,3.609375,386.766517,21.934285,0.0,2,true,true,fine_grid,false,governance.selection=pressure_max_under_constraints;seed=continuation
0.35,independent_oracle,3c5f6b3c9bd535cff7657364dadb2efc31f2ea48,101.0,1,3.615625,386.970055,21.936074,0.0,2,true,true,fine_grid,false,governance.selection=pressure_max_under_constraints;seed=continuation
0.35,independent_oracle,3c5f6b3c9bd535cff7657364dadb2efc31f2ea48,101.0,1,3.621875,387.17339,21.937863,0.0,2,true,true,fine_grid,false,governance.selection=pressure_max_under_constraints;seed=continuation
0.35,independent_oracle,3c5f6b3c9bd535cff7657364dadb2efc31f2ea48,101.0,1,3.628125,387.376518,21.939655,0.0,2,true,true,fine_grid,false,governance.selection=pressure_max_under_constraints;seed=continuation
0.35,independent_oracle,3c5f6b3c9bd535cff7657364dadb2efc31f2ea48,101.0,1,3.634375,387.579439,21.941447,0.0,2,true,true,fine_grid,false,governance.selection=pressure_max_under_constraints;seed=continuation
0.35,independent_oracle,3c5f6b3c9bd535cff7657364dadb2efc31f2ea48,101.0,1,3.640625,387.782152,21.943241,0.0,2,true,true,fine_grid,false,governance.selection=pressure_max_under_constraints;seed=continuation
0.35,independent_oracle,3c5f6b3c9bd535cff7657364dadb2efc31f2ea48,101.0,1,3.646875,387.984656,21.945035,0.0,2,true,true,fine_grid,false,governance.selection=pressure_max_under_constraints;seed=continuation
0.35,independent_oracle,3c5f6b3c9bd535cff7657364dadb2efc31f2ea48,101.0,1,3.653125,388.186949,21.946832,0.0,2,true,true,fine_grid,false,governance.selection=pressure_max_under_constraints;seed=continuation
0.35,independent_oracle,3c5f6b3c9bd535cff7657364dadb2efc31f2ea48,101.0,1,3.659375,388.38903,21.948629,0.0,2,true,true,fine_grid,false,governance.selection=pressure_max_under_constraints;seed=continuation
0.35,independent_oracle,3c5f6b3c9bd535cff7657364dadb2efc31f2ea48,101.0,1,3.665625,388.590899,21.950427,0.0,2,true,true,fine_grid,false,governance.selection=pressure_max_under_constraints;seed=continuation
0.35,independent_oracle,3c5f6b3c9bd535cff7657364dadb2efc31f2ea48,101.0,1,3.671875,388.792553,21.952227,0.0,2,true,true,fine_grid,false,governance.selection=pressure_max_under_constraints;seed=continuation
0.35,independent_oracle,3c5f6b3c9bd535cff7657364dadb2efc31f2ea48,101.0,1,3.678125,388.993994,21.954028,0.0,2,true,true,fine_grid,false,governance.selection=pressure_max_under_constraints;seed=continuation
0.35,independent_oracle,3c5f6b3c9bd535cff7657364dadb2efc31f2ea48,101.0,1,3.684375,389.195218,21.95583,0.0,2,true,true,fine_grid,false,governance.selection=pressure_max_under_constraints;seed=continuation
0.35,independent_oracle,3c5f6b3c9bd535cff7657364dadb2efc31f2ea48,101.0,1,3.690625,389.396226,21.957633,0.0,2,true,true,fine_grid,false,governance.selection=pressure_max_under_constraints;seed=continuation
0.35,independent_oracle,3c5f6b3c9bd535cff7657364dadb2efc31f2ea48,101.0,1,3.696875,389.597016,21.959437,0.0,2,true,true,fine_grid,false,governance.selection=pressure_max_under_constraints;seed=continuation
0.35,independent_oracle,3c5f6b3c9bd535cff7657364dadb2efc31f2ea48,101.0,1,3.703125,389.797588,21.961242,0.0,2,true,true,fine_grid,false,governance.selection=pressure_max_under_constraints;seed=continuation
0.35,independent_oracle,3c5f6b3c9bd535cff7657364dadb2efc31f2ea48,101.0,1,3.709375,389.997941,21.963048,0.0,2,true,true,fine_grid,false,governance.selection=pressure_max_under_constraints;seed=continuation
0.35,independent_oracle,3c5f6b3c9bd535cff7657364dadb2efc31f2ea48,101.0,1,3.715625,390.198073,21.964856,0.0,2,true,true,fine_grid,false,governance.selection=pressure_max_under_constraints;seed=continuation
0.35,independent_oracle,3c5f6b3c9bd535cff7657364dadb2efc31f2ea48,101.0,1,3.721875,390.397984,21.966664,0.0,2,true,true,fine_grid,false,governance.selection=pressure_max_under_constraints;seed=continuation
0.35,independent_oracle,3c5f6b3c9bd535cff7657364dadb2efc31f2ea48,101.0,1,3.728125,390.597673,21.968473,0.0,2,true,true,fine_grid,false,governance.selection=pressure_max_under_constraints;seed=continuation
0.35,independent_oracle,3c5f6b3c9bd535cff7657364dadb2efc31f2ea48,101.0,1,3.734375,390.79714,21.970284,0.0,2,true,true,fine_grid,false,governance.selection=pressure_max_under_constraints;seed=continuation
0.35,independent_oracle,3c5f6b3c9bd535cff7657364dadb2efc31f2ea48,101.0,1,3.740625,390.996383,21.972095,0.0,2,true,true,fine_grid,false,governance.selection=pressure_max_under_constraints;seed=continuation
0.35,independent_oracle,3c5f6b3c9bd535cff7657364dadb2efc31f2ea48,101.0,1,3.746875,391.195403,21.973908,0.0,2,true,true,fine_grid,false,governance.selection=pressure_max_under_constraints;seed=continuation
0.35,independent_oracle,3c5f6b3c9bd535cff7657364dadb2efc31f2ea48,101.0,1,3.753125,391.394197,21.975721,0.0,2,true,true,fine_grid,false,governance.selection=pressure_max_under_constraints;seed=continuation
0.35,independent_oracle,3c5f6b3c9bd535cff7657364dadb2efc31f2ea48,101.0,1,3.759375,391.592765,21.977535,0.0,2,true,true,fine_grid,false,governance.selection=pressure_max_under_constraints;seed=continuation
0.35,independent_oracle,3c5f6b3c9bd535cff7657364dadb2efc31f2ea48,101.0,1,3.765625,391.791108,21.979351,0.0,2,true,true,fine_grid,false,governance.selection=pressure_max_under_constraints;seed=continuation
0.35,independent_oracle,3c5f6b3c9bd535cff7657364dadb2efc31f2ea48,101.0,1,3.771875,391.989223,21.981167,0.0,2,true,true,fine_grid,false,governance.selection=pressure_max_under_constraints;seed=continuation
0.35,independent_oracle,3c5f6b3c9bd535cff7657364dadb2efc31f2ea48,101.0,1,3.778125,392.187111,21.982984,0.0,2,true,true,fine_grid,false,governance.selection=pressure_max_under_constraints;seed=continuation
0.35,independent_oracle,3c5f6b3c9bd535cff7657364dadb2efc31f2ea48,101.0,1,3.784375,392.38477,21.984802,0.0,2,true,true,fine_grid,false,governance.selection=pressure_max_under_constraints;seed=continuation
0.35,independent_oracle,3c5f6b3c9bd535cff7657364dadb2efc31f2ea48,101.0,1,3.790625,392.582201,21.986621,0.0,2,true,true,fine_grid,false,governance.selection=pressure_max_under_constraints;seed=continuation
0.35,independent_oracle,3c5f6b3c9bd535cff7657364dadb2efc31f2ea48,101.0,1,3.796875,392.779403,21.988441,0.0,2,true,true,fine_grid,false,governance.selection=pressure_max_under_constraints;seed=continuation
0.35,independent_oracle,3c5f6b3c9bd535cff7657364dadb2efc31f2ea48,101.0,1,3.803125,392.976374,21.990262,0.0,2,true,true,fine_grid,false,governance.selection=pressure_max_under_constraints;seed=continuation
0.35,independent_oracle,3c5f6b3c9bd535cff7657364dadb2efc31f2ea48,101.0,1,3.809375,393.173114,21.992083,0.0,2,true,true,fine_grid,false,governance.selection=pressure_max_under_constraints;seed=continuation
0.35,independent_oracle,3c5f6b3c9bd535cff7657364dadb2efc31f2ea48,101.0,1,3.815625,393.369624,21.993906,0.0,2,true,true,fine_grid,false,governance.selection=pressure_max_under_constraints;seed=continuation
0.35,independent_oracle,3c5f6b3c9bd535cff7657364dadb2efc31f2ea48,101.0,1,3.821875,393.565902,21.995729,0.0,2,true,true,fine_grid,false,governance.selection=pressure_max_under_constraints;seed=continuation
0.35,independent_oracle,3c5f6b3c9bd535cff7657364dadb2efc31f2ea48,101.0,1,3.828125,393.761948,21.997553,0.0,2,true,true,fine_grid,false,governance.selection=pressure_max_under_constraints;seed=continuation
0.35,independent_oracle,3c5f6b3c9bd535cff7657364dadb2efc31f2ea48,101.0,1,3.834375,393.957761,21.999378,0.0,2,true,true,fine_grid,false,governance.selection=pressure_max_under_constraints;seed=continuation
0.35,independent_oracle,3c5f6b3c9bd535cff7657364dadb2efc31f2ea48,101.0,1,3.840625,394.153341,22.001203,0.0,2,true,true,fine_grid,false,governance.selection=pressure_max_under_constraints;seed=continuation
0.35,independent_oracle,3c5f6b3c9bd535cff7657364dadb2efc31f2ea48,101.0,1,3.846875,394.348687,22.00303,0.0,2,true,true,fine_grid,false,governance.selection=pressure_max_under_constraints;seed=continuation
0.35,independent_oracle,3c5f6b3c9bd535cff7657364dadb2efc31f2ea48,101.0,1,3.853125,394.5438,22.004857,0.0,2,true,true,fine_grid,false,governance.selection=pressure_max_under_constraints;seed=continuation
0.35,independent_oracle,3c5f6b3c9bd535cff7657364dadb2efc31f2ea48,101.0,1,3.859375,394.738677,22.006685,0.0,2,true,true,fine_grid,false,governance.selection=pressure_max_under_constraints;seed=continuation
0.35,independent_oracle,3c5f6b3c9bd535cff7657364dadb2efc31f2ea48,101.0,1,3.865625,394.93332,22.008514,0.0,2,true,true,fine_grid,false,governance.selection=pressure_max_under_constraints;seed=continuation
0.35,independent_oracle,3c5f6b3c9bd535cff7657364dadb2efc31f2ea48,101.0,1,3.871875,395.127728,22.010344,0.0,2,true,true,fine_grid,false,governance.selection=pressure_max_under_constraints;seed=continuation
0.35,independent_oracle,3c5f6b3c9bd535cff7657364dadb2efc31f2ea48,101.0,1,3.878125,395.3219,22.012174,0.0,2,true,true,fine_grid,false,governance.selection=pressure_max_under_constraints;seed=continuation
0.35,independent_oracle,3c5f6b3c9bd535cff7657364dadb2efc31f2ea48,101.0,1,3.884375,395.515835,22.014005,0.0,2,true,true,fine_grid,false,governance.selection=pressure_max_under_constraints;seed=continuation
0.35,independent_oracle,3c5f6b3c9bd535cff7657364dadb2efc31f2ea48,101.0,1,3.890625,395.709535,22.015836,0.0,2,true,true,fine_grid,false,governance.selection=pressure_max_under_constraints;seed=continuation
0.35,independent_oracle,3c5f6b3c9bd535cff7657364dadb2efc31f2ea48,101.0,1,3.896875,395.902997,22.017669,0.0,2,true,true,fine_grid,false,governance.selection=pressure_max_under_constraints;seed=continuation
0.35,independent_oracle,3c5f6b3c9bd535cff7657364dadb2efc31f2ea48,101.0,1,3.903125,396.096222,22.019502,0.0,2,true,true,fine_grid,false,governance.selection=pressure_max_under_constraints;seed=continuation
0.35,independent_oracle,3c5f6b3c9bd535cff7657364dadb2efc31f2ea48,101.0,1,3.909375,396.28921,22.021336,0.0,2,true,true,fine_grid,false,governance.selection=pressure_max_under_constraints;seed=continuation
0.35,independent_oracle,3c5f6b3c9bd535cff7657364dadb2efc31f2ea48,101.0,1,3.915625,396.481959,22.02317,0.0,2,true,true,fine_grid,false,governance.selection=pressure_max_under_constraints;seed=continuation
0.35,independent_oracle,3c5f6b3c9bd535cff7657364dadb2efc31f2ea48,101.0,1,3.921875,396.674471,22.025005,0.0,2,true,true,fine_grid,false,governance.selection=pressure_max_under_constraints;seed=continuation
0.35,independent_oracle,3c5f6b3c9bd535cff7657364dadb2efc31f2ea48,101.0,1,3.928125,396.866744,22.026841,0.0,2,true,true,fine_grid,false,governance.selection=pressure_max_under_constraints;seed=continuation
0.35,independent_oracle,3c5f6b3c9bd535cff7657364dadb2efc31f2ea48,101.0,1,3.934375,397.058778,22.028677,0.0,2,true,true,fine_grid,false,governance.selection=pressure_max_under_constraints;seed=continuation
0.35,independent_oracle,3c5f6b3c9bd535cff7657364dadb2efc31f2ea48,101.0,1,3.940625,397.250574,22.030514,0.0,2,true,true,fine_grid,false,governance.selection=pressure_max_under_constraints;seed=continuation
0.35,independent_oracle,3c5f6b3c9bd535cff7657364dadb2efc31f2ea48,101.0,1,3.946875,397.44213,22.032352,0.0,2,true,true,fine_grid,false,governance.selection=pressure_max_under_constraints;seed=continuation
0.35,independent_oracle,3c5f6b3c9bd535cff7657364dadb2efc31f2ea48,101.0,1,3.953125,397.633446,22.03419,0.0,2,true,true,fine_grid,false,governance.selection=pressure_max_under_constraints;seed=continuation
0.35,independent_oracle,3c5f6b3c9bd535cff7657364dadb2efc31f2ea48,101.0,1,3.959375,397.824522,22.036029,0.0,2,true,true,fine_grid,false,governance.selection=pressure_max_under_constraints;seed=continuation
0.35,independent_oracle,3c5f6b3c9bd535cff7657364dadb2efc31f2ea48,101.0,1,3.965625,398.015359,22.037869,0.0,2,true,true,fine_grid,false,governance.selection=pressure_max_under_constraints;seed=continuation
0.35,independent_oracle,3c5f6b3c9bd535cff7657364dadb2efc31f2ea48,101.0,1,3.971875,398.205955,22.039709,0.0,2,true,true,fine_grid,false,governance.selection=pressure_max_under_constraints;seed=continuation
0.35,independent_oracle,3c5f6b3c9bd535cff7657364dadb2efc31f2ea48,101.0,1,3.978125,398.396311,22.041549,0.0,2,true,true,fine_grid,false,governance.selection=pressure_max_under_constraints;seed=continuation
0.35,independent_oracle,3c5f6b3c9bd535cff7657364dadb2efc31f2ea48,101.0,1,3.984375,398.586425,22.04339,0.0,2,true,true,fine_grid,false,governance.selection=pressure_max_under_constraints;seed=continuation
0.35,independent_oracle,3c5f6b3c9bd535cff7657364dadb2efc31f2ea48,101.0,1,3.990625,398.776299,22.045232,0.0,2,true,true,fine_grid,false,governance.selection=pressure_max_under_constraints;seed=continuation
0.35,independent_oracle,3c5f6b3c9bd535cff7657364dadb2efc31f2ea48,101.0,1,3.996875,398.965932,22.047074,0.0,2,true,true,fine_grid,false,governance.selection=pressure_max_under_constraints;seed=continuation
