xi,method,calculation_sha,T_MeV,rho_level,rho,muq_MeV,pressure_fm4,residual_norm,iterations,converged,finite,sampling_role,cache_reused,solver_message
-0.25,independent_oracle,3c5f6b3c9bd535cff7657364dadb2efc31f2ea48,41.0,0,0.0,10.810496,21.608021,0.0,49,true,true,coarse_grid,false,governance.selection=pressure_max_under_constraints;seed=continuation
-0.25,independent_oracle,3c5f6b3c9bd535cff7657364dadb2efc31f2ea48,41.0,0,0.00625,328.919982,21.608226,0.0,4,true,true,coarse_grid,false,governance.selection=pressure_max_under_constraints;seed=continuation
-0.25,independent_oracle,3c5f6b3c9bd535cff7657364dadb2efc31f2ea48,41.0,0,0.0125,338.10596,21.608428,0.0,4,true,true,coarse_grid,false,governance.selection=pressure_max_under_constraints;seed=continuation
-0.25,independent_oracle,3c5f6b3c9bd535cff7657364dadb2efc31f2ea48,41.0,0,0.01875,343.360147,21.608624,0.0,4,true,true,coarse_grid,false,governance.selection=pressure_max_under_constraints;seed=continuation
-0.25,independent_oracle,3c5f6b3c9bd535cff7657364dadb2efc31f2ea48,41.0,0,0.025,347.004497,21.608817,0.0,3,true,true,coarse_grid,false,governance.selection=pressure_max_under_constraints;seed=continuation
-0.25,independent_oracle,3c5f6b3c9bd535cff7657364dadb2efc31f2ea48,41.0,0,0.03125,349.766684,21.609005,0.0,3,true,true,coarse_grid,false,governance.selection=pressure_max_under_constraints;seed=continuation
-0.25,independent_oracle,3c5f6b3c9bd535cff7657364dadb2efc31f2ea48,41.0,0,0.0375,351.970836,21.609189,0.0,3,true,true,coarse_grid,false,governance.selection=pressure_max_under_constraints;seed=continuation
-0.25,independent_oracle,3c5f6b3c9bd535cff7657364dadb2efc31f2ea48,41.0,0,0.04375,353.78985,21.609368,0.0,3,true,true,coarse_grid,false,governance.selection=pressure_max_under_constraints;seed=continuation
-0.25,independent_oracle,3c5f6b3c9bd535cff7657364dadb2efc31f2ea48,41.0,0,0.05,355.326933,21.609543,0.0,3,true,true,coarse_grid,false,governance.selection=pressure_max_under_constraints;seed=continuation
-0.25,independent_oracle,3c5f6b3c9bd535cff7657364dadb2efc31f2ea48,41.0,0,0.05625,356.648654,21.609714,0.0,3,true,true,coarse_grid,false,governance.selection=pressure_max_under_constraints;seed=continuation
-0.25,independent_oracle,3c5f6b3c9bd535cff7657364dadb2efc31f2ea48,41.0,0,0.0625,357.800466,21.60988,0.0,3,true,true,coarse_grid,false,governance.selection=pressure_max_under_constraints;seed=continuation
-0.25,independent_oracle,3c5f6b3c9bd535cff7657364dadb2efc31f2ea48,41.0,0,0.06875,358.81479,21.610042,0.0,3,true,true,coarse_grid,false,governance.selection=pressure_max_under_constraints;seed=continuation
-0.25,independent_oracle,3c5f6b3c9bd535cff7657364dadb2efc31f2ea48,41.0,0,0.075,359.715564,21.610199,0.0,3,true,true,coarse_grid,false,governance.selection=pressure_max_under_constraints;seed=continuation
-0.25,independent_oracle,3c5f6b3c9bd535cff7657364dadb2efc31f2ea48,41.0,0,0.08125,360.520967,21.610352,0.0,3,true,true,coarse_grid,false,governance.selection=pressure_max_under_constraints;seed=continuation
-0.25,independent_oracle,3c5f6b3c9bd535cff7657364dadb2efc31f2ea48,41.0,0,0.0875,361.245129,21.6105,0.0,3,true,true,coarse_grid,false,governance.selection=pressure_max_under_constraints;seed=continuation
-0.25,independent_oracle,3c5f6b3c9bd535cff7657364dadb2efc31f2ea48,41.0,0,0.09375,361.899252,21.610644,0.0,3,true,true,coarse_grid,false,governance.selection=pressure_max_under_constraints;seed=continuation
-0.25,independent_oracle,3c5f6b3c9bd535cff7657364dadb2efc31f2ea48,41.0,0,0.1,362.492368,21.610784,0.0,3,true,true,coarse_grid,false,governance.selection=pressure_max_under_constraints;seed=continuation
-0.25,independent_oracle,3c5f6b3c9bd535cff7657364dadb2efc31f2ea48,41.0,0,0.10625,363.031863,21.610919,0.0,3,true,true,coarse_grid,false,governance.selection=pressure_max_under_constraints;seed=continuation
-0.25,independent_oracle,3c5f6b3c9bd535cff7657364dadb2efc31f2ea48,41.0,0,0.1125,363.523855,21.61105,0.0,3,true,true,coarse_grid,false,governance.selection=pressure_max_under_constraints;seed=continuation
-0.25,independent_oracle,3c5f6b3c9bd535cff7657364dadb2efc31f2ea48,41.0,0,0.11875,363.97347,21.611177,0.0,3,true,true,coarse_grid,false,governance.selection=pressure_max_under_constraints;seed=continuation
-0.25,independent_oracle,3c5f6b3c9bd535cff7657364dadb2efc31f2ea48,41.0,0,0.125,364.385045,21.611299,0.0,3,true,true,coarse_grid,false,governance.selection=pressure_max_under_constraints;seed=continuation
-0.25,independent_oracle,3c5f6b3c9bd535cff7657364dadb2efc31f2ea48,41.0,0,0.13125,364.762281,21.611416,0.0,3,true,true,coarse_grid,false,governance.selection=pressure_max_under_constraints;seed=continuation
-0.25,independent_oracle,3c5f6b3c9bd535cff7657364dadb2efc31f2ea48,41.0,0,0.1375,365.108363,21.611529,0.0,3,true,true,coarse_grid,false,governance.selection=pressure_max_under_constraints;seed=continuation
-0.25,independent_oracle,3c5f6b3c9bd535cff7657364dadb2efc31f2ea48,41.0,0,0.14375,365.426049,21.611638,0.0,3,true,true,coarse_grid,false,governance.selection=pressure_max_under_constraints;seed=continuation
-0.25,independent_oracle,3c5f6b3c9bd535cff7657364dadb2efc31f2ea48,41.0,0,0.15,365.717748,21.611742,0.0,3,true,true,coarse_grid,false,governance.selection=pressure_max_under_constraints;seed=continuation
-0.25,independent_oracle,3c5f6b3c9bd535cff7657364dadb2efc31f2ea48,41.0,0,0.15625,365.985571,21.611842,0.0,3,true,true,coarse_grid,false,governance.selection=pressure_max_under_constraints;seed=continuation
-0.25,independent_oracle,3c5f6b3c9bd535cff7657364dadb2efc31f2ea48,41.0,0,0.1625,366.231383,21.611937,0.0,3,true,true,coarse_grid,false,governance.selection=pressure_max_under_constraints;seed=continuation
-0.25,independent_oracle,3c5f6b3c9bd535cff7657364dadb2efc31f2ea48,41.0,0,0.16875,366.456836,21.612028,0.0,3,true,true,coarse_grid,false,governance.selection=pressure_max_under_constraints;seed=continuation
-0.25,independent_oracle,3c5f6b3c9bd535cff7657364dadb2efc31f2ea48,41.0,0,0.175,366.663403,21.612114,0.0,3,true,true,coarse_grid,false,governance.selection=pressure_max_under_constraints;seed=continuation
-0.25,independent_oracle,3c5f6b3c9bd535cff7657364dadb2efc31f2ea48,41.0,0,0.18125,366.852401,21.612196,0.0,3,true,true,coarse_grid,false,governance.selection=pressure_max_under_constraints;seed=continuation
-0.25,independent_oracle,3c5f6b3c9bd535cff7657364dadb2efc31f2ea48,41.0,0,0.1875,367.025013,21.612274,0.0,3,true,true,coarse_grid,false,governance.selection=pressure_max_under_constraints;seed=continuation
-0.25,independent_oracle,3c5f6b3c9bd535cff7657364dadb2efc31f2ea48,41.0,0,0.19375,367.182306,21.612346,0.0,3,true,true,coarse_grid,false,governance.selection=pressure_max_under_constraints;seed=continuation
-0.25,independent_oracle,3c5f6b3c9bd535cff7657364dadb2efc31f2ea48,41.0,0,0.2,367.325246,21.612415,0.0,3,true,true,coarse_grid,false,governance.selection=pressure_max_under_constraints;seed=continuation
-0.25,independent_oracle,3c5f6b3c9bd535cff7657364dadb2efc31f2ea48,41.0,0,0.20625,367.454709,21.612479,0.0,3,true,true,coarse_grid,false,governance.selection=pressure_max_under_constraints;seed=continuation
-0.25,independent_oracle,3c5f6b3c9bd535cff7657364dadb2efc31f2ea48,41.0,0,0.2125,367.571494,21.612538,0.0,3,true,true,coarse_grid,false,governance.selection=pressure_max_under_constraints;seed=continuation
-0.25,independent_oracle,3c5f6b3c9bd535cff7657364dadb2efc31f2ea48,41.0,0,0.21875,367.676327,21.612593,0.0,3,true,true,coarse_grid,false,governance.selection=pressure_max_under_constraints;seed=continuation
-0.25,independent_oracle,3c5f6b3c9bd535cff7657364dadb2efc31f2ea48,41.0,0,0.225,367.769878,21.612644,0.0,3,true,true,coarse_grid,false,governance.selection=pressure_max_under_constraints;seed=continuation
-0.25,independent_oracle,3c5f6b3c9bd535cff7657364dadb2efc31f2ea48,41.0,0,0.23125,367.852757,21.61269,0.0,3,true,true,coarse_grid,false,governance.selection=pressure_max_under_constraints;seed=continuation
-0.25,independent_oracle,3c5f6b3c9bd535cff7657364dadb2efc31f2ea48,41.0,0,0.2375,367.925528,21.612731,0.0,3,true,true,coarse_grid,false,governance.selection=pressure_max_under_constraints;seed=continuation
-0.25,independent_oracle,3c5f6b3c9bd535cff7657364dadb2efc31f2ea48,41.0,0,0.24375,367.988711,21.612768,0.0,3,true,true,coarse_grid,false,governance.selection=pressure_max_under_constraints;seed=continuation
-0.25,independent_oracle,3c5f6b3c9bd535cff7657364dadb2efc31f2ea48,41.0,0,0.25,368.042786,21.612801,0.0,3,true,true,coarse_grid,false,governance.selection=pressure_max_under_constraints;seed=continuation
-0.25,independent_oracle,3c5f6b3c9bd535cff7657364dadb2efc31f2ea48,41.0,0,0.25625,368.088196,21.612829,0.0,3,true,true,coarse_grid,false,governance.selection=pressure_max_under_constraints;seed=continuation
-0.25,independent_oracle,3c5f6b3c9bd535cff7657364dadb2efc31f2ea48,41.0,0,0.2625,368.125355,21.612852,0.0,3,true,true,coarse_grid,false,governance.selection=pressure_max_under_constraints;seed=continuation
-0.25,independent_oracle,3c5f6b3c9bd535cff7657364dadb2efc31f2ea48,41.0,0,0.26875,368.154645,21.612871,0.0,3,true,true,coarse_grid,false,governance.selection=pressure_max_under_constraints;seed=continuation
-0.25,independent_oracle,3c5f6b3c9bd535cff7657364dadb2efc31f2ea48,41.0,0,0.275,368.176425,21.612885,0.0,3,true,true,coarse_grid,false,governance.selection=pressure_max_under_constraints;seed=continuation
-0.25,independent_oracle,3c5f6b3c9bd535cff7657364dadb2efc31f2ea48,41.0,0,0.28125,368.191026,21.612895,0.0,2,true,true,coarse_grid,false,governance.selection=pressure_max_under_constraints;seed=continuation
-0.25,independent_oracle,3c5f6b3c9bd535cff7657364dadb2efc31f2ea48,41.0,0,0.2875,368.198759,21.612901,0.0,2,true,true,coarse_grid,false,governance.selection=pressure_max_under_constraints;seed=continuation
-0.25,independent_oracle,3c5f6b3c9bd535cff7657364dadb2efc31f2ea48,41.0,0,0.29375,368.199916,21.612901,0.0,2,true,true,coarse_grid,false,governance.selection=pressure_max_under_constraints;seed=continuation
-0.25,independent_oracle,3c5f6b3c9bd535cff7657364dadb2efc31f2ea48,41.0,0,0.3,368.19477,21.612898,0.0,2,true,true,coarse_grid,false,governance.selection=pressure_max_under_constraints;seed=continuation
-0.25,independent_oracle,3c5f6b3c9bd535cff7657364dadb2efc31f2ea48,41.0,0,0.30625,368.183576,21.612889,0.0,2,true,true,coarse_grid,false,governance.selection=pressure_max_under_constraints;seed=continuation
-0.25,independent_oracle,3c5f6b3c9bd535cff7657364dadb2efc31f2ea48,41.0,0,0.3125,368.166574,21.612877,0.0,2,true,true,coarse_grid,false,governance.selection=pressure_max_under_constraints;seed=continuation
-0.25,independent_oracle,3c5f6b3c9bd535cff7657364dadb2efc31f2ea48,41.0,0,0.31875,368.143991,21.612859,0.0,2,true,true,coarse_grid,false,governance.selection=pressure_max_under_constraints;seed=continuation
-0.25,independent_oracle,3c5f6b3c9bd535cff7657364dadb2efc31f2ea48,41.0,0,0.325,368.11604,21.612837,0.0,2,true,true,coarse_grid,false,governance.selection=pressure_max_under_constraints;seed=continuation
-0.25,independent_oracle,3c5f6b3c9bd535cff7657364dadb2efc31f2ea48,41.0,0,0.33125,368.082922,21.612811,0.0,2,true,true,coarse_grid,false,governance.selection=pressure_max_under_constraints;seed=continuation
-0.25,independent_oracle,3c5f6b3c9bd535cff7657364dadb2efc31f2ea48,41.0,0,0.3375,368.044826,21.61278,0.0,2,true,true,coarse_grid,false,governance.selection=pressure_max_under_constraints;seed=continuation
-0.25,independent_oracle,3c5f6b3c9bd535cff7657364dadb2efc31f2ea48,41.0,0,0.34375,368.001931,21.612744,0.0,2,true,true,coarse_grid,false,governance.selection=pressure_max_under_constraints;seed=continuation
-0.25,independent_oracle,3c5f6b3c9bd535cff7657364dadb2efc31f2ea48,41.0,0,0.35,367.954408,21.612704,0.0,2,true,true,coarse_grid,false,governance.selection=pressure_max_under_constraints;seed=continuation
-0.25,independent_oracle,3c5f6b3c9bd535cff7657364dadb2efc31f2ea48,41.0,0,0.35625,367.902417,21.61266,0.0,2,true,true,coarse_grid,false,governance.selection=pressure_max_under_constraints;seed=continuation
-0.25,independent_oracle,3c5f6b3c9bd535cff7657364dadb2efc31f2ea48,41.0,0,0.3625,367.84611,21.61261,0.0,2,true,true,coarse_grid,false,governance.selection=pressure_max_under_constraints;seed=continuation
-0.25,independent_oracle,3c5f6b3c9bd535cff7657364dadb2efc31f2ea48,41.0,0,0.36875,367.785631,21.612557,0.0,2,true,true,coarse_grid,false,governance.selection=pressure_max_under_constraints;seed=continuation
-0.25,independent_oracle,3c5f6b3c9bd535cff7657364dadb2efc31f2ea48,41.0,0,0.375,367.721119,21.612498,0.0,2,true,true,coarse_grid,false,governance.selection=pressure_max_under_constraints;seed=continuation
-0.25,independent_oracle,3c5f6b3c9bd535cff7657364dadb2efc31f2ea48,41.0,0,0.38125,367.652704,21.612435,0.0,2,true,true,coarse_grid,false,governance.selection=pressure_max_under_constraints;seed=continuation
-0.25,independent_oracle,3c5f6b3c9bd535cff7657364dadb2efc31f2ea48,41.0,0,0.3875,367.58051,21.612368,0.0,2,true,true,coarse_grid,false,governance.selection=pressure_max_under_constraints;seed=continuation
-0.25,independent_oracle,3c5f6b3c9bd535cff7657364dadb2efc31f2ea48,41.0,0,0.39375,367.504655,21.612296,0.0,2,true,true,coarse_grid,false,governance.selection=pressure_max_under_constraints;seed=continuation
-0.25,independent_oracle,3c5f6b3c9bd535cff7657364dadb2efc31f2ea48,41.0,0,0.4,367.425252,21.612219,0.0,2,true,true,coarse_grid,false,governance.selection=pressure_max_under_constraints;seed=continuation
-0.25,independent_oracle,3c5f6b3c9bd535cff7657364dadb2efc31f2ea48,41.0,0,0.40625,367.342409,21.612138,0.0,2,true,true,coarse_grid,false,governance.selection=pressure_max_under_constraints;seed=continuation
-0.25,independent_oracle,3c5f6b3c9bd535cff7657364dadb2efc31f2ea48,41.0,0,0.4125,367.256228,21.612052,0.0,2,true,true,coarse_grid,false,governance.selection=pressure_max_under_constraints;seed=continuation
-0.25,independent_oracle,3c5f6b3c9bd535cff7657364dadb2efc31f2ea48,41.0,0,0.41875,367.166807,21.611962,0.0,2,true,true,coarse_grid,false,governance.selection=pressure_max_under_constraints;seed=continuation
-0.25,independent_oracle,3c5f6b3c9bd535cff7657364dadb2efc31f2ea48,41.0,0,0.425,367.074241,21.611867,0.0,2,true,true,coarse_grid,false,governance.selection=pressure_max_under_constraints;seed=continuation
-0.25,independent_oracle,3c5f6b3c9bd535cff7657364dadb2efc31f2ea48,41.0,0,0.43125,366.978619,21.611767,0.0,2,true,true,coarse_grid,false,governance.selection=pressure_max_under_constraints;seed=continuation
-0.25,independent_oracle,3c5f6b3c9bd535cff7657364dadb2efc31f2ea48,41.0,0,0.4375,366.880028,21.611663,0.0,2,true,true,coarse_grid,false,governance.selection=pressure_max_under_constraints;seed=continuation
-0.25,independent_oracle,3c5f6b3c9bd535cff7657364dadb2efc31f2ea48,41.0,0,0.44375,366.778548,21.611554,0.0,2,true,true,coarse_grid,false,governance.selection=pressure_max_under_constraints;seed=continuation
-0.25,independent_oracle,3c5f6b3c9bd535cff7657364dadb2efc31f2ea48,41.0,0,0.45,366.674259,21.611441,0.0,2,true,true,coarse_grid,false,governance.selection=pressure_max_under_constraints;seed=continuation
-0.25,independent_oracle,3c5f6b3c9bd535cff7657364dadb2efc31f2ea48,41.0,0,0.45625,366.567238,21.611323,0.0,2,true,true,coarse_grid,false,governance.selection=pressure_max_under_constraints;seed=continuation
-0.25,independent_oracle,3c5f6b3c9bd535cff7657364dadb2efc31f2ea48,41.0,0,0.4625,366.457556,21.6112,0.0,2,true,true,coarse_grid,false,governance.selection=pressure_max_under_constraints;seed=continuation
-0.25,independent_oracle,3c5f6b3c9bd535cff7657364dadb2efc31f2ea48,41.0,0,0.46875,366.345284,21.611073,0.0,2,true,true,coarse_grid,false,governance.selection=pressure_max_under_constraints;seed=continuation
-0.25,independent_oracle,3c5f6b3c9bd535cff7657364dadb2efc31f2ea48,41.0,0,0.475,366.230487,21.610941,0.0,2,true,true,coarse_grid,false,governance.selection=pressure_max_under_constraints;seed=continuation
-0.25,independent_oracle,3c5f6b3c9bd535cff7657364dadb2efc31f2ea48,41.0,0,0.48125,366.113232,21.610805,0.0,2,true,true,coarse_grid,false,governance.selection=pressure_max_under_constraints;seed=continuation
-0.25,independent_oracle,3c5f6b3c9bd535cff7657364dadb2efc31f2ea48,41.0,0,0.4875,365.99358,21.610664,0.0,2,true,true,coarse_grid,false,governance.selection=pressure_max_under_constraints;seed=continuation
-0.25,independent_oracle,3c5f6b3c9bd535cff7657364dadb2efc31f2ea48,41.0,0,0.49375,365.87159,21.610518,0.0,2,true,true,coarse_grid,false,governance.selection=pressure_max_under_constraints;seed=continuation
-0.25,independent_oracle,3c5f6b3c9bd535cff7657364dadb2efc31f2ea48,41.0,0,0.5,365.747321,21.610368,0.0,2,true,true,coarse_grid,false,governance.selection=pressure_max_under_constraints;seed=continuation
-0.25,independent_oracle,3c5f6b3c9bd535cff7657364dadb2efc31f2ea48,41.0,0,0.50625,365.620827,21.610213,0.0,2,true,true,coarse_grid,false,governance.selection=pressure_max_under_constraints;seed=continuation
-0.25,independent_oracle,3c5f6b3c9bd535cff7657364dadb2efc31f2ea48,41.0,0,0.5125,365.492162,21.610054,0.0,2,true,true,coarse_grid,false,governance.selection=pressure_max_under_constraints;seed=continuation
-0.25,independent_oracle,3c5f6b3c9bd535cff7657364dadb2efc31f2ea48,41.0,0,0.51875,365.361378,21.60989,0.0,2,true,true,coarse_grid,false,governance.selection=pressure_max_under_constraints;seed=continuation
-0.25,independent_oracle,3c5f6b3c9bd535cff7657364dadb2efc31f2ea48,41.0,0,0.525,365.228524,21.609721,0.0,2,true,true,coarse_grid,false,governance.selection=pressure_max_under_constraints;seed=continuation
-0.25,independent_oracle,3c5f6b3c9bd535cff7657364dadb2efc31f2ea48,41.0,0,0.53125,365.093648,21.609548,0.0,2,true,true,coarse_grid,false,governance.selection=pressure_max_under_constraints;seed=continuation
-0.25,independent_oracle,3c5f6b3c9bd535cff7657364dadb2efc31f2ea48,41.0,0,0.5375,364.956797,21.60937,0.0,2,true,true,coarse_grid,false,governance.selection=pressure_max_under_constraints;seed=continuation
-0.25,independent_oracle,3c5f6b3c9bd535cff7657364dadb2efc31f2ea48,41.0,0,0.54375,364.818016,21.609187,0.0,2,true,true,coarse_grid,false,governance.selection=pressure_max_under_constraints;seed=continuation
-0.25,independent_oracle,3c5f6b3c9bd535cff7657364dadb2efc31f2ea48,41.0,0,0.55,364.677348,21.609,0.0,2,true,true,coarse_grid,false,governance.selection=pressure_max_under_constraints;seed=continuation
-0.25,independent_oracle,3c5f6b3c9bd535cff7657364dadb2efc31f2ea48,41.0,0,0.55625,364.534835,21.608809,0.0,2,true,true,coarse_grid,false,governance.selection=pressure_max_under_constraints;seed=continuation
-0.25,independent_oracle,3c5f6b3c9bd535cff7657364dadb2efc31f2ea48,41.0,0,0.5625,364.390517,21.608612,0.0,2,true,true,coarse_grid,false,governance.selection=pressure_max_under_constraints;seed=continuation
-0.25,independent_oracle,3c5f6b3c9bd535cff7657364dadb2efc31f2ea48,41.0,0,0.56875,364.244434,21.608411,0.0,2,true,true,coarse_grid,false,governance.selection=pressure_max_under_constraints;seed=continuation
-0.25,independent_oracle,3c5f6b3c9bd535cff7657364dadb2efc31f2ea48,41.0,0,0.575,364.096624,21.608206,0.0,2,true,true,coarse_grid,false,governance.selection=pressure_max_under_constraints;seed=continuation
-0.25,independent_oracle,3c5f6b3c9bd535cff7657364dadb2efc31f2ea48,41.0,0,0.58125,363.947124,21.607995,0.0,2,true,true,coarse_grid,false,governance.selection=pressure_max_under_constraints;seed=continuation
-0.25,independent_oracle,3c5f6b3c9bd535cff7657364dadb2efc31f2ea48,41.0,0,0.5875,363.795969,21.60778,0.0,2,true,true,coarse_grid,false,governance.selection=pressure_max_under_constraints;seed=continuation
-0.25,independent_oracle,3c5f6b3c9bd535cff7657364dadb2efc31f2ea48,41.0,0,0.59375,363.643195,21.607561,0.0,2,true,true,coarse_grid,false,governance.selection=pressure_max_under_constraints;seed=continuation
-0.25,independent_oracle,3c5f6b3c9bd535cff7657364dadb2efc31f2ea48,41.0,0,0.6,363.488835,21.607337,0.0,2,true,true,coarse_grid,false,governance.selection=pressure_max_under_constraints;seed=continuation
-0.25,independent_oracle,3c5f6b3c9bd535cff7657364dadb2efc31f2ea48,41.0,0,0.60625,363.332922,21.607108,0.0,2,true,true,coarse_grid,false,governance.selection=pressure_max_under_constraints;seed=continuation
-0.25,independent_oracle,3c5f6b3c9bd535cff7657364dadb2efc31f2ea48,41.0,0,0.6125,363.175487,21.606875,0.0,2,true,true,coarse_grid,false,governance.selection=pressure_max_under_constraints;seed=continuation
-0.25,independent_oracle,3c5f6b3c9bd535cff7657364dadb2efc31f2ea48,41.0,0,0.61875,363.016562,21.606637,0.0,2,true,true,coarse_grid,false,governance.selection=pressure_max_under_constraints;seed=continuation
-0.25,independent_oracle,3c5f6b3c9bd535cff7657364dadb2efc31f2ea48,41.0,0,0.625,362.856176,21.606394,0.0,2,true,true,coarse_grid,false,governance.selection=pressure_max_under_constraints;seed=continuation
-0.25,independent_oracle,3c5f6b3c9bd535cff7657364dadb2efc31f2ea48,41.0,0,0.63125,362.694358,21.606147,0.0,2,true,true,coarse_grid,false,governance.selection=pressure_max_under_constraints;seed=continuation
-0.25,independent_oracle,3c5f6b3c9bd535cff7657364dadb2efc31f2ea48,41.0,0,0.6375,362.531137,21.605895,0.0,2,true,true,coarse_grid,false,governance.selection=pressure_max_under_constraints;seed=continuation
-0.25,independent_oracle,3c5f6b3c9bd535cff7657364dadb2efc31f2ea48,41.0,0,0.64375,362.366541,21.605638,0.0,2,true,true,coarse_grid,false,governance.selection=pressure_max_under_constraints;seed=continuation
-0.25,independent_oracle,3c5f6b3c9bd535cff7657364dadb2efc31f2ea48,41.0,0,0.65,362.200596,21.605377,0.0,2,true,true,coarse_grid,false,governance.selection=pressure_max_under_constraints;seed=continuation
-0.25,independent_oracle,3c5f6b3c9bd535cff7657364dadb2efc31f2ea48,41.0,0,0.65625,362.033328,21.605112,0.0,2,true,true,coarse_grid,false,governance.selection=pressure_max_under_constraints;seed=continuation
-0.25,independent_oracle,3c5f6b3c9bd535cff7657364dadb2efc31f2ea48,41.0,0,0.6625,361.864763,21.604841,0.0,2,true,true,coarse_grid,false,governance.selection=pressure_max_under_constraints;seed=continuation
-0.25,independent_oracle,3c5f6b3c9bd535cff7657364dadb2efc31f2ea48,41.0,0,0.66875,361.694926,21.604566,0.0,2,true,true,coarse_grid,false,governance.selection=pressure_max_under_constraints;seed=continuation
-0.25,independent_oracle,3c5f6b3c9bd535cff7657364dadb2efc31f2ea48,41.0,0,0.675,361.523841,21.604287,0.0,2,true,true,coarse_grid,false,governance.selection=pressure_max_under_constraints;seed=continuation
-0.25,independent_oracle,3c5f6b3c9bd535cff7657364dadb2efc31f2ea48,41.0,0,0.68125,361.351531,21.604002,0.0,2,true,true,coarse_grid,false,governance.selection=pressure_max_under_constraints;seed=continuation
-0.25,independent_oracle,3c5f6b3c9bd535cff7657364dadb2efc31f2ea48,41.0,0,0.6875,361.17802,21.603714,0.0,2,true,true,coarse_grid,false,governance.selection=pressure_max_under_constraints;seed=continuation
-0.25,independent_oracle,3c5f6b3c9bd535cff7657364dadb2efc31f2ea48,41.0,0,0.69375,361.00333,21.60342,0.0,2,true,true,coarse_grid,false,governance.selection=pressure_max_under_constraints;seed=continuation
-0.25,independent_oracle,3c5f6b3c9bd535cff7657364dadb2efc31f2ea48,41.0,0,0.7,360.827483,21.603122,0.0,2,true,true,coarse_grid,false,governance.selection=pressure_max_under_constraints;seed=continuation
-0.25,independent_oracle,3c5f6b3c9bd535cff7657364dadb2efc31f2ea48,41.0,0,0.70625,360.6505,21.602819,0.0,2,true,true,coarse_grid,false,governance.selection=pressure_max_under_constraints;seed=continuation
-0.25,independent_oracle,3c5f6b3c9bd535cff7657364dadb2efc31f2ea48,41.0,0,0.7125,360.472403,21.602512,0.0,2,true,true,coarse_grid,false,governance.selection=pressure_max_under_constraints;seed=continuation
-0.25,independent_oracle,3c5f6b3c9bd535cff7657364dadb2efc31f2ea48,41.0,0,0.71875,360.293212,21.6022,0.0,2,true,true,coarse_grid,false,governance.selection=pressure_max_under_constraints;seed=continuation
-0.25,independent_oracle,3c5f6b3c9bd535cff7657364dadb2efc31f2ea48,41.0,0,0.725,360.112947,21.601883,0.0,2,true,true,coarse_grid,false,governance.selection=pressure_max_under_constraints;seed=continuation
-0.25,independent_oracle,3c5f6b3c9bd535cff7657364dadb2efc31f2ea48,41.0,0,0.73125,359.931628,21.601562,0.0,2,true,true,coarse_grid,false,governance.selection=pressure_max_under_constraints;seed=continuation
-0.25,independent_oracle,3c5f6b3c9bd535cff7657364dadb2efc31f2ea48,41.0,0,0.7375,359.749273,21.601237,0.0,2,true,true,coarse_grid,false,governance.selection=pressure_max_under_constraints;seed=continuation
-0.25,independent_oracle,3c5f6b3c9bd535cff7657364dadb2efc31f2ea48,41.0,0,0.74375,359.565901,21.600906,0.0,2,true,true,coarse_grid,false,governance.selection=pressure_max_under_constraints;seed=continuation
-0.25,independent_oracle,3c5f6b3c9bd535cff7657364dadb2efc31f2ea48,41.0,0,0.75,359.381532,21.600571,0.0,2,true,true,coarse_grid,false,governance.selection=pressure_max_under_constraints;seed=continuation
-0.25,independent_oracle,3c5f6b3c9bd535cff7657364dadb2efc31f2ea48,41.0,0,0.75625,359.196182,21.600232,0.0,2,true,true,coarse_grid,false,governance.selection=pressure_max_under_constraints;seed=continuation
-0.25,independent_oracle,3c5f6b3c9bd535cff7657364dadb2efc31f2ea48,41.0,0,0.7625,359.00987,21.599888,0.0,2,true,true,coarse_grid,false,governance.selection=pressure_max_under_constraints;seed=continuation
-0.25,independent_oracle,3c5f6b3c9bd535cff7657364dadb2efc31f2ea48,41.0,0,0.76875,358.822613,21.599539,0.0,2,true,true,coarse_grid,false,governance.selection=pressure_max_under_constraints;seed=continuation
-0.25,independent_oracle,3c5f6b3c9bd535cff7657364dadb2efc31f2ea48,41.0,0,0.775,358.634428,21.599185,0.0,2,true,true,coarse_grid,false,governance.selection=pressure_max_under_constraints;seed=continuation
-0.25,independent_oracle,3c5f6b3c9bd535cff7657364dadb2efc31f2ea48,41.0,0,0.78125,358.445331,21.598828,0.0,2,true,true,coarse_grid,false,governance.selection=pressure_max_under_constraints;seed=continuation
-0.25,independent_oracle,3c5f6b3c9bd535cff7657364dadb2efc31f2ea48,41.0,0,0.7875,358.255339,21.598465,0.0,2,true,true,coarse_grid,false,governance.selection=pressure_max_under_constraints;seed=continuation
-0.25,independent_oracle,3c5f6b3c9bd535cff7657364dadb2efc31f2ea48,41.0,0,0.79375,358.064469,21.598098,0.0,2,true,true,coarse_grid,false,governance.selection=pressure_max_under_constraints;seed=continuation
-0.25,independent_oracle,3c5f6b3c9bd535cff7657364dadb2efc31f2ea48,41.0,0,0.8,357.872734,21.597726,0.0,2,true,true,coarse_grid,false,governance.selection=pressure_max_under_constraints;seed=continuation
-0.25,independent_oracle,3c5f6b3c9bd535cff7657364dadb2efc31f2ea48,41.0,0,0.80625,357.680153,21.59735,0.0,2,true,true,coarse_grid,false,governance.selection=pressure_max_under_constraints;seed=continuation
-0.25,independent_oracle,3c5f6b3c9bd535cff7657364dadb2efc31f2ea48,41.0,0,0.8125,357.486738,21.596969,0.0,2,true,true,coarse_grid,false,governance.selection=pressure_max_under_constraints;seed=continuation
-0.25,independent_oracle,3c5f6b3c9bd535cff7657364dadb2efc31f2ea48,41.0,0,0.81875,357.292507,21.596584,0.0,2,true,true,coarse_grid,false,governance.selection=pressure_max_under_constraints;seed=continuation
-0.25,independent_oracle,3c5f6b3c9bd535cff7657364dadb2efc31f2ea48,41.0,0,0.825,357.097472,21.596194,0.0,2,true,true,coarse_grid,false,governance.selection=pressure_max_under_constraints;seed=continuation
-0.25,independent_oracle,3c5f6b3c9bd535cff7657364dadb2efc31f2ea48,41.0,0,0.83125,356.90165,21.595799,0.0,2,true,true,coarse_grid,false,governance.selection=pressure_max_under_constraints;seed=continuation
-0.25,independent_oracle,3c5f6b3c9bd535cff7657364dadb2efc31f2ea48,41.0,0,0.8375,356.705053,21.5954,0.0,2,true,true,coarse_grid,false,governance.selection=pressure_max_under_constraints;seed=continuation
-0.25,independent_oracle,3c5f6b3c9bd535cff7657364dadb2efc31f2ea48,41.0,0,0.84375,356.507697,21.594997,0.0,2,true,true,coarse_grid,false,governance.selection=pressure_max_under_constraints;seed=continuation
-0.25,independent_oracle,3c5f6b3c9bd535cff7657364dadb2efc31f2ea48,41.0,0,0.85,356.309596,21.594589,0.0,2,true,true,coarse_grid,false,governance.selection=pressure_max_under_constraints;seed=continuation
-0.25,independent_oracle,3c5f6b3c9bd535cff7657364dadb2efc31f2ea48,41.0,0,0.85625,356.110762,21.594176,0.0,2,true,true,coarse_grid,false,governance.selection=pressure_max_under_constraints;seed=continuation
-0.25,independent_oracle,3c5f6b3c9bd535cff7657364dadb2efc31f2ea48,41.0,0,0.8625,355.911209,21.593759,0.0,2,true,true,coarse_grid,false,governance.selection=pressure_max_under_constraints;seed=continuation
-0.25,independent_oracle,3c5f6b3c9bd535cff7657364dadb2efc31f2ea48,41.0,0,0.86875,355.710951,21.593337,0.0,2,true,true,coarse_grid,false,governance.selection=pressure_max_under_constraints;seed=continuation
-0.25,independent_oracle,3c5f6b3c9bd535cff7657364dadb2efc31f2ea48,41.0,0,0.875,355.510002,21.592911,0.0,2,true,true,coarse_grid,false,governance.selection=pressure_max_under_constraints;seed=continuation
-0.25,independent_oracle,3c5f6b3c9bd535cff7657364dadb2efc31f2ea48,41.0,0,0.88125,355.308373,21.59248,0.0,2,true,true,coarse_grid,false,governance.selection=pressure_max_under_constraints;seed=continuation
-0.25,independent_oracle,3c5f6b3c9bd535cff7657364dadb2efc31f2ea48,41.0,0,0.8875,355.106078,21.592045,0.0,2,true,true,coarse_grid,false,governance.selection=pressure_max_under_constraints;seed=continuation
-0.25,independent_oracle,3c5f6b3c9bd535cff7657364dadb2efc31f2ea48,41.0,0,0.89375,354.90313,21.591606,0.0,2,true,true,coarse_grid,false,governance.selection=pressure_max_under_constraints;seed=continuation
-0.25,independent_oracle,3c5f6b3c9bd535cff7657364dadb2efc31f2ea48,41.0,0,0.9,354.699541,21.591161,0.0,2,true,true,coarse_grid,false,governance.selection=pressure_max_under_constraints;seed=continuation
-0.25,independent_oracle,3c5f6b3c9bd535cff7657364dadb2efc31f2ea48,41.0,0,0.90625,354.495324,21.590713,0.0,2,true,true,coarse_grid,false,governance.selection=pressure_max_under_constraints;seed=continuation
-0.25,independent_oracle,3c5f6b3c9bd535cff7657364dadb2efc31f2ea48,41.0,0,0.9125,354.290491,21.59026,0.0,2,true,true,coarse_grid,false,governance.selection=pressure_max_under_constraints;seed=continuation
-0.25,independent_oracle,3c5f6b3c9bd535cff7657364dadb2efc31f2ea48,41.0,0,0.91875,354.085055,21.589802,0.0,2,true,true,coarse_grid,false,governance.selection=pressure_max_under_constraints;seed=continuation
-0.25,independent_oracle,3c5f6b3c9bd535cff7657364dadb2efc31f2ea48,41.0,0,0.925,353.879026,21.58934,0.0,2,true,true,coarse_grid,false,governance.selection=pressure_max_under_constraints;seed=continuation
-0.25,independent_oracle,3c5f6b3c9bd535cff7657364dadb2efc31f2ea48,41.0,0,0.93125,353.672418,21.588874,0.0,2,true,true,coarse_grid,false,governance.selection=pressure_max_under_constraints;seed=continuation
-0.25,independent_oracle,3c5f6b3c9bd535cff7657364dadb2efc31f2ea48,41.0,0,0.9375,353.465243,21.588403,0.0,2,true,true,coarse_grid,false,governance.selection=pressure_max_under_constraints;seed=continuation
-0.25,independent_oracle,3c5f6b3c9bd535cff7657364dadb2efc31f2ea48,41.0,0,0.94375,353.257511,21.587928,0.0,2,true,true,coarse_grid,false,governance.selection=pressure_max_under_constraints;seed=continuation
-0.25,independent_oracle,3c5f6b3c9bd535cff7657364dadb2efc31f2ea48,41.0,0,0.95,353.049236,21.587448,0.0,2,true,true,coarse_grid,false,governance.selection=pressure_max_under_constraints;seed=continuation
-0.25,independent_oracle,3c5f6b3c9bd535cff7657364dadb2efc31f2ea48,41.0,0,0.95625,352.840428,21.586964,0.0,2,true,true,coarse_grid,false,governance.selection=pressure_max_under_constraints;seed=continuation
-0.25,independent_oracle,3c5f6b3c9bd535cff7657364dadb2efc31f2ea48,41.0,0,0.9625,352.6311,21.586475,0.0,2,true,true,coarse_grid,false,governance.selection=pressure_max_under_constraints;seed=continuation
-0.25,independent_oracle,3c5f6b3c9bd535cff7657364dadb2efc31f2ea48,41.0,0,0.96875,352.421262,21.585982,0.0,2,true,true,coarse_grid,false,governance.selection=pressure_max_under_constraints;seed=continuation
-0.25,independent_oracle,3c5f6b3c9bd535cff7657364dadb2efc31f2ea48,41.0,0,0.975,352.210927,21.585485,0.0,2,true,true,coarse_grid,false,governance.selection=pressure_max_under_constraints;seed=continuation
-0.25,independent_oracle,3c5f6b3c9bd535cff7657364dadb2efc31f2ea48,41.0,0,0.98125,352.000105,21.584983,0.0,2,true,true,coarse_grid,false,governance.selection=pressure_max_under_constraints;seed=continuation
-0.25,independent_oracle,3c5f6b3c9bd535cff7657364dadb2efc31f2ea48,41.0,0,0.9875,351.788808,21.584477,0.0,2,true,true,coarse_grid,false,governance.selection=pressure_max_under_constraints;seed=continuation
-0.25,independent_oracle,3c5f6b3c9bd535cff7657364dadb2efc31f2ea48,41.0,0,0.99375,351.577048,21.583967,0.0,2,true,true,coarse_grid,false,governance.selection=pressure_max_under_constraints;seed=continuation
-0.25,independent_oracle,3c5f6b3c9bd535cff7657364dadb2efc31f2ea48,41.0,0,1.0,351.364836,21.583453,0.0,2,true,true,coarse_grid,false,governance.selection=pressure_max_under_constraints;seed=continuation
-0.25,independent_oracle,3c5f6b3c9bd535cff7657364dadb2efc31f2ea48,41.0,0,1.00625,351.152183,21.582934,0.0,2,true,true,coarse_grid,false,governance.selection=pressure_max_under_constraints;seed=continuation
-0.25,independent_oracle,3c5f6b3c9bd535cff7657364dadb2efc31f2ea48,41.0,0,1.0125,350.9391,21.58241,0.0,2,true,true,coarse_grid,false,governance.selection=pressure_max_under_constraints;seed=continuation
-0.25,independent_oracle,3c5f6b3c9bd535cff7657364dadb2efc31f2ea48,41.0,0,1.01875,350.725599,21.581883,0.0,2,true,true,coarse_grid,false,governance.selection=pressure_max_under_constraints;seed=continuation
-0.25,independent_oracle,3c5f6b3c9bd535cff7657364dadb2efc31f2ea48,41.0,0,1.025,350.51169,21.581351,0.0,2,true,true,coarse_grid,false,governance.selection=pressure_max_under_constraints;seed=continuation
-0.25,independent_oracle,3c5f6b3c9bd535cff7657364dadb2efc31f2ea48,41.0,0,1.03125,350.297386,21.580815,0.0,2,true,true,coarse_grid,false,governance.selection=pressure_max_under_constraints;seed=continuation
-0.25,independent_oracle,3c5f6b3c9bd535cff7657364dadb2efc31f2ea48,41.0,0,1.0375,350.082697,21.580275,0.0,2,true,true,coarse_grid,false,governance.selection=pressure_max_under_constraints;seed=continuation
-0.25,independent_oracle,3c5f6b3c9bd535cff7657364dadb2efc31f2ea48,41.0,0,1.04375,349.867635,21.579731,0.0,2,true,true,coarse_grid,false,governance.selection=pressure_max_under_constraints;seed=continuation
-0.25,independent_oracle,3c5f6b3c9bd535cff7657364dadb2efc31f2ea48,41.0,0,1.05,349.65221,21.579182,0.0,2,true,true,coarse_grid,false,governance.selection=pressure_max_under_constraints;seed=continuation
-0.25,independent_oracle,3c5f6b3c9bd535cff7657364dadb2efc31f2ea48,41.0,0,1.05625,349.436435,21.578629,0.0,2,true,true,coarse_grid,false,governance.selection=pressure_max_under_constraints;seed=continuation
-0.25,independent_oracle,3c5f6b3c9bd535cff7657364dadb2efc31f2ea48,41.0,0,1.0625,349.22032,21.578073,0.0,2,true,true,coarse_grid,false,governance.selection=pressure_max_under_constraints;seed=continuation
-0.25,independent_oracle,3c5f6b3c9bd535cff7657364dadb2efc31f2ea48,41.0,0,1.06875,349.003877,21.577511,0.0,2,true,true,coarse_grid,false,governance.selection=pressure_max_under_constraints;seed=continuation
-0.25,independent_oracle,3c5f6b3c9bd535cff7657364dadb2efc31f2ea48,41.0,0,1.075,348.787117,21.576946,0.0,2,true,true,coarse_grid,false,governance.selection=pressure_max_under_constraints;seed=continuation
-0.25,independent_oracle,3c5f6b3c9bd535cff7657364dadb2efc31f2ea48,41.0,0,1.08125,348.570052,21.576377,0.0,2,true,true,coarse_grid,false,governance.selection=pressure_max_under_constraints;seed=continuation
-0.25,independent_oracle,3c5f6b3c9bd535cff7657364dadb2efc31f2ea48,41.0,0,1.0875,348.352693,21.575804,0.0,2,true,true,coarse_grid,false,governance.selection=pressure_max_under_constraints;seed=continuation
-0.25,independent_oracle,3c5f6b3c9bd535cff7657364dadb2efc31f2ea48,41.0,0,1.09375,348.135052,21.575226,0.0,2,true,true,coarse_grid,false,governance.selection=pressure_max_under_constraints;seed=continuation
-0.25,independent_oracle,3c5f6b3c9bd535cff7657364dadb2efc31f2ea48,41.0,0,1.1,347.917139,21.574645,0.0,2,true,true,coarse_grid,false,governance.selection=pressure_max_under_constraints;seed=continuation
-0.25,independent_oracle,3c5f6b3c9bd535cff7657364dadb2efc31f2ea48,41.0,0,1.10625,347.698968,21.574059,0.0,2,true,true,coarse_grid,false,governance.selection=pressure_max_under_constraints;seed=continuation
-0.25,independent_oracle,3c5f6b3c9bd535cff7657364dadb2efc31f2ea48,41.0,0,1.1125,347.480549,21.57347,0.0,2,true,true,coarse_grid,false,governance.selection=pressure_max_under_constraints;seed=continuation
-0.25,independent_oracle,3c5f6b3c9bd535cff7657364dadb2efc31f2ea48,41.0,0,1.11875,347.261895,21.572877,0.0,2,true,true,coarse_grid,false,governance.selection=pressure_max_under_constraints;seed=continuation
-0.25,independent_oracle,3c5f6b3c9bd535cff7657364dadb2efc31f2ea48,41.0,0,1.125,347.043017,21.572279,0.0,2,true,true,coarse_grid,false,governance.selection=pressure_max_under_constraints;seed=continuation
-0.25,independent_oracle,3c5f6b3c9bd535cff7657364dadb2efc31f2ea48,41.0,0,1.13125,346.823927,21.571678,0.0,2,true,true,coarse_grid,false,governance.selection=pressure_max_under_constraints;seed=continuation
-0.25,independent_oracle,3c5f6b3c9bd535cff7657364dadb2efc31f2ea48,41.0,0,1.1375,346.604638,21.571073,0.0,2,true,true,coarse_grid,false,governance.selection=pressure_max_under_constraints;seed=continuation
-0.25,independent_oracle,3c5f6b3c9bd535cff7657364dadb2efc31f2ea48,41.0,0,1.14375,346.385162,21.570464,0.0,2,true,true,coarse_grid,false,governance.selection=pressure_max_under_constraints;seed=continuation
-0.25,independent_oracle,3c5f6b3c9bd535cff7657364dadb2efc31f2ea48,41.0,0,1.15,346.16551,21.569851,0.0,2,true,true,coarse_grid,false,governance.selection=pressure_max_under_constraints;seed=continuation
-0.25,independent_oracle,3c5f6b3c9bd535cff7657364dadb2efc31f2ea48,41.0,0,1.15625,345.945696,21.569235,0.0,2,true,true,coarse_grid,false,governance.selection=pressure_max_under_constraints;seed=continuation
-0.25,independent_oracle,3c5f6b3c9bd535cff7657364dadb2efc31f2ea48,41.0,0,1.1625,345.725732,21.568614,0.0,2,true,true,coarse_grid,false,governance.selection=pressure_max_under_constraints;seed=continuation
-0.25,independent_oracle,3c5f6b3c9bd535cff7657364dadb2efc31f2ea48,41.0,0,1.16875,345.505631,21.56799,0.0,2,true,true,coarse_grid,false,governance.selection=pressure_max_under_constraints;seed=continuation
-0.25,independent_oracle,3c5f6b3c9bd535cff7657364dadb2efc31f2ea48,41.0,0,1.175,345.285405,21.567363,0.0,2,true,true,coarse_grid,false,governance.selection=pressure_max_under_constraints;seed=continuation
-0.25,independent_oracle,3c5f6b3c9bd535cff7657364dadb2efc31f2ea48,41.0,0,1.18125,345.065068,21.566731,0.0,2,true,true,coarse_grid,false,governance.selection=pressure_max_under_constraints;seed=continuation
-0.25,independent_oracle,3c5f6b3c9bd535cff7657364dadb2efc31f2ea48,41.0,0,1.1875,344.844633,21.566096,0.0,2,true,true,coarse_grid,false,governance.selection=pressure_max_under_constraints;seed=continuation
-0.25,independent_oracle,3c5f6b3c9bd535cff7657364dadb2efc31f2ea48,41.0,0,1.19375,344.624113,21.565457,0.0,2,true,true,coarse_grid,false,governance.selection=pressure_max_under_constraints;seed=continuation
-0.25,independent_oracle,3c5f6b3c9bd535cff7657364dadb2efc31f2ea48,41.0,0,1.2,344.403521,21.564815,0.0,2,true,true,coarse_grid,false,governance.selection=pressure_max_under_constraints;seed=continuation
-0.25,independent_oracle,3c5f6b3c9bd535cff7657364dadb2efc31f2ea48,41.0,0,1.20625,344.182872,21.564169,0.0,2,true,true,coarse_grid,false,governance.selection=pressure_max_under_constraints;seed=continuation
-0.25,independent_oracle,3c5f6b3c9bd535cff7657364dadb2efc31f2ea48,41.0,0,1.2125,343.962179,21.56352,0.0,2,true,true,coarse_grid,false,governance.selection=pressure_max_under_constraints;seed=continuation
-0.25,independent_oracle,3c5f6b3c9bd535cff7657364dadb2efc31f2ea48,41.0,0,1.21875,343.741456,21.562867,0.0,2,true,true,coarse_grid,false,governance.selection=pressure_max_under_constraints;seed=continuation
-0.25,independent_oracle,3c5f6b3c9bd535cff7657364dadb2efc31f2ea48,41.0,0,1.225,343.520718,21.562211,0.0,2,true,true,coarse_grid,false,governance.selection=pressure_max_under_constraints;seed=continuation
-0.25,independent_oracle,3c5f6b3c9bd535cff7657364dadb2efc31f2ea48,41.0,0,1.23125,343.299979,21.561552,0.0,2,true,true,coarse_grid,false,governance.selection=pressure_max_under_constraints;seed=continuation
-0.25,independent_oracle,3c5f6b3c9bd535cff7657364dadb2efc31f2ea48,41.0,0,1.2375,343.079253,21.560889,0.0,2,true,true,coarse_grid,false,governance.selection=pressure_max_under_constraints;seed=continuation
-0.25,independent_oracle,3c5f6b3c9bd535cff7657364dadb2efc31f2ea48,41.0,0,1.24375,342.858557,21.560223,0.0,2,true,true,coarse_grid,false,governance.selection=pressure_max_under_constraints;seed=continuation
-0.25,independent_oracle,3c5f6b3c9bd535cff7657364dadb2efc31f2ea48,41.0,0,1.25,342.637904,21.559554,0.0,2,true,true,coarse_grid,false,governance.selection=pressure_max_under_constraints;seed=continuation
-0.25,independent_oracle,3c5f6b3c9bd535cff7657364dadb2efc31f2ea48,41.0,0,1.25625,342.417311,21.558881,0.0,2,true,true,coarse_grid,false,governance.selection=pressure_max_under_constraints;seed=continuation
-0.25,independent_oracle,3c5f6b3c9bd535cff7657364dadb2efc31f2ea48,41.0,0,1.2625,342.196793,21.558206,0.0,2,true,true,coarse_grid,false,governance.selection=pressure_max_under_constraints;seed=continuation
-0.25,independent_oracle,3c5f6b3c9bd535cff7657364dadb2efc31f2ea48,41.0,0,1.26875,341.976366,21.557527,0.0,2,true,true,coarse_grid,false,governance.selection=pressure_max_under_constraints;seed=continuation
-0.25,independent_oracle,3c5f6b3c9bd535cff7657364dadb2efc31f2ea48,41.0,0,1.275,341.756047,21.556846,0.0,2,true,true,coarse_grid,false,governance.selection=pressure_max_under_constraints;seed=continuation
-0.25,independent_oracle,3c5f6b3c9bd535cff7657364dadb2efc31f2ea48,41.0,0,1.28125,341.535852,21.556161,0.0,2,true,true,coarse_grid,false,governance.selection=pressure_max_under_constraints;seed=continuation
-0.25,independent_oracle,3c5f6b3c9bd535cff7657364dadb2efc31f2ea48,41.0,0,1.2875,341.315798,21.555474,0.0,2,true,true,coarse_grid,false,governance.selection=pressure_max_under_constraints;seed=continuation
-0.25,independent_oracle,3c5f6b3c9bd535cff7657364dadb2efc31f2ea48,41.0,0,1.29375,341.095903,21.554783,0.0,2,true,true,coarse_grid,false,governance.selection=pressure_max_under_constraints;seed=continuation
-0.25,independent_oracle,3c5f6b3c9bd535cff7657364dadb2efc31f2ea48,41.0,0,1.3,340.876183,21.55409,0.0,2,true,true,coarse_grid,false,governance.selection=pressure_max_under_constraints;seed=continuation
-0.25,independent_oracle,3c5f6b3c9bd535cff7657364dadb2efc31f2ea48,41.0,0,1.30625,340.656657,21.553394,0.0,2,true,true,coarse_grid,false,governance.selection=pressure_max_under_constraints;seed=continuation
-0.25,independent_oracle,3c5f6b3c9bd535cff7657364dadb2efc31f2ea48,41.0,0,1.3125,340.437342,21.552696,0.0,2,true,true,coarse_grid,false,governance.selection=pressure_max_under_constraints;seed=continuation
-0.25,independent_oracle,3c5f6b3c9bd535cff7657364dadb2efc31f2ea48,41.0,0,1.31875,340.218259,21.551995,0.0,2,true,true,coarse_grid,false,governance.selection=pressure_max_under_constraints;seed=continuation
-0.25,independent_oracle,3c5f6b3c9bd535cff7657364dadb2efc31f2ea48,41.0,0,1.325,339.999425,21.551291,0.0,2,true,true,coarse_grid,false,governance.selection=pressure_max_under_constraints;seed=continuation
-0.25,independent_oracle,3c5f6b3c9bd535cff7657364dadb2efc31f2ea48,41.0,0,1.33125,339.780859,21.550585,0.0,2,true,true,coarse_grid,false,governance.selection=pressure_max_under_constraints;seed=continuation
-0.25,independent_oracle,3c5f6b3c9bd535cff7657364dadb2efc31f2ea48,41.0,0,1.3375,339.562583,21.549876,0.0,2,true,true,coarse_grid,false,governance.selection=pressure_max_under_constraints;seed=continuation
-0.25,independent_oracle,3c5f6b3c9bd535cff7657364dadb2efc31f2ea48,41.0,0,1.34375,339.344616,21.549165,0.0,2,true,true,coarse_grid,false,governance.selection=pressure_max_under_constraints;seed=continuation
-0.25,independent_oracle,3c5f6b3c9bd535cff7657364dadb2efc31f2ea48,41.0,0,1.35,339.126978,21.548452,0.0,2,true,true,coarse_grid,false,governance.selection=pressure_max_under_constraints;seed=continuation
-0.25,independent_oracle,3c5f6b3c9bd535cff7657364dadb2efc31f2ea48,41.0,0,1.35625,338.909691,21.547737,0.0,2,true,true,coarse_grid,false,governance.selection=pressure_max_under_constraints;seed=continuation
-0.25,independent_oracle,3c5f6b3c9bd535cff7657364dadb2efc31f2ea48,41.0,0,1.3625,338.692777,21.54702,0.0,2,true,true,coarse_grid,false,governance.selection=pressure_max_under_constraints;seed=continuation
-0.25,independent_oracle,3c5f6b3c9bd535cff7657364dadb2efc31f2ea48,41.0,0,1.36875,338.476256,21.546301,0.0,2,true,true,coarse_grid,false,governance.selection=pressure_max_under_constraints;seed=continuation
-0.25,independent_oracle,3c5f6b3c9bd535cff7657364dadb2efc31f2ea48,41.0,0,1.375,338.260153,21.54558,0.0,2,true,true,coarse_grid,false,governance.selection=pressure_max_under_constraints;seed=continuation
-0.25,independent_oracle,3c5f6b3c9bd535cff7657364dadb2efc31f2ea48,41.0,0,1.38125,338.044489,21.544857,0.0,2,true,true,coarse_grid,false,governance.selection=pressure_max_under_constraints;seed=continuation
-0.25,independent_oracle,3c5f6b3c9bd535cff7657364dadb2efc31f2ea48,41.0,0,1.3875,337.829289,21.544132,0.0,2,true,true,coarse_grid,false,governance.selection=pressure_max_under_constraints;seed=continuation
-0.25,independent_oracle,3c5f6b3c9bd535cff7657364dadb2efc31f2ea48,41.0,0,1.39375,337.614577,21.543406,0.0,2,true,true,coarse_grid,false,governance.selection=pressure_max_under_constraints;seed=continuation
-0.25,independent_oracle,3c5f6b3c9bd535cff7657364dadb2efc31f2ea48,41.0,0,1.4,337.400376,21.542678,0.0,2,true,true,coarse_grid,false,governance.selection=pressure_max_under_constraints;seed=continuation
-0.25,independent_oracle,3c5f6b3c9bd535cff7657364dadb2efc31f2ea48,41.0,0,1.40625,337.186714,21.541948,0.0,2,true,true,coarse_grid,false,governance.selection=pressure_max_under_constraints;seed=continuation
-0.25,independent_oracle,3c5f6b3c9bd535cff7657364dadb2efc31f2ea48,41.0,0,1.4125,336.973614,21.541218,0.0,2,true,true,coarse_grid,false,governance.selection=pressure_max_under_constraints;seed=continuation
-0.25,independent_oracle,3c5f6b3c9bd535cff7657364dadb2efc31f2ea48,41.0,0,1.41875,336.761104,21.540486,0.0,2,true,true,coarse_grid,false,governance.selection=pressure_max_under_constraints;seed=continuation
-0.25,independent_oracle,3c5f6b3c9bd535cff7657364dadb2efc31f2ea48,41.0,0,1.425,336.549211,21.539753,0.0,2,true,true,coarse_grid,false,governance.selection=pressure_max_under_constraints;seed=continuation
-0.25,independent_oracle,3c5f6b3c9bd535cff7657364dadb2efc31f2ea48,41.0,0,1.43125,336.337963,21.539019,0.0,2,true,true,coarse_grid,false,governance.selection=pressure_max_under_constraints;seed=continuation
-0.25,independent_oracle,3c5f6b3c9bd535cff7657364dadb2efc31f2ea48,41.0,0,1.4375,336.127387,21.538285,0.0,2,true,true,coarse_grid,false,governance.selection=pressure_max_under_constraints;seed=continuation
-0.25,independent_oracle,3c5f6b3c9bd535cff7657364dadb2efc31f2ea48,41.0,0,1.44375,335.917514,21.537549,0.0,2,true,true,coarse_grid,false,governance.selection=pressure_max_under_constraints;seed=continuation
-0.25,independent_oracle,3c5f6b3c9bd535cff7657364dadb2efc31f2ea48,41.0,0,1.45,335.708372,21.536813,0.0,2,true,true,coarse_grid,false,governance.selection=pressure_max_under_constraints;seed=continuation
-0.25,independent_oracle,3c5f6b3c9bd535cff7657364dadb2efc31f2ea48,41.0,0,1.45625,335.499992,21.536077,0.0,2,true,true,coarse_grid,false,governance.selection=pressure_max_under_constraints;seed=continuation
-0.25,independent_oracle,3c5f6b3c9bd535cff7657364dadb2efc31f2ea48,41.0,0,1.4625,335.292405,21.53534,0.0,2,true,true,coarse_grid,false,governance.selection=pressure_max_under_constraints;seed=continuation
-0.25,independent_oracle,3c5f6b3c9bd535cff7657364dadb2efc31f2ea48,41.0,0,1.46875,335.085644,21.534602,0.0,2,true,true,coarse_grid,false,governance.selection=pressure_max_under_constraints;seed=continuation
-0.25,independent_oracle,3c5f6b3c9bd535cff7657364dadb2efc31f2ea48,41.0,0,1.475,334.879741,21.533865,0.0,2,true,true,coarse_grid,false,governance.selection=pressure_max_under_constraints;seed=continuation
-0.25,independent_oracle,3c5f6b3c9bd535cff7657364dadb2efc31f2ea48,41.0,0,1.48125,334.67473,21.533128,0.0,2,true,true,coarse_grid,false,governance.selection=pressure_max_under_constraints;seed=continuation
-0.25,independent_oracle,3c5f6b3c9bd535cff7657364dadb2efc31f2ea48,41.0,0,1.4875,334.470644,21.532391,0.0,2,true,true,coarse_grid,false,governance.selection=pressure_max_under_constraints;seed=continuation
-0.25,independent_oracle,3c5f6b3c9bd535cff7657364dadb2efc31f2ea48,41.0,0,1.49375,334.26752,21.531655,0.0,2,true,true,coarse_grid,false,governance.selection=pressure_max_under_constraints;seed=continuation
-0.25,independent_oracle,3c5f6b3c9bd535cff7657364dadb2efc31f2ea48,41.0,0,1.5,334.065393,21.530919,0.0,2,true,true,coarse_grid,false,governance.selection=pressure_max_under_constraints;seed=continuation
-0.25,independent_oracle,3c5f6b3c9bd535cff7657364dadb2efc31f2ea48,41.0,0,1.50625,333.8643,21.530183,0.0,2,true,true,coarse_grid,false,governance.selection=pressure_max_under_constraints;seed=continuation
-0.25,independent_oracle,3c5f6b3c9bd535cff7657364dadb2efc31f2ea48,41.0,0,1.5125,333.66428,21.529449,0.0,2,true,true,coarse_grid,false,governance.selection=pressure_max_under_constraints;seed=continuation
-0.25,independent_oracle,3c5f6b3c9bd535cff7657364dadb2efc31f2ea48,41.0,0,1.51875,333.46537,21.528716,0.0,2,true,true,coarse_grid,false,governance.selection=pressure_max_under_constraints;seed=continuation
-0.25,independent_oracle,3c5f6b3c9bd535cff7657364dadb2efc31f2ea48,41.0,0,1.525,333.267611,21.527984,0.0,2,true,true,coarse_grid,false,governance.selection=pressure_max_under_constraints;seed=continuation
-0.25,independent_oracle,3c5f6b3c9bd535cff7657364dadb2efc31f2ea48,41.0,0,1.53125,333.071043,21.527253,0.0,2,true,true,coarse_grid,false,governance.selection=pressure_max_under_constraints;seed=continuation
-0.25,independent_oracle,3c5f6b3c9bd535cff7657364dadb2efc31f2ea48,41.0,0,1.5375,332.875709,21.526524,0.0,2,true,true,coarse_grid,false,governance.selection=pressure_max_under_constraints;seed=continuation
-0.25,independent_oracle,3c5f6b3c9bd535cff7657364dadb2efc31f2ea48,41.0,0,1.54375,332.681649,21.525797,0.0,2,true,true,coarse_grid,false,governance.selection=pressure_max_under_constraints;seed=continuation
-0.25,independent_oracle,3c5f6b3c9bd535cff7657364dadb2efc31f2ea48,41.0,0,1.55,332.488909,21.525071,0.0,2,true,true,coarse_grid,false,governance.selection=pressure_max_under_constraints;seed=continuation
-0.25,independent_oracle,3c5f6b3c9bd535cff7657364dadb2efc31f2ea48,41.0,0,1.55625,332.297533,21.524348,0.0,2,true,true,coarse_grid,false,governance.selection=pressure_max_under_constraints;seed=continuation
-0.25,independent_oracle,3c5f6b3c9bd535cff7657364dadb2efc31f2ea48,41.0,0,1.5625,332.107567,21.523628,0.0,2,true,true,coarse_grid,false,governance.selection=pressure_max_under_constraints;seed=continuation
-0.25,independent_oracle,3c5f6b3c9bd535cff7657364dadb2efc31f2ea48,41.0,0,1.56875,331.919057,21.52291,0.0,2,true,true,coarse_grid,false,governance.selection=pressure_max_under_constraints;seed=continuation
-0.25,independent_oracle,3c5f6b3c9bd535cff7657364dadb2efc31f2ea48,41.0,0,1.575,331.732052,21.522195,0.0,2,true,true,coarse_grid,false,governance.selection=pressure_max_under_constraints;seed=continuation
-0.25,independent_oracle,3c5f6b3c9bd535cff7657364dadb2efc31f2ea48,41.0,0,1.58125,331.5466,21.521483,0.0,2,true,true,coarse_grid,false,governance.selection=pressure_max_under_constraints;seed=continuation
-0.25,independent_oracle,3c5f6b3c9bd535cff7657364dadb2efc31f2ea48,41.0,0,1.5875,331.362752,21.520774,0.0,2,true,true,coarse_grid,false,governance.selection=pressure_max_under_constraints;seed=continuation
-0.25,independent_oracle,3c5f6b3c9bd535cff7657364dadb2efc31f2ea48,41.0,0,1.59375,331.180558,21.520069,0.0,2,true,true,coarse_grid,false,governance.selection=pressure_max_under_constraints;seed=continuation
-0.25,independent_oracle,3c5f6b3c9bd535cff7657364dadb2efc31f2ea48,41.0,0,1.6,331.000071,21.519368,0.0,2,true,true,coarse_grid,false,governance.selection=pressure_max_under_constraints;seed=continuation
-0.25,independent_oracle,3c5f6b3c9bd535cff7657364dadb2efc31f2ea48,41.0,0,1.60625,330.821345,21.518671,0.0,2,true,true,coarse_grid,false,governance.selection=pressure_max_under_constraints;seed=continuation
-0.25,independent_oracle,3c5f6b3c9bd535cff7657364dadb2efc31f2ea48,41.0,0,1.6125,330.644435,21.517979,0.0,2,true,true,coarse_grid,false,governance.selection=pressure_max_under_constraints;seed=continuation
-0.25,independent_oracle,3c5f6b3c9bd535cff7657364dadb2efc31f2ea48,41.0,0,1.61875,330.469395,21.517291,0.0,2,true,true,coarse_grid,false,governance.selection=pressure_max_under_constraints;seed=continuation
-0.25,independent_oracle,3c5f6b3c9bd535cff7657364dadb2efc31f2ea48,41.0,0,1.625,330.296283,21.516608,0.0,2,true,true,coarse_grid,false,governance.selection=pressure_max_under_constraints;seed=continuation
-0.25,independent_oracle,3c5f6b3c9bd535cff7657364dadb2efc31f2ea48,41.0,0,1.63125,330.125157,21.51593,0.0,2,true,true,coarse_grid,false,governance.selection=pressure_max_under_constraints;seed=continuation
-0.25,independent_oracle,3c5f6b3c9bd535cff7657364dadb2efc31f2ea48,41.0,0,1.6375,329.956076,21.515258,0.0,2,true,true,coarse_grid,false,governance.selection=pressure_max_under_constraints;seed=continuation
-0.25,independent_oracle,3c5f6b3c9bd535cff7657364dadb2efc31f2ea48,41.0,0,1.64375,329.789101,21.514592,0.0,2,true,true,coarse_grid,false,governance.selection=pressure_max_under_constraints;seed=continuation
-0.25,independent_oracle,3c5f6b3c9bd535cff7657364dadb2efc31f2ea48,41.0,0,1.65,329.624293,21.513931,0.0,2,true,true,coarse_grid,false,governance.selection=pressure_max_under_constraints;seed=continuation
-0.25,independent_oracle,3c5f6b3c9bd535cff7657364dadb2efc31f2ea48,41.0,0,1.65625,329.461714,21.513278,0.0,2,true,true,coarse_grid,false,governance.selection=pressure_max_under_constraints;seed=continuation
-0.25,independent_oracle,3c5f6b3c9bd535cff7657364dadb2efc31f2ea48,41.0,0,1.6625,329.301428,21.512631,0.0,2,true,true,coarse_grid,false,governance.selection=pressure_max_under_constraints;seed=continuation
-0.25,independent_oracle,3c5f6b3c9bd535cff7657364dadb2efc31f2ea48,41.0,0,1.66875,329.143501,21.511991,0.0,2,true,true,coarse_grid,false,governance.selection=pressure_max_under_constraints;seed=continuation
-0.25,independent_oracle,3c5f6b3c9bd535cff7657364dadb2efc31f2ea48,41.0,0,1.675,328.987997,21.511358,0.0,2,true,true,coarse_grid,false,governance.selection=pressure_max_under_constraints;seed=continuation
-0.25,independent_oracle,3c5f6b3c9bd535cff7657364dadb2efc31f2ea48,41.0,0,1.68125,328.834983,21.510734,0.0,2,true,true,coarse_grid,false,governance.selection=pressure_max_under_constraints;seed=continuation
-0.25,independent_oracle,3c5f6b3c9bd535cff7657364dadb2efc31f2ea48,41.0,0,1.6875,328.684528,21.510117,0.0,2,true,true,coarse_grid,false,governance.selection=pressure_max_under_constraints;seed=continuation
-0.25,independent_oracle,3c5f6b3c9bd535cff7657364dadb2efc31f2ea48,41.0,0,1.69375,328.5367,21.509509,0.0,2,true,true,coarse_grid,false,governance.selection=pressure_max_under_constraints;seed=continuation
-0.25,independent_oracle,3c5f6b3c9bd535cff7657364dadb2efc31f2ea48,41.0,0,1.7,328.391568,21.50891,0.0,2,true,true,coarse_grid,false,governance.selection=pressure_max_under_constraints;seed=continuation
-0.25,independent_oracle,3c5f6b3c9bd535cff7657364dadb2efc31f2ea48,41.0,0,1.70625,328.249203,21.508321,0.0,2,true,true,coarse_grid,false,governance.selection=pressure_max_under_constraints;seed=continuation
-0.25,independent_oracle,3c5f6b3c9bd535cff7657364dadb2efc31f2ea48,41.0,0,1.7125,328.109676,21.50774,0.0,2,true,true,coarse_grid,false,governance.selection=pressure_max_under_constraints;seed=continuation
-0.25,independent_oracle,3c5f6b3c9bd535cff7657364dadb2efc31f2ea48,41.0,0,1.71875,327.973059,21.50717,0.0,2,true,true,coarse_grid,false,governance.selection=pressure_max_under_constraints;seed=continuation
-0.25,independent_oracle,3c5f6b3c9bd535cff7657364dadb2efc31f2ea48,41.0,0,1.725,327.839425,21.506611,0.0,2,true,true,coarse_grid,false,governance.selection=pressure_max_under_constraints;seed=continuation
-0.25,independent_oracle,3c5f6b3c9bd535cff7657364dadb2efc31f2ea48,41.0,0,1.73125,327.708846,21.506062,0.0,2,true,true,coarse_grid,false,governance.selection=pressure_max_under_constraints;seed=continuation
-0.25,independent_oracle,3c5f6b3c9bd535cff7657364dadb2efc31f2ea48,41.0,0,1.7375,327.581396,21.505524,0.0,2,true,true,coarse_grid,false,governance.selection=pressure_max_under_constraints;seed=continuation
-0.25,independent_oracle,3c5f6b3c9bd535cff7657364dadb2efc31f2ea48,41.0,0,1.74375,327.45715,21.504998,0.0,2,true,true,coarse_grid,false,governance.selection=pressure_max_under_constraints;seed=continuation
-0.25,independent_oracle,3c5f6b3c9bd535cff7657364dadb2efc31f2ea48,41.0,0,1.75,327.336181,21.504484,0.0,2,true,true,coarse_grid,false,governance.selection=pressure_max_under_constraints;seed=continuation
-0.25,independent_oracle,3c5f6b3c9bd535cff7657364dadb2efc31f2ea48,41.0,0,1.75625,327.218563,21.503982,0.0,2,true,true,coarse_grid,false,governance.selection=pressure_max_under_constraints;seed=continuation
-0.25,independent_oracle,3c5f6b3c9bd535cff7657364dadb2efc31f2ea48,41.0,0,1.7625,327.104372,21.503494,0.0,2,true,true,coarse_grid,false,governance.selection=pressure_max_under_constraints;seed=continuation
-0.25,independent_oracle,3c5f6b3c9bd535cff7657364dadb2efc31f2ea48,41.0,0,1.76875,326.993682,21.503018,0.0,2,true,true,coarse_grid,false,governance.selection=pressure_max_under_constraints;seed=continuation
-0.25,independent_oracle,3c5f6b3c9bd535cff7657364dadb2efc31f2ea48,41.0,0,1.775,326.886566,21.502557,0.0,2,true,true,coarse_grid,false,governance.selection=pressure_max_under_constraints;seed=continuation
-0.25,independent_oracle,3c5f6b3c9bd535cff7657364dadb2efc31f2ea48,41.0,0,1.78125,326.783099,21.502109,0.0,2,true,true,coarse_grid,false,governance.selection=pressure_max_under_constraints;seed=continuation
-0.25,independent_oracle,3c5f6b3c9bd535cff7657364dadb2efc31f2ea48,41.0,0,1.7875,326.683355,21.501676,0.0,2,true,true,coarse_grid,false,governance.selection=pressure_max_under_constraints;seed=continuation
-0.25,independent_oracle,3c5f6b3c9bd535cff7657364dadb2efc31f2ea48,41.0,0,1.79375,326.587406,21.501258,0.0,2,true,true,coarse_grid,false,governance.selection=pressure_max_under_constraints;seed=continuation
-0.25,independent_oracle,3c5f6b3c9bd535cff7657364dadb2efc31f2ea48,41.0,0,1.8,326.495323,21.500856,0.0,2,true,true,coarse_grid,false,governance.selection=pressure_max_under_constraints;seed=continuation
-0.25,independent_oracle,3c5f6b3c9bd535cff7657364dadb2efc31f2ea48,41.0,0,1.80625,326.407179,21.500469,0.0,2,true,true,coarse_grid,false,governance.selection=pressure_max_under_constraints;seed=continuation
-0.25,independent_oracle,3c5f6b3c9bd535cff7657364dadb2efc31f2ea48,41.0,0,1.8125,326.323044,21.500099,0.0,2,true,true,coarse_grid,false,governance.selection=pressure_max_under_constraints;seed=continuation
-0.25,independent_oracle,3c5f6b3c9bd535cff7657364dadb2efc31f2ea48,41.0,0,1.81875,326.242985,21.499745,0.0,2,true,true,coarse_grid,false,governance.selection=pressure_max_under_constraints;seed=continuation
-0.25,independent_oracle,3c5f6b3c9bd535cff7657364dadb2efc31f2ea48,41.0,0,1.825,326.167071,21.499409,0.0,2,true,true,coarse_grid,false,governance.selection=pressure_max_under_constraints;seed=continuation
-0.25,independent_oracle,3c5f6b3c9bd535cff7657364dadb2efc31f2ea48,41.0,0,1.83125,326.095367,21.49909,0.0,2,true,true,coarse_grid,false,governance.selection=pressure_max_under_constraints;seed=continuation
-0.25,independent_oracle,3c5f6b3c9bd535cff7657364dadb2efc31f2ea48,41.0,0,1.8375,326.027937,21.498789,0.0,2,true,true,coarse_grid,false,governance.selection=pressure_max_under_constraints;seed=continuation
-0.25,independent_oracle,3c5f6b3c9bd535cff7657364dadb2efc31f2ea48,41.0,0,1.84375,325.964843,21.498507,0.0,2,true,true,coarse_grid,false,governance.selection=pressure_max_under_constraints;seed=continuation
-0.25,independent_oracle,3c5f6b3c9bd535cff7657364dadb2efc31f2ea48,41.0,0,1.85,325.906144,21.498243,0.0,2,true,true,coarse_grid,false,governance.selection=pressure_max_under_constraints;seed=continuation
-0.25,independent_oracle,3c5f6b3c9bd535cff7657364dadb2efc31f2ea48,41.0,0,1.85625,325.851899,21.497998,0.0,2,true,true,coarse_grid,false,governance.selection=pressure_max_under_constraints;seed=continuation
-0.25,independent_oracle,3c5f6b3c9bd535cff7657364dadb2efc31f2ea48,41.0,0,1.8625,325.802161,21.497773,0.0,2,true,true,coarse_grid,false,governance.selection=pressure_max_under_constraints;seed=continuation
-0.25,independent_oracle,3c5f6b3c9bd535cff7657364dadb2efc31f2ea48,41.0,0,1.86875,325.756983,21.497568,0.0,2,true,true,coarse_grid,false,governance.selection=pressure_max_under_constraints;seed=continuation
-0.25,independent_oracle,3c5f6b3c9bd535cff7657364dadb2efc31f2ea48,41.0,0,1.875,325.716414,21.497384,0.0,2,true,true,coarse_grid,false,governance.selection=pressure_max_under_constraints;seed=continuation
-0.25,independent_oracle,3c5f6b3c9bd535cff7657364dadb2efc31f2ea48,41.0,0,1.88125,325.680501,21.49722,0.0,2,true,true,coarse_grid,false,governance.selection=pressure_max_under_constraints;seed=continuation
-0.25,independent_oracle,3c5f6b3c9bd535cff7657364dadb2efc31f2ea48,41.0,0,1.8875,325.649286,21.497076,0.0,2,true,true,coarse_grid,false,governance.selection=pressure_max_under_constraints;seed=continuation
-0.25,independent_oracle,3c5f6b3c9bd535cff7657364dadb2efc31f2ea48,41.0,0,1.89375,325.622808,21.496955,0.0,2,true,true,coarse_grid,false,governance.selection=pressure_max_under_constraints;seed=continuation
-0.25,independent_oracle,3c5f6b3c9bd535cff7657364dadb2efc31f2ea48,41.0,0,1.9,325.601104,21.496855,0.0,2,true,true,coarse_grid,false,governance.selection=pressure_max_under_constraints;seed=continuation
-0.25,independent_oracle,3c5f6b3c9bd535cff7657364dadb2efc31f2ea48,41.0,0,1.90625,325.584206,21.496776,0.0,2,true,true,coarse_grid,false,governance.selection=pressure_max_under_constraints;seed=continuation
-0.25,independent_oracle,3c5f6b3c9bd535cff7657364dadb2efc31f2ea48,41.0,0,1.9125,325.572142,21.49672,0.0,2,true,true,coarse_grid,false,governance.selection=pressure_max_under_constraints;seed=continuation
-0.25,independent_oracle,3c5f6b3c9bd535cff7657364dadb2efc31f2ea48,41.0,0,1.91875,325.564937,21.496687,0.0,2,true,true,coarse_grid,false,governance.selection=pressure_max_under_constraints;seed=continuation
-0.25,independent_oracle,3c5f6b3c9bd535cff7657364dadb2efc31f2ea48,41.0,0,1.925,325.562612,21.496676,0.0,2,true,true,coarse_grid,false,governance.selection=pressure_max_under_constraints;seed=continuation
-0.25,independent_oracle,3c5f6b3c9bd535cff7657364dadb2efc31f2ea48,41.0,0,1.93125,325.565182,21.496688,0.0,2,true,true,coarse_grid,false,governance.selection=pressure_max_under_constraints;seed=continuation
-0.25,independent_oracle,3c5f6b3c9bd535cff7657364dadb2efc31f2ea48,41.0,0,1.9375,325.572661,21.496723,0.0,2,true,true,coarse_grid,false,governance.selection=pressure_max_under_constraints;seed=continuation
-0.25,independent_oracle,3c5f6b3c9bd535cff7657364dadb2efc31f2ea48,41.0,0,1.94375,325.585055,21.496782,0.0,2,true,true,coarse_grid,false,governance.selection=pressure_max_under_constraints;seed=continuation
-0.25,independent_oracle,3c5f6b3c9bd535cff7657364dadb2efc31f2ea48,41.0,0,1.95,325.602368,21.496864,0.0,2,true,true,coarse_grid,false,governance.selection=pressure_max_under_constraints;seed=continuation
-0.25,independent_oracle,3c5f6b3c9bd535cff7657364dadb2efc31f2ea48,41.0,0,1.95625,325.624601,21.496969,0.0,2,true,true,coarse_grid,false,governance.selection=pressure_max_under_constraints;seed=continuation
-0.25,independent_oracle,3c5f6b3c9bd535cff7657364dadb2efc31f2ea48,41.0,0,1.9625,325.651747,21.497099,0.0,2,true,true,coarse_grid,false,governance.selection=pressure_max_under_constraints;seed=continuation
-0.25,independent_oracle,3c5f6b3c9bd535cff7657364dadb2efc31f2ea48,41.0,0,1.96875,325.683797,21.497252,0.0,2,true,true,coarse_grid,false,governance.selection=pressure_max_under_constraints;seed=continuation
-0.25,independent_oracle,3c5f6b3c9bd535cff7657364dadb2efc31f2ea48,41.0,0,1.975,325.720738,21.497429,0.0,2,true,true,coarse_grid,false,governance.selection=pressure_max_under_constraints;seed=continuation
-0.25,independent_oracle,3c5f6b3c9bd535cff7657364dadb2efc31f2ea48,41.0,0,1.98125,325.762551,21.49763,0.0,2,true,true,coarse_grid,false,governance.selection=pressure_max_under_constraints;seed=continuation
-0.25,independent_oracle,3c5f6b3c9bd535cff7657364dadb2efc31f2ea48,41.0,0,1.9875,325.809215,21.497856,0.0,2,true,true,coarse_grid,false,governance.selection=pressure_max_under_constraints;seed=continuation
-0.25,independent_oracle,3c5f6b3c9bd535cff7657364dadb2efc31f2ea48,41.0,0,1.99375,325.860703,21.498105,0.0,2,true,true,coarse_grid,false,governance.selection=pressure_max_under_constraints;seed=continuation
-0.25,independent_oracle,3c5f6b3c9bd535cff7657364dadb2efc31f2ea48,41.0,0,2.0,325.916984,21.498378,0.0,2,true,true,coarse_grid,false,governance.selection=pressure_max_under_constraints;seed=continuation
-0.25,independent_oracle,3c5f6b3c9bd535cff7657364dadb2efc31f2ea48,41.0,0,2.00625,325.978025,21.498676,0.0,2,true,true,coarse_grid,false,governance.selection=pressure_max_under_constraints;seed=continuation
-0.25,independent_oracle,3c5f6b3c9bd535cff7657364dadb2efc31f2ea48,41.0,0,2.0125,326.043787,21.498997,0.0,2,true,true,coarse_grid,false,governance.selection=pressure_max_under_constraints;seed=continuation
-0.25,independent_oracle,3c5f6b3c9bd535cff7657364dadb2efc31f2ea48,41.0,0,2.01875,326.114229,21.499343,0.0,2,true,true,coarse_grid,false,governance.selection=pressure_max_under_constraints;seed=continuation
-0.25,independent_oracle,3c5f6b3c9bd535cff7657364dadb2efc31f2ea48,41.0,0,2.025,326.189305,21.499712,0.0,2,true,true,coarse_grid,false,governance.selection=pressure_max_under_constraints;seed=continuation
-0.25,independent_oracle,3c5f6b3c9bd535cff7657364dadb2efc31f2ea48,41.0,0,2.03125,326.268966,21.500105,0.0,2,true,true,coarse_grid,false,governance.selection=pressure_max_under_constraints;seed=continuation
-0.25,independent_oracle,3c5f6b3c9bd535cff7657364dadb2efc31f2ea48,41.0,0,2.0375,326.35316,21.500521,0.0,2,true,true,coarse_grid,false,governance.selection=pressure_max_under_constraints;seed=continuation
-0.25,independent_oracle,3c5f6b3c9bd535cff7657364dadb2efc31f2ea48,41.0,0,2.04375,326.441832,21.500962,0.0,2,true,true,coarse_grid,false,governance.selection=pressure_max_under_constraints;seed=continuation
-0.25,independent_oracle,3c5f6b3c9bd535cff7657364dadb2efc31f2ea48,41.0,0,2.05,326.534925,21.501425,0.0,2,true,true,coarse_grid,false,governance.selection=pressure_max_under_constraints;seed=continuation
-0.25,independent_oracle,3c5f6b3c9bd535cff7657364dadb2efc31f2ea48,41.0,0,2.05625,326.632377,21.501912,0.0,2,true,true,coarse_grid,false,governance.selection=pressure_max_under_constraints;seed=continuation
-0.25,independent_oracle,3c5f6b3c9bd535cff7657364dadb2efc31f2ea48,41.0,0,2.0625,326.734126,21.502422,0.0,2,true,true,coarse_grid,false,governance.selection=pressure_max_under_constraints;seed=continuation
-0.25,independent_oracle,3c5f6b3c9bd535cff7657364dadb2efc31f2ea48,41.0,0,2.06875,326.840105,21.502954,0.0,2,true,true,coarse_grid,false,governance.selection=pressure_max_under_constraints;seed=continuation
-0.25,independent_oracle,3c5f6b3c9bd535cff7657364dadb2efc31f2ea48,41.0,0,2.075,326.950247,21.503509,0.0,2,true,true,coarse_grid,false,governance.selection=pressure_max_under_constraints;seed=continuation
-0.25,independent_oracle,3c5f6b3c9bd535cff7657364dadb2efc31f2ea48,41.0,0,2.08125,327.064483,21.504087,0.0,2,true,true,coarse_grid,false,governance.selection=pressure_max_under_constraints;seed=continuation
-0.25,independent_oracle,3c5f6b3c9bd535cff7657364dadb2efc31f2ea48,41.0,0,2.0875,327.182742,21.504686,0.0,2,true,true,coarse_grid,false,governance.selection=pressure_max_under_constraints;seed=continuation
-0.25,independent_oracle,3c5f6b3c9bd535cff7657364dadb2efc31f2ea48,41.0,0,2.09375,327.30495,21.505308,0.0,2,true,true,coarse_grid,false,governance.selection=pressure_max_under_constraints;seed=continuation
-0.25,independent_oracle,3c5f6b3c9bd535cff7657364dadb2efc31f2ea48,41.0,0,2.1,327.431033,21.505951,0.0,2,true,true,coarse_grid,false,governance.selection=pressure_max_under_constraints;seed=continuation
-0.25,independent_oracle,3c5f6b3c9bd535cff7657364dadb2efc31f2ea48,41.0,0,2.10625,327.560916,21.506615,0.0,2,true,true,coarse_grid,false,governance.selection=pressure_max_under_constraints;seed=continuation
-0.25,independent_oracle,3c5f6b3c9bd535cff7657364dadb2efc31f2ea48,41.0,0,2.1125,327.694523,21.507301,0.0,2,true,true,coarse_grid,false,governance.selection=pressure_max_under_constraints;seed=continuation
-0.25,independent_oracle,3c5f6b3c9bd535cff7657364dadb2efc31f2ea48,41.0,0,2.11875,327.831776,21.508007,0.0,2,true,true,coarse_grid,false,governance.selection=pressure_max_under_constraints;seed=continuation
-0.25,independent_oracle,3c5f6b3c9bd535cff7657364dadb2efc31f2ea48,41.0,0,2.125,327.972597,21.508734,0.0,2,true,true,coarse_grid,false,governance.selection=pressure_max_under_constraints;seed=continuation
-0.25,independent_oracle,3c5f6b3c9bd535cff7657364dadb2efc31f2ea48,41.0,0,2.13125,328.116909,21.509481,0.0,2,true,true,coarse_grid,false,governance.selection=pressure_max_under_constraints;seed=continuation
-0.25,independent_oracle,3c5f6b3c9bd535cff7657364dadb2efc31f2ea48,41.0,0,2.1375,328.264632,21.510248,0.0,2,true,true,coarse_grid,false,governance.selection=pressure_max_under_constraints;seed=continuation
-0.25,independent_oracle,3c5f6b3c9bd535cff7657364dadb2efc31f2ea48,41.0,0,2.14375,328.415688,21.511035,0.0,2,true,true,coarse_grid,false,governance.selection=pressure_max_under_constraints;seed=continuation
-0.25,independent_oracle,3c5f6b3c9bd535cff7657364dadb2efc31f2ea48,41.0,0,2.15,328.569999,21.511841,0.0,2,true,true,coarse_grid,false,governance.selection=pressure_max_under_constraints;seed=continuation
-0.25,independent_oracle,3c5f6b3c9bd535cff7657364dadb2efc31f2ea48,41.0,0,2.15625,328.727484,21.512665,0.0,2,true,true,coarse_grid,false,governance.selection=pressure_max_under_constraints;seed=continuation
-0.25,independent_oracle,3c5f6b3c9bd535cff7657364dadb2efc31f2ea48,41.0,0,2.1625,328.888067,21.513509,0.0,2,true,true,coarse_grid,false,governance.selection=pressure_max_under_constraints;seed=continuation
-0.25,independent_oracle,3c5f6b3c9bd535cff7657364dadb2efc31f2ea48,41.0,0,2.16875,329.051669,21.514371,0.0,2,true,true,coarse_grid,false,governance.selection=pressure_max_under_constraints;seed=continuation
-0.25,independent_oracle,3c5f6b3c9bd535cff7657364dadb2efc31f2ea48,41.0,0,2.175,329.218213,21.515251,0.0,2,true,true,coarse_grid,false,governance.selection=pressure_max_under_constraints;seed=continuation
-0.25,independent_oracle,3c5f6b3c9bd535cff7657364dadb2efc31f2ea48,41.0,0,2.18125,329.38762,21.516148,0.0,2,true,true,coarse_grid,false,governance.selection=pressure_max_under_constraints;seed=continuation
-0.25,independent_oracle,3c5f6b3c9bd535cff7657364dadb2efc31f2ea48,41.0,0,2.1875,329.559817,21.517063,0.0,2,true,true,coarse_grid,false,governance.selection=pressure_max_under_constraints;seed=continuation
-0.25,independent_oracle,3c5f6b3c9bd535cff7657364dadb2efc31f2ea48,41.0,0,2.19375,329.734726,21.517995,0.0,2,true,true,coarse_grid,false,governance.selection=pressure_max_under_constraints;seed=continuation
-0.25,independent_oracle,3c5f6b3c9bd535cff7657364dadb2efc31f2ea48,41.0,0,2.2,329.912273,21.518944,0.0,2,true,true,coarse_grid,false,governance.selection=pressure_max_under_constraints;seed=continuation
-0.25,independent_oracle,3c5f6b3c9bd535cff7657364dadb2efc31f2ea48,41.0,0,2.20625,330.092384,21.519909,0.0,2,true,true,coarse_grid,false,governance.selection=pressure_max_under_constraints;seed=continuation
-0.25,independent_oracle,3c5f6b3c9bd535cff7657364dadb2efc31f2ea48,41.0,0,2.2125,330.274987,21.520891,0.0,2,true,true,coarse_grid,false,governance.selection=pressure_max_under_constraints;seed=continuation
-0.25,independent_oracle,3c5f6b3c9bd535cff7657364dadb2efc31f2ea48,41.0,0,2.21875,330.46001,21.521888,0.0,2,true,true,coarse_grid,false,governance.selection=pressure_max_under_constraints;seed=continuation
-0.25,independent_oracle,3c5f6b3c9bd535cff7657364dadb2efc31f2ea48,41.0,0,2.225,330.647383,21.522901,0.0,2,true,true,coarse_grid,false,governance.selection=pressure_max_under_constraints;seed=continuation
-0.25,independent_oracle,3c5f6b3c9bd535cff7657364dadb2efc31f2ea48,41.0,0,2.23125,330.837036,21.523928,0.0,2,true,true,coarse_grid,false,governance.selection=pressure_max_under_constraints;seed=continuation
-0.25,independent_oracle,3c5f6b3c9bd535cff7657364dadb2efc31f2ea48,41.0,0,2.2375,331.0289,21.524971,0.0,2,true,true,coarse_grid,false,governance.selection=pressure_max_under_constraints;seed=continuation
-0.25,independent_oracle,3c5f6b3c9bd535cff7657364dadb2efc31f2ea48,41.0,0,2.24375,331.22291,21.526029,0.0,2,true,true,coarse_grid,false,governance.selection=pressure_max_under_constraints;seed=continuation
-0.25,independent_oracle,3c5f6b3c9bd535cff7657364dadb2efc31f2ea48,41.0,0,2.25,331.418998,21.5271,0.0,2,true,true,coarse_grid,false,governance.selection=pressure_max_under_constraints;seed=continuation
-0.25,independent_oracle,3c5f6b3c9bd535cff7657364dadb2efc31f2ea48,41.0,0,2.25625,331.617102,21.528186,0.0,2,true,true,coarse_grid,false,governance.selection=pressure_max_under_constraints;seed=continuation
-0.25,independent_oracle,3c5f6b3c9bd535cff7657364dadb2efc31f2ea48,41.0,0,2.2625,331.817157,21.529286,0.0,2,true,true,coarse_grid,false,governance.selection=pressure_max_under_constraints;seed=continuation
-0.25,independent_oracle,3c5f6b3c9bd535cff7657364dadb2efc31f2ea48,41.0,0,2.26875,332.019102,21.530399,0.0,2,true,true,coarse_grid,false,governance.selection=pressure_max_under_constraints;seed=continuation
-0.25,independent_oracle,3c5f6b3c9bd535cff7657364dadb2efc31f2ea48,41.0,0,2.275,332.222877,21.531525,0.0,2,true,true,coarse_grid,false,governance.selection=pressure_max_under_constraints;seed=continuation
-0.25,independent_oracle,3c5f6b3c9bd535cff7657364dadb2efc31f2ea48,41.0,0,2.28125,332.428422,21.532664,0.0,2,true,true,coarse_grid,false,governance.selection=pressure_max_under_constraints;seed=continuation
-0.25,independent_oracle,3c5f6b3c9bd535cff7657364dadb2efc31f2ea48,41.0,0,2.2875,332.635679,21.533815,0.0,2,true,true,coarse_grid,false,governance.selection=pressure_max_under_constraints;seed=continuation
-0.25,independent_oracle,3c5f6b3c9bd535cff7657364dadb2efc31f2ea48,41.0,0,2.29375,332.844592,21.53498,0.0,2,true,true,coarse_grid,false,governance.selection=pressure_max_under_constraints;seed=continuation
-0.25,independent_oracle,3c5f6b3c9bd535cff7657364dadb2efc31f2ea48,41.0,0,2.3,333.055107,21.536156,0.0,2,true,true,coarse_grid,false,governance.selection=pressure_max_under_constraints;seed=continuation
-0.25,independent_oracle,3c5f6b3c9bd535cff7657364dadb2efc31f2ea48,41.0,0,2.30625,333.267169,21.537344,0.0,2,true,true,coarse_grid,false,governance.selection=pressure_max_under_constraints;seed=continuation
-0.25,independent_oracle,3c5f6b3c9bd535cff7657364dadb2efc31f2ea48,41.0,0,2.3125,333.480725,21.538543,0.0,2,true,true,coarse_grid,false,governance.selection=pressure_max_under_constraints;seed=continuation
-0.25,independent_oracle,3c5f6b3c9bd535cff7657364dadb2efc31f2ea48,41.0,0,2.31875,333.695725,21.539754,0.0,2,true,true,coarse_grid,false,governance.selection=pressure_max_under_constraints;seed=continuation
-0.25,independent_oracle,3c5f6b3c9bd535cff7657364dadb2efc31f2ea48,41.0,0,2.325,333.912119,21.540977,0.0,2,true,true,coarse_grid,false,governance.selection=pressure_max_under_constraints;seed=continuation
-0.25,independent_oracle,3c5f6b3c9bd535cff7657364dadb2efc31f2ea48,41.0,0,2.33125,334.129859,21.54221,0.0,2,true,true,coarse_grid,false,governance.selection=pressure_max_under_constraints;seed=continuation
-0.25,independent_oracle,3c5f6b3c9bd535cff7657364dadb2efc31f2ea48,41.0,0,2.3375,334.348896,21.543454,0.0,2,true,true,coarse_grid,false,governance.selection=pressure_max_under_constraints;seed=continuation
-0.25,independent_oracle,3c5f6b3c9bd535cff7657364dadb2efc31f2ea48,41.0,0,2.34375,334.569185,21.544708,0.0,2,true,true,coarse_grid,false,governance.selection=pressure_max_under_constraints;seed=continuation
-0.25,independent_oracle,3c5f6b3c9bd535cff7657364dadb2efc31f2ea48,41.0,0,2.35,334.790681,21.545972,0.0,2,true,true,coarse_grid,false,governance.selection=pressure_max_under_constraints;seed=continuation
-0.25,independent_oracle,3c5f6b3c9bd535cff7657364dadb2efc31f2ea48,41.0,0,2.35625,335.013341,21.547247,0.0,2,true,true,coarse_grid,false,governance.selection=pressure_max_under_constraints;seed=continuation
-0.25,independent_oracle,3c5f6b3c9bd535cff7657364dadb2efc31f2ea48,41.0,0,2.3625,335.237123,21.548531,0.0,2,true,true,coarse_grid,false,governance.selection=pressure_max_under_constraints;seed=continuation
-0.25,independent_oracle,3c5f6b3c9bd535cff7657364dadb2efc31f2ea48,41.0,0,2.36875,335.461984,21.549825,0.0,2,true,true,coarse_grid,false,governance.selection=pressure_max_under_constraints;seed=continuation
-0.25,independent_oracle,3c5f6b3c9bd535cff7657364dadb2efc31f2ea48,41.0,0,2.375,335.687885,21.551128,0.0,2,true,true,coarse_grid,false,governance.selection=pressure_max_under_constraints;seed=continuation
-0.25,independent_oracle,3c5f6b3c9bd535cff7657364dadb2efc31f2ea48,41.0,0,2.38125,335.914787,21.552441,0.0,2,true,true,coarse_grid,false,governance.selection=pressure_max_under_constraints;seed=continuation
-0.25,independent_oracle,3c5f6b3c9bd535cff7657364dadb2efc31f2ea48,41.0,0,2.3875,336.142652,21.553763,0.0,2,true,true,coarse_grid,false,governance.selection=pressure_max_under_constraints;seed=continuation
-0.25,independent_oracle,3c5f6b3c9bd535cff7657364dadb2efc31f2ea48,41.0,0,2.39375,336.371444,21.555093,0.0,2,true,true,coarse_grid,false,governance.selection=pressure_max_under_constraints;seed=continuation
-0.25,independent_oracle,3c5f6b3c9bd535cff7657364dadb2efc31f2ea48,41.0,0,2.4,336.601126,21.556432,0.0,2,true,true,coarse_grid,false,governance.selection=pressure_max_under_constraints;seed=continuation
-0.25,independent_oracle,3c5f6b3c9bd535cff7657364dadb2efc31f2ea48,41.0,0,2.40625,336.831665,21.55778,0.0,2,true,true,coarse_grid,false,governance.selection=pressure_max_under_constraints;seed=continuation
-0.25,independent_oracle,3c5f6b3c9bd535cff7657364dadb2efc31f2ea48,41.0,0,2.4125,337.063026,21.559136,0.0,2,true,true,coarse_grid,false,governance.selection=pressure_max_under_constraints;seed=continuation
-0.25,independent_oracle,3c5f6b3c9bd535cff7657364dadb2efc31f2ea48,41.0,0,2.41875,337.295176,21.5605,0.0,2,true,true,coarse_grid,false,governance.selection=pressure_max_under_constraints;seed=continuation
-0.25,independent_oracle,3c5f6b3c9bd535cff7657364dadb2efc31f2ea48,41.0,0,2.425,337.528084,21.561872,0.0,2,true,true,coarse_grid,false,governance.selection=pressure_max_under_constraints;seed=continuation
-0.25,independent_oracle,3c5f6b3c9bd535cff7657364dadb2efc31f2ea48,41.0,0,2.43125,337.76172,21.563252,0.0,2,true,true,coarse_grid,false,governance.selection=pressure_max_under_constraints;seed=continuation
-0.25,independent_oracle,3c5f6b3c9bd535cff7657364dadb2efc31f2ea48,41.0,0,2.4375,337.996053,21.56464,0.0,2,true,true,coarse_grid,false,governance.selection=pressure_max_under_constraints;seed=continuation
-0.25,independent_oracle,3c5f6b3c9bd535cff7657364dadb2efc31f2ea48,41.0,0,2.44375,338.231054,21.566035,0.0,2,true,true,coarse_grid,false,governance.selection=pressure_max_under_constraints;seed=continuation
-0.25,independent_oracle,3c5f6b3c9bd535cff7657364dadb2efc31f2ea48,41.0,0,2.45,338.466695,21.567437,0.0,2,true,true,coarse_grid,false,governance.selection=pressure_max_under_constraints;seed=continuation
-0.25,independent_oracle,3c5f6b3c9bd535cff7657364dadb2efc31f2ea48,41.0,0,2.45625,338.702949,21.568847,0.0,2,true,true,coarse_grid,false,governance.selection=pressure_max_under_constraints;seed=continuation
-0.25,independent_oracle,3c5f6b3c9bd535cff7657364dadb2efc31f2ea48,41.0,0,2.4625,338.93979,21.570264,0.0,2,true,true,coarse_grid,false,governance.selection=pressure_max_under_constraints;seed=continuation
-0.25,independent_oracle,3c5f6b3c9bd535cff7657364dadb2efc31f2ea48,41.0,0,2.46875,339.177191,21.571688,0.0,2,true,true,coarse_grid,false,governance.selection=pressure_max_under_constraints;seed=continuation
-0.25,independent_oracle,3c5f6b3c9bd535cff7657364dadb2efc31f2ea48,41.0,0,2.475,339.415128,21.573119,0.0,2,true,true,coarse_grid,false,governance.selection=pressure_max_under_constraints;seed=continuation
-0.25,independent_oracle,3c5f6b3c9bd535cff7657364dadb2efc31f2ea48,41.0,0,2.48125,339.653576,21.574556,0.0,2,true,true,coarse_grid,false,governance.selection=pressure_max_under_constraints;seed=continuation
-0.25,independent_oracle,3c5f6b3c9bd535cff7657364dadb2efc31f2ea48,41.0,0,2.4875,339.892513,21.576,0.0,2,true,true,coarse_grid,false,governance.selection=pressure_max_under_constraints;seed=continuation
-0.25,independent_oracle,3c5f6b3c9bd535cff7657364dadb2efc31f2ea48,41.0,0,2.49375,340.131916,21.57745,0.0,2,true,true,coarse_grid,false,governance.selection=pressure_max_under_constraints;seed=continuation
-0.25,independent_oracle,3c5f6b3c9bd535cff7657364dadb2efc31f2ea48,41.0,0,2.5,340.371762,21.578907,0.0,2,true,true,coarse_grid,false,governance.selection=pressure_max_under_constraints;seed=continuation
-0.25,independent_oracle,3c5f6b3c9bd535cff7657364dadb2efc31f2ea48,41.0,0,2.50625,340.61203,21.58037,0.0,2,true,true,coarse_grid,false,governance.selection=pressure_max_under_constraints;seed=continuation
-0.25,independent_oracle,3c5f6b3c9bd535cff7657364dadb2efc31f2ea48,41.0,0,2.5125,340.852699,21.581839,0.0,2,true,true,coarse_grid,false,governance.selection=pressure_max_under_constraints;seed=continuation
-0.25,independent_oracle,3c5f6b3c9bd535cff7657364dadb2efc31f2ea48,41.0,0,2.51875,341.09375,21.583314,0.0,2,true,true,coarse_grid,false,governance.selection=pressure_max_under_constraints;seed=continuation
-0.25,independent_oracle,3c5f6b3c9bd535cff7657364dadb2efc31f2ea48,41.0,0,2.525,341.335163,21.584795,0.0,2,true,true,coarse_grid,false,governance.selection=pressure_max_under_constraints;seed=continuation
-0.25,independent_oracle,3c5f6b3c9bd535cff7657364dadb2efc31f2ea48,41.0,0,2.53125,341.576919,21.586282,0.0,2,true,true,coarse_grid,false,governance.selection=pressure_max_under_constraints;seed=continuation
-0.25,independent_oracle,3c5f6b3c9bd535cff7657364dadb2efc31f2ea48,41.0,0,2.5375,341.818999,21.587774,0.0,2,true,true,coarse_grid,false,governance.selection=pressure_max_under_constraints;seed=continuation
-0.25,independent_oracle,3c5f6b3c9bd535cff7657364dadb2efc31f2ea48,41.0,0,2.54375,342.061387,21.589272,0.0,2,true,true,coarse_grid,false,governance.selection=pressure_max_under_constraints;seed=continuation
-0.25,independent_oracle,3c5f6b3c9bd535cff7657364dadb2efc31f2ea48,41.0,0,2.55,342.304065,21.590776,0.0,2,true,true,coarse_grid,false,governance.selection=pressure_max_under_constraints;seed=continuation
-0.25,independent_oracle,3c5f6b3c9bd535cff7657364dadb2efc31f2ea48,41.0,0,2.55625,342.547016,21.592285,0.0,2,true,true,coarse_grid,false,governance.selection=pressure_max_under_constraints;seed=continuation
-0.25,independent_oracle,3c5f6b3c9bd535cff7657364dadb2efc31f2ea48,41.0,0,2.5625,342.790223,21.593799,0.0,2,true,true,coarse_grid,false,governance.selection=pressure_max_under_constraints;seed=continuation
-0.25,independent_oracle,3c5f6b3c9bd535cff7657364dadb2efc31f2ea48,41.0,0,2.56875,343.033673,21.595318,0.0,2,true,true,coarse_grid,false,governance.selection=pressure_max_under_constraints;seed=continuation
-0.25,independent_oracle,3c5f6b3c9bd535cff7657364dadb2efc31f2ea48,41.0,0,2.575,343.277348,21.596843,0.0,2,true,true,coarse_grid,false,governance.selection=pressure_max_under_constraints;seed=continuation
-0.25,independent_oracle,3c5f6b3c9bd535cff7657364dadb2efc31f2ea48,41.0,0,2.58125,343.521235,21.598372,0.0,2,true,true,coarse_grid,false,governance.selection=pressure_max_under_constraints;seed=continuation
-0.25,independent_oracle,3c5f6b3c9bd535cff7657364dadb2efc31f2ea48,41.0,0,2.5875,343.765319,21.599906,0.0,2,true,true,coarse_grid,false,governance.selection=pressure_max_under_constraints;seed=continuation
-0.25,independent_oracle,3c5f6b3c9bd535cff7657364dadb2efc31f2ea48,41.0,0,2.59375,344.009587,21.601446,0.0,2,true,true,coarse_grid,false,governance.selection=pressure_max_under_constraints;seed=continuation
-0.25,independent_oracle,3c5f6b3c9bd535cff7657364dadb2efc31f2ea48,41.0,0,2.6,344.254025,21.60299,0.0,2,true,true,coarse_grid,false,governance.selection=pressure_max_under_constraints;seed=continuation
-0.25,independent_oracle,3c5f6b3c9bd535cff7657364dadb2efc31f2ea48,41.0,0,2.60625,344.49862,21.604539,0.0,2,true,true,coarse_grid,false,governance.selection=pressure_max_under_constraints;seed=continuation
-0.25,independent_oracle,3c5f6b3c9bd535cff7657364dadb2efc31f2ea48,41.0,0,2.6125,344.743359,21.606092,0.0,2,true,true,coarse_grid,false,governance.selection=pressure_max_under_constraints;seed=continuation
-0.25,independent_oracle,3c5f6b3c9bd535cff7657364dadb2efc31f2ea48,41.0,0,2.61875,344.988231,21.60765,0.0,2,true,true,coarse_grid,false,governance.selection=pressure_max_under_constraints;seed=continuation
-0.25,independent_oracle,3c5f6b3c9bd535cff7657364dadb2efc31f2ea48,41.0,0,2.625,345.233223,21.609213,0.0,2,true,true,coarse_grid,false,governance.selection=pressure_max_under_constraints;seed=continuation
-0.25,independent_oracle,3c5f6b3c9bd535cff7657364dadb2efc31f2ea48,41.0,0,2.63125,345.478324,21.61078,0.0,2,true,true,coarse_grid,false,governance.selection=pressure_max_under_constraints;seed=continuation
-0.25,independent_oracle,3c5f6b3c9bd535cff7657364dadb2efc31f2ea48,41.0,0,2.6375,345.723523,21.612351,0.0,2,true,true,coarse_grid,false,governance.selection=pressure_max_under_constraints;seed=continuation
-0.25,independent_oracle,3c5f6b3c9bd535cff7657364dadb2efc31f2ea48,41.0,0,2.64375,345.968809,21.613926,0.0,2,true,true,coarse_grid,false,governance.selection=pressure_max_under_constraints;seed=continuation
-0.25,independent_oracle,3c5f6b3c9bd535cff7657364dadb2efc31f2ea48,41.0,0,2.65,346.214172,21.615506,0.0,2,true,true,coarse_grid,false,governance.selection=pressure_max_under_constraints;seed=continuation
-0.25,independent_oracle,3c5f6b3c9bd535cff7657364dadb2efc31f2ea48,41.0,0,2.65625,346.459601,21.61709,0.0,2,true,true,coarse_grid,false,governance.selection=pressure_max_under_constraints;seed=continuation
-0.25,independent_oracle,3c5f6b3c9bd535cff7657364dadb2efc31f2ea48,41.0,0,2.6625,346.705088,21.618678,0.0,2,true,true,coarse_grid,false,governance.selection=pressure_max_under_constraints;seed=continuation
-0.25,independent_oracle,3c5f6b3c9bd535cff7657364dadb2efc31f2ea48,41.0,0,2.66875,346.950621,21.62027,0.0,2,true,true,coarse_grid,false,governance.selection=pressure_max_under_constraints;seed=continuation
-0.25,independent_oracle,3c5f6b3c9bd535cff7657364dadb2efc31f2ea48,41.0,0,2.675,347.196192,21.621866,0.0,2,true,true,coarse_grid,false,governance.selection=pressure_max_under_constraints;seed=continuation
-0.25,independent_oracle,3c5f6b3c9bd535cff7657364dadb2efc31f2ea48,41.0,0,2.68125,347.441793,21.623466,0.0,2,true,true,coarse_grid,false,governance.selection=pressure_max_under_constraints;seed=continuation
-0.25,independent_oracle,3c5f6b3c9bd535cff7657364dadb2efc31f2ea48,41.0,0,2.6875,347.687414,21.62507,0.0,2,true,true,coarse_grid,false,governance.selection=pressure_max_under_constraints;seed=continuation
-0.25,independent_oracle,3c5f6b3c9bd535cff7657364dadb2efc31f2ea48,41.0,0,2.69375,347.933047,21.626678,0.0,2,true,true,coarse_grid,false,governance.selection=pressure_max_under_constraints;seed=continuation
-0.25,independent_oracle,3c5f6b3c9bd535cff7657364dadb2efc31f2ea48,41.0,0,2.7,348.178683,21.628289,0.0,2,true,true,coarse_grid,false,governance.selection=pressure_max_under_constraints;seed=continuation
-0.25,independent_oracle,3c5f6b3c9bd535cff7657364dadb2efc31f2ea48,41.0,0,2.70625,348.424316,21.629904,0.0,2,true,true,coarse_grid,false,governance.selection=pressure_max_under_constraints;seed=continuation
-0.25,independent_oracle,3c5f6b3c9bd535cff7657364dadb2efc31f2ea48,41.0,0,2.7125,348.669937,21.631523,0.0,2,true,true,coarse_grid,false,governance.selection=pressure_max_under_constraints;seed=continuation
-0.25,independent_oracle,3c5f6b3c9bd535cff7657364dadb2efc31f2ea48,41.0,0,2.71875,348.915539,21.633145,0.0,2,true,true,coarse_grid,false,governance.selection=pressure_max_under_constraints;seed=continuation
-0.25,independent_oracle,3c5f6b3c9bd535cff7657364dadb2efc31f2ea48,41.0,0,2.725,349.161115,21.634771,0.0,2,true,true,coarse_grid,false,governance.selection=pressure_max_under_constraints;seed=continuation
-0.25,independent_oracle,3c5f6b3c9bd535cff7657364dadb2efc31f2ea48,41.0,0,2.73125,349.406658,21.636401,0.0,2,true,true,coarse_grid,false,governance.selection=pressure_max_under_constraints;seed=continuation
-0.25,independent_oracle,3c5f6b3c9bd535cff7657364dadb2efc31f2ea48,41.0,0,2.7375,349.65216,21.638034,0.0,2,true,true,coarse_grid,false,governance.selection=pressure_max_under_constraints;seed=continuation
-0.25,independent_oracle,3c5f6b3c9bd535cff7657364dadb2efc31f2ea48,41.0,0,2.74375,349.897616,21.63967,0.0,2,true,true,coarse_grid,false,governance.selection=pressure_max_under_constraints;seed=continuation
-0.25,independent_oracle,3c5f6b3c9bd535cff7657364dadb2efc31f2ea48,41.0,0,2.75,350.14302,21.64131,0.0,2,true,true,coarse_grid,false,governance.selection=pressure_max_under_constraints;seed=continuation
-0.25,independent_oracle,3c5f6b3c9bd535cff7657364dadb2efc31f2ea48,41.0,0,2.75625,350.388364,21.642953,0.0,2,true,true,coarse_grid,false,governance.selection=pressure_max_under_constraints;seed=continuation
-0.25,independent_oracle,3c5f6b3c9bd535cff7657364dadb2efc31f2ea48,41.0,0,2.7625,350.633643,21.644599,0.0,2,true,true,coarse_grid,false,governance.selection=pressure_max_under_constraints;seed=continuation
-0.25,independent_oracle,3c5f6b3c9bd535cff7657364dadb2efc31f2ea48,41.0,0,2.76875,350.878851,21.646249,0.0,2,true,true,coarse_grid,false,governance.selection=pressure_max_under_constraints;seed=continuation
-0.25,independent_oracle,3c5f6b3c9bd535cff7657364dadb2efc31f2ea48,41.0,0,2.775,351.123983,21.647902,0.0,2,true,true,coarse_grid,false,governance.selection=pressure_max_under_constraints;seed=continuation
-0.25,independent_oracle,3c5f6b3c9bd535cff7657364dadb2efc31f2ea48,41.0,0,2.78125,351.369034,21.649558,0.0,2,true,true,coarse_grid,false,governance.selection=pressure_max_under_constraints;seed=continuation
-0.25,independent_oracle,3c5f6b3c9bd535cff7657364dadb2efc31f2ea48,41.0,0,2.7875,351.613997,21.651217,0.0,2,true,true,coarse_grid,false,governance.selection=pressure_max_under_constraints;seed=continuation
-0.25,independent_oracle,3c5f6b3c9bd535cff7657364dadb2efc31f2ea48,41.0,0,2.79375,351.858868,21.652879,0.0,2,true,true,coarse_grid,false,governance.selection=pressure_max_under_constraints;seed=continuation
-0.25,independent_oracle,3c5f6b3c9bd535cff7657364dadb2efc31f2ea48,41.0,0,2.8,352.103642,21.654544,0.0,2,true,true,coarse_grid,false,governance.selection=pressure_max_under_constraints;seed=continuation
-0.25,independent_oracle,3c5f6b3c9bd535cff7657364dadb2efc31f2ea48,41.0,0,2.80625,352.348314,21.656213,0.0,2,true,true,coarse_grid,false,governance.selection=pressure_max_under_constraints;seed=continuation
-0.25,independent_oracle,3c5f6b3c9bd535cff7657364dadb2efc31f2ea48,41.0,0,2.8125,352.592879,21.657884,0.0,2,true,true,coarse_grid,false,governance.selection=pressure_max_under_constraints;seed=continuation
-0.25,independent_oracle,3c5f6b3c9bd535cff7657364dadb2efc31f2ea48,41.0,0,2.81875,352.837334,21.659558,0.0,2,true,true,coarse_grid,false,governance.selection=pressure_max_under_constraints;seed=continuation
-0.25,independent_oracle,3c5f6b3c9bd535cff7657364dadb2efc31f2ea48,41.0,0,2.825,353.081673,21.661236,0.0,2,true,true,coarse_grid,false,governance.selection=pressure_max_under_constraints;seed=continuation
-0.25,independent_oracle,3c5f6b3c9bd535cff7657364dadb2efc31f2ea48,41.0,0,2.83125,353.325892,21.662916,0.0,2,true,true,coarse_grid,false,governance.selection=pressure_max_under_constraints;seed=continuation
-0.25,independent_oracle,3c5f6b3c9bd535cff7657364dadb2efc31f2ea48,41.0,0,2.8375,353.569988,21.664599,0.0,2,true,true,coarse_grid,false,governance.selection=pressure_max_under_constraints;seed=continuation
-0.25,independent_oracle,3c5f6b3c9bd535cff7657364dadb2efc31f2ea48,41.0,0,2.84375,353.813956,21.666284,0.0,2,true,true,coarse_grid,false,governance.selection=pressure_max_under_constraints;seed=continuation
-0.25,independent_oracle,3c5f6b3c9bd535cff7657364dadb2efc31f2ea48,41.0,0,2.85,354.057792,21.667973,0.0,2,true,true,coarse_grid,false,governance.selection=pressure_max_under_constraints;seed=continuation
-0.25,independent_oracle,3c5f6b3c9bd535cff7657364dadb2efc31f2ea48,41.0,0,2.85625,354.301493,21.669664,0.0,2,true,true,coarse_grid,false,governance.selection=pressure_max_under_constraints;seed=continuation
-0.25,independent_oracle,3c5f6b3c9bd535cff7657364dadb2efc31f2ea48,41.0,0,2.8625,354.545056,21.671358,0.0,2,true,true,coarse_grid,false,governance.selection=pressure_max_under_constraints;seed=continuation
-0.25,independent_oracle,3c5f6b3c9bd535cff7657364dadb2efc31f2ea48,41.0,0,2.86875,354.788475,21.673055,0.0,2,true,true,coarse_grid,false,governance.selection=pressure_max_under_constraints;seed=continuation
-0.25,independent_oracle,3c5f6b3c9bd535cff7657364dadb2efc31f2ea48,41.0,0,2.875,355.03175,21.674755,0.0,2,true,true,coarse_grid,false,governance.selection=pressure_max_under_constraints;seed=continuation
-0.25,independent_oracle,3c5f6b3c9bd535cff7657364dadb2efc31f2ea48,41.0,0,2.88125,355.274875,21.676457,0.0,2,true,true,coarse_grid,false,governance.selection=pressure_max_under_constraints;seed=continuation
-0.25,independent_oracle,3c5f6b3c9bd535cff7657364dadb2efc31f2ea48,41.0,0,2.8875,355.517847,21.678162,0.0,2,true,true,coarse_grid,false,governance.selection=pressure_max_under_constraints;seed=continuation
-0.25,independent_oracle,3c5f6b3c9bd535cff7657364dadb2efc31f2ea48,41.0,0,2.89375,355.760665,21.679869,0.0,2,true,true,coarse_grid,false,governance.selection=pressure_max_under_constraints;seed=continuation
-0.25,independent_oracle,3c5f6b3c9bd535cff7657364dadb2efc31f2ea48,41.0,0,2.9,356.003324,21.681579,0.0,2,true,true,coarse_grid,false,governance.selection=pressure_max_under_constraints;seed=continuation
-0.25,independent_oracle,3c5f6b3c9bd535cff7657364dadb2efc31f2ea48,41.0,0,2.90625,356.245822,21.683291,0.0,2,true,true,coarse_grid,false,governance.selection=pressure_max_under_constraints;seed=continuation
-0.25,independent_oracle,3c5f6b3c9bd535cff7657364dadb2efc31f2ea48,41.0,0,2.9125,356.488156,21.685006,0.0,2,true,true,coarse_grid,false,governance.selection=pressure_max_under_constraints;seed=continuation
-0.25,independent_oracle,3c5f6b3c9bd535cff7657364dadb2efc31f2ea48,41.0,0,2.91875,356.730323,21.686724,0.0,2,true,true,coarse_grid,false,governance.selection=pressure_max_under_constraints;seed=continuation
-0.25,independent_oracle,3c5f6b3c9bd535cff7657364dadb2efc31f2ea48,41.0,0,2.925,356.972321,21.688444,0.0,2,true,true,coarse_grid,false,governance.selection=pressure_max_under_constraints;seed=continuation
-0.25,independent_oracle,3c5f6b3c9bd535cff7657364dadb2efc31f2ea48,41.0,0,2.93125,357.214147,21.690166,0.0,2,true,true,coarse_grid,false,governance.selection=pressure_max_under_constraints;seed=continuation
-0.25,independent_oracle,3c5f6b3c9bd535cff7657364dadb2efc31f2ea48,41.0,0,2.9375,357.455799,21.691891,0.0,2,true,true,coarse_grid,false,governance.selection=pressure_max_under_constraints;seed=continuation
-0.25,independent_oracle,3c5f6b3c9bd535cff7657364dadb2efc31f2ea48,41.0,0,2.94375,357.697274,21.693619,0.0,2,true,true,coarse_grid,false,governance.selection=pressure_max_under_constraints;seed=continuation
-0.25,independent_oracle,3c5f6b3c9bd535cff7657364dadb2efc31f2ea48,41.0,0,2.95,357.93857,21.695348,0.0,2,true,true,coarse_grid,false,governance.selection=pressure_max_under_constraints;seed=continuation
-0.25,independent_oracle,3c5f6b3c9bd535cff7657364dadb2efc31f2ea48,41.0,0,2.95625,358.179685,21.69708,0.0,2,true,true,coarse_grid,false,governance.selection=pressure_max_under_constraints;seed=continuation
-0.25,independent_oracle,3c5f6b3c9bd535cff7657364dadb2efc31f2ea48,41.0,0,2.9625,358.420617,21.698815,0.0,2,true,true,coarse_grid,false,governance.selection=pressure_max_under_constraints;seed=continuation
-0.25,independent_oracle,3c5f6b3c9bd535cff7657364dadb2efc31f2ea48,41.0,0,2.96875,358.661363,21.700551,0.0,2,true,true,coarse_grid,false,governance.selection=pressure_max_under_constraints;seed=continuation
-0.25,independent_oracle,3c5f6b3c9bd535cff7657364dadb2efc31f2ea48,41.0,0,2.975,358.901921,21.70229,0.0,2,true,true,coarse_grid,false,governance.selection=pressure_max_under_constraints;seed=continuation
-0.25,independent_oracle,3c5f6b3c9bd535cff7657364dadb2efc31f2ea48,41.0,0,2.98125,359.142291,21.704032,0.0,2,true,true,coarse_grid,false,governance.selection=pressure_max_under_constraints;seed=continuation
-0.25,independent_oracle,3c5f6b3c9bd535cff7657364dadb2efc31f2ea48,41.0,0,2.9875,359.382469,21.705775,0.0,2,true,true,coarse_grid,false,governance.selection=pressure_max_under_constraints;seed=continuation
-0.25,independent_oracle,3c5f6b3c9bd535cff7657364dadb2efc31f2ea48,41.0,0,2.99375,359.622454,21.707521,0.0,2,true,true,coarse_grid,false,governance.selection=pressure_max_under_constraints;seed=continuation
-0.25,independent_oracle,3c5f6b3c9bd535cff7657364dadb2efc31f2ea48,41.0,0,3.0,359.862243,21.709269,0.0,2,true,true,coarse_grid,false,governance.selection=pressure_max_under_constraints;seed=continuation
-0.25,independent_oracle,3c5f6b3c9bd535cff7657364dadb2efc31f2ea48,41.0,0,3.00625,360.101837,21.71102,0.0,2,true,true,coarse_grid,false,governance.selection=pressure_max_under_constraints;seed=continuation
-0.25,independent_oracle,3c5f6b3c9bd535cff7657364dadb2efc31f2ea48,41.0,0,3.0125,360.341232,21.712772,0.0,2,true,true,coarse_grid,false,governance.selection=pressure_max_under_constraints;seed=continuation
-0.25,independent_oracle,3c5f6b3c9bd535cff7657364dadb2efc31f2ea48,41.0,0,3.01875,360.580427,21.714527,0.0,2,true,true,coarse_grid,false,governance.selection=pressure_max_under_constraints;seed=continuation
-0.25,independent_oracle,3c5f6b3c9bd535cff7657364dadb2efc31f2ea48,41.0,0,3.025,360.819422,21.716283,0.0,2,true,true,coarse_grid,false,governance.selection=pressure_max_under_constraints;seed=continuation
-0.25,independent_oracle,3c5f6b3c9bd535cff7657364dadb2efc31f2ea48,41.0,0,3.03125,361.058213,21.718042,0.0,2,true,true,coarse_grid,false,governance.selection=pressure_max_under_constraints;seed=continuation
-0.25,independent_oracle,3c5f6b3c9bd535cff7657364dadb2efc31f2ea48,41.0,0,3.0375,361.2968,21.719803,0.0,2,true,true,coarse_grid,false,governance.selection=pressure_max_under_constraints;seed=continuation
-0.25,independent_oracle,3c5f6b3c9bd535cff7657364dadb2efc31f2ea48,41.0,0,3.04375,361.535181,21.721567,0.0,2,true,true,coarse_grid,false,governance.selection=pressure_max_under_constraints;seed=continuation
-0.25,independent_oracle,3c5f6b3c9bd535cff7657364dadb2efc31f2ea48,41.0,0,3.05,361.773356,21.723332,0.0,2,true,true,coarse_grid,false,governance.selection=pressure_max_under_constraints;seed=continuation
-0.25,independent_oracle,3c5f6b3c9bd535cff7657364dadb2efc31f2ea48,41.0,0,3.05625,362.011322,21.725099,0.0,2,true,true,coarse_grid,false,governance.selection=pressure_max_under_constraints;seed=continuation
-0.25,independent_oracle,3c5f6b3c9bd535cff7657364dadb2efc31f2ea48,41.0,0,3.0625,362.249078,21.726868,0.0,2,true,true,coarse_grid,false,governance.selection=pressure_max_under_constraints;seed=continuation
-0.25,independent_oracle,3c5f6b3c9bd535cff7657364dadb2efc31f2ea48,41.0,0,3.06875,362.486625,21.72864,0.0,2,true,true,coarse_grid,false,governance.selection=pressure_max_under_constraints;seed=continuation
-0.25,independent_oracle,3c5f6b3c9bd535cff7657364dadb2efc31f2ea48,41.0,0,3.075,362.723959,21.730413,0.0,2,true,true,coarse_grid,false,governance.selection=pressure_max_under_constraints;seed=continuation
-0.25,independent_oracle,3c5f6b3c9bd535cff7657364dadb2efc31f2ea48,41.0,0,3.08125,362.96108,21.732189,0.0,2,true,true,coarse_grid,false,governance.selection=pressure_max_under_constraints;seed=continuation
-0.25,independent_oracle,3c5f6b3c9bd535cff7657364dadb2efc31f2ea48,41.0,0,3.0875,363.197988,21.733966,0.0,2,true,true,coarse_grid,false,governance.selection=pressure_max_under_constraints;seed=continuation
-0.25,independent_oracle,3c5f6b3c9bd535cff7657364dadb2efc31f2ea48,41.0,0,3.09375,363.43468,21.735746,0.0,2,true,true,coarse_grid,false,governance.selection=pressure_max_under_constraints;seed=continuation
-0.25,independent_oracle,3c5f6b3c9bd535cff7657364dadb2efc31f2ea48,41.0,0,3.1,363.671156,21.737527,0.0,2,true,true,coarse_grid,false,governance.selection=pressure_max_under_constraints;seed=continuation
-0.25,independent_oracle,3c5f6b3c9bd535cff7657364dadb2efc31f2ea48,41.0,0,3.10625,363.907416,21.73931,0.0,2,true,true,coarse_grid,false,governance.selection=pressure_max_under_constraints;seed=continuation
-0.25,independent_oracle,3c5f6b3c9bd535cff7657364dadb2efc31f2ea48,41.0,0,3.1125,364.143457,21.741096,0.0,2,true,true,coarse_grid,false,governance.selection=pressure_max_under_constraints;seed=continuation
-0.25,independent_oracle,3c5f6b3c9bd535cff7657364dadb2efc31f2ea48,41.0,0,3.11875,364.37928,21.742883,0.0,2,true,true,coarse_grid,false,governance.selection=pressure_max_under_constraints;seed=continuation
-0.25,independent_oracle,3c5f6b3c9bd535cff7657364dadb2efc31f2ea48,41.0,0,3.125,364.614884,21.744672,0.0,2,true,true,coarse_grid,false,governance.selection=pressure_max_under_constraints;seed=continuation
-0.25,independent_oracle,3c5f6b3c9bd535cff7657364dadb2efc31f2ea48,41.0,0,3.13125,364.850267,21.746463,0.0,2,true,true,coarse_grid,false,governance.selection=pressure_max_under_constraints;seed=continuation
-0.25,independent_oracle,3c5f6b3c9bd535cff7657364dadb2efc31f2ea48,41.0,0,3.1375,365.085428,21.748256,0.0,2,true,true,coarse_grid,false,governance.selection=pressure_max_under_constraints;seed=continuation
-0.25,independent_oracle,3c5f6b3c9bd535cff7657364dadb2efc31f2ea48,41.0,0,3.14375,365.320368,21.750051,0.0,2,true,true,coarse_grid,false,governance.selection=pressure_max_under_constraints;seed=continuation
-0.25,independent_oracle,3c5f6b3c9bd535cff7657364dadb2efc31f2ea48,41.0,0,3.15,365.555086,21.751848,0.0,2,true,true,coarse_grid,false,governance.selection=pressure_max_under_constraints;seed=continuation
-0.25,independent_oracle,3c5f6b3c9bd535cff7657364dadb2efc31f2ea48,41.0,0,3.15625,365.78958,21.753646,0.0,2,true,true,coarse_grid,false,governance.selection=pressure_max_under_constraints;seed=continuation
-0.25,independent_oracle,3c5f6b3c9bd535cff7657364dadb2efc31f2ea48,41.0,0,3.1625,366.02385,21.755447,0.0,2,true,true,coarse_grid,false,governance.selection=pressure_max_under_constraints;seed=continuation
-0.25,independent_oracle,3c5f6b3c9bd535cff7657364dadb2efc31f2ea48,41.0,0,3.16875,366.257895,21.757249,0.0,2,true,true,coarse_grid,false,governance.selection=pressure_max_under_constraints;seed=continuation
-0.25,independent_oracle,3c5f6b3c9bd535cff7657364dadb2efc31f2ea48,41.0,0,3.175,366.491716,21.759053,0.0,2,true,true,coarse_grid,false,governance.selection=pressure_max_under_constraints;seed=continuation
-0.25,independent_oracle,3c5f6b3c9bd535cff7657364dadb2efc31f2ea48,41.0,0,3.18125,366.72531,21.760859,0.0,2,true,true,coarse_grid,false,governance.selection=pressure_max_under_constraints;seed=continuation
-0.25,independent_oracle,3c5f6b3c9bd535cff7657364dadb2efc31f2ea48,41.0,0,3.1875,366.958679,21.762667,0.0,2,true,true,coarse_grid,false,governance.selection=pressure_max_under_constraints;seed=continuation
-0.25,independent_oracle,3c5f6b3c9bd535cff7657364dadb2efc31f2ea48,41.0,0,3.19375,367.19182,21.764476,0.0,2,true,true,coarse_grid,false,governance.selection=pressure_max_under_constraints;seed=continuation
-0.25,independent_oracle,3c5f6b3c9bd535cff7657364dadb2efc31f2ea48,41.0,0,3.2,367.424735,21.766287,0.0,2,true,true,coarse_grid,false,governance.selection=pressure_max_under_constraints;seed=continuation
-0.25,independent_oracle,3c5f6b3c9bd535cff7657364dadb2efc31f2ea48,41.0,0,3.20625,367.657421,21.7681,0.0,2,true,true,coarse_grid,false,governance.selection=pressure_max_under_constraints;seed=continuation
-0.25,independent_oracle,3c5f6b3c9bd535cff7657364dadb2efc31f2ea48,41.0,0,3.2125,367.88988,21.769915,0.0,2,true,true,coarse_grid,false,governance.selection=pressure_max_under_constraints;seed=continuation
-0.25,independent_oracle,3c5f6b3c9bd535cff7657364dadb2efc31f2ea48,41.0,0,3.21875,368.122109,21.771732,0.0,2,true,true,coarse_grid,false,governance.selection=pressure_max_under_constraints;seed=continuation
-0.25,independent_oracle,3c5f6b3c9bd535cff7657364dadb2efc31f2ea48,41.0,0,3.225,368.35411,21.77355,0.0,2,true,true,coarse_grid,false,governance.selection=pressure_max_under_constraints;seed=continuation
-0.25,independent_oracle,3c5f6b3c9bd535cff7657364dadb2efc31f2ea48,41.0,0,3.23125,368.585881,21.77537,0.0,2,true,true,coarse_grid,false,governance.selection=pressure_max_under_constraints;seed=continuation
-0.25,independent_oracle,3c5f6b3c9bd535cff7657364dadb2efc31f2ea48,41.0,0,3.2375,368.817423,21.777192,0.0,2,true,true,coarse_grid,false,governance.selection=pressure_max_under_constraints;seed=continuation
-0.25,independent_oracle,3c5f6b3c9bd535cff7657364dadb2efc31f2ea48,41.0,0,3.24375,369.048735,21.779015,0.0,2,true,true,coarse_grid,false,governance.selection=pressure_max_under_constraints;seed=continuation
-0.25,independent_oracle,3c5f6b3c9bd535cff7657364dadb2efc31f2ea48,41.0,0,3.25,369.279816,21.78084,0.0,2,true,true,coarse_grid,false,governance.selection=pressure_max_under_constraints;seed=continuation
-0.25,independent_oracle,3c5f6b3c9bd535cff7657364dadb2efc31f2ea48,41.0,0,3.25625,369.510666,21.782667,0.0,2,true,true,coarse_grid,false,governance.selection=pressure_max_under_constraints;seed=continuation
-0.25,independent_oracle,3c5f6b3c9bd535cff7657364dadb2efc31f2ea48,41.0,0,3.2625,369.741286,21.784495,0.0,2,true,true,coarse_grid,false,governance.selection=pressure_max_under_constraints;seed=continuation
-0.25,independent_oracle,3c5f6b3c9bd535cff7657364dadb2efc31f2ea48,41.0,0,3.26875,369.971674,21.786325,0.0,2,true,true,coarse_grid,false,governance.selection=pressure_max_under_constraints;seed=continuation
-0.25,independent_oracle,3c5f6b3c9bd535cff7657364dadb2efc31f2ea48,41.0,0,3.275,370.201831,21.788157,0.0,2,true,true,coarse_grid,false,governance.selection=pressure_max_under_constraints;seed=continuation
-0.25,independent_oracle,3c5f6b3c9bd535cff7657364dadb2efc31f2ea48,41.0,0,3.28125,370.431756,21.789991,0.0,2,true,true,coarse_grid,false,governance.selection=pressure_max_under_constraints;seed=continuation
-0.25,independent_oracle,3c5f6b3c9bd535cff7657364dadb2efc31f2ea48,41.0,0,3.2875,370.661449,21.791826,0.0,2,true,true,coarse_grid,false,governance.selection=pressure_max_under_constraints;seed=continuation
-0.25,independent_oracle,3c5f6b3c9bd535cff7657364dadb2efc31f2ea48,41.0,0,3.29375,370.89091,21.793662,0.0,2,true,true,coarse_grid,false,governance.selection=pressure_max_under_constraints;seed=continuation
-0.25,independent_oracle,3c5f6b3c9bd535cff7657364dadb2efc31f2ea48,41.0,0,3.3,371.120139,21.795501,0.0,2,true,true,coarse_grid,false,governance.selection=pressure_max_under_constraints;seed=continuation
-0.25,independent_oracle,3c5f6b3c9bd535cff7657364dadb2efc31f2ea48,41.0,0,3.30625,371.349135,21.797341,0.0,2,true,true,coarse_grid,false,governance.selection=pressure_max_under_constraints;seed=continuation
-0.25,independent_oracle,3c5f6b3c9bd535cff7657364dadb2efc31f2ea48,41.0,0,3.3125,371.577899,21.799182,0.0,2,true,true,coarse_grid,false,governance.selection=pressure_max_under_constraints;seed=continuation
-0.25,independent_oracle,3c5f6b3c9bd535cff7657364dadb2efc31f2ea48,41.0,0,3.31875,371.80643,21.801026,0.0,2,true,true,coarse_grid,false,governance.selection=pressure_max_under_constraints;seed=continuation
-0.25,independent_oracle,3c5f6b3c9bd535cff7657364dadb2efc31f2ea48,41.0,0,3.325,372.034729,21.80287,0.0,2,true,true,coarse_grid,false,governance.selection=pressure_max_under_constraints;seed=continuation
-0.25,independent_oracle,3c5f6b3c9bd535cff7657364dadb2efc31f2ea48,41.0,0,3.33125,372.262794,21.804717,0.0,2,true,true,coarse_grid,false,governance.selection=pressure_max_under_constraints;seed=continuation
-0.25,independent_oracle,3c5f6b3c9bd535cff7657364dadb2efc31f2ea48,41.0,0,3.3375,372.490627,21.806565,0.0,2,true,true,coarse_grid,false,governance.selection=pressure_max_under_constraints;seed=continuation
-0.25,independent_oracle,3c5f6b3c9bd535cff7657364dadb2efc31f2ea48,41.0,0,3.34375,372.718226,21.808414,0.0,2,true,true,coarse_grid,false,governance.selection=pressure_max_under_constraints;seed=continuation
-0.25,independent_oracle,3c5f6b3c9bd535cff7657364dadb2efc31f2ea48,41.0,0,3.35,372.945592,21.810265,0.0,2,true,true,coarse_grid,false,governance.selection=pressure_max_under_constraints;seed=continuation
-0.25,independent_oracle,3c5f6b3c9bd535cff7657364dadb2efc31f2ea48,41.0,0,3.35625,373.172725,21.812118,0.0,2,true,true,coarse_grid,false,governance.selection=pressure_max_under_constraints;seed=continuation
-0.25,independent_oracle,3c5f6b3c9bd535cff7657364dadb2efc31f2ea48,41.0,0,3.3625,373.399625,21.813972,0.0,2,true,true,coarse_grid,false,governance.selection=pressure_max_under_constraints;seed=continuation
-0.25,independent_oracle,3c5f6b3c9bd535cff7657364dadb2efc31f2ea48,41.0,0,3.36875,373.626292,21.815828,0.0,2,true,true,coarse_grid,false,governance.selection=pressure_max_under_constraints;seed=continuation
-0.25,independent_oracle,3c5f6b3c9bd535cff7657364dadb2efc31f2ea48,41.0,0,3.375,373.852725,21.817685,0.0,2,true,true,coarse_grid,false,governance.selection=pressure_max_under_constraints;seed=continuation
-0.25,independent_oracle,3c5f6b3c9bd535cff7657364dadb2efc31f2ea48,41.0,0,3.38125,374.078925,21.819544,0.0,2,true,true,coarse_grid,false,governance.selection=pressure_max_under_constraints;seed=continuation
-0.25,independent_oracle,3c5f6b3c9bd535cff7657364dadb2efc31f2ea48,41.0,0,3.3875,374.304892,21.821404,0.0,2,true,true,coarse_grid,false,governance.selection=pressure_max_under_constraints;seed=continuation
-0.25,independent_oracle,3c5f6b3c9bd535cff7657364dadb2efc31f2ea48,41.0,0,3.39375,374.530626,21.823266,0.0,2,true,true,coarse_grid,false,governance.selection=pressure_max_under_constraints;seed=continuation
-0.25,independent_oracle,3c5f6b3c9bd535cff7657364dadb2efc31f2ea48,41.0,0,3.4,374.756126,21.825129,0.0,2,true,true,coarse_grid,false,governance.selection=pressure_max_under_constraints;seed=continuation
-0.25,independent_oracle,3c5f6b3c9bd535cff7657364dadb2efc31f2ea48,41.0,0,3.40625,374.981393,21.826994,0.0,2,true,true,coarse_grid,false,governance.selection=pressure_max_under_constraints;seed=continuation
-0.25,independent_oracle,3c5f6b3c9bd535cff7657364dadb2efc31f2ea48,41.0,0,3.4125,375.206427,21.82886,0.0,2,true,true,coarse_grid,false,governance.selection=pressure_max_under_constraints;seed=continuation
-0.25,independent_oracle,3c5f6b3c9bd535cff7657364dadb2efc31f2ea48,41.0,0,3.41875,375.431229,21.830728,0.0,2,true,true,coarse_grid,false,governance.selection=pressure_max_under_constraints;seed=continuation
-0.25,independent_oracle,3c5f6b3c9bd535cff7657364dadb2efc31f2ea48,41.0,0,3.425,375.655797,21.832597,0.0,2,true,true,coarse_grid,false,governance.selection=pressure_max_under_constraints;seed=continuation
-0.25,independent_oracle,3c5f6b3c9bd535cff7657364dadb2efc31f2ea48,41.0,0,3.43125,375.880132,21.834468,0.0,2,true,true,coarse_grid,false,governance.selection=pressure_max_under_constraints;seed=continuation
-0.25,independent_oracle,3c5f6b3c9bd535cff7657364dadb2efc31f2ea48,41.0,0,3.4375,376.104234,21.83634,0.0,2,true,true,coarse_grid,false,governance.selection=pressure_max_under_constraints;seed=continuation
-0.25,independent_oracle,3c5f6b3c9bd535cff7657364dadb2efc31f2ea48,41.0,0,3.44375,376.328104,21.838214,0.0,2,true,true,coarse_grid,false,governance.selection=pressure_max_under_constraints;seed=continuation
-0.25,independent_oracle,3c5f6b3c9bd535cff7657364dadb2efc31f2ea48,41.0,0,3.45,376.551741,21.840089,0.0,2,true,true,coarse_grid,false,governance.selection=pressure_max_under_constraints;seed=continuation
-0.25,independent_oracle,3c5f6b3c9bd535cff7657364dadb2efc31f2ea48,41.0,0,3.45625,376.775146,21.841965,0.0,2,true,true,coarse_grid,false,governance.selection=pressure_max_under_constraints;seed=continuation
-0.25,independent_oracle,3c5f6b3c9bd535cff7657364dadb2efc31f2ea48,41.0,0,3.4625,376.998318,21.843843,0.0,2,true,true,coarse_grid,false,governance.selection=pressure_max_under_constraints;seed=continuation
-0.25,independent_oracle,3c5f6b3c9bd535cff7657364dadb2efc31f2ea48,41.0,0,3.46875,377.221258,21.845723,0.0,2,true,true,coarse_grid,false,governance.selection=pressure_max_under_constraints;seed=continuation
-0.25,independent_oracle,3c5f6b3c9bd535cff7657364dadb2efc31f2ea48,41.0,0,3.475,377.443966,21.847603,0.0,2,true,true,coarse_grid,false,governance.selection=pressure_max_under_constraints;seed=continuation
-0.25,independent_oracle,3c5f6b3c9bd535cff7657364dadb2efc31f2ea48,41.0,0,3.48125,377.666442,21.849486,0.0,2,true,true,coarse_grid,false,governance.selection=pressure_max_under_constraints;seed=continuation
-0.25,independent_oracle,3c5f6b3c9bd535cff7657364dadb2efc31f2ea48,41.0,0,3.4875,377.888686,21.851369,0.0,2,true,true,coarse_grid,false,governance.selection=pressure_max_under_constraints;seed=continuation
-0.25,independent_oracle,3c5f6b3c9bd535cff7657364dadb2efc31f2ea48,41.0,0,3.49375,378.110698,21.853255,0.0,2,true,true,coarse_grid,false,governance.selection=pressure_max_under_constraints;seed=continuation
-0.25,independent_oracle,3c5f6b3c9bd535cff7657364dadb2efc31f2ea48,41.0,0,3.5,378.332479,21.855141,0.0,2,true,true,coarse_grid,false,governance.selection=pressure_max_under_constraints;seed=continuation
-0.25,independent_oracle,3c5f6b3c9bd535cff7657364dadb2efc31f2ea48,41.0,0,3.50625,378.554029,21.857029,0.0,2,true,true,coarse_grid,false,governance.selection=pressure_max_under_constraints;seed=continuation
-0.25,independent_oracle,3c5f6b3c9bd535cff7657364dadb2efc31f2ea48,41.0,0,3.5125,378.775347,21.858918,0.0,2,true,true,coarse_grid,false,governance.selection=pressure_max_under_constraints;seed=continuation
-0.25,independent_oracle,3c5f6b3c9bd535cff7657364dadb2efc31f2ea48,41.0,0,3.51875,378.996434,21.860809,0.0,2,true,true,coarse_grid,false,governance.selection=pressure_max_under_constraints;seed=continuation
-0.25,independent_oracle,3c5f6b3c9bd535cff7657364dadb2efc31f2ea48,41.0,0,3.525,379.217291,21.862701,0.0,2,true,true,coarse_grid,false,governance.selection=pressure_max_under_constraints;seed=continuation
-0.25,independent_oracle,3c5f6b3c9bd535cff7657364dadb2efc31f2ea48,41.0,0,3.53125,379.437916,21.864594,0.0,2,true,true,coarse_grid,false,governance.selection=pressure_max_under_constraints;seed=continuation
-0.25,independent_oracle,3c5f6b3c9bd535cff7657364dadb2efc31f2ea48,41.0,0,3.5375,379.658312,21.866489,0.0,2,true,true,coarse_grid,false,governance.selection=pressure_max_under_constraints;seed=continuation
-0.25,independent_oracle,3c5f6b3c9bd535cff7657364dadb2efc31f2ea48,41.0,0,3.54375,379.878477,21.868386,0.0,2,true,true,coarse_grid,false,governance.selection=pressure_max_under_constraints;seed=continuation
-0.25,independent_oracle,3c5f6b3c9bd535cff7657364dadb2efc31f2ea48,41.0,0,3.55,380.098412,21.870283,0.0,2,true,true,coarse_grid,false,governance.selection=pressure_max_under_constraints;seed=continuation
-0.25,independent_oracle,3c5f6b3c9bd535cff7657364dadb2efc31f2ea48,41.0,0,3.55625,380.318118,21.872182,0.0,2,true,true,coarse_grid,false,governance.selection=pressure_max_under_constraints;seed=continuation
-0.25,independent_oracle,3c5f6b3c9bd535cff7657364dadb2efc31f2ea48,41.0,0,3.5625,380.537593,21.874082,0.0,2,true,true,coarse_grid,false,governance.selection=pressure_max_under_constraints;seed=continuation
-0.25,independent_oracle,3c5f6b3c9bd535cff7657364dadb2efc31f2ea48,41.0,0,3.56875,380.75684,21.875984,0.0,2,true,true,coarse_grid,false,governance.selection=pressure_max_under_constraints;seed=continuation
-0.25,independent_oracle,3c5f6b3c9bd535cff7657364dadb2efc31f2ea48,41.0,0,3.575,380.975857,21.877887,0.0,2,true,true,coarse_grid,false,governance.selection=pressure_max_under_constraints;seed=continuation
-0.25,independent_oracle,3c5f6b3c9bd535cff7657364dadb2efc31f2ea48,41.0,0,3.58125,381.194645,21.879791,0.0,2,true,true,coarse_grid,false,governance.selection=pressure_max_under_constraints;seed=continuation
-0.25,independent_oracle,3c5f6b3c9bd535cff7657364dadb2efc31f2ea48,41.0,0,3.5875,381.413205,21.881697,0.0,2,true,true,coarse_grid,false,governance.selection=pressure_max_under_constraints;seed=continuation
-0.25,independent_oracle,3c5f6b3c9bd535cff7657364dadb2efc31f2ea48,41.0,0,3.59375,381.631536,21.883604,0.0,2,true,true,coarse_grid,false,governance.selection=pressure_max_under_constraints;seed=continuation
-0.25,independent_oracle,3c5f6b3c9bd535cff7657364dadb2efc31f2ea48,41.0,0,3.6,381.849639,21.885512,0.0,2,true,true,coarse_grid,false,governance.selection=pressure_max_under_constraints;seed=continuation
-0.25,independent_oracle,3c5f6b3c9bd535cff7657364dadb2efc31f2ea48,41.0,0,3.60625,382.067514,21.887422,0.0,2,true,true,coarse_grid,false,governance.selection=pressure_max_under_constraints;seed=continuation
-0.25,independent_oracle,3c5f6b3c9bd535cff7657364dadb2efc31f2ea48,41.0,0,3.6125,382.285162,21.889333,0.0,2,true,true,coarse_grid,false,governance.selection=pressure_max_under_constraints;seed=continuation
-0.25,independent_oracle,3c5f6b3c9bd535cff7657364dadb2efc31f2ea48,41.0,0,3.61875,382.502581,21.891245,0.0,2,true,true,coarse_grid,false,governance.selection=pressure_max_under_constraints;seed=continuation
-0.25,independent_oracle,3c5f6b3c9bd535cff7657364dadb2efc31f2ea48,41.0,0,3.625,382.719774,21.893158,0.0,2,true,true,coarse_grid,false,governance.selection=pressure_max_under_constraints;seed=continuation
-0.25,independent_oracle,3c5f6b3c9bd535cff7657364dadb2efc31f2ea48,41.0,0,3.63125,382.93674,21.895073,0.0,2,true,true,coarse_grid,false,governance.selection=pressure_max_under_constraints;seed=continuation
-0.25,independent_oracle,3c5f6b3c9bd535cff7657364dadb2efc31f2ea48,41.0,0,3.6375,383.153479,21.896989,0.0,2,true,true,coarse_grid,false,governance.selection=pressure_max_under_constraints;seed=continuation
-0.25,independent_oracle,3c5f6b3c9bd535cff7657364dadb2efc31f2ea48,41.0,0,3.64375,383.369991,21.898907,0.0,2,true,true,coarse_grid,false,governance.selection=pressure_max_under_constraints;seed=continuation
-0.25,independent_oracle,3c5f6b3c9bd535cff7657364dadb2efc31f2ea48,41.0,0,3.65,383.586278,21.900825,0.0,2,true,true,coarse_grid,false,governance.selection=pressure_max_under_constraints;seed=continuation
-0.25,independent_oracle,3c5f6b3c9bd535cff7657364dadb2efc31f2ea48,41.0,0,3.65625,383.802338,21.902745,0.0,2,true,true,coarse_grid,false,governance.selection=pressure_max_under_constraints;seed=continuation
-0.25,independent_oracle,3c5f6b3c9bd535cff7657364dadb2efc31f2ea48,41.0,0,3.6625,384.018173,21.904666,0.0,2,true,true,coarse_grid,false,governance.selection=pressure_max_under_constraints;seed=continuation
-0.25,independent_oracle,3c5f6b3c9bd535cff7657364dadb2efc31f2ea48,41.0,0,3.66875,384.233783,21.906589,0.0,2,true,true,coarse_grid,false,governance.selection=pressure_max_under_constraints;seed=continuation
-0.25,independent_oracle,3c5f6b3c9bd535cff7657364dadb2efc31f2ea48,41.0,0,3.675,384.449168,21.908513,0.0,2,true,true,coarse_grid,false,governance.selection=pressure_max_under_constraints;seed=continuation
-0.25,independent_oracle,3c5f6b3c9bd535cff7657364dadb2efc31f2ea48,41.0,0,3.68125,384.664328,21.910438,0.0,2,true,true,coarse_grid,false,governance.selection=pressure_max_under_constraints;seed=continuation
-0.25,independent_oracle,3c5f6b3c9bd535cff7657364dadb2efc31f2ea48,41.0,0,3.6875,384.879263,21.912364,0.0,2,true,true,coarse_grid,false,governance.selection=pressure_max_under_constraints;seed=continuation
-0.25,independent_oracle,3c5f6b3c9bd535cff7657364dadb2efc31f2ea48,41.0,0,3.69375,385.093974,21.914292,0.0,2,true,true,coarse_grid,false,governance.selection=pressure_max_under_constraints;seed=continuation
-0.25,independent_oracle,3c5f6b3c9bd535cff7657364dadb2efc31f2ea48,41.0,0,3.7,385.308461,21.916221,0.0,2,true,true,coarse_grid,false,governance.selection=pressure_max_under_constraints;seed=continuation
-0.25,independent_oracle,3c5f6b3c9bd535cff7657364dadb2efc31f2ea48,41.0,0,3.70625,385.522725,21.918151,0.0,2,true,true,coarse_grid,false,governance.selection=pressure_max_under_constraints;seed=continuation
-0.25,independent_oracle,3c5f6b3c9bd535cff7657364dadb2efc31f2ea48,41.0,0,3.7125,385.736766,21.920082,0.0,2,true,true,coarse_grid,false,governance.selection=pressure_max_under_constraints;seed=continuation
-0.25,independent_oracle,3c5f6b3c9bd535cff7657364dadb2efc31f2ea48,41.0,0,3.71875,385.950583,21.922014,0.0,2,true,true,coarse_grid,false,governance.selection=pressure_max_under_constraints;seed=continuation
-0.25,independent_oracle,3c5f6b3c9bd535cff7657364dadb2efc31f2ea48,41.0,0,3.725,386.164178,21.923948,0.0,2,true,true,coarse_grid,false,governance.selection=pressure_max_under_constraints;seed=continuation
-0.25,independent_oracle,3c5f6b3c9bd535cff7657364dadb2efc31f2ea48,41.0,0,3.73125,386.37755,21.925883,0.0,2,true,true,coarse_grid,false,governance.selection=pressure_max_under_constraints;seed=continuation
-0.25,independent_oracle,3c5f6b3c9bd535cff7657364dadb2efc31f2ea48,41.0,0,3.7375,386.5907,21.927819,0.0,2,true,true,coarse_grid,false,governance.selection=pressure_max_under_constraints;seed=continuation
-0.25,independent_oracle,3c5f6b3c9bd535cff7657364dadb2efc31f2ea48,41.0,0,3.74375,386.803628,21.929757,0.0,2,true,true,coarse_grid,false,governance.selection=pressure_max_under_constraints;seed=continuation
-0.25,independent_oracle,3c5f6b3c9bd535cff7657364dadb2efc31f2ea48,41.0,0,3.75,387.016335,21.931696,0.0,2,true,true,coarse_grid,false,governance.selection=pressure_max_under_constraints;seed=continuation
-0.25,independent_oracle,3c5f6b3c9bd535cff7657364dadb2efc31f2ea48,41.0,0,3.75625,387.228821,21.933636,0.0,2,true,true,coarse_grid,false,governance.selection=pressure_max_under_constraints;seed=continuation
-0.25,independent_oracle,3c5f6b3c9bd535cff7657364dadb2efc31f2ea48,41.0,0,3.7625,387.441085,21.935577,0.0,2,true,true,coarse_grid,false,governance.selection=pressure_max_under_constraints;seed=continuation
-0.25,independent_oracle,3c5f6b3c9bd535cff7657364dadb2efc31f2ea48,41.0,0,3.76875,387.653129,21.937519,0.0,2,true,true,coarse_grid,false,governance.selection=pressure_max_under_constraints;seed=continuation
-0.25,independent_oracle,3c5f6b3c9bd535cff7657364dadb2efc31f2ea48,41.0,0,3.775,387.864953,21.939462,0.0,2,true,true,coarse_grid,false,governance.selection=pressure_max_under_constraints;seed=continuation
-0.25,independent_oracle,3c5f6b3c9bd535cff7657364dadb2efc31f2ea48,41.0,0,3.78125,388.076557,21.941407,0.0,2,true,true,coarse_grid,false,governance.selection=pressure_max_under_constraints;seed=continuation
-0.25,independent_oracle,3c5f6b3c9bd535cff7657364dadb2efc31f2ea48,41.0,0,3.7875,388.287941,21.943353,0.0,2,true,true,coarse_grid,false,governance.selection=pressure_max_under_constraints;seed=continuation
-0.25,independent_oracle,3c5f6b3c9bd535cff7657364dadb2efc31f2ea48,41.0,0,3.79375,388.499106,21.9453,0.0,2,true,true,coarse_grid,false,governance.selection=pressure_max_under_constraints;seed=continuation
-0.25,independent_oracle,3c5f6b3c9bd535cff7657364dadb2efc31f2ea48,41.0,0,3.8,388.710052,21.947248,0.0,2,true,true,coarse_grid,false,governance.selection=pressure_max_under_constraints;seed=continuation
-0.25,independent_oracle,3c5f6b3c9bd535cff7657364dadb2efc31f2ea48,41.0,0,3.80625,388.920779,21.949198,0.0,2,true,true,coarse_grid,false,governance.selection=pressure_max_under_constraints;seed=continuation
-0.25,independent_oracle,3c5f6b3c9bd535cff7657364dadb2efc31f2ea48,41.0,0,3.8125,389.131287,21.951149,0.0,2,true,true,coarse_grid,false,governance.selection=pressure_max_under_constraints;seed=continuation
-0.25,independent_oracle,3c5f6b3c9bd535cff7657364dadb2efc31f2ea48,41.0,0,3.81875,389.341578,21.9531,0.0,2,true,true,coarse_grid,false,governance.selection=pressure_max_under_constraints;seed=continuation
-0.25,independent_oracle,3c5f6b3c9bd535cff7657364dadb2efc31f2ea48,41.0,0,3.825,389.551651,21.955053,0.0,2,true,true,coarse_grid,false,governance.selection=pressure_max_under_constraints;seed=continuation
-0.25,independent_oracle,3c5f6b3c9bd535cff7657364dadb2efc31f2ea48,41.0,0,3.83125,389.761506,21.957008,0.0,2,true,true,coarse_grid,false,governance.selection=pressure_max_under_constraints;seed=continuation
-0.25,independent_oracle,3c5f6b3c9bd535cff7657364dadb2efc31f2ea48,41.0,0,3.8375,389.971144,21.958963,0.0,2,true,true,coarse_grid,false,governance.selection=pressure_max_under_constraints;seed=continuation
-0.25,independent_oracle,3c5f6b3c9bd535cff7657364dadb2efc31f2ea48,41.0,0,3.84375,390.180566,21.960919,0.0,2,true,true,coarse_grid,false,governance.selection=pressure_max_under_constraints;seed=continuation
-0.25,independent_oracle,3c5f6b3c9bd535cff7657364dadb2efc31f2ea48,41.0,0,3.85,390.389771,21.962877,0.0,2,true,true,coarse_grid,false,governance.selection=pressure_max_under_constraints;seed=continuation
-0.25,independent_oracle,3c5f6b3c9bd535cff7657364dadb2efc31f2ea48,41.0,0,3.85625,390.59876,21.964836,0.0,2,true,true,coarse_grid,false,governance.selection=pressure_max_under_constraints;seed=continuation
-0.25,independent_oracle,3c5f6b3c9bd535cff7657364dadb2efc31f2ea48,41.0,0,3.8625,390.807533,21.966796,0.0,2,true,true,coarse_grid,false,governance.selection=pressure_max_under_constraints;seed=continuation
-0.25,independent_oracle,3c5f6b3c9bd535cff7657364dadb2efc31f2ea48,41.0,0,3.86875,391.01609,21.968757,0.0,2,true,true,coarse_grid,false,governance.selection=pressure_max_under_constraints;seed=continuation
-0.25,independent_oracle,3c5f6b3c9bd535cff7657364dadb2efc31f2ea48,41.0,0,3.875,391.224432,21.970719,0.0,2,true,true,coarse_grid,false,governance.selection=pressure_max_under_constraints;seed=continuation
-0.25,independent_oracle,3c5f6b3c9bd535cff7657364dadb2efc31f2ea48,41.0,0,3.88125,391.43256,21.972682,0.0,2,true,true,coarse_grid,false,governance.selection=pressure_max_under_constraints;seed=continuation
-0.25,independent_oracle,3c5f6b3c9bd535cff7657364dadb2efc31f2ea48,41.0,0,3.8875,391.640473,21.974647,0.0,2,true,true,coarse_grid,false,governance.selection=pressure_max_under_constraints;seed=continuation
-0.25,independent_oracle,3c5f6b3c9bd535cff7657364dadb2efc31f2ea48,41.0,0,3.89375,391.848171,21.976613,0.0,2,true,true,coarse_grid,false,governance.selection=pressure_max_under_constraints;seed=continuation
-0.25,independent_oracle,3c5f6b3c9bd535cff7657364dadb2efc31f2ea48,41.0,0,3.9,392.055656,21.978579,0.0,2,true,true,coarse_grid,false,governance.selection=pressure_max_under_constraints;seed=continuation
-0.25,independent_oracle,3c5f6b3c9bd535cff7657364dadb2efc31f2ea48,41.0,0,3.90625,392.262927,21.980547,0.0,2,true,true,coarse_grid,false,governance.selection=pressure_max_under_constraints;seed=continuation
-0.25,independent_oracle,3c5f6b3c9bd535cff7657364dadb2efc31f2ea48,41.0,0,3.9125,392.469985,21.982516,0.0,2,true,true,coarse_grid,false,governance.selection=pressure_max_under_constraints;seed=continuation
-0.25,independent_oracle,3c5f6b3c9bd535cff7657364dadb2efc31f2ea48,41.0,0,3.91875,392.67683,21.984487,0.0,2,true,true,coarse_grid,false,governance.selection=pressure_max_under_constraints;seed=continuation
-0.25,independent_oracle,3c5f6b3c9bd535cff7657364dadb2efc31f2ea48,41.0,0,3.925,392.883462,21.986458,0.0,2,true,true,coarse_grid,false,governance.selection=pressure_max_under_constraints;seed=continuation
-0.25,independent_oracle,3c5f6b3c9bd535cff7657364dadb2efc31f2ea48,41.0,0,3.93125,393.089882,21.98843,0.0,2,true,true,coarse_grid,false,governance.selection=pressure_max_under_constraints;seed=continuation
-0.25,independent_oracle,3c5f6b3c9bd535cff7657364dadb2efc31f2ea48,41.0,0,3.9375,393.29609,21.990404,0.0,2,true,true,coarse_grid,false,governance.selection=pressure_max_under_constraints;seed=continuation
-0.25,independent_oracle,3c5f6b3c9bd535cff7657364dadb2efc31f2ea48,41.0,0,3.94375,393.502086,21.992378,0.0,2,true,true,coarse_grid,false,governance.selection=pressure_max_under_constraints;seed=continuation
-0.25,independent_oracle,3c5f6b3c9bd535cff7657364dadb2efc31f2ea48,41.0,0,3.95,393.707871,21.994354,0.0,2,true,true,coarse_grid,false,governance.selection=pressure_max_under_constraints;seed=continuation
-0.25,independent_oracle,3c5f6b3c9bd535cff7657364dadb2efc31f2ea48,41.0,0,3.95625,393.913446,21.996331,0.0,2,true,true,coarse_grid,false,governance.selection=pressure_max_under_constraints;seed=continuation
-0.25,independent_oracle,3c5f6b3c9bd535cff7657364dadb2efc31f2ea48,41.0,0,3.9625,394.118809,21.998309,0.0,2,true,true,coarse_grid,false,governance.selection=pressure_max_under_constraints;seed=continuation
-0.25,independent_oracle,3c5f6b3c9bd535cff7657364dadb2efc31f2ea48,41.0,0,3.96875,394.323962,22.000288,0.0,2,true,true,coarse_grid,false,governance.selection=pressure_max_under_constraints;seed=continuation
-0.25,independent_oracle,3c5f6b3c9bd535cff7657364dadb2efc31f2ea48,41.0,0,3.975,394.528905,22.002268,0.0,2,true,true,coarse_grid,false,governance.selection=pressure_max_under_constraints;seed=continuation
-0.25,independent_oracle,3c5f6b3c9bd535cff7657364dadb2efc31f2ea48,41.0,0,3.98125,394.733638,22.004249,0.0,2,true,true,coarse_grid,false,governance.selection=pressure_max_under_constraints;seed=continuation
-0.25,independent_oracle,3c5f6b3c9bd535cff7657364dadb2efc31f2ea48,41.0,0,3.9875,394.938162,22.006231,0.0,2,true,true,coarse_grid,false,governance.selection=pressure_max_under_constraints;seed=continuation
-0.25,independent_oracle,3c5f6b3c9bd535cff7657364dadb2efc31f2ea48,41.0,0,3.99375,395.142477,22.008215,0.0,2,true,true,coarse_grid,false,governance.selection=pressure_max_under_constraints;seed=continuation
-0.25,independent_oracle,3c5f6b3c9bd535cff7657364dadb2efc31f2ea48,41.0,0,4.0,395.346583,22.010199,0.0,4,true,true,coarse_grid,false,governance.selection=pressure_max_under_constraints;seed=continuation
-0.25,independent_oracle,3c5f6b3c9bd535cff7657364dadb2efc31f2ea48,41.0,1,0.003125,319.590436,21.608124,0.0,4,true,true,fine_grid,false,governance.selection=pressure_max_under_constraints;seed=continuation
-0.25,independent_oracle,3c5f6b3c9bd535cff7657364dadb2efc31f2ea48,41.0,1,0.009375,334.317839,21.608327,0.0,4,true,true,fine_grid,false,governance.selection=pressure_max_under_constraints;seed=continuation
-0.25,independent_oracle,3c5f6b3c9bd535cff7657364dadb2efc31f2ea48,41.0,1,0.015625,341.012021,21.608527,0.0,3,true,true,fine_grid,false,governance.selection=pressure_max_under_constraints;seed=continuation
-0.25,independent_oracle,3c5f6b3c9bd535cff7657364dadb2efc31f2ea48,41.0,1,0.021875,345.323238,21.608721,0.0,3,true,true,fine_grid,false,governance.selection=pressure_max_under_constraints;seed=continuation
-0.25,independent_oracle,3c5f6b3c9bd535cff7657364dadb2efc31f2ea48,41.0,1,0.028125,348.470495,21.608912,0.0,3,true,true,fine_grid,false,governance.selection=pressure_max_under_constraints;seed=continuation
-0.25,independent_oracle,3c5f6b3c9bd535cff7657364dadb2efc31f2ea48,41.0,1,0.034375,350.925485,21.609097,0.0,3,true,true,fine_grid,false,governance.selection=pressure_max_under_constraints;seed=continuation
-0.25,independent_oracle,3c5f6b3c9bd535cff7657364dadb2efc31f2ea48,41.0,1,0.040625,352.920914,21.609279,0.0,3,true,true,fine_grid,false,governance.selection=pressure_max_under_constraints;seed=continuation
-0.25,independent_oracle,3c5f6b3c9bd535cff7657364dadb2efc31f2ea48,41.0,1,0.046875,354.588846,21.609456,0.0,3,true,true,fine_grid,false,governance.selection=pressure_max_under_constraints;seed=continuation
-0.25,independent_oracle,3c5f6b3c9bd535cff7657364dadb2efc31f2ea48,41.0,1,0.053125,356.011496,21.609629,0.0,3,true,true,fine_grid,false,governance.selection=pressure_max_under_constraints;seed=continuation
-0.25,independent_oracle,3c5f6b3c9bd535cff7657364dadb2efc31f2ea48,41.0,1,0.059375,357.243532,21.609797,0.0,3,true,true,fine_grid,false,governance.selection=pressure_max_under_constraints;seed=continuation
-0.25,independent_oracle,3c5f6b3c9bd535cff7657364dadb2efc31f2ea48,41.0,1,0.065625,358.323157,21.609961,0.0,3,true,true,fine_grid,false,governance.selection=pressure_max_under_constraints;seed=continuation
-0.25,independent_oracle,3c5f6b3c9bd535cff7657364dadb2efc31f2ea48,41.0,1,0.071875,359.278123,21.610121,0.0,3,true,true,fine_grid,false,governance.selection=pressure_max_under_constraints;seed=continuation
-0.25,independent_oracle,3c5f6b3c9bd535cff7657364dadb2efc31f2ea48,41.0,1,0.078125,360.129224,21.610276,0.0,3,true,true,fine_grid,false,governance.selection=pressure_max_under_constraints;seed=continuation
-0.25,independent_oracle,3c5f6b3c9bd535cff7657364dadb2efc31f2ea48,41.0,1,0.084375,360.892444,21.610427,0.0,3,true,true,fine_grid,false,governance.selection=pressure_max_under_constraints;seed=continuation
-0.25,independent_oracle,3c5f6b3c9bd535cff7657364dadb2efc31f2ea48,41.0,1,0.090625,361.580337,21.610573,0.0,3,true,true,fine_grid,false,governance.selection=pressure_max_under_constraints;seed=continuation
-0.25,independent_oracle,3c5f6b3c9bd535cff7657364dadb2efc31f2ea48,41.0,1,0.096875,362.202941,21.610715,0.0,3,true,true,fine_grid,false,governance.selection=pressure_max_under_constraints;seed=continuation
-0.25,independent_oracle,3c5f6b3c9bd535cff7657364dadb2efc31f2ea48,41.0,1,0.103125,362.76841,21.610852,0.0,3,true,true,fine_grid,false,governance.selection=pressure_max_under_constraints;seed=continuation
-0.25,independent_oracle,3c5f6b3c9bd535cff7657364dadb2efc31f2ea48,41.0,1,0.109375,363.283456,21.610985,0.0,3,true,true,fine_grid,false,governance.selection=pressure_max_under_constraints;seed=continuation
-0.25,independent_oracle,3c5f6b3c9bd535cff7657364dadb2efc31f2ea48,41.0,1,0.115625,363.753672,21.611114,0.0,3,true,true,fine_grid,false,governance.selection=pressure_max_under_constraints;seed=continuation
-0.25,independent_oracle,3c5f6b3c9bd535cff7657364dadb2efc31f2ea48,41.0,1,0.121875,364.183768,21.611238,0.0,3,true,true,fine_grid,false,governance.selection=pressure_max_under_constraints;seed=continuation
-0.25,independent_oracle,3c5f6b3c9bd535cff7657364dadb2efc31f2ea48,41.0,1,0.128125,364.577746,21.611358,0.0,3,true,true,fine_grid,false,governance.selection=pressure_max_under_constraints;seed=continuation
-0.25,independent_oracle,3c5f6b3c9bd535cff7657364dadb2efc31f2ea48,41.0,1,0.134375,364.939035,21.611473,0.0,3,true,true,fine_grid,false,governance.selection=pressure_max_under_constraints;seed=continuation
-0.25,independent_oracle,3c5f6b3c9bd535cff7657364dadb2efc31f2ea48,41.0,1,0.140625,365.270597,21.611584,0.0,3,true,true,fine_grid,false,governance.selection=pressure_max_under_constraints;seed=continuation
-0.25,independent_oracle,3c5f6b3c9bd535cff7657364dadb2efc31f2ea48,41.0,1,0.146875,365.575009,21.611691,0.0,3,true,true,fine_grid,false,governance.selection=pressure_max_under_constraints;seed=continuation
-0.25,independent_oracle,3c5f6b3c9bd535cff7657364dadb2efc31f2ea48,41.0,1,0.153125,365.854522,21.611793,0.0,2,true,true,fine_grid,false,governance.selection=pressure_max_under_constraints;seed=continuation
-0.25,independent_oracle,3c5f6b3c9bd535cff7657364dadb2efc31f2ea48,41.0,1,0.159375,366.111121,21.61189,0.0,2,true,true,fine_grid,false,governance.selection=pressure_max_under_constraints;seed=continuation
-0.25,independent_oracle,3c5f6b3c9bd535cff7657364dadb2efc31f2ea48,41.0,1,0.165625,366.346559,21.611983,0.0,2,true,true,fine_grid,false,governance.selection=pressure_max_under_constraints;seed=continuation
-0.25,independent_oracle,3c5f6b3c9bd535cff7657364dadb2efc31f2ea48,41.0,1,0.171875,366.562395,21.612072,0.0,2,true,true,fine_grid,false,governance.selection=pressure_max_under_constraints;seed=continuation
-0.25,independent_oracle,3c5f6b3c9bd535cff7657364dadb2efc31f2ea48,41.0,1,0.178125,366.760021,21.612156,0.0,2,true,true,fine_grid,false,governance.selection=pressure_max_under_constraints;seed=continuation
-0.25,independent_oracle,3c5f6b3c9bd535cff7657364dadb2efc31f2ea48,41.0,1,0.184375,366.940686,21.612235,0.0,2,true,true,fine_grid,false,governance.selection=pressure_max_under_constraints;seed=continuation
-0.25,independent_oracle,3c5f6b3c9bd535cff7657364dadb2efc31f2ea48,41.0,1,0.190625,367.105512,21.612311,0.0,2,true,true,fine_grid,false,governance.selection=pressure_max_under_constraints;seed=continuation
-0.25,independent_oracle,3c5f6b3c9bd535cff7657364dadb2efc31f2ea48,41.0,1,0.196875,367.255513,21.612381,0.0,2,true,true,fine_grid,false,governance.selection=pressure_max_under_constraints;seed=continuation
-0.25,independent_oracle,3c5f6b3c9bd535cff7657364dadb2efc31f2ea48,41.0,1,0.203125,367.391611,21.612447,0.0,2,true,true,fine_grid,false,governance.selection=pressure_max_under_constraints;seed=continuation
-0.25,independent_oracle,3c5f6b3c9bd535cff7657364dadb2efc31f2ea48,41.0,1,0.209375,367.514639,21.612509,0.0,2,true,true,fine_grid,false,governance.selection=pressure_max_under_constraints;seed=continuation
-0.25,independent_oracle,3c5f6b3c9bd535cff7657364dadb2efc31f2ea48,41.0,1,0.215625,367.625361,21.612566,0.0,2,true,true,fine_grid,false,governance.selection=pressure_max_under_constraints;seed=continuation
-0.25,independent_oracle,3c5f6b3c9bd535cff7657364dadb2efc31f2ea48,41.0,1,0.221875,367.724474,21.612619,0.0,2,true,true,fine_grid,false,governance.selection=pressure_max_under_constraints;seed=continuation
-0.25,independent_oracle,3c5f6b3c9bd535cff7657364dadb2efc31f2ea48,41.0,1,0.228125,367.812615,21.612667,0.0,2,true,true,fine_grid,false,governance.selection=pressure_max_under_constraints;seed=continuation
-0.25,independent_oracle,3c5f6b3c9bd535cff7657364dadb2efc31f2ea48,41.0,1,0.234375,367.890373,21.612711,0.0,2,true,true,fine_grid,false,governance.selection=pressure_max_under_constraints;seed=continuation
-0.25,independent_oracle,3c5f6b3c9bd535cff7657364dadb2efc31f2ea48,41.0,1,0.240625,367.958288,21.61275,0.0,2,true,true,fine_grid,false,governance.selection=pressure_max_under_constraints;seed=continuation
-0.25,independent_oracle,3c5f6b3c9bd535cff7657364dadb2efc31f2ea48,41.0,1,0.246875,368.016858,21.612785,0.0,2,true,true,fine_grid,false,governance.selection=pressure_max_under_constraints;seed=continuation
-0.25,independent_oracle,3c5f6b3c9bd535cff7657364dadb2efc31f2ea48,41.0,1,0.253125,368.066547,21.612815,0.0,2,true,true,fine_grid,false,governance.selection=pressure_max_under_constraints;seed=continuation
-0.25,independent_oracle,3c5f6b3c9bd535cff7657364dadb2efc31f2ea48,41.0,1,0.259375,368.107782,21.612841,0.0,2,true,true,fine_grid,false,governance.selection=pressure_max_under_constraints;seed=continuation
-0.25,independent_oracle,3c5f6b3c9bd535cff7657364dadb2efc31f2ea48,41.0,1,0.265625,368.140961,21.612862,0.0,2,true,true,fine_grid,false,governance.selection=pressure_max_under_constraints;seed=continuation
-0.25,independent_oracle,3c5f6b3c9bd535cff7657364dadb2efc31f2ea48,41.0,1,0.271875,368.166452,21.612879,0.0,2,true,true,fine_grid,false,governance.selection=pressure_max_under_constraints;seed=continuation
-0.25,independent_oracle,3c5f6b3c9bd535cff7657364dadb2efc31f2ea48,41.0,1,0.278125,368.184602,21.612891,0.0,2,true,true,fine_grid,false,governance.selection=pressure_max_under_constraints;seed=continuation
-0.25,independent_oracle,3c5f6b3c9bd535cff7657364dadb2efc31f2ea48,41.0,1,0.284375,368.195732,21.612898,0.0,2,true,true,fine_grid,false,governance.selection=pressure_max_under_constraints;seed=continuation
-0.25,independent_oracle,3c5f6b3c9bd535cff7657364dadb2efc31f2ea48,41.0,1,0.290625,368.200142,21.612902,0.0,2,true,true,fine_grid,false,governance.selection=pressure_max_under_constraints;seed=continuation
-0.25,independent_oracle,3c5f6b3c9bd535cff7657364dadb2efc31f2ea48,41.0,1,0.296875,368.198115,21.6129,0.0,2,true,true,fine_grid,false,governance.selection=pressure_max_under_constraints;seed=continuation
-0.25,independent_oracle,3c5f6b3c9bd535cff7657364dadb2efc31f2ea48,41.0,1,0.303125,368.189913,21.612894,0.0,2,true,true,fine_grid,false,governance.selection=pressure_max_under_constraints;seed=continuation
-0.25,independent_oracle,3c5f6b3c9bd535cff7657364dadb2efc31f2ea48,41.0,1,0.309375,368.175786,21.612884,0.0,2,true,true,fine_grid,false,governance.selection=pressure_max_under_constraints;seed=continuation
-0.25,independent_oracle,3c5f6b3c9bd535cff7657364dadb2efc31f2ea48,41.0,1,0.315625,368.155967,21.612868,0.0,2,true,true,fine_grid,false,governance.selection=pressure_max_under_constraints;seed=continuation
-0.25,independent_oracle,3c5f6b3c9bd535cff7657364dadb2efc31f2ea48,41.0,1,0.321875,368.130674,21.612849,0.0,2,true,true,fine_grid,false,governance.selection=pressure_max_under_constraints;seed=continuation
-0.25,independent_oracle,3c5f6b3c9bd535cff7657364dadb2efc31f2ea48,41.0,1,0.328125,368.100115,21.612825,0.0,2,true,true,fine_grid,false,governance.selection=pressure_max_under_constraints;seed=continuation
-0.25,independent_oracle,3c5f6b3c9bd535cff7657364dadb2efc31f2ea48,41.0,1,0.334375,368.064485,21.612796,0.0,2,true,true,fine_grid,false,governance.selection=pressure_max_under_constraints;seed=continuation
-0.25,independent_oracle,3c5f6b3c9bd535cff7657364dadb2efc31f2ea48,41.0,1,0.340625,368.023967,21.612763,0.0,2,true,true,fine_grid,false,governance.selection=pressure_max_under_constraints;seed=continuation
-0.25,independent_oracle,3c5f6b3c9bd535cff7657364dadb2efc31f2ea48,41.0,1,0.346875,367.978738,21.612725,0.0,2,true,true,fine_grid,false,governance.selection=pressure_max_under_constraints;seed=continuation
-0.25,independent_oracle,3c5f6b3c9bd535cff7657364dadb2efc31f2ea48,41.0,1,0.353125,367.928961,21.612682,0.0,2,true,true,fine_grid,false,governance.selection=pressure_max_under_constraints;seed=continuation
-0.25,independent_oracle,3c5f6b3c9bd535cff7657364dadb2efc31f2ea48,41.0,1,0.359375,367.874793,21.612636,0.0,2,true,true,fine_grid,false,governance.selection=pressure_max_under_constraints;seed=continuation
-0.25,independent_oracle,3c5f6b3c9bd535cff7657364dadb2efc31f2ea48,41.0,1,0.365625,367.816383,21.612584,0.0,2,true,true,fine_grid,false,governance.selection=pressure_max_under_constraints;seed=continuation
-0.25,independent_oracle,3c5f6b3c9bd535cff7657364dadb2efc31f2ea48,41.0,1,0.371875,367.753871,21.612528,0.0,2,true,true,fine_grid,false,governance.selection=pressure_max_under_constraints;seed=continuation
-0.25,independent_oracle,3c5f6b3c9bd535cff7657364dadb2efc31f2ea48,41.0,1,0.378125,367.687392,21.612467,0.0,2,true,true,fine_grid,false,governance.selection=pressure_max_under_constraints;seed=continuation
-0.25,independent_oracle,3c5f6b3c9bd535cff7657364dadb2efc31f2ea48,41.0,1,0.384375,367.617072,21.612402,0.0,2,true,true,fine_grid,false,governance.selection=pressure_max_under_constraints;seed=continuation
-0.25,independent_oracle,3c5f6b3c9bd535cff7657364dadb2efc31f2ea48,41.0,1,0.390625,367.543033,21.612332,0.0,2,true,true,fine_grid,false,governance.selection=pressure_max_under_constraints;seed=continuation
-0.25,independent_oracle,3c5f6b3c9bd535cff7657364dadb2efc31f2ea48,41.0,1,0.396875,367.46539,21.612258,0.0,2,true,true,fine_grid,false,governance.selection=pressure_max_under_constraints;seed=continuation
-0.25,independent_oracle,3c5f6b3c9bd535cff7657364dadb2efc31f2ea48,41.0,1,0.403125,367.384254,21.612179,0.0,2,true,true,fine_grid,false,governance.selection=pressure_max_under_constraints;seed=continuation
-0.25,independent_oracle,3c5f6b3c9bd535cff7657364dadb2efc31f2ea48,41.0,1,0.409375,367.299729,21.612095,0.0,2,true,true,fine_grid,false,governance.selection=pressure_max_under_constraints;seed=continuation
-0.25,independent_oracle,3c5f6b3c9bd535cff7657364dadb2efc31f2ea48,41.0,1,0.415625,367.211917,21.612007,0.0,2,true,true,fine_grid,false,governance.selection=pressure_max_under_constraints;seed=continuation
-0.25,independent_oracle,3c5f6b3c9bd535cff7657364dadb2efc31f2ea48,41.0,1,0.421875,367.120912,21.611915,0.0,2,true,true,fine_grid,false,governance.selection=pressure_max_under_constraints;seed=continuation
-0.25,independent_oracle,3c5f6b3c9bd535cff7657364dadb2efc31f2ea48,41.0,1,0.428125,367.026807,21.611817,0.0,2,true,true,fine_grid,false,governance.selection=pressure_max_under_constraints;seed=continuation
-0.25,independent_oracle,3c5f6b3c9bd535cff7657364dadb2efc31f2ea48,41.0,1,0.434375,366.929689,21.611715,0.0,2,true,true,fine_grid,false,governance.selection=pressure_max_under_constraints;seed=continuation
-0.25,independent_oracle,3c5f6b3c9bd535cff7657364dadb2efc31f2ea48,41.0,1,0.440625,366.829644,21.611609,0.0,2,true,true,fine_grid,false,governance.selection=pressure_max_under_constraints;seed=continuation
-0.25,independent_oracle,3c5f6b3c9bd535cff7657364dadb2efc31f2ea48,41.0,1,0.446875,366.72675,21.611498,0.0,2,true,true,fine_grid,false,governance.selection=pressure_max_under_constraints;seed=continuation
-0.25,independent_oracle,3c5f6b3c9bd535cff7657364dadb2efc31f2ea48,41.0,1,0.453125,366.621086,21.611382,0.0,2,true,true,fine_grid,false,governance.selection=pressure_max_under_constraints;seed=continuation
-0.25,independent_oracle,3c5f6b3c9bd535cff7657364dadb2efc31f2ea48,41.0,1,0.459375,366.512725,21.611262,0.0,2,true,true,fine_grid,false,governance.selection=pressure_max_under_constraints;seed=continuation
-0.25,independent_oracle,3c5f6b3c9bd535cff7657364dadb2efc31f2ea48,41.0,1,0.465625,366.401739,21.611137,0.0,2,true,true,fine_grid,false,governance.selection=pressure_max_under_constraints;seed=continuation
-0.25,independent_oracle,3c5f6b3c9bd535cff7657364dadb2efc31f2ea48,41.0,1,0.471875,366.288197,21.611008,0.0,2,true,true,fine_grid,false,governance.selection=pressure_max_under_constraints;seed=continuation
-0.25,independent_oracle,3c5f6b3c9bd535cff7657364dadb2efc31f2ea48,41.0,1,0.478125,366.172163,21.610874,0.0,2,true,true,fine_grid,false,governance.selection=pressure_max_under_constraints;seed=continuation
-0.25,independent_oracle,3c5f6b3c9bd535cff7657364dadb2efc31f2ea48,41.0,1,0.484375,366.053702,21.610735,0.0,2,true,true,fine_grid,false,governance.selection=pressure_max_under_constraints;seed=continuation
-0.25,independent_oracle,3c5f6b3c9bd535cff7657364dadb2efc31f2ea48,41.0,1,0.490625,365.932874,21.610592,0.0,2,true,true,fine_grid,false,governance.selection=pressure_max_under_constraints;seed=continuation
-0.25,independent_oracle,3c5f6b3c9bd535cff7657364dadb2efc31f2ea48,41.0,1,0.496875,365.809737,21.610444,0.0,2,true,true,fine_grid,false,governance.selection=pressure_max_under_constraints;seed=continuation
-0.25,independent_oracle,3c5f6b3c9bd535cff7657364dadb2efc31f2ea48,41.0,1,0.503125,365.684349,21.610291,0.0,2,true,true,fine_grid,false,governance.selection=pressure_max_under_constraints;seed=continuation
-0.25,independent_oracle,3c5f6b3c9bd535cff7657364dadb2efc31f2ea48,41.0,1,0.509375,365.556763,21.610134,0.0,2,true,true,fine_grid,false,governance.selection=pressure_max_under_constraints;seed=continuation
-0.25,independent_oracle,3c5f6b3c9bd535cff7657364dadb2efc31f2ea48,41.0,1,0.515625,365.427032,21.609972,0.0,2,true,true,fine_grid,false,governance.selection=pressure_max_under_constraints;seed=continuation
-0.25,independent_oracle,3c5f6b3c9bd535cff7657364dadb2efc31f2ea48,41.0,1,0.521875,365.295206,21.609806,0.0,2,true,true,fine_grid,false,governance.selection=pressure_max_under_constraints;seed=continuation
-0.25,independent_oracle,3c5f6b3c9bd535cff7657364dadb2efc31f2ea48,41.0,1,0.528125,365.161336,21.609635,0.0,2,true,true,fine_grid,false,governance.selection=pressure_max_under_constraints;seed=continuation
-0.25,independent_oracle,3c5f6b3c9bd535cff7657364dadb2efc31f2ea48,41.0,1,0.534375,365.025467,21.609459,0.0,2,true,true,fine_grid,false,governance.selection=pressure_max_under_constraints;seed=continuation
-0.25,independent_oracle,3c5f6b3c9bd535cff7657364dadb2efc31f2ea48,41.0,1,0.540625,364.887645,21.609279,0.0,2,true,true,fine_grid,false,governance.selection=pressure_max_under_constraints;seed=continuation
-0.25,independent_oracle,3c5f6b3c9bd535cff7657364dadb2efc31f2ea48,41.0,1,0.546875,364.747915,21.609094,0.0,2,true,true,fine_grid,false,governance.selection=pressure_max_under_constraints;seed=continuation
-0.25,independent_oracle,3c5f6b3c9bd535cff7657364dadb2efc31f2ea48,41.0,1,0.553125,364.606319,21.608905,0.0,2,true,true,fine_grid,false,governance.selection=pressure_max_under_constraints;seed=continuation
-0.25,independent_oracle,3c5f6b3c9bd535cff7657364dadb2efc31f2ea48,41.0,1,0.559375,364.462899,21.608711,0.0,2,true,true,fine_grid,false,governance.selection=pressure_max_under_constraints;seed=continuation
-0.25,independent_oracle,3c5f6b3c9bd535cff7657364dadb2efc31f2ea48,41.0,1,0.565625,364.317694,21.608512,0.0,2,true,true,fine_grid,false,governance.selection=pressure_max_under_constraints;seed=continuation
-0.25,independent_oracle,3c5f6b3c9bd535cff7657364dadb2efc31f2ea48,41.0,1,0.571875,364.170742,21.608309,0.0,2,true,true,fine_grid,false,governance.selection=pressure_max_under_constraints;seed=continuation
-0.25,independent_oracle,3c5f6b3c9bd535cff7657364dadb2efc31f2ea48,41.0,1,0.578125,364.022083,21.608101,0.0,2,true,true,fine_grid,false,governance.selection=pressure_max_under_constraints;seed=continuation
-0.25,independent_oracle,3c5f6b3c9bd535cff7657364dadb2efc31f2ea48,41.0,1,0.584375,363.871751,21.607888,0.0,2,true,true,fine_grid,false,governance.selection=pressure_max_under_constraints;seed=continuation
-0.25,independent_oracle,3c5f6b3c9bd535cff7657364dadb2efc31f2ea48,41.0,1,0.590625,363.719783,21.607671,0.0,2,true,true,fine_grid,false,governance.selection=pressure_max_under_constraints;seed=continuation
-0.25,independent_oracle,3c5f6b3c9bd535cff7657364dadb2efc31f2ea48,41.0,1,0.596875,363.566212,21.607449,0.0,2,true,true,fine_grid,false,governance.selection=pressure_max_under_constraints;seed=continuation
-0.25,independent_oracle,3c5f6b3c9bd535cff7657364dadb2efc31f2ea48,41.0,1,0.603125,363.411071,21.607223,0.0,2,true,true,fine_grid,false,governance.selection=pressure_max_under_constraints;seed=continuation
-0.25,independent_oracle,3c5f6b3c9bd535cff7657364dadb2efc31f2ea48,41.0,1,0.609375,363.254393,21.606992,0.0,2,true,true,fine_grid,false,governance.selection=pressure_max_under_constraints;seed=continuation
-0.25,independent_oracle,3c5f6b3c9bd535cff7657364dadb2efc31f2ea48,41.0,1,0.615625,363.096209,21.606756,0.0,2,true,true,fine_grid,false,governance.selection=pressure_max_under_constraints;seed=continuation
-0.25,independent_oracle,3c5f6b3c9bd535cff7657364dadb2efc31f2ea48,41.0,1,0.621875,362.93655,21.606516,0.0,2,true,true,fine_grid,false,governance.selection=pressure_max_under_constraints;seed=continuation
-0.25,independent_oracle,3c5f6b3c9bd535cff7657364dadb2efc31f2ea48,41.0,1,0.628125,362.775444,21.606271,0.0,2,true,true,fine_grid,false,governance.selection=pressure_max_under_constraints;seed=continuation
-0.25,independent_oracle,3c5f6b3c9bd535cff7657364dadb2efc31f2ea48,41.0,1,0.634375,362.612921,21.606021,0.0,2,true,true,fine_grid,false,governance.selection=pressure_max_under_constraints;seed=continuation
-0.25,independent_oracle,3c5f6b3c9bd535cff7657364dadb2efc31f2ea48,41.0,1,0.640625,362.449009,21.605767,0.0,2,true,true,fine_grid,false,governance.selection=pressure_max_under_constraints;seed=continuation
-0.25,independent_oracle,3c5f6b3c9bd535cff7657364dadb2efc31f2ea48,41.0,1,0.646875,362.283735,21.605508,0.0,2,true,true,fine_grid,false,governance.selection=pressure_max_under_constraints;seed=continuation
-0.25,independent_oracle,3c5f6b3c9bd535cff7657364dadb2efc31f2ea48,41.0,1,0.653125,362.117125,21.605245,0.0,2,true,true,fine_grid,false,governance.selection=pressure_max_under_constraints;seed=continuation
-0.25,independent_oracle,3c5f6b3c9bd535cff7657364dadb2efc31f2ea48,41.0,1,0.659375,361.949206,21.604977,0.0,2,true,true,fine_grid,false,governance.selection=pressure_max_under_constraints;seed=continuation
-0.25,independent_oracle,3c5f6b3c9bd535cff7657364dadb2efc31f2ea48,41.0,1,0.665625,361.780002,21.604704,0.0,2,true,true,fine_grid,false,governance.selection=pressure_max_under_constraints;seed=continuation
-0.25,independent_oracle,3c5f6b3c9bd535cff7657364dadb2efc31f2ea48,41.0,1,0.671875,361.609538,21.604427,0.0,2,true,true,fine_grid,false,governance.selection=pressure_max_under_constraints;seed=continuation
-0.25,independent_oracle,3c5f6b3c9bd535cff7657364dadb2efc31f2ea48,41.0,1,0.678125,361.437837,21.604145,0.0,2,true,true,fine_grid,false,governance.selection=pressure_max_under_constraints;seed=continuation
-0.25,independent_oracle,3c5f6b3c9bd535cff7657364dadb2efc31f2ea48,41.0,1,0.684375,361.264924,21.603859,0.0,2,true,true,fine_grid,false,governance.selection=pressure_max_under_constraints;seed=continuation
-0.25,independent_oracle,3c5f6b3c9bd535cff7657364dadb2efc31f2ea48,41.0,1,0.690625,361.090821,21.603567,0.0,2,true,true,fine_grid,false,governance.selection=pressure_max_under_constraints;seed=continuation
-0.25,independent_oracle,3c5f6b3c9bd535cff7657364dadb2efc31f2ea48,41.0,1,0.696875,360.91555,21.603272,0.0,2,true,true,fine_grid,false,governance.selection=pressure_max_under_constraints;seed=continuation
-0.25,independent_oracle,3c5f6b3c9bd535cff7657364dadb2efc31f2ea48,41.0,1,0.703125,360.739132,21.602971,0.0,2,true,true,fine_grid,false,governance.selection=pressure_max_under_constraints;seed=continuation
-0.25,independent_oracle,3c5f6b3c9bd535cff7657364dadb2efc31f2ea48,41.0,1,0.709375,360.56159,21.602666,0.0,2,true,true,fine_grid,false,governance.selection=pressure_max_under_constraints;seed=continuation
-0.25,independent_oracle,3c5f6b3c9bd535cff7657364dadb2efc31f2ea48,41.0,1,0.715625,360.382943,21.602357,0.0,2,true,true,fine_grid,false,governance.selection=pressure_max_under_constraints;seed=continuation
-0.25,independent_oracle,3c5f6b3c9bd535cff7657364dadb2efc31f2ea48,41.0,1,0.721875,360.203213,21.602042,0.0,2,true,true,fine_grid,false,governance.selection=pressure_max_under_constraints;seed=continuation
-0.25,independent_oracle,3c5f6b3c9bd535cff7657364dadb2efc31f2ea48,41.0,1,0.728125,360.022418,21.601723,0.0,2,true,true,fine_grid,false,governance.selection=pressure_max_under_constraints;seed=continuation
-0.25,independent_oracle,3c5f6b3c9bd535cff7657364dadb2efc31f2ea48,41.0,1,0.734375,359.840578,21.6014,0.0,2,true,true,fine_grid,false,governance.selection=pressure_max_under_constraints;seed=continuation
-0.25,independent_oracle,3c5f6b3c9bd535cff7657364dadb2efc31f2ea48,41.0,1,0.740625,359.657713,21.601072,0.0,2,true,true,fine_grid,false,governance.selection=pressure_max_under_constraints;seed=continuation
-0.25,independent_oracle,3c5f6b3c9bd535cff7657364dadb2efc31f2ea48,41.0,1,0.746875,359.47384,21.600739,0.0,2,true,true,fine_grid,false,governance.selection=pressure_max_under_constraints;seed=continuation
-0.25,independent_oracle,3c5f6b3c9bd535cff7657364dadb2efc31f2ea48,41.0,1,0.753125,359.288978,21.600402,0.0,2,true,true,fine_grid,false,governance.selection=pressure_max_under_constraints;seed=continuation
-0.25,independent_oracle,3c5f6b3c9bd535cff7657364dadb2efc31f2ea48,41.0,1,0.759375,359.103145,21.60006,0.0,2,true,true,fine_grid,false,governance.selection=pressure_max_under_constraints;seed=continuation
-0.25,independent_oracle,3c5f6b3c9bd535cff7657364dadb2efc31f2ea48,41.0,1,0.765625,358.916359,21.599714,0.0,2,true,true,fine_grid,false,governance.selection=pressure_max_under_constraints;seed=continuation
-0.25,independent_oracle,3c5f6b3c9bd535cff7657364dadb2efc31f2ea48,41.0,1,0.771875,358.728635,21.599363,0.0,2,true,true,fine_grid,false,governance.selection=pressure_max_under_constraints;seed=continuation
-0.25,independent_oracle,3c5f6b3c9bd535cff7657364dadb2efc31f2ea48,41.0,1,0.778125,358.539992,21.599007,0.0,2,true,true,fine_grid,false,governance.selection=pressure_max_under_constraints;seed=continuation
-0.25,independent_oracle,3c5f6b3c9bd535cff7657364dadb2efc31f2ea48,41.0,1,0.784375,358.350446,21.598647,0.0,2,true,true,fine_grid,false,governance.selection=pressure_max_under_constraints;seed=continuation
-0.25,independent_oracle,3c5f6b3c9bd535cff7657364dadb2efc31f2ea48,41.0,1,0.790625,358.160013,21.598282,0.0,2,true,true,fine_grid,false,governance.selection=pressure_max_under_constraints;seed=continuation
-0.25,independent_oracle,3c5f6b3c9bd535cff7657364dadb2efc31f2ea48,41.0,1,0.796875,357.968708,21.597913,0.0,2,true,true,fine_grid,false,governance.selection=pressure_max_under_constraints;seed=continuation
-0.25,independent_oracle,3c5f6b3c9bd535cff7657364dadb2efc31f2ea48,41.0,1,0.803125,357.776549,21.597539,0.0,2,true,true,fine_grid,false,governance.selection=pressure_max_under_constraints;seed=continuation
-0.25,independent_oracle,3c5f6b3c9bd535cff7657364dadb2efc31f2ea48,41.0,1,0.809375,357.583549,21.59716,0.0,2,true,true,fine_grid,false,governance.selection=pressure_max_under_constraints;seed=continuation
-0.25,independent_oracle,3c5f6b3c9bd535cff7657364dadb2efc31f2ea48,41.0,1,0.815625,357.389724,21.596777,0.0,2,true,true,fine_grid,false,governance.selection=pressure_max_under_constraints;seed=continuation
-0.25,independent_oracle,3c5f6b3c9bd535cff7657364dadb2efc31f2ea48,41.0,1,0.821875,357.195089,21.596389,0.0,2,true,true,fine_grid,false,governance.selection=pressure_max_under_constraints;seed=continuation
-0.25,independent_oracle,3c5f6b3c9bd535cff7657364dadb2efc31f2ea48,41.0,1,0.828125,356.999659,21.595997,0.0,2,true,true,fine_grid,false,governance.selection=pressure_max_under_constraints;seed=continuation
-0.25,independent_oracle,3c5f6b3c9bd535cff7657364dadb2efc31f2ea48,41.0,1,0.834375,356.803447,21.595601,0.0,2,true,true,fine_grid,false,governance.selection=pressure_max_under_constraints;seed=continuation
-0.25,independent_oracle,3c5f6b3c9bd535cff7657364dadb2efc31f2ea48,41.0,1,0.840625,356.60647,21.595199,0.0,2,true,true,fine_grid,false,governance.selection=pressure_max_under_constraints;seed=continuation
-0.25,independent_oracle,3c5f6b3c9bd535cff7657364dadb2efc31f2ea48,41.0,1,0.846875,356.408739,21.594793,0.0,2,true,true,fine_grid,false,governance.selection=pressure_max_under_constraints;seed=continuation
-0.25,independent_oracle,3c5f6b3c9bd535cff7657364dadb2efc31f2ea48,41.0,1,0.853125,356.210269,21.594383,0.0,2,true,true,fine_grid,false,governance.selection=pressure_max_under_constraints;seed=continuation
-0.25,independent_oracle,3c5f6b3c9bd535cff7657364dadb2efc31f2ea48,41.0,1,0.859375,356.011074,21.593968,0.0,2,true,true,fine_grid,false,governance.selection=pressure_max_under_constraints;seed=continuation
-0.25,independent_oracle,3c5f6b3c9bd535cff7657364dadb2efc31f2ea48,41.0,1,0.865625,355.811168,21.593549,0.0,2,true,true,fine_grid,false,governance.selection=pressure_max_under_constraints;seed=continuation
-0.25,independent_oracle,3c5f6b3c9bd535cff7657364dadb2efc31f2ea48,41.0,1,0.871875,355.610562,21.593125,0.0,2,true,true,fine_grid,false,governance.selection=pressure_max_under_constraints;seed=continuation
-0.25,independent_oracle,3c5f6b3c9bd535cff7657364dadb2efc31f2ea48,41.0,1,0.878125,355.409272,21.592696,0.0,2,true,true,fine_grid,false,governance.selection=pressure_max_under_constraints;seed=continuation
-0.25,independent_oracle,3c5f6b3c9bd535cff7657364dadb2efc31f2ea48,41.0,1,0.884375,355.207308,21.592263,0.0,2,true,true,fine_grid,false,governance.selection=pressure_max_under_constraints;seed=continuation
-0.25,independent_oracle,3c5f6b3c9bd535cff7657364dadb2efc31f2ea48,41.0,1,0.890625,355.004685,21.591826,0.0,2,true,true,fine_grid,false,governance.selection=pressure_max_under_constraints;seed=continuation
-0.25,independent_oracle,3c5f6b3c9bd535cff7657364dadb2efc31f2ea48,41.0,1,0.896875,354.801415,21.591384,0.0,2,true,true,fine_grid,false,governance.selection=pressure_max_under_constraints;seed=continuation
-0.25,independent_oracle,3c5f6b3c9bd535cff7657364dadb2efc31f2ea48,41.0,1,0.903125,354.597511,21.590938,0.0,2,true,true,fine_grid,false,governance.selection=pressure_max_under_constraints;seed=continuation
-0.25,independent_oracle,3c5f6b3c9bd535cff7657364dadb2efc31f2ea48,41.0,1,0.909375,354.392984,21.590487,0.0,2,true,true,fine_grid,false,governance.selection=pressure_max_under_constraints;seed=continuation
-0.25,independent_oracle,3c5f6b3c9bd535cff7657364dadb2efc31f2ea48,41.0,1,0.915625,354.187848,21.590031,0.0,2,true,true,fine_grid,false,governance.selection=pressure_max_under_constraints;seed=continuation
-0.25,independent_oracle,3c5f6b3c9bd535cff7657364dadb2efc31f2ea48,41.0,1,0.921875,353.982114,21.589572,0.0,2,true,true,fine_grid,false,governance.selection=pressure_max_under_constraints;seed=continuation
-0.25,independent_oracle,3c5f6b3c9bd535cff7657364dadb2efc31f2ea48,41.0,1,0.928125,353.775794,21.589107,0.0,2,true,true,fine_grid,false,governance.selection=pressure_max_under_constraints;seed=continuation
-0.25,independent_oracle,3c5f6b3c9bd535cff7657364dadb2efc31f2ea48,41.0,1,0.934375,353.568901,21.588639,0.0,2,true,true,fine_grid,false,governance.selection=pressure_max_under_constraints;seed=continuation
-0.25,independent_oracle,3c5f6b3c9bd535cff7657364dadb2efc31f2ea48,41.0,1,0.940625,353.361446,21.588166,0.0,2,true,true,fine_grid,false,governance.selection=pressure_max_under_constraints;seed=continuation
-0.25,independent_oracle,3c5f6b3c9bd535cff7657364dadb2efc31f2ea48,41.0,1,0.946875,353.153441,21.587688,0.0,2,true,true,fine_grid,false,governance.selection=pressure_max_under_constraints;seed=continuation
-0.25,independent_oracle,3c5f6b3c9bd535cff7657364dadb2efc31f2ea48,41.0,1,0.953125,352.944898,21.587206,0.0,2,true,true,fine_grid,false,governance.selection=pressure_max_under_constraints;seed=continuation
-0.25,independent_oracle,3c5f6b3c9bd535cff7657364dadb2efc31f2ea48,41.0,1,0.959375,352.735828,21.58672,0.0,2,true,true,fine_grid,false,governance.selection=pressure_max_under_constraints;seed=continuation
-0.25,independent_oracle,3c5f6b3c9bd535cff7657364dadb2efc31f2ea48,41.0,1,0.965625,352.526244,21.586229,0.0,2,true,true,fine_grid,false,governance.selection=pressure_max_under_constraints;seed=continuation
-0.25,independent_oracle,3c5f6b3c9bd535cff7657364dadb2efc31f2ea48,41.0,1,0.971875,352.316156,21.585734,0.0,2,true,true,fine_grid,false,governance.selection=pressure_max_under_constraints;seed=continuation
-0.25,independent_oracle,3c5f6b3c9bd535cff7657364dadb2efc31f2ea48,41.0,1,0.978125,352.105576,21.585235,0.0,2,true,true,fine_grid,false,governance.selection=pressure_max_under_constraints;seed=continuation
-0.25,independent_oracle,3c5f6b3c9bd535cff7657364dadb2efc31f2ea48,41.0,1,0.984375,351.894515,21.584731,0.0,2,true,true,fine_grid,false,governance.selection=pressure_max_under_constraints;seed=continuation
-0.25,independent_oracle,3c5f6b3c9bd535cff7657364dadb2efc31f2ea48,41.0,1,0.990625,351.682986,21.584223,0.0,2,true,true,fine_grid,false,governance.selection=pressure_max_under_constraints;seed=continuation
-0.25,independent_oracle,3c5f6b3c9bd535cff7657364dadb2efc31f2ea48,41.0,1,0.996875,351.470998,21.58371,0.0,2,true,true,fine_grid,false,governance.selection=pressure_max_under_constraints;seed=continuation
-0.25,independent_oracle,3c5f6b3c9bd535cff7657364dadb2efc31f2ea48,41.0,1,1.003125,351.258564,21.583194,0.0,2,true,true,fine_grid,false,governance.selection=pressure_max_under_constraints;seed=continuation
-0.25,independent_oracle,3c5f6b3c9bd535cff7657364dadb2efc31f2ea48,41.0,1,1.009375,351.045694,21.582673,0.0,2,true,true,fine_grid,false,governance.selection=pressure_max_under_constraints;seed=continuation
-0.25,independent_oracle,3c5f6b3c9bd535cff7657364dadb2efc31f2ea48,41.0,1,1.015625,350.832401,21.582147,0.0,2,true,true,fine_grid,false,governance.selection=pressure_max_under_constraints;seed=continuation
-0.25,independent_oracle,3c5f6b3c9bd535cff7657364dadb2efc31f2ea48,41.0,1,1.021875,350.618695,21.581618,0.0,2,true,true,fine_grid,false,governance.selection=pressure_max_under_constraints;seed=continuation
-0.25,independent_oracle,3c5f6b3c9bd535cff7657364dadb2efc31f2ea48,41.0,1,1.028125,350.404587,21.581084,0.0,2,true,true,fine_grid,false,governance.selection=pressure_max_under_constraints;seed=continuation
-0.25,independent_oracle,3c5f6b3c9bd535cff7657364dadb2efc31f2ea48,41.0,1,1.034375,350.190089,21.580546,0.0,2,true,true,fine_grid,false,governance.selection=pressure_max_under_constraints;seed=continuation
-0.25,independent_oracle,3c5f6b3c9bd535cff7657364dadb2efc31f2ea48,41.0,1,1.040625,349.975212,21.580004,0.0,2,true,true,fine_grid,false,governance.selection=pressure_max_under_constraints;seed=continuation
-0.25,independent_oracle,3c5f6b3c9bd535cff7657364dadb2efc31f2ea48,41.0,1,1.046875,349.759967,21.579457,0.0,2,true,true,fine_grid,false,governance.selection=pressure_max_under_constraints;seed=continuation
-0.25,independent_oracle,3c5f6b3c9bd535cff7657364dadb2efc31f2ea48,41.0,1,1.053125,349.544366,21.578906,0.0,2,true,true,fine_grid,false,governance.selection=pressure_max_under_constraints;seed=continuation
-0.25,independent_oracle,3c5f6b3c9bd535cff7657364dadb2efc31f2ea48,41.0,1,1.059375,349.328419,21.578351,0.0,2,true,true,fine_grid,false,governance.selection=pressure_max_under_constraints;seed=continuation
-0.25,independent_oracle,3c5f6b3c9bd535cff7657364dadb2efc31f2ea48,41.0,1,1.065625,349.112139,21.577793,0.0,2,true,true,fine_grid,false,governance.selection=pressure_max_under_constraints;seed=continuation
-0.25,independent_oracle,3c5f6b3c9bd535cff7657364dadb2efc31f2ea48,41.0,1,1.071875,348.895536,21.577229,0.0,2,true,true,fine_grid,false,governance.selection=pressure_max_under_constraints;seed=continuation
-0.25,independent_oracle,3c5f6b3c9bd535cff7657364dadb2efc31f2ea48,41.0,1,1.078125,348.678622,21.576662,0.0,2,true,true,fine_grid,false,governance.selection=pressure_max_under_constraints;seed=continuation
-0.25,independent_oracle,3c5f6b3c9bd535cff7657364dadb2efc31f2ea48,41.0,1,1.084375,348.461409,21.576091,0.0,2,true,true,fine_grid,false,governance.selection=pressure_max_under_constraints;seed=continuation
-0.25,independent_oracle,3c5f6b3c9bd535cff7657364dadb2efc31f2ea48,41.0,1,1.090625,348.243907,21.575515,0.0,2,true,true,fine_grid,false,governance.selection=pressure_max_under_constraints;seed=continuation
-0.25,independent_oracle,3c5f6b3c9bd535cff7657364dadb2efc31f2ea48,41.0,1,1.096875,348.026129,21.574936,0.0,2,true,true,fine_grid,false,governance.selection=pressure_max_under_constraints;seed=continuation
-0.25,independent_oracle,3c5f6b3c9bd535cff7657364dadb2efc31f2ea48,41.0,1,1.103125,347.808085,21.574353,0.0,2,true,true,fine_grid,false,governance.selection=pressure_max_under_constraints;seed=continuation
-0.25,independent_oracle,3c5f6b3c9bd535cff7657364dadb2efc31f2ea48,41.0,1,1.109375,347.589789,21.573765,0.0,2,true,true,fine_grid,false,governance.selection=pressure_max_under_constraints;seed=continuation
-0.25,independent_oracle,3c5f6b3c9bd535cff7657364dadb2efc31f2ea48,41.0,1,1.115625,347.371251,21.573174,0.0,2,true,true,fine_grid,false,governance.selection=pressure_max_under_constraints;seed=continuation
-0.25,independent_oracle,3c5f6b3c9bd535cff7657364dadb2efc31f2ea48,41.0,1,1.121875,347.152483,21.572578,0.0,2,true,true,fine_grid,false,governance.selection=pressure_max_under_constraints;seed=continuation
-0.25,independent_oracle,3c5f6b3c9bd535cff7657364dadb2efc31f2ea48,41.0,1,1.128125,346.933498,21.571979,0.0,2,true,true,fine_grid,false,governance.selection=pressure_max_under_constraints;seed=continuation
-0.25,independent_oracle,3c5f6b3c9bd535cff7657364dadb2efc31f2ea48,41.0,1,1.134375,346.714307,21.571376,0.0,2,true,true,fine_grid,false,governance.selection=pressure_max_under_constraints;seed=continuation
-0.25,independent_oracle,3c5f6b3c9bd535cff7657364dadb2efc31f2ea48,41.0,1,1.140625,346.494923,21.570769,0.0,2,true,true,fine_grid,false,governance.selection=pressure_max_under_constraints;seed=continuation
-0.25,independent_oracle,3c5f6b3c9bd535cff7657364dadb2efc31f2ea48,41.0,1,1.146875,346.275357,21.570158,0.0,2,true,true,fine_grid,false,governance.selection=pressure_max_under_constraints;seed=continuation
-0.25,independent_oracle,3c5f6b3c9bd535cff7657364dadb2efc31f2ea48,41.0,1,1.153125,346.055623,21.569543,0.0,2,true,true,fine_grid,false,governance.selection=pressure_max_under_constraints;seed=continuation
-0.25,independent_oracle,3c5f6b3c9bd535cff7657364dadb2efc31f2ea48,41.0,1,1.159375,345.835732,21.568925,0.0,2,true,true,fine_grid,false,governance.selection=pressure_max_under_constraints;seed=continuation
-0.25,independent_oracle,3c5f6b3c9bd535cff7657364dadb2efc31f2ea48,41.0,1,1.165625,345.615698,21.568303,0.0,2,true,true,fine_grid,false,governance.selection=pressure_max_under_constraints;seed=continuation
-0.25,independent_oracle,3c5f6b3c9bd535cff7657364dadb2efc31f2ea48,41.0,1,1.171875,345.395533,21.567677,0.0,2,true,true,fine_grid,false,governance.selection=pressure_max_under_constraints;seed=continuation
-0.25,independent_oracle,3c5f6b3c9bd535cff7657364dadb2efc31f2ea48,41.0,1,1.178125,345.17525,21.567047,0.0,2,true,true,fine_grid,false,governance.selection=pressure_max_under_constraints;seed=continuation
-0.25,independent_oracle,3c5f6b3c9bd535cff7657364dadb2efc31f2ea48,41.0,1,1.184375,344.954862,21.566414,0.0,2,true,true,fine_grid,false,governance.selection=pressure_max_under_constraints;seed=continuation
-0.25,independent_oracle,3c5f6b3c9bd535cff7657364dadb2efc31f2ea48,41.0,1,1.190625,344.734383,21.565777,0.0,2,true,true,fine_grid,false,governance.selection=pressure_max_under_constraints;seed=continuation
-0.25,independent_oracle,3c5f6b3c9bd535cff7657364dadb2efc31f2ea48,41.0,1,1.196875,344.513825,21.565137,0.0,2,true,true,fine_grid,false,governance.selection=pressure_max_under_constraints;seed=continuation
-0.25,independent_oracle,3c5f6b3c9bd535cff7657364dadb2efc31f2ea48,41.0,1,1.203125,344.293203,21.564493,0.0,2,true,true,fine_grid,false,governance.selection=pressure_max_under_constraints;seed=continuation
-0.25,independent_oracle,3c5f6b3c9bd535cff7657364dadb2efc31f2ea48,41.0,1,1.209375,344.07253,21.563845,0.0,2,true,true,fine_grid,false,governance.selection=pressure_max_under_constraints;seed=continuation
-0.25,independent_oracle,3c5f6b3c9bd535cff7657364dadb2efc31f2ea48,41.0,1,1.215625,343.85182,21.563194,0.0,2,true,true,fine_grid,false,governance.selection=pressure_max_under_constraints;seed=continuation
-0.25,independent_oracle,3c5f6b3c9bd535cff7657364dadb2efc31f2ea48,41.0,1,1.221875,343.631088,21.56254,0.0,2,true,true,fine_grid,false,governance.selection=pressure_max_under_constraints;seed=continuation
-0.25,independent_oracle,3c5f6b3c9bd535cff7657364dadb2efc31f2ea48,41.0,1,1.228125,343.410347,21.561882,0.0,2,true,true,fine_grid,false,governance.selection=pressure_max_under_constraints;seed=continuation
-0.25,independent_oracle,3c5f6b3c9bd535cff7657364dadb2efc31f2ea48,41.0,1,1.234375,343.189613,21.561221,0.0,2,true,true,fine_grid,false,governance.selection=pressure_max_under_constraints;seed=continuation
-0.25,independent_oracle,3c5f6b3c9bd535cff7657364dadb2efc31f2ea48,41.0,1,1.240625,342.9689,21.560557,0.0,2,true,true,fine_grid,false,governance.selection=pressure_max_under_constraints;seed=continuation
-0.25,independent_oracle,3c5f6b3c9bd535cff7657364dadb2efc31f2ea48,41.0,1,1.246875,342.748224,21.559889,0.0,2,true,true,fine_grid,false,governance.selection=pressure_max_under_constraints;seed=continuation
-0.25,independent_oracle,3c5f6b3c9bd535cff7657364dadb2efc31f2ea48,41.0,1,1.253125,342.527599,21.559218,0.0,2,true,true,fine_grid,false,governance.selection=pressure_max_under_constraints;seed=continuation
-0.25,independent_oracle,3c5f6b3c9bd535cff7657364dadb2efc31f2ea48,41.0,1,1.259375,342.307042,21.558544,0.0,2,true,true,fine_grid,false,governance.selection=pressure_max_under_constraints;seed=continuation
-0.25,independent_oracle,3c5f6b3c9bd535cff7657364dadb2efc31f2ea48,41.0,1,1.265625,342.086567,21.557867,0.0,2,true,true,fine_grid,false,governance.selection=pressure_max_under_constraints;seed=continuation
-0.25,independent_oracle,3c5f6b3c9bd535cff7657364dadb2efc31f2ea48,41.0,1,1.271875,341.866192,21.557187,0.0,2,true,true,fine_grid,false,governance.selection=pressure_max_under_constraints;seed=continuation
-0.25,independent_oracle,3c5f6b3c9bd535cff7657364dadb2efc31f2ea48,41.0,1,1.278125,341.645933,21.556504,0.0,2,true,true,fine_grid,false,governance.selection=pressure_max_under_constraints;seed=continuation
-0.25,independent_oracle,3c5f6b3c9bd535cff7657364dadb2efc31f2ea48,41.0,1,1.284375,341.425807,21.555818,0.0,2,true,true,fine_grid,false,governance.selection=pressure_max_under_constraints;seed=continuation
-0.25,independent_oracle,3c5f6b3c9bd535cff7657364dadb2efc31f2ea48,41.0,1,1.290625,341.20583,21.555129,0.0,2,true,true,fine_grid,false,governance.selection=pressure_max_under_constraints;seed=continuation
-0.25,independent_oracle,3c5f6b3c9bd535cff7657364dadb2efc31f2ea48,41.0,1,1.296875,340.98602,21.554437,0.0,2,true,true,fine_grid,false,governance.selection=pressure_max_under_constraints;seed=continuation
-0.25,independent_oracle,3c5f6b3c9bd535cff7657364dadb2efc31f2ea48,41.0,1,1.303125,340.766394,21.553742,0.0,2,true,true,fine_grid,false,governance.selection=pressure_max_under_constraints;seed=continuation
-0.25,independent_oracle,3c5f6b3c9bd535cff7657364dadb2efc31f2ea48,41.0,1,1.309375,340.546972,21.553045,0.0,2,true,true,fine_grid,false,governance.selection=pressure_max_under_constraints;seed=continuation
-0.25,independent_oracle,3c5f6b3c9bd535cff7657364dadb2efc31f2ea48,41.0,1,1.315625,340.32777,21.552345,0.0,2,true,true,fine_grid,false,governance.selection=pressure_max_under_constraints;seed=continuation
-0.25,independent_oracle,3c5f6b3c9bd535cff7657364dadb2efc31f2ea48,41.0,1,1.321875,340.108809,21.551643,0.0,2,true,true,fine_grid,false,governance.selection=pressure_max_under_constraints;seed=continuation
-0.25,independent_oracle,3c5f6b3c9bd535cff7657364dadb2efc31f2ea48,41.0,1,1.328125,339.890107,21.550938,0.0,2,true,true,fine_grid,false,governance.selection=pressure_max_under_constraints;seed=continuation
-0.25,independent_oracle,3c5f6b3c9bd535cff7657364dadb2efc31f2ea48,41.0,1,1.334375,339.671684,21.550231,0.0,2,true,true,fine_grid,false,governance.selection=pressure_max_under_constraints;seed=continuation
-0.25,independent_oracle,3c5f6b3c9bd535cff7657364dadb2efc31f2ea48,41.0,1,1.340625,339.45356,21.549521,0.0,2,true,true,fine_grid,false,governance.selection=pressure_max_under_constraints;seed=continuation
-0.25,independent_oracle,3c5f6b3c9bd535cff7657364dadb2efc31f2ea48,41.0,1,1.346875,339.235754,21.548809,0.0,2,true,true,fine_grid,false,governance.selection=pressure_max_under_constraints;seed=continuation
-0.25,independent_oracle,3c5f6b3c9bd535cff7657364dadb2efc31f2ea48,41.0,1,1.353125,339.018289,21.548095,0.0,2,true,true,fine_grid,false,governance.selection=pressure_max_under_constraints;seed=continuation
-0.25,independent_oracle,3c5f6b3c9bd535cff7657364dadb2efc31f2ea48,41.0,1,1.359375,338.801186,21.547379,0.0,2,true,true,fine_grid,false,governance.selection=pressure_max_under_constraints;seed=continuation
-0.25,independent_oracle,3c5f6b3c9bd535cff7657364dadb2efc31f2ea48,41.0,1,1.365625,338.584466,21.546661,0.0,2,true,true,fine_grid,false,governance.selection=pressure_max_under_constraints;seed=continuation
-0.25,independent_oracle,3c5f6b3c9bd535cff7657364dadb2efc31f2ea48,41.0,1,1.371875,338.368151,21.54594,0.0,2,true,true,fine_grid,false,governance.selection=pressure_max_under_constraints;seed=continuation
-0.25,independent_oracle,3c5f6b3c9bd535cff7657364dadb2efc31f2ea48,41.0,1,1.378125,338.152265,21.545218,0.0,2,true,true,fine_grid,false,governance.selection=pressure_max_under_constraints;seed=continuation
-0.25,independent_oracle,3c5f6b3c9bd535cff7657364dadb2efc31f2ea48,41.0,1,1.384375,337.93683,21.544494,0.0,2,true,true,fine_grid,false,governance.selection=pressure_max_under_constraints;seed=continuation
-0.25,independent_oracle,3c5f6b3c9bd535cff7657364dadb2efc31f2ea48,41.0,1,1.390625,337.72187,21.543769,0.0,2,true,true,fine_grid,false,governance.selection=pressure_max_under_constraints;seed=continuation
-0.25,independent_oracle,3c5f6b3c9bd535cff7657364dadb2efc31f2ea48,41.0,1,1.396875,337.507411,21.543042,0.0,2,true,true,fine_grid,false,governance.selection=pressure_max_under_constraints;seed=continuation
-0.25,independent_oracle,3c5f6b3c9bd535cff7657364dadb2efc31f2ea48,41.0,1,1.403125,337.293476,21.542313,0.0,2,true,true,fine_grid,false,governance.selection=pressure_max_under_constraints;seed=continuation
-0.25,independent_oracle,3c5f6b3c9bd535cff7657364dadb2efc31f2ea48,41.0,1,1.409375,337.080092,21.541583,0.0,2,true,true,fine_grid,false,governance.selection=pressure_max_under_constraints;seed=continuation
-0.25,independent_oracle,3c5f6b3c9bd535cff7657364dadb2efc31f2ea48,41.0,1,1.415625,336.867284,21.540852,0.0,2,true,true,fine_grid,false,governance.selection=pressure_max_under_constraints;seed=continuation
-0.25,independent_oracle,3c5f6b3c9bd535cff7657364dadb2efc31f2ea48,41.0,1,1.421875,336.655079,21.54012,0.0,2,true,true,fine_grid,false,governance.selection=pressure_max_under_constraints;seed=continuation
-0.25,independent_oracle,3c5f6b3c9bd535cff7657364dadb2efc31f2ea48,41.0,1,1.428125,336.443505,21.539386,0.0,2,true,true,fine_grid,false,governance.selection=pressure_max_under_constraints;seed=continuation
-0.25,independent_oracle,3c5f6b3c9bd535cff7657364dadb2efc31f2ea48,41.0,1,1.434375,336.232589,21.538652,0.0,2,true,true,fine_grid,false,governance.selection=pressure_max_under_constraints;seed=continuation
-0.25,independent_oracle,3c5f6b3c9bd535cff7657364dadb2efc31f2ea48,41.0,1,1.440625,336.022361,21.537917,0.0,2,true,true,fine_grid,false,governance.selection=pressure_max_under_constraints;seed=continuation
-0.25,independent_oracle,3c5f6b3c9bd535cff7657364dadb2efc31f2ea48,41.0,1,1.446875,335.812849,21.537181,0.0,2,true,true,fine_grid,false,governance.selection=pressure_max_under_constraints;seed=continuation
-0.25,independent_oracle,3c5f6b3c9bd535cff7657364dadb2efc31f2ea48,41.0,1,1.453125,335.604085,21.536445,0.0,2,true,true,fine_grid,false,governance.selection=pressure_max_under_constraints;seed=continuation
-0.25,independent_oracle,3c5f6b3c9bd535cff7657364dadb2efc31f2ea48,41.0,1,1.459375,335.396097,21.535708,0.0,2,true,true,fine_grid,false,governance.selection=pressure_max_under_constraints;seed=continuation
-0.25,independent_oracle,3c5f6b3c9bd535cff7657364dadb2efc31f2ea48,41.0,1,1.465625,335.188919,21.534971,0.0,2,true,true,fine_grid,false,governance.selection=pressure_max_under_constraints;seed=continuation
-0.25,independent_oracle,3c5f6b3c9bd535cff7657364dadb2efc31f2ea48,41.0,1,1.471875,334.982583,21.534234,0.0,2,true,true,fine_grid,false,governance.selection=pressure_max_under_constraints;seed=continuation
-0.25,independent_oracle,3c5f6b3c9bd535cff7657364dadb2efc31f2ea48,41.0,1,1.478125,334.777122,21.533497,0.0,2,true,true,fine_grid,false,governance.selection=pressure_max_under_constraints;seed=continuation
-0.25,independent_oracle,3c5f6b3c9bd535cff7657364dadb2efc31f2ea48,41.0,1,1.484375,334.572569,21.53276,0.0,2,true,true,fine_grid,false,governance.selection=pressure_max_under_constraints;seed=continuation
-0.25,independent_oracle,3c5f6b3c9bd535cff7657364dadb2efc31f2ea48,41.0,1,1.490625,334.36896,21.532023,0.0,2,true,true,fine_grid,false,governance.selection=pressure_max_under_constraints;seed=continuation
-0.25,independent_oracle,3c5f6b3c9bd535cff7657364dadb2efc31f2ea48,41.0,1,1.496875,334.16633,21.531287,0.0,2,true,true,fine_grid,false,governance.selection=pressure_max_under_constraints;seed=continuation
-0.25,independent_oracle,3c5f6b3c9bd535cff7657364dadb2efc31f2ea48,41.0,1,1.503125,333.964715,21.530551,0.0,2,true,true,fine_grid,false,governance.selection=pressure_max_under_constraints;seed=continuation
-0.25,independent_oracle,3c5f6b3c9bd535cff7657364dadb2efc31f2ea48,41.0,1,1.509375,333.764154,21.529816,0.0,2,true,true,fine_grid,false,governance.selection=pressure_max_under_constraints;seed=continuation
-0.25,independent_oracle,3c5f6b3c9bd535cff7657364dadb2efc31f2ea48,41.0,1,1.515625,333.564684,21.529082,0.0,2,true,true,fine_grid,false,governance.selection=pressure_max_under_constraints;seed=continuation
-0.25,independent_oracle,3c5f6b3c9bd535cff7657364dadb2efc31f2ea48,41.0,1,1.521875,333.366344,21.52835,0.0,2,true,true,fine_grid,false,governance.selection=pressure_max_under_constraints;seed=continuation
-0.25,independent_oracle,3c5f6b3c9bd535cff7657364dadb2efc31f2ea48,41.0,1,1.528125,333.169176,21.527618,0.0,2,true,true,fine_grid,false,governance.selection=pressure_max_under_constraints;seed=continuation
-0.25,independent_oracle,3c5f6b3c9bd535cff7657364dadb2efc31f2ea48,41.0,1,1.534375,332.973219,21.526888,0.0,2,true,true,fine_grid,false,governance.selection=pressure_max_under_constraints;seed=continuation
-0.25,independent_oracle,3c5f6b3c9bd535cff7657364dadb2efc31f2ea48,41.0,1,1.540625,332.778517,21.52616,0.0,2,true,true,fine_grid,false,governance.selection=pressure_max_under_constraints;seed=continuation
-0.25,independent_oracle,3c5f6b3c9bd535cff7657364dadb2efc31f2ea48,41.0,1,1.546875,332.585112,21.525434,0.0,2,true,true,fine_grid,false,governance.selection=pressure_max_under_constraints;seed=continuation
-0.25,independent_oracle,3c5f6b3c9bd535cff7657364dadb2efc31f2ea48,41.0,1,1.553125,332.393048,21.52471,0.0,2,true,true,fine_grid,false,governance.selection=pressure_max_under_constraints;seed=continuation
-0.25,independent_oracle,3c5f6b3c9bd535cff7657364dadb2efc31f2ea48,41.0,1,1.559375,332.202371,21.523988,0.0,2,true,true,fine_grid,false,governance.selection=pressure_max_under_constraints;seed=continuation
-0.25,independent_oracle,3c5f6b3c9bd535cff7657364dadb2efc31f2ea48,41.0,1,1.565625,332.013127,21.523269,0.0,2,true,true,fine_grid,false,governance.selection=pressure_max_under_constraints;seed=continuation
-0.25,independent_oracle,3c5f6b3c9bd535cff7657364dadb2efc31f2ea48,41.0,1,1.571875,331.825363,21.522552,0.0,2,true,true,fine_grid,false,governance.selection=pressure_max_under_constraints;seed=continuation
-0.25,independent_oracle,3c5f6b3c9bd535cff7657364dadb2efc31f2ea48,41.0,1,1.578125,331.639129,21.521839,0.0,2,true,true,fine_grid,false,governance.selection=pressure_max_under_constraints;seed=continuation
-0.25,independent_oracle,3c5f6b3c9bd535cff7657364dadb2efc31f2ea48,41.0,1,1.584375,331.454472,21.521128,0.0,2,true,true,fine_grid,false,governance.selection=pressure_max_under_constraints;seed=continuation
-0.25,independent_oracle,3c5f6b3c9bd535cff7657364dadb2efc31f2ea48,41.0,1,1.590625,331.271445,21.520421,0.0,2,true,true,fine_grid,false,governance.selection=pressure_max_under_constraints;seed=continuation
-0.25,independent_oracle,3c5f6b3c9bd535cff7657364dadb2efc31f2ea48,41.0,1,1.596875,331.090098,21.519718,0.0,2,true,true,fine_grid,false,governance.selection=pressure_max_under_constraints;seed=continuation
-0.25,independent_oracle,3c5f6b3c9bd535cff7657364dadb2efc31f2ea48,41.0,1,1.603125,330.910485,21.519019,0.0,2,true,true,fine_grid,false,governance.selection=pressure_max_under_constraints;seed=continuation
-0.25,independent_oracle,3c5f6b3c9bd535cff7657364dadb2efc31f2ea48,41.0,1,1.609375,330.73266,21.518325,0.0,2,true,true,fine_grid,false,governance.selection=pressure_max_under_constraints;seed=continuation
-0.25,independent_oracle,3c5f6b3c9bd535cff7657364dadb2efc31f2ea48,41.0,1,1.615625,330.556677,21.517634,0.0,2,true,true,fine_grid,false,governance.selection=pressure_max_under_constraints;seed=continuation
-0.25,independent_oracle,3c5f6b3c9bd535cff7657364dadb2efc31f2ea48,41.0,1,1.621875,330.382594,21.516949,0.0,2,true,true,fine_grid,false,governance.selection=pressure_max_under_constraints;seed=continuation
-0.25,independent_oracle,3c5f6b3c9bd535cff7657364dadb2efc31f2ea48,41.0,1,1.628125,330.210468,21.516268,0.0,2,true,true,fine_grid,false,governance.selection=pressure_max_under_constraints;seed=continuation
-0.25,independent_oracle,3c5f6b3c9bd535cff7657364dadb2efc31f2ea48,41.0,1,1.634375,330.040357,21.515593,0.0,2,true,true,fine_grid,false,governance.selection=pressure_max_under_constraints;seed=continuation
-0.25,independent_oracle,3c5f6b3c9bd535cff7657364dadb2efc31f2ea48,41.0,1,1.640625,329.872322,21.514924,0.0,2,true,true,fine_grid,false,governance.selection=pressure_max_under_constraints;seed=continuation
-0.25,independent_oracle,3c5f6b3c9bd535cff7657364dadb2efc31f2ea48,41.0,1,1.646875,329.706422,21.514261,0.0,2,true,true,fine_grid,false,governance.selection=pressure_max_under_constraints;seed=continuation
-0.25,independent_oracle,3c5f6b3c9bd535cff7657364dadb2efc31f2ea48,41.0,1,1.653125,329.542721,21.513604,0.0,2,true,true,fine_grid,false,governance.selection=pressure_max_under_constraints;seed=continuation
-0.25,independent_oracle,3c5f6b3c9bd535cff7657364dadb2efc31f2ea48,41.0,1,1.659375,329.38128,21.512953,0.0,2,true,true,fine_grid,false,governance.selection=pressure_max_under_constraints;seed=continuation
-0.25,independent_oracle,3c5f6b3c9bd535cff7657364dadb2efc31f2ea48,41.0,1,1.665625,329.222166,21.51231,0.0,2,true,true,fine_grid,false,governance.selection=pressure_max_under_constraints;seed=continuation
-0.25,independent_oracle,3c5f6b3c9bd535cff7657364dadb2efc31f2ea48,41.0,1,1.671875,329.065442,21.511674,0.0,2,true,true,fine_grid,false,governance.selection=pressure_max_under_constraints;seed=continuation
-0.25,independent_oracle,3c5f6b3c9bd535cff7657364dadb2efc31f2ea48,41.0,1,1.678125,328.911174,21.511045,0.0,2,true,true,fine_grid,false,governance.selection=pressure_max_under_constraints;seed=continuation
-0.25,independent_oracle,3c5f6b3c9bd535cff7657364dadb2efc31f2ea48,41.0,1,1.684375,328.759432,21.510425,0.0,2,true,true,fine_grid,false,governance.selection=pressure_max_under_constraints;seed=continuation
-0.25,independent_oracle,3c5f6b3c9bd535cff7657364dadb2efc31f2ea48,41.0,1,1.690625,328.610281,21.509812,0.0,2,true,true,fine_grid,false,governance.selection=pressure_max_under_constraints;seed=continuation
-0.25,independent_oracle,3c5f6b3c9bd535cff7657364dadb2efc31f2ea48,41.0,1,1.696875,328.463792,21.509209,0.0,2,true,true,fine_grid,false,governance.selection=pressure_max_under_constraints;seed=continuation
-0.25,independent_oracle,3c5f6b3c9bd535cff7657364dadb2efc31f2ea48,41.0,1,1.703125,328.320035,21.508614,0.0,2,true,true,fine_grid,false,governance.selection=pressure_max_under_constraints;seed=continuation
-0.25,independent_oracle,3c5f6b3c9bd535cff7657364dadb2efc31f2ea48,41.0,1,1.709375,328.17908,21.508029,0.0,2,true,true,fine_grid,false,governance.selection=pressure_max_under_constraints;seed=continuation
-0.25,independent_oracle,3c5f6b3c9bd535cff7657364dadb2efc31f2ea48,41.0,1,1.715625,328.040999,21.507454,0.0,2,true,true,fine_grid,false,governance.selection=pressure_max_under_constraints;seed=continuation
-0.25,independent_oracle,3c5f6b3c9bd535cff7657364dadb2efc31f2ea48,41.0,1,1.721875,327.905864,21.506889,0.0,2,true,true,fine_grid,false,governance.selection=pressure_max_under_constraints;seed=continuation
-0.25,independent_oracle,3c5f6b3c9bd535cff7657364dadb2efc31f2ea48,41.0,1,1.728125,327.773749,21.506335,0.0,2,true,true,fine_grid,false,governance.selection=pressure_max_under_constraints;seed=continuation
-0.25,independent_oracle,3c5f6b3c9bd535cff7657364dadb2efc31f2ea48,41.0,1,1.734375,327.644725,21.505791,0.0,2,true,true,fine_grid,false,governance.selection=pressure_max_under_constraints;seed=continuation
-0.25,independent_oracle,3c5f6b3c9bd535cff7657364dadb2efc31f2ea48,41.0,1,1.740625,327.518868,21.505259,0.0,2,true,true,fine_grid,false,governance.selection=pressure_max_under_constraints;seed=continuation
-0.25,independent_oracle,3c5f6b3c9bd535cff7657364dadb2efc31f2ea48,41.0,1,1.746875,327.396251,21.504739,0.0,2,true,true,fine_grid,false,governance.selection=pressure_max_under_constraints;seed=continuation
-0.25,independent_oracle,3c5f6b3c9bd535cff7657364dadb2efc31f2ea48,41.0,1,1.753125,327.276948,21.504232,0.0,2,true,true,fine_grid,false,governance.selection=pressure_max_under_constraints;seed=continuation
-0.25,independent_oracle,3c5f6b3c9bd535cff7657364dadb2efc31f2ea48,41.0,1,1.759375,327.161035,21.503736,0.0,2,true,true,fine_grid,false,governance.selection=pressure_max_under_constraints;seed=continuation
-0.25,independent_oracle,3c5f6b3c9bd535cff7657364dadb2efc31f2ea48,41.0,1,1.765625,327.048585,21.503254,0.0,2,true,true,fine_grid,false,governance.selection=pressure_max_under_constraints;seed=continuation
-0.25,independent_oracle,3c5f6b3c9bd535cff7657364dadb2efc31f2ea48,41.0,1,1.771875,326.939673,21.502786,0.0,2,true,true,fine_grid,false,governance.selection=pressure_max_under_constraints;seed=continuation
-0.25,independent_oracle,3c5f6b3c9bd535cff7657364dadb2efc31f2ea48,41.0,1,1.778125,326.834372,21.502331,0.0,2,true,true,fine_grid,false,governance.selection=pressure_max_under_constraints;seed=continuation
-0.25,independent_oracle,3c5f6b3c9bd535cff7657364dadb2efc31f2ea48,41.0,1,1.784375,326.732757,21.501891,0.0,2,true,true,fine_grid,false,governance.selection=pressure_max_under_constraints;seed=continuation
-0.25,independent_oracle,3c5f6b3c9bd535cff7657364dadb2efc31f2ea48,41.0,1,1.790625,326.634901,21.501465,0.0,2,true,true,fine_grid,false,governance.selection=pressure_max_under_constraints;seed=continuation
-0.25,independent_oracle,3c5f6b3c9bd535cff7657364dadb2efc31f2ea48,41.0,1,1.796875,326.540877,21.501055,0.0,2,true,true,fine_grid,false,governance.selection=pressure_max_under_constraints;seed=continuation
-0.25,independent_oracle,3c5f6b3c9bd535cff7657364dadb2efc31f2ea48,41.0,1,1.803125,326.450755,21.50066,0.0,2,true,true,fine_grid,false,governance.selection=pressure_max_under_constraints;seed=continuation
-0.25,independent_oracle,3c5f6b3c9bd535cff7657364dadb2efc31f2ea48,41.0,1,1.809375,326.364606,21.500282,0.0,2,true,true,fine_grid,false,governance.selection=pressure_max_under_constraints;seed=continuation
-0.25,independent_oracle,3c5f6b3c9bd535cff7657364dadb2efc31f2ea48,41.0,1,1.815625,326.282501,21.49992,0.0,2,true,true,fine_grid,false,governance.selection=pressure_max_under_constraints;seed=continuation
-0.25,independent_oracle,3c5f6b3c9bd535cff7657364dadb2efc31f2ea48,41.0,1,1.821875,326.204506,21.499575,0.0,2,true,true,fine_grid,false,governance.selection=pressure_max_under_constraints;seed=continuation
-0.25,independent_oracle,3c5f6b3c9bd535cff7657364dadb2efc31f2ea48,41.0,1,1.828125,326.130689,21.499247,0.0,2,true,true,fine_grid,false,governance.selection=pressure_max_under_constraints;seed=continuation
-0.25,independent_oracle,3c5f6b3c9bd535cff7657364dadb2efc31f2ea48,41.0,1,1.834375,326.061114,21.498937,0.0,2,true,true,fine_grid,false,governance.selection=pressure_max_under_constraints;seed=continuation
-0.25,independent_oracle,3c5f6b3c9bd535cff7657364dadb2efc31f2ea48,41.0,1,1.840625,325.995844,21.498645,0.0,2,true,true,fine_grid,false,governance.selection=pressure_max_under_constraints;seed=continuation
-0.25,independent_oracle,3c5f6b3c9bd535cff7657364dadb2efc31f2ea48,41.0,1,1.846875,325.93494,21.498372,0.0,2,true,true,fine_grid,false,governance.selection=pressure_max_under_constraints;seed=continuation
-0.25,independent_oracle,3c5f6b3c9bd535cff7657364dadb2efc31f2ea48,41.0,1,1.853125,325.878461,21.498118,0.0,2,true,true,fine_grid,false,governance.selection=pressure_max_under_constraints;seed=continuation
-0.25,independent_oracle,3c5f6b3c9bd535cff7657364dadb2efc31f2ea48,41.0,1,1.859375,325.826463,21.497883,0.0,2,true,true,fine_grid,false,governance.selection=pressure_max_under_constraints;seed=continuation
-0.25,independent_oracle,3c5f6b3c9bd535cff7657364dadb2efc31f2ea48,41.0,1,1.865625,325.778999,21.497668,0.0,2,true,true,fine_grid,false,governance.selection=pressure_max_under_constraints;seed=continuation
-0.25,independent_oracle,3c5f6b3c9bd535cff7657364dadb2efc31f2ea48,41.0,1,1.871875,325.736119,21.497473,0.0,2,true,true,fine_grid,false,governance.selection=pressure_max_under_constraints;seed=continuation
-0.25,independent_oracle,3c5f6b3c9bd535cff7657364dadb2efc31f2ea48,41.0,1,1.878125,325.697873,21.497299,0.0,2,true,true,fine_grid,false,governance.selection=pressure_max_under_constraints;seed=continuation
-0.25,independent_oracle,3c5f6b3c9bd535cff7657364dadb2efc31f2ea48,41.0,1,1.884375,325.664303,21.497145,0.0,2,true,true,fine_grid,false,governance.selection=pressure_max_under_constraints;seed=continuation
-0.25,independent_oracle,3c5f6b3c9bd535cff7657364dadb2efc31f2ea48,41.0,1,1.890625,325.635452,21.497013,0.0,2,true,true,fine_grid,false,governance.selection=pressure_max_under_constraints;seed=continuation
-0.25,independent_oracle,3c5f6b3c9bd535cff7657364dadb2efc31f2ea48,41.0,1,1.896875,325.611357,21.496902,0.0,2,true,true,fine_grid,false,governance.selection=pressure_max_under_constraints;seed=continuation
-0.25,independent_oracle,3c5f6b3c9bd535cff7657364dadb2efc31f2ea48,41.0,1,1.903125,325.592052,21.496813,0.0,2,true,true,fine_grid,false,governance.selection=pressure_max_under_constraints;seed=continuation
-0.25,independent_oracle,3c5f6b3c9bd535cff7657364dadb2efc31f2ea48,41.0,1,1.909375,325.577568,21.496746,0.0,2,true,true,fine_grid,false,governance.selection=pressure_max_under_constraints;seed=continuation
-0.25,independent_oracle,3c5f6b3c9bd535cff7657364dadb2efc31f2ea48,41.0,1,1.915625,325.567931,21.496701,0.0,2,true,true,fine_grid,false,governance.selection=pressure_max_under_constraints;seed=continuation
-0.25,independent_oracle,3c5f6b3c9bd535cff7657364dadb2efc31f2ea48,41.0,1,1.921875,325.563164,21.496678,0.0,2,true,true,fine_grid,false,governance.selection=pressure_max_under_constraints;seed=continuation
-0.25,independent_oracle,3c5f6b3c9bd535cff7657364dadb2efc31f2ea48,41.0,1,1.928125,325.563284,21.496679,0.0,2,true,true,fine_grid,false,governance.selection=pressure_max_under_constraints;seed=continuation
-0.25,independent_oracle,3c5f6b3c9bd535cff7657364dadb2efc31f2ea48,41.0,1,1.934375,325.568307,21.496703,0.0,2,true,true,fine_grid,false,governance.selection=pressure_max_under_constraints;seed=continuation
-0.25,independent_oracle,3c5f6b3c9bd535cff7657364dadb2efc31f2ea48,41.0,1,1.940625,325.578243,21.496749,0.0,2,true,true,fine_grid,false,governance.selection=pressure_max_under_constraints;seed=continuation
-0.25,independent_oracle,3c5f6b3c9bd535cff7657364dadb2efc31f2ea48,41.0,1,1.946875,325.593097,21.49682,0.0,2,true,true,fine_grid,false,governance.selection=pressure_max_under_constraints;seed=continuation
-0.25,independent_oracle,3c5f6b3c9bd535cff7657364dadb2efc31f2ea48,41.0,1,1.953125,325.61287,21.496914,0.0,2,true,true,fine_grid,false,governance.selection=pressure_max_under_constraints;seed=continuation
-0.25,independent_oracle,3c5f6b3c9bd535cff7657364dadb2efc31f2ea48,41.0,1,1.959375,325.63756,21.497031,0.0,2,true,true,fine_grid,false,governance.selection=pressure_max_under_constraints;seed=continuation
-0.25,independent_oracle,3c5f6b3c9bd535cff7657364dadb2efc31f2ea48,41.0,1,1.965625,325.667159,21.497172,0.0,2,true,true,fine_grid,false,governance.selection=pressure_max_under_constraints;seed=continuation
-0.25,independent_oracle,3c5f6b3c9bd535cff7657364dadb2efc31f2ea48,41.0,1,1.971875,325.701657,21.497338,0.0,2,true,true,fine_grid,false,governance.selection=pressure_max_under_constraints;seed=continuation
-0.25,independent_oracle,3c5f6b3c9bd535cff7657364dadb2efc31f2ea48,41.0,1,1.978125,325.741036,21.497527,0.0,2,true,true,fine_grid,false,governance.selection=pressure_max_under_constraints;seed=continuation
-0.25,independent_oracle,3c5f6b3c9bd535cff7657364dadb2efc31f2ea48,41.0,1,1.984375,325.785278,21.49774,0.0,2,true,true,fine_grid,false,governance.selection=pressure_max_under_constraints;seed=continuation
-0.25,independent_oracle,3c5f6b3c9bd535cff7657364dadb2efc31f2ea48,41.0,1,1.990625,325.834357,21.497977,0.0,2,true,true,fine_grid,false,governance.selection=pressure_max_under_constraints;seed=continuation
-0.25,independent_oracle,3c5f6b3c9bd535cff7657364dadb2efc31f2ea48,41.0,1,1.996875,325.888246,21.498239,0.0,2,true,true,fine_grid,false,governance.selection=pressure_max_under_constraints;seed=continuation
-0.25,independent_oracle,3c5f6b3c9bd535cff7657364dadb2efc31f2ea48,41.0,1,2.003125,325.946912,21.498524,0.0,2,true,true,fine_grid,false,governance.selection=pressure_max_under_constraints;seed=continuation
-0.25,independent_oracle,3c5f6b3c9bd535cff7657364dadb2efc31f2ea48,41.0,1,2.009375,326.010318,21.498833,0.0,2,true,true,fine_grid,false,governance.selection=pressure_max_under_constraints;seed=continuation
-0.25,independent_oracle,3c5f6b3c9bd535cff7657364dadb2efc31f2ea48,41.0,1,2.015625,326.078426,21.499167,0.0,2,true,true,fine_grid,false,governance.selection=pressure_max_under_constraints;seed=continuation
-0.25,independent_oracle,3c5f6b3c9bd535cff7657364dadb2efc31f2ea48,41.0,1,2.021875,326.15119,21.499524,0.0,2,true,true,fine_grid,false,governance.selection=pressure_max_under_constraints;seed=continuation
-0.25,independent_oracle,3c5f6b3c9bd535cff7657364dadb2efc31f2ea48,41.0,1,2.028125,326.228565,21.499905,0.0,2,true,true,fine_grid,false,governance.selection=pressure_max_under_constraints;seed=continuation
-0.25,independent_oracle,3c5f6b3c9bd535cff7657364dadb2efc31f2ea48,41.0,1,2.034375,326.310499,21.50031,0.0,2,true,true,fine_grid,false,governance.selection=pressure_max_under_constraints;seed=continuation
-0.25,independent_oracle,3c5f6b3c9bd535cff7657364dadb2efc31f2ea48,41.0,1,2.040625,326.39694,21.500739,0.0,2,true,true,fine_grid,false,governance.selection=pressure_max_under_constraints;seed=continuation
-0.25,independent_oracle,3c5f6b3c9bd535cff7657364dadb2efc31f2ea48,41.0,1,2.046875,326.48783,21.50119,0.0,2,true,true,fine_grid,false,governance.selection=pressure_max_under_constraints;seed=continuation
-0.25,independent_oracle,3c5f6b3c9bd535cff7657364dadb2efc31f2ea48,41.0,1,2.053125,326.58311,21.501666,0.0,2,true,true,fine_grid,false,governance.selection=pressure_max_under_constraints;seed=continuation
-0.25,independent_oracle,3c5f6b3c9bd535cff7657364dadb2efc31f2ea48,41.0,1,2.059375,326.682718,21.502164,0.0,2,true,true,fine_grid,false,governance.selection=pressure_max_under_constraints;seed=continuation
-0.25,independent_oracle,3c5f6b3c9bd535cff7657364dadb2efc31f2ea48,41.0,1,2.065625,326.78659,21.502685,0.0,2,true,true,fine_grid,false,governance.selection=pressure_max_under_constraints;seed=continuation
-0.25,independent_oracle,3c5f6b3c9bd535cff7657364dadb2efc31f2ea48,41.0,1,2.071875,326.89466,21.503229,0.0,2,true,true,fine_grid,false,governance.selection=pressure_max_under_constraints;seed=continuation
-0.25,independent_oracle,3c5f6b3c9bd535cff7657364dadb2efc31f2ea48,41.0,1,2.078125,327.006858,21.503795,0.0,2,true,true,fine_grid,false,governance.selection=pressure_max_under_constraints;seed=continuation
-0.25,independent_oracle,3c5f6b3c9bd535cff7657364dadb2efc31f2ea48,41.0,1,2.084375,327.123114,21.504384,0.0,2,true,true,fine_grid,false,governance.selection=pressure_max_under_constraints;seed=continuation
-0.25,independent_oracle,3c5f6b3c9bd535cff7657364dadb2efc31f2ea48,41.0,1,2.090625,327.243357,21.504994,0.0,2,true,true,fine_grid,false,governance.selection=pressure_max_under_constraints;seed=continuation
-0.25,independent_oracle,3c5f6b3c9bd535cff7657364dadb2efc31f2ea48,41.0,1,2.096875,327.367512,21.505627,0.0,2,true,true,fine_grid,false,governance.selection=pressure_max_under_constraints;seed=continuation
-0.25,independent_oracle,3c5f6b3c9bd535cff7657364dadb2efc31f2ea48,41.0,1,2.103125,327.495504,21.50628,0.0,2,true,true,fine_grid,false,governance.selection=pressure_max_under_constraints;seed=continuation
-0.25,independent_oracle,3c5f6b3c9bd535cff7657364dadb2efc31f2ea48,41.0,1,2.109375,327.627259,21.506956,0.0,2,true,true,fine_grid,false,governance.selection=pressure_max_under_constraints;seed=continuation
-0.25,independent_oracle,3c5f6b3c9bd535cff7657364dadb2efc31f2ea48,41.0,1,2.115625,327.762698,21.507651,0.0,2,true,true,fine_grid,false,governance.selection=pressure_max_under_constraints;seed=continuation
-0.25,independent_oracle,3c5f6b3c9bd535cff7657364dadb2efc31f2ea48,41.0,1,2.121875,327.901745,21.508368,0.0,2,true,true,fine_grid,false,governance.selection=pressure_max_under_constraints;seed=continuation
-0.25,independent_oracle,3c5f6b3c9bd535cff7657364dadb2efc31f2ea48,41.0,1,2.128125,328.044322,21.509105,0.0,2,true,true,fine_grid,false,governance.selection=pressure_max_under_constraints;seed=continuation
-0.25,independent_oracle,3c5f6b3c9bd535cff7657364dadb2efc31f2ea48,41.0,1,2.134375,328.190349,21.509862,0.0,2,true,true,fine_grid,false,governance.selection=pressure_max_under_constraints;seed=continuation
-0.25,independent_oracle,3c5f6b3c9bd535cff7657364dadb2efc31f2ea48,41.0,1,2.140625,328.339748,21.510639,0.0,2,true,true,fine_grid,false,governance.selection=pressure_max_under_constraints;seed=continuation
-0.25,independent_oracle,3c5f6b3c9bd535cff7657364dadb2efc31f2ea48,41.0,1,2.146875,328.492442,21.511435,0.0,2,true,true,fine_grid,false,governance.selection=pressure_max_under_constraints;seed=continuation
-0.25,independent_oracle,3c5f6b3c9bd535cff7657364dadb2efc31f2ea48,41.0,1,2.153125,328.648349,21.512251,0.0,2,true,true,fine_grid,false,governance.selection=pressure_max_under_constraints;seed=continuation
-0.25,independent_oracle,3c5f6b3c9bd535cff7657364dadb2efc31f2ea48,41.0,1,2.159375,328.807394,21.513085,0.0,2,true,true,fine_grid,false,governance.selection=pressure_max_under_constraints;seed=continuation
-0.25,independent_oracle,3c5f6b3c9bd535cff7657364dadb2efc31f2ea48,41.0,1,2.165625,328.969496,21.513938,0.0,2,true,true,fine_grid,false,governance.selection=pressure_max_under_constraints;seed=continuation
-0.25,independent_oracle,3c5f6b3c9bd535cff7657364dadb2efc31f2ea48,41.0,1,2.171875,329.134578,21.514808,0.0,2,true,true,fine_grid,false,governance.selection=pressure_max_under_constraints;seed=continuation
-0.25,independent_oracle,3c5f6b3c9bd535cff7657364dadb2efc31f2ea48,41.0,1,2.178125,329.302563,21.515697,0.0,2,true,true,fine_grid,false,governance.selection=pressure_max_under_constraints;seed=continuation
-0.25,independent_oracle,3c5f6b3c9bd535cff7657364dadb2efc31f2ea48,41.0,1,2.184375,329.473375,21.516604,0.0,2,true,true,fine_grid,false,governance.selection=pressure_max_under_constraints;seed=continuation
-0.25,independent_oracle,3c5f6b3c9bd535cff7657364dadb2efc31f2ea48,41.0,1,2.190625,329.646937,21.517527,0.0,2,true,true,fine_grid,false,governance.selection=pressure_max_under_constraints;seed=continuation
-0.25,independent_oracle,3c5f6b3c9bd535cff7657364dadb2efc31f2ea48,41.0,1,2.196875,329.823174,21.518468,0.0,2,true,true,fine_grid,false,governance.selection=pressure_max_under_constraints;seed=continuation
-0.25,independent_oracle,3c5f6b3c9bd535cff7657364dadb2efc31f2ea48,41.0,1,2.203125,330.002012,21.519425,0.0,2,true,true,fine_grid,false,governance.selection=pressure_max_under_constraints;seed=continuation
-0.25,independent_oracle,3c5f6b3c9bd535cff7657364dadb2efc31f2ea48,41.0,1,2.209375,330.183379,21.520398,0.0,2,true,true,fine_grid,false,governance.selection=pressure_max_under_constraints;seed=continuation
-0.25,independent_oracle,3c5f6b3c9bd535cff7657364dadb2efc31f2ea48,41.0,1,2.215625,330.367201,21.521387,0.0,2,true,true,fine_grid,false,governance.selection=pressure_max_under_constraints;seed=continuation
-0.25,independent_oracle,3c5f6b3c9bd535cff7657364dadb2efc31f2ea48,41.0,1,2.221875,330.553407,21.522392,0.0,2,true,true,fine_grid,false,governance.selection=pressure_max_under_constraints;seed=continuation
-0.25,independent_oracle,3c5f6b3c9bd535cff7657364dadb2efc31f2ea48,41.0,1,2.228125,330.741928,21.523413,0.0,2,true,true,fine_grid,false,governance.selection=pressure_max_under_constraints;seed=continuation
-0.25,independent_oracle,3c5f6b3c9bd535cff7657364dadb2efc31f2ea48,41.0,1,2.234375,330.932696,21.524448,0.0,2,true,true,fine_grid,false,governance.selection=pressure_max_under_constraints;seed=continuation
-0.25,independent_oracle,3c5f6b3c9bd535cff7657364dadb2efc31f2ea48,41.0,1,2.240625,331.125641,21.525498,0.0,2,true,true,fine_grid,false,governance.selection=pressure_max_under_constraints;seed=continuation
-0.25,independent_oracle,3c5f6b3c9bd535cff7657364dadb2efc31f2ea48,41.0,1,2.246875,331.320698,21.526563,0.0,2,true,true,fine_grid,false,governance.selection=pressure_max_under_constraints;seed=continuation
-0.25,independent_oracle,3c5f6b3c9bd535cff7657364dadb2efc31f2ea48,41.0,1,2.253125,331.517802,21.527642,0.0,2,true,true,fine_grid,false,governance.selection=pressure_max_under_constraints;seed=continuation
-0.25,independent_oracle,3c5f6b3c9bd535cff7657364dadb2efc31f2ea48,41.0,1,2.259375,331.716889,21.528734,0.0,2,true,true,fine_grid,false,governance.selection=pressure_max_under_constraints;seed=continuation
-0.25,independent_oracle,3c5f6b3c9bd535cff7657364dadb2efc31f2ea48,41.0,1,2.265625,331.917897,21.52984,0.0,2,true,true,fine_grid,false,governance.selection=pressure_max_under_constraints;seed=continuation
-0.25,independent_oracle,3c5f6b3c9bd535cff7657364dadb2efc31f2ea48,41.0,1,2.271875,332.120764,21.53096,0.0,2,true,true,fine_grid,false,governance.selection=pressure_max_under_constraints;seed=continuation
-0.25,independent_oracle,3c5f6b3c9bd535cff7657364dadb2efc31f2ea48,41.0,1,2.278125,332.325431,21.532093,0.0,2,true,true,fine_grid,false,governance.selection=pressure_max_under_constraints;seed=continuation
-0.25,independent_oracle,3c5f6b3c9bd535cff7657364dadb2efc31f2ea48,41.0,1,2.284375,332.53184,21.533238,0.0,2,true,true,fine_grid,false,governance.selection=pressure_max_under_constraints;seed=continuation
-0.25,independent_oracle,3c5f6b3c9bd535cff7657364dadb2efc31f2ea48,41.0,1,2.290625,332.739932,21.534396,0.0,2,true,true,fine_grid,false,governance.selection=pressure_max_under_constraints;seed=continuation
-0.25,independent_oracle,3c5f6b3c9bd535cff7657364dadb2efc31f2ea48,41.0,1,2.296875,332.949653,21.535566,0.0,2,true,true,fine_grid,false,governance.selection=pressure_max_under_constraints;seed=continuation
-0.25,independent_oracle,3c5f6b3c9bd535cff7657364dadb2efc31f2ea48,41.0,1,2.303125,333.160948,21.536748,0.0,2,true,true,fine_grid,false,governance.selection=pressure_max_under_constraints;seed=continuation
-0.25,independent_oracle,3c5f6b3c9bd535cff7657364dadb2efc31f2ea48,41.0,1,2.309375,333.373763,21.537942,0.0,2,true,true,fine_grid,false,governance.selection=pressure_max_under_constraints;seed=continuation
-0.25,independent_oracle,3c5f6b3c9bd535cff7657364dadb2efc31f2ea48,41.0,1,2.315625,333.588048,21.539148,0.0,2,true,true,fine_grid,false,governance.selection=pressure_max_under_constraints;seed=continuation
-0.25,independent_oracle,3c5f6b3c9bd535cff7657364dadb2efc31f2ea48,41.0,1,2.321875,333.803751,21.540364,0.0,2,true,true,fine_grid,false,governance.selection=pressure_max_under_constraints;seed=continuation
-0.25,independent_oracle,3c5f6b3c9bd535cff7657364dadb2efc31f2ea48,41.0,1,2.328125,334.020824,21.541592,0.0,2,true,true,fine_grid,false,governance.selection=pressure_max_under_constraints;seed=continuation
-0.25,independent_oracle,3c5f6b3c9bd535cff7657364dadb2efc31f2ea48,41.0,1,2.334375,334.239218,21.54283,0.0,2,true,true,fine_grid,false,governance.selection=pressure_max_under_constraints;seed=continuation
-0.25,independent_oracle,3c5f6b3c9bd535cff7657364dadb2efc31f2ea48,41.0,1,2.340625,334.458887,21.544079,0.0,2,true,true,fine_grid,false,governance.selection=pressure_max_under_constraints;seed=continuation
-0.25,independent_oracle,3c5f6b3c9bd535cff7657364dadb2efc31f2ea48,41.0,1,2.346875,334.679785,21.545339,0.0,2,true,true,fine_grid,false,governance.selection=pressure_max_under_constraints;seed=continuation
-0.25,independent_oracle,3c5f6b3c9bd535cff7657364dadb2efc31f2ea48,41.0,1,2.353125,334.901869,21.546608,0.0,2,true,true,fine_grid,false,governance.selection=pressure_max_under_constraints;seed=continuation
-0.25,independent_oracle,3c5f6b3c9bd535cff7657364dadb2efc31f2ea48,41.0,1,2.359375,335.125094,21.547888,0.0,2,true,true,fine_grid,false,governance.selection=pressure_max_under_constraints;seed=continuation
-0.25,independent_oracle,3c5f6b3c9bd535cff7657364dadb2efc31f2ea48,41.0,1,2.365625,335.349421,21.549177,0.0,2,true,true,fine_grid,false,governance.selection=pressure_max_under_constraints;seed=continuation
-0.25,independent_oracle,3c5f6b3c9bd535cff7657364dadb2efc31f2ea48,41.0,1,2.371875,335.574807,21.550476,0.0,2,true,true,fine_grid,false,governance.selection=pressure_max_under_constraints;seed=continuation
-0.25,independent_oracle,3c5f6b3c9bd535cff7657364dadb2efc31f2ea48,41.0,1,2.378125,335.801213,21.551784,0.0,2,true,true,fine_grid,false,governance.selection=pressure_max_under_constraints;seed=continuation
-0.25,independent_oracle,3c5f6b3c9bd535cff7657364dadb2efc31f2ea48,41.0,1,2.384375,336.028602,21.553101,0.0,2,true,true,fine_grid,false,governance.selection=pressure_max_under_constraints;seed=continuation
-0.25,independent_oracle,3c5f6b3c9bd535cff7657364dadb2efc31f2ea48,41.0,1,2.390625,336.256935,21.554427,0.0,2,true,true,fine_grid,false,governance.selection=pressure_max_under_constraints;seed=continuation
-0.25,independent_oracle,3c5f6b3c9bd535cff7657364dadb2efc31f2ea48,41.0,1,2.396875,336.486176,21.555762,0.0,2,true,true,fine_grid,false,governance.selection=pressure_max_under_constraints;seed=continuation
-0.25,independent_oracle,3c5f6b3c9bd535cff7657364dadb2efc31f2ea48,41.0,1,2.403125,336.716291,21.557105,0.0,2,true,true,fine_grid,false,governance.selection=pressure_max_under_constraints;seed=continuation
-0.25,independent_oracle,3c5f6b3c9bd535cff7657364dadb2efc31f2ea48,41.0,1,2.409375,336.947244,21.558457,0.0,2,true,true,fine_grid,false,governance.selection=pressure_max_under_constraints;seed=continuation
-0.25,independent_oracle,3c5f6b3c9bd535cff7657364dadb2efc31f2ea48,41.0,1,2.415625,337.179004,21.559817,0.0,2,true,true,fine_grid,false,governance.selection=pressure_max_under_constraints;seed=continuation
-0.25,independent_oracle,3c5f6b3c9bd535cff7657364dadb2efc31f2ea48,41.0,1,2.421875,337.411537,21.561185,0.0,2,true,true,fine_grid,false,governance.selection=pressure_max_under_constraints;seed=continuation
-0.25,independent_oracle,3c5f6b3c9bd535cff7657364dadb2efc31f2ea48,41.0,1,2.428125,337.644813,21.562561,0.0,2,true,true,fine_grid,false,governance.selection=pressure_max_under_constraints;seed=continuation
-0.25,independent_oracle,3c5f6b3c9bd535cff7657364dadb2efc31f2ea48,41.0,1,2.434375,337.878801,21.563945,0.0,2,true,true,fine_grid,false,governance.selection=pressure_max_under_constraints;seed=continuation
-0.25,independent_oracle,3c5f6b3c9bd535cff7657364dadb2efc31f2ea48,41.0,1,2.440625,338.113472,21.565336,0.0,2,true,true,fine_grid,false,governance.selection=pressure_max_under_constraints;seed=continuation
-0.25,independent_oracle,3c5f6b3c9bd535cff7657364dadb2efc31f2ea48,41.0,1,2.446875,338.348796,21.566735,0.0,2,true,true,fine_grid,false,governance.selection=pressure_max_under_constraints;seed=continuation
-0.25,independent_oracle,3c5f6b3c9bd535cff7657364dadb2efc31f2ea48,41.0,1,2.453125,338.584747,21.568141,0.0,2,true,true,fine_grid,false,governance.selection=pressure_max_under_constraints;seed=continuation
-0.25,independent_oracle,3c5f6b3c9bd535cff7657364dadb2efc31f2ea48,41.0,1,2.459375,338.821298,21.569555,0.0,2,true,true,fine_grid,false,governance.selection=pressure_max_under_constraints;seed=continuation
-0.25,independent_oracle,3c5f6b3c9bd535cff7657364dadb2efc31f2ea48,41.0,1,2.465625,339.058422,21.570975,0.0,2,true,true,fine_grid,false,governance.selection=pressure_max_under_constraints;seed=continuation
-0.25,independent_oracle,3c5f6b3c9bd535cff7657364dadb2efc31f2ea48,41.0,1,2.471875,339.296094,21.572402,0.0,2,true,true,fine_grid,false,governance.selection=pressure_max_under_constraints;seed=continuation
-0.25,independent_oracle,3c5f6b3c9bd535cff7657364dadb2efc31f2ea48,41.0,1,2.478125,339.53429,21.573836,0.0,2,true,true,fine_grid,false,governance.selection=pressure_max_under_constraints;seed=continuation
-0.25,independent_oracle,3c5f6b3c9bd535cff7657364dadb2efc31f2ea48,41.0,1,2.484375,339.772985,21.575277,0.0,2,true,true,fine_grid,false,governance.selection=pressure_max_under_constraints;seed=continuation
-0.25,independent_oracle,3c5f6b3c9bd535cff7657364dadb2efc31f2ea48,41.0,1,2.490625,340.012158,21.576724,0.0,2,true,true,fine_grid,false,governance.selection=pressure_max_under_constraints;seed=continuation
-0.25,independent_oracle,3c5f6b3c9bd535cff7657364dadb2efc31f2ea48,41.0,1,2.496875,340.251785,21.578178,0.0,2,true,true,fine_grid,false,governance.selection=pressure_max_under_constraints;seed=continuation
-0.25,independent_oracle,3c5f6b3c9bd535cff7657364dadb2efc31f2ea48,41.0,1,2.503125,340.491844,21.579638,0.0,2,true,true,fine_grid,false,governance.selection=pressure_max_under_constraints;seed=continuation
-0.25,independent_oracle,3c5f6b3c9bd535cff7657364dadb2efc31f2ea48,41.0,1,2.509375,340.732316,21.581104,0.0,2,true,true,fine_grid,false,governance.selection=pressure_max_under_constraints;seed=continuation
-0.25,independent_oracle,3c5f6b3c9bd535cff7657364dadb2efc31f2ea48,41.0,1,2.515625,340.973178,21.582576,0.0,2,true,true,fine_grid,false,governance.selection=pressure_max_under_constraints;seed=continuation
-0.25,independent_oracle,3c5f6b3c9bd535cff7657364dadb2efc31f2ea48,41.0,1,2.521875,341.214412,21.584054,0.0,2,true,true,fine_grid,false,governance.selection=pressure_max_under_constraints;seed=continuation
-0.25,independent_oracle,3c5f6b3c9bd535cff7657364dadb2efc31f2ea48,41.0,1,2.528125,341.455999,21.585538,0.0,2,true,true,fine_grid,false,governance.selection=pressure_max_under_constraints;seed=continuation
-0.25,independent_oracle,3c5f6b3c9bd535cff7657364dadb2efc31f2ea48,41.0,1,2.534375,341.69792,21.587027,0.0,2,true,true,fine_grid,false,governance.selection=pressure_max_under_constraints;seed=continuation
-0.25,independent_oracle,3c5f6b3c9bd535cff7657364dadb2efc31f2ea48,41.0,1,2.540625,341.940156,21.588523,0.0,2,true,true,fine_grid,false,governance.selection=pressure_max_under_constraints;seed=continuation
-0.25,independent_oracle,3c5f6b3c9bd535cff7657364dadb2efc31f2ea48,41.0,1,2.546875,342.182691,21.590023,0.0,2,true,true,fine_grid,false,governance.selection=pressure_max_under_constraints;seed=continuation
-0.25,independent_oracle,3c5f6b3c9bd535cff7657364dadb2efc31f2ea48,41.0,1,2.553125,342.425507,21.591529,0.0,2,true,true,fine_grid,false,governance.selection=pressure_max_under_constraints;seed=continuation
-0.25,independent_oracle,3c5f6b3c9bd535cff7657364dadb2efc31f2ea48,41.0,1,2.559375,342.668588,21.593041,0.0,2,true,true,fine_grid,false,governance.selection=pressure_max_under_constraints;seed=continuation
-0.25,independent_oracle,3c5f6b3c9bd535cff7657364dadb2efc31f2ea48,41.0,1,2.565625,342.911919,21.594558,0.0,2,true,true,fine_grid,false,governance.selection=pressure_max_under_constraints;seed=continuation
-0.25,independent_oracle,3c5f6b3c9bd535cff7657364dadb2efc31f2ea48,41.0,1,2.571875,343.155483,21.59608,0.0,2,true,true,fine_grid,false,governance.selection=pressure_max_under_constraints;seed=continuation
-0.25,independent_oracle,3c5f6b3c9bd535cff7657364dadb2efc31f2ea48,41.0,1,2.578125,343.399266,21.597607,0.0,2,true,true,fine_grid,false,governance.selection=pressure_max_under_constraints;seed=continuation
-0.25,independent_oracle,3c5f6b3c9bd535cff7657364dadb2efc31f2ea48,41.0,1,2.584375,343.643254,21.599139,0.0,2,true,true,fine_grid,false,governance.selection=pressure_max_under_constraints;seed=continuation
-0.25,independent_oracle,3c5f6b3c9bd535cff7657364dadb2efc31f2ea48,41.0,1,2.590625,343.887431,21.600675,0.0,2,true,true,fine_grid,false,governance.selection=pressure_max_under_constraints;seed=continuation
-0.25,independent_oracle,3c5f6b3c9bd535cff7657364dadb2efc31f2ea48,41.0,1,2.596875,344.131786,21.602217,0.0,2,true,true,fine_grid,false,governance.selection=pressure_max_under_constraints;seed=continuation
-0.25,independent_oracle,3c5f6b3c9bd535cff7657364dadb2efc31f2ea48,41.0,1,2.603125,344.376304,21.603764,0.0,2,true,true,fine_grid,false,governance.selection=pressure_max_under_constraints;seed=continuation
-0.25,independent_oracle,3c5f6b3c9bd535cff7657364dadb2efc31f2ea48,41.0,1,2.609375,344.620972,21.605315,0.0,2,true,true,fine_grid,false,governance.selection=pressure_max_under_constraints;seed=continuation
-0.25,independent_oracle,3c5f6b3c9bd535cff7657364dadb2efc31f2ea48,41.0,1,2.615625,344.865779,21.606871,0.0,2,true,true,fine_grid,false,governance.selection=pressure_max_under_constraints;seed=continuation
-0.25,independent_oracle,3c5f6b3c9bd535cff7657364dadb2efc31f2ea48,41.0,1,2.621875,345.110713,21.608431,0.0,2,true,true,fine_grid,false,governance.selection=pressure_max_under_constraints;seed=continuation
-0.25,independent_oracle,3c5f6b3c9bd535cff7657364dadb2efc31f2ea48,41.0,1,2.628125,345.355761,21.609996,0.0,2,true,true,fine_grid,false,governance.selection=pressure_max_under_constraints;seed=continuation
-0.25,independent_oracle,3c5f6b3c9bd535cff7657364dadb2efc31f2ea48,41.0,1,2.634375,345.600912,21.611565,0.0,2,true,true,fine_grid,false,governance.selection=pressure_max_under_constraints;seed=continuation
-0.25,independent_oracle,3c5f6b3c9bd535cff7657364dadb2efc31f2ea48,41.0,1,2.640625,345.846156,21.613138,0.0,2,true,true,fine_grid,false,governance.selection=pressure_max_under_constraints;seed=continuation
-0.25,independent_oracle,3c5f6b3c9bd535cff7657364dadb2efc31f2ea48,41.0,1,2.646875,346.091482,21.614716,0.0,2,true,true,fine_grid,false,governance.selection=pressure_max_under_constraints;seed=continuation
-0.25,independent_oracle,3c5f6b3c9bd535cff7657364dadb2efc31f2ea48,41.0,1,2.653125,346.336879,21.616298,0.0,2,true,true,fine_grid,false,governance.selection=pressure_max_under_constraints;seed=continuation
-0.25,independent_oracle,3c5f6b3c9bd535cff7657364dadb2efc31f2ea48,41.0,1,2.659375,346.582338,21.617884,0.0,2,true,true,fine_grid,false,governance.selection=pressure_max_under_constraints;seed=continuation
-0.25,independent_oracle,3c5f6b3c9bd535cff7657364dadb2efc31f2ea48,41.0,1,2.665625,346.827849,21.619474,0.0,2,true,true,fine_grid,false,governance.selection=pressure_max_under_constraints;seed=continuation
-0.25,independent_oracle,3c5f6b3c9bd535cff7657364dadb2efc31f2ea48,41.0,1,2.671875,347.073402,21.621068,0.0,2,true,true,fine_grid,false,governance.selection=pressure_max_under_constraints;seed=continuation
-0.25,independent_oracle,3c5f6b3c9bd535cff7657364dadb2efc31f2ea48,41.0,1,2.678125,347.318989,21.622666,0.0,2,true,true,fine_grid,false,governance.selection=pressure_max_under_constraints;seed=continuation
-0.25,independent_oracle,3c5f6b3c9bd535cff7657364dadb2efc31f2ea48,41.0,1,2.684375,347.564601,21.624268,0.0,2,true,true,fine_grid,false,governance.selection=pressure_max_under_constraints;seed=continuation
-0.25,independent_oracle,3c5f6b3c9bd535cff7657364dadb2efc31f2ea48,41.0,1,2.690625,347.810229,21.625873,0.0,2,true,true,fine_grid,false,governance.selection=pressure_max_under_constraints;seed=continuation
-0.25,independent_oracle,3c5f6b3c9bd535cff7657364dadb2efc31f2ea48,41.0,1,2.696875,348.055865,21.627483,0.0,2,true,true,fine_grid,false,governance.selection=pressure_max_under_constraints;seed=continuation
-0.25,independent_oracle,3c5f6b3c9bd535cff7657364dadb2efc31f2ea48,41.0,1,2.703125,348.301501,21.629096,0.0,2,true,true,fine_grid,false,governance.selection=pressure_max_under_constraints;seed=continuation
-0.25,independent_oracle,3c5f6b3c9bd535cff7657364dadb2efc31f2ea48,41.0,1,2.709375,348.547129,21.630713,0.0,2,true,true,fine_grid,false,governance.selection=pressure_max_under_constraints;seed=continuation
-0.25,independent_oracle,3c5f6b3c9bd535cff7657364dadb2efc31f2ea48,41.0,1,2.715625,348.792741,21.632334,0.0,2,true,true,fine_grid,false,governance.selection=pressure_max_under_constraints;seed=continuation
-0.25,independent_oracle,3c5f6b3c9bd535cff7657364dadb2efc31f2ea48,41.0,1,2.721875,349.038331,21.633958,0.0,2,true,true,fine_grid,false,governance.selection=pressure_max_under_constraints;seed=continuation
-0.25,independent_oracle,3c5f6b3c9bd535cff7657364dadb2efc31f2ea48,41.0,1,2.728125,349.283891,21.635586,0.0,2,true,true,fine_grid,false,governance.selection=pressure_max_under_constraints;seed=continuation
-0.25,independent_oracle,3c5f6b3c9bd535cff7657364dadb2efc31f2ea48,41.0,1,2.734375,349.529414,21.637217,0.0,2,true,true,fine_grid,false,governance.selection=pressure_max_under_constraints;seed=continuation
-0.25,independent_oracle,3c5f6b3c9bd535cff7657364dadb2efc31f2ea48,41.0,1,2.740625,349.774895,21.638852,0.0,2,true,true,fine_grid,false,governance.selection=pressure_max_under_constraints;seed=continuation
-0.25,independent_oracle,3c5f6b3c9bd535cff7657364dadb2efc31f2ea48,41.0,1,2.746875,350.020325,21.64049,0.0,2,true,true,fine_grid,false,governance.selection=pressure_max_under_constraints;seed=continuation
-0.25,independent_oracle,3c5f6b3c9bd535cff7657364dadb2efc31f2ea48,41.0,1,2.753125,350.265699,21.642131,0.0,2,true,true,fine_grid,false,governance.selection=pressure_max_under_constraints;seed=continuation
-0.25,independent_oracle,3c5f6b3c9bd535cff7657364dadb2efc31f2ea48,41.0,1,2.759375,350.511012,21.643776,0.0,2,true,true,fine_grid,false,governance.selection=pressure_max_under_constraints;seed=continuation
-0.25,independent_oracle,3c5f6b3c9bd535cff7657364dadb2efc31f2ea48,41.0,1,2.765625,350.756256,21.645424,0.0,2,true,true,fine_grid,false,governance.selection=pressure_max_under_constraints;seed=continuation
-0.25,independent_oracle,3c5f6b3c9bd535cff7657364dadb2efc31f2ea48,41.0,1,2.771875,351.001427,21.647075,0.0,2,true,true,fine_grid,false,governance.selection=pressure_max_under_constraints;seed=continuation
-0.25,independent_oracle,3c5f6b3c9bd535cff7657364dadb2efc31f2ea48,41.0,1,2.778125,351.246519,21.648729,0.0,2,true,true,fine_grid,false,governance.selection=pressure_max_under_constraints;seed=continuation
-0.25,independent_oracle,3c5f6b3c9bd535cff7657364dadb2efc31f2ea48,41.0,1,2.784375,351.491527,21.650387,0.0,2,true,true,fine_grid,false,governance.selection=pressure_max_under_constraints;seed=continuation
-0.25,independent_oracle,3c5f6b3c9bd535cff7657364dadb2efc31f2ea48,41.0,1,2.790625,351.736444,21.652048,0.0,2,true,true,fine_grid,false,governance.selection=pressure_max_under_constraints;seed=continuation
-0.25,independent_oracle,3c5f6b3c9bd535cff7657364dadb2efc31f2ea48,41.0,1,2.796875,351.981267,21.653711,0.0,2,true,true,fine_grid,false,governance.selection=pressure_max_under_constraints;seed=continuation
-0.25,independent_oracle,3c5f6b3c9bd535cff7657364dadb2efc31f2ea48,41.0,1,2.803125,352.225991,21.655378,0.0,2,true,true,fine_grid,false,governance.selection=pressure_max_under_constraints;seed=continuation
-0.25,independent_oracle,3c5f6b3c9bd535cff7657364dadb2efc31f2ea48,41.0,1,2.809375,352.47061,21.657048,0.0,2,true,true,fine_grid,false,governance.selection=pressure_max_under_constraints;seed=continuation
-0.25,independent_oracle,3c5f6b3c9bd535cff7657364dadb2efc31f2ea48,41.0,1,2.815625,352.715121,21.658721,0.0,2,true,true,fine_grid,false,governance.selection=pressure_max_under_constraints;seed=continuation
-0.25,independent_oracle,3c5f6b3c9bd535cff7657364dadb2efc31f2ea48,41.0,1,2.821875,352.959518,21.660397,0.0,2,true,true,fine_grid,false,governance.selection=pressure_max_under_constraints;seed=continuation
-0.25,independent_oracle,3c5f6b3c9bd535cff7657364dadb2efc31f2ea48,41.0,1,2.828125,353.203798,21.662075,0.0,2,true,true,fine_grid,false,governance.selection=pressure_max_under_constraints;seed=continuation
-0.25,independent_oracle,3c5f6b3c9bd535cff7657364dadb2efc31f2ea48,41.0,1,2.834375,353.447956,21.663757,0.0,2,true,true,fine_grid,false,governance.selection=pressure_max_under_constraints;seed=continuation
-0.25,independent_oracle,3c5f6b3c9bd535cff7657364dadb2efc31f2ea48,41.0,1,2.840625,353.691988,21.665441,0.0,2,true,true,fine_grid,false,governance.selection=pressure_max_under_constraints;seed=continuation
-0.25,independent_oracle,3c5f6b3c9bd535cff7657364dadb2efc31f2ea48,41.0,1,2.846875,353.935891,21.667128,0.0,2,true,true,fine_grid,false,governance.selection=pressure_max_under_constraints;seed=continuation
-0.25,independent_oracle,3c5f6b3c9bd535cff7657364dadb2efc31f2ea48,41.0,1,2.853125,354.17966,21.668818,0.0,2,true,true,fine_grid,false,governance.selection=pressure_max_under_constraints;seed=continuation
-0.25,independent_oracle,3c5f6b3c9bd535cff7657364dadb2efc31f2ea48,41.0,1,2.859375,354.423292,21.670511,0.0,2,true,true,fine_grid,false,governance.selection=pressure_max_under_constraints;seed=continuation
-0.25,independent_oracle,3c5f6b3c9bd535cff7657364dadb2efc31f2ea48,41.0,1,2.865625,354.666784,21.672207,0.0,2,true,true,fine_grid,false,governance.selection=pressure_max_under_constraints;seed=continuation
-0.25,independent_oracle,3c5f6b3c9bd535cff7657364dadb2efc31f2ea48,41.0,1,2.871875,354.910131,21.673905,0.0,2,true,true,fine_grid,false,governance.selection=pressure_max_under_constraints;seed=continuation
-0.25,independent_oracle,3c5f6b3c9bd535cff7657364dadb2efc31f2ea48,41.0,1,2.878125,355.153331,21.675605,0.0,2,true,true,fine_grid,false,governance.selection=pressure_max_under_constraints;seed=continuation
-0.25,independent_oracle,3c5f6b3c9bd535cff7657364dadb2efc31f2ea48,41.0,1,2.884375,355.39638,21.677309,0.0,2,true,true,fine_grid,false,governance.selection=pressure_max_under_constraints;seed=continuation
-0.25,independent_oracle,3c5f6b3c9bd535cff7657364dadb2efc31f2ea48,41.0,1,2.890625,355.639276,21.679015,0.0,2,true,true,fine_grid,false,governance.selection=pressure_max_under_constraints;seed=continuation
-0.25,independent_oracle,3c5f6b3c9bd535cff7657364dadb2efc31f2ea48,41.0,1,2.896875,355.882014,21.680724,0.0,2,true,true,fine_grid,false,governance.selection=pressure_max_under_constraints;seed=continuation
-0.25,independent_oracle,3c5f6b3c9bd535cff7657364dadb2efc31f2ea48,41.0,1,2.903125,356.124593,21.682435,0.0,2,true,true,fine_grid,false,governance.selection=pressure_max_under_constraints;seed=continuation
-0.25,independent_oracle,3c5f6b3c9bd535cff7657364dadb2efc31f2ea48,41.0,1,2.909375,356.36701,21.684149,0.0,2,true,true,fine_grid,false,governance.selection=pressure_max_under_constraints;seed=continuation
-0.25,independent_oracle,3c5f6b3c9bd535cff7657364dadb2efc31f2ea48,41.0,1,2.915625,356.60926,21.685865,0.0,2,true,true,fine_grid,false,governance.selection=pressure_max_under_constraints;seed=continuation
-0.25,independent_oracle,3c5f6b3c9bd535cff7657364dadb2efc31f2ea48,41.0,1,2.921875,356.851343,21.687584,0.0,2,true,true,fine_grid,false,governance.selection=pressure_max_under_constraints;seed=continuation
-0.25,independent_oracle,3c5f6b3c9bd535cff7657364dadb2efc31f2ea48,41.0,1,2.928125,357.093256,21.689305,0.0,2,true,true,fine_grid,false,governance.selection=pressure_max_under_constraints;seed=continuation
-0.25,independent_oracle,3c5f6b3c9bd535cff7657364dadb2efc31f2ea48,41.0,1,2.934375,357.334995,21.691029,0.0,2,true,true,fine_grid,false,governance.selection=pressure_max_under_constraints;seed=continuation
-0.25,independent_oracle,3c5f6b3c9bd535cff7657364dadb2efc31f2ea48,41.0,1,2.940625,357.576559,21.692755,0.0,2,true,true,fine_grid,false,governance.selection=pressure_max_under_constraints;seed=continuation
-0.25,independent_oracle,3c5f6b3c9bd535cff7657364dadb2efc31f2ea48,41.0,1,2.946875,357.817945,21.694483,0.0,2,true,true,fine_grid,false,governance.selection=pressure_max_under_constraints;seed=continuation
-0.25,independent_oracle,3c5f6b3c9bd535cff7657364dadb2efc31f2ea48,41.0,1,2.953125,358.05915,21.696214,0.0,2,true,true,fine_grid,false,governance.selection=pressure_max_under_constraints;seed=continuation
-0.25,independent_oracle,3c5f6b3c9bd535cff7657364dadb2efc31f2ea48,41.0,1,2.959375,358.300174,21.697947,0.0,2,true,true,fine_grid,false,governance.selection=pressure_max_under_constraints;seed=continuation
-0.25,independent_oracle,3c5f6b3c9bd535cff7657364dadb2efc31f2ea48,41.0,1,2.965625,358.541013,21.699683,0.0,2,true,true,fine_grid,false,governance.selection=pressure_max_under_constraints;seed=continuation
-0.25,independent_oracle,3c5f6b3c9bd535cff7657364dadb2efc31f2ea48,41.0,1,2.971875,358.781666,21.701421,0.0,2,true,true,fine_grid,false,governance.selection=pressure_max_under_constraints;seed=continuation
-0.25,independent_oracle,3c5f6b3c9bd535cff7657364dadb2efc31f2ea48,41.0,1,2.978125,359.02213,21.703161,0.0,2,true,true,fine_grid,false,governance.selection=pressure_max_under_constraints;seed=continuation
-0.25,independent_oracle,3c5f6b3c9bd535cff7657364dadb2efc31f2ea48,41.0,1,2.984375,359.262404,21.704903,0.0,2,true,true,fine_grid,false,governance.selection=pressure_max_under_constraints;seed=continuation
-0.25,independent_oracle,3c5f6b3c9bd535cff7657364dadb2efc31f2ea48,41.0,1,2.990625,359.502485,21.706648,0.0,2,true,true,fine_grid,false,governance.selection=pressure_max_under_constraints;seed=continuation
-0.25,independent_oracle,3c5f6b3c9bd535cff7657364dadb2efc31f2ea48,41.0,1,2.996875,359.742373,21.708395,0.0,2,true,true,fine_grid,false,governance.selection=pressure_max_under_constraints;seed=continuation
-0.25,independent_oracle,3c5f6b3c9bd535cff7657364dadb2efc31f2ea48,41.0,1,3.003125,359.982065,21.710144,0.0,2,true,true,fine_grid,false,governance.selection=pressure_max_under_constraints;seed=continuation
-0.25,independent_oracle,3c5f6b3c9bd535cff7657364dadb2efc31f2ea48,41.0,1,3.009375,360.221559,21.711895,0.0,2,true,true,fine_grid,false,governance.selection=pressure_max_under_constraints;seed=continuation
-0.25,independent_oracle,3c5f6b3c9bd535cff7657364dadb2efc31f2ea48,41.0,1,3.015625,360.460855,21.713649,0.0,2,true,true,fine_grid,false,governance.selection=pressure_max_under_constraints;seed=continuation
-0.25,independent_oracle,3c5f6b3c9bd535cff7657364dadb2efc31f2ea48,41.0,1,3.021875,360.69995,21.715405,0.0,2,true,true,fine_grid,false,governance.selection=pressure_max_under_constraints;seed=continuation
-0.25,independent_oracle,3c5f6b3c9bd535cff7657364dadb2efc31f2ea48,41.0,1,3.028125,360.938843,21.717163,0.0,2,true,true,fine_grid,false,governance.selection=pressure_max_under_constraints;seed=continuation
-0.25,independent_oracle,3c5f6b3c9bd535cff7657364dadb2efc31f2ea48,41.0,1,3.034375,361.177532,21.718923,0.0,2,true,true,fine_grid,false,governance.selection=pressure_max_under_constraints;seed=continuation
-0.25,independent_oracle,3c5f6b3c9bd535cff7657364dadb2efc31f2ea48,41.0,1,3.040625,361.416016,21.720685,0.0,2,true,true,fine_grid,false,governance.selection=pressure_max_under_constraints;seed=continuation
-0.25,independent_oracle,3c5f6b3c9bd535cff7657364dadb2efc31f2ea48,41.0,1,3.046875,361.654294,21.722449,0.0,2,true,true,fine_grid,false,governance.selection=pressure_max_under_constraints;seed=continuation
-0.25,independent_oracle,3c5f6b3c9bd535cff7657364dadb2efc31f2ea48,41.0,1,3.053125,361.892365,21.724215,0.0,2,true,true,fine_grid,false,governance.selection=pressure_max_under_constraints;seed=continuation
-0.25,independent_oracle,3c5f6b3c9bd535cff7657364dadb2efc31f2ea48,41.0,1,3.059375,362.130226,21.725983,0.0,2,true,true,fine_grid,false,governance.selection=pressure_max_under_constraints;seed=continuation
-0.25,independent_oracle,3c5f6b3c9bd535cff7657364dadb2efc31f2ea48,41.0,1,3.065625,362.367878,21.727754,0.0,2,true,true,fine_grid,false,governance.selection=pressure_max_under_constraints;seed=continuation
-0.25,independent_oracle,3c5f6b3c9bd535cff7657364dadb2efc31f2ea48,41.0,1,3.071875,362.605318,21.729526,0.0,2,true,true,fine_grid,false,governance.selection=pressure_max_under_constraints;seed=continuation
-0.25,independent_oracle,3c5f6b3c9bd535cff7657364dadb2efc31f2ea48,41.0,1,3.078125,362.842546,21.731301,0.0,2,true,true,fine_grid,false,governance.selection=pressure_max_under_constraints;seed=continuation
-0.25,independent_oracle,3c5f6b3c9bd535cff7657364dadb2efc31f2ea48,41.0,1,3.084375,363.079561,21.733077,0.0,2,true,true,fine_grid,false,governance.selection=pressure_max_under_constraints;seed=continuation
-0.25,independent_oracle,3c5f6b3c9bd535cff7657364dadb2efc31f2ea48,41.0,1,3.090625,363.316361,21.734856,0.0,2,true,true,fine_grid,false,governance.selection=pressure_max_under_constraints;seed=continuation
-0.25,independent_oracle,3c5f6b3c9bd535cff7657364dadb2efc31f2ea48,41.0,1,3.096875,363.552945,21.736636,0.0,2,true,true,fine_grid,false,governance.selection=pressure_max_under_constraints;seed=continuation
-0.25,independent_oracle,3c5f6b3c9bd535cff7657364dadb2efc31f2ea48,41.0,1,3.103125,363.789313,21.738419,0.0,2,true,true,fine_grid,false,governance.selection=pressure_max_under_constraints;seed=continuation
-0.25,independent_oracle,3c5f6b3c9bd535cff7657364dadb2efc31f2ea48,41.0,1,3.109375,364.025464,21.740203,0.0,2,true,true,fine_grid,false,governance.selection=pressure_max_under_constraints;seed=continuation
-0.25,independent_oracle,3c5f6b3c9bd535cff7657364dadb2efc31f2ea48,41.0,1,3.115625,364.261396,21.741989,0.0,2,true,true,fine_grid,false,governance.selection=pressure_max_under_constraints;seed=continuation
-0.25,independent_oracle,3c5f6b3c9bd535cff7657364dadb2efc31f2ea48,41.0,1,3.121875,364.49711,21.743777,0.0,2,true,true,fine_grid,false,governance.selection=pressure_max_under_constraints;seed=continuation
-0.25,independent_oracle,3c5f6b3c9bd535cff7657364dadb2efc31f2ea48,41.0,1,3.128125,364.732603,21.745568,0.0,2,true,true,fine_grid,false,governance.selection=pressure_max_under_constraints;seed=continuation
-0.25,independent_oracle,3c5f6b3c9bd535cff7657364dadb2efc31f2ea48,41.0,1,3.134375,364.967875,21.74736,0.0,2,true,true,fine_grid,false,governance.selection=pressure_max_under_constraints;seed=continuation
-0.25,independent_oracle,3c5f6b3c9bd535cff7657364dadb2efc31f2ea48,41.0,1,3.140625,365.202926,21.749153,0.0,2,true,true,fine_grid,false,governance.selection=pressure_max_under_constraints;seed=continuation
-0.25,independent_oracle,3c5f6b3c9bd535cff7657364dadb2efc31f2ea48,41.0,1,3.146875,365.437755,21.750949,0.0,2,true,true,fine_grid,false,governance.selection=pressure_max_under_constraints;seed=continuation
-0.25,independent_oracle,3c5f6b3c9bd535cff7657364dadb2efc31f2ea48,41.0,1,3.153125,365.672361,21.752747,0.0,2,true,true,fine_grid,false,governance.selection=pressure_max_under_constraints;seed=continuation
-0.25,independent_oracle,3c5f6b3c9bd535cff7657364dadb2efc31f2ea48,41.0,1,3.159375,365.906743,21.754546,0.0,2,true,true,fine_grid,false,governance.selection=pressure_max_under_constraints;seed=continuation
-0.25,independent_oracle,3c5f6b3c9bd535cff7657364dadb2efc31f2ea48,41.0,1,3.165625,366.140901,21.756348,0.0,2,true,true,fine_grid,false,governance.selection=pressure_max_under_constraints;seed=continuation
-0.25,independent_oracle,3c5f6b3c9bd535cff7657364dadb2efc31f2ea48,41.0,1,3.171875,366.374834,21.758151,0.0,2,true,true,fine_grid,false,governance.selection=pressure_max_under_constraints;seed=continuation
-0.25,independent_oracle,3c5f6b3c9bd535cff7657364dadb2efc31f2ea48,41.0,1,3.178125,366.608541,21.759956,0.0,2,true,true,fine_grid,false,governance.selection=pressure_max_under_constraints;seed=continuation
-0.25,independent_oracle,3c5f6b3c9bd535cff7657364dadb2efc31f2ea48,41.0,1,3.184375,366.842023,21.761763,0.0,2,true,true,fine_grid,false,governance.selection=pressure_max_under_constraints;seed=continuation
-0.25,independent_oracle,3c5f6b3c9bd535cff7657364dadb2efc31f2ea48,41.0,1,3.190625,367.075278,21.763571,0.0,2,true,true,fine_grid,false,governance.selection=pressure_max_under_constraints;seed=continuation
-0.25,independent_oracle,3c5f6b3c9bd535cff7657364dadb2efc31f2ea48,41.0,1,3.196875,367.308306,21.765382,0.0,2,true,true,fine_grid,false,governance.selection=pressure_max_under_constraints;seed=continuation
-0.25,independent_oracle,3c5f6b3c9bd535cff7657364dadb2efc31f2ea48,41.0,1,3.203125,367.541106,21.767194,0.0,2,true,true,fine_grid,false,governance.selection=pressure_max_under_constraints;seed=continuation
-0.25,independent_oracle,3c5f6b3c9bd535cff7657364dadb2efc31f2ea48,41.0,1,3.209375,367.773679,21.769008,0.0,2,true,true,fine_grid,false,governance.selection=pressure_max_under_constraints;seed=continuation
-0.25,independent_oracle,3c5f6b3c9bd535cff7657364dadb2efc31f2ea48,41.0,1,3.215625,368.006023,21.770823,0.0,2,true,true,fine_grid,false,governance.selection=pressure_max_under_constraints;seed=continuation
-0.25,independent_oracle,3c5f6b3c9bd535cff7657364dadb2efc31f2ea48,41.0,1,3.221875,368.238138,21.772641,0.0,2,true,true,fine_grid,false,governance.selection=pressure_max_under_constraints;seed=continuation
-0.25,independent_oracle,3c5f6b3c9bd535cff7657364dadb2efc31f2ea48,41.0,1,3.228125,368.470025,21.77446,0.0,2,true,true,fine_grid,false,governance.selection=pressure_max_under_constraints;seed=continuation
-0.25,independent_oracle,3c5f6b3c9bd535cff7657364dadb2efc31f2ea48,41.0,1,3.234375,368.701681,21.776281,0.0,2,true,true,fine_grid,false,governance.selection=pressure_max_under_constraints;seed=continuation
-0.25,independent_oracle,3c5f6b3c9bd535cff7657364dadb2efc31f2ea48,41.0,1,3.240625,368.933108,21.778103,0.0,2,true,true,fine_grid,false,governance.selection=pressure_max_under_constraints;seed=continuation
-0.25,independent_oracle,3c5f6b3c9bd535cff7657364dadb2efc31f2ea48,41.0,1,3.246875,369.164304,21.779927,0.0,2,true,true,fine_grid,false,governance.selection=pressure_max_under_constraints;seed=continuation
-0.25,independent_oracle,3c5f6b3c9bd535cff7657364dadb2efc31f2ea48,41.0,1,3.253125,369.39527,21.781753,0.0,2,true,true,fine_grid,false,governance.selection=pressure_max_under_constraints;seed=continuation
-0.25,independent_oracle,3c5f6b3c9bd535cff7657364dadb2efc31f2ea48,41.0,1,3.259375,369.626005,21.783581,0.0,2,true,true,fine_grid,false,governance.selection=pressure_max_under_constraints;seed=continuation
-0.25,independent_oracle,3c5f6b3c9bd535cff7657364dadb2efc31f2ea48,41.0,1,3.265625,369.856509,21.78541,0.0,2,true,true,fine_grid,false,governance.selection=pressure_max_under_constraints;seed=continuation
-0.25,independent_oracle,3c5f6b3c9bd535cff7657364dadb2efc31f2ea48,41.0,1,3.271875,370.086781,21.787241,0.0,2,true,true,fine_grid,false,governance.selection=pressure_max_under_constraints;seed=continuation
-0.25,independent_oracle,3c5f6b3c9bd535cff7657364dadb2efc31f2ea48,41.0,1,3.278125,370.316822,21.789074,0.0,2,true,true,fine_grid,false,governance.selection=pressure_max_under_constraints;seed=continuation
-0.25,independent_oracle,3c5f6b3c9bd535cff7657364dadb2efc31f2ea48,41.0,1,3.284375,370.546631,21.790908,0.0,2,true,true,fine_grid,false,governance.selection=pressure_max_under_constraints;seed=continuation
-0.25,independent_oracle,3c5f6b3c9bd535cff7657364dadb2efc31f2ea48,41.0,1,3.290625,370.776209,21.792744,0.0,2,true,true,fine_grid,false,governance.selection=pressure_max_under_constraints;seed=continuation
-0.25,independent_oracle,3c5f6b3c9bd535cff7657364dadb2efc31f2ea48,41.0,1,3.296875,371.005554,21.794581,0.0,2,true,true,fine_grid,false,governance.selection=pressure_max_under_constraints;seed=continuation
-0.25,independent_oracle,3c5f6b3c9bd535cff7657364dadb2efc31f2ea48,41.0,1,3.303125,371.234666,21.796421,0.0,2,true,true,fine_grid,false,governance.selection=pressure_max_under_constraints;seed=continuation
-0.25,independent_oracle,3c5f6b3c9bd535cff7657364dadb2efc31f2ea48,41.0,1,3.309375,371.463546,21.798261,0.0,2,true,true,fine_grid,false,governance.selection=pressure_max_under_constraints;seed=continuation
-0.25,independent_oracle,3c5f6b3c9bd535cff7657364dadb2efc31f2ea48,41.0,1,3.315625,371.692194,21.800104,0.0,2,true,true,fine_grid,false,governance.selection=pressure_max_under_constraints;seed=continuation
-0.25,independent_oracle,3c5f6b3c9bd535cff7657364dadb2efc31f2ea48,41.0,1,3.321875,371.920609,21.801948,0.0,2,true,true,fine_grid,false,governance.selection=pressure_max_under_constraints;seed=continuation
-0.25,independent_oracle,3c5f6b3c9bd535cff7657364dadb2efc31f2ea48,41.0,1,3.328125,372.148791,21.803793,0.0,2,true,true,fine_grid,false,governance.selection=pressure_max_under_constraints;seed=continuation
-0.25,independent_oracle,3c5f6b3c9bd535cff7657364dadb2efc31f2ea48,41.0,1,3.334375,372.376739,21.80564,0.0,2,true,true,fine_grid,false,governance.selection=pressure_max_under_constraints;seed=continuation
-0.25,independent_oracle,3c5f6b3c9bd535cff7657364dadb2efc31f2ea48,41.0,1,3.340625,372.604455,21.807489,0.0,2,true,true,fine_grid,false,governance.selection=pressure_max_under_constraints;seed=continuation
-0.25,independent_oracle,3c5f6b3c9bd535cff7657364dadb2efc31f2ea48,41.0,1,3.346875,372.831938,21.809339,0.0,2,true,true,fine_grid,false,governance.selection=pressure_max_under_constraints;seed=continuation
-0.25,independent_oracle,3c5f6b3c9bd535cff7657364dadb2efc31f2ea48,41.0,1,3.353125,373.059188,21.811191,0.0,2,true,true,fine_grid,false,governance.selection=pressure_max_under_constraints;seed=continuation
-0.25,independent_oracle,3c5f6b3c9bd535cff7657364dadb2efc31f2ea48,41.0,1,3.359375,373.286204,21.813045,0.0,2,true,true,fine_grid,false,governance.selection=pressure_max_under_constraints;seed=continuation
-0.25,independent_oracle,3c5f6b3c9bd535cff7657364dadb2efc31f2ea48,41.0,1,3.365625,373.512988,21.8149,0.0,2,true,true,fine_grid,false,governance.selection=pressure_max_under_constraints;seed=continuation
-0.25,independent_oracle,3c5f6b3c9bd535cff7657364dadb2efc31f2ea48,41.0,1,3.371875,373.739537,21.816756,0.0,2,true,true,fine_grid,false,governance.selection=pressure_max_under_constraints;seed=continuation
-0.25,independent_oracle,3c5f6b3c9bd535cff7657364dadb2efc31f2ea48,41.0,1,3.378125,373.965854,21.818614,0.0,2,true,true,fine_grid,false,governance.selection=pressure_max_under_constraints;seed=continuation
-0.25,independent_oracle,3c5f6b3c9bd535cff7657364dadb2efc31f2ea48,41.0,1,3.384375,374.191938,21.820474,0.0,2,true,true,fine_grid,false,governance.selection=pressure_max_under_constraints;seed=continuation
-0.25,independent_oracle,3c5f6b3c9bd535cff7657364dadb2efc31f2ea48,41.0,1,3.390625,374.417788,21.822335,0.0,2,true,true,fine_grid,false,governance.selection=pressure_max_under_constraints;seed=continuation
-0.25,independent_oracle,3c5f6b3c9bd535cff7657364dadb2efc31f2ea48,41.0,1,3.396875,374.643405,21.824197,0.0,2,true,true,fine_grid,false,governance.selection=pressure_max_under_constraints;seed=continuation
-0.25,independent_oracle,3c5f6b3c9bd535cff7657364dadb2efc31f2ea48,41.0,1,3.403125,374.868789,21.826061,0.0,2,true,true,fine_grid,false,governance.selection=pressure_max_under_constraints;seed=continuation
-0.25,independent_oracle,3c5f6b3c9bd535cff7657364dadb2efc31f2ea48,41.0,1,3.409375,375.093939,21.827927,0.0,2,true,true,fine_grid,false,governance.selection=pressure_max_under_constraints;seed=continuation
-0.25,independent_oracle,3c5f6b3c9bd535cff7657364dadb2efc31f2ea48,41.0,1,3.415625,375.318857,21.829794,0.0,2,true,true,fine_grid,false,governance.selection=pressure_max_under_constraints;seed=continuation
-0.25,independent_oracle,3c5f6b3c9bd535cff7657364dadb2efc31f2ea48,41.0,1,3.421875,375.543542,21.831662,0.0,2,true,true,fine_grid,false,governance.selection=pressure_max_under_constraints;seed=continuation
-0.25,independent_oracle,3c5f6b3c9bd535cff7657364dadb2efc31f2ea48,41.0,1,3.428125,375.767993,21.833532,0.0,2,true,true,fine_grid,false,governance.selection=pressure_max_under_constraints;seed=continuation
-0.25,independent_oracle,3c5f6b3c9bd535cff7657364dadb2efc31f2ea48,41.0,1,3.434375,375.992212,21.835404,0.0,2,true,true,fine_grid,false,governance.selection=pressure_max_under_constraints;seed=continuation
-0.25,independent_oracle,3c5f6b3c9bd535cff7657364dadb2efc31f2ea48,41.0,1,3.440625,376.216198,21.837277,0.0,2,true,true,fine_grid,false,governance.selection=pressure_max_under_constraints;seed=continuation
-0.25,independent_oracle,3c5f6b3c9bd535cff7657364dadb2efc31f2ea48,41.0,1,3.446875,376.439952,21.839151,0.0,2,true,true,fine_grid,false,governance.selection=pressure_max_under_constraints;seed=continuation
-0.25,independent_oracle,3c5f6b3c9bd535cff7657364dadb2efc31f2ea48,41.0,1,3.453125,376.663473,21.841027,0.0,2,true,true,fine_grid,false,governance.selection=pressure_max_under_constraints;seed=continuation
-0.25,independent_oracle,3c5f6b3c9bd535cff7657364dadb2efc31f2ea48,41.0,1,3.459375,376.886761,21.842904,0.0,2,true,true,fine_grid,false,governance.selection=pressure_max_under_constraints;seed=continuation
-0.25,independent_oracle,3c5f6b3c9bd535cff7657364dadb2efc31f2ea48,41.0,1,3.465625,377.109817,21.844783,0.0,2,true,true,fine_grid,false,governance.selection=pressure_max_under_constraints;seed=continuation
-0.25,independent_oracle,3c5f6b3c9bd535cff7657364dadb2efc31f2ea48,41.0,1,3.471875,377.332641,21.846663,0.0,2,true,true,fine_grid,false,governance.selection=pressure_max_under_constraints;seed=continuation
-0.25,independent_oracle,3c5f6b3c9bd535cff7657364dadb2efc31f2ea48,41.0,1,3.478125,377.555233,21.848544,0.0,2,true,true,fine_grid,false,governance.selection=pressure_max_under_constraints;seed=continuation
-0.25,independent_oracle,3c5f6b3c9bd535cff7657364dadb2efc31f2ea48,41.0,1,3.484375,377.777593,21.850427,0.0,2,true,true,fine_grid,false,governance.selection=pressure_max_under_constraints;seed=continuation
-0.25,independent_oracle,3c5f6b3c9bd535cff7657364dadb2efc31f2ea48,41.0,1,3.490625,377.999721,21.852312,0.0,2,true,true,fine_grid,false,governance.selection=pressure_max_under_constraints;seed=continuation
-0.25,independent_oracle,3c5f6b3c9bd535cff7657364dadb2efc31f2ea48,41.0,1,3.496875,378.221618,21.854198,0.0,2,true,true,fine_grid,false,governance.selection=pressure_max_under_constraints;seed=continuation
-0.25,independent_oracle,3c5f6b3c9bd535cff7657364dadb2efc31f2ea48,41.0,1,3.503125,378.443283,21.856085,0.0,2,true,true,fine_grid,false,governance.selection=pressure_max_under_constraints;seed=continuation
-0.25,independent_oracle,3c5f6b3c9bd535cff7657364dadb2efc31f2ea48,41.0,1,3.509375,378.664717,21.857973,0.0,2,true,true,fine_grid,false,governance.selection=pressure_max_under_constraints;seed=continuation
-0.25,independent_oracle,3c5f6b3c9bd535cff7657364dadb2efc31f2ea48,41.0,1,3.515625,378.885919,21.859863,0.0,2,true,true,fine_grid,false,governance.selection=pressure_max_under_constraints;seed=continuation
-0.25,independent_oracle,3c5f6b3c9bd535cff7657364dadb2efc31f2ea48,41.0,1,3.521875,379.106891,21.861755,0.0,2,true,true,fine_grid,false,governance.selection=pressure_max_under_constraints;seed=continuation
-0.25,independent_oracle,3c5f6b3c9bd535cff7657364dadb2efc31f2ea48,41.0,1,3.528125,379.327632,21.863648,0.0,2,true,true,fine_grid,false,governance.selection=pressure_max_under_constraints;seed=continuation
-0.25,independent_oracle,3c5f6b3c9bd535cff7657364dadb2efc31f2ea48,41.0,1,3.534375,379.548143,21.865542,0.0,2,true,true,fine_grid,false,governance.selection=pressure_max_under_constraints;seed=continuation
-0.25,independent_oracle,3c5f6b3c9bd535cff7657364dadb2efc31f2ea48,41.0,1,3.540625,379.768423,21.867437,0.0,2,true,true,fine_grid,false,governance.selection=pressure_max_under_constraints;seed=continuation
-0.25,independent_oracle,3c5f6b3c9bd535cff7657364dadb2efc31f2ea48,41.0,1,3.546875,379.988473,21.869334,0.0,2,true,true,fine_grid,false,governance.selection=pressure_max_under_constraints;seed=continuation
-0.25,independent_oracle,3c5f6b3c9bd535cff7657364dadb2efc31f2ea48,41.0,1,3.553125,380.208294,21.871232,0.0,2,true,true,fine_grid,false,governance.selection=pressure_max_under_constraints;seed=continuation
-0.25,independent_oracle,3c5f6b3c9bd535cff7657364dadb2efc31f2ea48,41.0,1,3.559375,380.427884,21.873132,0.0,2,true,true,fine_grid,false,governance.selection=pressure_max_under_constraints;seed=continuation
-0.25,independent_oracle,3c5f6b3c9bd535cff7657364dadb2efc31f2ea48,41.0,1,3.565625,380.647245,21.875033,0.0,2,true,true,fine_grid,false,governance.selection=pressure_max_under_constraints;seed=continuation
-0.25,independent_oracle,3c5f6b3c9bd535cff7657364dadb2efc31f2ea48,41.0,1,3.571875,380.866377,21.876935,0.0,2,true,true,fine_grid,false,governance.selection=pressure_max_under_constraints;seed=continuation
-0.25,independent_oracle,3c5f6b3c9bd535cff7657364dadb2efc31f2ea48,41.0,1,3.578125,381.08528,21.878839,0.0,2,true,true,fine_grid,false,governance.selection=pressure_max_under_constraints;seed=continuation
-0.25,independent_oracle,3c5f6b3c9bd535cff7657364dadb2efc31f2ea48,41.0,1,3.584375,381.303954,21.880744,0.0,2,true,true,fine_grid,false,governance.selection=pressure_max_under_constraints;seed=continuation
-0.25,independent_oracle,3c5f6b3c9bd535cff7657364dadb2efc31f2ea48,41.0,1,3.590625,381.522399,21.88265,0.0,2,true,true,fine_grid,false,governance.selection=pressure_max_under_constraints;seed=continuation
-0.25,independent_oracle,3c5f6b3c9bd535cff7657364dadb2efc31f2ea48,41.0,1,3.596875,381.740616,21.884558,0.0,2,true,true,fine_grid,false,governance.selection=pressure_max_under_constraints;seed=continuation
-0.25,independent_oracle,3c5f6b3c9bd535cff7657364dadb2efc31f2ea48,41.0,1,3.603125,381.958605,21.886467,0.0,2,true,true,fine_grid,false,governance.selection=pressure_max_under_constraints;seed=continuation
-0.25,independent_oracle,3c5f6b3c9bd535cff7657364dadb2efc31f2ea48,41.0,1,3.609375,382.176366,21.888377,0.0,2,true,true,fine_grid,false,governance.selection=pressure_max_under_constraints;seed=continuation
-0.25,independent_oracle,3c5f6b3c9bd535cff7657364dadb2efc31f2ea48,41.0,1,3.615625,382.3939,21.890288,0.0,2,true,true,fine_grid,false,governance.selection=pressure_max_under_constraints;seed=continuation
-0.25,independent_oracle,3c5f6b3c9bd535cff7657364dadb2efc31f2ea48,41.0,1,3.621875,382.611206,21.892201,0.0,2,true,true,fine_grid,false,governance.selection=pressure_max_under_constraints;seed=continuation
-0.25,independent_oracle,3c5f6b3c9bd535cff7657364dadb2efc31f2ea48,41.0,1,3.628125,382.828285,21.894115,0.0,2,true,true,fine_grid,false,governance.selection=pressure_max_under_constraints;seed=continuation
-0.25,independent_oracle,3c5f6b3c9bd535cff7657364dadb2efc31f2ea48,41.0,1,3.634375,383.045138,21.896031,0.0,2,true,true,fine_grid,false,governance.selection=pressure_max_under_constraints;seed=continuation
-0.25,independent_oracle,3c5f6b3c9bd535cff7657364dadb2efc31f2ea48,41.0,1,3.640625,383.261763,21.897948,0.0,2,true,true,fine_grid,false,governance.selection=pressure_max_under_constraints;seed=continuation
-0.25,independent_oracle,3c5f6b3c9bd535cff7657364dadb2efc31f2ea48,41.0,1,3.646875,383.478163,21.899866,0.0,2,true,true,fine_grid,false,governance.selection=pressure_max_under_constraints;seed=continuation
-0.25,independent_oracle,3c5f6b3c9bd535cff7657364dadb2efc31f2ea48,41.0,1,3.653125,383.694336,21.901785,0.0,2,true,true,fine_grid,false,governance.selection=pressure_max_under_constraints;seed=continuation
-0.25,independent_oracle,3c5f6b3c9bd535cff7657364dadb2efc31f2ea48,41.0,1,3.659375,383.910284,21.903706,0.0,2,true,true,fine_grid,false,governance.selection=pressure_max_under_constraints;seed=continuation
-0.25,independent_oracle,3c5f6b3c9bd535cff7657364dadb2efc31f2ea48,41.0,1,3.665625,384.126006,21.905628,0.0,2,true,true,fine_grid,false,governance.selection=pressure_max_under_constraints;seed=continuation
-0.25,independent_oracle,3c5f6b3c9bd535cff7657364dadb2efc31f2ea48,41.0,1,3.671875,384.341503,21.907551,0.0,2,true,true,fine_grid,false,governance.selection=pressure_max_under_constraints;seed=continuation
-0.25,independent_oracle,3c5f6b3c9bd535cff7657364dadb2efc31f2ea48,41.0,1,3.678125,384.556776,21.909475,0.0,2,true,true,fine_grid,false,governance.selection=pressure_max_under_constraints;seed=continuation
-0.25,independent_oracle,3c5f6b3c9bd535cff7657364dadb2efc31f2ea48,41.0,1,3.684375,384.771823,21.911401,0.0,2,true,true,fine_grid,false,governance.selection=pressure_max_under_constraints;seed=continuation
-0.25,independent_oracle,3c5f6b3c9bd535cff7657364dadb2efc31f2ea48,41.0,1,3.690625,384.986647,21.913328,0.0,2,true,true,fine_grid,false,governance.selection=pressure_max_under_constraints;seed=continuation
-0.25,independent_oracle,3c5f6b3c9bd535cff7657364dadb2efc31f2ea48,41.0,1,3.696875,385.201246,21.915256,0.0,2,true,true,fine_grid,false,governance.selection=pressure_max_under_constraints;seed=continuation
-0.25,independent_oracle,3c5f6b3c9bd535cff7657364dadb2efc31f2ea48,41.0,1,3.703125,385.415621,21.917185,0.0,2,true,true,fine_grid,false,governance.selection=pressure_max_under_constraints;seed=continuation
-0.25,independent_oracle,3c5f6b3c9bd535cff7657364dadb2efc31f2ea48,41.0,1,3.709375,385.629773,21.919116,0.0,2,true,true,fine_grid,false,governance.selection=pressure_max_under_constraints;seed=continuation
-0.25,independent_oracle,3c5f6b3c9bd535cff7657364dadb2efc31f2ea48,41.0,1,3.715625,385.843702,21.921048,0.0,2,true,true,fine_grid,false,governance.selection=pressure_max_under_constraints;seed=continuation
-0.25,independent_oracle,3c5f6b3c9bd535cff7657364dadb2efc31f2ea48,41.0,1,3.721875,386.057408,21.922981,0.0,2,true,true,fine_grid,false,governance.selection=pressure_max_under_constraints;seed=continuation
-0.25,independent_oracle,3c5f6b3c9bd535cff7657364dadb2efc31f2ea48,41.0,1,3.728125,386.270891,21.924916,0.0,2,true,true,fine_grid,false,governance.selection=pressure_max_under_constraints;seed=continuation
-0.25,independent_oracle,3c5f6b3c9bd535cff7657364dadb2efc31f2ea48,41.0,1,3.734375,386.484153,21.926851,0.0,2,true,true,fine_grid,false,governance.selection=pressure_max_under_constraints;seed=continuation
-0.25,independent_oracle,3c5f6b3c9bd535cff7657364dadb2efc31f2ea48,41.0,1,3.740625,386.697192,21.928788,0.0,2,true,true,fine_grid,false,governance.selection=pressure_max_under_constraints;seed=continuation
-0.25,independent_oracle,3c5f6b3c9bd535cff7657364dadb2efc31f2ea48,41.0,1,3.746875,386.910009,21.930726,0.0,2,true,true,fine_grid,false,governance.selection=pressure_max_under_constraints;seed=continuation
-0.25,independent_oracle,3c5f6b3c9bd535cff7657364dadb2efc31f2ea48,41.0,1,3.753125,387.122605,21.932665,0.0,2,true,true,fine_grid,false,governance.selection=pressure_max_under_constraints;seed=continuation
-0.25,independent_oracle,3c5f6b3c9bd535cff7657364dadb2efc31f2ea48,41.0,1,3.759375,387.33498,21.934606,0.0,2,true,true,fine_grid,false,governance.selection=pressure_max_under_constraints;seed=continuation
-0.25,independent_oracle,3c5f6b3c9bd535cff7657364dadb2efc31f2ea48,41.0,1,3.765625,387.547135,21.936548,0.0,2,true,true,fine_grid,false,governance.selection=pressure_max_under_constraints;seed=continuation
-0.25,independent_oracle,3c5f6b3c9bd535cff7657364dadb2efc31f2ea48,41.0,1,3.771875,387.759069,21.938491,0.0,2,true,true,fine_grid,false,governance.selection=pressure_max_under_constraints;seed=continuation
-0.25,independent_oracle,3c5f6b3c9bd535cff7657364dadb2efc31f2ea48,41.0,1,3.778125,387.970782,21.940435,0.0,2,true,true,fine_grid,false,governance.selection=pressure_max_under_constraints;seed=continuation
-0.25,independent_oracle,3c5f6b3c9bd535cff7657364dadb2efc31f2ea48,41.0,1,3.784375,388.182276,21.94238,0.0,2,true,true,fine_grid,false,governance.selection=pressure_max_under_constraints;seed=continuation
-0.25,independent_oracle,3c5f6b3c9bd535cff7657364dadb2efc31f2ea48,41.0,1,3.790625,388.393551,21.944326,0.0,2,true,true,fine_grid,false,governance.selection=pressure_max_under_constraints;seed=continuation
-0.25,independent_oracle,3c5f6b3c9bd535cff7657364dadb2efc31f2ea48,41.0,1,3.796875,388.604606,21.946274,0.0,2,true,true,fine_grid,false,governance.selection=pressure_max_under_constraints;seed=continuation
-0.25,independent_oracle,3c5f6b3c9bd535cff7657364dadb2efc31f2ea48,41.0,1,3.803125,388.815443,21.948223,0.0,2,true,true,fine_grid,false,governance.selection=pressure_max_under_constraints;seed=continuation
-0.25,independent_oracle,3c5f6b3c9bd535cff7657364dadb2efc31f2ea48,41.0,1,3.809375,389.02606,21.950173,0.0,2,true,true,fine_grid,false,governance.selection=pressure_max_under_constraints;seed=continuation
-0.25,independent_oracle,3c5f6b3c9bd535cff7657364dadb2efc31f2ea48,41.0,1,3.815625,389.23646,21.952124,0.0,2,true,true,fine_grid,false,governance.selection=pressure_max_under_constraints;seed=continuation
-0.25,independent_oracle,3c5f6b3c9bd535cff7657364dadb2efc31f2ea48,41.0,1,3.821875,389.446642,21.954077,0.0,2,true,true,fine_grid,false,governance.selection=pressure_max_under_constraints;seed=continuation
-0.25,independent_oracle,3c5f6b3c9bd535cff7657364dadb2efc31f2ea48,41.0,1,3.828125,389.656606,21.95603,0.0,2,true,true,fine_grid,false,governance.selection=pressure_max_under_constraints;seed=continuation
-0.25,independent_oracle,3c5f6b3c9bd535cff7657364dadb2efc31f2ea48,41.0,1,3.834375,389.866352,21.957985,0.0,2,true,true,fine_grid,false,governance.selection=pressure_max_under_constraints;seed=continuation
-0.25,independent_oracle,3c5f6b3c9bd535cff7657364dadb2efc31f2ea48,41.0,1,3.840625,390.075882,21.959941,0.0,2,true,true,fine_grid,false,governance.selection=pressure_max_under_constraints;seed=continuation
-0.25,independent_oracle,3c5f6b3c9bd535cff7657364dadb2efc31f2ea48,41.0,1,3.846875,390.285195,21.961898,0.0,2,true,true,fine_grid,false,governance.selection=pressure_max_under_constraints;seed=continuation
-0.25,independent_oracle,3c5f6b3c9bd535cff7657364dadb2efc31f2ea48,41.0,1,3.853125,390.494292,21.963856,0.0,2,true,true,fine_grid,false,governance.selection=pressure_max_under_constraints;seed=continuation
-0.25,independent_oracle,3c5f6b3c9bd535cff7657364dadb2efc31f2ea48,41.0,1,3.859375,390.703173,21.965816,0.0,2,true,true,fine_grid,false,governance.selection=pressure_max_under_constraints;seed=continuation
-0.25,independent_oracle,3c5f6b3c9bd535cff7657364dadb2efc31f2ea48,41.0,1,3.865625,390.911838,21.967776,0.0,2,true,true,fine_grid,false,governance.selection=pressure_max_under_constraints;seed=continuation
-0.25,independent_oracle,3c5f6b3c9bd535cff7657364dadb2efc31f2ea48,41.0,1,3.871875,391.120288,21.969738,0.0,2,true,true,fine_grid,false,governance.selection=pressure_max_under_constraints;seed=continuation
-0.25,independent_oracle,3c5f6b3c9bd535cff7657364dadb2efc31f2ea48,41.0,1,3.878125,391.328523,21.971701,0.0,2,true,true,fine_grid,false,governance.selection=pressure_max_under_constraints;seed=continuation
-0.25,independent_oracle,3c5f6b3c9bd535cff7657364dadb2efc31f2ea48,41.0,1,3.884375,391.536543,21.973665,0.0,2,true,true,fine_grid,false,governance.selection=pressure_max_under_constraints;seed=continuation
-0.25,independent_oracle,3c5f6b3c9bd535cff7657364dadb2efc31f2ea48,41.0,1,3.890625,391.744349,21.97563,0.0,2,true,true,fine_grid,false,governance.selection=pressure_max_under_constraints;seed=continuation
-0.25,independent_oracle,3c5f6b3c9bd535cff7657364dadb2efc31f2ea48,41.0,1,3.896875,391.95194,21.977596,0.0,2,true,true,fine_grid,false,governance.selection=pressure_max_under_constraints;seed=continuation
-0.25,independent_oracle,3c5f6b3c9bd535cff7657364dadb2efc31f2ea48,41.0,1,3.903125,392.159318,21.979563,0.0,2,true,true,fine_grid,false,governance.selection=pressure_max_under_constraints;seed=continuation
-0.25,independent_oracle,3c5f6b3c9bd535cff7657364dadb2efc31f2ea48,41.0,1,3.909375,392.366482,21.981532,0.0,2,true,true,fine_grid,false,governance.selection=pressure_max_under_constraints;seed=continuation
-0.25,independent_oracle,3c5f6b3c9bd535cff7657364dadb2efc31f2ea48,41.0,1,3.915625,392.573434,21.983501,0.0,2,true,true,fine_grid,false,governance.selection=pressure_max_under_constraints;seed=continuation
-0.25,independent_oracle,3c5f6b3c9bd535cff7657364dadb2efc31f2ea48,41.0,1,3.921875,392.780172,21.985472,0.0,2,true,true,fine_grid,false,governance.selection=pressure_max_under_constraints;seed=continuation
-0.25,independent_oracle,3c5f6b3c9bd535cff7657364dadb2efc31f2ea48,41.0,1,3.928125,392.986698,21.987444,0.0,2,true,true,fine_grid,false,governance.selection=pressure_max_under_constraints;seed=continuation
-0.25,independent_oracle,3c5f6b3c9bd535cff7657364dadb2efc31f2ea48,41.0,1,3.934375,393.193012,21.989417,0.0,2,true,true,fine_grid,false,governance.selection=pressure_max_under_constraints;seed=continuation
-0.25,independent_oracle,3c5f6b3c9bd535cff7657364dadb2efc31f2ea48,41.0,1,3.940625,393.399115,21.991391,0.0,2,true,true,fine_grid,false,governance.selection=pressure_max_under_constraints;seed=continuation
-0.25,independent_oracle,3c5f6b3c9bd535cff7657364dadb2efc31f2ea48,41.0,1,3.946875,393.605005,21.993366,0.0,2,true,true,fine_grid,false,governance.selection=pressure_max_under_constraints;seed=continuation
-0.25,independent_oracle,3c5f6b3c9bd535cff7657364dadb2efc31f2ea48,41.0,1,3.953125,393.810685,21.995342,0.0,2,true,true,fine_grid,false,governance.selection=pressure_max_under_constraints;seed=continuation
-0.25,independent_oracle,3c5f6b3c9bd535cff7657364dadb2efc31f2ea48,41.0,1,3.959375,394.016154,21.99732,0.0,2,true,true,fine_grid,false,governance.selection=pressure_max_under_constraints;seed=continuation
-0.25,independent_oracle,3c5f6b3c9bd535cff7657364dadb2efc31f2ea48,41.0,1,3.965625,394.221412,21.999298,0.0,2,true,true,fine_grid,false,governance.selection=pressure_max_under_constraints;seed=continuation
-0.25,independent_oracle,3c5f6b3c9bd535cff7657364dadb2efc31f2ea48,41.0,1,3.971875,394.42646,22.001278,0.0,2,true,true,fine_grid,false,governance.selection=pressure_max_under_constraints;seed=continuation
-0.25,independent_oracle,3c5f6b3c9bd535cff7657364dadb2efc31f2ea48,41.0,1,3.978125,394.631298,22.003258,0.0,2,true,true,fine_grid,false,governance.selection=pressure_max_under_constraints;seed=continuation
-0.25,independent_oracle,3c5f6b3c9bd535cff7657364dadb2efc31f2ea48,41.0,1,3.984375,394.835927,22.00524,0.0,2,true,true,fine_grid,false,governance.selection=pressure_max_under_constraints;seed=continuation
-0.25,independent_oracle,3c5f6b3c9bd535cff7657364dadb2efc31f2ea48,41.0,1,3.990625,395.040346,22.007223,0.0,2,true,true,fine_grid,false,governance.selection=pressure_max_under_constraints;seed=continuation
-0.25,independent_oracle,3c5f6b3c9bd535cff7657364dadb2efc31f2ea48,41.0,1,3.996875,395.244556,22.009207,0.0,2,true,true,fine_grid,false,governance.selection=pressure_max_under_constraints;seed=continuation
