xi,method,calculation_sha,T_MeV,rho_level,rho,muq_MeV,pressure_fm4,residual_norm,iterations,converged,finite,sampling_role,cache_reused,solver_message
0.3,production_hybrid,3c5f6b3c9bd535cff7657364dadb2efc31f2ea48,21.0,0,0.0,89.108934,21.608021,0.0,40,true,true,coarse_grid,false,governance.selection=pressure_max_under_constraints;seed=continuation
0.3,production_hybrid,3c5f6b3c9bd535cff7657364dadb2efc31f2ea48,21.0,0,0.05,372.106378,21.608851,0.0,4,true,true,coarse_grid,false,governance.selection=pressure_max_under_constraints;seed=continuation
0.3,production_hybrid,3c5f6b3c9bd535cff7657364dadb2efc31f2ea48,21.0,0,0.1,376.482346,21.609614,0.0,4,true,true,coarse_grid,false,governance.selection=pressure_max_under_constraints;seed=continuation
0.3,production_hybrid,3c5f6b3c9bd535cff7657364dadb2efc31f2ea48,21.0,0,0.15,378.712524,21.610279,0.0,3,true,true,coarse_grid,false,governance.selection=pressure_max_under_constraints;seed=continuation
0.3,production_hybrid,3c5f6b3c9bd535cff7657364dadb2efc31f2ea48,21.0,0,0.2,380.008945,21.610824,0.0,3,true,true,coarse_grid,false,governance.selection=pressure_max_under_constraints;seed=continuation
0.3,production_hybrid,3c5f6b3c9bd535cff7657364dadb2efc31f2ea48,21.0,0,0.25,380.762557,21.611233,0.0,3,true,true,coarse_grid,false,governance.selection=pressure_max_under_constraints;seed=continuation
0.3,production_hybrid,3c5f6b3c9bd535cff7657364dadb2efc31f2ea48,21.0,0,0.3,381.15419,21.611491,0.0,3,true,true,coarse_grid,false,governance.selection=pressure_max_under_constraints;seed=continuation
0.3,production_hybrid,3c5f6b3c9bd535cff7657364dadb2efc31f2ea48,21.0,0,0.35,381.284605,21.611592,0.0,3,true,true,coarse_grid,false,governance.selection=pressure_max_under_constraints;seed=continuation
0.3,production_hybrid,3c5f6b3c9bd535cff7657364dadb2efc31f2ea48,21.0,0,0.4,381.216852,21.611529,0.0,3,true,true,coarse_grid,false,governance.selection=pressure_max_under_constraints;seed=continuation
0.3,production_hybrid,3c5f6b3c9bd535cff7657364dadb2efc31f2ea48,21.0,0,0.45,380.993661,21.611297,0.0,3,true,true,coarse_grid,false,governance.selection=pressure_max_under_constraints;seed=continuation
0.3,production_hybrid,3c5f6b3c9bd535cff7657364dadb2efc31f2ea48,21.0,0,0.5,380.645734,21.610893,0.0,3,true,true,coarse_grid,false,governance.selection=pressure_max_under_constraints;seed=continuation
0.3,production_hybrid,3c5f6b3c9bd535cff7657364dadb2efc31f2ea48,21.0,0,0.55,380.196153,21.610318,0.0,3,true,true,coarse_grid,false,governance.selection=pressure_max_under_constraints;seed=continuation
0.3,production_hybrid,3c5f6b3c9bd535cff7657364dadb2efc31f2ea48,21.0,0,0.6,379.662911,21.609572,0.0,3,true,true,coarse_grid,false,governance.selection=pressure_max_under_constraints;seed=continuation
0.3,production_hybrid,3c5f6b3c9bd535cff7657364dadb2efc31f2ea48,21.0,0,0.65,379.060473,21.608655,0.0,3,true,true,coarse_grid,false,governance.selection=pressure_max_under_constraints;seed=continuation
0.3,production_hybrid,3c5f6b3c9bd535cff7657364dadb2efc31f2ea48,21.0,0,0.7,378.400784,21.607572,0.0,3,true,true,coarse_grid,false,governance.selection=pressure_max_under_constraints;seed=continuation
0.3,production_hybrid,3c5f6b3c9bd535cff7657364dadb2efc31f2ea48,21.0,0,0.75,377.693945,21.606325,0.0,3,true,true,coarse_grid,false,governance.selection=pressure_max_under_constraints;seed=continuation
0.3,production_hybrid,3c5f6b3c9bd535cff7657364dadb2efc31f2ea48,21.0,0,0.8,376.948693,21.604919,0.0,3,true,true,coarse_grid,false,governance.selection=pressure_max_under_constraints;seed=continuation
0.3,production_hybrid,3c5f6b3c9bd535cff7657364dadb2efc31f2ea48,21.0,0,0.85,376.172746,21.603362,0.0,3,true,true,coarse_grid,false,governance.selection=pressure_max_under_constraints;seed=continuation
0.3,production_hybrid,3c5f6b3c9bd535cff7657364dadb2efc31f2ea48,21.0,0,0.9,375.373059,21.601659,0.0,3,true,true,coarse_grid,false,governance.selection=pressure_max_under_constraints;seed=continuation
0.3,production_hybrid,3c5f6b3c9bd535cff7657364dadb2efc31f2ea48,21.0,0,0.95,374.556031,21.599821,0.0,3,true,true,coarse_grid,false,governance.selection=pressure_max_under_constraints;seed=continuation
0.3,production_hybrid,3c5f6b3c9bd535cff7657364dadb2efc31f2ea48,21.0,0,1.0,373.72766,21.597856,0.0,3,true,true,coarse_grid,false,governance.selection=pressure_max_under_constraints;seed=continuation
0.3,production_hybrid,3c5f6b3c9bd535cff7657364dadb2efc31f2ea48,21.0,0,1.05,372.893679,21.595777,0.0,3,true,true,coarse_grid,false,governance.selection=pressure_max_under_constraints;seed=continuation
0.3,production_hybrid,3c5f6b3c9bd535cff7657364dadb2efc31f2ea48,21.0,0,1.1,372.059667,21.593596,0.0,3,true,true,coarse_grid,false,governance.selection=pressure_max_under_constraints;seed=continuation
0.3,production_hybrid,3c5f6b3c9bd535cff7657364dadb2efc31f2ea48,21.0,0,1.15,371.231152,21.591329,0.0,3,true,true,coarse_grid,false,governance.selection=pressure_max_under_constraints;seed=continuation
0.3,production_hybrid,3c5f6b3c9bd535cff7657364dadb2efc31f2ea48,21.0,0,1.2,370.413705,21.588992,0.0,3,true,true,coarse_grid,false,governance.selection=pressure_max_under_constraints;seed=continuation
0.3,production_hybrid,3c5f6b3c9bd535cff7657364dadb2efc31f2ea48,21.0,0,1.25,369.613026,21.586607,0.0,3,true,true,coarse_grid,false,governance.selection=pressure_max_under_constraints;seed=continuation
0.3,production_hybrid,3c5f6b3c9bd535cff7657364dadb2efc31f2ea48,21.0,0,1.3,368.835029,21.584194,0.0,3,true,true,coarse_grid,false,governance.selection=pressure_max_under_constraints;seed=continuation
0.3,production_hybrid,3c5f6b3c9bd535cff7657364dadb2efc31f2ea48,21.0,0,1.35,368.085935,21.58178,0.0,3,true,true,coarse_grid,false,governance.selection=pressure_max_under_constraints;seed=continuation
0.3,production_hybrid,3c5f6b3c9bd535cff7657364dadb2efc31f2ea48,21.0,0,1.4,367.372354,21.579394,0.0,3,true,true,coarse_grid,false,governance.selection=pressure_max_under_constraints;seed=continuation
0.3,production_hybrid,3c5f6b3c9bd535cff7657364dadb2efc31f2ea48,21.0,0,1.45,366.701373,21.577068,0.0,3,true,true,coarse_grid,false,governance.selection=pressure_max_under_constraints;seed=continuation
0.3,production_hybrid,3c5f6b3c9bd535cff7657364dadb2efc31f2ea48,21.0,0,1.5,366.080647,21.574842,0.0,3,true,true,coarse_grid,false,governance.selection=pressure_max_under_constraints;seed=continuation
0.3,production_hybrid,3c5f6b3c9bd535cff7657364dadb2efc31f2ea48,21.0,0,1.55,365.518481,21.572757,0.0,3,true,true,coarse_grid,false,governance.selection=pressure_max_under_constraints;seed=continuation
0.3,production_hybrid,3c5f6b3c9bd535cff7657364dadb2efc31f2ea48,21.0,0,1.6,365.023898,21.570863,0.0,3,true,true,coarse_grid,false,governance.selection=pressure_max_under_constraints;seed=continuation
0.3,production_hybrid,3c5f6b3c9bd535cff7657364dadb2efc31f2ea48,21.0,0,1.65,364.606693,21.569215,0.0,3,true,true,coarse_grid,false,governance.selection=pressure_max_under_constraints;seed=continuation
0.3,production_hybrid,3c5f6b3c9bd535cff7657364dadb2efc31f2ea48,21.0,0,1.7,364.277445,21.567874,0.0,3,true,true,coarse_grid,false,governance.selection=pressure_max_under_constraints;seed=continuation
0.3,production_hybrid,3c5f6b3c9bd535cff7657364dadb2efc31f2ea48,21.0,0,1.75,364.047461,21.56691,0.0,3,true,true,coarse_grid,false,governance.selection=pressure_max_under_constraints;seed=continuation
0.3,production_hybrid,3c5f6b3c9bd535cff7657364dadb2efc31f2ea48,21.0,0,1.8,363.928643,21.566398,0.0,3,true,true,coarse_grid,false,governance.selection=pressure_max_under_constraints;seed=continuation
0.3,production_hybrid,3c5f6b3c9bd535cff7657364dadb2efc31f2ea48,21.0,0,1.85,363.93321,21.56642,0.0,3,true,true,coarse_grid,false,governance.selection=pressure_max_under_constraints;seed=continuation
0.3,production_hybrid,3c5f6b3c9bd535cff7657364dadb2efc31f2ea48,21.0,0,1.9,364.073269,21.56706,0.0,3,true,true,coarse_grid,false,governance.selection=pressure_max_under_constraints;seed=continuation
0.3,production_hybrid,3c5f6b3c9bd535cff7657364dadb2efc31f2ea48,21.0,0,1.95,364.360198,21.568405,0.0,3,true,true,coarse_grid,false,governance.selection=pressure_max_under_constraints;seed=continuation
0.3,production_hybrid,3c5f6b3c9bd535cff7657364dadb2efc31f2ea48,21.0,0,2.0,364.803848,21.570538,0.0,3,true,true,coarse_grid,false,governance.selection=pressure_max_under_constraints;seed=continuation
0.3,production_hybrid,3c5f6b3c9bd535cff7657364dadb2efc31f2ea48,21.0,0,2.05,365.411635,21.573534,0.0,3,true,true,coarse_grid,false,governance.selection=pressure_max_under_constraints;seed=continuation
0.3,production_hybrid,3c5f6b3c9bd535cff7657364dadb2efc31f2ea48,21.0,0,2.1,366.18763,21.577452,0.0,3,true,true,coarse_grid,false,governance.selection=pressure_max_under_constraints;seed=continuation
0.3,production_hybrid,3c5f6b3c9bd535cff7657364dadb2efc31f2ea48,21.0,0,2.15,367.13184,21.582335,0.0,3,true,true,coarse_grid,false,governance.selection=pressure_max_under_constraints;seed=continuation
0.3,production_hybrid,3c5f6b3c9bd535cff7657364dadb2efc31f2ea48,21.0,0,2.2,368.239849,21.588198,0.0,3,true,true,coarse_grid,false,governance.selection=pressure_max_under_constraints;seed=continuation
0.3,production_hybrid,3c5f6b3c9bd535cff7657364dadb2efc31f2ea48,21.0,0,2.25,369.502962,21.595036,0.0,3,true,true,coarse_grid,false,governance.selection=pressure_max_under_constraints;seed=continuation
0.3,production_hybrid,3c5f6b3c9bd535cff7657364dadb2efc31f2ea48,21.0,0,2.3,370.908851,21.602818,0.0,3,true,true,coarse_grid,false,governance.selection=pressure_max_under_constraints;seed=continuation
0.3,production_hybrid,3c5f6b3c9bd535cff7657364dadb2efc31f2ea48,21.0,0,2.35,372.442571,21.611493,0.0,3,true,true,coarse_grid,false,governance.selection=pressure_max_under_constraints;seed=continuation
0.3,production_hybrid,3c5f6b3c9bd535cff7657364dadb2efc31f2ea48,21.0,0,2.4,374.087748,21.620999,0.0,3,true,true,coarse_grid,false,governance.selection=pressure_max_under_constraints;seed=continuation
0.3,production_hybrid,3c5f6b3c9bd535cff7657364dadb2efc31f2ea48,21.0,0,2.45,375.827704,21.631263,0.0,3,true,true,coarse_grid,false,governance.selection=pressure_max_under_constraints;seed=continuation
0.3,production_hybrid,3c5f6b3c9bd535cff7657364dadb2efc31f2ea48,21.0,0,2.5,377.646374,21.642213,0.0,3,true,true,coarse_grid,false,governance.selection=pressure_max_under_constraints;seed=continuation
0.3,production_hybrid,3c5f6b3c9bd535cff7657364dadb2efc31f2ea48,21.0,0,2.55,379.528933,21.653777,0.0,3,true,true,coarse_grid,false,governance.selection=pressure_max_under_constraints;seed=continuation
0.3,production_hybrid,3c5f6b3c9bd535cff7657364dadb2efc31f2ea48,21.0,0,2.6,381.462153,21.665886,0.0,3,true,true,coarse_grid,false,governance.selection=pressure_max_under_constraints;seed=continuation
0.3,production_hybrid,3c5f6b3c9bd535cff7657364dadb2efc31f2ea48,21.0,0,2.65,383.434525,21.678481,0.0,3,true,true,coarse_grid,false,governance.selection=pressure_max_under_constraints;seed=continuation
0.3,production_hybrid,3c5f6b3c9bd535cff7657364dadb2efc31f2ea48,21.0,0,2.7,385.43623,21.691506,0.0,3,true,true,coarse_grid,false,governance.selection=pressure_max_under_constraints;seed=continuation
0.3,production_hybrid,3c5f6b3c9bd535cff7657364dadb2efc31f2ea48,21.0,0,2.75,387.459016,21.704915,0.0,3,true,true,coarse_grid,false,governance.selection=pressure_max_under_constraints;seed=continuation
0.3,production_hybrid,3c5f6b3c9bd535cff7657364dadb2efc31f2ea48,21.0,0,2.8,389.496021,21.718665,0.0,3,true,true,coarse_grid,false,governance.selection=pressure_max_under_constraints;seed=continuation
0.3,production_hybrid,3c5f6b3c9bd535cff7657364dadb2efc31f2ea48,21.0,0,2.85,391.541586,21.732722,0.0,3,true,true,coarse_grid,false,governance.selection=pressure_max_under_constraints;seed=continuation
0.3,production_hybrid,3c5f6b3c9bd535cff7657364dadb2efc31f2ea48,21.0,0,2.9,393.591075,21.747055,0.0,3,true,true,coarse_grid,false,governance.selection=pressure_max_under_constraints;seed=continuation
0.3,production_hybrid,3c5f6b3c9bd535cff7657364dadb2efc31f2ea48,21.0,0,2.95,395.640705,21.761638,0.0,3,true,true,coarse_grid,false,governance.selection=pressure_max_under_constraints;seed=continuation
0.3,production_hybrid,3c5f6b3c9bd535cff7657364dadb2efc31f2ea48,21.0,0,3.0,397.687405,21.776449,0.0,3,true,true,coarse_grid,false,governance.selection=pressure_max_under_constraints;seed=continuation
0.3,production_hybrid,3c5f6b3c9bd535cff7657364dadb2efc31f2ea48,21.0,0,3.05,399.728689,21.79147,0.0,3,true,true,coarse_grid,false,governance.selection=pressure_max_under_constraints;seed=continuation
0.3,production_hybrid,3c5f6b3c9bd535cff7657364dadb2efc31f2ea48,21.0,0,3.1,401.76255,21.806683,0.0,3,true,true,coarse_grid,false,governance.selection=pressure_max_under_constraints;seed=continuation
0.3,production_hybrid,3c5f6b3c9bd535cff7657364dadb2efc31f2ea48,21.0,0,3.15,403.787379,21.822075,0.0,3,true,true,coarse_grid,false,governance.selection=pressure_max_under_constraints;seed=continuation
0.3,production_hybrid,3c5f6b3c9bd535cff7657364dadb2efc31f2ea48,21.0,0,3.2,405.801886,21.837633,0.0,3,true,true,coarse_grid,false,governance.selection=pressure_max_under_constraints;seed=continuation
0.3,production_hybrid,3c5f6b3c9bd535cff7657364dadb2efc31f2ea48,21.0,0,3.25,407.805046,21.853348,0.0,3,true,true,coarse_grid,false,governance.selection=pressure_max_under_constraints;seed=continuation
0.3,production_hybrid,3c5f6b3c9bd535cff7657364dadb2efc31f2ea48,21.0,0,3.3,409.796053,21.869209,0.0,3,true,true,coarse_grid,false,governance.selection=pressure_max_under_constraints;seed=continuation
0.3,production_hybrid,3c5f6b3c9bd535cff7657364dadb2efc31f2ea48,21.0,0,3.35,411.774271,21.885209,0.0,3,true,true,coarse_grid,false,governance.selection=pressure_max_under_constraints;seed=continuation
0.3,production_hybrid,3c5f6b3c9bd535cff7657364dadb2efc31f2ea48,21.0,0,3.4,413.739214,21.90134,0.0,3,true,true,coarse_grid,false,governance.selection=pressure_max_under_constraints;seed=continuation
0.3,production_hybrid,3c5f6b3c9bd535cff7657364dadb2efc31f2ea48,21.0,0,3.45,415.690509,21.917597,0.0,3,true,true,coarse_grid,false,governance.selection=pressure_max_under_constraints;seed=continuation
0.3,production_hybrid,3c5f6b3c9bd535cff7657364dadb2efc31f2ea48,21.0,0,3.5,417.627881,21.933973,0.0,3,true,true,coarse_grid,false,governance.selection=pressure_max_under_constraints;seed=continuation
0.3,production_hybrid,3c5f6b3c9bd535cff7657364dadb2efc31f2ea48,21.0,0,3.55,419.551127,21.950464,0.0,3,true,true,coarse_grid,false,governance.selection=pressure_max_under_constraints;seed=continuation
0.3,production_hybrid,3c5f6b3c9bd535cff7657364dadb2efc31f2ea48,21.0,0,3.6,421.460111,21.967065,0.0,3,true,true,coarse_grid,false,governance.selection=pressure_max_under_constraints;seed=continuation
0.3,production_hybrid,3c5f6b3c9bd535cff7657364dadb2efc31f2ea48,21.0,0,3.65,423.35474,21.983771,0.0,3,true,true,coarse_grid,false,governance.selection=pressure_max_under_constraints;seed=continuation
0.3,production_hybrid,3c5f6b3c9bd535cff7657364dadb2efc31f2ea48,21.0,0,3.7,425.23496,22.00058,0.0,3,true,true,coarse_grid,false,governance.selection=pressure_max_under_constraints;seed=continuation
0.3,production_hybrid,3c5f6b3c9bd535cff7657364dadb2efc31f2ea48,21.0,0,3.75,427.100742,22.017485,0.0,3,true,true,coarse_grid,false,governance.selection=pressure_max_under_constraints;seed=continuation
0.3,production_hybrid,3c5f6b3c9bd535cff7657364dadb2efc31f2ea48,21.0,0,3.8,428.952075,22.034486,0.0,3,true,true,coarse_grid,false,governance.selection=pressure_max_under_constraints;seed=continuation
0.3,production_hybrid,3c5f6b3c9bd535cff7657364dadb2efc31f2ea48,21.0,0,3.85,430.788956,22.051576,0.0,3,true,true,coarse_grid,false,governance.selection=pressure_max_under_constraints;seed=continuation
0.3,production_hybrid,3c5f6b3c9bd535cff7657364dadb2efc31f2ea48,21.0,0,3.9,432.611384,22.068754,0.0,3,true,true,coarse_grid,false,governance.selection=pressure_max_under_constraints;seed=continuation
0.3,production_hybrid,3c5f6b3c9bd535cff7657364dadb2efc31f2ea48,21.0,0,3.95,434.419347,22.086016,0.0,3,true,true,coarse_grid,false,governance.selection=pressure_max_under_constraints;seed=continuation
0.3,production_hybrid,3c5f6b3c9bd535cff7657364dadb2efc31f2ea48,21.0,0,4.0,436.212819,22.103357,0.0,7,true,true,coarse_grid,false,governance.selection=pressure_max_under_constraints;seed=continuation
0.3,production_hybrid,3c5f6b3c9bd535cff7657364dadb2efc31f2ea48,21.0,1,0.025,367.434189,21.608442,0.0,4,true,true,fine_grid,false,governance.selection=pressure_max_under_constraints;seed=continuation
0.3,production_hybrid,3c5f6b3c9bd535cff7657364dadb2efc31f2ea48,21.0,1,0.075,374.724738,21.609243,0.0,4,true,true,fine_grid,false,governance.selection=pressure_max_under_constraints;seed=continuation
0.3,production_hybrid,3c5f6b3c9bd535cff7657364dadb2efc31f2ea48,21.0,1,0.125,377.755272,21.609961,0.0,3,true,true,fine_grid,false,governance.selection=pressure_max_under_constraints;seed=continuation
0.3,production_hybrid,3c5f6b3c9bd535cff7657364dadb2efc31f2ea48,21.0,1,0.175,379.44533,21.610568,0.0,3,true,true,fine_grid,false,governance.selection=pressure_max_under_constraints;seed=continuation
0.3,production_hybrid,3c5f6b3c9bd535cff7657364dadb2efc31f2ea48,21.0,1,0.225,380.439614,21.611046,0.0,3,true,true,fine_grid,false,governance.selection=pressure_max_under_constraints;seed=continuation
0.3,production_hybrid,3c5f6b3c9bd535cff7657364dadb2efc31f2ea48,21.0,1,0.275,380.996131,21.611381,0.0,3,true,true,fine_grid,false,governance.selection=pressure_max_under_constraints;seed=continuation
0.3,production_hybrid,3c5f6b3c9bd535cff7657364dadb2efc31f2ea48,21.0,1,0.325,381.247494,21.611562,0.0,3,true,true,fine_grid,false,governance.selection=pressure_max_under_constraints;seed=continuation
0.3,production_hybrid,3c5f6b3c9bd535cff7657364dadb2efc31f2ea48,21.0,1,0.375,381.272476,21.611581,0.0,3,true,true,fine_grid,false,governance.selection=pressure_max_under_constraints;seed=continuation
0.3,production_hybrid,3c5f6b3c9bd535cff7657364dadb2efc31f2ea48,21.0,1,0.425,381.122549,21.611434,0.0,3,true,true,fine_grid,false,governance.selection=pressure_max_under_constraints;seed=continuation
0.3,production_hybrid,3c5f6b3c9bd535cff7657364dadb2efc31f2ea48,21.0,1,0.475,380.833704,21.611116,0.0,3,true,true,fine_grid,false,governance.selection=pressure_max_under_constraints;seed=continuation
0.3,production_hybrid,3c5f6b3c9bd535cff7657364dadb2efc31f2ea48,21.0,1,0.525,380.432428,21.610627,0.0,3,true,true,fine_grid,false,governance.selection=pressure_max_under_constraints;seed=continuation
0.3,production_hybrid,3c5f6b3c9bd535cff7657364dadb2efc31f2ea48,21.0,1,0.575,379.939016,21.609966,0.0,3,true,true,fine_grid,false,governance.selection=pressure_max_under_constraints;seed=continuation
0.3,production_hybrid,3c5f6b3c9bd535cff7657364dadb2efc31f2ea48,21.0,1,0.625,379.369545,21.609135,0.0,2,true,true,fine_grid,false,governance.selection=pressure_max_under_constraints;seed=continuation
0.3,production_hybrid,3c5f6b3c9bd535cff7657364dadb2efc31f2ea48,21.0,1,0.675,378.737117,21.608134,0.0,2,true,true,fine_grid,false,governance.selection=pressure_max_under_constraints;seed=continuation
0.3,production_hybrid,3c5f6b3c9bd535cff7657364dadb2efc31f2ea48,21.0,1,0.725,378.052685,21.606968,0.0,2,true,true,fine_grid,false,governance.selection=pressure_max_under_constraints;seed=continuation
0.3,production_hybrid,3c5f6b3c9bd535cff7657364dadb2efc31f2ea48,21.0,1,0.775,377.325618,21.605641,0.0,2,true,true,fine_grid,false,governance.selection=pressure_max_under_constraints;seed=continuation
0.3,production_hybrid,3c5f6b3c9bd535cff7657364dadb2efc31f2ea48,21.0,1,0.825,376.564107,21.604159,0.0,2,true,true,fine_grid,false,governance.selection=pressure_max_under_constraints;seed=continuation
0.3,production_hybrid,3c5f6b3c9bd535cff7657364dadb2efc31f2ea48,21.0,1,0.875,375.775459,21.602528,0.0,2,true,true,fine_grid,false,governance.selection=pressure_max_under_constraints;seed=continuation
0.3,production_hybrid,3c5f6b3c9bd535cff7657364dadb2efc31f2ea48,21.0,1,0.925,374.96633,21.600757,0.0,2,true,true,fine_grid,false,governance.selection=pressure_max_under_constraints;seed=continuation
0.3,production_hybrid,3c5f6b3c9bd535cff7657364dadb2efc31f2ea48,21.0,1,0.975,374.1429,21.598854,0.0,2,true,true,fine_grid,false,governance.selection=pressure_max_under_constraints;seed=continuation
0.3,production_hybrid,3c5f6b3c9bd535cff7657364dadb2efc31f2ea48,21.0,1,1.025,373.311019,21.59683,0.0,2,true,true,fine_grid,false,governance.selection=pressure_max_under_constraints;seed=continuation
0.3,production_hybrid,3c5f6b3c9bd535cff7657364dadb2efc31f2ea48,21.0,1,1.075,372.476331,21.594698,0.0,2,true,true,fine_grid,false,governance.selection=pressure_max_under_constraints;seed=continuation
0.3,production_hybrid,3c5f6b3c9bd535cff7657364dadb2efc31f2ea48,21.0,1,1.125,371.644376,21.592472,0.0,2,true,true,fine_grid,false,governance.selection=pressure_max_under_constraints;seed=continuation
0.3,production_hybrid,3c5f6b3c9bd535cff7657364dadb2efc31f2ea48,21.0,1,1.175,370.820693,21.590168,0.0,2,true,true,fine_grid,false,governance.selection=pressure_max_under_constraints;seed=continuation
0.3,production_hybrid,3c5f6b3c9bd535cff7657364dadb2efc31f2ea48,21.0,1,1.225,370.010906,21.587804,0.0,2,true,true,fine_grid,false,governance.selection=pressure_max_under_constraints;seed=continuation
0.3,production_hybrid,3c5f6b3c9bd535cff7657364dadb2efc31f2ea48,21.0,1,1.275,369.220811,21.585402,0.0,2,true,true,fine_grid,false,governance.selection=pressure_max_under_constraints;seed=continuation
0.3,production_hybrid,3c5f6b3c9bd535cff7657364dadb2efc31f2ea48,21.0,1,1.325,368.456466,21.582986,0.0,3,true,true,fine_grid,false,governance.selection=pressure_max_under_constraints;seed=continuation
0.3,production_hybrid,3c5f6b3c9bd535cff7657364dadb2efc31f2ea48,21.0,1,1.375,367.724274,21.580581,0.0,3,true,true,fine_grid,false,governance.selection=pressure_max_under_constraints;seed=continuation
0.3,production_hybrid,3c5f6b3c9bd535cff7657364dadb2efc31f2ea48,21.0,1,1.425,367.031074,21.578221,0.0,3,true,true,fine_grid,false,governance.selection=pressure_max_under_constraints;seed=continuation
0.3,production_hybrid,3c5f6b3c9bd535cff7657364dadb2efc31f2ea48,21.0,1,1.475,366.384225,21.57594,0.0,3,true,true,fine_grid,false,governance.selection=pressure_max_under_constraints;seed=continuation
0.3,production_hybrid,3c5f6b3c9bd535cff7657364dadb2efc31f2ea48,21.0,1,1.525,365.791698,21.573779,0.0,3,true,true,fine_grid,false,governance.selection=pressure_max_under_constraints;seed=continuation
0.3,production_hybrid,3c5f6b3c9bd535cff7657364dadb2efc31f2ea48,21.0,1,1.575,365.262148,21.571783,0.0,3,true,true,fine_grid,false,governance.selection=pressure_max_under_constraints;seed=continuation
0.3,production_hybrid,3c5f6b3c9bd535cff7657364dadb2efc31f2ea48,21.0,1,1.625,364.80498,21.570004,0.0,3,true,true,fine_grid,false,governance.selection=pressure_max_under_constraints;seed=continuation
0.3,production_hybrid,3c5f6b3c9bd535cff7657364dadb2efc31f2ea48,21.0,1,1.675,364.430384,21.568502,0.0,3,true,true,fine_grid,false,governance.selection=pressure_max_under_constraints;seed=continuation
0.3,production_hybrid,3c5f6b3c9bd535cff7657364dadb2efc31f2ea48,21.0,1,1.725,364.149312,21.56734,0.0,3,true,true,fine_grid,false,governance.selection=pressure_max_under_constraints;seed=continuation
0.3,production_hybrid,3c5f6b3c9bd535cff7657364dadb2efc31f2ea48,21.0,1,1.775,363.973396,21.566593,0.0,3,true,true,fine_grid,false,governance.selection=pressure_max_under_constraints;seed=continuation
0.3,production_hybrid,3c5f6b3c9bd535cff7657364dadb2efc31f2ea48,21.0,1,1.825,363.914738,21.566337,0.0,3,true,true,fine_grid,false,governance.selection=pressure_max_under_constraints;seed=continuation
0.3,production_hybrid,3c5f6b3c9bd535cff7657364dadb2efc31f2ea48,21.0,1,1.875,363.985567,21.566657,0.0,3,true,true,fine_grid,false,governance.selection=pressure_max_under_constraints;seed=continuation
0.3,production_hybrid,3c5f6b3c9bd535cff7657364dadb2efc31f2ea48,21.0,1,1.925,364.197713,21.567639,0.0,3,true,true,fine_grid,false,governance.selection=pressure_max_under_constraints;seed=continuation
0.3,production_hybrid,3c5f6b3c9bd535cff7657364dadb2efc31f2ea48,21.0,1,1.975,364.561901,21.569368,0.0,3,true,true,fine_grid,false,governance.selection=pressure_max_under_constraints;seed=continuation
0.3,production_hybrid,3c5f6b3c9bd535cff7657364dadb2efc31f2ea48,21.0,1,2.025,365.086881,21.571924,0.0,3,true,true,fine_grid,false,governance.selection=pressure_max_under_constraints;seed=continuation
0.3,production_hybrid,3c5f6b3c9bd535cff7657364dadb2efc31f2ea48,21.0,1,2.075,365.778504,21.575375,0.0,3,true,true,fine_grid,false,governance.selection=pressure_max_under_constraints;seed=continuation
0.3,production_hybrid,3c5f6b3c9bd535cff7657364dadb2efc31f2ea48,21.0,1,2.125,366.63888,21.579771,0.0,3,true,true,fine_grid,false,governance.selection=pressure_max_under_constraints;seed=continuation
0.3,production_hybrid,3c5f6b3c9bd535cff7657364dadb2efc31f2ea48,21.0,1,2.175,367.665818,21.585144,0.0,3,true,true,fine_grid,false,governance.selection=pressure_max_under_constraints;seed=continuation
0.3,production_hybrid,3c5f6b3c9bd535cff7657364dadb2efc31f2ea48,21.0,1,2.225,368.852713,21.591497,0.0,3,true,true,fine_grid,false,governance.selection=pressure_max_under_constraints;seed=continuation
0.3,production_hybrid,3c5f6b3c9bd535cff7657364dadb2efc31f2ea48,21.0,1,2.275,370.188946,21.598812,0.0,3,true,true,fine_grid,false,governance.selection=pressure_max_under_constraints;seed=continuation
0.3,production_hybrid,3c5f6b3c9bd535cff7657364dadb2efc31f2ea48,21.0,1,2.325,371.660736,21.607047,0.0,3,true,true,fine_grid,false,governance.selection=pressure_max_under_constraints;seed=continuation
0.3,production_hybrid,3c5f6b3c9bd535cff7657364dadb2efc31f2ea48,21.0,1,2.375,373.252275,21.616146,0.0,3,true,true,fine_grid,false,governance.selection=pressure_max_under_constraints;seed=continuation
0.3,production_hybrid,3c5f6b3c9bd535cff7657364dadb2efc31f2ea48,21.0,1,2.425,374.946906,21.626041,0.0,3,true,true,fine_grid,false,governance.selection=pressure_max_under_constraints;seed=continuation
0.3,production_hybrid,3c5f6b3c9bd535cff7657364dadb2efc31f2ea48,21.0,1,2.475,376.72816,21.636657,0.0,3,true,true,fine_grid,false,governance.selection=pressure_max_under_constraints;seed=continuation
0.3,production_hybrid,3c5f6b3c9bd535cff7657364dadb2efc31f2ea48,21.0,1,2.525,378.580534,21.647923,0.0,3,true,true,fine_grid,false,governance.selection=pressure_max_under_constraints;seed=continuation
0.3,production_hybrid,3c5f6b3c9bd535cff7657364dadb2efc31f2ea48,21.0,1,2.575,380.489971,21.659767,0.0,3,true,true,fine_grid,false,governance.selection=pressure_max_under_constraints;seed=continuation
0.3,production_hybrid,3c5f6b3c9bd535cff7657364dadb2efc31f2ea48,21.0,1,2.625,382.444097,21.672127,0.0,3,true,true,fine_grid,false,governance.selection=pressure_max_under_constraints;seed=continuation
0.3,production_hybrid,3c5f6b3c9bd535cff7657364dadb2efc31f2ea48,21.0,1,2.675,384.432261,21.684943,0.0,3,true,true,fine_grid,false,governance.selection=pressure_max_under_constraints;seed=continuation
0.3,production_hybrid,3c5f6b3c9bd535cff7657364dadb2efc31f2ea48,21.0,1,2.725,386.445447,21.698165,0.0,3,true,true,fine_grid,false,governance.selection=pressure_max_under_constraints;seed=continuation
0.3,production_hybrid,3c5f6b3c9bd535cff7657364dadb2efc31f2ea48,21.0,1,2.775,388.476121,21.711749,0.0,3,true,true,fine_grid,false,governance.selection=pressure_max_under_constraints;seed=continuation
0.3,production_hybrid,3c5f6b3c9bd535cff7657364dadb2efc31f2ea48,21.0,1,2.825,390.518045,21.725657,0.0,3,true,true,fine_grid,false,governance.selection=pressure_max_under_constraints;seed=continuation
0.3,production_hybrid,3c5f6b3c9bd535cff7657364dadb2efc31f2ea48,21.0,1,2.875,392.566095,21.739855,0.0,3,true,true,fine_grid,false,governance.selection=pressure_max_under_constraints;seed=continuation
0.3,production_hybrid,3c5f6b3c9bd535cff7657364dadb2efc31f2ea48,21.0,1,2.925,394.616079,21.754317,0.0,3,true,true,fine_grid,false,governance.selection=pressure_max_under_constraints;seed=continuation
0.3,production_hybrid,3c5f6b3c9bd535cff7657364dadb2efc31f2ea48,21.0,1,2.975,396.664589,21.769017,0.0,3,true,true,fine_grid,false,governance.selection=pressure_max_under_constraints;seed=continuation
0.3,production_hybrid,3c5f6b3c9bd535cff7657364dadb2efc31f2ea48,21.0,1,3.025,398.70886,21.783935,0.0,3,true,true,fine_grid,false,governance.selection=pressure_max_under_constraints;seed=continuation
0.3,production_hybrid,3c5f6b3c9bd535cff7657364dadb2efc31f2ea48,21.0,1,3.075,400.746656,21.799053,0.0,3,true,true,fine_grid,false,governance.selection=pressure_max_under_constraints;seed=continuation
0.3,production_hybrid,3c5f6b3c9bd535cff7657364dadb2efc31f2ea48,21.0,1,3.125,402.776181,21.814357,0.0,3,true,true,fine_grid,false,governance.selection=pressure_max_under_constraints;seed=continuation
0.3,production_hybrid,3c5f6b3c9bd535cff7657364dadb2efc31f2ea48,21.0,1,3.175,404.795992,21.829834,0.0,3,true,true,fine_grid,false,governance.selection=pressure_max_under_constraints;seed=continuation
0.3,production_hybrid,3c5f6b3c9bd535cff7657364dadb2efc31f2ea48,21.0,1,3.225,406.804939,21.845472,0.0,3,true,true,fine_grid,false,governance.selection=pressure_max_under_constraints;seed=continuation
0.3,production_hybrid,3c5f6b3c9bd535cff7657364dadb2efc31f2ea48,21.0,1,3.275,408.802112,21.86126,0.0,3,true,true,fine_grid,false,governance.selection=pressure_max_under_constraints;seed=continuation
0.3,production_hybrid,3c5f6b3c9bd535cff7657364dadb2efc31f2ea48,21.0,1,3.325,410.786794,21.877192,0.0,3,true,true,fine_grid,false,governance.selection=pressure_max_under_constraints;seed=continuation
0.3,production_hybrid,3c5f6b3c9bd535cff7657364dadb2efc31f2ea48,21.0,1,3.375,412.758428,21.893258,0.0,3,true,true,fine_grid,false,governance.selection=pressure_max_under_constraints;seed=continuation
0.3,production_hybrid,3c5f6b3c9bd535cff7657364dadb2efc31f2ea48,21.0,1,3.425,414.716587,21.909453,0.0,3,true,true,fine_grid,false,governance.selection=pressure_max_under_constraints;seed=continuation
0.3,production_hybrid,3c5f6b3c9bd535cff7657364dadb2efc31f2ea48,21.0,1,3.475,416.66095,21.925771,0.0,2,true,true,fine_grid,false,governance.selection=pressure_max_under_constraints;seed=continuation
0.3,production_hybrid,3c5f6b3c9bd535cff7657364dadb2efc31f2ea48,21.0,1,3.525,418.591279,21.942205,0.0,2,true,true,fine_grid,false,governance.selection=pressure_max_under_constraints;seed=continuation
0.3,production_hybrid,3c5f6b3c9bd535cff7657364dadb2efc31f2ea48,21.0,1,3.575,420.507409,21.958751,0.0,2,true,true,fine_grid,false,governance.selection=pressure_max_under_constraints;seed=continuation
0.3,production_hybrid,3c5f6b3c9bd535cff7657364dadb2efc31f2ea48,21.0,1,3.625,422.409224,21.975405,0.0,2,true,true,fine_grid,false,governance.selection=pressure_max_under_constraints;seed=continuation
0.3,production_hybrid,3c5f6b3c9bd535cff7657364dadb2efc31f2ea48,21.0,1,3.675,424.296653,21.992163,0.0,2,true,true,fine_grid,false,governance.selection=pressure_max_under_constraints;seed=continuation
0.3,production_hybrid,3c5f6b3c9bd535cff7657364dadb2efc31f2ea48,21.0,1,3.725,426.169656,22.00902,0.0,2,true,true,fine_grid,false,governance.selection=pressure_max_under_constraints;seed=continuation
0.3,production_hybrid,3c5f6b3c9bd535cff7657364dadb2efc31f2ea48,21.0,1,3.775,428.028215,22.025974,0.0,2,true,true,fine_grid,false,governance.selection=pressure_max_under_constraints;seed=continuation
0.3,production_hybrid,3c5f6b3c9bd535cff7657364dadb2efc31f2ea48,21.0,1,3.825,429.872322,22.04302,0.0,2,true,true,fine_grid,false,governance.selection=pressure_max_under_constraints;seed=continuation
0.3,production_hybrid,3c5f6b3c9bd535cff7657364dadb2efc31f2ea48,21.0,1,3.875,431.701977,22.060155,0.0,2,true,true,fine_grid,false,governance.selection=pressure_max_under_constraints;seed=continuation
0.3,production_hybrid,3c5f6b3c9bd535cff7657364dadb2efc31f2ea48,21.0,1,3.925,433.517175,22.077375,0.0,2,true,true,fine_grid,false,governance.selection=pressure_max_under_constraints;seed=continuation
0.3,production_hybrid,3c5f6b3c9bd535cff7657364dadb2efc31f2ea48,21.0,1,3.975,435.317897,22.094677,0.0,2,true,true,fine_grid,false,governance.selection=pressure_max_under_constraints;seed=continuation
0.3,production_hybrid,3c5f6b3c9bd535cff7657364dadb2efc31f2ea48,21.0,2,0.0125,362.655746,21.608233,0.0,4,true,true,stage_b_grid,false,governance.selection=pressure_max_under_constraints;seed=continuation
0.3,production_hybrid,3c5f6b3c9bd535cff7657364dadb2efc31f2ea48,21.0,2,0.0375,370.187786,21.608648,0.0,3,true,true,stage_b_grid,false,governance.selection=pressure_max_under_constraints;seed=continuation
0.3,production_hybrid,3c5f6b3c9bd535cff7657364dadb2efc31f2ea48,21.0,2,0.0625,373.563195,21.60905,0.0,3,true,true,stage_b_grid,false,governance.selection=pressure_max_under_constraints;seed=continuation
0.3,production_hybrid,3c5f6b3c9bd535cff7657364dadb2efc31f2ea48,21.0,2,0.0875,375.680024,21.609432,0.0,3,true,true,stage_b_grid,false,governance.selection=pressure_max_under_constraints;seed=continuation
0.3,production_hybrid,3c5f6b3c9bd535cff7657364dadb2efc31f2ea48,21.0,2,0.1125,377.166207,21.609791,0.0,3,true,true,stage_b_grid,false,governance.selection=pressure_max_under_constraints;seed=continuation
0.3,production_hybrid,3c5f6b3c9bd535cff7657364dadb2efc31f2ea48,21.0,2,0.1375,378.26651,21.610124,0.0,3,true,true,stage_b_grid,false,governance.selection=pressure_max_under_constraints;seed=continuation
0.3,production_hybrid,3c5f6b3c9bd535cff7657364dadb2efc31f2ea48,21.0,2,0.1625,379.102949,21.610428,0.0,3,true,true,stage_b_grid,false,governance.selection=pressure_max_under_constraints;seed=continuation
0.3,production_hybrid,3c5f6b3c9bd535cff7657364dadb2efc31f2ea48,21.0,2,0.1875,379.745695,21.6107,0.0,3,true,true,stage_b_grid,false,governance.selection=pressure_max_under_constraints;seed=continuation
0.3,production_hybrid,3c5f6b3c9bd535cff7657364dadb2efc31f2ea48,21.0,2,0.2125,380.239124,21.61094,0.0,3,true,true,stage_b_grid,false,governance.selection=pressure_max_under_constraints;seed=continuation
0.3,production_hybrid,3c5f6b3c9bd535cff7657364dadb2efc31f2ea48,21.0,2,0.2375,380.613277,21.611144,0.0,3,true,true,stage_b_grid,false,governance.selection=pressure_max_under_constraints;seed=continuation
0.3,production_hybrid,3c5f6b3c9bd535cff7657364dadb2efc31f2ea48,21.0,2,0.2625,380.889564,21.611312,0.0,3,true,true,stage_b_grid,false,governance.selection=pressure_max_under_constraints;seed=continuation
0.3,production_hybrid,3c5f6b3c9bd535cff7657364dadb2efc31f2ea48,21.0,2,0.2875,381.083868,21.611441,0.0,3,true,true,stage_b_grid,false,governance.selection=pressure_max_under_constraints;seed=continuation
0.3,production_hybrid,3c5f6b3c9bd535cff7657364dadb2efc31f2ea48,21.0,2,0.3125,381.208358,21.611532,0.0,3,true,true,stage_b_grid,false,governance.selection=pressure_max_under_constraints;seed=continuation
0.3,production_hybrid,3c5f6b3c9bd535cff7657364dadb2efc31f2ea48,21.0,2,0.3375,381.272607,21.611582,0.0,3,true,true,stage_b_grid,false,governance.selection=pressure_max_under_constraints;seed=continuation
0.3,production_hybrid,3c5f6b3c9bd535cff7657364dadb2efc31f2ea48,21.0,2,0.3625,381.284312,21.611592,0.0,3,true,true,stage_b_grid,false,governance.selection=pressure_max_under_constraints;seed=continuation
0.3,production_hybrid,3c5f6b3c9bd535cff7657364dadb2efc31f2ea48,21.0,2,0.3875,381.249781,21.61156,0.0,3,true,true,stage_b_grid,false,governance.selection=pressure_max_under_constraints;seed=continuation
0.3,production_hybrid,3c5f6b3c9bd535cff7657364dadb2efc31f2ea48,21.0,2,0.4125,381.174264,21.611487,0.0,2,true,true,stage_b_grid,false,governance.selection=pressure_max_under_constraints;seed=continuation
0.3,production_hybrid,3c5f6b3c9bd535cff7657364dadb2efc31f2ea48,21.0,2,0.4375,381.062196,21.611371,0.0,2,true,true,stage_b_grid,false,governance.selection=pressure_max_under_constraints;seed=continuation
0.3,production_hybrid,3c5f6b3c9bd535cff7657364dadb2efc31f2ea48,21.0,2,0.4625,380.917365,21.611212,0.0,2,true,true,stage_b_grid,false,governance.selection=pressure_max_under_constraints;seed=continuation
0.3,production_hybrid,3c5f6b3c9bd535cff7657364dadb2efc31f2ea48,21.0,2,0.4875,380.743046,21.61101,0.0,2,true,true,stage_b_grid,false,governance.selection=pressure_max_under_constraints;seed=continuation
0.3,production_hybrid,3c5f6b3c9bd535cff7657364dadb2efc31f2ea48,21.0,2,0.5125,380.542094,21.610766,0.0,2,true,true,stage_b_grid,false,governance.selection=pressure_max_under_constraints;seed=continuation
0.3,production_hybrid,3c5f6b3c9bd535cff7657364dadb2efc31f2ea48,21.0,2,0.5375,380.317025,21.610478,0.0,2,true,true,stage_b_grid,false,governance.selection=pressure_max_under_constraints;seed=continuation
0.3,production_hybrid,3c5f6b3c9bd535cff7657364dadb2efc31f2ea48,21.0,2,0.5625,380.070069,21.610148,0.0,2,true,true,stage_b_grid,false,governance.selection=pressure_max_under_constraints;seed=continuation
0.3,production_hybrid,3c5f6b3c9bd535cff7657364dadb2efc31f2ea48,21.0,2,0.5875,379.803224,21.609774,0.0,2,true,true,stage_b_grid,false,governance.selection=pressure_max_under_constraints;seed=continuation
0.3,production_hybrid,3c5f6b3c9bd535cff7657364dadb2efc31f2ea48,21.0,2,0.6125,379.518285,21.609358,0.0,2,true,true,stage_b_grid,false,governance.selection=pressure_max_under_constraints;seed=continuation
0.3,production_hybrid,3c5f6b3c9bd535cff7657364dadb2efc31f2ea48,21.0,2,0.6375,379.21688,21.6089,0.0,2,true,true,stage_b_grid,false,governance.selection=pressure_max_under_constraints;seed=continuation
0.3,production_hybrid,3c5f6b3c9bd535cff7657364dadb2efc31f2ea48,21.0,2,0.6625,378.900496,21.6084,0.0,2,true,true,stage_b_grid,false,governance.selection=pressure_max_under_constraints;seed=continuation
0.3,production_hybrid,3c5f6b3c9bd535cff7657364dadb2efc31f2ea48,21.0,2,0.6875,378.570494,21.607858,0.0,2,true,true,stage_b_grid,false,governance.selection=pressure_max_under_constraints;seed=continuation
0.3,production_hybrid,3c5f6b3c9bd535cff7657364dadb2efc31f2ea48,21.0,2,0.7125,378.228133,21.607275,0.0,2,true,true,stage_b_grid,false,governance.selection=pressure_max_under_constraints;seed=continuation
0.3,production_hybrid,3c5f6b3c9bd535cff7657364dadb2efc31f2ea48,21.0,2,0.7375,377.874577,21.606651,0.0,2,true,true,stage_b_grid,false,governance.selection=pressure_max_under_constraints;seed=continuation
0.3,production_hybrid,3c5f6b3c9bd535cff7657364dadb2efc31f2ea48,21.0,2,0.7625,377.510917,21.605988,0.0,2,true,true,stage_b_grid,false,governance.selection=pressure_max_under_constraints;seed=continuation
0.3,production_hybrid,3c5f6b3c9bd535cff7657364dadb2efc31f2ea48,21.0,2,0.7875,377.138171,21.605285,0.0,2,true,true,stage_b_grid,false,governance.selection=pressure_max_under_constraints;seed=continuation
0.3,production_hybrid,3c5f6b3c9bd535cff7657364dadb2efc31f2ea48,21.0,2,0.8125,376.757301,21.604544,0.0,2,true,true,stage_b_grid,false,governance.selection=pressure_max_under_constraints;seed=continuation
0.3,production_hybrid,3c5f6b3c9bd535cff7657364dadb2efc31f2ea48,21.0,2,0.8375,376.369219,21.603765,0.0,2,true,true,stage_b_grid,false,governance.selection=pressure_max_under_constraints;seed=continuation
0.3,production_hybrid,3c5f6b3c9bd535cff7657364dadb2efc31f2ea48,21.0,2,0.8625,375.974791,21.602949,0.0,2,true,true,stage_b_grid,false,governance.selection=pressure_max_under_constraints;seed=continuation
0.3,production_hybrid,3c5f6b3c9bd535cff7657364dadb2efc31f2ea48,21.0,2,0.8875,375.574848,21.602098,0.0,2,true,true,stage_b_grid,false,governance.selection=pressure_max_under_constraints;seed=continuation
0.3,production_hybrid,3c5f6b3c9bd535cff7657364dadb2efc31f2ea48,21.0,2,0.9125,375.170188,21.601212,0.0,2,true,true,stage_b_grid,false,governance.selection=pressure_max_under_constraints;seed=continuation
0.3,production_hybrid,3c5f6b3c9bd535cff7657364dadb2efc31f2ea48,21.0,2,0.9375,374.76158,21.600293,0.0,2,true,true,stage_b_grid,false,governance.selection=pressure_max_under_constraints;seed=continuation
0.3,production_hybrid,3c5f6b3c9bd535cff7657364dadb2efc31f2ea48,21.0,2,0.9625,374.349774,21.599341,0.0,2,true,true,stage_b_grid,false,governance.selection=pressure_max_under_constraints;seed=continuation
0.3,production_hybrid,3c5f6b3c9bd535cff7657364dadb2efc31f2ea48,21.0,2,0.9875,373.935499,21.598359,0.0,2,true,true,stage_b_grid,false,governance.selection=pressure_max_under_constraints;seed=continuation
0.3,production_hybrid,3c5f6b3c9bd535cff7657364dadb2efc31f2ea48,21.0,2,1.0125,373.519471,21.597347,0.0,2,true,true,stage_b_grid,false,governance.selection=pressure_max_under_constraints;seed=continuation
0.3,production_hybrid,3c5f6b3c9bd535cff7657364dadb2efc31f2ea48,21.0,2,1.0375,373.102393,21.596307,0.0,2,true,true,stage_b_grid,false,governance.selection=pressure_max_under_constraints;seed=continuation
0.3,production_hybrid,3c5f6b3c9bd535cff7657364dadb2efc31f2ea48,21.0,2,1.0625,372.684962,21.595241,0.0,2,true,true,stage_b_grid,false,governance.selection=pressure_max_under_constraints;seed=continuation
0.3,production_hybrid,3c5f6b3c9bd535cff7657364dadb2efc31f2ea48,21.0,2,1.0875,372.26787,21.59415,0.0,2,true,true,stage_b_grid,false,governance.selection=pressure_max_under_constraints;seed=continuation
0.3,production_hybrid,3c5f6b3c9bd535cff7657364dadb2efc31f2ea48,21.0,2,1.1125,371.851806,21.593037,0.0,2,true,true,stage_b_grid,false,governance.selection=pressure_max_under_constraints;seed=continuation
0.3,production_hybrid,3c5f6b3c9bd535cff7657364dadb2efc31f2ea48,21.0,2,1.1375,371.437462,21.591903,0.0,2,true,true,stage_b_grid,false,governance.selection=pressure_max_under_constraints;seed=continuation
0.3,production_hybrid,3c5f6b3c9bd535cff7657364dadb2efc31f2ea48,21.0,2,1.1625,371.025533,21.59075,0.0,2,true,true,stage_b_grid,false,governance.selection=pressure_max_under_constraints;seed=continuation
0.3,production_hybrid,3c5f6b3c9bd535cff7657364dadb2efc31f2ea48,21.0,2,1.1875,370.616721,21.589582,0.0,2,true,true,stage_b_grid,false,governance.selection=pressure_max_under_constraints;seed=continuation
0.3,production_hybrid,3c5f6b3c9bd535cff7657364dadb2efc31f2ea48,21.0,2,1.2125,370.211737,21.5884,0.0,2,true,true,stage_b_grid,false,governance.selection=pressure_max_under_constraints;seed=continuation
0.3,production_hybrid,3c5f6b3c9bd535cff7657364dadb2efc31f2ea48,21.0,2,1.2375,369.811305,21.587207,0.0,2,true,true,stage_b_grid,false,governance.selection=pressure_max_under_constraints;seed=continuation
0.3,production_hybrid,3c5f6b3c9bd535cff7657364dadb2efc31f2ea48,21.0,2,1.2625,369.416163,21.586005,0.0,2,true,true,stage_b_grid,false,governance.selection=pressure_max_under_constraints;seed=continuation
0.3,production_hybrid,3c5f6b3c9bd535cff7657364dadb2efc31f2ea48,21.0,2,1.2875,369.027067,21.584798,0.0,2,true,true,stage_b_grid,false,governance.selection=pressure_max_under_constraints;seed=continuation
0.3,production_hybrid,3c5f6b3c9bd535cff7657364dadb2efc31f2ea48,21.0,2,1.3125,368.644795,21.58359,0.0,2,true,true,stage_b_grid,false,governance.selection=pressure_max_under_constraints;seed=continuation
0.3,production_hybrid,3c5f6b3c9bd535cff7657364dadb2efc31f2ea48,21.0,2,1.3375,368.270145,21.582382,0.0,2,true,true,stage_b_grid,false,governance.selection=pressure_max_under_constraints;seed=continuation
0.3,production_hybrid,3c5f6b3c9bd535cff7657364dadb2efc31f2ea48,21.0,2,1.3625,367.903942,21.58118,0.0,2,true,true,stage_b_grid,false,governance.selection=pressure_max_under_constraints;seed=continuation
0.3,production_hybrid,3c5f6b3c9bd535cff7657364dadb2efc31f2ea48,21.0,2,1.3875,367.547041,21.579986,0.0,2,true,true,stage_b_grid,false,governance.selection=pressure_max_under_constraints;seed=continuation
0.3,production_hybrid,3c5f6b3c9bd535cff7657364dadb2efc31f2ea48,21.0,2,1.4125,367.200326,21.578805,0.0,2,true,true,stage_b_grid,false,governance.selection=pressure_max_under_constraints;seed=continuation
0.3,production_hybrid,3c5f6b3c9bd535cff7657364dadb2efc31f2ea48,21.0,2,1.4375,366.864716,21.577642,0.0,2,true,true,stage_b_grid,false,governance.selection=pressure_max_under_constraints;seed=continuation
0.3,production_hybrid,3c5f6b3c9bd535cff7657364dadb2efc31f2ea48,21.0,2,1.4625,366.541167,21.576501,0.0,2,true,true,stage_b_grid,false,governance.selection=pressure_max_under_constraints;seed=continuation
0.3,production_hybrid,3c5f6b3c9bd535cff7657364dadb2efc31f2ea48,21.0,2,1.4875,366.230675,21.575387,0.0,2,true,true,stage_b_grid,false,governance.selection=pressure_max_under_constraints;seed=continuation
0.3,production_hybrid,3c5f6b3c9bd535cff7657364dadb2efc31f2ea48,21.0,2,1.5125,365.934276,21.574305,0.0,2,true,true,stage_b_grid,false,governance.selection=pressure_max_under_constraints;seed=continuation
0.3,production_hybrid,3c5f6b3c9bd535cff7657364dadb2efc31f2ea48,21.0,2,1.5375,365.653052,21.573262,0.0,2,true,true,stage_b_grid,false,governance.selection=pressure_max_under_constraints;seed=continuation
0.3,production_hybrid,3c5f6b3c9bd535cff7657364dadb2efc31f2ea48,21.0,2,1.5625,365.38813,21.572264,0.0,2,true,true,stage_b_grid,false,governance.selection=pressure_max_under_constraints;seed=continuation
0.3,production_hybrid,3c5f6b3c9bd535cff7657364dadb2efc31f2ea48,21.0,2,1.5875,365.140685,21.571316,0.0,2,true,true,stage_b_grid,false,governance.selection=pressure_max_under_constraints;seed=continuation
0.3,production_hybrid,3c5f6b3c9bd535cff7657364dadb2efc31f2ea48,21.0,2,1.6125,364.911942,21.570425,0.0,2,true,true,stage_b_grid,false,governance.selection=pressure_max_under_constraints;seed=continuation
0.3,production_hybrid,3c5f6b3c9bd535cff7657364dadb2efc31f2ea48,21.0,2,1.6375,364.703175,21.5696,0.0,2,true,true,stage_b_grid,false,governance.selection=pressure_max_under_constraints;seed=continuation
0.3,production_hybrid,3c5f6b3c9bd535cff7657364dadb2efc31f2ea48,21.0,2,1.6625,364.515705,21.568848,0.0,2,true,true,stage_b_grid,false,governance.selection=pressure_max_under_constraints;seed=continuation
0.3,production_hybrid,3c5f6b3c9bd535cff7657364dadb2efc31f2ea48,21.0,2,1.6875,364.350904,21.568177,0.0,2,true,true,stage_b_grid,false,governance.selection=pressure_max_under_constraints;seed=continuation
0.3,production_hybrid,3c5f6b3c9bd535cff7657364dadb2efc31f2ea48,21.0,2,1.7125,364.210186,21.567595,0.0,2,true,true,stage_b_grid,false,governance.selection=pressure_max_under_constraints;seed=continuation
0.3,production_hybrid,3c5f6b3c9bd535cff7657364dadb2efc31f2ea48,21.0,2,1.7375,364.095008,21.567112,0.0,2,true,true,stage_b_grid,false,governance.selection=pressure_max_under_constraints;seed=continuation
0.3,production_hybrid,3c5f6b3c9bd535cff7657364dadb2efc31f2ea48,21.0,2,1.7625,364.006861,21.566737,0.0,2,true,true,stage_b_grid,false,governance.selection=pressure_max_under_constraints;seed=continuation
0.3,production_hybrid,3c5f6b3c9bd535cff7657364dadb2efc31f2ea48,21.0,2,1.7875,363.94726,21.566479,0.0,2,true,true,stage_b_grid,false,governance.selection=pressure_max_under_constraints;seed=continuation
0.3,production_hybrid,3c5f6b3c9bd535cff7657364dadb2efc31f2ea48,21.0,2,1.8125,363.917739,21.56635,0.0,2,true,true,stage_b_grid,false,governance.selection=pressure_max_under_constraints;seed=continuation
0.3,production_hybrid,3c5f6b3c9bd535cff7657364dadb2efc31f2ea48,21.0,2,1.8375,363.919832,21.56636,0.0,2,true,true,stage_b_grid,false,governance.selection=pressure_max_under_constraints;seed=continuation
0.3,production_hybrid,3c5f6b3c9bd535cff7657364dadb2efc31f2ea48,21.0,2,1.8625,363.95506,21.566518,0.0,2,true,true,stage_b_grid,false,governance.selection=pressure_max_under_constraints;seed=continuation
0.3,production_hybrid,3c5f6b3c9bd535cff7657364dadb2efc31f2ea48,21.0,2,1.8875,364.024911,21.566837,0.0,2,true,true,stage_b_grid,false,governance.selection=pressure_max_under_constraints;seed=continuation
0.3,production_hybrid,3c5f6b3c9bd535cff7657364dadb2efc31f2ea48,21.0,2,1.9125,364.130815,21.567327,0.0,2,true,true,stage_b_grid,false,governance.selection=pressure_max_under_constraints;seed=continuation
0.3,production_hybrid,3c5f6b3c9bd535cff7657364dadb2efc31f2ea48,21.0,2,1.9375,364.274123,21.567998,0.0,2,true,true,stage_b_grid,false,governance.selection=pressure_max_under_constraints;seed=continuation
0.3,production_hybrid,3c5f6b3c9bd535cff7657364dadb2efc31f2ea48,21.0,2,1.9625,364.456079,21.568861,0.0,2,true,true,stage_b_grid,false,governance.selection=pressure_max_under_constraints;seed=continuation
0.3,production_hybrid,3c5f6b3c9bd535cff7657364dadb2efc31f2ea48,21.0,2,1.9875,364.677787,21.569927,0.0,2,true,true,stage_b_grid,false,governance.selection=pressure_max_under_constraints;seed=continuation
0.3,production_hybrid,3c5f6b3c9bd535cff7657364dadb2efc31f2ea48,21.0,2,2.0125,364.940184,21.571204,0.0,2,true,true,stage_b_grid,false,governance.selection=pressure_max_under_constraints;seed=continuation
0.3,production_hybrid,3c5f6b3c9bd535cff7657364dadb2efc31f2ea48,21.0,2,2.0375,365.244013,21.5727,0.0,2,true,true,stage_b_grid,false,governance.selection=pressure_max_under_constraints;seed=continuation
0.3,production_hybrid,3c5f6b3c9bd535cff7657364dadb2efc31f2ea48,21.0,2,2.0625,365.58979,21.574425,0.0,2,true,true,stage_b_grid,false,governance.selection=pressure_max_under_constraints;seed=continuation
0.3,production_hybrid,3c5f6b3c9bd535cff7657364dadb2efc31f2ea48,21.0,2,2.0875,365.977787,21.576383,0.0,2,true,true,stage_b_grid,false,governance.selection=pressure_max_under_constraints;seed=continuation
0.3,production_hybrid,3c5f6b3c9bd535cff7657364dadb2efc31f2ea48,21.0,2,2.1125,366.408009,21.578581,0.0,3,true,true,stage_b_grid,false,governance.selection=pressure_max_under_constraints;seed=continuation
0.3,production_hybrid,3c5f6b3c9bd535cff7657364dadb2efc31f2ea48,21.0,2,2.1375,366.880183,21.581022,0.0,3,true,true,stage_b_grid,false,governance.selection=pressure_max_under_constraints;seed=continuation
0.3,production_hybrid,3c5f6b3c9bd535cff7657364dadb2efc31f2ea48,21.0,2,2.1625,367.393756,21.583708,0.0,3,true,true,stage_b_grid,false,governance.selection=pressure_max_under_constraints;seed=continuation
0.3,production_hybrid,3c5f6b3c9bd535cff7657364dadb2efc31f2ea48,21.0,2,2.1875,367.947897,21.58664,0.0,3,true,true,stage_b_grid,false,governance.selection=pressure_max_under_constraints;seed=continuation
0.3,production_hybrid,3c5f6b3c9bd535cff7657364dadb2efc31f2ea48,21.0,2,2.2125,368.541512,21.589817,0.0,3,true,true,stage_b_grid,false,governance.selection=pressure_max_under_constraints;seed=continuation
0.3,production_hybrid,3c5f6b3c9bd535cff7657364dadb2efc31f2ea48,21.0,2,2.2375,369.173264,21.593237,0.0,3,true,true,stage_b_grid,false,governance.selection=pressure_max_under_constraints;seed=continuation
0.3,production_hybrid,3c5f6b3c9bd535cff7657364dadb2efc31f2ea48,21.0,2,2.2625,369.841597,21.596895,0.0,3,true,true,stage_b_grid,false,governance.selection=pressure_max_under_constraints;seed=continuation
0.3,production_hybrid,3c5f6b3c9bd535cff7657364dadb2efc31f2ea48,21.0,2,2.2875,370.544777,21.600786,0.0,3,true,true,stage_b_grid,false,governance.selection=pressure_max_under_constraints;seed=continuation
0.3,production_hybrid,3c5f6b3c9bd535cff7657364dadb2efc31f2ea48,21.0,2,2.3125,371.280921,21.604905,0.0,3,true,true,stage_b_grid,false,governance.selection=pressure_max_under_constraints;seed=continuation
0.3,production_hybrid,3c5f6b3c9bd535cff7657364dadb2efc31f2ea48,21.0,2,2.3375,372.048039,21.609244,0.0,3,true,true,stage_b_grid,false,governance.selection=pressure_max_under_constraints;seed=continuation
0.3,production_hybrid,3c5f6b3c9bd535cff7657364dadb2efc31f2ea48,21.0,2,2.3625,372.844071,21.613794,0.0,3,true,true,stage_b_grid,false,governance.selection=pressure_max_under_constraints;seed=continuation
0.3,production_hybrid,3c5f6b3c9bd535cff7657364dadb2efc31f2ea48,21.0,2,2.3875,373.666921,21.618548,0.0,3,true,true,stage_b_grid,false,governance.selection=pressure_max_under_constraints;seed=continuation
0.3,production_hybrid,3c5f6b3c9bd535cff7657364dadb2efc31f2ea48,21.0,2,2.4125,374.514495,21.623497,0.0,3,true,true,stage_b_grid,false,governance.selection=pressure_max_under_constraints;seed=continuation
0.3,production_hybrid,3c5f6b3c9bd535cff7657364dadb2efc31f2ea48,21.0,2,2.4375,375.384725,21.62863,0.0,3,true,true,stage_b_grid,false,governance.selection=pressure_max_under_constraints;seed=continuation
0.3,production_hybrid,3c5f6b3c9bd535cff7657364dadb2efc31f2ea48,21.0,2,2.4625,376.275596,21.633939,0.0,3,true,true,stage_b_grid,false,governance.selection=pressure_max_under_constraints;seed=continuation
0.3,production_hybrid,3c5f6b3c9bd535cff7657364dadb2efc31f2ea48,21.0,2,2.4875,377.185163,21.639416,0.0,3,true,true,stage_b_grid,false,governance.selection=pressure_max_under_constraints;seed=continuation
0.3,production_hybrid,3c5f6b3c9bd535cff7657364dadb2efc31f2ea48,21.0,2,2.5125,378.11157,21.645049,0.0,3,true,true,stage_b_grid,false,governance.selection=pressure_max_under_constraints;seed=continuation
0.3,production_hybrid,3c5f6b3c9bd535cff7657364dadb2efc31f2ea48,21.0,2,2.5375,379.053056,21.650832,0.0,3,true,true,stage_b_grid,false,governance.selection=pressure_max_under_constraints;seed=continuation
0.3,production_hybrid,3c5f6b3c9bd535cff7657364dadb2efc31f2ea48,21.0,2,2.5625,380.007968,21.656755,0.0,3,true,true,stage_b_grid,false,governance.selection=pressure_max_under_constraints;seed=continuation
0.3,production_hybrid,3c5f6b3c9bd535cff7657364dadb2efc31f2ea48,21.0,2,2.5875,380.974758,21.662811,0.0,3,true,true,stage_b_grid,false,governance.selection=pressure_max_under_constraints;seed=continuation
0.3,production_hybrid,3c5f6b3c9bd535cff7657364dadb2efc31f2ea48,21.0,2,2.6125,381.951987,21.668992,0.0,3,true,true,stage_b_grid,false,governance.selection=pressure_max_under_constraints;seed=continuation
0.3,production_hybrid,3c5f6b3c9bd535cff7657364dadb2efc31f2ea48,21.0,2,2.6375,382.938326,21.67529,0.0,3,true,true,stage_b_grid,false,governance.selection=pressure_max_under_constraints;seed=continuation
0.3,production_hybrid,3c5f6b3c9bd535cff7657364dadb2efc31f2ea48,21.0,2,2.6625,383.932549,21.681699,0.0,3,true,true,stage_b_grid,false,governance.selection=pressure_max_under_constraints;seed=continuation
0.3,production_hybrid,3c5f6b3c9bd535cff7657364dadb2efc31f2ea48,21.0,2,2.6875,384.93353,21.688212,0.0,3,true,true,stage_b_grid,false,governance.selection=pressure_max_under_constraints;seed=continuation
0.3,production_hybrid,3c5f6b3c9bd535cff7657364dadb2efc31f2ea48,21.0,2,2.7125,385.940241,21.694824,0.0,3,true,true,stage_b_grid,false,governance.selection=pressure_max_under_constraints;seed=continuation
0.3,production_hybrid,3c5f6b3c9bd535cff7657364dadb2efc31f2ea48,21.0,2,2.7375,386.951741,21.701529,0.0,3,true,true,stage_b_grid,false,governance.selection=pressure_max_under_constraints;seed=continuation
0.3,production_hybrid,3c5f6b3c9bd535cff7657364dadb2efc31f2ea48,21.0,2,2.7625,387.967174,21.708322,0.0,3,true,true,stage_b_grid,false,governance.selection=pressure_max_under_constraints;seed=continuation
0.3,production_hybrid,3c5f6b3c9bd535cff7657364dadb2efc31f2ea48,21.0,2,2.7875,388.985765,21.715197,0.0,2,true,true,stage_b_grid,false,governance.selection=pressure_max_under_constraints;seed=continuation
0.3,production_hybrid,3c5f6b3c9bd535cff7657364dadb2efc31f2ea48,21.0,2,2.8125,390.006807,21.722152,0.0,2,true,true,stage_b_grid,false,governance.selection=pressure_max_under_constraints;seed=continuation
0.3,production_hybrid,3c5f6b3c9bd535cff7657364dadb2efc31f2ea48,21.0,2,2.8375,391.029662,21.729181,0.0,2,true,true,stage_b_grid,false,governance.selection=pressure_max_under_constraints;seed=continuation
0.3,production_hybrid,3c5f6b3c9bd535cff7657364dadb2efc31f2ea48,21.0,2,2.8625,392.053752,21.73628,0.0,2,true,true,stage_b_grid,false,governance.selection=pressure_max_under_constraints;seed=continuation
0.3,production_hybrid,3c5f6b3c9bd535cff7657364dadb2efc31f2ea48,21.0,2,2.8875,393.078555,21.743447,0.0,2,true,true,stage_b_grid,false,governance.selection=pressure_max_under_constraints;seed=continuation
0.3,production_hybrid,3c5f6b3c9bd535cff7657364dadb2efc31f2ea48,21.0,2,2.9125,394.1036,21.750678,0.0,2,true,true,stage_b_grid,false,governance.selection=pressure_max_under_constraints;seed=continuation
0.3,production_hybrid,3c5f6b3c9bd535cff7657364dadb2efc31f2ea48,21.0,2,2.9375,395.128463,21.75797,0.0,2,true,true,stage_b_grid,false,governance.selection=pressure_max_under_constraints;seed=continuation
0.3,production_hybrid,3c5f6b3c9bd535cff7657364dadb2efc31f2ea48,21.0,2,2.9625,396.152761,21.76532,0.0,2,true,true,stage_b_grid,false,governance.selection=pressure_max_under_constraints;seed=continuation
0.3,production_hybrid,3c5f6b3c9bd535cff7657364dadb2efc31f2ea48,21.0,2,2.9875,397.17615,21.772726,0.0,2,true,true,stage_b_grid,false,governance.selection=pressure_max_under_constraints;seed=continuation
0.3,production_hybrid,3c5f6b3c9bd535cff7657364dadb2efc31f2ea48,21.0,2,3.0125,398.19832,21.780186,0.0,2,true,true,stage_b_grid,false,governance.selection=pressure_max_under_constraints;seed=continuation
0.3,production_hybrid,3c5f6b3c9bd535cff7657364dadb2efc31f2ea48,21.0,2,3.0375,399.218993,21.787696,0.0,2,true,true,stage_b_grid,false,governance.selection=pressure_max_under_constraints;seed=continuation
0.3,production_hybrid,3c5f6b3c9bd535cff7657364dadb2efc31f2ea48,21.0,2,3.0625,400.237919,21.795256,0.0,2,true,true,stage_b_grid,false,governance.selection=pressure_max_under_constraints;seed=continuation
0.3,production_hybrid,3c5f6b3c9bd535cff7657364dadb2efc31f2ea48,21.0,2,3.0875,401.254875,21.802862,0.0,2,true,true,stage_b_grid,false,governance.selection=pressure_max_under_constraints;seed=continuation
0.3,production_hybrid,3c5f6b3c9bd535cff7657364dadb2efc31f2ea48,21.0,2,3.1125,402.26966,21.810515,0.0,2,true,true,stage_b_grid,false,governance.selection=pressure_max_under_constraints;seed=continuation
0.3,production_hybrid,3c5f6b3c9bd535cff7657364dadb2efc31f2ea48,21.0,2,3.1375,403.282094,21.818211,0.0,2,true,true,stage_b_grid,false,governance.selection=pressure_max_under_constraints;seed=continuation
0.3,production_hybrid,3c5f6b3c9bd535cff7657364dadb2efc31f2ea48,21.0,2,3.1625,404.292017,21.825949,0.0,2,true,true,stage_b_grid,false,governance.selection=pressure_max_under_constraints;seed=continuation
0.3,production_hybrid,3c5f6b3c9bd535cff7657364dadb2efc31f2ea48,21.0,2,3.1875,405.299287,21.833729,0.0,2,true,true,stage_b_grid,false,governance.selection=pressure_max_under_constraints;seed=continuation
0.3,production_hybrid,3c5f6b3c9bd535cff7657364dadb2efc31f2ea48,21.0,2,3.2125,406.303774,21.841548,0.0,2,true,true,stage_b_grid,false,governance.selection=pressure_max_under_constraints;seed=continuation
0.3,production_hybrid,3c5f6b3c9bd535cff7657364dadb2efc31f2ea48,21.0,2,3.2375,407.305367,21.849405,0.0,2,true,true,stage_b_grid,false,governance.selection=pressure_max_under_constraints;seed=continuation
0.3,production_hybrid,3c5f6b3c9bd535cff7657364dadb2efc31f2ea48,21.0,2,3.2625,408.303965,21.857299,0.0,2,true,true,stage_b_grid,false,governance.selection=pressure_max_under_constraints;seed=continuation
0.3,production_hybrid,3c5f6b3c9bd535cff7657364dadb2efc31f2ea48,21.0,2,3.2875,409.299478,21.86523,0.0,2,true,true,stage_b_grid,false,governance.selection=pressure_max_under_constraints;seed=continuation
0.3,production_hybrid,3c5f6b3c9bd535cff7657364dadb2efc31f2ea48,21.0,2,3.3125,410.291827,21.873196,0.0,2,true,true,stage_b_grid,false,governance.selection=pressure_max_under_constraints;seed=continuation
0.3,production_hybrid,3c5f6b3c9bd535cff7657364dadb2efc31f2ea48,21.0,2,3.3375,411.280944,21.881196,0.0,2,true,true,stage_b_grid,false,governance.selection=pressure_max_under_constraints;seed=continuation
0.3,production_hybrid,3c5f6b3c9bd535cff7657364dadb2efc31f2ea48,21.0,2,3.3625,412.266768,21.889229,0.0,2,true,true,stage_b_grid,false,governance.selection=pressure_max_under_constraints;seed=continuation
0.3,production_hybrid,3c5f6b3c9bd535cff7657364dadb2efc31f2ea48,21.0,2,3.3875,413.249245,21.897295,0.0,2,true,true,stage_b_grid,false,governance.selection=pressure_max_under_constraints;seed=continuation
0.3,production_hybrid,3c5f6b3c9bd535cff7657364dadb2efc31f2ea48,21.0,2,3.4125,414.22833,21.905393,0.0,2,true,true,stage_b_grid,false,governance.selection=pressure_max_under_constraints;seed=continuation
0.3,production_hybrid,3c5f6b3c9bd535cff7657364dadb2efc31f2ea48,21.0,2,3.4375,415.203982,21.913521,0.0,2,true,true,stage_b_grid,false,governance.selection=pressure_max_under_constraints;seed=continuation
0.3,production_hybrid,3c5f6b3c9bd535cff7657364dadb2efc31f2ea48,21.0,2,3.4625,416.176167,21.92168,0.0,2,true,true,stage_b_grid,false,governance.selection=pressure_max_under_constraints;seed=continuation
0.3,production_hybrid,3c5f6b3c9bd535cff7657364dadb2efc31f2ea48,21.0,2,3.4875,417.144855,21.929868,0.0,2,true,true,stage_b_grid,false,governance.selection=pressure_max_under_constraints;seed=continuation
0.3,production_hybrid,3c5f6b3c9bd535cff7657364dadb2efc31f2ea48,21.0,2,3.5125,418.110023,21.938086,0.0,2,true,true,stage_b_grid,false,governance.selection=pressure_max_under_constraints;seed=continuation
0.3,production_hybrid,3c5f6b3c9bd535cff7657364dadb2efc31f2ea48,21.0,2,3.5375,419.071648,21.946331,0.0,2,true,true,stage_b_grid,false,governance.selection=pressure_max_under_constraints;seed=continuation
0.3,production_hybrid,3c5f6b3c9bd535cff7657364dadb2efc31f2ea48,21.0,2,3.5625,420.029715,21.954604,0.0,2,true,true,stage_b_grid,false,governance.selection=pressure_max_under_constraints;seed=continuation
0.3,production_hybrid,3c5f6b3c9bd535cff7657364dadb2efc31f2ea48,21.0,2,3.5875,420.984208,21.962905,0.0,2,true,true,stage_b_grid,false,governance.selection=pressure_max_under_constraints;seed=continuation
0.3,production_hybrid,3c5f6b3c9bd535cff7657364dadb2efc31f2ea48,21.0,2,3.6125,421.935117,21.971232,0.0,2,true,true,stage_b_grid,false,governance.selection=pressure_max_under_constraints;seed=continuation
0.3,production_hybrid,3c5f6b3c9bd535cff7657364dadb2efc31f2ea48,21.0,2,3.6375,422.882432,21.979585,0.0,2,true,true,stage_b_grid,false,governance.selection=pressure_max_under_constraints;seed=continuation
0.3,production_hybrid,3c5f6b3c9bd535cff7657364dadb2efc31f2ea48,21.0,2,3.6625,423.826147,21.987964,0.0,2,true,true,stage_b_grid,false,governance.selection=pressure_max_under_constraints;seed=continuation
0.3,production_hybrid,3c5f6b3c9bd535cff7657364dadb2efc31f2ea48,21.0,2,3.6875,424.766258,21.996368,0.0,2,true,true,stage_b_grid,false,governance.selection=pressure_max_under_constraints;seed=continuation
0.3,production_hybrid,3c5f6b3c9bd535cff7657364dadb2efc31f2ea48,21.0,2,3.7125,425.702759,22.004797,0.0,2,true,true,stage_b_grid,false,governance.selection=pressure_max_under_constraints;seed=continuation
0.3,production_hybrid,3c5f6b3c9bd535cff7657364dadb2efc31f2ea48,21.0,2,3.7375,426.635651,22.01325,0.0,2,true,true,stage_b_grid,false,governance.selection=pressure_max_under_constraints;seed=continuation
0.3,production_hybrid,3c5f6b3c9bd535cff7657364dadb2efc31f2ea48,21.0,2,3.7625,427.56493,22.021727,0.0,2,true,true,stage_b_grid,false,governance.selection=pressure_max_under_constraints;seed=continuation
0.3,production_hybrid,3c5f6b3c9bd535cff7657364dadb2efc31f2ea48,21.0,2,3.7875,428.490596,22.030227,0.0,2,true,true,stage_b_grid,false,governance.selection=pressure_max_under_constraints;seed=continuation
0.3,production_hybrid,3c5f6b3c9bd535cff7657364dadb2efc31f2ea48,21.0,2,3.8125,429.41265,22.03875,0.0,2,true,true,stage_b_grid,false,governance.selection=pressure_max_under_constraints;seed=continuation
0.3,production_hybrid,3c5f6b3c9bd535cff7657364dadb2efc31f2ea48,21.0,2,3.8375,430.331091,22.047295,0.0,2,true,true,stage_b_grid,false,governance.selection=pressure_max_under_constraints;seed=continuation
0.3,production_hybrid,3c5f6b3c9bd535cff7657364dadb2efc31f2ea48,21.0,2,3.8625,431.245918,22.055863,0.0,2,true,true,stage_b_grid,false,governance.selection=pressure_max_under_constraints;seed=continuation
0.3,production_hybrid,3c5f6b3c9bd535cff7657364dadb2efc31f2ea48,21.0,2,3.8875,432.157132,22.064452,0.0,2,true,true,stage_b_grid,false,governance.selection=pressure_max_under_constraints;seed=continuation
0.3,production_hybrid,3c5f6b3c9bd535cff7657364dadb2efc31f2ea48,21.0,2,3.9125,433.064731,22.073062,0.0,2,true,true,stage_b_grid,false,governance.selection=pressure_max_under_constraints;seed=continuation
0.3,production_hybrid,3c5f6b3c9bd535cff7657364dadb2efc31f2ea48,21.0,2,3.9375,433.968713,22.081693,0.0,2,true,true,stage_b_grid,false,governance.selection=pressure_max_under_constraints;seed=continuation
0.3,production_hybrid,3c5f6b3c9bd535cff7657364dadb2efc31f2ea48,21.0,2,3.9625,434.869075,22.090344,0.0,2,true,true,stage_b_grid,false,governance.selection=pressure_max_under_constraints;seed=continuation
0.3,production_hybrid,3c5f6b3c9bd535cff7657364dadb2efc31f2ea48,21.0,2,3.9875,435.765812,22.099015,0.0,2,true,true,stage_b_grid,false,governance.selection=pressure_max_under_constraints;seed=continuation
0.3,production_hybrid,3c5f6b3c9bd535cff7657364dadb2efc31f2ea48,21.0,3,0.00625,357.836176,21.608127,0.0,4,true,true,stage_b_grid,false,governance.selection=pressure_max_under_constraints;seed=continuation
0.3,production_hybrid,3c5f6b3c9bd535cff7657364dadb2efc31f2ea48,21.0,3,0.01875,365.458629,21.608338,0.0,3,true,true,stage_b_grid,false,governance.selection=pressure_max_under_constraints;seed=continuation
0.3,production_hybrid,3c5f6b3c9bd535cff7657364dadb2efc31f2ea48,21.0,3,0.03125,368.955213,21.608546,0.0,3,true,true,stage_b_grid,false,governance.selection=pressure_max_under_constraints;seed=continuation
0.3,production_hybrid,3c5f6b3c9bd535cff7657364dadb2efc31f2ea48,21.0,3,0.04375,371.220532,21.60875,0.0,3,true,true,stage_b_grid,false,governance.selection=pressure_max_under_constraints;seed=continuation
0.3,production_hybrid,3c5f6b3c9bd535cff7657364dadb2efc31f2ea48,21.0,3,0.05625,372.879485,21.608951,0.0,3,true,true,stage_b_grid,false,governance.selection=pressure_max_under_constraints;seed=continuation
0.3,production_hybrid,3c5f6b3c9bd535cff7657364dadb2efc31f2ea48,21.0,3,0.06875,374.174173,21.609147,0.0,3,true,true,stage_b_grid,false,governance.selection=pressure_max_under_constraints;seed=continuation
0.3,production_hybrid,3c5f6b3c9bd535cff7657364dadb2efc31f2ea48,21.0,3,0.08125,375.224258,21.609338,0.0,3,true,true,stage_b_grid,false,governance.selection=pressure_max_under_constraints;seed=continuation
0.3,production_hybrid,3c5f6b3c9bd535cff7657364dadb2efc31f2ea48,21.0,3,0.09375,376.097828,21.609524,0.0,3,true,true,stage_b_grid,false,governance.selection=pressure_max_under_constraints;seed=continuation
0.3,production_hybrid,3c5f6b3c9bd535cff7657364dadb2efc31f2ea48,21.0,3,0.10625,376.837411,21.609703,0.0,3,true,true,stage_b_grid,false,governance.selection=pressure_max_under_constraints;seed=continuation
0.3,production_hybrid,3c5f6b3c9bd535cff7657364dadb2efc31f2ea48,21.0,3,0.11875,377.471405,21.609876,0.0,3,true,true,stage_b_grid,false,governance.selection=pressure_max_under_constraints;seed=continuation
0.3,production_hybrid,3c5f6b3c9bd535cff7657364dadb2efc31f2ea48,21.0,3,0.13125,378.019749,21.610043,0.0,3,true,true,stage_b_grid,false,governance.selection=pressure_max_under_constraints;seed=continuation
0.3,production_hybrid,3c5f6b3c9bd535cff7657364dadb2efc31f2ea48,21.0,3,0.14375,378.49701,21.610202,0.0,3,true,true,stage_b_grid,false,governance.selection=pressure_max_under_constraints;seed=continuation
0.3,production_hybrid,3c5f6b3c9bd535cff7657364dadb2efc31f2ea48,21.0,3,0.15625,378.914172,21.610355,0.0,3,true,true,stage_b_grid,false,governance.selection=pressure_max_under_constraints;seed=continuation
0.3,production_hybrid,3c5f6b3c9bd535cff7657364dadb2efc31f2ea48,21.0,3,0.16875,379.279738,21.610499,0.0,3,true,true,stage_b_grid,false,governance.selection=pressure_max_under_constraints;seed=continuation
0.3,production_hybrid,3c5f6b3c9bd535cff7657364dadb2efc31f2ea48,21.0,3,0.18125,379.600436,21.610635,0.0,3,true,true,stage_b_grid,false,governance.selection=pressure_max_under_constraints;seed=continuation
0.3,production_hybrid,3c5f6b3c9bd535cff7657364dadb2efc31f2ea48,21.0,3,0.19375,379.881689,21.610764,0.0,3,true,true,stage_b_grid,false,governance.selection=pressure_max_under_constraints;seed=continuation
0.3,production_hybrid,3c5f6b3c9bd535cff7657364dadb2efc31f2ea48,21.0,3,0.20625,380.127943,21.610883,0.0,3,true,true,stage_b_grid,false,governance.selection=pressure_max_under_constraints;seed=continuation
0.3,production_hybrid,3c5f6b3c9bd535cff7657364dadb2efc31f2ea48,21.0,3,0.21875,380.34289,21.610994,0.0,2,true,true,stage_b_grid,false,governance.selection=pressure_max_under_constraints;seed=continuation
0.3,production_hybrid,3c5f6b3c9bd535cff7657364dadb2efc31f2ea48,21.0,3,0.23125,380.529637,21.611096,0.0,2,true,true,stage_b_grid,false,governance.selection=pressure_max_under_constraints;seed=continuation
0.3,production_hybrid,3c5f6b3c9bd535cff7657364dadb2efc31f2ea48,21.0,3,0.24375,380.690826,21.611189,0.0,2,true,true,stage_b_grid,false,governance.selection=pressure_max_under_constraints;seed=continuation
0.3,production_hybrid,3c5f6b3c9bd535cff7657364dadb2efc31f2ea48,21.0,3,0.25625,380.828724,21.611273,0.0,2,true,true,stage_b_grid,false,governance.selection=pressure_max_under_constraints;seed=continuation
0.3,production_hybrid,3c5f6b3c9bd535cff7657364dadb2efc31f2ea48,21.0,3,0.26875,380.945297,21.611348,0.0,2,true,true,stage_b_grid,false,governance.selection=pressure_max_under_constraints;seed=continuation
0.3,production_hybrid,3c5f6b3c9bd535cff7657364dadb2efc31f2ea48,21.0,3,0.28125,381.042261,21.611412,0.0,2,true,true,stage_b_grid,false,governance.selection=pressure_max_under_constraints;seed=continuation
0.3,production_hybrid,3c5f6b3c9bd535cff7657364dadb2efc31f2ea48,21.0,3,0.29375,381.121124,21.611468,0.0,2,true,true,stage_b_grid,false,governance.selection=pressure_max_under_constraints;seed=continuation
0.3,production_hybrid,3c5f6b3c9bd535cff7657364dadb2efc31f2ea48,21.0,3,0.30625,381.18322,21.611513,0.0,2,true,true,stage_b_grid,false,governance.selection=pressure_max_under_constraints;seed=continuation
0.3,production_hybrid,3c5f6b3c9bd535cff7657364dadb2efc31f2ea48,21.0,3,0.31875,381.229739,21.611548,0.0,2,true,true,stage_b_grid,false,governance.selection=pressure_max_under_constraints;seed=continuation
0.3,production_hybrid,3c5f6b3c9bd535cff7657364dadb2efc31f2ea48,21.0,3,0.33125,381.261744,21.611573,0.0,2,true,true,stage_b_grid,false,governance.selection=pressure_max_under_constraints;seed=continuation
0.3,production_hybrid,3c5f6b3c9bd535cff7657364dadb2efc31f2ea48,21.0,3,0.34375,381.280192,21.611589,0.0,2,true,true,stage_b_grid,false,governance.selection=pressure_max_under_constraints;seed=continuation
0.3,production_hybrid,3c5f6b3c9bd535cff7657364dadb2efc31f2ea48,21.0,3,0.35625,381.285946,21.611593,0.0,2,true,true,stage_b_grid,false,governance.selection=pressure_max_under_constraints;seed=continuation
0.3,production_hybrid,3c5f6b3c9bd535cff7657364dadb2efc31f2ea48,21.0,3,0.36875,381.279793,21.611588,0.0,2,true,true,stage_b_grid,false,governance.selection=pressure_max_under_constraints;seed=continuation
0.3,production_hybrid,3c5f6b3c9bd535cff7657364dadb2efc31f2ea48,21.0,3,0.38125,381.262445,21.611572,0.0,2,true,true,stage_b_grid,false,governance.selection=pressure_max_under_constraints;seed=continuation
0.3,production_hybrid,3c5f6b3c9bd535cff7657364dadb2efc31f2ea48,21.0,3,0.39375,381.234558,21.611546,0.0,2,true,true,stage_b_grid,false,governance.selection=pressure_max_under_constraints;seed=continuation
0.3,production_hybrid,3c5f6b3c9bd535cff7657364dadb2efc31f2ea48,21.0,3,0.40625,381.196731,21.611509,0.0,2,true,true,stage_b_grid,false,governance.selection=pressure_max_under_constraints;seed=continuation
0.3,production_hybrid,3c5f6b3c9bd535cff7657364dadb2efc31f2ea48,21.0,3,0.41875,381.149516,21.611462,0.0,2,true,true,stage_b_grid,false,governance.selection=pressure_max_under_constraints;seed=continuation
0.3,production_hybrid,3c5f6b3c9bd535cff7657364dadb2efc31f2ea48,21.0,3,0.43125,381.093423,21.611404,0.0,2,true,true,stage_b_grid,false,governance.selection=pressure_max_under_constraints;seed=continuation
0.3,production_hybrid,3c5f6b3c9bd535cff7657364dadb2efc31f2ea48,21.0,3,0.44375,381.028924,21.611335,0.0,2,true,true,stage_b_grid,false,governance.selection=pressure_max_under_constraints;seed=continuation
0.3,production_hybrid,3c5f6b3c9bd535cff7657364dadb2efc31f2ea48,21.0,3,0.45625,380.956458,21.611256,0.0,2,true,true,stage_b_grid,false,governance.selection=pressure_max_under_constraints;seed=continuation
0.3,production_hybrid,3c5f6b3c9bd535cff7657364dadb2efc31f2ea48,21.0,3,0.46875,380.876432,21.611166,0.0,2,true,true,stage_b_grid,false,governance.selection=pressure_max_under_constraints;seed=continuation
0.3,production_hybrid,3c5f6b3c9bd535cff7657364dadb2efc31f2ea48,21.0,3,0.48125,380.789228,21.611065,0.0,2,true,true,stage_b_grid,false,governance.selection=pressure_max_under_constraints;seed=continuation
0.3,production_hybrid,3c5f6b3c9bd535cff7657364dadb2efc31f2ea48,21.0,3,0.49375,380.695201,21.610953,0.0,2,true,true,stage_b_grid,false,governance.selection=pressure_max_under_constraints;seed=continuation
0.3,production_hybrid,3c5f6b3c9bd535cff7657364dadb2efc31f2ea48,21.0,3,0.50625,380.594686,21.610831,0.0,2,true,true,stage_b_grid,false,governance.selection=pressure_max_under_constraints;seed=continuation
0.3,production_hybrid,3c5f6b3c9bd535cff7657364dadb2efc31f2ea48,21.0,3,0.51875,380.487996,21.610698,0.0,2,true,true,stage_b_grid,false,governance.selection=pressure_max_under_constraints;seed=continuation
0.3,production_hybrid,3c5f6b3c9bd535cff7657364dadb2efc31f2ea48,21.0,3,0.53125,380.375427,21.610554,0.0,2,true,true,stage_b_grid,false,governance.selection=pressure_max_under_constraints;seed=continuation
0.3,production_hybrid,3c5f6b3c9bd535cff7657364dadb2efc31f2ea48,21.0,3,0.54375,380.257256,21.6104,0.0,2,true,true,stage_b_grid,false,governance.selection=pressure_max_under_constraints;seed=continuation
0.3,production_hybrid,3c5f6b3c9bd535cff7657364dadb2efc31f2ea48,21.0,3,0.55625,380.133747,21.610234,0.0,2,true,true,stage_b_grid,false,governance.selection=pressure_max_under_constraints;seed=continuation
0.3,production_hybrid,3c5f6b3c9bd535cff7657364dadb2efc31f2ea48,21.0,3,0.56875,380.005149,21.610058,0.0,2,true,true,stage_b_grid,false,governance.selection=pressure_max_under_constraints;seed=continuation
0.3,production_hybrid,3c5f6b3c9bd535cff7657364dadb2efc31f2ea48,21.0,3,0.58125,379.871699,21.609872,0.0,2,true,true,stage_b_grid,false,governance.selection=pressure_max_under_constraints;seed=continuation
0.3,production_hybrid,3c5f6b3c9bd535cff7657364dadb2efc31f2ea48,21.0,3,0.59375,379.733619,21.609674,0.0,2,true,true,stage_b_grid,false,governance.selection=pressure_max_under_constraints;seed=continuation
0.3,production_hybrid,3c5f6b3c9bd535cff7657364dadb2efc31f2ea48,21.0,3,0.60625,379.591124,21.609466,0.0,2,true,true,stage_b_grid,false,governance.selection=pressure_max_under_constraints;seed=continuation
0.3,production_hybrid,3c5f6b3c9bd535cff7657364dadb2efc31f2ea48,21.0,3,0.61875,379.444417,21.609248,0.0,2,true,true,stage_b_grid,false,governance.selection=pressure_max_under_constraints;seed=continuation
0.3,production_hybrid,3c5f6b3c9bd535cff7657364dadb2efc31f2ea48,21.0,3,0.63125,379.293692,21.609019,0.0,2,true,true,stage_b_grid,false,governance.selection=pressure_max_under_constraints;seed=continuation
0.3,production_hybrid,3c5f6b3c9bd535cff7657364dadb2efc31f2ea48,21.0,3,0.64375,379.139133,21.608779,0.0,2,true,true,stage_b_grid,false,governance.selection=pressure_max_under_constraints;seed=continuation
0.3,production_hybrid,3c5f6b3c9bd535cff7657364dadb2efc31f2ea48,21.0,3,0.65625,378.98092,21.608529,0.0,2,true,true,stage_b_grid,false,governance.selection=pressure_max_under_constraints;seed=continuation
0.3,production_hybrid,3c5f6b3c9bd535cff7657364dadb2efc31f2ea48,21.0,3,0.66875,378.819221,21.608268,0.0,2,true,true,stage_b_grid,false,governance.selection=pressure_max_under_constraints;seed=continuation
0.3,production_hybrid,3c5f6b3c9bd535cff7657364dadb2efc31f2ea48,21.0,3,0.68125,378.654201,21.607997,0.0,2,true,true,stage_b_grid,false,governance.selection=pressure_max_under_constraints;seed=continuation
0.3,production_hybrid,3c5f6b3c9bd535cff7657364dadb2efc31f2ea48,21.0,3,0.69375,378.486016,21.607716,0.0,2,true,true,stage_b_grid,false,governance.selection=pressure_max_under_constraints;seed=continuation
0.3,production_hybrid,3c5f6b3c9bd535cff7657364dadb2efc31f2ea48,21.0,3,0.70625,378.314817,21.607424,0.0,2,true,true,stage_b_grid,false,governance.selection=pressure_max_under_constraints;seed=continuation
0.3,production_hybrid,3c5f6b3c9bd535cff7657364dadb2efc31f2ea48,21.0,3,0.71875,378.14075,21.607123,0.0,2,true,true,stage_b_grid,false,governance.selection=pressure_max_under_constraints;seed=continuation
0.3,production_hybrid,3c5f6b3c9bd535cff7657364dadb2efc31f2ea48,21.0,3,0.73125,377.963955,21.606811,0.0,2,true,true,stage_b_grid,false,governance.selection=pressure_max_under_constraints;seed=continuation
0.3,production_hybrid,3c5f6b3c9bd535cff7657364dadb2efc31f2ea48,21.0,3,0.74375,377.784569,21.606489,0.0,2,true,true,stage_b_grid,false,governance.selection=pressure_max_under_constraints;seed=continuation
0.3,production_hybrid,3c5f6b3c9bd535cff7657364dadb2efc31f2ea48,21.0,3,0.75625,377.602722,21.606157,0.0,2,true,true,stage_b_grid,false,governance.selection=pressure_max_under_constraints;seed=continuation
0.3,production_hybrid,3c5f6b3c9bd535cff7657364dadb2efc31f2ea48,21.0,3,0.76875,377.418543,21.605816,0.0,2,true,true,stage_b_grid,false,governance.selection=pressure_max_under_constraints;seed=continuation
0.3,production_hybrid,3c5f6b3c9bd535cff7657364dadb2efc31f2ea48,21.0,3,0.78125,377.232155,21.605464,0.0,2,true,true,stage_b_grid,false,governance.selection=pressure_max_under_constraints;seed=continuation
0.3,production_hybrid,3c5f6b3c9bd535cff7657364dadb2efc31f2ea48,21.0,3,0.79375,377.043679,21.605103,0.0,2,true,true,stage_b_grid,false,governance.selection=pressure_max_under_constraints;seed=continuation
0.3,production_hybrid,3c5f6b3c9bd535cff7657364dadb2efc31f2ea48,21.0,3,0.80625,376.853229,21.604733,0.0,2,true,true,stage_b_grid,false,governance.selection=pressure_max_under_constraints;seed=continuation
0.3,production_hybrid,3c5f6b3c9bd535cff7657364dadb2efc31f2ea48,21.0,3,0.81875,376.660922,21.604353,0.0,2,true,true,stage_b_grid,false,governance.selection=pressure_max_under_constraints;seed=continuation
0.3,production_hybrid,3c5f6b3c9bd535cff7657364dadb2efc31f2ea48,21.0,3,0.83125,376.466868,21.603963,0.0,2,true,true,stage_b_grid,false,governance.selection=pressure_max_under_constraints;seed=continuation
0.3,production_hybrid,3c5f6b3c9bd535cff7657364dadb2efc31f2ea48,21.0,3,0.84375,376.271174,21.603565,0.0,2,true,true,stage_b_grid,false,governance.selection=pressure_max_under_constraints;seed=continuation
0.3,production_hybrid,3c5f6b3c9bd535cff7657364dadb2efc31f2ea48,21.0,3,0.85625,376.073947,21.603157,0.0,2,true,true,stage_b_grid,false,governance.selection=pressure_max_under_constraints;seed=continuation
0.3,production_hybrid,3c5f6b3c9bd535cff7657364dadb2efc31f2ea48,21.0,3,0.86875,375.875291,21.60274,0.0,2,true,true,stage_b_grid,false,governance.selection=pressure_max_under_constraints;seed=continuation
0.3,production_hybrid,3c5f6b3c9bd535cff7657364dadb2efc31f2ea48,21.0,3,0.88125,375.675307,21.602314,0.0,2,true,true,stage_b_grid,false,governance.selection=pressure_max_under_constraints;seed=continuation
0.3,production_hybrid,3c5f6b3c9bd535cff7657364dadb2efc31f2ea48,21.0,3,0.89375,375.474095,21.60188,0.0,2,true,true,stage_b_grid,false,governance.selection=pressure_max_under_constraints;seed=continuation
0.3,production_hybrid,3c5f6b3c9bd535cff7657364dadb2efc31f2ea48,21.0,3,0.90625,375.271753,21.601437,0.0,2,true,true,stage_b_grid,false,governance.selection=pressure_max_under_constraints;seed=continuation
0.3,production_hybrid,3c5f6b3c9bd535cff7657364dadb2efc31f2ea48,21.0,3,0.91875,375.068376,21.600985,0.0,2,true,true,stage_b_grid,false,governance.selection=pressure_max_under_constraints;seed=continuation
0.3,production_hybrid,3c5f6b3c9bd535cff7657364dadb2efc31f2ea48,21.0,3,0.93125,374.864061,21.600526,0.0,2,true,true,stage_b_grid,false,governance.selection=pressure_max_under_constraints;seed=continuation
0.3,production_hybrid,3c5f6b3c9bd535cff7657364dadb2efc31f2ea48,21.0,3,0.94375,374.6589,21.600058,0.0,2,true,true,stage_b_grid,false,governance.selection=pressure_max_under_constraints;seed=continuation
0.3,production_hybrid,3c5f6b3c9bd535cff7657364dadb2efc31f2ea48,21.0,3,0.95625,374.452985,21.599582,0.0,2,true,true,stage_b_grid,false,governance.selection=pressure_max_under_constraints;seed=continuation
0.3,production_hybrid,3c5f6b3c9bd535cff7657364dadb2efc31f2ea48,21.0,3,0.96875,374.246408,21.599098,0.0,2,true,true,stage_b_grid,false,governance.selection=pressure_max_under_constraints;seed=continuation
0.3,production_hybrid,3c5f6b3c9bd535cff7657364dadb2efc31f2ea48,21.0,3,0.98125,374.03926,21.598607,0.0,2,true,true,stage_b_grid,false,governance.selection=pressure_max_under_constraints;seed=continuation
0.3,production_hybrid,3c5f6b3c9bd535cff7657364dadb2efc31f2ea48,21.0,3,0.99375,373.831629,21.598108,0.0,2,true,true,stage_b_grid,false,governance.selection=pressure_max_under_constraints;seed=continuation
0.3,production_hybrid,3c5f6b3c9bd535cff7657364dadb2efc31f2ea48,21.0,3,1.00625,373.623604,21.597602,0.0,2,true,true,stage_b_grid,false,governance.selection=pressure_max_under_constraints;seed=continuation
0.3,production_hybrid,3c5f6b3c9bd535cff7657364dadb2efc31f2ea48,21.0,3,1.01875,373.415272,21.597089,0.0,2,true,true,stage_b_grid,false,governance.selection=pressure_max_under_constraints;seed=continuation
0.3,production_hybrid,3c5f6b3c9bd535cff7657364dadb2efc31f2ea48,21.0,3,1.03125,373.206723,21.596569,0.0,2,true,true,stage_b_grid,false,governance.selection=pressure_max_under_constraints;seed=continuation
0.3,production_hybrid,3c5f6b3c9bd535cff7657364dadb2efc31f2ea48,21.0,3,1.04375,372.998041,21.596043,0.0,2,true,true,stage_b_grid,false,governance.selection=pressure_max_under_constraints;seed=continuation
0.3,production_hybrid,3c5f6b3c9bd535cff7657364dadb2efc31f2ea48,21.0,3,1.05625,372.789315,21.595509,0.0,2,true,true,stage_b_grid,false,governance.selection=pressure_max_under_constraints;seed=continuation
0.3,production_hybrid,3c5f6b3c9bd535cff7657364dadb2efc31f2ea48,21.0,3,1.06875,372.580631,21.59497,0.0,2,true,true,stage_b_grid,false,governance.selection=pressure_max_under_constraints;seed=continuation
0.3,production_hybrid,3c5f6b3c9bd535cff7657364dadb2efc31f2ea48,21.0,3,1.08125,372.372074,21.594425,0.0,2,true,true,stage_b_grid,false,governance.selection=pressure_max_under_constraints;seed=continuation
0.3,production_hybrid,3c5f6b3c9bd535cff7657364dadb2efc31f2ea48,21.0,3,1.09375,372.163731,21.593874,0.0,2,true,true,stage_b_grid,false,governance.selection=pressure_max_under_constraints;seed=continuation
0.3,production_hybrid,3c5f6b3c9bd535cff7657364dadb2efc31f2ea48,21.0,3,1.10625,371.955688,21.593317,0.0,2,true,true,stage_b_grid,false,governance.selection=pressure_max_under_constraints;seed=continuation
0.3,production_hybrid,3c5f6b3c9bd535cff7657364dadb2efc31f2ea48,21.0,3,1.11875,371.748032,21.592755,0.0,2,true,true,stage_b_grid,false,governance.selection=pressure_max_under_constraints;seed=continuation
0.3,production_hybrid,3c5f6b3c9bd535cff7657364dadb2efc31f2ea48,21.0,3,1.13125,371.540849,21.592188,0.0,2,true,true,stage_b_grid,false,governance.selection=pressure_max_under_constraints;seed=continuation
0.3,production_hybrid,3c5f6b3c9bd535cff7657364dadb2efc31f2ea48,21.0,3,1.14375,371.334226,21.591616,0.0,2,true,true,stage_b_grid,false,governance.selection=pressure_max_under_constraints;seed=continuation
0.3,production_hybrid,3c5f6b3c9bd535cff7657364dadb2efc31f2ea48,21.0,3,1.15625,371.128251,21.59104,0.0,2,true,true,stage_b_grid,false,governance.selection=pressure_max_under_constraints;seed=continuation
0.3,production_hybrid,3c5f6b3c9bd535cff7657364dadb2efc31f2ea48,21.0,3,1.16875,370.92301,21.59046,0.0,2,true,true,stage_b_grid,false,governance.selection=pressure_max_under_constraints;seed=continuation
0.3,production_hybrid,3c5f6b3c9bd535cff7657364dadb2efc31f2ea48,21.0,3,1.18125,370.718593,21.589875,0.0,2,true,true,stage_b_grid,false,governance.selection=pressure_max_under_constraints;seed=continuation
0.3,production_hybrid,3c5f6b3c9bd535cff7657364dadb2efc31f2ea48,21.0,3,1.19375,370.515088,21.589288,0.0,2,true,true,stage_b_grid,false,governance.selection=pressure_max_under_constraints;seed=continuation
0.3,production_hybrid,3c5f6b3c9bd535cff7657364dadb2efc31f2ea48,21.0,3,1.20625,370.312585,21.588696,0.0,2,true,true,stage_b_grid,false,governance.selection=pressure_max_under_constraints;seed=continuation
0.3,production_hybrid,3c5f6b3c9bd535cff7657364dadb2efc31f2ea48,21.0,3,1.21875,370.111173,21.588102,0.0,2,true,true,stage_b_grid,false,governance.selection=pressure_max_under_constraints;seed=continuation
0.3,production_hybrid,3c5f6b3c9bd535cff7657364dadb2efc31f2ea48,21.0,3,1.23125,369.910946,21.587506,0.0,2,true,true,stage_b_grid,false,governance.selection=pressure_max_under_constraints;seed=continuation
0.3,production_hybrid,3c5f6b3c9bd535cff7657364dadb2efc31f2ea48,21.0,3,1.24375,369.711994,21.586907,0.0,2,true,true,stage_b_grid,false,governance.selection=pressure_max_under_constraints;seed=continuation
0.3,production_hybrid,3c5f6b3c9bd535cff7657364dadb2efc31f2ea48,21.0,3,1.25625,369.514411,21.586306,0.0,2,true,true,stage_b_grid,false,governance.selection=pressure_max_under_constraints;seed=continuation
0.3,production_hybrid,3c5f6b3c9bd535cff7657364dadb2efc31f2ea48,21.0,3,1.26875,369.318292,21.585704,0.0,2,true,true,stage_b_grid,false,governance.selection=pressure_max_under_constraints;seed=continuation
0.3,production_hybrid,3c5f6b3c9bd535cff7657364dadb2efc31f2ea48,21.0,3,1.28125,369.123732,21.5851,0.0,2,true,true,stage_b_grid,false,governance.selection=pressure_max_under_constraints;seed=continuation
0.3,production_hybrid,3c5f6b3c9bd535cff7657364dadb2efc31f2ea48,21.0,3,1.29375,368.930829,21.584496,0.0,2,true,true,stage_b_grid,false,governance.selection=pressure_max_under_constraints;seed=continuation
0.3,production_hybrid,3c5f6b3c9bd535cff7657364dadb2efc31f2ea48,21.0,3,1.30625,368.73968,21.583892,0.0,2,true,true,stage_b_grid,false,governance.selection=pressure_max_under_constraints;seed=continuation
0.3,production_hybrid,3c5f6b3c9bd535cff7657364dadb2efc31f2ea48,21.0,3,1.31875,368.550386,21.583287,0.0,2,true,true,stage_b_grid,false,governance.selection=pressure_max_under_constraints;seed=continuation
0.3,production_hybrid,3c5f6b3c9bd535cff7657364dadb2efc31f2ea48,21.0,3,1.33125,368.363048,21.582684,0.0,2,true,true,stage_b_grid,false,governance.selection=pressure_max_under_constraints;seed=continuation
0.3,production_hybrid,3c5f6b3c9bd535cff7657364dadb2efc31f2ea48,21.0,3,1.34375,368.17777,21.582081,0.0,2,true,true,stage_b_grid,false,governance.selection=pressure_max_under_constraints;seed=continuation
0.3,production_hybrid,3c5f6b3c9bd535cff7657364dadb2efc31f2ea48,21.0,3,1.35625,367.994655,21.58148,0.0,2,true,true,stage_b_grid,false,governance.selection=pressure_max_under_constraints;seed=continuation
0.3,production_hybrid,3c5f6b3c9bd535cff7657364dadb2efc31f2ea48,21.0,3,1.36875,367.813811,21.58088,0.0,2,true,true,stage_b_grid,false,governance.selection=pressure_max_under_constraints;seed=continuation
0.3,production_hybrid,3c5f6b3c9bd535cff7657364dadb2efc31f2ea48,21.0,3,1.38125,367.635347,21.580283,0.0,2,true,true,stage_b_grid,false,governance.selection=pressure_max_under_constraints;seed=continuation
0.3,production_hybrid,3c5f6b3c9bd535cff7657364dadb2efc31f2ea48,21.0,3,1.39375,367.459372,21.579689,0.0,2,true,true,stage_b_grid,false,governance.selection=pressure_max_under_constraints;seed=continuation
0.3,production_hybrid,3c5f6b3c9bd535cff7657364dadb2efc31f2ea48,21.0,3,1.40625,367.286,21.579099,0.0,2,true,true,stage_b_grid,false,governance.selection=pressure_max_under_constraints;seed=continuation
0.3,production_hybrid,3c5f6b3c9bd535cff7657364dadb2efc31f2ea48,21.0,3,1.41875,367.115346,21.578513,0.0,2,true,true,stage_b_grid,false,governance.selection=pressure_max_under_constraints;seed=continuation
0.3,production_hybrid,3c5f6b3c9bd535cff7657364dadb2efc31f2ea48,21.0,3,1.43125,366.947526,21.577931,0.0,2,true,true,stage_b_grid,false,governance.selection=pressure_max_under_constraints;seed=continuation
0.3,production_hybrid,3c5f6b3c9bd535cff7657364dadb2efc31f2ea48,21.0,3,1.44375,366.78266,21.577354,0.0,2,true,true,stage_b_grid,false,governance.selection=pressure_max_under_constraints;seed=continuation
0.3,production_hybrid,3c5f6b3c9bd535cff7657364dadb2efc31f2ea48,21.0,3,1.45625,366.62087,21.576784,0.0,2,true,true,stage_b_grid,false,governance.selection=pressure_max_under_constraints;seed=continuation
0.3,production_hybrid,3c5f6b3c9bd535cff7657364dadb2efc31f2ea48,21.0,3,1.46875,366.462281,21.57622,0.0,2,true,true,stage_b_grid,false,governance.selection=pressure_max_under_constraints;seed=continuation
0.3,production_hybrid,3c5f6b3c9bd535cff7657364dadb2efc31f2ea48,21.0,3,1.48125,366.307018,21.575663,0.0,2,true,true,stage_b_grid,false,governance.selection=pressure_max_under_constraints;seed=continuation
0.3,production_hybrid,3c5f6b3c9bd535cff7657364dadb2efc31f2ea48,21.0,3,1.49375,366.155213,21.575113,0.0,2,true,true,stage_b_grid,false,governance.selection=pressure_max_under_constraints;seed=continuation
0.3,production_hybrid,3c5f6b3c9bd535cff7657364dadb2efc31f2ea48,21.0,3,1.50625,366.006996,21.574572,0.0,2,true,true,stage_b_grid,false,governance.selection=pressure_max_under_constraints;seed=continuation
0.3,production_hybrid,3c5f6b3c9bd535cff7657364dadb2efc31f2ea48,21.0,3,1.51875,365.862504,21.574041,0.0,2,true,true,stage_b_grid,false,governance.selection=pressure_max_under_constraints;seed=continuation
0.3,production_hybrid,3c5f6b3c9bd535cff7657364dadb2efc31f2ea48,21.0,3,1.53125,365.721875,21.573519,0.0,2,true,true,stage_b_grid,false,governance.selection=pressure_max_under_constraints;seed=continuation
0.3,production_hybrid,3c5f6b3c9bd535cff7657364dadb2efc31f2ea48,21.0,3,1.54375,365.585248,21.573008,0.0,2,true,true,stage_b_grid,false,governance.selection=pressure_max_under_constraints;seed=continuation
0.3,production_hybrid,3c5f6b3c9bd535cff7657364dadb2efc31f2ea48,21.0,3,1.55625,365.452769,21.572509,0.0,2,true,true,stage_b_grid,false,governance.selection=pressure_max_under_constraints;seed=continuation
0.3,production_hybrid,3c5f6b3c9bd535cff7657364dadb2efc31f2ea48,21.0,3,1.56875,365.324583,21.572022,0.0,2,true,true,stage_b_grid,false,governance.selection=pressure_max_under_constraints;seed=continuation
0.3,production_hybrid,3c5f6b3c9bd535cff7657364dadb2efc31f2ea48,21.0,3,1.58125,365.200842,21.571547,0.0,2,true,true,stage_b_grid,false,governance.selection=pressure_max_under_constraints;seed=continuation
0.3,production_hybrid,3c5f6b3c9bd535cff7657364dadb2efc31f2ea48,21.0,3,1.59375,365.081698,21.571087,0.0,2,true,true,stage_b_grid,false,governance.selection=pressure_max_under_constraints;seed=continuation
0.3,production_hybrid,3c5f6b3c9bd535cff7657364dadb2efc31f2ea48,21.0,3,1.60625,364.967306,21.570642,0.0,2,true,true,stage_b_grid,false,governance.selection=pressure_max_under_constraints;seed=continuation
0.3,production_hybrid,3c5f6b3c9bd535cff7657364dadb2efc31f2ea48,21.0,3,1.61875,364.857827,21.570213,0.0,2,true,true,stage_b_grid,false,governance.selection=pressure_max_under_constraints;seed=continuation
0.3,production_hybrid,3c5f6b3c9bd535cff7657364dadb2efc31f2ea48,21.0,3,1.63125,364.753423,21.5698,0.0,2,true,true,stage_b_grid,false,governance.selection=pressure_max_under_constraints;seed=continuation
0.3,production_hybrid,3c5f6b3c9bd535cff7657364dadb2efc31f2ea48,21.0,3,1.64375,364.654258,21.569405,0.0,2,true,true,stage_b_grid,false,governance.selection=pressure_max_under_constraints;seed=continuation
0.3,production_hybrid,3c5f6b3c9bd535cff7657364dadb2efc31f2ea48,21.0,3,1.65625,364.560502,21.569029,0.0,2,true,true,stage_b_grid,false,governance.selection=pressure_max_under_constraints;seed=continuation
0.3,production_hybrid,3c5f6b3c9bd535cff7657364dadb2efc31f2ea48,21.0,3,1.66875,364.472325,21.568672,0.0,2,true,true,stage_b_grid,false,governance.selection=pressure_max_under_constraints;seed=continuation
0.3,production_hybrid,3c5f6b3c9bd535cff7657364dadb2efc31f2ea48,21.0,3,1.68125,364.389902,21.568336,0.0,2,true,true,stage_b_grid,false,governance.selection=pressure_max_under_constraints;seed=continuation
0.3,production_hybrid,3c5f6b3c9bd535cff7657364dadb2efc31f2ea48,21.0,3,1.69375,364.31341,21.568022,0.0,2,true,true,stage_b_grid,false,governance.selection=pressure_max_under_constraints;seed=continuation
0.3,production_hybrid,3c5f6b3c9bd535cff7657364dadb2efc31f2ea48,21.0,3,1.70625,364.243029,21.567731,0.0,2,true,true,stage_b_grid,false,governance.selection=pressure_max_under_constraints;seed=continuation
0.3,production_hybrid,3c5f6b3c9bd535cff7657364dadb2efc31f2ea48,21.0,3,1.71875,364.17894,21.567464,0.0,2,true,true,stage_b_grid,false,governance.selection=pressure_max_under_constraints;seed=continuation
0.3,production_hybrid,3c5f6b3c9bd535cff7657364dadb2efc31f2ea48,21.0,3,1.73125,364.121328,21.567223,0.0,2,true,true,stage_b_grid,false,governance.selection=pressure_max_under_constraints;seed=continuation
0.3,production_hybrid,3c5f6b3c9bd535cff7657364dadb2efc31f2ea48,21.0,3,1.74375,364.070378,21.567007,0.0,2,true,true,stage_b_grid,false,governance.selection=pressure_max_under_constraints;seed=continuation
0.3,production_hybrid,3c5f6b3c9bd535cff7657364dadb2efc31f2ea48,21.0,3,1.75625,364.026281,21.56682,0.0,2,true,true,stage_b_grid,false,governance.selection=pressure_max_under_constraints;seed=continuation
0.3,production_hybrid,3c5f6b3c9bd535cff7657364dadb2efc31f2ea48,21.0,3,1.76875,363.989225,21.566661,0.0,2,true,true,stage_b_grid,false,governance.selection=pressure_max_under_constraints;seed=continuation
0.3,production_hybrid,3c5f6b3c9bd535cff7657364dadb2efc31f2ea48,21.0,3,1.78125,363.9594,21.566532,0.0,2,true,true,stage_b_grid,false,governance.selection=pressure_max_under_constraints;seed=continuation
0.3,production_hybrid,3c5f6b3c9bd535cff7657364dadb2efc31f2ea48,21.0,3,1.79375,363.937,21.566435,0.0,2,true,true,stage_b_grid,false,governance.selection=pressure_max_under_constraints;seed=continuation
0.3,production_hybrid,3c5f6b3c9bd535cff7657364dadb2efc31f2ea48,21.0,3,1.80625,363.922215,21.56637,0.0,2,true,true,stage_b_grid,false,governance.selection=pressure_max_under_constraints;seed=continuation
0.3,production_hybrid,3c5f6b3c9bd535cff7657364dadb2efc31f2ea48,21.0,3,1.81875,363.915239,21.566339,0.0,2,true,true,stage_b_grid,false,governance.selection=pressure_max_under_constraints;seed=continuation
0.3,production_hybrid,3c5f6b3c9bd535cff7657364dadb2efc31f2ea48,21.0,3,1.83125,363.916261,21.566344,0.0,2,true,true,stage_b_grid,false,governance.selection=pressure_max_under_constraints;seed=continuation
0.3,production_hybrid,3c5f6b3c9bd535cff7657364dadb2efc31f2ea48,21.0,3,1.84375,363.925474,21.566385,0.0,2,true,true,stage_b_grid,false,governance.selection=pressure_max_under_constraints;seed=continuation
0.3,production_hybrid,3c5f6b3c9bd535cff7657364dadb2efc31f2ea48,21.0,3,1.85625,363.943065,21.566464,0.0,2,true,true,stage_b_grid,false,governance.selection=pressure_max_under_constraints;seed=continuation
0.3,production_hybrid,3c5f6b3c9bd535cff7657364dadb2efc31f2ea48,21.0,3,1.86875,363.96922,21.566583,0.0,2,true,true,stage_b_grid,false,governance.selection=pressure_max_under_constraints;seed=continuation
0.3,production_hybrid,3c5f6b3c9bd535cff7657364dadb2efc31f2ea48,21.0,3,1.88125,364.004123,21.566742,0.0,2,true,true,stage_b_grid,false,governance.selection=pressure_max_under_constraints;seed=continuation
0.3,production_hybrid,3c5f6b3c9bd535cff7657364dadb2efc31f2ea48,21.0,3,1.89375,364.047952,21.566943,0.0,2,true,true,stage_b_grid,false,governance.selection=pressure_max_under_constraints;seed=continuation
0.3,production_hybrid,3c5f6b3c9bd535cff7657364dadb2efc31f2ea48,21.0,3,1.90625,364.100883,21.567188,0.0,2,true,true,stage_b_grid,false,governance.selection=pressure_max_under_constraints;seed=continuation
0.3,production_hybrid,3c5f6b3c9bd535cff7657364dadb2efc31f2ea48,21.0,3,1.91875,364.163085,21.567477,0.0,2,true,true,stage_b_grid,false,governance.selection=pressure_max_under_constraints;seed=continuation
0.3,production_hybrid,3c5f6b3c9bd535cff7657364dadb2efc31f2ea48,21.0,3,1.93125,364.234719,21.567813,0.0,2,true,true,stage_b_grid,false,governance.selection=pressure_max_under_constraints;seed=continuation
0.3,production_hybrid,3c5f6b3c9bd535cff7657364dadb2efc31f2ea48,21.0,3,1.94375,364.315943,21.568196,0.0,2,true,true,stage_b_grid,false,governance.selection=pressure_max_under_constraints;seed=continuation
0.3,production_hybrid,3c5f6b3c9bd535cff7657364dadb2efc31f2ea48,21.0,3,1.95625,364.406904,21.568627,0.0,2,true,true,stage_b_grid,false,governance.selection=pressure_max_under_constraints;seed=continuation
0.3,production_hybrid,3c5f6b3c9bd535cff7657364dadb2efc31f2ea48,21.0,3,1.96875,364.507739,21.569108,0.0,2,true,true,stage_b_grid,false,governance.selection=pressure_max_under_constraints;seed=continuation
0.3,production_hybrid,3c5f6b3c9bd535cff7657364dadb2efc31f2ea48,21.0,3,1.98125,364.618578,21.569641,0.0,2,true,true,stage_b_grid,false,governance.selection=pressure_max_under_constraints;seed=continuation
0.3,production_hybrid,3c5f6b3c9bd535cff7657364dadb2efc31f2ea48,21.0,3,1.99375,364.739539,21.570226,0.0,2,true,true,stage_b_grid,false,governance.selection=pressure_max_under_constraints;seed=continuation
0.3,production_hybrid,3c5f6b3c9bd535cff7657364dadb2efc31f2ea48,21.0,3,2.00625,364.870726,21.570864,0.0,2,true,true,stage_b_grid,false,governance.selection=pressure_max_under_constraints;seed=continuation
0.3,production_hybrid,3c5f6b3c9bd535cff7657364dadb2efc31f2ea48,21.0,3,2.01875,365.012233,21.571557,0.0,2,true,true,stage_b_grid,false,governance.selection=pressure_max_under_constraints;seed=continuation
0.3,production_hybrid,3c5f6b3c9bd535cff7657364dadb2efc31f2ea48,21.0,3,2.03125,365.164139,21.572305,0.0,2,true,true,stage_b_grid,false,governance.selection=pressure_max_under_constraints;seed=continuation
0.3,production_hybrid,3c5f6b3c9bd535cff7657364dadb2efc31f2ea48,21.0,3,2.04375,365.326509,21.57311,0.0,2,true,true,stage_b_grid,false,governance.selection=pressure_max_under_constraints;seed=continuation
0.3,production_hybrid,3c5f6b3c9bd535cff7657364dadb2efc31f2ea48,21.0,3,2.05625,365.499394,21.573972,0.0,2,true,true,stage_b_grid,false,governance.selection=pressure_max_under_constraints;seed=continuation
0.3,production_hybrid,3c5f6b3c9bd535cff7657364dadb2efc31f2ea48,21.0,3,2.06875,365.682826,21.574892,0.0,2,true,true,stage_b_grid,false,governance.selection=pressure_max_under_constraints;seed=continuation
0.3,production_hybrid,3c5f6b3c9bd535cff7657364dadb2efc31f2ea48,21.0,3,2.08125,365.876825,21.575872,0.0,2,true,true,stage_b_grid,false,governance.selection=pressure_max_under_constraints;seed=continuation
0.3,production_hybrid,3c5f6b3c9bd535cff7657364dadb2efc31f2ea48,21.0,3,2.09375,366.08139,21.57691,0.0,2,true,true,stage_b_grid,false,governance.selection=pressure_max_under_constraints;seed=continuation
0.3,production_hybrid,3c5f6b3c9bd535cff7657364dadb2efc31f2ea48,21.0,3,2.10625,366.296505,21.578009,0.0,2,true,true,stage_b_grid,false,governance.selection=pressure_max_under_constraints;seed=continuation
0.3,production_hybrid,3c5f6b3c9bd535cff7657364dadb2efc31f2ea48,21.0,3,2.11875,366.522136,21.579169,0.0,2,true,true,stage_b_grid,false,governance.selection=pressure_max_under_constraints;seed=continuation
0.3,production_hybrid,3c5f6b3c9bd535cff7657364dadb2efc31f2ea48,21.0,3,2.13125,366.758232,21.580389,0.0,2,true,true,stage_b_grid,false,governance.selection=pressure_max_under_constraints;seed=continuation
0.3,production_hybrid,3c5f6b3c9bd535cff7657364dadb2efc31f2ea48,21.0,3,2.14375,367.004723,21.581671,0.0,2,true,true,stage_b_grid,false,governance.selection=pressure_max_under_constraints;seed=continuation
0.3,production_hybrid,3c5f6b3c9bd535cff7657364dadb2efc31f2ea48,21.0,3,2.15625,367.261522,21.583014,0.0,2,true,true,stage_b_grid,false,governance.selection=pressure_max_under_constraints;seed=continuation
0.3,production_hybrid,3c5f6b3c9bd535cff7657364dadb2efc31f2ea48,21.0,3,2.16875,367.528526,21.584418,0.0,2,true,true,stage_b_grid,false,governance.selection=pressure_max_under_constraints;seed=continuation
0.3,production_hybrid,3c5f6b3c9bd535cff7657364dadb2efc31f2ea48,21.0,3,2.18125,367.805614,21.585884,0.0,2,true,true,stage_b_grid,false,governance.selection=pressure_max_under_constraints;seed=continuation
0.3,production_hybrid,3c5f6b3c9bd535cff7657364dadb2efc31f2ea48,21.0,3,2.19375,368.092649,21.587412,0.0,2,true,true,stage_b_grid,false,governance.selection=pressure_max_under_constraints;seed=continuation
0.3,production_hybrid,3c5f6b3c9bd535cff7657364dadb2efc31f2ea48,21.0,3,2.20625,368.389477,21.589,0.0,2,true,true,stage_b_grid,false,governance.selection=pressure_max_under_constraints;seed=continuation
0.3,production_hybrid,3c5f6b3c9bd535cff7657364dadb2efc31f2ea48,21.0,3,2.21875,368.695932,21.59065,0.0,2,true,true,stage_b_grid,false,governance.selection=pressure_max_under_constraints;seed=continuation
0.3,production_hybrid,3c5f6b3c9bd535cff7657364dadb2efc31f2ea48,21.0,3,2.23125,369.011832,21.592359,0.0,2,true,true,stage_b_grid,false,governance.selection=pressure_max_under_constraints;seed=continuation
0.3,production_hybrid,3c5f6b3c9bd535cff7657364dadb2efc31f2ea48,21.0,3,2.24375,369.336982,21.594129,0.0,2,true,true,stage_b_grid,false,governance.selection=pressure_max_under_constraints;seed=continuation
0.3,production_hybrid,3c5f6b3c9bd535cff7657364dadb2efc31f2ea48,21.0,3,2.25625,369.671176,21.595958,0.0,2,true,true,stage_b_grid,false,governance.selection=pressure_max_under_constraints;seed=continuation
0.3,production_hybrid,3c5f6b3c9bd535cff7657364dadb2efc31f2ea48,21.0,3,2.26875,370.014197,21.597846,0.0,2,true,true,stage_b_grid,false,governance.selection=pressure_max_under_constraints;seed=continuation
0.3,production_hybrid,3c5f6b3c9bd535cff7657364dadb2efc31f2ea48,21.0,3,2.28125,370.365816,21.599792,0.0,2,true,true,stage_b_grid,false,governance.selection=pressure_max_under_constraints;seed=continuation
0.3,production_hybrid,3c5f6b3c9bd535cff7657364dadb2efc31f2ea48,21.0,3,2.29375,370.725799,21.601795,0.0,2,true,true,stage_b_grid,false,governance.selection=pressure_max_under_constraints;seed=continuation
0.3,production_hybrid,3c5f6b3c9bd535cff7657364dadb2efc31f2ea48,21.0,3,2.30625,371.093902,21.603855,0.0,2,true,true,stage_b_grid,false,governance.selection=pressure_max_under_constraints;seed=continuation
0.3,production_hybrid,3c5f6b3c9bd535cff7657364dadb2efc31f2ea48,21.0,3,2.31875,371.469877,21.605969,0.0,2,true,true,stage_b_grid,false,governance.selection=pressure_max_under_constraints;seed=continuation
0.3,production_hybrid,3c5f6b3c9bd535cff7657364dadb2efc31f2ea48,21.0,3,2.33125,371.853468,21.608139,0.0,2,true,true,stage_b_grid,false,governance.selection=pressure_max_under_constraints;seed=continuation
0.3,production_hybrid,3c5f6b3c9bd535cff7657364dadb2efc31f2ea48,21.0,3,2.34375,372.244418,21.610362,0.0,2,true,true,stage_b_grid,false,governance.selection=pressure_max_under_constraints;seed=continuation
0.3,production_hybrid,3c5f6b3c9bd535cff7657364dadb2efc31f2ea48,21.0,3,2.35625,372.642466,21.612637,0.0,2,true,true,stage_b_grid,false,governance.selection=pressure_max_under_constraints;seed=continuation
0.3,production_hybrid,3c5f6b3c9bd535cff7657364dadb2efc31f2ea48,21.0,3,2.36875,373.047351,21.614964,0.0,2,true,true,stage_b_grid,false,governance.selection=pressure_max_under_constraints;seed=continuation
0.3,production_hybrid,3c5f6b3c9bd535cff7657364dadb2efc31f2ea48,21.0,3,2.38125,373.458809,21.617341,0.0,2,true,true,stage_b_grid,false,governance.selection=pressure_max_under_constraints;seed=continuation
0.3,production_hybrid,3c5f6b3c9bd535cff7657364dadb2efc31f2ea48,21.0,3,2.39375,373.876578,21.619767,0.0,2,true,true,stage_b_grid,false,governance.selection=pressure_max_under_constraints;seed=continuation
0.3,production_hybrid,3c5f6b3c9bd535cff7657364dadb2efc31f2ea48,21.0,3,2.40625,374.300398,21.622242,0.0,2,true,true,stage_b_grid,false,governance.selection=pressure_max_under_constraints;seed=continuation
0.3,production_hybrid,3c5f6b3c9bd535cff7657364dadb2efc31f2ea48,21.0,3,2.41875,374.730009,21.624763,0.0,2,true,true,stage_b_grid,false,governance.selection=pressure_max_under_constraints;seed=continuation
0.3,production_hybrid,3c5f6b3c9bd535cff7657364dadb2efc31f2ea48,21.0,3,2.43125,375.165155,21.62733,0.0,2,true,true,stage_b_grid,false,governance.selection=pressure_max_under_constraints;seed=continuation
0.3,production_hybrid,3c5f6b3c9bd535cff7657364dadb2efc31f2ea48,21.0,3,2.44375,375.605585,21.629941,0.0,2,true,true,stage_b_grid,false,governance.selection=pressure_max_under_constraints;seed=continuation
0.3,production_hybrid,3c5f6b3c9bd535cff7657364dadb2efc31f2ea48,21.0,3,2.45625,376.051051,21.632596,0.0,2,true,true,stage_b_grid,false,governance.selection=pressure_max_under_constraints;seed=continuation
0.3,production_hybrid,3c5f6b3c9bd535cff7657364dadb2efc31f2ea48,21.0,3,2.46875,376.501309,21.635293,0.0,2,true,true,stage_b_grid,false,governance.selection=pressure_max_under_constraints;seed=continuation
0.3,production_hybrid,3c5f6b3c9bd535cff7657364dadb2efc31f2ea48,21.0,3,2.48125,376.956121,21.638031,0.0,2,true,true,stage_b_grid,false,governance.selection=pressure_max_under_constraints;seed=continuation
0.3,production_hybrid,3c5f6b3c9bd535cff7657364dadb2efc31f2ea48,21.0,3,2.49375,377.415256,21.64081,0.0,2,true,true,stage_b_grid,false,governance.selection=pressure_max_under_constraints;seed=continuation
0.3,production_hybrid,3c5f6b3c9bd535cff7657364dadb2efc31f2ea48,21.0,3,2.50625,377.878487,21.643627,0.0,2,true,true,stage_b_grid,false,governance.selection=pressure_max_under_constraints;seed=continuation
0.3,production_hybrid,3c5f6b3c9bd535cff7657364dadb2efc31f2ea48,21.0,3,2.51875,378.345594,21.646481,0.0,2,true,true,stage_b_grid,false,governance.selection=pressure_max_under_constraints;seed=continuation
0.3,production_hybrid,3c5f6b3c9bd535cff7657364dadb2efc31f2ea48,21.0,3,2.53125,378.816363,21.649373,0.0,2,true,true,stage_b_grid,false,governance.selection=pressure_max_under_constraints;seed=continuation
0.3,production_hybrid,3c5f6b3c9bd535cff7657364dadb2efc31f2ea48,21.0,3,2.54375,379.290588,21.6523,0.0,2,true,true,stage_b_grid,false,governance.selection=pressure_max_under_constraints;seed=continuation
0.3,production_hybrid,3c5f6b3c9bd535cff7657364dadb2efc31f2ea48,21.0,3,2.55625,379.768068,21.655262,0.0,2,true,true,stage_b_grid,false,governance.selection=pressure_max_under_constraints;seed=continuation
0.3,production_hybrid,3c5f6b3c9bd535cff7657364dadb2efc31f2ea48,21.0,3,2.56875,380.24861,21.658257,0.0,2,true,true,stage_b_grid,false,governance.selection=pressure_max_under_constraints;seed=continuation
0.3,production_hybrid,3c5f6b3c9bd535cff7657364dadb2efc31f2ea48,21.0,3,2.58125,380.732027,21.661285,0.0,2,true,true,stage_b_grid,false,governance.selection=pressure_max_under_constraints;seed=continuation
0.3,production_hybrid,3c5f6b3c9bd535cff7657364dadb2efc31f2ea48,21.0,3,2.59375,381.21814,21.664345,0.0,2,true,true,stage_b_grid,false,governance.selection=pressure_max_under_constraints;seed=continuation
0.3,production_hybrid,3c5f6b3c9bd535cff7657364dadb2efc31f2ea48,21.0,3,2.60625,381.706776,21.667435,0.0,2,true,true,stage_b_grid,false,governance.selection=pressure_max_under_constraints;seed=continuation
0.3,production_hybrid,3c5f6b3c9bd535cff7657364dadb2efc31f2ea48,21.0,3,2.61875,382.197768,21.670555,0.0,2,true,true,stage_b_grid,false,governance.selection=pressure_max_under_constraints;seed=continuation
0.3,production_hybrid,3c5f6b3c9bd535cff7657364dadb2efc31f2ea48,21.0,3,2.63125,382.690956,21.673705,0.0,2,true,true,stage_b_grid,false,governance.selection=pressure_max_under_constraints;seed=continuation
0.3,production_hybrid,3c5f6b3c9bd535cff7657364dadb2efc31f2ea48,21.0,3,2.64375,383.186188,21.676882,0.0,2,true,true,stage_b_grid,false,governance.selection=pressure_max_under_constraints;seed=continuation
0.3,production_hybrid,3c5f6b3c9bd535cff7657364dadb2efc31f2ea48,21.0,3,2.65625,383.683317,21.680087,0.0,2,true,true,stage_b_grid,false,governance.selection=pressure_max_under_constraints;seed=continuation
0.3,production_hybrid,3c5f6b3c9bd535cff7657364dadb2efc31f2ea48,21.0,3,2.66875,384.182202,21.683318,0.0,2,true,true,stage_b_grid,false,governance.selection=pressure_max_under_constraints;seed=continuation
0.3,production_hybrid,3c5f6b3c9bd535cff7657364dadb2efc31f2ea48,21.0,3,2.68125,384.682709,21.686574,0.0,2,true,true,stage_b_grid,false,governance.selection=pressure_max_under_constraints;seed=continuation
0.3,production_hybrid,3c5f6b3c9bd535cff7657364dadb2efc31f2ea48,21.0,3,2.69375,385.184709,21.689856,0.0,2,true,true,stage_b_grid,false,governance.selection=pressure_max_under_constraints;seed=continuation
0.3,production_hybrid,3c5f6b3c9bd535cff7657364dadb2efc31f2ea48,21.0,3,2.70625,385.688079,21.693162,0.0,2,true,true,stage_b_grid,false,governance.selection=pressure_max_under_constraints;seed=continuation
0.3,production_hybrid,3c5f6b3c9bd535cff7657364dadb2efc31f2ea48,21.0,3,2.71875,386.192701,21.696492,0.0,2,true,true,stage_b_grid,false,governance.selection=pressure_max_under_constraints;seed=continuation
0.3,production_hybrid,3c5f6b3c9bd535cff7657364dadb2efc31f2ea48,21.0,3,2.73125,386.698465,21.699844,0.0,2,true,true,stage_b_grid,false,governance.selection=pressure_max_under_constraints;seed=continuation
0.3,production_hybrid,3c5f6b3c9bd535cff7657364dadb2efc31f2ea48,21.0,3,2.74375,387.205262,21.703219,0.0,2,true,true,stage_b_grid,false,governance.selection=pressure_max_under_constraints;seed=continuation
0.3,production_hybrid,3c5f6b3c9bd535cff7657364dadb2efc31f2ea48,21.0,3,2.75625,387.712991,21.706615,0.0,2,true,true,stage_b_grid,false,governance.selection=pressure_max_under_constraints;seed=continuation
0.3,production_hybrid,3c5f6b3c9bd535cff7657364dadb2efc31f2ea48,21.0,3,2.76875,388.221555,21.710033,0.0,2,true,true,stage_b_grid,false,governance.selection=pressure_max_under_constraints;seed=continuation
0.3,production_hybrid,3c5f6b3c9bd535cff7657364dadb2efc31f2ea48,21.0,3,2.78125,388.730861,21.713471,0.0,2,true,true,stage_b_grid,false,governance.selection=pressure_max_under_constraints;seed=continuation
0.3,production_hybrid,3c5f6b3c9bd535cff7657364dadb2efc31f2ea48,21.0,3,2.79375,389.240822,21.716929,0.0,2,true,true,stage_b_grid,false,governance.selection=pressure_max_under_constraints;seed=continuation
0.3,production_hybrid,3c5f6b3c9bd535cff7657364dadb2efc31f2ea48,21.0,3,2.80625,389.751353,21.720406,0.0,2,true,true,stage_b_grid,false,governance.selection=pressure_max_under_constraints;seed=continuation
0.3,production_hybrid,3c5f6b3c9bd535cff7657364dadb2efc31f2ea48,21.0,3,2.81875,390.262374,21.723902,0.0,2,true,true,stage_b_grid,false,governance.selection=pressure_max_under_constraints;seed=continuation
0.3,production_hybrid,3c5f6b3c9bd535cff7657364dadb2efc31f2ea48,21.0,3,2.83125,390.773811,21.727417,0.0,2,true,true,stage_b_grid,false,governance.selection=pressure_max_under_constraints;seed=continuation
0.3,production_hybrid,3c5f6b3c9bd535cff7657364dadb2efc31f2ea48,21.0,3,2.84375,391.28559,21.730949,0.0,2,true,true,stage_b_grid,false,governance.selection=pressure_max_under_constraints;seed=continuation
0.3,production_hybrid,3c5f6b3c9bd535cff7657364dadb2efc31f2ea48,21.0,3,2.85625,391.797643,21.734499,0.0,2,true,true,stage_b_grid,false,governance.selection=pressure_max_under_constraints;seed=continuation
0.3,production_hybrid,3c5f6b3c9bd535cff7657364dadb2efc31f2ea48,21.0,3,2.86875,392.309905,21.738066,0.0,2,true,true,stage_b_grid,false,governance.selection=pressure_max_under_constraints;seed=continuation
0.3,production_hybrid,3c5f6b3c9bd535cff7657364dadb2efc31f2ea48,21.0,3,2.88125,392.822314,21.741649,0.0,2,true,true,stage_b_grid,false,governance.selection=pressure_max_under_constraints;seed=continuation
0.3,production_hybrid,3c5f6b3c9bd535cff7657364dadb2efc31f2ea48,21.0,3,2.89375,393.334811,21.745249,0.0,2,true,true,stage_b_grid,false,governance.selection=pressure_max_under_constraints;seed=continuation
0.3,production_hybrid,3c5f6b3c9bd535cff7657364dadb2efc31f2ea48,21.0,3,2.90625,393.84734,21.748865,0.0,2,true,true,stage_b_grid,false,governance.selection=pressure_max_under_constraints;seed=continuation
0.3,production_hybrid,3c5f6b3c9bd535cff7657364dadb2efc31f2ea48,21.0,3,2.91875,394.359849,21.752496,0.0,2,true,true,stage_b_grid,false,governance.selection=pressure_max_under_constraints;seed=continuation
0.3,production_hybrid,3c5f6b3c9bd535cff7657364dadb2efc31f2ea48,21.0,3,2.93125,394.872286,21.756142,0.0,2,true,true,stage_b_grid,false,governance.selection=pressure_max_under_constraints;seed=continuation
0.3,production_hybrid,3c5f6b3c9bd535cff7657364dadb2efc31f2ea48,21.0,3,2.94375,395.384605,21.759802,0.0,2,true,true,stage_b_grid,false,governance.selection=pressure_max_under_constraints;seed=continuation
0.3,production_hybrid,3c5f6b3c9bd535cff7657364dadb2efc31f2ea48,21.0,3,2.95625,395.896759,21.763477,0.0,2,true,true,stage_b_grid,false,governance.selection=pressure_max_under_constraints;seed=continuation
0.3,production_hybrid,3c5f6b3c9bd535cff7657364dadb2efc31f2ea48,21.0,3,2.96875,396.408706,21.767167,0.0,2,true,true,stage_b_grid,false,governance.selection=pressure_max_under_constraints;seed=continuation
0.3,production_hybrid,3c5f6b3c9bd535cff7657364dadb2efc31f2ea48,21.0,3,2.98125,396.920406,21.77087,0.0,2,true,true,stage_b_grid,false,governance.selection=pressure_max_under_constraints;seed=continuation
0.3,production_hybrid,3c5f6b3c9bd535cff7657364dadb2efc31f2ea48,21.0,3,2.99375,397.431818,21.774586,0.0,2,true,true,stage_b_grid,false,governance.selection=pressure_max_under_constraints;seed=continuation
0.3,production_hybrid,3c5f6b3c9bd535cff7657364dadb2efc31f2ea48,21.0,3,3.00625,397.942907,21.778316,0.0,2,true,true,stage_b_grid,false,governance.selection=pressure_max_under_constraints;seed=continuation
0.3,production_hybrid,3c5f6b3c9bd535cff7657364dadb2efc31f2ea48,21.0,3,3.01875,398.453639,21.782059,0.0,2,true,true,stage_b_grid,false,governance.selection=pressure_max_under_constraints;seed=continuation
0.3,production_hybrid,3c5f6b3c9bd535cff7657364dadb2efc31f2ea48,21.0,3,3.03125,398.963979,21.785814,0.0,2,true,true,stage_b_grid,false,governance.selection=pressure_max_under_constraints;seed=continuation
0.3,production_hybrid,3c5f6b3c9bd535cff7657364dadb2efc31f2ea48,21.0,3,3.04375,399.473897,21.789581,0.0,2,true,true,stage_b_grid,false,governance.selection=pressure_max_under_constraints;seed=continuation
0.3,production_hybrid,3c5f6b3c9bd535cff7657364dadb2efc31f2ea48,21.0,3,3.05625,399.983364,21.793361,0.0,2,true,true,stage_b_grid,false,governance.selection=pressure_max_under_constraints;seed=continuation
0.3,production_hybrid,3c5f6b3c9bd535cff7657364dadb2efc31f2ea48,21.0,3,3.06875,400.492351,21.797153,0.0,2,true,true,stage_b_grid,false,governance.selection=pressure_max_under_constraints;seed=continuation
0.3,production_hybrid,3c5f6b3c9bd535cff7657364dadb2efc31f2ea48,21.0,3,3.08125,401.000832,21.800956,0.0,2,true,true,stage_b_grid,false,governance.selection=pressure_max_under_constraints;seed=continuation
0.3,production_hybrid,3c5f6b3c9bd535cff7657364dadb2efc31f2ea48,21.0,3,3.09375,401.508782,21.804771,0.0,2,true,true,stage_b_grid,false,governance.selection=pressure_max_under_constraints;seed=continuation
0.3,production_hybrid,3c5f6b3c9bd535cff7657364dadb2efc31f2ea48,21.0,3,3.10625,402.016177,21.808597,0.0,2,true,true,stage_b_grid,false,governance.selection=pressure_max_under_constraints;seed=continuation
0.3,production_hybrid,3c5f6b3c9bd535cff7657364dadb2efc31f2ea48,21.0,3,3.11875,402.522995,21.812435,0.0,2,true,true,stage_b_grid,false,governance.selection=pressure_max_under_constraints;seed=continuation
0.3,production_hybrid,3c5f6b3c9bd535cff7657364dadb2efc31f2ea48,21.0,3,3.13125,403.029215,21.816283,0.0,2,true,true,stage_b_grid,false,governance.selection=pressure_max_under_constraints;seed=continuation
0.3,production_hybrid,3c5f6b3c9bd535cff7657364dadb2efc31f2ea48,21.0,3,3.14375,403.534816,21.820142,0.0,2,true,true,stage_b_grid,false,governance.selection=pressure_max_under_constraints;seed=continuation
0.3,production_hybrid,3c5f6b3c9bd535cff7657364dadb2efc31f2ea48,21.0,3,3.15625,404.03978,21.824011,0.0,2,true,true,stage_b_grid,false,governance.selection=pressure_max_under_constraints;seed=continuation
0.3,production_hybrid,3c5f6b3c9bd535cff7657364dadb2efc31f2ea48,21.0,3,3.16875,404.544089,21.82789,0.0,2,true,true,stage_b_grid,false,governance.selection=pressure_max_under_constraints;seed=continuation
0.3,production_hybrid,3c5f6b3c9bd535cff7657364dadb2efc31f2ea48,21.0,3,3.18125,405.047725,21.83178,0.0,2,true,true,stage_b_grid,false,governance.selection=pressure_max_under_constraints;seed=continuation
0.3,production_hybrid,3c5f6b3c9bd535cff7657364dadb2efc31f2ea48,21.0,3,3.19375,405.550674,21.83568,0.0,2,true,true,stage_b_grid,false,governance.selection=pressure_max_under_constraints;seed=continuation
0.3,production_hybrid,3c5f6b3c9bd535cff7657364dadb2efc31f2ea48,21.0,3,3.20625,406.05292,21.839589,0.0,2,true,true,stage_b_grid,false,governance.selection=pressure_max_under_constraints;seed=continuation
0.3,production_hybrid,3c5f6b3c9bd535cff7657364dadb2efc31f2ea48,21.0,3,3.21875,406.554448,21.843508,0.0,2,true,true,stage_b_grid,false,governance.selection=pressure_max_under_constraints;seed=continuation
0.3,production_hybrid,3c5f6b3c9bd535cff7657364dadb2efc31f2ea48,21.0,3,3.23125,407.055246,21.847437,0.0,2,true,true,stage_b_grid,false,governance.selection=pressure_max_under_constraints;seed=continuation
0.3,production_hybrid,3c5f6b3c9bd535cff7657364dadb2efc31f2ea48,21.0,3,3.24375,407.555301,21.851375,0.0,2,true,true,stage_b_grid,false,governance.selection=pressure_max_under_constraints;seed=continuation
0.3,production_hybrid,3c5f6b3c9bd535cff7657364dadb2efc31f2ea48,21.0,3,3.25625,408.054601,21.855322,0.0,2,true,true,stage_b_grid,false,governance.selection=pressure_max_under_constraints;seed=continuation
0.3,production_hybrid,3c5f6b3c9bd535cff7657364dadb2efc31f2ea48,21.0,3,3.26875,408.553136,21.859279,0.0,2,true,true,stage_b_grid,false,governance.selection=pressure_max_under_constraints;seed=continuation
0.3,production_hybrid,3c5f6b3c9bd535cff7657364dadb2efc31f2ea48,21.0,3,3.28125,409.050893,21.863244,0.0,2,true,true,stage_b_grid,false,governance.selection=pressure_max_under_constraints;seed=continuation
0.3,production_hybrid,3c5f6b3c9bd535cff7657364dadb2efc31f2ea48,21.0,3,3.29375,409.547865,21.867218,0.0,2,true,true,stage_b_grid,false,governance.selection=pressure_max_under_constraints;seed=continuation
0.3,production_hybrid,3c5f6b3c9bd535cff7657364dadb2efc31f2ea48,21.0,3,3.30625,410.04404,21.871201,0.0,2,true,true,stage_b_grid,false,governance.selection=pressure_max_under_constraints;seed=continuation
0.3,production_hybrid,3c5f6b3c9bd535cff7657364dadb2efc31f2ea48,21.0,3,3.31875,410.539412,21.875193,0.0,2,true,true,stage_b_grid,false,governance.selection=pressure_max_under_constraints;seed=continuation
0.3,production_hybrid,3c5f6b3c9bd535cff7657364dadb2efc31f2ea48,21.0,3,3.33125,411.033972,21.879193,0.0,2,true,true,stage_b_grid,false,governance.selection=pressure_max_under_constraints;seed=continuation
0.3,production_hybrid,3c5f6b3c9bd535cff7657364dadb2efc31f2ea48,21.0,3,3.34375,411.527711,21.883201,0.0,2,true,true,stage_b_grid,false,governance.selection=pressure_max_under_constraints;seed=continuation
0.3,production_hybrid,3c5f6b3c9bd535cff7657364dadb2efc31f2ea48,21.0,3,3.35625,412.020624,21.887218,0.0,2,true,true,stage_b_grid,false,governance.selection=pressure_max_under_constraints;seed=continuation
0.3,production_hybrid,3c5f6b3c9bd535cff7657364dadb2efc31f2ea48,21.0,3,3.36875,412.512703,21.891243,0.0,2,true,true,stage_b_grid,false,governance.selection=pressure_max_under_constraints;seed=continuation
0.3,production_hybrid,3c5f6b3c9bd535cff7657364dadb2efc31f2ea48,21.0,3,3.38125,413.003942,21.895276,0.0,2,true,true,stage_b_grid,false,governance.selection=pressure_max_under_constraints;seed=continuation
0.3,production_hybrid,3c5f6b3c9bd535cff7657364dadb2efc31f2ea48,21.0,3,3.39375,413.494336,21.899317,0.0,2,true,true,stage_b_grid,false,governance.selection=pressure_max_under_constraints;seed=continuation
0.3,production_hybrid,3c5f6b3c9bd535cff7657364dadb2efc31f2ea48,21.0,3,3.40625,413.983879,21.903366,0.0,2,true,true,stage_b_grid,false,governance.selection=pressure_max_under_constraints;seed=continuation
0.3,production_hybrid,3c5f6b3c9bd535cff7657364dadb2efc31f2ea48,21.0,3,3.41875,414.472566,21.907422,0.0,2,true,true,stage_b_grid,false,governance.selection=pressure_max_under_constraints;seed=continuation
0.3,production_hybrid,3c5f6b3c9bd535cff7657364dadb2efc31f2ea48,21.0,3,3.43125,414.960392,21.911486,0.0,2,true,true,stage_b_grid,false,governance.selection=pressure_max_under_constraints;seed=continuation
0.3,production_hybrid,3c5f6b3c9bd535cff7657364dadb2efc31f2ea48,21.0,3,3.44375,415.447354,21.915558,0.0,2,true,true,stage_b_grid,false,governance.selection=pressure_max_under_constraints;seed=continuation
0.3,production_hybrid,3c5f6b3c9bd535cff7657364dadb2efc31f2ea48,21.0,3,3.45625,415.933447,21.919638,0.0,2,true,true,stage_b_grid,false,governance.selection=pressure_max_under_constraints;seed=continuation
0.3,production_hybrid,3c5f6b3c9bd535cff7657364dadb2efc31f2ea48,21.0,3,3.46875,416.418668,21.923724,0.0,2,true,true,stage_b_grid,false,governance.selection=pressure_max_under_constraints;seed=continuation
0.3,production_hybrid,3c5f6b3c9bd535cff7657364dadb2efc31f2ea48,21.0,3,3.48125,416.903012,21.927819,0.0,2,true,true,stage_b_grid,false,governance.selection=pressure_max_under_constraints;seed=continuation
0.3,production_hybrid,3c5f6b3c9bd535cff7657364dadb2efc31f2ea48,21.0,3,3.49375,417.386478,21.93192,0.0,2,true,true,stage_b_grid,false,governance.selection=pressure_max_under_constraints;seed=continuation
0.3,production_hybrid,3c5f6b3c9bd535cff7657364dadb2efc31f2ea48,21.0,3,3.50625,417.869062,21.936029,0.0,2,true,true,stage_b_grid,false,governance.selection=pressure_max_under_constraints;seed=continuation
0.3,production_hybrid,3c5f6b3c9bd535cff7657364dadb2efc31f2ea48,21.0,3,3.51875,418.350762,21.940144,0.0,2,true,true,stage_b_grid,false,governance.selection=pressure_max_under_constraints;seed=continuation
0.3,production_hybrid,3c5f6b3c9bd535cff7657364dadb2efc31f2ea48,21.0,3,3.53125,418.831575,21.944267,0.0,2,true,true,stage_b_grid,false,governance.selection=pressure_max_under_constraints;seed=continuation
0.3,production_hybrid,3c5f6b3c9bd535cff7657364dadb2efc31f2ea48,21.0,3,3.54375,419.311499,21.948397,0.0,2,true,true,stage_b_grid,false,governance.selection=pressure_max_under_constraints;seed=continuation
0.3,production_hybrid,3c5f6b3c9bd535cff7657364dadb2efc31f2ea48,21.0,3,3.55625,419.790533,21.952533,0.0,2,true,true,stage_b_grid,false,governance.selection=pressure_max_under_constraints;seed=continuation
0.3,production_hybrid,3c5f6b3c9bd535cff7657364dadb2efc31f2ea48,21.0,3,3.56875,420.268673,21.956677,0.0,2,true,true,stage_b_grid,false,governance.selection=pressure_max_under_constraints;seed=continuation
0.3,production_hybrid,3c5f6b3c9bd535cff7657364dadb2efc31f2ea48,21.0,3,3.58125,420.74592,21.960827,0.0,2,true,true,stage_b_grid,false,governance.selection=pressure_max_under_constraints;seed=continuation
0.3,production_hybrid,3c5f6b3c9bd535cff7657364dadb2efc31f2ea48,21.0,3,3.59375,421.222271,21.964984,0.0,2,true,true,stage_b_grid,false,governance.selection=pressure_max_under_constraints;seed=continuation
0.3,production_hybrid,3c5f6b3c9bd535cff7657364dadb2efc31f2ea48,21.0,3,3.60625,421.697726,21.969148,0.0,2,true,true,stage_b_grid,false,governance.selection=pressure_max_under_constraints;seed=continuation
0.3,production_hybrid,3c5f6b3c9bd535cff7657364dadb2efc31f2ea48,21.0,3,3.61875,422.172283,21.973318,0.0,2,true,true,stage_b_grid,false,governance.selection=pressure_max_under_constraints;seed=continuation
0.3,production_hybrid,3c5f6b3c9bd535cff7657364dadb2efc31f2ea48,21.0,3,3.63125,422.64594,21.977494,0.0,2,true,true,stage_b_grid,false,governance.selection=pressure_max_under_constraints;seed=continuation
0.3,production_hybrid,3c5f6b3c9bd535cff7657364dadb2efc31f2ea48,21.0,3,3.64375,423.118698,21.981678,0.0,2,true,true,stage_b_grid,false,governance.selection=pressure_max_under_constraints;seed=continuation
0.3,production_hybrid,3c5f6b3c9bd535cff7657364dadb2efc31f2ea48,21.0,3,3.65625,423.590556,21.985867,0.0,2,true,true,stage_b_grid,false,governance.selection=pressure_max_under_constraints;seed=continuation
0.3,production_hybrid,3c5f6b3c9bd535cff7657364dadb2efc31f2ea48,21.0,3,3.66875,424.061513,21.990063,0.0,2,true,true,stage_b_grid,false,governance.selection=pressure_max_under_constraints;seed=continuation
0.3,production_hybrid,3c5f6b3c9bd535cff7657364dadb2efc31f2ea48,21.0,3,3.68125,424.531568,21.994265,0.0,2,true,true,stage_b_grid,false,governance.selection=pressure_max_under_constraints;seed=continuation
0.3,production_hybrid,3c5f6b3c9bd535cff7657364dadb2efc31f2ea48,21.0,3,3.69375,425.000721,21.998473,0.0,2,true,true,stage_b_grid,false,governance.selection=pressure_max_under_constraints;seed=continuation
0.3,production_hybrid,3c5f6b3c9bd535cff7657364dadb2efc31f2ea48,21.0,3,3.70625,425.468972,22.002687,0.0,2,true,true,stage_b_grid,false,governance.selection=pressure_max_under_constraints;seed=continuation
0.3,production_hybrid,3c5f6b3c9bd535cff7657364dadb2efc31f2ea48,21.0,3,3.71875,425.936321,22.006908,0.0,2,true,true,stage_b_grid,false,governance.selection=pressure_max_under_constraints;seed=continuation
0.3,production_hybrid,3c5f6b3c9bd535cff7657364dadb2efc31f2ea48,21.0,3,3.73125,426.402766,22.011134,0.0,2,true,true,stage_b_grid,false,governance.selection=pressure_max_under_constraints;seed=continuation
0.3,production_hybrid,3c5f6b3c9bd535cff7657364dadb2efc31f2ea48,21.0,3,3.74375,426.868309,22.015367,0.0,2,true,true,stage_b_grid,false,governance.selection=pressure_max_under_constraints;seed=continuation
0.3,production_hybrid,3c5f6b3c9bd535cff7657364dadb2efc31f2ea48,21.0,3,3.75625,427.332949,22.019605,0.0,2,true,true,stage_b_grid,false,governance.selection=pressure_max_under_constraints;seed=continuation
0.3,production_hybrid,3c5f6b3c9bd535cff7657364dadb2efc31f2ea48,21.0,3,3.76875,427.796685,22.02385,0.0,2,true,true,stage_b_grid,false,governance.selection=pressure_max_under_constraints;seed=continuation
0.3,production_hybrid,3c5f6b3c9bd535cff7657364dadb2efc31f2ea48,21.0,3,3.78125,428.259518,22.0281,0.0,2,true,true,stage_b_grid,false,governance.selection=pressure_max_under_constraints;seed=continuation
0.3,production_hybrid,3c5f6b3c9bd535cff7657364dadb2efc31f2ea48,21.0,3,3.79375,428.721449,22.032356,0.0,2,true,true,stage_b_grid,false,governance.selection=pressure_max_under_constraints;seed=continuation
0.3,production_hybrid,3c5f6b3c9bd535cff7657364dadb2efc31f2ea48,21.0,3,3.80625,429.182475,22.036617,0.0,2,true,true,stage_b_grid,false,governance.selection=pressure_max_under_constraints;seed=continuation
0.3,production_hybrid,3c5f6b3c9bd535cff7657364dadb2efc31f2ea48,21.0,3,3.81875,429.642599,22.040884,0.0,2,true,true,stage_b_grid,false,governance.selection=pressure_max_under_constraints;seed=continuation
0.3,production_hybrid,3c5f6b3c9bd535cff7657364dadb2efc31f2ea48,21.0,3,3.83125,430.101819,22.045157,0.0,2,true,true,stage_b_grid,false,governance.selection=pressure_max_under_constraints;seed=continuation
0.3,production_hybrid,3c5f6b3c9bd535cff7657364dadb2efc31f2ea48,21.0,3,3.84375,430.560137,22.049435,0.0,2,true,true,stage_b_grid,false,governance.selection=pressure_max_under_constraints;seed=continuation
0.3,production_hybrid,3c5f6b3c9bd535cff7657364dadb2efc31f2ea48,21.0,3,3.85625,431.01755,22.053719,0.0,2,true,true,stage_b_grid,false,governance.selection=pressure_max_under_constraints;seed=continuation
0.3,production_hybrid,3c5f6b3c9bd535cff7657364dadb2efc31f2ea48,21.0,3,3.86875,431.474061,22.058008,0.0,2,true,true,stage_b_grid,false,governance.selection=pressure_max_under_constraints;seed=continuation
0.3,production_hybrid,3c5f6b3c9bd535cff7657364dadb2efc31f2ea48,21.0,3,3.88125,431.929668,22.062303,0.0,2,true,true,stage_b_grid,false,governance.selection=pressure_max_under_constraints;seed=continuation
0.3,production_hybrid,3c5f6b3c9bd535cff7657364dadb2efc31f2ea48,21.0,3,3.89375,432.384371,22.066603,0.0,2,true,true,stage_b_grid,false,governance.selection=pressure_max_under_constraints;seed=continuation
0.3,production_hybrid,3c5f6b3c9bd535cff7657364dadb2efc31f2ea48,21.0,3,3.90625,432.838171,22.070908,0.0,2,true,true,stage_b_grid,false,governance.selection=pressure_max_under_constraints;seed=continuation
0.3,production_hybrid,3c5f6b3c9bd535cff7657364dadb2efc31f2ea48,21.0,3,3.91875,433.291066,22.075218,0.0,2,true,true,stage_b_grid,false,governance.selection=pressure_max_under_constraints;seed=continuation
0.3,production_hybrid,3c5f6b3c9bd535cff7657364dadb2efc31f2ea48,21.0,3,3.93125,433.743057,22.079533,0.0,2,true,true,stage_b_grid,false,governance.selection=pressure_max_under_constraints;seed=continuation
0.3,production_hybrid,3c5f6b3c9bd535cff7657364dadb2efc31f2ea48,21.0,3,3.94375,434.194143,22.083854,0.0,2,true,true,stage_b_grid,false,governance.selection=pressure_max_under_constraints;seed=continuation
0.3,production_hybrid,3c5f6b3c9bd535cff7657364dadb2efc31f2ea48,21.0,3,3.95625,434.644324,22.088179,0.0,2,true,true,stage_b_grid,false,governance.selection=pressure_max_under_constraints;seed=continuation
0.3,production_hybrid,3c5f6b3c9bd535cff7657364dadb2efc31f2ea48,21.0,3,3.96875,435.093599,22.09251,0.0,2,true,true,stage_b_grid,false,governance.selection=pressure_max_under_constraints;seed=continuation
0.3,production_hybrid,3c5f6b3c9bd535cff7657364dadb2efc31f2ea48,21.0,3,3.98125,435.541968,22.096845,0.0,2,true,true,stage_b_grid,false,governance.selection=pressure_max_under_constraints;seed=continuation
0.3,production_hybrid,3c5f6b3c9bd535cff7657364dadb2efc31f2ea48,21.0,3,3.99375,435.989429,22.101185,0.0,2,true,true,stage_b_grid,false,governance.selection=pressure_max_under_constraints;seed=continuation
0.3,production_hybrid,3c5f6b3c9bd535cff7657364dadb2efc31f2ea48,21.0,4,0.015625,364.200424,21.608285,0.0,3,true,true,stage_c_guard,false,governance.selection=pressure_max_under_constraints;seed=continuation
0.3,production_hybrid,3c5f6b3c9bd535cff7657364dadb2efc31f2ea48,21.0,4,0.021875,366.518927,21.60839,0.0,3,true,true,stage_c_guard,false,governance.selection=pressure_max_under_constraints;seed=continuation
0.3,production_hybrid,3c5f6b3c9bd535cff7657364dadb2efc31f2ea48,21.0,4,0.028125,368.238522,21.608494,0.0,3,true,true,stage_c_guard,false,governance.selection=pressure_max_under_constraints;seed=continuation
0.3,production_hybrid,3c5f6b3c9bd535cff7657364dadb2efc31f2ea48,21.0,4,0.034375,369.600878,21.608597,0.0,3,true,true,stage_c_guard,false,governance.selection=pressure_max_under_constraints;seed=continuation
0.3,production_hybrid,3c5f6b3c9bd535cff7657364dadb2efc31f2ea48,21.0,4,0.046875,371.679361,21.608801,0.0,3,true,true,stage_c_guard,false,governance.selection=pressure_max_under_constraints;seed=continuation
0.3,production_hybrid,3c5f6b3c9bd535cff7657364dadb2efc31f2ea48,21.0,4,0.071875,374.456364,21.609195,0.0,3,true,true,stage_c_guard,false,governance.selection=pressure_max_under_constraints;seed=continuation
0.3,production_hybrid,3c5f6b3c9bd535cff7657364dadb2efc31f2ea48,21.0,4,0.353125,381.285654,21.611593,0.0,2,true,true,stage_c_guard,false,governance.selection=pressure_max_under_constraints;seed=continuation
0.3,production_hybrid,3c5f6b3c9bd535cff7657364dadb2efc31f2ea48,21.0,4,1.071875,372.528476,21.594834,0.0,2,true,true,stage_c_guard,false,governance.selection=pressure_max_under_constraints;seed=continuation
0.3,production_hybrid,3c5f6b3c9bd535cff7657364dadb2efc31f2ea48,21.0,4,1.103125,372.007666,21.593457,0.0,2,true,true,stage_c_guard,false,governance.selection=pressure_max_under_constraints;seed=continuation
0.3,production_hybrid,3c5f6b3c9bd535cff7657364dadb2efc31f2ea48,21.0,4,1.178125,370.769615,21.590022,0.0,2,true,true,stage_c_guard,false,governance.selection=pressure_max_under_constraints;seed=continuation
0.3,production_hybrid,3c5f6b3c9bd535cff7657364dadb2efc31f2ea48,21.0,4,1.828125,363.915245,21.566339,0.0,2,true,true,stage_c_guard,false,governance.selection=pressure_max_under_constraints;seed=continuation
0.3,production_hybrid,3c5f6b3c9bd535cff7657364dadb2efc31f2ea48,21.0,4,2.334375,371.950526,21.60869,0.0,2,true,true,stage_c_guard,false,governance.selection=pressure_max_under_constraints;seed=continuation
