xi,method,calculation_sha,T_MeV,rho_level,rho,muq_MeV,pressure_fm4,residual_norm,iterations,converged,finite,sampling_role,cache_reused,solver_message
0.3,independent_oracle,3c5f6b3c9bd535cff7657364dadb2efc31f2ea48,21.0,0,0.0,90.499528,21.608021,0.0,38,true,true,coarse_grid,false,governance.selection=pressure_max_under_constraints;seed=continuation
0.3,independent_oracle,3c5f6b3c9bd535cff7657364dadb2efc31f2ea48,21.0,0,0.00625,357.836176,21.608127,0.0,4,true,true,coarse_grid,false,governance.selection=pressure_max_under_constraints;seed=continuation
0.3,independent_oracle,3c5f6b3c9bd535cff7657364dadb2efc31f2ea48,21.0,0,0.0125,362.655746,21.608233,0.0,4,true,true,coarse_grid,false,governance.selection=pressure_max_under_constraints;seed=continuation
0.3,independent_oracle,3c5f6b3c9bd535cff7657364dadb2efc31f2ea48,21.0,0,0.01875,365.458629,21.608338,0.0,3,true,true,coarse_grid,false,governance.selection=pressure_max_under_constraints;seed=continuation
0.3,independent_oracle,3c5f6b3c9bd535cff7657364dadb2efc31f2ea48,21.0,0,0.025,367.434189,21.608442,0.0,3,true,true,coarse_grid,false,governance.selection=pressure_max_under_constraints;seed=continuation
0.3,independent_oracle,3c5f6b3c9bd535cff7657364dadb2efc31f2ea48,21.0,0,0.03125,368.955213,21.608546,0.0,3,true,true,coarse_grid,false,governance.selection=pressure_max_under_constraints;seed=continuation
0.3,independent_oracle,3c5f6b3c9bd535cff7657364dadb2efc31f2ea48,21.0,0,0.0375,370.187786,21.608648,0.0,3,true,true,coarse_grid,false,governance.selection=pressure_max_under_constraints;seed=continuation
0.3,independent_oracle,3c5f6b3c9bd535cff7657364dadb2efc31f2ea48,21.0,0,0.04375,371.220532,21.60875,0.0,3,true,true,coarse_grid,false,governance.selection=pressure_max_under_constraints;seed=continuation
0.3,independent_oracle,3c5f6b3c9bd535cff7657364dadb2efc31f2ea48,21.0,0,0.05,372.106378,21.608851,0.0,3,true,true,coarse_grid,false,governance.selection=pressure_max_under_constraints;seed=continuation
0.3,independent_oracle,3c5f6b3c9bd535cff7657364dadb2efc31f2ea48,21.0,0,0.05625,372.879485,21.608951,0.0,3,true,true,coarse_grid,false,governance.selection=pressure_max_under_constraints;seed=continuation
0.3,independent_oracle,3c5f6b3c9bd535cff7657364dadb2efc31f2ea48,21.0,0,0.0625,373.563195,21.60905,0.0,3,true,true,coarse_grid,false,governance.selection=pressure_max_under_constraints;seed=continuation
0.3,independent_oracle,3c5f6b3c9bd535cff7657364dadb2efc31f2ea48,21.0,0,0.06875,374.174173,21.609147,0.0,3,true,true,coarse_grid,false,governance.selection=pressure_max_under_constraints;seed=continuation
0.3,independent_oracle,3c5f6b3c9bd535cff7657364dadb2efc31f2ea48,21.0,0,0.075,374.724738,21.609243,0.0,3,true,true,coarse_grid,false,governance.selection=pressure_max_under_constraints;seed=continuation
0.3,independent_oracle,3c5f6b3c9bd535cff7657364dadb2efc31f2ea48,21.0,0,0.08125,375.224258,21.609338,0.0,3,true,true,coarse_grid,false,governance.selection=pressure_max_under_constraints;seed=continuation
0.3,independent_oracle,3c5f6b3c9bd535cff7657364dadb2efc31f2ea48,21.0,0,0.0875,375.680024,21.609432,0.0,3,true,true,coarse_grid,false,governance.selection=pressure_max_under_constraints;seed=continuation
0.3,independent_oracle,3c5f6b3c9bd535cff7657364dadb2efc31f2ea48,21.0,0,0.09375,376.097828,21.609524,0.0,3,true,true,coarse_grid,false,governance.selection=pressure_max_under_constraints;seed=continuation
0.3,independent_oracle,3c5f6b3c9bd535cff7657364dadb2efc31f2ea48,21.0,0,0.1,376.482346,21.609614,0.0,3,true,true,coarse_grid,false,governance.selection=pressure_max_under_constraints;seed=continuation
0.3,independent_oracle,3c5f6b3c9bd535cff7657364dadb2efc31f2ea48,21.0,0,0.10625,376.837411,21.609703,0.0,3,true,true,coarse_grid,false,governance.selection=pressure_max_under_constraints;seed=continuation
0.3,independent_oracle,3c5f6b3c9bd535cff7657364dadb2efc31f2ea48,21.0,0,0.1125,377.166207,21.609791,0.0,3,true,true,coarse_grid,false,governance.selection=pressure_max_under_constraints;seed=continuation
0.3,independent_oracle,3c5f6b3c9bd535cff7657364dadb2efc31f2ea48,21.0,0,0.11875,377.471405,21.609876,0.0,3,true,true,coarse_grid,false,governance.selection=pressure_max_under_constraints;seed=continuation
0.3,independent_oracle,3c5f6b3c9bd535cff7657364dadb2efc31f2ea48,21.0,0,0.125,377.755272,21.609961,0.0,3,true,true,coarse_grid,false,governance.selection=pressure_max_under_constraints;seed=continuation
0.3,independent_oracle,3c5f6b3c9bd535cff7657364dadb2efc31f2ea48,21.0,0,0.13125,378.019749,21.610043,0.0,3,true,true,coarse_grid,false,governance.selection=pressure_max_under_constraints;seed=continuation
0.3,independent_oracle,3c5f6b3c9bd535cff7657364dadb2efc31f2ea48,21.0,0,0.1375,378.26651,21.610124,0.0,3,true,true,coarse_grid,false,governance.selection=pressure_max_under_constraints;seed=continuation
0.3,independent_oracle,3c5f6b3c9bd535cff7657364dadb2efc31f2ea48,21.0,0,0.14375,378.49701,21.610202,0.0,3,true,true,coarse_grid,false,governance.selection=pressure_max_under_constraints;seed=continuation
0.3,independent_oracle,3c5f6b3c9bd535cff7657364dadb2efc31f2ea48,21.0,0,0.15,378.712524,21.610279,0.0,3,true,true,coarse_grid,false,governance.selection=pressure_max_under_constraints;seed=continuation
0.3,independent_oracle,3c5f6b3c9bd535cff7657364dadb2efc31f2ea48,21.0,0,0.15625,378.914172,21.610355,0.0,3,true,true,coarse_grid,false,governance.selection=pressure_max_under_constraints;seed=continuation
0.3,independent_oracle,3c5f6b3c9bd535cff7657364dadb2efc31f2ea48,21.0,0,0.1625,379.102949,21.610428,0.0,3,true,true,coarse_grid,false,governance.selection=pressure_max_under_constraints;seed=continuation
0.3,independent_oracle,3c5f6b3c9bd535cff7657364dadb2efc31f2ea48,21.0,0,0.16875,379.279738,21.610499,0.0,3,true,true,coarse_grid,false,governance.selection=pressure_max_under_constraints;seed=continuation
0.3,independent_oracle,3c5f6b3c9bd535cff7657364dadb2efc31f2ea48,21.0,0,0.175,379.44533,21.610568,0.0,3,true,true,coarse_grid,false,governance.selection=pressure_max_under_constraints;seed=continuation
0.3,independent_oracle,3c5f6b3c9bd535cff7657364dadb2efc31f2ea48,21.0,0,0.18125,379.600436,21.610635,0.0,3,true,true,coarse_grid,false,governance.selection=pressure_max_under_constraints;seed=continuation
0.3,independent_oracle,3c5f6b3c9bd535cff7657364dadb2efc31f2ea48,21.0,0,0.1875,379.745695,21.6107,0.0,3,true,true,coarse_grid,false,governance.selection=pressure_max_under_constraints;seed=continuation
0.3,independent_oracle,3c5f6b3c9bd535cff7657364dadb2efc31f2ea48,21.0,0,0.19375,379.881689,21.610764,0.0,3,true,true,coarse_grid,false,governance.selection=pressure_max_under_constraints;seed=continuation
0.3,independent_oracle,3c5f6b3c9bd535cff7657364dadb2efc31f2ea48,21.0,0,0.2,380.008945,21.610824,0.0,3,true,true,coarse_grid,false,governance.selection=pressure_max_under_constraints;seed=continuation
0.3,independent_oracle,3c5f6b3c9bd535cff7657364dadb2efc31f2ea48,21.0,0,0.20625,380.127943,21.610883,0.0,3,true,true,coarse_grid,false,governance.selection=pressure_max_under_constraints;seed=continuation
0.3,independent_oracle,3c5f6b3c9bd535cff7657364dadb2efc31f2ea48,21.0,0,0.2125,380.239124,21.61094,0.0,2,true,true,coarse_grid,false,governance.selection=pressure_max_under_constraints;seed=continuation
0.3,independent_oracle,3c5f6b3c9bd535cff7657364dadb2efc31f2ea48,21.0,0,0.21875,380.34289,21.610994,0.0,2,true,true,coarse_grid,false,governance.selection=pressure_max_under_constraints;seed=continuation
0.3,independent_oracle,3c5f6b3c9bd535cff7657364dadb2efc31f2ea48,21.0,0,0.225,380.439614,21.611046,0.0,2,true,true,coarse_grid,false,governance.selection=pressure_max_under_constraints;seed=continuation
0.3,independent_oracle,3c5f6b3c9bd535cff7657364dadb2efc31f2ea48,21.0,0,0.23125,380.529637,21.611096,0.0,2,true,true,coarse_grid,false,governance.selection=pressure_max_under_constraints;seed=continuation
0.3,independent_oracle,3c5f6b3c9bd535cff7657364dadb2efc31f2ea48,21.0,0,0.2375,380.613277,21.611144,0.0,2,true,true,coarse_grid,false,governance.selection=pressure_max_under_constraints;seed=continuation
0.3,independent_oracle,3c5f6b3c9bd535cff7657364dadb2efc31f2ea48,21.0,0,0.24375,380.690826,21.611189,0.0,2,true,true,coarse_grid,false,governance.selection=pressure_max_under_constraints;seed=continuation
0.3,independent_oracle,3c5f6b3c9bd535cff7657364dadb2efc31f2ea48,21.0,0,0.25,380.762557,21.611233,0.0,2,true,true,coarse_grid,false,governance.selection=pressure_max_under_constraints;seed=continuation
0.3,independent_oracle,3c5f6b3c9bd535cff7657364dadb2efc31f2ea48,21.0,0,0.25625,380.828724,21.611273,0.0,2,true,true,coarse_grid,false,governance.selection=pressure_max_under_constraints;seed=continuation
0.3,independent_oracle,3c5f6b3c9bd535cff7657364dadb2efc31f2ea48,21.0,0,0.2625,380.889564,21.611312,0.0,2,true,true,coarse_grid,false,governance.selection=pressure_max_under_constraints;seed=continuation
0.3,independent_oracle,3c5f6b3c9bd535cff7657364dadb2efc31f2ea48,21.0,0,0.26875,380.945297,21.611348,0.0,2,true,true,coarse_grid,false,governance.selection=pressure_max_under_constraints;seed=continuation
0.3,independent_oracle,3c5f6b3c9bd535cff7657364dadb2efc31f2ea48,21.0,0,0.275,380.996132,21.611381,0.0,2,true,true,coarse_grid,false,governance.selection=pressure_max_under_constraints;seed=continuation
0.3,independent_oracle,3c5f6b3c9bd535cff7657364dadb2efc31f2ea48,21.0,0,0.28125,381.042261,21.611412,0.0,2,true,true,coarse_grid,false,governance.selection=pressure_max_under_constraints;seed=continuation
0.3,independent_oracle,3c5f6b3c9bd535cff7657364dadb2efc31f2ea48,21.0,0,0.2875,381.083868,21.611441,0.0,2,true,true,coarse_grid,false,governance.selection=pressure_max_under_constraints;seed=continuation
0.3,independent_oracle,3c5f6b3c9bd535cff7657364dadb2efc31f2ea48,21.0,0,0.29375,381.121124,21.611468,0.0,2,true,true,coarse_grid,false,governance.selection=pressure_max_under_constraints;seed=continuation
0.3,independent_oracle,3c5f6b3c9bd535cff7657364dadb2efc31f2ea48,21.0,0,0.3,381.15419,21.611491,0.0,2,true,true,coarse_grid,false,governance.selection=pressure_max_under_constraints;seed=continuation
0.3,independent_oracle,3c5f6b3c9bd535cff7657364dadb2efc31f2ea48,21.0,0,0.30625,381.18322,21.611513,0.0,2,true,true,coarse_grid,false,governance.selection=pressure_max_under_constraints;seed=continuation
0.3,independent_oracle,3c5f6b3c9bd535cff7657364dadb2efc31f2ea48,21.0,0,0.3125,381.208358,21.611532,0.0,2,true,true,coarse_grid,false,governance.selection=pressure_max_under_constraints;seed=continuation
0.3,independent_oracle,3c5f6b3c9bd535cff7657364dadb2efc31f2ea48,21.0,0,0.31875,381.229739,21.611548,0.0,2,true,true,coarse_grid,false,governance.selection=pressure_max_under_constraints;seed=continuation
0.3,independent_oracle,3c5f6b3c9bd535cff7657364dadb2efc31f2ea48,21.0,0,0.325,381.247494,21.611562,0.0,2,true,true,coarse_grid,false,governance.selection=pressure_max_under_constraints;seed=continuation
0.3,independent_oracle,3c5f6b3c9bd535cff7657364dadb2efc31f2ea48,21.0,0,0.33125,381.261744,21.611573,0.0,2,true,true,coarse_grid,false,governance.selection=pressure_max_under_constraints;seed=continuation
0.3,independent_oracle,3c5f6b3c9bd535cff7657364dadb2efc31f2ea48,21.0,0,0.3375,381.272607,21.611582,0.0,2,true,true,coarse_grid,false,governance.selection=pressure_max_under_constraints;seed=continuation
0.3,independent_oracle,3c5f6b3c9bd535cff7657364dadb2efc31f2ea48,21.0,0,0.34375,381.280192,21.611589,0.0,2,true,true,coarse_grid,false,governance.selection=pressure_max_under_constraints;seed=continuation
0.3,independent_oracle,3c5f6b3c9bd535cff7657364dadb2efc31f2ea48,21.0,0,0.35,381.284605,21.611592,0.0,2,true,true,coarse_grid,false,governance.selection=pressure_max_under_constraints;seed=continuation
0.3,independent_oracle,3c5f6b3c9bd535cff7657364dadb2efc31f2ea48,21.0,0,0.35625,381.285946,21.611593,0.0,2,true,true,coarse_grid,false,governance.selection=pressure_max_under_constraints;seed=continuation
0.3,independent_oracle,3c5f6b3c9bd535cff7657364dadb2efc31f2ea48,21.0,0,0.3625,381.284312,21.611592,0.0,2,true,true,coarse_grid,false,governance.selection=pressure_max_under_constraints;seed=continuation
0.3,independent_oracle,3c5f6b3c9bd535cff7657364dadb2efc31f2ea48,21.0,0,0.36875,381.279793,21.611588,0.0,2,true,true,coarse_grid,false,governance.selection=pressure_max_under_constraints;seed=continuation
0.3,independent_oracle,3c5f6b3c9bd535cff7657364dadb2efc31f2ea48,21.0,0,0.375,381.272476,21.611581,0.0,2,true,true,coarse_grid,false,governance.selection=pressure_max_under_constraints;seed=continuation
0.3,independent_oracle,3c5f6b3c9bd535cff7657364dadb2efc31f2ea48,21.0,0,0.38125,381.262445,21.611572,0.0,2,true,true,coarse_grid,false,governance.selection=pressure_max_under_constraints;seed=continuation
0.3,independent_oracle,3c5f6b3c9bd535cff7657364dadb2efc31f2ea48,21.0,0,0.3875,381.249781,21.61156,0.0,2,true,true,coarse_grid,false,governance.selection=pressure_max_under_constraints;seed=continuation
0.3,independent_oracle,3c5f6b3c9bd535cff7657364dadb2efc31f2ea48,21.0,0,0.39375,381.234558,21.611546,0.0,2,true,true,coarse_grid,false,governance.selection=pressure_max_under_constraints;seed=continuation
0.3,independent_oracle,3c5f6b3c9bd535cff7657364dadb2efc31f2ea48,21.0,0,0.4,381.216852,21.611529,0.0,2,true,true,coarse_grid,false,governance.selection=pressure_max_under_constraints;seed=continuation
0.3,independent_oracle,3c5f6b3c9bd535cff7657364dadb2efc31f2ea48,21.0,0,0.40625,381.196731,21.611509,0.0,2,true,true,coarse_grid,false,governance.selection=pressure_max_under_constraints;seed=continuation
0.3,independent_oracle,3c5f6b3c9bd535cff7657364dadb2efc31f2ea48,21.0,0,0.4125,381.174264,21.611487,0.0,2,true,true,coarse_grid,false,governance.selection=pressure_max_under_constraints;seed=continuation
0.3,independent_oracle,3c5f6b3c9bd535cff7657364dadb2efc31f2ea48,21.0,0,0.41875,381.149516,21.611462,0.0,2,true,true,coarse_grid,false,governance.selection=pressure_max_under_constraints;seed=continuation
0.3,independent_oracle,3c5f6b3c9bd535cff7657364dadb2efc31f2ea48,21.0,0,0.425,381.122549,21.611434,0.0,2,true,true,coarse_grid,false,governance.selection=pressure_max_under_constraints;seed=continuation
0.3,independent_oracle,3c5f6b3c9bd535cff7657364dadb2efc31f2ea48,21.0,0,0.43125,381.093423,21.611404,0.0,2,true,true,coarse_grid,false,governance.selection=pressure_max_under_constraints;seed=continuation
0.3,independent_oracle,3c5f6b3c9bd535cff7657364dadb2efc31f2ea48,21.0,0,0.4375,381.062196,21.611371,0.0,2,true,true,coarse_grid,false,governance.selection=pressure_max_under_constraints;seed=continuation
0.3,independent_oracle,3c5f6b3c9bd535cff7657364dadb2efc31f2ea48,21.0,0,0.44375,381.028924,21.611335,0.0,2,true,true,coarse_grid,false,governance.selection=pressure_max_under_constraints;seed=continuation
0.3,independent_oracle,3c5f6b3c9bd535cff7657364dadb2efc31f2ea48,21.0,0,0.45,380.993661,21.611297,0.0,2,true,true,coarse_grid,false,governance.selection=pressure_max_under_constraints;seed=continuation
0.3,independent_oracle,3c5f6b3c9bd535cff7657364dadb2efc31f2ea48,21.0,0,0.45625,380.956458,21.611256,0.0,2,true,true,coarse_grid,false,governance.selection=pressure_max_under_constraints;seed=continuation
0.3,independent_oracle,3c5f6b3c9bd535cff7657364dadb2efc31f2ea48,21.0,0,0.4625,380.917365,21.611212,0.0,2,true,true,coarse_grid,false,governance.selection=pressure_max_under_constraints;seed=continuation
0.3,independent_oracle,3c5f6b3c9bd535cff7657364dadb2efc31f2ea48,21.0,0,0.46875,380.876432,21.611166,0.0,2,true,true,coarse_grid,false,governance.selection=pressure_max_under_constraints;seed=continuation
0.3,independent_oracle,3c5f6b3c9bd535cff7657364dadb2efc31f2ea48,21.0,0,0.475,380.833704,21.611116,0.0,2,true,true,coarse_grid,false,governance.selection=pressure_max_under_constraints;seed=continuation
0.3,independent_oracle,3c5f6b3c9bd535cff7657364dadb2efc31f2ea48,21.0,0,0.48125,380.789228,21.611065,0.0,2,true,true,coarse_grid,false,governance.selection=pressure_max_under_constraints;seed=continuation
0.3,independent_oracle,3c5f6b3c9bd535cff7657364dadb2efc31f2ea48,21.0,0,0.4875,380.743046,21.61101,0.0,2,true,true,coarse_grid,false,governance.selection=pressure_max_under_constraints;seed=continuation
0.3,independent_oracle,3c5f6b3c9bd535cff7657364dadb2efc31f2ea48,21.0,0,0.49375,380.695201,21.610953,0.0,2,true,true,coarse_grid,false,governance.selection=pressure_max_under_constraints;seed=continuation
0.3,independent_oracle,3c5f6b3c9bd535cff7657364dadb2efc31f2ea48,21.0,0,0.5,380.645734,21.610893,0.0,2,true,true,coarse_grid,false,governance.selection=pressure_max_under_constraints;seed=continuation
0.3,independent_oracle,3c5f6b3c9bd535cff7657364dadb2efc31f2ea48,21.0,0,0.50625,380.594686,21.610831,0.0,2,true,true,coarse_grid,false,governance.selection=pressure_max_under_constraints;seed=continuation
0.3,independent_oracle,3c5f6b3c9bd535cff7657364dadb2efc31f2ea48,21.0,0,0.5125,380.542094,21.610766,0.0,2,true,true,coarse_grid,false,governance.selection=pressure_max_under_constraints;seed=continuation
0.3,independent_oracle,3c5f6b3c9bd535cff7657364dadb2efc31f2ea48,21.0,0,0.51875,380.487996,21.610698,0.0,2,true,true,coarse_grid,false,governance.selection=pressure_max_under_constraints;seed=continuation
0.3,independent_oracle,3c5f6b3c9bd535cff7657364dadb2efc31f2ea48,21.0,0,0.525,380.432428,21.610627,0.0,2,true,true,coarse_grid,false,governance.selection=pressure_max_under_constraints;seed=continuation
0.3,independent_oracle,3c5f6b3c9bd535cff7657364dadb2efc31f2ea48,21.0,0,0.53125,380.375427,21.610554,0.0,2,true,true,coarse_grid,false,governance.selection=pressure_max_under_constraints;seed=continuation
0.3,independent_oracle,3c5f6b3c9bd535cff7657364dadb2efc31f2ea48,21.0,0,0.5375,380.317025,21.610478,0.0,2,true,true,coarse_grid,false,governance.selection=pressure_max_under_constraints;seed=continuation
0.3,independent_oracle,3c5f6b3c9bd535cff7657364dadb2efc31f2ea48,21.0,0,0.54375,380.257256,21.6104,0.0,2,true,true,coarse_grid,false,governance.selection=pressure_max_under_constraints;seed=continuation
0.3,independent_oracle,3c5f6b3c9bd535cff7657364dadb2efc31f2ea48,21.0,0,0.55,380.196153,21.610318,0.0,2,true,true,coarse_grid,false,governance.selection=pressure_max_under_constraints;seed=continuation
0.3,independent_oracle,3c5f6b3c9bd535cff7657364dadb2efc31f2ea48,21.0,0,0.55625,380.133747,21.610234,0.0,2,true,true,coarse_grid,false,governance.selection=pressure_max_under_constraints;seed=continuation
0.3,independent_oracle,3c5f6b3c9bd535cff7657364dadb2efc31f2ea48,21.0,0,0.5625,380.070069,21.610148,0.0,2,true,true,coarse_grid,false,governance.selection=pressure_max_under_constraints;seed=continuation
0.3,independent_oracle,3c5f6b3c9bd535cff7657364dadb2efc31f2ea48,21.0,0,0.56875,380.005149,21.610058,0.0,2,true,true,coarse_grid,false,governance.selection=pressure_max_under_constraints;seed=continuation
0.3,independent_oracle,3c5f6b3c9bd535cff7657364dadb2efc31f2ea48,21.0,0,0.575,379.939016,21.609966,0.0,2,true,true,coarse_grid,false,governance.selection=pressure_max_under_constraints;seed=continuation
0.3,independent_oracle,3c5f6b3c9bd535cff7657364dadb2efc31f2ea48,21.0,0,0.58125,379.871699,21.609872,0.0,2,true,true,coarse_grid,false,governance.selection=pressure_max_under_constraints;seed=continuation
0.3,independent_oracle,3c5f6b3c9bd535cff7657364dadb2efc31f2ea48,21.0,0,0.5875,379.803224,21.609774,0.0,2,true,true,coarse_grid,false,governance.selection=pressure_max_under_constraints;seed=continuation
0.3,independent_oracle,3c5f6b3c9bd535cff7657364dadb2efc31f2ea48,21.0,0,0.59375,379.733619,21.609674,0.0,2,true,true,coarse_grid,false,governance.selection=pressure_max_under_constraints;seed=continuation
0.3,independent_oracle,3c5f6b3c9bd535cff7657364dadb2efc31f2ea48,21.0,0,0.6,379.662911,21.609572,0.0,2,true,true,coarse_grid,false,governance.selection=pressure_max_under_constraints;seed=continuation
0.3,independent_oracle,3c5f6b3c9bd535cff7657364dadb2efc31f2ea48,21.0,0,0.60625,379.591124,21.609466,0.0,2,true,true,coarse_grid,false,governance.selection=pressure_max_under_constraints;seed=continuation
0.3,independent_oracle,3c5f6b3c9bd535cff7657364dadb2efc31f2ea48,21.0,0,0.6125,379.518285,21.609358,0.0,2,true,true,coarse_grid,false,governance.selection=pressure_max_under_constraints;seed=continuation
0.3,independent_oracle,3c5f6b3c9bd535cff7657364dadb2efc31f2ea48,21.0,0,0.61875,379.444417,21.609248,0.0,2,true,true,coarse_grid,false,governance.selection=pressure_max_under_constraints;seed=continuation
0.3,independent_oracle,3c5f6b3c9bd535cff7657364dadb2efc31f2ea48,21.0,0,0.625,379.369545,21.609135,0.0,2,true,true,coarse_grid,false,governance.selection=pressure_max_under_constraints;seed=continuation
0.3,independent_oracle,3c5f6b3c9bd535cff7657364dadb2efc31f2ea48,21.0,0,0.63125,379.293692,21.609019,0.0,2,true,true,coarse_grid,false,governance.selection=pressure_max_under_constraints;seed=continuation
0.3,independent_oracle,3c5f6b3c9bd535cff7657364dadb2efc31f2ea48,21.0,0,0.6375,379.21688,21.6089,0.0,2,true,true,coarse_grid,false,governance.selection=pressure_max_under_constraints;seed=continuation
0.3,independent_oracle,3c5f6b3c9bd535cff7657364dadb2efc31f2ea48,21.0,0,0.64375,379.139133,21.608779,0.0,2,true,true,coarse_grid,false,governance.selection=pressure_max_under_constraints;seed=continuation
0.3,independent_oracle,3c5f6b3c9bd535cff7657364dadb2efc31f2ea48,21.0,0,0.65,379.060473,21.608655,0.0,2,true,true,coarse_grid,false,governance.selection=pressure_max_under_constraints;seed=continuation
0.3,independent_oracle,3c5f6b3c9bd535cff7657364dadb2efc31f2ea48,21.0,0,0.65625,378.98092,21.608529,0.0,2,true,true,coarse_grid,false,governance.selection=pressure_max_under_constraints;seed=continuation
0.3,independent_oracle,3c5f6b3c9bd535cff7657364dadb2efc31f2ea48,21.0,0,0.6625,378.900496,21.6084,0.0,2,true,true,coarse_grid,false,governance.selection=pressure_max_under_constraints;seed=continuation
0.3,independent_oracle,3c5f6b3c9bd535cff7657364dadb2efc31f2ea48,21.0,0,0.66875,378.819221,21.608268,0.0,2,true,true,coarse_grid,false,governance.selection=pressure_max_under_constraints;seed=continuation
0.3,independent_oracle,3c5f6b3c9bd535cff7657364dadb2efc31f2ea48,21.0,0,0.675,378.737117,21.608134,0.0,2,true,true,coarse_grid,false,governance.selection=pressure_max_under_constraints;seed=continuation
0.3,independent_oracle,3c5f6b3c9bd535cff7657364dadb2efc31f2ea48,21.0,0,0.68125,378.654201,21.607997,0.0,2,true,true,coarse_grid,false,governance.selection=pressure_max_under_constraints;seed=continuation
0.3,independent_oracle,3c5f6b3c9bd535cff7657364dadb2efc31f2ea48,21.0,0,0.6875,378.570494,21.607858,0.0,2,true,true,coarse_grid,false,governance.selection=pressure_max_under_constraints;seed=continuation
0.3,independent_oracle,3c5f6b3c9bd535cff7657364dadb2efc31f2ea48,21.0,0,0.69375,378.486016,21.607716,0.0,2,true,true,coarse_grid,false,governance.selection=pressure_max_under_constraints;seed=continuation
0.3,independent_oracle,3c5f6b3c9bd535cff7657364dadb2efc31f2ea48,21.0,0,0.7,378.400784,21.607572,0.0,2,true,true,coarse_grid,false,governance.selection=pressure_max_under_constraints;seed=continuation
0.3,independent_oracle,3c5f6b3c9bd535cff7657364dadb2efc31f2ea48,21.0,0,0.70625,378.314817,21.607424,0.0,2,true,true,coarse_grid,false,governance.selection=pressure_max_under_constraints;seed=continuation
0.3,independent_oracle,3c5f6b3c9bd535cff7657364dadb2efc31f2ea48,21.0,0,0.7125,378.228133,21.607275,0.0,2,true,true,coarse_grid,false,governance.selection=pressure_max_under_constraints;seed=continuation
0.3,independent_oracle,3c5f6b3c9bd535cff7657364dadb2efc31f2ea48,21.0,0,0.71875,378.14075,21.607123,0.0,2,true,true,coarse_grid,false,governance.selection=pressure_max_under_constraints;seed=continuation
0.3,independent_oracle,3c5f6b3c9bd535cff7657364dadb2efc31f2ea48,21.0,0,0.725,378.052685,21.606968,0.0,2,true,true,coarse_grid,false,governance.selection=pressure_max_under_constraints;seed=continuation
0.3,independent_oracle,3c5f6b3c9bd535cff7657364dadb2efc31f2ea48,21.0,0,0.73125,377.963955,21.606811,0.0,2,true,true,coarse_grid,false,governance.selection=pressure_max_under_constraints;seed=continuation
0.3,independent_oracle,3c5f6b3c9bd535cff7657364dadb2efc31f2ea48,21.0,0,0.7375,377.874577,21.606651,0.0,2,true,true,coarse_grid,false,governance.selection=pressure_max_under_constraints;seed=continuation
0.3,independent_oracle,3c5f6b3c9bd535cff7657364dadb2efc31f2ea48,21.0,0,0.74375,377.784569,21.606489,0.0,2,true,true,coarse_grid,false,governance.selection=pressure_max_under_constraints;seed=continuation
0.3,independent_oracle,3c5f6b3c9bd535cff7657364dadb2efc31f2ea48,21.0,0,0.75,377.693945,21.606325,0.0,2,true,true,coarse_grid,false,governance.selection=pressure_max_under_constraints;seed=continuation
0.3,independent_oracle,3c5f6b3c9bd535cff7657364dadb2efc31f2ea48,21.0,0,0.75625,377.602722,21.606157,0.0,2,true,true,coarse_grid,false,governance.selection=pressure_max_under_constraints;seed=continuation
0.3,independent_oracle,3c5f6b3c9bd535cff7657364dadb2efc31f2ea48,21.0,0,0.7625,377.510917,21.605988,0.0,2,true,true,coarse_grid,false,governance.selection=pressure_max_under_constraints;seed=continuation
0.3,independent_oracle,3c5f6b3c9bd535cff7657364dadb2efc31f2ea48,21.0,0,0.76875,377.418543,21.605816,0.0,2,true,true,coarse_grid,false,governance.selection=pressure_max_under_constraints;seed=continuation
0.3,independent_oracle,3c5f6b3c9bd535cff7657364dadb2efc31f2ea48,21.0,0,0.775,377.325618,21.605641,0.0,2,true,true,coarse_grid,false,governance.selection=pressure_max_under_constraints;seed=continuation
0.3,independent_oracle,3c5f6b3c9bd535cff7657364dadb2efc31f2ea48,21.0,0,0.78125,377.232155,21.605464,0.0,2,true,true,coarse_grid,false,governance.selection=pressure_max_under_constraints;seed=continuation
0.3,independent_oracle,3c5f6b3c9bd535cff7657364dadb2efc31f2ea48,21.0,0,0.7875,377.138171,21.605285,0.0,2,true,true,coarse_grid,false,governance.selection=pressure_max_under_constraints;seed=continuation
0.3,independent_oracle,3c5f6b3c9bd535cff7657364dadb2efc31f2ea48,21.0,0,0.79375,377.043679,21.605103,0.0,2,true,true,coarse_grid,false,governance.selection=pressure_max_under_constraints;seed=continuation
0.3,independent_oracle,3c5f6b3c9bd535cff7657364dadb2efc31f2ea48,21.0,0,0.8,376.948693,21.604919,0.0,2,true,true,coarse_grid,false,governance.selection=pressure_max_under_constraints;seed=continuation
0.3,independent_oracle,3c5f6b3c9bd535cff7657364dadb2efc31f2ea48,21.0,0,0.80625,376.853229,21.604733,0.0,2,true,true,coarse_grid,false,governance.selection=pressure_max_under_constraints;seed=continuation
0.3,independent_oracle,3c5f6b3c9bd535cff7657364dadb2efc31f2ea48,21.0,0,0.8125,376.757301,21.604544,0.0,2,true,true,coarse_grid,false,governance.selection=pressure_max_under_constraints;seed=continuation
0.3,independent_oracle,3c5f6b3c9bd535cff7657364dadb2efc31f2ea48,21.0,0,0.81875,376.660922,21.604353,0.0,2,true,true,coarse_grid,false,governance.selection=pressure_max_under_constraints;seed=continuation
0.3,independent_oracle,3c5f6b3c9bd535cff7657364dadb2efc31f2ea48,21.0,0,0.825,376.564106,21.604159,0.0,2,true,true,coarse_grid,false,governance.selection=pressure_max_under_constraints;seed=continuation
0.3,independent_oracle,3c5f6b3c9bd535cff7657364dadb2efc31f2ea48,21.0,0,0.83125,376.466868,21.603963,0.0,2,true,true,coarse_grid,false,governance.selection=pressure_max_under_constraints;seed=continuation
0.3,independent_oracle,3c5f6b3c9bd535cff7657364dadb2efc31f2ea48,21.0,0,0.8375,376.369219,21.603765,0.0,2,true,true,coarse_grid,false,governance.selection=pressure_max_under_constraints;seed=continuation
0.3,independent_oracle,3c5f6b3c9bd535cff7657364dadb2efc31f2ea48,21.0,0,0.84375,376.271174,21.603565,0.0,2,true,true,coarse_grid,false,governance.selection=pressure_max_under_constraints;seed=continuation
0.3,independent_oracle,3c5f6b3c9bd535cff7657364dadb2efc31f2ea48,21.0,0,0.85,376.172746,21.603362,0.0,2,true,true,coarse_grid,false,governance.selection=pressure_max_under_constraints;seed=continuation
0.3,independent_oracle,3c5f6b3c9bd535cff7657364dadb2efc31f2ea48,21.0,0,0.85625,376.073947,21.603157,0.0,2,true,true,coarse_grid,false,governance.selection=pressure_max_under_constraints;seed=continuation
0.3,independent_oracle,3c5f6b3c9bd535cff7657364dadb2efc31f2ea48,21.0,0,0.8625,375.974791,21.602949,0.0,2,true,true,coarse_grid,false,governance.selection=pressure_max_under_constraints;seed=continuation
0.3,independent_oracle,3c5f6b3c9bd535cff7657364dadb2efc31f2ea48,21.0,0,0.86875,375.875291,21.60274,0.0,2,true,true,coarse_grid,false,governance.selection=pressure_max_under_constraints;seed=continuation
0.3,independent_oracle,3c5f6b3c9bd535cff7657364dadb2efc31f2ea48,21.0,0,0.875,375.775459,21.602528,0.0,2,true,true,coarse_grid,false,governance.selection=pressure_max_under_constraints;seed=continuation
0.3,independent_oracle,3c5f6b3c9bd535cff7657364dadb2efc31f2ea48,21.0,0,0.88125,375.675307,21.602314,0.0,2,true,true,coarse_grid,false,governance.selection=pressure_max_under_constraints;seed=continuation
0.3,independent_oracle,3c5f6b3c9bd535cff7657364dadb2efc31f2ea48,21.0,0,0.8875,375.574848,21.602098,0.0,2,true,true,coarse_grid,false,governance.selection=pressure_max_under_constraints;seed=continuation
0.3,independent_oracle,3c5f6b3c9bd535cff7657364dadb2efc31f2ea48,21.0,0,0.89375,375.474095,21.60188,0.0,2,true,true,coarse_grid,false,governance.selection=pressure_max_under_constraints;seed=continuation
0.3,independent_oracle,3c5f6b3c9bd535cff7657364dadb2efc31f2ea48,21.0,0,0.9,375.373059,21.601659,0.0,2,true,true,coarse_grid,false,governance.selection=pressure_max_under_constraints;seed=continuation
0.3,independent_oracle,3c5f6b3c9bd535cff7657364dadb2efc31f2ea48,21.0,0,0.90625,375.271753,21.601437,0.0,2,true,true,coarse_grid,false,governance.selection=pressure_max_under_constraints;seed=continuation
0.3,independent_oracle,3c5f6b3c9bd535cff7657364dadb2efc31f2ea48,21.0,0,0.9125,375.170188,21.601212,0.0,2,true,true,coarse_grid,false,governance.selection=pressure_max_under_constraints;seed=continuation
0.3,independent_oracle,3c5f6b3c9bd535cff7657364dadb2efc31f2ea48,21.0,0,0.91875,375.068376,21.600985,0.0,2,true,true,coarse_grid,false,governance.selection=pressure_max_under_constraints;seed=continuation
0.3,independent_oracle,3c5f6b3c9bd535cff7657364dadb2efc31f2ea48,21.0,0,0.925,374.96633,21.600757,0.0,2,true,true,coarse_grid,false,governance.selection=pressure_max_under_constraints;seed=continuation
0.3,independent_oracle,3c5f6b3c9bd535cff7657364dadb2efc31f2ea48,21.0,0,0.93125,374.864061,21.600526,0.0,2,true,true,coarse_grid,false,governance.selection=pressure_max_under_constraints;seed=continuation
0.3,independent_oracle,3c5f6b3c9bd535cff7657364dadb2efc31f2ea48,21.0,0,0.9375,374.76158,21.600293,0.0,2,true,true,coarse_grid,false,governance.selection=pressure_max_under_constraints;seed=continuation
0.3,independent_oracle,3c5f6b3c9bd535cff7657364dadb2efc31f2ea48,21.0,0,0.94375,374.6589,21.600058,0.0,2,true,true,coarse_grid,false,governance.selection=pressure_max_under_constraints;seed=continuation
0.3,independent_oracle,3c5f6b3c9bd535cff7657364dadb2efc31f2ea48,21.0,0,0.95,374.556031,21.599821,0.0,2,true,true,coarse_grid,false,governance.selection=pressure_max_under_constraints;seed=continuation
0.3,independent_oracle,3c5f6b3c9bd535cff7657364dadb2efc31f2ea48,21.0,0,0.95625,374.452985,21.599582,0.0,2,true,true,coarse_grid,false,governance.selection=pressure_max_under_constraints;seed=continuation
0.3,independent_oracle,3c5f6b3c9bd535cff7657364dadb2efc31f2ea48,21.0,0,0.9625,374.349774,21.599341,0.0,2,true,true,coarse_grid,false,governance.selection=pressure_max_under_constraints;seed=continuation
0.3,independent_oracle,3c5f6b3c9bd535cff7657364dadb2efc31f2ea48,21.0,0,0.96875,374.246408,21.599098,0.0,2,true,true,coarse_grid,false,governance.selection=pressure_max_under_constraints;seed=continuation
0.3,independent_oracle,3c5f6b3c9bd535cff7657364dadb2efc31f2ea48,21.0,0,0.975,374.1429,21.598854,0.0,2,true,true,coarse_grid,false,governance.selection=pressure_max_under_constraints;seed=continuation
0.3,independent_oracle,3c5f6b3c9bd535cff7657364dadb2efc31f2ea48,21.0,0,0.98125,374.03926,21.598607,0.0,2,true,true,coarse_grid,false,governance.selection=pressure_max_under_constraints;seed=continuation
0.3,independent_oracle,3c5f6b3c9bd535cff7657364dadb2efc31f2ea48,21.0,0,0.9875,373.935499,21.598359,0.0,2,true,true,coarse_grid,false,governance.selection=pressure_max_under_constraints;seed=continuation
0.3,independent_oracle,3c5f6b3c9bd535cff7657364dadb2efc31f2ea48,21.0,0,0.99375,373.831629,21.598108,0.0,2,true,true,coarse_grid,false,governance.selection=pressure_max_under_constraints;seed=continuation
0.3,independent_oracle,3c5f6b3c9bd535cff7657364dadb2efc31f2ea48,21.0,0,1.0,373.72766,21.597856,0.0,2,true,true,coarse_grid,false,governance.selection=pressure_max_under_constraints;seed=continuation
0.3,independent_oracle,3c5f6b3c9bd535cff7657364dadb2efc31f2ea48,21.0,0,1.00625,373.623604,21.597602,0.0,2,true,true,coarse_grid,false,governance.selection=pressure_max_under_constraints;seed=continuation
0.3,independent_oracle,3c5f6b3c9bd535cff7657364dadb2efc31f2ea48,21.0,0,1.0125,373.519471,21.597347,0.0,2,true,true,coarse_grid,false,governance.selection=pressure_max_under_constraints;seed=continuation
0.3,independent_oracle,3c5f6b3c9bd535cff7657364dadb2efc31f2ea48,21.0,0,1.01875,373.415272,21.597089,0.0,2,true,true,coarse_grid,false,governance.selection=pressure_max_under_constraints;seed=continuation
0.3,independent_oracle,3c5f6b3c9bd535cff7657364dadb2efc31f2ea48,21.0,0,1.025,373.311019,21.59683,0.0,2,true,true,coarse_grid,false,governance.selection=pressure_max_under_constraints;seed=continuation
0.3,independent_oracle,3c5f6b3c9bd535cff7657364dadb2efc31f2ea48,21.0,0,1.03125,373.206723,21.596569,0.0,2,true,true,coarse_grid,false,governance.selection=pressure_max_under_constraints;seed=continuation
0.3,independent_oracle,3c5f6b3c9bd535cff7657364dadb2efc31f2ea48,21.0,0,1.0375,373.102393,21.596307,0.0,2,true,true,coarse_grid,false,governance.selection=pressure_max_under_constraints;seed=continuation
0.3,independent_oracle,3c5f6b3c9bd535cff7657364dadb2efc31f2ea48,21.0,0,1.04375,372.998041,21.596043,0.0,2,true,true,coarse_grid,false,governance.selection=pressure_max_under_constraints;seed=continuation
0.3,independent_oracle,3c5f6b3c9bd535cff7657364dadb2efc31f2ea48,21.0,0,1.05,372.893679,21.595777,0.0,2,true,true,coarse_grid,false,governance.selection=pressure_max_under_constraints;seed=continuation
0.3,independent_oracle,3c5f6b3c9bd535cff7657364dadb2efc31f2ea48,21.0,0,1.05625,372.789315,21.595509,0.0,2,true,true,coarse_grid,false,governance.selection=pressure_max_under_constraints;seed=continuation
0.3,independent_oracle,3c5f6b3c9bd535cff7657364dadb2efc31f2ea48,21.0,0,1.0625,372.684962,21.595241,0.0,2,true,true,coarse_grid,false,governance.selection=pressure_max_under_constraints;seed=continuation
0.3,independent_oracle,3c5f6b3c9bd535cff7657364dadb2efc31f2ea48,21.0,0,1.06875,372.580631,21.59497,0.0,2,true,true,coarse_grid,false,governance.selection=pressure_max_under_constraints;seed=continuation
0.3,independent_oracle,3c5f6b3c9bd535cff7657364dadb2efc31f2ea48,21.0,0,1.075,372.476331,21.594698,0.0,2,true,true,coarse_grid,false,governance.selection=pressure_max_under_constraints;seed=continuation
0.3,independent_oracle,3c5f6b3c9bd535cff7657364dadb2efc31f2ea48,21.0,0,1.08125,372.372074,21.594425,0.0,2,true,true,coarse_grid,false,governance.selection=pressure_max_under_constraints;seed=continuation
0.3,independent_oracle,3c5f6b3c9bd535cff7657364dadb2efc31f2ea48,21.0,0,1.0875,372.26787,21.59415,0.0,2,true,true,coarse_grid,false,governance.selection=pressure_max_under_constraints;seed=continuation
0.3,independent_oracle,3c5f6b3c9bd535cff7657364dadb2efc31f2ea48,21.0,0,1.09375,372.163731,21.593874,0.0,2,true,true,coarse_grid,false,governance.selection=pressure_max_under_constraints;seed=continuation
0.3,independent_oracle,3c5f6b3c9bd535cff7657364dadb2efc31f2ea48,21.0,0,1.1,372.059667,21.593596,0.0,2,true,true,coarse_grid,false,governance.selection=pressure_max_under_constraints;seed=continuation
0.3,independent_oracle,3c5f6b3c9bd535cff7657364dadb2efc31f2ea48,21.0,0,1.10625,371.955688,21.593317,0.0,2,true,true,coarse_grid,false,governance.selection=pressure_max_under_constraints;seed=continuation
0.3,independent_oracle,3c5f6b3c9bd535cff7657364dadb2efc31f2ea48,21.0,0,1.1125,371.851806,21.593037,0.0,2,true,true,coarse_grid,false,governance.selection=pressure_max_under_constraints;seed=continuation
0.3,independent_oracle,3c5f6b3c9bd535cff7657364dadb2efc31f2ea48,21.0,0,1.11875,371.748032,21.592755,0.0,2,true,true,coarse_grid,false,governance.selection=pressure_max_under_constraints;seed=continuation
0.3,independent_oracle,3c5f6b3c9bd535cff7657364dadb2efc31f2ea48,21.0,0,1.125,371.644376,21.592472,0.0,2,true,true,coarse_grid,false,governance.selection=pressure_max_under_constraints;seed=continuation
0.3,independent_oracle,3c5f6b3c9bd535cff7657364dadb2efc31f2ea48,21.0,0,1.13125,371.540849,21.592188,0.0,2,true,true,coarse_grid,false,governance.selection=pressure_max_under_constraints;seed=continuation
0.3,independent_oracle,3c5f6b3c9bd535cff7657364dadb2efc31f2ea48,21.0,0,1.1375,371.437462,21.591903,0.0,2,true,true,coarse_grid,false,governance.selection=pressure_max_under_constraints;seed=continuation
0.3,independent_oracle,3c5f6b3c9bd535cff7657364dadb2efc31f2ea48,21.0,0,1.14375,371.334226,21.591616,0.0,2,true,true,coarse_grid,false,governance.selection=pressure_max_under_constraints;seed=continuation
0.3,independent_oracle,3c5f6b3c9bd535cff7657364dadb2efc31f2ea48,21.0,0,1.15,371.231152,21.591329,0.0,2,true,true,coarse_grid,false,governance.selection=pressure_max_under_constraints;seed=continuation
0.3,independent_oracle,3c5f6b3c9bd535cff7657364dadb2efc31f2ea48,21.0,0,1.15625,371.128251,21.59104,0.0,2,true,true,coarse_grid,false,governance.selection=pressure_max_under_constraints;seed=continuation
0.3,independent_oracle,3c5f6b3c9bd535cff7657364dadb2efc31f2ea48,21.0,0,1.1625,371.025533,21.59075,0.0,2,true,true,coarse_grid,false,governance.selection=pressure_max_under_constraints;seed=continuation
0.3,independent_oracle,3c5f6b3c9bd535cff7657364dadb2efc31f2ea48,21.0,0,1.16875,370.92301,21.59046,0.0,2,true,true,coarse_grid,false,governance.selection=pressure_max_under_constraints;seed=continuation
0.3,independent_oracle,3c5f6b3c9bd535cff7657364dadb2efc31f2ea48,21.0,0,1.175,370.820693,21.590168,0.0,2,true,true,coarse_grid,false,governance.selection=pressure_max_under_constraints;seed=continuation
0.3,independent_oracle,3c5f6b3c9bd535cff7657364dadb2efc31f2ea48,21.0,0,1.18125,370.718593,21.589875,0.0,2,true,true,coarse_grid,false,governance.selection=pressure_max_under_constraints;seed=continuation
0.3,independent_oracle,3c5f6b3c9bd535cff7657364dadb2efc31f2ea48,21.0,0,1.1875,370.616721,21.589582,0.0,2,true,true,coarse_grid,false,governance.selection=pressure_max_under_constraints;seed=continuation
0.3,independent_oracle,3c5f6b3c9bd535cff7657364dadb2efc31f2ea48,21.0,0,1.19375,370.515088,21.589288,0.0,2,true,true,coarse_grid,false,governance.selection=pressure_max_under_constraints;seed=continuation
0.3,independent_oracle,3c5f6b3c9bd535cff7657364dadb2efc31f2ea48,21.0,0,1.2,370.413705,21.588992,0.0,2,true,true,coarse_grid,false,governance.selection=pressure_max_under_constraints;seed=continuation
0.3,independent_oracle,3c5f6b3c9bd535cff7657364dadb2efc31f2ea48,21.0,0,1.20625,370.312585,21.588696,0.0,2,true,true,coarse_grid,false,governance.selection=pressure_max_under_constraints;seed=continuation
0.3,independent_oracle,3c5f6b3c9bd535cff7657364dadb2efc31f2ea48,21.0,0,1.2125,370.211737,21.5884,0.0,2,true,true,coarse_grid,false,governance.selection=pressure_max_under_constraints;seed=continuation
0.3,independent_oracle,3c5f6b3c9bd535cff7657364dadb2efc31f2ea48,21.0,0,1.21875,370.111173,21.588102,0.0,2,true,true,coarse_grid,false,governance.selection=pressure_max_under_constraints;seed=continuation
0.3,independent_oracle,3c5f6b3c9bd535cff7657364dadb2efc31f2ea48,21.0,0,1.225,370.010906,21.587804,0.0,2,true,true,coarse_grid,false,governance.selection=pressure_max_under_constraints;seed=continuation
0.3,independent_oracle,3c5f6b3c9bd535cff7657364dadb2efc31f2ea48,21.0,0,1.23125,369.910946,21.587506,0.0,2,true,true,coarse_grid,false,governance.selection=pressure_max_under_constraints;seed=continuation
0.3,independent_oracle,3c5f6b3c9bd535cff7657364dadb2efc31f2ea48,21.0,0,1.2375,369.811305,21.587207,0.0,2,true,true,coarse_grid,false,governance.selection=pressure_max_under_constraints;seed=continuation
0.3,independent_oracle,3c5f6b3c9bd535cff7657364dadb2efc31f2ea48,21.0,0,1.24375,369.711994,21.586907,0.0,2,true,true,coarse_grid,false,governance.selection=pressure_max_under_constraints;seed=continuation
0.3,independent_oracle,3c5f6b3c9bd535cff7657364dadb2efc31f2ea48,21.0,0,1.25,369.613026,21.586607,0.0,2,true,true,coarse_grid,false,governance.selection=pressure_max_under_constraints;seed=continuation
0.3,independent_oracle,3c5f6b3c9bd535cff7657364dadb2efc31f2ea48,21.0,0,1.25625,369.514411,21.586306,0.0,2,true,true,coarse_grid,false,governance.selection=pressure_max_under_constraints;seed=continuation
0.3,independent_oracle,3c5f6b3c9bd535cff7657364dadb2efc31f2ea48,21.0,0,1.2625,369.416163,21.586005,0.0,2,true,true,coarse_grid,false,governance.selection=pressure_max_under_constraints;seed=continuation
0.3,independent_oracle,3c5f6b3c9bd535cff7657364dadb2efc31f2ea48,21.0,0,1.26875,369.318292,21.585704,0.0,2,true,true,coarse_grid,false,governance.selection=pressure_max_under_constraints;seed=continuation
0.3,independent_oracle,3c5f6b3c9bd535cff7657364dadb2efc31f2ea48,21.0,0,1.275,369.220811,21.585402,0.0,2,true,true,coarse_grid,false,governance.selection=pressure_max_under_constraints;seed=continuation
0.3,independent_oracle,3c5f6b3c9bd535cff7657364dadb2efc31f2ea48,21.0,0,1.28125,369.123732,21.5851,0.0,2,true,true,coarse_grid,false,governance.selection=pressure_max_under_constraints;seed=continuation
0.3,independent_oracle,3c5f6b3c9bd535cff7657364dadb2efc31f2ea48,21.0,0,1.2875,369.027067,21.584798,0.0,2,true,true,coarse_grid,false,governance.selection=pressure_max_under_constraints;seed=continuation
0.3,independent_oracle,3c5f6b3c9bd535cff7657364dadb2efc31f2ea48,21.0,0,1.29375,368.930829,21.584496,0.0,2,true,true,coarse_grid,false,governance.selection=pressure_max_under_constraints;seed=continuation
0.3,independent_oracle,3c5f6b3c9bd535cff7657364dadb2efc31f2ea48,21.0,0,1.3,368.835029,21.584194,0.0,2,true,true,coarse_grid,false,governance.selection=pressure_max_under_constraints;seed=continuation
0.3,independent_oracle,3c5f6b3c9bd535cff7657364dadb2efc31f2ea48,21.0,0,1.30625,368.73968,21.583892,0.0,2,true,true,coarse_grid,false,governance.selection=pressure_max_under_constraints;seed=continuation
0.3,independent_oracle,3c5f6b3c9bd535cff7657364dadb2efc31f2ea48,21.0,0,1.3125,368.644795,21.58359,0.0,2,true,true,coarse_grid,false,governance.selection=pressure_max_under_constraints;seed=continuation
0.3,independent_oracle,3c5f6b3c9bd535cff7657364dadb2efc31f2ea48,21.0,0,1.31875,368.550386,21.583287,0.0,2,true,true,coarse_grid,false,governance.selection=pressure_max_under_constraints;seed=continuation
0.3,independent_oracle,3c5f6b3c9bd535cff7657364dadb2efc31f2ea48,21.0,0,1.325,368.456466,21.582986,0.0,2,true,true,coarse_grid,false,governance.selection=pressure_max_under_constraints;seed=continuation
0.3,independent_oracle,3c5f6b3c9bd535cff7657364dadb2efc31f2ea48,21.0,0,1.33125,368.363048,21.582684,0.0,2,true,true,coarse_grid,false,governance.selection=pressure_max_under_constraints;seed=continuation
0.3,independent_oracle,3c5f6b3c9bd535cff7657364dadb2efc31f2ea48,21.0,0,1.3375,368.270145,21.582382,0.0,2,true,true,coarse_grid,false,governance.selection=pressure_max_under_constraints;seed=continuation
0.3,independent_oracle,3c5f6b3c9bd535cff7657364dadb2efc31f2ea48,21.0,0,1.34375,368.17777,21.582081,0.0,2,true,true,coarse_grid,false,governance.selection=pressure_max_under_constraints;seed=continuation
0.3,independent_oracle,3c5f6b3c9bd535cff7657364dadb2efc31f2ea48,21.0,0,1.35,368.085935,21.58178,0.0,2,true,true,coarse_grid,false,governance.selection=pressure_max_under_constraints;seed=continuation
0.3,independent_oracle,3c5f6b3c9bd535cff7657364dadb2efc31f2ea48,21.0,0,1.35625,367.994655,21.58148,0.0,2,true,true,coarse_grid,false,governance.selection=pressure_max_under_constraints;seed=continuation
0.3,independent_oracle,3c5f6b3c9bd535cff7657364dadb2efc31f2ea48,21.0,0,1.3625,367.903942,21.58118,0.0,2,true,true,coarse_grid,false,governance.selection=pressure_max_under_constraints;seed=continuation
0.3,independent_oracle,3c5f6b3c9bd535cff7657364dadb2efc31f2ea48,21.0,0,1.36875,367.813811,21.58088,0.0,2,true,true,coarse_grid,false,governance.selection=pressure_max_under_constraints;seed=continuation
0.3,independent_oracle,3c5f6b3c9bd535cff7657364dadb2efc31f2ea48,21.0,0,1.375,367.724274,21.580581,0.0,2,true,true,coarse_grid,false,governance.selection=pressure_max_under_constraints;seed=continuation
0.3,independent_oracle,3c5f6b3c9bd535cff7657364dadb2efc31f2ea48,21.0,0,1.38125,367.635347,21.580283,0.0,2,true,true,coarse_grid,false,governance.selection=pressure_max_under_constraints;seed=continuation
0.3,independent_oracle,3c5f6b3c9bd535cff7657364dadb2efc31f2ea48,21.0,0,1.3875,367.547041,21.579986,0.0,2,true,true,coarse_grid,false,governance.selection=pressure_max_under_constraints;seed=continuation
0.3,independent_oracle,3c5f6b3c9bd535cff7657364dadb2efc31f2ea48,21.0,0,1.39375,367.459372,21.579689,0.0,2,true,true,coarse_grid,false,governance.selection=pressure_max_under_constraints;seed=continuation
0.3,independent_oracle,3c5f6b3c9bd535cff7657364dadb2efc31f2ea48,21.0,0,1.4,367.372354,21.579394,0.0,2,true,true,coarse_grid,false,governance.selection=pressure_max_under_constraints;seed=continuation
0.3,independent_oracle,3c5f6b3c9bd535cff7657364dadb2efc31f2ea48,21.0,0,1.40625,367.286,21.579099,0.0,2,true,true,coarse_grid,false,governance.selection=pressure_max_under_constraints;seed=continuation
0.3,independent_oracle,3c5f6b3c9bd535cff7657364dadb2efc31f2ea48,21.0,0,1.4125,367.200326,21.578805,0.0,2,true,true,coarse_grid,false,governance.selection=pressure_max_under_constraints;seed=continuation
0.3,independent_oracle,3c5f6b3c9bd535cff7657364dadb2efc31f2ea48,21.0,0,1.41875,367.115346,21.578513,0.0,2,true,true,coarse_grid,false,governance.selection=pressure_max_under_constraints;seed=continuation
0.3,independent_oracle,3c5f6b3c9bd535cff7657364dadb2efc31f2ea48,21.0,0,1.425,367.031074,21.578221,0.0,2,true,true,coarse_grid,false,governance.selection=pressure_max_under_constraints;seed=continuation
0.3,independent_oracle,3c5f6b3c9bd535cff7657364dadb2efc31f2ea48,21.0,0,1.43125,366.947526,21.577931,0.0,2,true,true,coarse_grid,false,governance.selection=pressure_max_under_constraints;seed=continuation
0.3,independent_oracle,3c5f6b3c9bd535cff7657364dadb2efc31f2ea48,21.0,0,1.4375,366.864716,21.577642,0.0,2,true,true,coarse_grid,false,governance.selection=pressure_max_under_constraints;seed=continuation
0.3,independent_oracle,3c5f6b3c9bd535cff7657364dadb2efc31f2ea48,21.0,0,1.44375,366.78266,21.577354,0.0,2,true,true,coarse_grid,false,governance.selection=pressure_max_under_constraints;seed=continuation
0.3,independent_oracle,3c5f6b3c9bd535cff7657364dadb2efc31f2ea48,21.0,0,1.45,366.701373,21.577068,0.0,2,true,true,coarse_grid,false,governance.selection=pressure_max_under_constraints;seed=continuation
0.3,independent_oracle,3c5f6b3c9bd535cff7657364dadb2efc31f2ea48,21.0,0,1.45625,366.62087,21.576784,0.0,2,true,true,coarse_grid,false,governance.selection=pressure_max_under_constraints;seed=continuation
0.3,independent_oracle,3c5f6b3c9bd535cff7657364dadb2efc31f2ea48,21.0,0,1.4625,366.541167,21.576501,0.0,2,true,true,coarse_grid,false,governance.selection=pressure_max_under_constraints;seed=continuation
0.3,independent_oracle,3c5f6b3c9bd535cff7657364dadb2efc31f2ea48,21.0,0,1.46875,366.462281,21.57622,0.0,2,true,true,coarse_grid,false,governance.selection=pressure_max_under_constraints;seed=continuation
0.3,independent_oracle,3c5f6b3c9bd535cff7657364dadb2efc31f2ea48,21.0,0,1.475,366.384225,21.57594,0.0,2,true,true,coarse_grid,false,governance.selection=pressure_max_under_constraints;seed=continuation
0.3,independent_oracle,3c5f6b3c9bd535cff7657364dadb2efc31f2ea48,21.0,0,1.48125,366.307018,21.575663,0.0,2,true,true,coarse_grid,false,governance.selection=pressure_max_under_constraints;seed=continuation
0.3,independent_oracle,3c5f6b3c9bd535cff7657364dadb2efc31f2ea48,21.0,0,1.4875,366.230675,21.575387,0.0,2,true,true,coarse_grid,false,governance.selection=pressure_max_under_constraints;seed=continuation
0.3,independent_oracle,3c5f6b3c9bd535cff7657364dadb2efc31f2ea48,21.0,0,1.49375,366.155213,21.575113,0.0,2,true,true,coarse_grid,false,governance.selection=pressure_max_under_constraints;seed=continuation
0.3,independent_oracle,3c5f6b3c9bd535cff7657364dadb2efc31f2ea48,21.0,0,1.5,366.080647,21.574842,0.0,2,true,true,coarse_grid,false,governance.selection=pressure_max_under_constraints;seed=continuation
0.3,independent_oracle,3c5f6b3c9bd535cff7657364dadb2efc31f2ea48,21.0,0,1.50625,366.006996,21.574572,0.0,2,true,true,coarse_grid,false,governance.selection=pressure_max_under_constraints;seed=continuation
0.3,independent_oracle,3c5f6b3c9bd535cff7657364dadb2efc31f2ea48,21.0,0,1.5125,365.934276,21.574305,0.0,2,true,true,coarse_grid,false,governance.selection=pressure_max_under_constraints;seed=continuation
0.3,independent_oracle,3c5f6b3c9bd535cff7657364dadb2efc31f2ea48,21.0,0,1.51875,365.862504,21.574041,0.0,2,true,true,coarse_grid,false,governance.selection=pressure_max_under_constraints;seed=continuation
0.3,independent_oracle,3c5f6b3c9bd535cff7657364dadb2efc31f2ea48,21.0,0,1.525,365.791698,21.573779,0.0,2,true,true,coarse_grid,false,governance.selection=pressure_max_under_constraints;seed=continuation
0.3,independent_oracle,3c5f6b3c9bd535cff7657364dadb2efc31f2ea48,21.0,0,1.53125,365.721875,21.573519,0.0,2,true,true,coarse_grid,false,governance.selection=pressure_max_under_constraints;seed=continuation
0.3,independent_oracle,3c5f6b3c9bd535cff7657364dadb2efc31f2ea48,21.0,0,1.5375,365.653052,21.573262,0.0,2,true,true,coarse_grid,false,governance.selection=pressure_max_under_constraints;seed=continuation
0.3,independent_oracle,3c5f6b3c9bd535cff7657364dadb2efc31f2ea48,21.0,0,1.54375,365.585248,21.573008,0.0,2,true,true,coarse_grid,false,governance.selection=pressure_max_under_constraints;seed=continuation
0.3,independent_oracle,3c5f6b3c9bd535cff7657364dadb2efc31f2ea48,21.0,0,1.55,365.518481,21.572757,0.0,2,true,true,coarse_grid,false,governance.selection=pressure_max_under_constraints;seed=continuation
0.3,independent_oracle,3c5f6b3c9bd535cff7657364dadb2efc31f2ea48,21.0,0,1.55625,365.452769,21.572509,0.0,2,true,true,coarse_grid,false,governance.selection=pressure_max_under_constraints;seed=continuation
0.3,independent_oracle,3c5f6b3c9bd535cff7657364dadb2efc31f2ea48,21.0,0,1.5625,365.38813,21.572264,0.0,2,true,true,coarse_grid,false,governance.selection=pressure_max_under_constraints;seed=continuation
0.3,independent_oracle,3c5f6b3c9bd535cff7657364dadb2efc31f2ea48,21.0,0,1.56875,365.324583,21.572022,0.0,2,true,true,coarse_grid,false,governance.selection=pressure_max_under_constraints;seed=continuation
0.3,independent_oracle,3c5f6b3c9bd535cff7657364dadb2efc31f2ea48,21.0,0,1.575,365.262148,21.571783,0.0,2,true,true,coarse_grid,false,governance.selection=pressure_max_under_constraints;seed=continuation
0.3,independent_oracle,3c5f6b3c9bd535cff7657364dadb2efc31f2ea48,21.0,0,1.58125,365.200842,21.571547,0.0,2,true,true,coarse_grid,false,governance.selection=pressure_max_under_constraints;seed=continuation
0.3,independent_oracle,3c5f6b3c9bd535cff7657364dadb2efc31f2ea48,21.0,0,1.5875,365.140685,21.571316,0.0,2,true,true,coarse_grid,false,governance.selection=pressure_max_under_constraints;seed=continuation
0.3,independent_oracle,3c5f6b3c9bd535cff7657364dadb2efc31f2ea48,21.0,0,1.59375,365.081698,21.571087,0.0,2,true,true,coarse_grid,false,governance.selection=pressure_max_under_constraints;seed=continuation
0.3,independent_oracle,3c5f6b3c9bd535cff7657364dadb2efc31f2ea48,21.0,0,1.6,365.023898,21.570863,0.0,2,true,true,coarse_grid,false,governance.selection=pressure_max_under_constraints;seed=continuation
0.3,independent_oracle,3c5f6b3c9bd535cff7657364dadb2efc31f2ea48,21.0,0,1.60625,364.967306,21.570642,0.0,2,true,true,coarse_grid,false,governance.selection=pressure_max_under_constraints;seed=continuation
0.3,independent_oracle,3c5f6b3c9bd535cff7657364dadb2efc31f2ea48,21.0,0,1.6125,364.911942,21.570425,0.0,2,true,true,coarse_grid,false,governance.selection=pressure_max_under_constraints;seed=continuation
0.3,independent_oracle,3c5f6b3c9bd535cff7657364dadb2efc31f2ea48,21.0,0,1.61875,364.857827,21.570213,0.0,2,true,true,coarse_grid,false,governance.selection=pressure_max_under_constraints;seed=continuation
0.3,independent_oracle,3c5f6b3c9bd535cff7657364dadb2efc31f2ea48,21.0,0,1.625,364.80498,21.570004,0.0,2,true,true,coarse_grid,false,governance.selection=pressure_max_under_constraints;seed=continuation
0.3,independent_oracle,3c5f6b3c9bd535cff7657364dadb2efc31f2ea48,21.0,0,1.63125,364.753423,21.5698,0.0,2,true,true,coarse_grid,false,governance.selection=pressure_max_under_constraints;seed=continuation
0.3,independent_oracle,3c5f6b3c9bd535cff7657364dadb2efc31f2ea48,21.0,0,1.6375,364.703175,21.5696,0.0,2,true,true,coarse_grid,false,governance.selection=pressure_max_under_constraints;seed=continuation
0.3,independent_oracle,3c5f6b3c9bd535cff7657364dadb2efc31f2ea48,21.0,0,1.64375,364.654258,21.569405,0.0,2,true,true,coarse_grid,false,governance.selection=pressure_max_under_constraints;seed=continuation
0.3,independent_oracle,3c5f6b3c9bd535cff7657364dadb2efc31f2ea48,21.0,0,1.65,364.606693,21.569215,0.0,2,true,true,coarse_grid,false,governance.selection=pressure_max_under_constraints;seed=continuation
0.3,independent_oracle,3c5f6b3c9bd535cff7657364dadb2efc31f2ea48,21.0,0,1.65625,364.560502,21.569029,0.0,2,true,true,coarse_grid,false,governance.selection=pressure_max_under_constraints;seed=continuation
0.3,independent_oracle,3c5f6b3c9bd535cff7657364dadb2efc31f2ea48,21.0,0,1.6625,364.515705,21.568848,0.0,2,true,true,coarse_grid,false,governance.selection=pressure_max_under_constraints;seed=continuation
0.3,independent_oracle,3c5f6b3c9bd535cff7657364dadb2efc31f2ea48,21.0,0,1.66875,364.472325,21.568672,0.0,2,true,true,coarse_grid,false,governance.selection=pressure_max_under_constraints;seed=continuation
0.3,independent_oracle,3c5f6b3c9bd535cff7657364dadb2efc31f2ea48,21.0,0,1.675,364.430384,21.568502,0.0,2,true,true,coarse_grid,false,governance.selection=pressure_max_under_constraints;seed=continuation
0.3,independent_oracle,3c5f6b3c9bd535cff7657364dadb2efc31f2ea48,21.0,0,1.68125,364.389902,21.568336,0.0,2,true,true,coarse_grid,false,governance.selection=pressure_max_under_constraints;seed=continuation
0.3,independent_oracle,3c5f6b3c9bd535cff7657364dadb2efc31f2ea48,21.0,0,1.6875,364.350904,21.568177,0.0,2,true,true,coarse_grid,false,governance.selection=pressure_max_under_constraints;seed=continuation
0.3,independent_oracle,3c5f6b3c9bd535cff7657364dadb2efc31f2ea48,21.0,0,1.69375,364.31341,21.568022,0.0,2,true,true,coarse_grid,false,governance.selection=pressure_max_under_constraints;seed=continuation
0.3,independent_oracle,3c5f6b3c9bd535cff7657364dadb2efc31f2ea48,21.0,0,1.7,364.277445,21.567874,0.0,2,true,true,coarse_grid,false,governance.selection=pressure_max_under_constraints;seed=continuation
0.3,independent_oracle,3c5f6b3c9bd535cff7657364dadb2efc31f2ea48,21.0,0,1.70625,364.243029,21.567731,0.0,2,true,true,coarse_grid,false,governance.selection=pressure_max_under_constraints;seed=continuation
0.3,independent_oracle,3c5f6b3c9bd535cff7657364dadb2efc31f2ea48,21.0,0,1.7125,364.210186,21.567595,0.0,2,true,true,coarse_grid,false,governance.selection=pressure_max_under_constraints;seed=continuation
0.3,independent_oracle,3c5f6b3c9bd535cff7657364dadb2efc31f2ea48,21.0,0,1.71875,364.17894,21.567464,0.0,2,true,true,coarse_grid,false,governance.selection=pressure_max_under_constraints;seed=continuation
0.3,independent_oracle,3c5f6b3c9bd535cff7657364dadb2efc31f2ea48,21.0,0,1.725,364.149312,21.56734,0.0,2,true,true,coarse_grid,false,governance.selection=pressure_max_under_constraints;seed=continuation
0.3,independent_oracle,3c5f6b3c9bd535cff7657364dadb2efc31f2ea48,21.0,0,1.73125,364.121328,21.567223,0.0,2,true,true,coarse_grid,false,governance.selection=pressure_max_under_constraints;seed=continuation
0.3,independent_oracle,3c5f6b3c9bd535cff7657364dadb2efc31f2ea48,21.0,0,1.7375,364.095008,21.567112,0.0,2,true,true,coarse_grid,false,governance.selection=pressure_max_under_constraints;seed=continuation
0.3,independent_oracle,3c5f6b3c9bd535cff7657364dadb2efc31f2ea48,21.0,0,1.74375,364.070378,21.567007,0.0,2,true,true,coarse_grid,false,governance.selection=pressure_max_under_constraints;seed=continuation
0.3,independent_oracle,3c5f6b3c9bd535cff7657364dadb2efc31f2ea48,21.0,0,1.75,364.047461,21.56691,0.0,2,true,true,coarse_grid,false,governance.selection=pressure_max_under_constraints;seed=continuation
0.3,independent_oracle,3c5f6b3c9bd535cff7657364dadb2efc31f2ea48,21.0,0,1.75625,364.026281,21.56682,0.0,2,true,true,coarse_grid,false,governance.selection=pressure_max_under_constraints;seed=continuation
0.3,independent_oracle,3c5f6b3c9bd535cff7657364dadb2efc31f2ea48,21.0,0,1.7625,364.006861,21.566737,0.0,2,true,true,coarse_grid,false,governance.selection=pressure_max_under_constraints;seed=continuation
0.3,independent_oracle,3c5f6b3c9bd535cff7657364dadb2efc31f2ea48,21.0,0,1.76875,363.989225,21.566661,0.0,2,true,true,coarse_grid,false,governance.selection=pressure_max_under_constraints;seed=continuation
0.3,independent_oracle,3c5f6b3c9bd535cff7657364dadb2efc31f2ea48,21.0,0,1.775,363.973396,21.566593,0.0,2,true,true,coarse_grid,false,governance.selection=pressure_max_under_constraints;seed=continuation
0.3,independent_oracle,3c5f6b3c9bd535cff7657364dadb2efc31f2ea48,21.0,0,1.78125,363.9594,21.566532,0.0,2,true,true,coarse_grid,false,governance.selection=pressure_max_under_constraints;seed=continuation
0.3,independent_oracle,3c5f6b3c9bd535cff7657364dadb2efc31f2ea48,21.0,0,1.7875,363.94726,21.566479,0.0,2,true,true,coarse_grid,false,governance.selection=pressure_max_under_constraints;seed=continuation
0.3,independent_oracle,3c5f6b3c9bd535cff7657364dadb2efc31f2ea48,21.0,0,1.79375,363.937,21.566435,0.0,2,true,true,coarse_grid,false,governance.selection=pressure_max_under_constraints;seed=continuation
0.3,independent_oracle,3c5f6b3c9bd535cff7657364dadb2efc31f2ea48,21.0,0,1.8,363.928643,21.566398,0.0,2,true,true,coarse_grid,false,governance.selection=pressure_max_under_constraints;seed=continuation
0.3,independent_oracle,3c5f6b3c9bd535cff7657364dadb2efc31f2ea48,21.0,0,1.80625,363.922215,21.56637,0.0,2,true,true,coarse_grid,false,governance.selection=pressure_max_under_constraints;seed=continuation
0.3,independent_oracle,3c5f6b3c9bd535cff7657364dadb2efc31f2ea48,21.0,0,1.8125,363.917739,21.56635,0.0,2,true,true,coarse_grid,false,governance.selection=pressure_max_under_constraints;seed=continuation
0.3,independent_oracle,3c5f6b3c9bd535cff7657364dadb2efc31f2ea48,21.0,0,1.81875,363.915239,21.566339,0.0,2,true,true,coarse_grid,false,governance.selection=pressure_max_under_constraints;seed=continuation
0.3,independent_oracle,3c5f6b3c9bd535cff7657364dadb2efc31f2ea48,21.0,0,1.825,363.914738,21.566337,0.0,2,true,true,coarse_grid,false,governance.selection=pressure_max_under_constraints;seed=continuation
0.3,independent_oracle,3c5f6b3c9bd535cff7657364dadb2efc31f2ea48,21.0,0,1.83125,363.916261,21.566344,0.0,2,true,true,coarse_grid,false,governance.selection=pressure_max_under_constraints;seed=continuation
0.3,independent_oracle,3c5f6b3c9bd535cff7657364dadb2efc31f2ea48,21.0,0,1.8375,363.919832,21.56636,0.0,2,true,true,coarse_grid,false,governance.selection=pressure_max_under_constraints;seed=continuation
0.3,independent_oracle,3c5f6b3c9bd535cff7657364dadb2efc31f2ea48,21.0,0,1.84375,363.925474,21.566385,0.0,2,true,true,coarse_grid,false,governance.selection=pressure_max_under_constraints;seed=continuation
0.3,independent_oracle,3c5f6b3c9bd535cff7657364dadb2efc31f2ea48,21.0,0,1.85,363.93321,21.56642,0.0,2,true,true,coarse_grid,false,governance.selection=pressure_max_under_constraints;seed=continuation
0.3,independent_oracle,3c5f6b3c9bd535cff7657364dadb2efc31f2ea48,21.0,0,1.85625,363.943065,21.566464,0.0,2,true,true,coarse_grid,false,governance.selection=pressure_max_under_constraints;seed=continuation
0.3,independent_oracle,3c5f6b3c9bd535cff7657364dadb2efc31f2ea48,21.0,0,1.8625,363.95506,21.566518,0.0,2,true,true,coarse_grid,false,governance.selection=pressure_max_under_constraints;seed=continuation
0.3,independent_oracle,3c5f6b3c9bd535cff7657364dadb2efc31f2ea48,21.0,0,1.86875,363.96922,21.566583,0.0,2,true,true,coarse_grid,false,governance.selection=pressure_max_under_constraints;seed=continuation
0.3,independent_oracle,3c5f6b3c9bd535cff7657364dadb2efc31f2ea48,21.0,0,1.875,363.985567,21.566657,0.0,2,true,true,coarse_grid,false,governance.selection=pressure_max_under_constraints;seed=continuation
0.3,independent_oracle,3c5f6b3c9bd535cff7657364dadb2efc31f2ea48,21.0,0,1.88125,364.004123,21.566742,0.0,2,true,true,coarse_grid,false,governance.selection=pressure_max_under_constraints;seed=continuation
0.3,independent_oracle,3c5f6b3c9bd535cff7657364dadb2efc31f2ea48,21.0,0,1.8875,364.024911,21.566837,0.0,2,true,true,coarse_grid,false,governance.selection=pressure_max_under_constraints;seed=continuation
0.3,independent_oracle,3c5f6b3c9bd535cff7657364dadb2efc31f2ea48,21.0,0,1.89375,364.047952,21.566943,0.0,2,true,true,coarse_grid,false,governance.selection=pressure_max_under_constraints;seed=continuation
0.3,independent_oracle,3c5f6b3c9bd535cff7657364dadb2efc31f2ea48,21.0,0,1.9,364.073269,21.56706,0.0,2,true,true,coarse_grid,false,governance.selection=pressure_max_under_constraints;seed=continuation
0.3,independent_oracle,3c5f6b3c9bd535cff7657364dadb2efc31f2ea48,21.0,0,1.90625,364.100883,21.567188,0.0,2,true,true,coarse_grid,false,governance.selection=pressure_max_under_constraints;seed=continuation
0.3,independent_oracle,3c5f6b3c9bd535cff7657364dadb2efc31f2ea48,21.0,0,1.9125,364.130815,21.567327,0.0,2,true,true,coarse_grid,false,governance.selection=pressure_max_under_constraints;seed=continuation
0.3,independent_oracle,3c5f6b3c9bd535cff7657364dadb2efc31f2ea48,21.0,0,1.91875,364.163085,21.567477,0.0,2,true,true,coarse_grid,false,governance.selection=pressure_max_under_constraints;seed=continuation
0.3,independent_oracle,3c5f6b3c9bd535cff7657364dadb2efc31f2ea48,21.0,0,1.925,364.197713,21.567639,0.0,2,true,true,coarse_grid,false,governance.selection=pressure_max_under_constraints;seed=continuation
0.3,independent_oracle,3c5f6b3c9bd535cff7657364dadb2efc31f2ea48,21.0,0,1.93125,364.234719,21.567813,0.0,2,true,true,coarse_grid,false,governance.selection=pressure_max_under_constraints;seed=continuation
0.3,independent_oracle,3c5f6b3c9bd535cff7657364dadb2efc31f2ea48,21.0,0,1.9375,364.274123,21.567998,0.0,2,true,true,coarse_grid,false,governance.selection=pressure_max_under_constraints;seed=continuation
0.3,independent_oracle,3c5f6b3c9bd535cff7657364dadb2efc31f2ea48,21.0,0,1.94375,364.315943,21.568196,0.0,2,true,true,coarse_grid,false,governance.selection=pressure_max_under_constraints;seed=continuation
0.3,independent_oracle,3c5f6b3c9bd535cff7657364dadb2efc31f2ea48,21.0,0,1.95,364.360198,21.568405,0.0,2,true,true,coarse_grid,false,governance.selection=pressure_max_under_constraints;seed=continuation
0.3,independent_oracle,3c5f6b3c9bd535cff7657364dadb2efc31f2ea48,21.0,0,1.95625,364.406904,21.568627,0.0,2,true,true,coarse_grid,false,governance.selection=pressure_max_under_constraints;seed=continuation
0.3,independent_oracle,3c5f6b3c9bd535cff7657364dadb2efc31f2ea48,21.0,0,1.9625,364.456079,21.568861,0.0,2,true,true,coarse_grid,false,governance.selection=pressure_max_under_constraints;seed=continuation
0.3,independent_oracle,3c5f6b3c9bd535cff7657364dadb2efc31f2ea48,21.0,0,1.96875,364.507739,21.569108,0.0,2,true,true,coarse_grid,false,governance.selection=pressure_max_under_constraints;seed=continuation
0.3,independent_oracle,3c5f6b3c9bd535cff7657364dadb2efc31f2ea48,21.0,0,1.975,364.561901,21.569368,0.0,2,true,true,coarse_grid,false,governance.selection=pressure_max_under_constraints;seed=continuation
0.3,independent_oracle,3c5f6b3c9bd535cff7657364dadb2efc31f2ea48,21.0,0,1.98125,364.618578,21.569641,0.0,2,true,true,coarse_grid,false,governance.selection=pressure_max_under_constraints;seed=continuation
0.3,independent_oracle,3c5f6b3c9bd535cff7657364dadb2efc31f2ea48,21.0,0,1.9875,364.677786,21.569927,0.0,2,true,true,coarse_grid,false,governance.selection=pressure_max_under_constraints;seed=continuation
0.3,independent_oracle,3c5f6b3c9bd535cff7657364dadb2efc31f2ea48,21.0,0,1.99375,364.739539,21.570226,0.0,2,true,true,coarse_grid,false,governance.selection=pressure_max_under_constraints;seed=continuation
0.3,independent_oracle,3c5f6b3c9bd535cff7657364dadb2efc31f2ea48,21.0,0,2.0,364.803848,21.570538,0.0,2,true,true,coarse_grid,false,governance.selection=pressure_max_under_constraints;seed=continuation
0.3,independent_oracle,3c5f6b3c9bd535cff7657364dadb2efc31f2ea48,21.0,0,2.00625,364.870726,21.570864,0.0,2,true,true,coarse_grid,false,governance.selection=pressure_max_under_constraints;seed=continuation
0.3,independent_oracle,3c5f6b3c9bd535cff7657364dadb2efc31f2ea48,21.0,0,2.0125,364.940184,21.571204,0.0,2,true,true,coarse_grid,false,governance.selection=pressure_max_under_constraints;seed=continuation
0.3,independent_oracle,3c5f6b3c9bd535cff7657364dadb2efc31f2ea48,21.0,0,2.01875,365.012233,21.571557,0.0,2,true,true,coarse_grid,false,governance.selection=pressure_max_under_constraints;seed=continuation
0.3,independent_oracle,3c5f6b3c9bd535cff7657364dadb2efc31f2ea48,21.0,0,2.025,365.086881,21.571924,0.0,2,true,true,coarse_grid,false,governance.selection=pressure_max_under_constraints;seed=continuation
0.3,independent_oracle,3c5f6b3c9bd535cff7657364dadb2efc31f2ea48,21.0,0,2.03125,365.164139,21.572305,0.0,2,true,true,coarse_grid,false,governance.selection=pressure_max_under_constraints;seed=continuation
0.3,independent_oracle,3c5f6b3c9bd535cff7657364dadb2efc31f2ea48,21.0,0,2.0375,365.244012,21.5727,0.0,2,true,true,coarse_grid,false,governance.selection=pressure_max_under_constraints;seed=continuation
0.3,independent_oracle,3c5f6b3c9bd535cff7657364dadb2efc31f2ea48,21.0,0,2.04375,365.326509,21.57311,0.0,2,true,true,coarse_grid,false,governance.selection=pressure_max_under_constraints;seed=continuation
0.3,independent_oracle,3c5f6b3c9bd535cff7657364dadb2efc31f2ea48,21.0,0,2.05,365.411635,21.573534,0.0,2,true,true,coarse_grid,false,governance.selection=pressure_max_under_constraints;seed=continuation
0.3,independent_oracle,3c5f6b3c9bd535cff7657364dadb2efc31f2ea48,21.0,0,2.05625,365.499394,21.573972,0.0,2,true,true,coarse_grid,false,governance.selection=pressure_max_under_constraints;seed=continuation
0.3,independent_oracle,3c5f6b3c9bd535cff7657364dadb2efc31f2ea48,21.0,0,2.0625,365.58979,21.574425,0.0,2,true,true,coarse_grid,false,governance.selection=pressure_max_under_constraints;seed=continuation
0.3,independent_oracle,3c5f6b3c9bd535cff7657364dadb2efc31f2ea48,21.0,0,2.06875,365.682826,21.574892,0.0,2,true,true,coarse_grid,false,governance.selection=pressure_max_under_constraints;seed=continuation
0.3,independent_oracle,3c5f6b3c9bd535cff7657364dadb2efc31f2ea48,21.0,0,2.075,365.778504,21.575375,0.0,2,true,true,coarse_grid,false,governance.selection=pressure_max_under_constraints;seed=continuation
0.3,independent_oracle,3c5f6b3c9bd535cff7657364dadb2efc31f2ea48,21.0,0,2.08125,365.876825,21.575872,0.0,2,true,true,coarse_grid,false,governance.selection=pressure_max_under_constraints;seed=continuation
0.3,independent_oracle,3c5f6b3c9bd535cff7657364dadb2efc31f2ea48,21.0,0,2.0875,365.977787,21.576383,0.0,2,true,true,coarse_grid,false,governance.selection=pressure_max_under_constraints;seed=continuation
0.3,independent_oracle,3c5f6b3c9bd535cff7657364dadb2efc31f2ea48,21.0,0,2.09375,366.08139,21.57691,0.0,2,true,true,coarse_grid,false,governance.selection=pressure_max_under_constraints;seed=continuation
0.3,independent_oracle,3c5f6b3c9bd535cff7657364dadb2efc31f2ea48,21.0,0,2.1,366.18763,21.577452,0.0,2,true,true,coarse_grid,false,governance.selection=pressure_max_under_constraints;seed=continuation
0.3,independent_oracle,3c5f6b3c9bd535cff7657364dadb2efc31f2ea48,21.0,0,2.10625,366.296505,21.578009,0.0,2,true,true,coarse_grid,false,governance.selection=pressure_max_under_constraints;seed=continuation
0.3,independent_oracle,3c5f6b3c9bd535cff7657364dadb2efc31f2ea48,21.0,0,2.1125,366.408009,21.578581,0.0,2,true,true,coarse_grid,false,governance.selection=pressure_max_under_constraints;seed=continuation
0.3,independent_oracle,3c5f6b3c9bd535cff7657364dadb2efc31f2ea48,21.0,0,2.11875,366.522136,21.579169,0.0,2,true,true,coarse_grid,false,governance.selection=pressure_max_under_constraints;seed=continuation
0.3,independent_oracle,3c5f6b3c9bd535cff7657364dadb2efc31f2ea48,21.0,0,2.125,366.63888,21.579771,0.0,2,true,true,coarse_grid,false,governance.selection=pressure_max_under_constraints;seed=continuation
0.3,independent_oracle,3c5f6b3c9bd535cff7657364dadb2efc31f2ea48,21.0,0,2.13125,366.758232,21.580389,0.0,2,true,true,coarse_grid,false,governance.selection=pressure_max_under_constraints;seed=continuation
0.3,independent_oracle,3c5f6b3c9bd535cff7657364dadb2efc31f2ea48,21.0,0,2.1375,366.880183,21.581022,0.0,2,true,true,coarse_grid,false,governance.selection=pressure_max_under_constraints;seed=continuation
0.3,independent_oracle,3c5f6b3c9bd535cff7657364dadb2efc31f2ea48,21.0,0,2.14375,367.004723,21.581671,0.0,2,true,true,coarse_grid,false,governance.selection=pressure_max_under_constraints;seed=continuation
0.3,independent_oracle,3c5f6b3c9bd535cff7657364dadb2efc31f2ea48,21.0,0,2.15,367.13184,21.582335,0.0,2,true,true,coarse_grid,false,governance.selection=pressure_max_under_constraints;seed=continuation
0.3,independent_oracle,3c5f6b3c9bd535cff7657364dadb2efc31f2ea48,21.0,0,2.15625,367.261522,21.583014,0.0,2,true,true,coarse_grid,false,governance.selection=pressure_max_under_constraints;seed=continuation
0.3,independent_oracle,3c5f6b3c9bd535cff7657364dadb2efc31f2ea48,21.0,0,2.1625,367.393756,21.583708,0.0,2,true,true,coarse_grid,false,governance.selection=pressure_max_under_constraints;seed=continuation
0.3,independent_oracle,3c5f6b3c9bd535cff7657364dadb2efc31f2ea48,21.0,0,2.16875,367.528526,21.584418,0.0,2,true,true,coarse_grid,false,governance.selection=pressure_max_under_constraints;seed=continuation
0.3,independent_oracle,3c5f6b3c9bd535cff7657364dadb2efc31f2ea48,21.0,0,2.175,367.665818,21.585144,0.0,2,true,true,coarse_grid,false,governance.selection=pressure_max_under_constraints;seed=continuation
0.3,independent_oracle,3c5f6b3c9bd535cff7657364dadb2efc31f2ea48,21.0,0,2.18125,367.805614,21.585884,0.0,2,true,true,coarse_grid,false,governance.selection=pressure_max_under_constraints;seed=continuation
0.3,independent_oracle,3c5f6b3c9bd535cff7657364dadb2efc31f2ea48,21.0,0,2.1875,367.947897,21.58664,0.0,2,true,true,coarse_grid,false,governance.selection=pressure_max_under_constraints;seed=continuation
0.3,independent_oracle,3c5f6b3c9bd535cff7657364dadb2efc31f2ea48,21.0,0,2.19375,368.092649,21.587412,0.0,2,true,true,coarse_grid,false,governance.selection=pressure_max_under_constraints;seed=continuation
0.3,independent_oracle,3c5f6b3c9bd535cff7657364dadb2efc31f2ea48,21.0,0,2.2,368.239849,21.588198,0.0,2,true,true,coarse_grid,false,governance.selection=pressure_max_under_constraints;seed=continuation
0.3,independent_oracle,3c5f6b3c9bd535cff7657364dadb2efc31f2ea48,21.0,0,2.20625,368.389477,21.589,0.0,2,true,true,coarse_grid,false,governance.selection=pressure_max_under_constraints;seed=continuation
0.3,independent_oracle,3c5f6b3c9bd535cff7657364dadb2efc31f2ea48,21.0,0,2.2125,368.541512,21.589817,0.0,2,true,true,coarse_grid,false,governance.selection=pressure_max_under_constraints;seed=continuation
0.3,independent_oracle,3c5f6b3c9bd535cff7657364dadb2efc31f2ea48,21.0,0,2.21875,368.695932,21.59065,0.0,2,true,true,coarse_grid,false,governance.selection=pressure_max_under_constraints;seed=continuation
0.3,independent_oracle,3c5f6b3c9bd535cff7657364dadb2efc31f2ea48,21.0,0,2.225,368.852713,21.591497,0.0,2,true,true,coarse_grid,false,governance.selection=pressure_max_under_constraints;seed=continuation
0.3,independent_oracle,3c5f6b3c9bd535cff7657364dadb2efc31f2ea48,21.0,0,2.23125,369.011832,21.592359,0.0,2,true,true,coarse_grid,false,governance.selection=pressure_max_under_constraints;seed=continuation
0.3,independent_oracle,3c5f6b3c9bd535cff7657364dadb2efc31f2ea48,21.0,0,2.2375,369.173264,21.593237,0.0,2,true,true,coarse_grid,false,governance.selection=pressure_max_under_constraints;seed=continuation
0.3,independent_oracle,3c5f6b3c9bd535cff7657364dadb2efc31f2ea48,21.0,0,2.24375,369.336982,21.594129,0.0,2,true,true,coarse_grid,false,governance.selection=pressure_max_under_constraints;seed=continuation
0.3,independent_oracle,3c5f6b3c9bd535cff7657364dadb2efc31f2ea48,21.0,0,2.25,369.502962,21.595036,0.0,2,true,true,coarse_grid,false,governance.selection=pressure_max_under_constraints;seed=continuation
0.3,independent_oracle,3c5f6b3c9bd535cff7657364dadb2efc31f2ea48,21.0,0,2.25625,369.671176,21.595958,0.0,2,true,true,coarse_grid,false,governance.selection=pressure_max_under_constraints;seed=continuation
0.3,independent_oracle,3c5f6b3c9bd535cff7657364dadb2efc31f2ea48,21.0,0,2.2625,369.841597,21.596895,0.0,2,true,true,coarse_grid,false,governance.selection=pressure_max_under_constraints;seed=continuation
0.3,independent_oracle,3c5f6b3c9bd535cff7657364dadb2efc31f2ea48,21.0,0,2.26875,370.014197,21.597846,0.0,2,true,true,coarse_grid,false,governance.selection=pressure_max_under_constraints;seed=continuation
0.3,independent_oracle,3c5f6b3c9bd535cff7657364dadb2efc31f2ea48,21.0,0,2.275,370.188946,21.598812,0.0,2,true,true,coarse_grid,false,governance.selection=pressure_max_under_constraints;seed=continuation
0.3,independent_oracle,3c5f6b3c9bd535cff7657364dadb2efc31f2ea48,21.0,0,2.28125,370.365816,21.599792,0.0,2,true,true,coarse_grid,false,governance.selection=pressure_max_under_constraints;seed=continuation
0.3,independent_oracle,3c5f6b3c9bd535cff7657364dadb2efc31f2ea48,21.0,0,2.2875,370.544777,21.600786,0.0,2,true,true,coarse_grid,false,governance.selection=pressure_max_under_constraints;seed=continuation
0.3,independent_oracle,3c5f6b3c9bd535cff7657364dadb2efc31f2ea48,21.0,0,2.29375,370.725799,21.601795,0.0,2,true,true,coarse_grid,false,governance.selection=pressure_max_under_constraints;seed=continuation
0.3,independent_oracle,3c5f6b3c9bd535cff7657364dadb2efc31f2ea48,21.0,0,2.3,370.908851,21.602818,0.0,2,true,true,coarse_grid,false,governance.selection=pressure_max_under_constraints;seed=continuation
0.3,independent_oracle,3c5f6b3c9bd535cff7657364dadb2efc31f2ea48,21.0,0,2.30625,371.093902,21.603855,0.0,2,true,true,coarse_grid,false,governance.selection=pressure_max_under_constraints;seed=continuation
0.3,independent_oracle,3c5f6b3c9bd535cff7657364dadb2efc31f2ea48,21.0,0,2.3125,371.280921,21.604905,0.0,2,true,true,coarse_grid,false,governance.selection=pressure_max_under_constraints;seed=continuation
0.3,independent_oracle,3c5f6b3c9bd535cff7657364dadb2efc31f2ea48,21.0,0,2.31875,371.469877,21.605969,0.0,2,true,true,coarse_grid,false,governance.selection=pressure_max_under_constraints;seed=continuation
0.3,independent_oracle,3c5f6b3c9bd535cff7657364dadb2efc31f2ea48,21.0,0,2.325,371.660736,21.607047,0.0,2,true,true,coarse_grid,false,governance.selection=pressure_max_under_constraints;seed=continuation
0.3,independent_oracle,3c5f6b3c9bd535cff7657364dadb2efc31f2ea48,21.0,0,2.33125,371.853468,21.608139,0.0,2,true,true,coarse_grid,false,governance.selection=pressure_max_under_constraints;seed=continuation
0.3,independent_oracle,3c5f6b3c9bd535cff7657364dadb2efc31f2ea48,21.0,0,2.3375,372.048039,21.609244,0.0,2,true,true,coarse_grid,false,governance.selection=pressure_max_under_constraints;seed=continuation
0.3,independent_oracle,3c5f6b3c9bd535cff7657364dadb2efc31f2ea48,21.0,0,2.34375,372.244418,21.610362,0.0,2,true,true,coarse_grid,false,governance.selection=pressure_max_under_constraints;seed=continuation
0.3,independent_oracle,3c5f6b3c9bd535cff7657364dadb2efc31f2ea48,21.0,0,2.35,372.442571,21.611493,0.0,2,true,true,coarse_grid,false,governance.selection=pressure_max_under_constraints;seed=continuation
0.3,independent_oracle,3c5f6b3c9bd535cff7657364dadb2efc31f2ea48,21.0,0,2.35625,372.642466,21.612637,0.0,2,true,true,coarse_grid,false,governance.selection=pressure_max_under_constraints;seed=continuation
0.3,independent_oracle,3c5f6b3c9bd535cff7657364dadb2efc31f2ea48,21.0,0,2.3625,372.844071,21.613794,0.0,2,true,true,coarse_grid,false,governance.selection=pressure_max_under_constraints;seed=continuation
0.3,independent_oracle,3c5f6b3c9bd535cff7657364dadb2efc31f2ea48,21.0,0,2.36875,373.047351,21.614964,0.0,2,true,true,coarse_grid,false,governance.selection=pressure_max_under_constraints;seed=continuation
0.3,independent_oracle,3c5f6b3c9bd535cff7657364dadb2efc31f2ea48,21.0,0,2.375,373.252275,21.616146,0.0,2,true,true,coarse_grid,false,governance.selection=pressure_max_under_constraints;seed=continuation
0.3,independent_oracle,3c5f6b3c9bd535cff7657364dadb2efc31f2ea48,21.0,0,2.38125,373.458809,21.617341,0.0,2,true,true,coarse_grid,false,governance.selection=pressure_max_under_constraints;seed=continuation
0.3,independent_oracle,3c5f6b3c9bd535cff7657364dadb2efc31f2ea48,21.0,0,2.3875,373.666921,21.618548,0.0,2,true,true,coarse_grid,false,governance.selection=pressure_max_under_constraints;seed=continuation
0.3,independent_oracle,3c5f6b3c9bd535cff7657364dadb2efc31f2ea48,21.0,0,2.39375,373.876578,21.619767,0.0,2,true,true,coarse_grid,false,governance.selection=pressure_max_under_constraints;seed=continuation
0.3,independent_oracle,3c5f6b3c9bd535cff7657364dadb2efc31f2ea48,21.0,0,2.4,374.087748,21.620999,0.0,2,true,true,coarse_grid,false,governance.selection=pressure_max_under_constraints;seed=continuation
0.3,independent_oracle,3c5f6b3c9bd535cff7657364dadb2efc31f2ea48,21.0,0,2.40625,374.300398,21.622242,0.0,2,true,true,coarse_grid,false,governance.selection=pressure_max_under_constraints;seed=continuation
0.3,independent_oracle,3c5f6b3c9bd535cff7657364dadb2efc31f2ea48,21.0,0,2.4125,374.514495,21.623497,0.0,2,true,true,coarse_grid,false,governance.selection=pressure_max_under_constraints;seed=continuation
0.3,independent_oracle,3c5f6b3c9bd535cff7657364dadb2efc31f2ea48,21.0,0,2.41875,374.730009,21.624763,0.0,2,true,true,coarse_grid,false,governance.selection=pressure_max_under_constraints;seed=continuation
0.3,independent_oracle,3c5f6b3c9bd535cff7657364dadb2efc31f2ea48,21.0,0,2.425,374.946906,21.626041,0.0,2,true,true,coarse_grid,false,governance.selection=pressure_max_under_constraints;seed=continuation
0.3,independent_oracle,3c5f6b3c9bd535cff7657364dadb2efc31f2ea48,21.0,0,2.43125,375.165155,21.62733,0.0,2,true,true,coarse_grid,false,governance.selection=pressure_max_under_constraints;seed=continuation
0.3,independent_oracle,3c5f6b3c9bd535cff7657364dadb2efc31f2ea48,21.0,0,2.4375,375.384725,21.62863,0.0,2,true,true,coarse_grid,false,governance.selection=pressure_max_under_constraints;seed=continuation
0.3,independent_oracle,3c5f6b3c9bd535cff7657364dadb2efc31f2ea48,21.0,0,2.44375,375.605585,21.629941,0.0,2,true,true,coarse_grid,false,governance.selection=pressure_max_under_constraints;seed=continuation
0.3,independent_oracle,3c5f6b3c9bd535cff7657364dadb2efc31f2ea48,21.0,0,2.45,375.827704,21.631263,0.0,2,true,true,coarse_grid,false,governance.selection=pressure_max_under_constraints;seed=continuation
0.3,independent_oracle,3c5f6b3c9bd535cff7657364dadb2efc31f2ea48,21.0,0,2.45625,376.051051,21.632596,0.0,2,true,true,coarse_grid,false,governance.selection=pressure_max_under_constraints;seed=continuation
0.3,independent_oracle,3c5f6b3c9bd535cff7657364dadb2efc31f2ea48,21.0,0,2.4625,376.275596,21.633939,0.0,2,true,true,coarse_grid,false,governance.selection=pressure_max_under_constraints;seed=continuation
0.3,independent_oracle,3c5f6b3c9bd535cff7657364dadb2efc31f2ea48,21.0,0,2.46875,376.501309,21.635293,0.0,2,true,true,coarse_grid,false,governance.selection=pressure_max_under_constraints;seed=continuation
0.3,independent_oracle,3c5f6b3c9bd535cff7657364dadb2efc31f2ea48,21.0,0,2.475,376.72816,21.636657,0.0,2,true,true,coarse_grid,false,governance.selection=pressure_max_under_constraints;seed=continuation
0.3,independent_oracle,3c5f6b3c9bd535cff7657364dadb2efc31f2ea48,21.0,0,2.48125,376.956121,21.638031,0.0,2,true,true,coarse_grid,false,governance.selection=pressure_max_under_constraints;seed=continuation
0.3,independent_oracle,3c5f6b3c9bd535cff7657364dadb2efc31f2ea48,21.0,0,2.4875,377.185163,21.639416,0.0,2,true,true,coarse_grid,false,governance.selection=pressure_max_under_constraints;seed=continuation
0.3,independent_oracle,3c5f6b3c9bd535cff7657364dadb2efc31f2ea48,21.0,0,2.49375,377.415256,21.64081,0.0,2,true,true,coarse_grid,false,governance.selection=pressure_max_under_constraints;seed=continuation
0.3,independent_oracle,3c5f6b3c9bd535cff7657364dadb2efc31f2ea48,21.0,0,2.5,377.646374,21.642213,0.0,2,true,true,coarse_grid,false,governance.selection=pressure_max_under_constraints;seed=continuation
0.3,independent_oracle,3c5f6b3c9bd535cff7657364dadb2efc31f2ea48,21.0,0,2.50625,377.878487,21.643627,0.0,2,true,true,coarse_grid,false,governance.selection=pressure_max_under_constraints;seed=continuation
0.3,independent_oracle,3c5f6b3c9bd535cff7657364dadb2efc31f2ea48,21.0,0,2.5125,378.11157,21.645049,0.0,2,true,true,coarse_grid,false,governance.selection=pressure_max_under_constraints;seed=continuation
0.3,independent_oracle,3c5f6b3c9bd535cff7657364dadb2efc31f2ea48,21.0,0,2.51875,378.345594,21.646481,0.0,2,true,true,coarse_grid,false,governance.selection=pressure_max_under_constraints;seed=continuation
0.3,independent_oracle,3c5f6b3c9bd535cff7657364dadb2efc31f2ea48,21.0,0,2.525,378.580534,21.647923,0.0,2,true,true,coarse_grid,false,governance.selection=pressure_max_under_constraints;seed=continuation
0.3,independent_oracle,3c5f6b3c9bd535cff7657364dadb2efc31f2ea48,21.0,0,2.53125,378.816363,21.649373,0.0,2,true,true,coarse_grid,false,governance.selection=pressure_max_under_constraints;seed=continuation
0.3,independent_oracle,3c5f6b3c9bd535cff7657364dadb2efc31f2ea48,21.0,0,2.5375,379.053056,21.650832,0.0,2,true,true,coarse_grid,false,governance.selection=pressure_max_under_constraints;seed=continuation
0.3,independent_oracle,3c5f6b3c9bd535cff7657364dadb2efc31f2ea48,21.0,0,2.54375,379.290588,21.6523,0.0,2,true,true,coarse_grid,false,governance.selection=pressure_max_under_constraints;seed=continuation
0.3,independent_oracle,3c5f6b3c9bd535cff7657364dadb2efc31f2ea48,21.0,0,2.55,379.528933,21.653777,0.0,2,true,true,coarse_grid,false,governance.selection=pressure_max_under_constraints;seed=continuation
0.3,independent_oracle,3c5f6b3c9bd535cff7657364dadb2efc31f2ea48,21.0,0,2.55625,379.768068,21.655262,0.0,2,true,true,coarse_grid,false,governance.selection=pressure_max_under_constraints;seed=continuation
0.3,independent_oracle,3c5f6b3c9bd535cff7657364dadb2efc31f2ea48,21.0,0,2.5625,380.007968,21.656755,0.0,2,true,true,coarse_grid,false,governance.selection=pressure_max_under_constraints;seed=continuation
0.3,independent_oracle,3c5f6b3c9bd535cff7657364dadb2efc31f2ea48,21.0,0,2.56875,380.24861,21.658257,0.0,2,true,true,coarse_grid,false,governance.selection=pressure_max_under_constraints;seed=continuation
0.3,independent_oracle,3c5f6b3c9bd535cff7657364dadb2efc31f2ea48,21.0,0,2.575,380.489971,21.659767,0.0,2,true,true,coarse_grid,false,governance.selection=pressure_max_under_constraints;seed=continuation
0.3,independent_oracle,3c5f6b3c9bd535cff7657364dadb2efc31f2ea48,21.0,0,2.58125,380.732027,21.661285,0.0,2,true,true,coarse_grid,false,governance.selection=pressure_max_under_constraints;seed=continuation
0.3,independent_oracle,3c5f6b3c9bd535cff7657364dadb2efc31f2ea48,21.0,0,2.5875,380.974758,21.662811,0.0,2,true,true,coarse_grid,false,governance.selection=pressure_max_under_constraints;seed=continuation
0.3,independent_oracle,3c5f6b3c9bd535cff7657364dadb2efc31f2ea48,21.0,0,2.59375,381.21814,21.664345,0.0,2,true,true,coarse_grid,false,governance.selection=pressure_max_under_constraints;seed=continuation
0.3,independent_oracle,3c5f6b3c9bd535cff7657364dadb2efc31f2ea48,21.0,0,2.6,381.462153,21.665886,0.0,2,true,true,coarse_grid,false,governance.selection=pressure_max_under_constraints;seed=continuation
0.3,independent_oracle,3c5f6b3c9bd535cff7657364dadb2efc31f2ea48,21.0,0,2.60625,381.706776,21.667435,0.0,2,true,true,coarse_grid,false,governance.selection=pressure_max_under_constraints;seed=continuation
0.3,independent_oracle,3c5f6b3c9bd535cff7657364dadb2efc31f2ea48,21.0,0,2.6125,381.951987,21.668992,0.0,2,true,true,coarse_grid,false,governance.selection=pressure_max_under_constraints;seed=continuation
0.3,independent_oracle,3c5f6b3c9bd535cff7657364dadb2efc31f2ea48,21.0,0,2.61875,382.197768,21.670555,0.0,2,true,true,coarse_grid,false,governance.selection=pressure_max_under_constraints;seed=continuation
0.3,independent_oracle,3c5f6b3c9bd535cff7657364dadb2efc31f2ea48,21.0,0,2.625,382.444097,21.672127,0.0,2,true,true,coarse_grid,false,governance.selection=pressure_max_under_constraints;seed=continuation
0.3,independent_oracle,3c5f6b3c9bd535cff7657364dadb2efc31f2ea48,21.0,0,2.63125,382.690956,21.673705,0.0,2,true,true,coarse_grid,false,governance.selection=pressure_max_under_constraints;seed=continuation
0.3,independent_oracle,3c5f6b3c9bd535cff7657364dadb2efc31f2ea48,21.0,0,2.6375,382.938326,21.67529,0.0,2,true,true,coarse_grid,false,governance.selection=pressure_max_under_constraints;seed=continuation
0.3,independent_oracle,3c5f6b3c9bd535cff7657364dadb2efc31f2ea48,21.0,0,2.64375,383.186188,21.676882,0.0,2,true,true,coarse_grid,false,governance.selection=pressure_max_under_constraints;seed=continuation
0.3,independent_oracle,3c5f6b3c9bd535cff7657364dadb2efc31f2ea48,21.0,0,2.65,383.434525,21.678481,0.0,2,true,true,coarse_grid,false,governance.selection=pressure_max_under_constraints;seed=continuation
0.3,independent_oracle,3c5f6b3c9bd535cff7657364dadb2efc31f2ea48,21.0,0,2.65625,383.683317,21.680087,0.0,2,true,true,coarse_grid,false,governance.selection=pressure_max_under_constraints;seed=continuation
0.3,independent_oracle,3c5f6b3c9bd535cff7657364dadb2efc31f2ea48,21.0,0,2.6625,383.932549,21.681699,0.0,2,true,true,coarse_grid,false,governance.selection=pressure_max_under_constraints;seed=continuation
0.3,independent_oracle,3c5f6b3c9bd535cff7657364dadb2efc31f2ea48,21.0,0,2.66875,384.182202,21.683318,0.0,2,true,true,coarse_grid,false,governance.selection=pressure_max_under_constraints;seed=continuation
0.3,independent_oracle,3c5f6b3c9bd535cff7657364dadb2efc31f2ea48,21.0,0,2.675,384.432261,21.684943,0.0,2,true,true,coarse_grid,false,governance.selection=pressure_max_under_constraints;seed=continuation
0.3,independent_oracle,3c5f6b3c9bd535cff7657364dadb2efc31f2ea48,21.0,0,2.68125,384.682709,21.686574,0.0,2,true,true,coarse_grid,false,governance.selection=pressure_max_under_constraints;seed=continuation
0.3,independent_oracle,3c5f6b3c9bd535cff7657364dadb2efc31f2ea48,21.0,0,2.6875,384.93353,21.688212,0.0,2,true,true,coarse_grid,false,governance.selection=pressure_max_under_constraints;seed=continuation
0.3,independent_oracle,3c5f6b3c9bd535cff7657364dadb2efc31f2ea48,21.0,0,2.69375,385.184709,21.689856,0.0,2,true,true,coarse_grid,false,governance.selection=pressure_max_under_constraints;seed=continuation
0.3,independent_oracle,3c5f6b3c9bd535cff7657364dadb2efc31f2ea48,21.0,0,2.7,385.43623,21.691506,0.0,2,true,true,coarse_grid,false,governance.selection=pressure_max_under_constraints;seed=continuation
0.3,independent_oracle,3c5f6b3c9bd535cff7657364dadb2efc31f2ea48,21.0,0,2.70625,385.688079,21.693162,0.0,2,true,true,coarse_grid,false,governance.selection=pressure_max_under_constraints;seed=continuation
0.3,independent_oracle,3c5f6b3c9bd535cff7657364dadb2efc31f2ea48,21.0,0,2.7125,385.940241,21.694824,0.0,2,true,true,coarse_grid,false,governance.selection=pressure_max_under_constraints;seed=continuation
0.3,independent_oracle,3c5f6b3c9bd535cff7657364dadb2efc31f2ea48,21.0,0,2.71875,386.192701,21.696492,0.0,2,true,true,coarse_grid,false,governance.selection=pressure_max_under_constraints;seed=continuation
0.3,independent_oracle,3c5f6b3c9bd535cff7657364dadb2efc31f2ea48,21.0,0,2.725,386.445447,21.698165,0.0,2,true,true,coarse_grid,false,governance.selection=pressure_max_under_constraints;seed=continuation
0.3,independent_oracle,3c5f6b3c9bd535cff7657364dadb2efc31f2ea48,21.0,0,2.73125,386.698465,21.699844,0.0,2,true,true,coarse_grid,false,governance.selection=pressure_max_under_constraints;seed=continuation
0.3,independent_oracle,3c5f6b3c9bd535cff7657364dadb2efc31f2ea48,21.0,0,2.7375,386.951741,21.701529,0.0,2,true,true,coarse_grid,false,governance.selection=pressure_max_under_constraints;seed=continuation
0.3,independent_oracle,3c5f6b3c9bd535cff7657364dadb2efc31f2ea48,21.0,0,2.74375,387.205262,21.703219,0.0,2,true,true,coarse_grid,false,governance.selection=pressure_max_under_constraints;seed=continuation
0.3,independent_oracle,3c5f6b3c9bd535cff7657364dadb2efc31f2ea48,21.0,0,2.75,387.459016,21.704915,0.0,2,true,true,coarse_grid,false,governance.selection=pressure_max_under_constraints;seed=continuation
0.3,independent_oracle,3c5f6b3c9bd535cff7657364dadb2efc31f2ea48,21.0,0,2.75625,387.712991,21.706615,0.0,2,true,true,coarse_grid,false,governance.selection=pressure_max_under_constraints;seed=continuation
0.3,independent_oracle,3c5f6b3c9bd535cff7657364dadb2efc31f2ea48,21.0,0,2.7625,387.967174,21.708322,0.0,2,true,true,coarse_grid,false,governance.selection=pressure_max_under_constraints;seed=continuation
0.3,independent_oracle,3c5f6b3c9bd535cff7657364dadb2efc31f2ea48,21.0,0,2.76875,388.221555,21.710033,0.0,2,true,true,coarse_grid,false,governance.selection=pressure_max_under_constraints;seed=continuation
0.3,independent_oracle,3c5f6b3c9bd535cff7657364dadb2efc31f2ea48,21.0,0,2.775,388.476121,21.711749,0.0,2,true,true,coarse_grid,false,governance.selection=pressure_max_under_constraints;seed=continuation
0.3,independent_oracle,3c5f6b3c9bd535cff7657364dadb2efc31f2ea48,21.0,0,2.78125,388.730861,21.713471,0.0,2,true,true,coarse_grid,false,governance.selection=pressure_max_under_constraints;seed=continuation
0.3,independent_oracle,3c5f6b3c9bd535cff7657364dadb2efc31f2ea48,21.0,0,2.7875,388.985765,21.715197,0.0,2,true,true,coarse_grid,false,governance.selection=pressure_max_under_constraints;seed=continuation
0.3,independent_oracle,3c5f6b3c9bd535cff7657364dadb2efc31f2ea48,21.0,0,2.79375,389.240822,21.716929,0.0,2,true,true,coarse_grid,false,governance.selection=pressure_max_under_constraints;seed=continuation
0.3,independent_oracle,3c5f6b3c9bd535cff7657364dadb2efc31f2ea48,21.0,0,2.8,389.496021,21.718665,0.0,2,true,true,coarse_grid,false,governance.selection=pressure_max_under_constraints;seed=continuation
0.3,independent_oracle,3c5f6b3c9bd535cff7657364dadb2efc31f2ea48,21.0,0,2.80625,389.751353,21.720406,0.0,2,true,true,coarse_grid,false,governance.selection=pressure_max_under_constraints;seed=continuation
0.3,independent_oracle,3c5f6b3c9bd535cff7657364dadb2efc31f2ea48,21.0,0,2.8125,390.006807,21.722152,0.0,2,true,true,coarse_grid,false,governance.selection=pressure_max_under_constraints;seed=continuation
0.3,independent_oracle,3c5f6b3c9bd535cff7657364dadb2efc31f2ea48,21.0,0,2.81875,390.262374,21.723902,0.0,2,true,true,coarse_grid,false,governance.selection=pressure_max_under_constraints;seed=continuation
0.3,independent_oracle,3c5f6b3c9bd535cff7657364dadb2efc31f2ea48,21.0,0,2.825,390.518045,21.725657,0.0,2,true,true,coarse_grid,false,governance.selection=pressure_max_under_constraints;seed=continuation
0.3,independent_oracle,3c5f6b3c9bd535cff7657364dadb2efc31f2ea48,21.0,0,2.83125,390.773811,21.727417,0.0,2,true,true,coarse_grid,false,governance.selection=pressure_max_under_constraints;seed=continuation
0.3,independent_oracle,3c5f6b3c9bd535cff7657364dadb2efc31f2ea48,21.0,0,2.8375,391.029662,21.729181,0.0,2,true,true,coarse_grid,false,governance.selection=pressure_max_under_constraints;seed=continuation
0.3,independent_oracle,3c5f6b3c9bd535cff7657364dadb2efc31f2ea48,21.0,0,2.84375,391.28559,21.730949,0.0,2,true,true,coarse_grid,false,governance.selection=pressure_max_under_constraints;seed=continuation
0.3,independent_oracle,3c5f6b3c9bd535cff7657364dadb2efc31f2ea48,21.0,0,2.85,391.541586,21.732722,0.0,2,true,true,coarse_grid,false,governance.selection=pressure_max_under_constraints;seed=continuation
0.3,independent_oracle,3c5f6b3c9bd535cff7657364dadb2efc31f2ea48,21.0,0,2.85625,391.797643,21.734499,0.0,2,true,true,coarse_grid,false,governance.selection=pressure_max_under_constraints;seed=continuation
0.3,independent_oracle,3c5f6b3c9bd535cff7657364dadb2efc31f2ea48,21.0,0,2.8625,392.053752,21.73628,0.0,2,true,true,coarse_grid,false,governance.selection=pressure_max_under_constraints;seed=continuation
0.3,independent_oracle,3c5f6b3c9bd535cff7657364dadb2efc31f2ea48,21.0,0,2.86875,392.309905,21.738066,0.0,2,true,true,coarse_grid,false,governance.selection=pressure_max_under_constraints;seed=continuation
0.3,independent_oracle,3c5f6b3c9bd535cff7657364dadb2efc31f2ea48,21.0,0,2.875,392.566095,21.739855,0.0,2,true,true,coarse_grid,false,governance.selection=pressure_max_under_constraints;seed=continuation
0.3,independent_oracle,3c5f6b3c9bd535cff7657364dadb2efc31f2ea48,21.0,0,2.88125,392.822314,21.741649,0.0,2,true,true,coarse_grid,false,governance.selection=pressure_max_under_constraints;seed=continuation
0.3,independent_oracle,3c5f6b3c9bd535cff7657364dadb2efc31f2ea48,21.0,0,2.8875,393.078555,21.743447,0.0,2,true,true,coarse_grid,false,governance.selection=pressure_max_under_constraints;seed=continuation
0.3,independent_oracle,3c5f6b3c9bd535cff7657364dadb2efc31f2ea48,21.0,0,2.89375,393.334811,21.745249,0.0,2,true,true,coarse_grid,false,governance.selection=pressure_max_under_constraints;seed=continuation
0.3,independent_oracle,3c5f6b3c9bd535cff7657364dadb2efc31f2ea48,21.0,0,2.9,393.591075,21.747055,0.0,2,true,true,coarse_grid,false,governance.selection=pressure_max_under_constraints;seed=continuation
0.3,independent_oracle,3c5f6b3c9bd535cff7657364dadb2efc31f2ea48,21.0,0,2.90625,393.84734,21.748865,0.0,2,true,true,coarse_grid,false,governance.selection=pressure_max_under_constraints;seed=continuation
0.3,independent_oracle,3c5f6b3c9bd535cff7657364dadb2efc31f2ea48,21.0,0,2.9125,394.1036,21.750678,0.0,2,true,true,coarse_grid,false,governance.selection=pressure_max_under_constraints;seed=continuation
0.3,independent_oracle,3c5f6b3c9bd535cff7657364dadb2efc31f2ea48,21.0,0,2.91875,394.359849,21.752496,0.0,2,true,true,coarse_grid,false,governance.selection=pressure_max_under_constraints;seed=continuation
0.3,independent_oracle,3c5f6b3c9bd535cff7657364dadb2efc31f2ea48,21.0,0,2.925,394.616079,21.754317,0.0,2,true,true,coarse_grid,false,governance.selection=pressure_max_under_constraints;seed=continuation
0.3,independent_oracle,3c5f6b3c9bd535cff7657364dadb2efc31f2ea48,21.0,0,2.93125,394.872286,21.756142,0.0,2,true,true,coarse_grid,false,governance.selection=pressure_max_under_constraints;seed=continuation
0.3,independent_oracle,3c5f6b3c9bd535cff7657364dadb2efc31f2ea48,21.0,0,2.9375,395.128463,21.75797,0.0,2,true,true,coarse_grid,false,governance.selection=pressure_max_under_constraints;seed=continuation
0.3,independent_oracle,3c5f6b3c9bd535cff7657364dadb2efc31f2ea48,21.0,0,2.94375,395.384605,21.759802,0.0,2,true,true,coarse_grid,false,governance.selection=pressure_max_under_constraints;seed=continuation
0.3,independent_oracle,3c5f6b3c9bd535cff7657364dadb2efc31f2ea48,21.0,0,2.95,395.640705,21.761638,0.0,2,true,true,coarse_grid,false,governance.selection=pressure_max_under_constraints;seed=continuation
0.3,independent_oracle,3c5f6b3c9bd535cff7657364dadb2efc31f2ea48,21.0,0,2.95625,395.896759,21.763477,0.0,2,true,true,coarse_grid,false,governance.selection=pressure_max_under_constraints;seed=continuation
0.3,independent_oracle,3c5f6b3c9bd535cff7657364dadb2efc31f2ea48,21.0,0,2.9625,396.152761,21.76532,0.0,2,true,true,coarse_grid,false,governance.selection=pressure_max_under_constraints;seed=continuation
0.3,independent_oracle,3c5f6b3c9bd535cff7657364dadb2efc31f2ea48,21.0,0,2.96875,396.408706,21.767167,0.0,2,true,true,coarse_grid,false,governance.selection=pressure_max_under_constraints;seed=continuation
0.3,independent_oracle,3c5f6b3c9bd535cff7657364dadb2efc31f2ea48,21.0,0,2.975,396.664589,21.769017,0.0,2,true,true,coarse_grid,false,governance.selection=pressure_max_under_constraints;seed=continuation
0.3,independent_oracle,3c5f6b3c9bd535cff7657364dadb2efc31f2ea48,21.0,0,2.98125,396.920406,21.77087,0.0,2,true,true,coarse_grid,false,governance.selection=pressure_max_under_constraints;seed=continuation
0.3,independent_oracle,3c5f6b3c9bd535cff7657364dadb2efc31f2ea48,21.0,0,2.9875,397.17615,21.772726,0.0,2,true,true,coarse_grid,false,governance.selection=pressure_max_under_constraints;seed=continuation
0.3,independent_oracle,3c5f6b3c9bd535cff7657364dadb2efc31f2ea48,21.0,0,2.99375,397.431818,21.774586,0.0,2,true,true,coarse_grid,false,governance.selection=pressure_max_under_constraints;seed=continuation
0.3,independent_oracle,3c5f6b3c9bd535cff7657364dadb2efc31f2ea48,21.0,0,3.0,397.687405,21.776449,0.0,2,true,true,coarse_grid,false,governance.selection=pressure_max_under_constraints;seed=continuation
0.3,independent_oracle,3c5f6b3c9bd535cff7657364dadb2efc31f2ea48,21.0,0,3.00625,397.942907,21.778316,0.0,2,true,true,coarse_grid,false,governance.selection=pressure_max_under_constraints;seed=continuation
0.3,independent_oracle,3c5f6b3c9bd535cff7657364dadb2efc31f2ea48,21.0,0,3.0125,398.19832,21.780186,0.0,2,true,true,coarse_grid,false,governance.selection=pressure_max_under_constraints;seed=continuation
0.3,independent_oracle,3c5f6b3c9bd535cff7657364dadb2efc31f2ea48,21.0,0,3.01875,398.453639,21.782059,0.0,2,true,true,coarse_grid,false,governance.selection=pressure_max_under_constraints;seed=continuation
0.3,independent_oracle,3c5f6b3c9bd535cff7657364dadb2efc31f2ea48,21.0,0,3.025,398.70886,21.783935,0.0,2,true,true,coarse_grid,false,governance.selection=pressure_max_under_constraints;seed=continuation
0.3,independent_oracle,3c5f6b3c9bd535cff7657364dadb2efc31f2ea48,21.0,0,3.03125,398.963979,21.785814,0.0,2,true,true,coarse_grid,false,governance.selection=pressure_max_under_constraints;seed=continuation
0.3,independent_oracle,3c5f6b3c9bd535cff7657364dadb2efc31f2ea48,21.0,0,3.0375,399.218993,21.787696,0.0,2,true,true,coarse_grid,false,governance.selection=pressure_max_under_constraints;seed=continuation
0.3,independent_oracle,3c5f6b3c9bd535cff7657364dadb2efc31f2ea48,21.0,0,3.04375,399.473897,21.789581,0.0,2,true,true,coarse_grid,false,governance.selection=pressure_max_under_constraints;seed=continuation
0.3,independent_oracle,3c5f6b3c9bd535cff7657364dadb2efc31f2ea48,21.0,0,3.05,399.728689,21.79147,0.0,2,true,true,coarse_grid,false,governance.selection=pressure_max_under_constraints;seed=continuation
0.3,independent_oracle,3c5f6b3c9bd535cff7657364dadb2efc31f2ea48,21.0,0,3.05625,399.983364,21.793361,0.0,2,true,true,coarse_grid,false,governance.selection=pressure_max_under_constraints;seed=continuation
0.3,independent_oracle,3c5f6b3c9bd535cff7657364dadb2efc31f2ea48,21.0,0,3.0625,400.237919,21.795256,0.0,2,true,true,coarse_grid,false,governance.selection=pressure_max_under_constraints;seed=continuation
0.3,independent_oracle,3c5f6b3c9bd535cff7657364dadb2efc31f2ea48,21.0,0,3.06875,400.492351,21.797153,0.0,2,true,true,coarse_grid,false,governance.selection=pressure_max_under_constraints;seed=continuation
0.3,independent_oracle,3c5f6b3c9bd535cff7657364dadb2efc31f2ea48,21.0,0,3.075,400.746656,21.799053,0.0,2,true,true,coarse_grid,false,governance.selection=pressure_max_under_constraints;seed=continuation
0.3,independent_oracle,3c5f6b3c9bd535cff7657364dadb2efc31f2ea48,21.0,0,3.08125,401.000832,21.800956,0.0,2,true,true,coarse_grid,false,governance.selection=pressure_max_under_constraints;seed=continuation
0.3,independent_oracle,3c5f6b3c9bd535cff7657364dadb2efc31f2ea48,21.0,0,3.0875,401.254875,21.802862,0.0,2,true,true,coarse_grid,false,governance.selection=pressure_max_under_constraints;seed=continuation
0.3,independent_oracle,3c5f6b3c9bd535cff7657364dadb2efc31f2ea48,21.0,0,3.09375,401.508782,21.804771,0.0,2,true,true,coarse_grid,false,governance.selection=pressure_max_under_constraints;seed=continuation
0.3,independent_oracle,3c5f6b3c9bd535cff7657364dadb2efc31f2ea48,21.0,0,3.1,401.76255,21.806683,0.0,2,true,true,coarse_grid,false,governance.selection=pressure_max_under_constraints;seed=continuation
0.3,independent_oracle,3c5f6b3c9bd535cff7657364dadb2efc31f2ea48,21.0,0,3.10625,402.016177,21.808597,0.0,2,true,true,coarse_grid,false,governance.selection=pressure_max_under_constraints;seed=continuation
0.3,independent_oracle,3c5f6b3c9bd535cff7657364dadb2efc31f2ea48,21.0,0,3.1125,402.26966,21.810515,0.0,2,true,true,coarse_grid,false,governance.selection=pressure_max_under_constraints;seed=continuation
0.3,independent_oracle,3c5f6b3c9bd535cff7657364dadb2efc31f2ea48,21.0,0,3.11875,402.522995,21.812435,0.0,2,true,true,coarse_grid,false,governance.selection=pressure_max_under_constraints;seed=continuation
0.3,independent_oracle,3c5f6b3c9bd535cff7657364dadb2efc31f2ea48,21.0,0,3.125,402.776181,21.814357,0.0,2,true,true,coarse_grid,false,governance.selection=pressure_max_under_constraints;seed=continuation
0.3,independent_oracle,3c5f6b3c9bd535cff7657364dadb2efc31f2ea48,21.0,0,3.13125,403.029215,21.816283,0.0,2,true,true,coarse_grid,false,governance.selection=pressure_max_under_constraints;seed=continuation
0.3,independent_oracle,3c5f6b3c9bd535cff7657364dadb2efc31f2ea48,21.0,0,3.1375,403.282094,21.818211,0.0,2,true,true,coarse_grid,false,governance.selection=pressure_max_under_constraints;seed=continuation
0.3,independent_oracle,3c5f6b3c9bd535cff7657364dadb2efc31f2ea48,21.0,0,3.14375,403.534816,21.820142,0.0,2,true,true,coarse_grid,false,governance.selection=pressure_max_under_constraints;seed=continuation
0.3,independent_oracle,3c5f6b3c9bd535cff7657364dadb2efc31f2ea48,21.0,0,3.15,403.787379,21.822075,0.0,2,true,true,coarse_grid,false,governance.selection=pressure_max_under_constraints;seed=continuation
0.3,independent_oracle,3c5f6b3c9bd535cff7657364dadb2efc31f2ea48,21.0,0,3.15625,404.03978,21.824011,0.0,2,true,true,coarse_grid,false,governance.selection=pressure_max_under_constraints;seed=continuation
0.3,independent_oracle,3c5f6b3c9bd535cff7657364dadb2efc31f2ea48,21.0,0,3.1625,404.292017,21.825949,0.0,2,true,true,coarse_grid,false,governance.selection=pressure_max_under_constraints;seed=continuation
0.3,independent_oracle,3c5f6b3c9bd535cff7657364dadb2efc31f2ea48,21.0,0,3.16875,404.544089,21.82789,0.0,2,true,true,coarse_grid,false,governance.selection=pressure_max_under_constraints;seed=continuation
0.3,independent_oracle,3c5f6b3c9bd535cff7657364dadb2efc31f2ea48,21.0,0,3.175,404.795992,21.829834,0.0,2,true,true,coarse_grid,false,governance.selection=pressure_max_under_constraints;seed=continuation
0.3,independent_oracle,3c5f6b3c9bd535cff7657364dadb2efc31f2ea48,21.0,0,3.18125,405.047725,21.83178,0.0,2,true,true,coarse_grid,false,governance.selection=pressure_max_under_constraints;seed=continuation
0.3,independent_oracle,3c5f6b3c9bd535cff7657364dadb2efc31f2ea48,21.0,0,3.1875,405.299287,21.833729,0.0,2,true,true,coarse_grid,false,governance.selection=pressure_max_under_constraints;seed=continuation
0.3,independent_oracle,3c5f6b3c9bd535cff7657364dadb2efc31f2ea48,21.0,0,3.19375,405.550674,21.83568,0.0,2,true,true,coarse_grid,false,governance.selection=pressure_max_under_constraints;seed=continuation
0.3,independent_oracle,3c5f6b3c9bd535cff7657364dadb2efc31f2ea48,21.0,0,3.2,405.801886,21.837633,0.0,2,true,true,coarse_grid,false,governance.selection=pressure_max_under_constraints;seed=continuation
0.3,independent_oracle,3c5f6b3c9bd535cff7657364dadb2efc31f2ea48,21.0,0,3.20625,406.05292,21.839589,0.0,2,true,true,coarse_grid,false,governance.selection=pressure_max_under_constraints;seed=continuation
0.3,independent_oracle,3c5f6b3c9bd535cff7657364dadb2efc31f2ea48,21.0,0,3.2125,406.303774,21.841548,0.0,2,true,true,coarse_grid,false,governance.selection=pressure_max_under_constraints;seed=continuation
0.3,independent_oracle,3c5f6b3c9bd535cff7657364dadb2efc31f2ea48,21.0,0,3.21875,406.554448,21.843508,0.0,2,true,true,coarse_grid,false,governance.selection=pressure_max_under_constraints;seed=continuation
0.3,independent_oracle,3c5f6b3c9bd535cff7657364dadb2efc31f2ea48,21.0,0,3.225,406.804939,21.845472,0.0,2,true,true,coarse_grid,false,governance.selection=pressure_max_under_constraints;seed=continuation
0.3,independent_oracle,3c5f6b3c9bd535cff7657364dadb2efc31f2ea48,21.0,0,3.23125,407.055246,21.847437,0.0,2,true,true,coarse_grid,false,governance.selection=pressure_max_under_constraints;seed=continuation
0.3,independent_oracle,3c5f6b3c9bd535cff7657364dadb2efc31f2ea48,21.0,0,3.2375,407.305367,21.849405,0.0,2,true,true,coarse_grid,false,governance.selection=pressure_max_under_constraints;seed=continuation
0.3,independent_oracle,3c5f6b3c9bd535cff7657364dadb2efc31f2ea48,21.0,0,3.24375,407.555301,21.851375,0.0,2,true,true,coarse_grid,false,governance.selection=pressure_max_under_constraints;seed=continuation
0.3,independent_oracle,3c5f6b3c9bd535cff7657364dadb2efc31f2ea48,21.0,0,3.25,407.805046,21.853348,0.0,2,true,true,coarse_grid,false,governance.selection=pressure_max_under_constraints;seed=continuation
0.3,independent_oracle,3c5f6b3c9bd535cff7657364dadb2efc31f2ea48,21.0,0,3.25625,408.054601,21.855322,0.0,2,true,true,coarse_grid,false,governance.selection=pressure_max_under_constraints;seed=continuation
0.3,independent_oracle,3c5f6b3c9bd535cff7657364dadb2efc31f2ea48,21.0,0,3.2625,408.303965,21.857299,0.0,2,true,true,coarse_grid,false,governance.selection=pressure_max_under_constraints;seed=continuation
0.3,independent_oracle,3c5f6b3c9bd535cff7657364dadb2efc31f2ea48,21.0,0,3.26875,408.553136,21.859279,0.0,2,true,true,coarse_grid,false,governance.selection=pressure_max_under_constraints;seed=continuation
0.3,independent_oracle,3c5f6b3c9bd535cff7657364dadb2efc31f2ea48,21.0,0,3.275,408.802112,21.86126,0.0,2,true,true,coarse_grid,false,governance.selection=pressure_max_under_constraints;seed=continuation
0.3,independent_oracle,3c5f6b3c9bd535cff7657364dadb2efc31f2ea48,21.0,0,3.28125,409.050893,21.863244,0.0,2,true,true,coarse_grid,false,governance.selection=pressure_max_under_constraints;seed=continuation
0.3,independent_oracle,3c5f6b3c9bd535cff7657364dadb2efc31f2ea48,21.0,0,3.2875,409.299478,21.86523,0.0,2,true,true,coarse_grid,false,governance.selection=pressure_max_under_constraints;seed=continuation
0.3,independent_oracle,3c5f6b3c9bd535cff7657364dadb2efc31f2ea48,21.0,0,3.29375,409.547865,21.867218,0.0,2,true,true,coarse_grid,false,governance.selection=pressure_max_under_constraints;seed=continuation
0.3,independent_oracle,3c5f6b3c9bd535cff7657364dadb2efc31f2ea48,21.0,0,3.3,409.796053,21.869209,0.0,2,true,true,coarse_grid,false,governance.selection=pressure_max_under_constraints;seed=continuation
0.3,independent_oracle,3c5f6b3c9bd535cff7657364dadb2efc31f2ea48,21.0,0,3.30625,410.04404,21.871201,0.0,2,true,true,coarse_grid,false,governance.selection=pressure_max_under_constraints;seed=continuation
0.3,independent_oracle,3c5f6b3c9bd535cff7657364dadb2efc31f2ea48,21.0,0,3.3125,410.291827,21.873196,0.0,2,true,true,coarse_grid,false,governance.selection=pressure_max_under_constraints;seed=continuation
0.3,independent_oracle,3c5f6b3c9bd535cff7657364dadb2efc31f2ea48,21.0,0,3.31875,410.539412,21.875193,0.0,2,true,true,coarse_grid,false,governance.selection=pressure_max_under_constraints;seed=continuation
0.3,independent_oracle,3c5f6b3c9bd535cff7657364dadb2efc31f2ea48,21.0,0,3.325,410.786794,21.877192,0.0,2,true,true,coarse_grid,false,governance.selection=pressure_max_under_constraints;seed=continuation
0.3,independent_oracle,3c5f6b3c9bd535cff7657364dadb2efc31f2ea48,21.0,0,3.33125,411.033972,21.879193,0.0,2,true,true,coarse_grid,false,governance.selection=pressure_max_under_constraints;seed=continuation
0.3,independent_oracle,3c5f6b3c9bd535cff7657364dadb2efc31f2ea48,21.0,0,3.3375,411.280944,21.881196,0.0,2,true,true,coarse_grid,false,governance.selection=pressure_max_under_constraints;seed=continuation
0.3,independent_oracle,3c5f6b3c9bd535cff7657364dadb2efc31f2ea48,21.0,0,3.34375,411.527711,21.883201,0.0,2,true,true,coarse_grid,false,governance.selection=pressure_max_under_constraints;seed=continuation
0.3,independent_oracle,3c5f6b3c9bd535cff7657364dadb2efc31f2ea48,21.0,0,3.35,411.774271,21.885209,0.0,2,true,true,coarse_grid,false,governance.selection=pressure_max_under_constraints;seed=continuation
0.3,independent_oracle,3c5f6b3c9bd535cff7657364dadb2efc31f2ea48,21.0,0,3.35625,412.020624,21.887218,0.0,2,true,true,coarse_grid,false,governance.selection=pressure_max_under_constraints;seed=continuation
0.3,independent_oracle,3c5f6b3c9bd535cff7657364dadb2efc31f2ea48,21.0,0,3.3625,412.266768,21.889229,0.0,2,true,true,coarse_grid,false,governance.selection=pressure_max_under_constraints;seed=continuation
0.3,independent_oracle,3c5f6b3c9bd535cff7657364dadb2efc31f2ea48,21.0,0,3.36875,412.512703,21.891243,0.0,2,true,true,coarse_grid,false,governance.selection=pressure_max_under_constraints;seed=continuation
0.3,independent_oracle,3c5f6b3c9bd535cff7657364dadb2efc31f2ea48,21.0,0,3.375,412.758428,21.893258,0.0,2,true,true,coarse_grid,false,governance.selection=pressure_max_under_constraints;seed=continuation
0.3,independent_oracle,3c5f6b3c9bd535cff7657364dadb2efc31f2ea48,21.0,0,3.38125,413.003942,21.895276,0.0,2,true,true,coarse_grid,false,governance.selection=pressure_max_under_constraints;seed=continuation
0.3,independent_oracle,3c5f6b3c9bd535cff7657364dadb2efc31f2ea48,21.0,0,3.3875,413.249245,21.897295,0.0,2,true,true,coarse_grid,false,governance.selection=pressure_max_under_constraints;seed=continuation
0.3,independent_oracle,3c5f6b3c9bd535cff7657364dadb2efc31f2ea48,21.0,0,3.39375,413.494336,21.899317,0.0,2,true,true,coarse_grid,false,governance.selection=pressure_max_under_constraints;seed=continuation
0.3,independent_oracle,3c5f6b3c9bd535cff7657364dadb2efc31f2ea48,21.0,0,3.4,413.739214,21.90134,0.0,2,true,true,coarse_grid,false,governance.selection=pressure_max_under_constraints;seed=continuation
0.3,independent_oracle,3c5f6b3c9bd535cff7657364dadb2efc31f2ea48,21.0,0,3.40625,413.983879,21.903366,0.0,2,true,true,coarse_grid,false,governance.selection=pressure_max_under_constraints;seed=continuation
0.3,independent_oracle,3c5f6b3c9bd535cff7657364dadb2efc31f2ea48,21.0,0,3.4125,414.22833,21.905393,0.0,2,true,true,coarse_grid,false,governance.selection=pressure_max_under_constraints;seed=continuation
0.3,independent_oracle,3c5f6b3c9bd535cff7657364dadb2efc31f2ea48,21.0,0,3.41875,414.472566,21.907422,0.0,2,true,true,coarse_grid,false,governance.selection=pressure_max_under_constraints;seed=continuation
0.3,independent_oracle,3c5f6b3c9bd535cff7657364dadb2efc31f2ea48,21.0,0,3.425,414.716587,21.909453,0.0,2,true,true,coarse_grid,false,governance.selection=pressure_max_under_constraints;seed=continuation
0.3,independent_oracle,3c5f6b3c9bd535cff7657364dadb2efc31f2ea48,21.0,0,3.43125,414.960392,21.911486,0.0,2,true,true,coarse_grid,false,governance.selection=pressure_max_under_constraints;seed=continuation
0.3,independent_oracle,3c5f6b3c9bd535cff7657364dadb2efc31f2ea48,21.0,0,3.4375,415.203982,21.913521,0.0,2,true,true,coarse_grid,false,governance.selection=pressure_max_under_constraints;seed=continuation
0.3,independent_oracle,3c5f6b3c9bd535cff7657364dadb2efc31f2ea48,21.0,0,3.44375,415.447354,21.915558,0.0,2,true,true,coarse_grid,false,governance.selection=pressure_max_under_constraints;seed=continuation
0.3,independent_oracle,3c5f6b3c9bd535cff7657364dadb2efc31f2ea48,21.0,0,3.45,415.690509,21.917597,0.0,2,true,true,coarse_grid,false,governance.selection=pressure_max_under_constraints;seed=continuation
0.3,independent_oracle,3c5f6b3c9bd535cff7657364dadb2efc31f2ea48,21.0,0,3.45625,415.933447,21.919638,0.0,2,true,true,coarse_grid,false,governance.selection=pressure_max_under_constraints;seed=continuation
0.3,independent_oracle,3c5f6b3c9bd535cff7657364dadb2efc31f2ea48,21.0,0,3.4625,416.176167,21.92168,0.0,2,true,true,coarse_grid,false,governance.selection=pressure_max_under_constraints;seed=continuation
0.3,independent_oracle,3c5f6b3c9bd535cff7657364dadb2efc31f2ea48,21.0,0,3.46875,416.418668,21.923724,0.0,2,true,true,coarse_grid,false,governance.selection=pressure_max_under_constraints;seed=continuation
0.3,independent_oracle,3c5f6b3c9bd535cff7657364dadb2efc31f2ea48,21.0,0,3.475,416.66095,21.925771,0.0,2,true,true,coarse_grid,false,governance.selection=pressure_max_under_constraints;seed=continuation
0.3,independent_oracle,3c5f6b3c9bd535cff7657364dadb2efc31f2ea48,21.0,0,3.48125,416.903012,21.927819,0.0,2,true,true,coarse_grid,false,governance.selection=pressure_max_under_constraints;seed=continuation
0.3,independent_oracle,3c5f6b3c9bd535cff7657364dadb2efc31f2ea48,21.0,0,3.4875,417.144855,21.929868,0.0,2,true,true,coarse_grid,false,governance.selection=pressure_max_under_constraints;seed=continuation
0.3,independent_oracle,3c5f6b3c9bd535cff7657364dadb2efc31f2ea48,21.0,0,3.49375,417.386478,21.93192,0.0,2,true,true,coarse_grid,false,governance.selection=pressure_max_under_constraints;seed=continuation
0.3,independent_oracle,3c5f6b3c9bd535cff7657364dadb2efc31f2ea48,21.0,0,3.5,417.627881,21.933973,0.0,2,true,true,coarse_grid,false,governance.selection=pressure_max_under_constraints;seed=continuation
0.3,independent_oracle,3c5f6b3c9bd535cff7657364dadb2efc31f2ea48,21.0,0,3.50625,417.869062,21.936029,0.0,2,true,true,coarse_grid,false,governance.selection=pressure_max_under_constraints;seed=continuation
0.3,independent_oracle,3c5f6b3c9bd535cff7657364dadb2efc31f2ea48,21.0,0,3.5125,418.110023,21.938086,0.0,2,true,true,coarse_grid,false,governance.selection=pressure_max_under_constraints;seed=continuation
0.3,independent_oracle,3c5f6b3c9bd535cff7657364dadb2efc31f2ea48,21.0,0,3.51875,418.350762,21.940144,0.0,2,true,true,coarse_grid,false,governance.selection=pressure_max_under_constraints;seed=continuation
0.3,independent_oracle,3c5f6b3c9bd535cff7657364dadb2efc31f2ea48,21.0,0,3.525,418.591279,21.942205,0.0,2,true,true,coarse_grid,false,governance.selection=pressure_max_under_constraints;seed=continuation
0.3,independent_oracle,3c5f6b3c9bd535cff7657364dadb2efc31f2ea48,21.0,0,3.53125,418.831575,21.944267,0.0,2,true,true,coarse_grid,false,governance.selection=pressure_max_under_constraints;seed=continuation
0.3,independent_oracle,3c5f6b3c9bd535cff7657364dadb2efc31f2ea48,21.0,0,3.5375,419.071648,21.946331,0.0,2,true,true,coarse_grid,false,governance.selection=pressure_max_under_constraints;seed=continuation
0.3,independent_oracle,3c5f6b3c9bd535cff7657364dadb2efc31f2ea48,21.0,0,3.54375,419.311499,21.948397,0.0,2,true,true,coarse_grid,false,governance.selection=pressure_max_under_constraints;seed=continuation
0.3,independent_oracle,3c5f6b3c9bd535cff7657364dadb2efc31f2ea48,21.0,0,3.55,419.551127,21.950464,0.0,2,true,true,coarse_grid,false,governance.selection=pressure_max_under_constraints;seed=continuation
0.3,independent_oracle,3c5f6b3c9bd535cff7657364dadb2efc31f2ea48,21.0,0,3.55625,419.790533,21.952533,0.0,2,true,true,coarse_grid,false,governance.selection=pressure_max_under_constraints;seed=continuation
0.3,independent_oracle,3c5f6b3c9bd535cff7657364dadb2efc31f2ea48,21.0,0,3.5625,420.029715,21.954604,0.0,2,true,true,coarse_grid,false,governance.selection=pressure_max_under_constraints;seed=continuation
0.3,independent_oracle,3c5f6b3c9bd535cff7657364dadb2efc31f2ea48,21.0,0,3.56875,420.268673,21.956677,0.0,2,true,true,coarse_grid,false,governance.selection=pressure_max_under_constraints;seed=continuation
0.3,independent_oracle,3c5f6b3c9bd535cff7657364dadb2efc31f2ea48,21.0,0,3.575,420.507409,21.958751,0.0,2,true,true,coarse_grid,false,governance.selection=pressure_max_under_constraints;seed=continuation
0.3,independent_oracle,3c5f6b3c9bd535cff7657364dadb2efc31f2ea48,21.0,0,3.58125,420.74592,21.960827,0.0,2,true,true,coarse_grid,false,governance.selection=pressure_max_under_constraints;seed=continuation
0.3,independent_oracle,3c5f6b3c9bd535cff7657364dadb2efc31f2ea48,21.0,0,3.5875,420.984208,21.962905,0.0,2,true,true,coarse_grid,false,governance.selection=pressure_max_under_constraints;seed=continuation
0.3,independent_oracle,3c5f6b3c9bd535cff7657364dadb2efc31f2ea48,21.0,0,3.59375,421.222271,21.964984,0.0,2,true,true,coarse_grid,false,governance.selection=pressure_max_under_constraints;seed=continuation
0.3,independent_oracle,3c5f6b3c9bd535cff7657364dadb2efc31f2ea48,21.0,0,3.6,421.460111,21.967065,0.0,2,true,true,coarse_grid,false,governance.selection=pressure_max_under_constraints;seed=continuation
0.3,independent_oracle,3c5f6b3c9bd535cff7657364dadb2efc31f2ea48,21.0,0,3.60625,421.697726,21.969148,0.0,2,true,true,coarse_grid,false,governance.selection=pressure_max_under_constraints;seed=continuation
0.3,independent_oracle,3c5f6b3c9bd535cff7657364dadb2efc31f2ea48,21.0,0,3.6125,421.935117,21.971232,0.0,2,true,true,coarse_grid,false,governance.selection=pressure_max_under_constraints;seed=continuation
0.3,independent_oracle,3c5f6b3c9bd535cff7657364dadb2efc31f2ea48,21.0,0,3.61875,422.172283,21.973318,0.0,2,true,true,coarse_grid,false,governance.selection=pressure_max_under_constraints;seed=continuation
0.3,independent_oracle,3c5f6b3c9bd535cff7657364dadb2efc31f2ea48,21.0,0,3.625,422.409224,21.975405,0.0,2,true,true,coarse_grid,false,governance.selection=pressure_max_under_constraints;seed=continuation
0.3,independent_oracle,3c5f6b3c9bd535cff7657364dadb2efc31f2ea48,21.0,0,3.63125,422.64594,21.977494,0.0,2,true,true,coarse_grid,false,governance.selection=pressure_max_under_constraints;seed=continuation
0.3,independent_oracle,3c5f6b3c9bd535cff7657364dadb2efc31f2ea48,21.0,0,3.6375,422.882432,21.979585,0.0,2,true,true,coarse_grid,false,governance.selection=pressure_max_under_constraints;seed=continuation
0.3,independent_oracle,3c5f6b3c9bd535cff7657364dadb2efc31f2ea48,21.0,0,3.64375,423.118698,21.981678,0.0,2,true,true,coarse_grid,false,governance.selection=pressure_max_under_constraints;seed=continuation
0.3,independent_oracle,3c5f6b3c9bd535cff7657364dadb2efc31f2ea48,21.0,0,3.65,423.35474,21.983771,0.0,2,true,true,coarse_grid,false,governance.selection=pressure_max_under_constraints;seed=continuation
0.3,independent_oracle,3c5f6b3c9bd535cff7657364dadb2efc31f2ea48,21.0,0,3.65625,423.590556,21.985867,0.0,2,true,true,coarse_grid,false,governance.selection=pressure_max_under_constraints;seed=continuation
0.3,independent_oracle,3c5f6b3c9bd535cff7657364dadb2efc31f2ea48,21.0,0,3.6625,423.826147,21.987964,0.0,2,true,true,coarse_grid,false,governance.selection=pressure_max_under_constraints;seed=continuation
0.3,independent_oracle,3c5f6b3c9bd535cff7657364dadb2efc31f2ea48,21.0,0,3.66875,424.061513,21.990063,0.0,2,true,true,coarse_grid,false,governance.selection=pressure_max_under_constraints;seed=continuation
0.3,independent_oracle,3c5f6b3c9bd535cff7657364dadb2efc31f2ea48,21.0,0,3.675,424.296653,21.992163,0.0,2,true,true,coarse_grid,false,governance.selection=pressure_max_under_constraints;seed=continuation
0.3,independent_oracle,3c5f6b3c9bd535cff7657364dadb2efc31f2ea48,21.0,0,3.68125,424.531568,21.994265,0.0,2,true,true,coarse_grid,false,governance.selection=pressure_max_under_constraints;seed=continuation
0.3,independent_oracle,3c5f6b3c9bd535cff7657364dadb2efc31f2ea48,21.0,0,3.6875,424.766258,21.996368,0.0,2,true,true,coarse_grid,false,governance.selection=pressure_max_under_constraints;seed=continuation
0.3,independent_oracle,3c5f6b3c9bd535cff7657364dadb2efc31f2ea48,21.0,0,3.69375,425.000721,21.998473,0.0,2,true,true,coarse_grid,false,governance.selection=pressure_max_under_constraints;seed=continuation
0.3,independent_oracle,3c5f6b3c9bd535cff7657364dadb2efc31f2ea48,21.0,0,3.7,425.23496,22.00058,0.0,2,true,true,coarse_grid,false,governance.selection=pressure_max_under_constraints;seed=continuation
0.3,independent_oracle,3c5f6b3c9bd535cff7657364dadb2efc31f2ea48,21.0,0,3.70625,425.468972,22.002687,0.0,2,true,true,coarse_grid,false,governance.selection=pressure_max_under_constraints;seed=continuation
0.3,independent_oracle,3c5f6b3c9bd535cff7657364dadb2efc31f2ea48,21.0,0,3.7125,425.702759,22.004797,0.0,2,true,true,coarse_grid,false,governance.selection=pressure_max_under_constraints;seed=continuation
0.3,independent_oracle,3c5f6b3c9bd535cff7657364dadb2efc31f2ea48,21.0,0,3.71875,425.936321,22.006908,0.0,2,true,true,coarse_grid,false,governance.selection=pressure_max_under_constraints;seed=continuation
0.3,independent_oracle,3c5f6b3c9bd535cff7657364dadb2efc31f2ea48,21.0,0,3.725,426.169656,22.00902,0.0,2,true,true,coarse_grid,false,governance.selection=pressure_max_under_constraints;seed=continuation
0.3,independent_oracle,3c5f6b3c9bd535cff7657364dadb2efc31f2ea48,21.0,0,3.73125,426.402766,22.011134,0.0,2,true,true,coarse_grid,false,governance.selection=pressure_max_under_constraints;seed=continuation
0.3,independent_oracle,3c5f6b3c9bd535cff7657364dadb2efc31f2ea48,21.0,0,3.7375,426.635651,22.01325,0.0,2,true,true,coarse_grid,false,governance.selection=pressure_max_under_constraints;seed=continuation
0.3,independent_oracle,3c5f6b3c9bd535cff7657364dadb2efc31f2ea48,21.0,0,3.74375,426.868309,22.015367,0.0,2,true,true,coarse_grid,false,governance.selection=pressure_max_under_constraints;seed=continuation
0.3,independent_oracle,3c5f6b3c9bd535cff7657364dadb2efc31f2ea48,21.0,0,3.75,427.100742,22.017485,0.0,2,true,true,coarse_grid,false,governance.selection=pressure_max_under_constraints;seed=continuation
0.3,independent_oracle,3c5f6b3c9bd535cff7657364dadb2efc31f2ea48,21.0,0,3.75625,427.332949,22.019605,0.0,2,true,true,coarse_grid,false,governance.selection=pressure_max_under_constraints;seed=continuation
0.3,independent_oracle,3c5f6b3c9bd535cff7657364dadb2efc31f2ea48,21.0,0,3.7625,427.56493,22.021727,0.0,2,true,true,coarse_grid,false,governance.selection=pressure_max_under_constraints;seed=continuation
0.3,independent_oracle,3c5f6b3c9bd535cff7657364dadb2efc31f2ea48,21.0,0,3.76875,427.796685,22.02385,0.0,2,true,true,coarse_grid,false,governance.selection=pressure_max_under_constraints;seed=continuation
0.3,independent_oracle,3c5f6b3c9bd535cff7657364dadb2efc31f2ea48,21.0,0,3.775,428.028215,22.025974,0.0,2,true,true,coarse_grid,false,governance.selection=pressure_max_under_constraints;seed=continuation
0.3,independent_oracle,3c5f6b3c9bd535cff7657364dadb2efc31f2ea48,21.0,0,3.78125,428.259518,22.0281,0.0,2,true,true,coarse_grid,false,governance.selection=pressure_max_under_constraints;seed=continuation
0.3,independent_oracle,3c5f6b3c9bd535cff7657364dadb2efc31f2ea48,21.0,0,3.7875,428.490596,22.030227,0.0,2,true,true,coarse_grid,false,governance.selection=pressure_max_under_constraints;seed=continuation
0.3,independent_oracle,3c5f6b3c9bd535cff7657364dadb2efc31f2ea48,21.0,0,3.79375,428.721449,22.032356,0.0,2,true,true,coarse_grid,false,governance.selection=pressure_max_under_constraints;seed=continuation
0.3,independent_oracle,3c5f6b3c9bd535cff7657364dadb2efc31f2ea48,21.0,0,3.8,428.952075,22.034486,0.0,2,true,true,coarse_grid,false,governance.selection=pressure_max_under_constraints;seed=continuation
0.3,independent_oracle,3c5f6b3c9bd535cff7657364dadb2efc31f2ea48,21.0,0,3.80625,429.182475,22.036617,0.0,2,true,true,coarse_grid,false,governance.selection=pressure_max_under_constraints;seed=continuation
0.3,independent_oracle,3c5f6b3c9bd535cff7657364dadb2efc31f2ea48,21.0,0,3.8125,429.41265,22.03875,0.0,2,true,true,coarse_grid,false,governance.selection=pressure_max_under_constraints;seed=continuation
0.3,independent_oracle,3c5f6b3c9bd535cff7657364dadb2efc31f2ea48,21.0,0,3.81875,429.642599,22.040884,0.0,2,true,true,coarse_grid,false,governance.selection=pressure_max_under_constraints;seed=continuation
0.3,independent_oracle,3c5f6b3c9bd535cff7657364dadb2efc31f2ea48,21.0,0,3.825,429.872322,22.04302,0.0,2,true,true,coarse_grid,false,governance.selection=pressure_max_under_constraints;seed=continuation
0.3,independent_oracle,3c5f6b3c9bd535cff7657364dadb2efc31f2ea48,21.0,0,3.83125,430.101819,22.045157,0.0,2,true,true,coarse_grid,false,governance.selection=pressure_max_under_constraints;seed=continuation
0.3,independent_oracle,3c5f6b3c9bd535cff7657364dadb2efc31f2ea48,21.0,0,3.8375,430.331091,22.047295,0.0,2,true,true,coarse_grid,false,governance.selection=pressure_max_under_constraints;seed=continuation
0.3,independent_oracle,3c5f6b3c9bd535cff7657364dadb2efc31f2ea48,21.0,0,3.84375,430.560137,22.049435,0.0,2,true,true,coarse_grid,false,governance.selection=pressure_max_under_constraints;seed=continuation
0.3,independent_oracle,3c5f6b3c9bd535cff7657364dadb2efc31f2ea48,21.0,0,3.85,430.788956,22.051576,0.0,2,true,true,coarse_grid,false,governance.selection=pressure_max_under_constraints;seed=continuation
0.3,independent_oracle,3c5f6b3c9bd535cff7657364dadb2efc31f2ea48,21.0,0,3.85625,431.01755,22.053719,0.0,2,true,true,coarse_grid,false,governance.selection=pressure_max_under_constraints;seed=continuation
0.3,independent_oracle,3c5f6b3c9bd535cff7657364dadb2efc31f2ea48,21.0,0,3.8625,431.245918,22.055863,0.0,2,true,true,coarse_grid,false,governance.selection=pressure_max_under_constraints;seed=continuation
0.3,independent_oracle,3c5f6b3c9bd535cff7657364dadb2efc31f2ea48,21.0,0,3.86875,431.474061,22.058008,0.0,2,true,true,coarse_grid,false,governance.selection=pressure_max_under_constraints;seed=continuation
0.3,independent_oracle,3c5f6b3c9bd535cff7657364dadb2efc31f2ea48,21.0,0,3.875,431.701977,22.060155,0.0,2,true,true,coarse_grid,false,governance.selection=pressure_max_under_constraints;seed=continuation
0.3,independent_oracle,3c5f6b3c9bd535cff7657364dadb2efc31f2ea48,21.0,0,3.88125,431.929668,22.062303,0.0,2,true,true,coarse_grid,false,governance.selection=pressure_max_under_constraints;seed=continuation
0.3,independent_oracle,3c5f6b3c9bd535cff7657364dadb2efc31f2ea48,21.0,0,3.8875,432.157132,22.064452,0.0,2,true,true,coarse_grid,false,governance.selection=pressure_max_under_constraints;seed=continuation
0.3,independent_oracle,3c5f6b3c9bd535cff7657364dadb2efc31f2ea48,21.0,0,3.89375,432.384371,22.066603,0.0,2,true,true,coarse_grid,false,governance.selection=pressure_max_under_constraints;seed=continuation
0.3,independent_oracle,3c5f6b3c9bd535cff7657364dadb2efc31f2ea48,21.0,0,3.9,432.611384,22.068754,0.0,2,true,true,coarse_grid,false,governance.selection=pressure_max_under_constraints;seed=continuation
0.3,independent_oracle,3c5f6b3c9bd535cff7657364dadb2efc31f2ea48,21.0,0,3.90625,432.838171,22.070908,0.0,2,true,true,coarse_grid,false,governance.selection=pressure_max_under_constraints;seed=continuation
0.3,independent_oracle,3c5f6b3c9bd535cff7657364dadb2efc31f2ea48,21.0,0,3.9125,433.064731,22.073062,0.0,2,true,true,coarse_grid,false,governance.selection=pressure_max_under_constraints;seed=continuation
0.3,independent_oracle,3c5f6b3c9bd535cff7657364dadb2efc31f2ea48,21.0,0,3.91875,433.291066,22.075218,0.0,2,true,true,coarse_grid,false,governance.selection=pressure_max_under_constraints;seed=continuation
0.3,independent_oracle,3c5f6b3c9bd535cff7657364dadb2efc31f2ea48,21.0,0,3.925,433.517175,22.077375,0.0,2,true,true,coarse_grid,false,governance.selection=pressure_max_under_constraints;seed=continuation
0.3,independent_oracle,3c5f6b3c9bd535cff7657364dadb2efc31f2ea48,21.0,0,3.93125,433.743057,22.079533,0.0,2,true,true,coarse_grid,false,governance.selection=pressure_max_under_constraints;seed=continuation
0.3,independent_oracle,3c5f6b3c9bd535cff7657364dadb2efc31f2ea48,21.0,0,3.9375,433.968713,22.081693,0.0,2,true,true,coarse_grid,false,governance.selection=pressure_max_under_constraints;seed=continuation
0.3,independent_oracle,3c5f6b3c9bd535cff7657364dadb2efc31f2ea48,21.0,0,3.94375,434.194143,22.083854,0.0,2,true,true,coarse_grid,false,governance.selection=pressure_max_under_constraints;seed=continuation
0.3,independent_oracle,3c5f6b3c9bd535cff7657364dadb2efc31f2ea48,21.0,0,3.95,434.419347,22.086016,0.0,2,true,true,coarse_grid,false,governance.selection=pressure_max_under_constraints;seed=continuation
0.3,independent_oracle,3c5f6b3c9bd535cff7657364dadb2efc31f2ea48,21.0,0,3.95625,434.644324,22.088179,0.0,2,true,true,coarse_grid,false,governance.selection=pressure_max_under_constraints;seed=continuation
0.3,independent_oracle,3c5f6b3c9bd535cff7657364dadb2efc31f2ea48,21.0,0,3.9625,434.869075,22.090344,0.0,2,true,true,coarse_grid,false,governance.selection=pressure_max_under_constraints;seed=continuation
0.3,independent_oracle,3c5f6b3c9bd535cff7657364dadb2efc31f2ea48,21.0,0,3.96875,435.093599,22.09251,0.0,2,true,true,coarse_grid,false,governance.selection=pressure_max_under_constraints;seed=continuation
0.3,independent_oracle,3c5f6b3c9bd535cff7657364dadb2efc31f2ea48,21.0,0,3.975,435.317897,22.094677,0.0,2,true,true,coarse_grid,false,governance.selection=pressure_max_under_constraints;seed=continuation
0.3,independent_oracle,3c5f6b3c9bd535cff7657364dadb2efc31f2ea48,21.0,0,3.98125,435.541968,22.096845,0.0,2,true,true,coarse_grid,false,governance.selection=pressure_max_under_constraints;seed=continuation
0.3,independent_oracle,3c5f6b3c9bd535cff7657364dadb2efc31f2ea48,21.0,0,3.9875,435.765812,22.099015,0.0,2,true,true,coarse_grid,false,governance.selection=pressure_max_under_constraints;seed=continuation
0.3,independent_oracle,3c5f6b3c9bd535cff7657364dadb2efc31f2ea48,21.0,0,3.99375,435.989429,22.101185,0.0,2,true,true,coarse_grid,false,governance.selection=pressure_max_under_constraints;seed=continuation
0.3,independent_oracle,3c5f6b3c9bd535cff7657364dadb2efc31f2ea48,21.0,0,4.0,436.212819,22.103357,0.0,7,true,true,coarse_grid,false,governance.selection=pressure_max_under_constraints;seed=continuation
0.3,independent_oracle,3c5f6b3c9bd535cff7657364dadb2efc31f2ea48,21.0,1,0.003125,352.99926,21.608074,0.0,4,true,true,fine_grid,false,governance.selection=pressure_max_under_constraints;seed=continuation
0.3,independent_oracle,3c5f6b3c9bd535cff7657364dadb2efc31f2ea48,21.0,1,0.009375,360.658572,21.60818,0.0,3,true,true,fine_grid,false,governance.selection=pressure_max_under_constraints;seed=continuation
0.3,independent_oracle,3c5f6b3c9bd535cff7657364dadb2efc31f2ea48,21.0,1,0.015625,364.200424,21.608285,0.0,3,true,true,fine_grid,false,governance.selection=pressure_max_under_constraints;seed=continuation
0.3,independent_oracle,3c5f6b3c9bd535cff7657364dadb2efc31f2ea48,21.0,1,0.021875,366.518927,21.60839,0.0,3,true,true,fine_grid,false,governance.selection=pressure_max_under_constraints;seed=continuation
0.3,independent_oracle,3c5f6b3c9bd535cff7657364dadb2efc31f2ea48,21.0,1,0.028125,368.238522,21.608494,0.0,3,true,true,fine_grid,false,governance.selection=pressure_max_under_constraints;seed=continuation
0.3,independent_oracle,3c5f6b3c9bd535cff7657364dadb2efc31f2ea48,21.0,1,0.034375,369.600878,21.608597,0.0,3,true,true,fine_grid,false,governance.selection=pressure_max_under_constraints;seed=continuation
0.3,independent_oracle,3c5f6b3c9bd535cff7657364dadb2efc31f2ea48,21.0,1,0.040625,370.725255,21.608699,0.0,3,true,true,fine_grid,false,governance.selection=pressure_max_under_constraints;seed=continuation
0.3,independent_oracle,3c5f6b3c9bd535cff7657364dadb2efc31f2ea48,21.0,1,0.046875,371.679361,21.608801,0.0,3,true,true,fine_grid,false,governance.selection=pressure_max_under_constraints;seed=continuation
0.3,independent_oracle,3c5f6b3c9bd535cff7657364dadb2efc31f2ea48,21.0,1,0.053125,372.505372,21.608901,0.0,3,true,true,fine_grid,false,governance.selection=pressure_max_under_constraints;seed=continuation
0.3,independent_oracle,3c5f6b3c9bd535cff7657364dadb2efc31f2ea48,21.0,1,0.059375,373.231349,21.609,0.0,3,true,true,fine_grid,false,governance.selection=pressure_max_under_constraints;seed=continuation
0.3,independent_oracle,3c5f6b3c9bd535cff7657364dadb2efc31f2ea48,21.0,1,0.065625,373.876923,21.609098,0.0,3,true,true,fine_grid,false,governance.selection=pressure_max_under_constraints;seed=continuation
0.3,independent_oracle,3c5f6b3c9bd535cff7657364dadb2efc31f2ea48,21.0,1,0.071875,374.456364,21.609195,0.0,3,true,true,fine_grid,false,governance.selection=pressure_max_under_constraints;seed=continuation
0.3,independent_oracle,3c5f6b3c9bd535cff7657364dadb2efc31f2ea48,21.0,1,0.078125,374.980382,21.609291,0.0,3,true,true,fine_grid,false,governance.selection=pressure_max_under_constraints;seed=continuation
0.3,independent_oracle,3c5f6b3c9bd535cff7657364dadb2efc31f2ea48,21.0,1,0.084375,375.457218,21.609385,0.0,3,true,true,fine_grid,false,governance.selection=pressure_max_under_constraints;seed=continuation
0.3,independent_oracle,3c5f6b3c9bd535cff7657364dadb2efc31f2ea48,21.0,1,0.090625,375.893356,21.609478,0.0,3,true,true,fine_grid,false,governance.selection=pressure_max_under_constraints;seed=continuation
0.3,independent_oracle,3c5f6b3c9bd535cff7657364dadb2efc31f2ea48,21.0,1,0.096875,376.293991,21.609569,0.0,3,true,true,fine_grid,false,governance.selection=pressure_max_under_constraints;seed=continuation
0.3,independent_oracle,3c5f6b3c9bd535cff7657364dadb2efc31f2ea48,21.0,1,0.103125,376.663348,21.609659,0.0,3,true,true,fine_grid,false,governance.selection=pressure_max_under_constraints;seed=continuation
0.3,independent_oracle,3c5f6b3c9bd535cff7657364dadb2efc31f2ea48,21.0,1,0.109375,377.004915,21.609747,0.0,2,true,true,fine_grid,false,governance.selection=pressure_max_under_constraints;seed=continuation
0.3,independent_oracle,3c5f6b3c9bd535cff7657364dadb2efc31f2ea48,21.0,1,0.115625,377.321605,21.609834,0.0,2,true,true,fine_grid,false,governance.selection=pressure_max_under_constraints;seed=continuation
0.3,independent_oracle,3c5f6b3c9bd535cff7657364dadb2efc31f2ea48,21.0,1,0.121875,377.615877,21.609919,0.0,2,true,true,fine_grid,false,governance.selection=pressure_max_under_constraints;seed=continuation
0.3,independent_oracle,3c5f6b3c9bd535cff7657364dadb2efc31f2ea48,21.0,1,0.128125,377.889824,21.610002,0.0,2,true,true,fine_grid,false,governance.selection=pressure_max_under_constraints;seed=continuation
0.3,independent_oracle,3c5f6b3c9bd535cff7657364dadb2efc31f2ea48,21.0,1,0.134375,378.145248,21.610084,0.0,2,true,true,fine_grid,false,governance.selection=pressure_max_under_constraints;seed=continuation
0.3,independent_oracle,3c5f6b3c9bd535cff7657364dadb2efc31f2ea48,21.0,1,0.140625,378.383709,21.610163,0.0,2,true,true,fine_grid,false,governance.selection=pressure_max_under_constraints;seed=continuation
0.3,independent_oracle,3c5f6b3c9bd535cff7657364dadb2efc31f2ea48,21.0,1,0.146875,378.606567,21.610241,0.0,2,true,true,fine_grid,false,governance.selection=pressure_max_under_constraints;seed=continuation
0.3,independent_oracle,3c5f6b3c9bd535cff7657364dadb2efc31f2ea48,21.0,1,0.153125,378.815016,21.610317,0.0,2,true,true,fine_grid,false,governance.selection=pressure_max_under_constraints;seed=continuation
0.3,independent_oracle,3c5f6b3c9bd535cff7657364dadb2efc31f2ea48,21.0,1,0.159375,379.010112,21.610391,0.0,2,true,true,fine_grid,false,governance.selection=pressure_max_under_constraints;seed=continuation
0.3,independent_oracle,3c5f6b3c9bd535cff7657364dadb2efc31f2ea48,21.0,1,0.165625,379.192791,21.610464,0.0,2,true,true,fine_grid,false,governance.selection=pressure_max_under_constraints;seed=continuation
0.3,independent_oracle,3c5f6b3c9bd535cff7657364dadb2efc31f2ea48,21.0,1,0.171875,379.363888,21.610534,0.0,2,true,true,fine_grid,false,governance.selection=pressure_max_under_constraints;seed=continuation
0.3,independent_oracle,3c5f6b3c9bd535cff7657364dadb2efc31f2ea48,21.0,1,0.178125,379.524152,21.610602,0.0,2,true,true,fine_grid,false,governance.selection=pressure_max_under_constraints;seed=continuation
0.3,independent_oracle,3c5f6b3c9bd535cff7657364dadb2efc31f2ea48,21.0,1,0.184375,379.674259,21.610668,0.0,2,true,true,fine_grid,false,governance.selection=pressure_max_under_constraints;seed=continuation
0.3,independent_oracle,3c5f6b3c9bd535cff7657364dadb2efc31f2ea48,21.0,1,0.190625,379.814816,21.610732,0.0,2,true,true,fine_grid,false,governance.selection=pressure_max_under_constraints;seed=continuation
0.3,independent_oracle,3c5f6b3c9bd535cff7657364dadb2efc31f2ea48,21.0,1,0.196875,379.946378,21.610794,0.0,2,true,true,fine_grid,false,governance.selection=pressure_max_under_constraints;seed=continuation
0.3,independent_oracle,3c5f6b3c9bd535cff7657364dadb2efc31f2ea48,21.0,1,0.203125,380.069448,21.610854,0.0,2,true,true,fine_grid,false,governance.selection=pressure_max_under_constraints;seed=continuation
0.3,independent_oracle,3c5f6b3c9bd535cff7657364dadb2efc31f2ea48,21.0,1,0.209375,380.184485,21.610912,0.0,2,true,true,fine_grid,false,governance.selection=pressure_max_under_constraints;seed=continuation
0.3,independent_oracle,3c5f6b3c9bd535cff7657364dadb2efc31f2ea48,21.0,1,0.215625,380.29191,21.610967,0.0,2,true,true,fine_grid,false,governance.selection=pressure_max_under_constraints;seed=continuation
0.3,independent_oracle,3c5f6b3c9bd535cff7657364dadb2efc31f2ea48,21.0,1,0.221875,380.392111,21.611021,0.0,2,true,true,fine_grid,false,governance.selection=pressure_max_under_constraints;seed=continuation
0.3,independent_oracle,3c5f6b3c9bd535cff7657364dadb2efc31f2ea48,21.0,1,0.228125,380.485443,21.611072,0.0,2,true,true,fine_grid,false,governance.selection=pressure_max_under_constraints;seed=continuation
0.3,independent_oracle,3c5f6b3c9bd535cff7657364dadb2efc31f2ea48,21.0,1,0.234375,380.572236,21.611121,0.0,2,true,true,fine_grid,false,governance.selection=pressure_max_under_constraints;seed=continuation
0.3,independent_oracle,3c5f6b3c9bd535cff7657364dadb2efc31f2ea48,21.0,1,0.240625,380.652795,21.611167,0.0,2,true,true,fine_grid,false,governance.selection=pressure_max_under_constraints;seed=continuation
0.3,independent_oracle,3c5f6b3c9bd535cff7657364dadb2efc31f2ea48,21.0,1,0.246875,380.727402,21.611211,0.0,2,true,true,fine_grid,false,governance.selection=pressure_max_under_constraints;seed=continuation
0.3,independent_oracle,3c5f6b3c9bd535cff7657364dadb2efc31f2ea48,21.0,1,0.253125,380.796321,21.611253,0.0,2,true,true,fine_grid,false,governance.selection=pressure_max_under_constraints;seed=continuation
0.3,independent_oracle,3c5f6b3c9bd535cff7657364dadb2efc31f2ea48,21.0,1,0.259375,380.859795,21.611293,0.0,2,true,true,fine_grid,false,governance.selection=pressure_max_under_constraints;seed=continuation
0.3,independent_oracle,3c5f6b3c9bd535cff7657364dadb2efc31f2ea48,21.0,1,0.265625,380.918055,21.61133,0.0,2,true,true,fine_grid,false,governance.selection=pressure_max_under_constraints;seed=continuation
0.3,independent_oracle,3c5f6b3c9bd535cff7657364dadb2efc31f2ea48,21.0,1,0.271875,380.971314,21.611365,0.0,2,true,true,fine_grid,false,governance.selection=pressure_max_under_constraints;seed=continuation
0.3,independent_oracle,3c5f6b3c9bd535cff7657364dadb2efc31f2ea48,21.0,1,0.278125,381.019773,21.611397,0.0,2,true,true,fine_grid,false,governance.selection=pressure_max_under_constraints;seed=continuation
0.3,independent_oracle,3c5f6b3c9bd535cff7657364dadb2efc31f2ea48,21.0,1,0.284375,381.063619,21.611427,0.0,2,true,true,fine_grid,false,governance.selection=pressure_max_under_constraints;seed=continuation
0.3,independent_oracle,3c5f6b3c9bd535cff7657364dadb2efc31f2ea48,21.0,1,0.290625,381.103029,21.611455,0.0,2,true,true,fine_grid,false,governance.selection=pressure_max_under_constraints;seed=continuation
0.3,independent_oracle,3c5f6b3c9bd535cff7657364dadb2efc31f2ea48,21.0,1,0.296875,381.138171,21.61148,0.0,2,true,true,fine_grid,false,governance.selection=pressure_max_under_constraints;seed=continuation
0.3,independent_oracle,3c5f6b3c9bd535cff7657364dadb2efc31f2ea48,21.0,1,0.303125,381.169201,21.611502,0.0,2,true,true,fine_grid,false,governance.selection=pressure_max_under_constraints;seed=continuation
0.3,independent_oracle,3c5f6b3c9bd535cff7657364dadb2efc31f2ea48,21.0,1,0.309375,381.196267,21.611523,0.0,2,true,true,fine_grid,false,governance.selection=pressure_max_under_constraints;seed=continuation
0.3,independent_oracle,3c5f6b3c9bd535cff7657364dadb2efc31f2ea48,21.0,1,0.315625,381.21951,21.61154,0.0,2,true,true,fine_grid,false,governance.selection=pressure_max_under_constraints;seed=continuation
0.3,independent_oracle,3c5f6b3c9bd535cff7657364dadb2efc31f2ea48,21.0,1,0.321875,381.239062,21.611555,0.0,2,true,true,fine_grid,false,governance.selection=pressure_max_under_constraints;seed=continuation
0.3,independent_oracle,3c5f6b3c9bd535cff7657364dadb2efc31f2ea48,21.0,1,0.328125,381.25505,21.611568,0.0,2,true,true,fine_grid,false,governance.selection=pressure_max_under_constraints;seed=continuation
0.3,independent_oracle,3c5f6b3c9bd535cff7657364dadb2efc31f2ea48,21.0,1,0.334375,381.267592,21.611578,0.0,2,true,true,fine_grid,false,governance.selection=pressure_max_under_constraints;seed=continuation
0.3,independent_oracle,3c5f6b3c9bd535cff7657364dadb2efc31f2ea48,21.0,1,0.340625,381.276802,21.611586,0.0,2,true,true,fine_grid,false,governance.selection=pressure_max_under_constraints;seed=continuation
0.3,independent_oracle,3c5f6b3c9bd535cff7657364dadb2efc31f2ea48,21.0,1,0.346875,381.282788,21.611591,0.0,2,true,true,fine_grid,false,governance.selection=pressure_max_under_constraints;seed=continuation
0.3,independent_oracle,3c5f6b3c9bd535cff7657364dadb2efc31f2ea48,21.0,1,0.353125,381.285654,21.611593,0.0,2,true,true,fine_grid,false,governance.selection=pressure_max_under_constraints;seed=continuation
0.3,independent_oracle,3c5f6b3c9bd535cff7657364dadb2efc31f2ea48,21.0,1,0.359375,381.285495,21.611593,0.0,2,true,true,fine_grid,false,governance.selection=pressure_max_under_constraints;seed=continuation
0.3,independent_oracle,3c5f6b3c9bd535cff7657364dadb2efc31f2ea48,21.0,1,0.365625,381.282407,21.61159,0.0,2,true,true,fine_grid,false,governance.selection=pressure_max_under_constraints;seed=continuation
0.3,independent_oracle,3c5f6b3c9bd535cff7657364dadb2efc31f2ea48,21.0,1,0.371875,381.276479,21.611585,0.0,2,true,true,fine_grid,false,governance.selection=pressure_max_under_constraints;seed=continuation
0.3,independent_oracle,3c5f6b3c9bd535cff7657364dadb2efc31f2ea48,21.0,1,0.378125,381.267795,21.611577,0.0,2,true,true,fine_grid,false,governance.selection=pressure_max_under_constraints;seed=continuation
0.3,independent_oracle,3c5f6b3c9bd535cff7657364dadb2efc31f2ea48,21.0,1,0.384375,381.256437,21.611567,0.0,2,true,true,fine_grid,false,governance.selection=pressure_max_under_constraints;seed=continuation
0.3,independent_oracle,3c5f6b3c9bd535cff7657364dadb2efc31f2ea48,21.0,1,0.390625,381.242484,21.611553,0.0,2,true,true,fine_grid,false,governance.selection=pressure_max_under_constraints;seed=continuation
0.3,independent_oracle,3c5f6b3c9bd535cff7657364dadb2efc31f2ea48,21.0,1,0.396875,381.226011,21.611538,0.0,2,true,true,fine_grid,false,governance.selection=pressure_max_under_constraints;seed=continuation
0.3,independent_oracle,3c5f6b3c9bd535cff7657364dadb2efc31f2ea48,21.0,1,0.403125,381.207089,21.611519,0.0,2,true,true,fine_grid,false,governance.selection=pressure_max_under_constraints;seed=continuation
0.3,independent_oracle,3c5f6b3c9bd535cff7657364dadb2efc31f2ea48,21.0,1,0.409375,381.185787,21.611498,0.0,2,true,true,fine_grid,false,governance.selection=pressure_max_under_constraints;seed=continuation
0.3,independent_oracle,3c5f6b3c9bd535cff7657364dadb2efc31f2ea48,21.0,1,0.415625,381.162171,21.611474,0.0,2,true,true,fine_grid,false,governance.selection=pressure_max_under_constraints;seed=continuation
0.3,independent_oracle,3c5f6b3c9bd535cff7657364dadb2efc31f2ea48,21.0,1,0.421875,381.136306,21.611448,0.0,2,true,true,fine_grid,false,governance.selection=pressure_max_under_constraints;seed=continuation
0.3,independent_oracle,3c5f6b3c9bd535cff7657364dadb2efc31f2ea48,21.0,1,0.428125,381.108252,21.611419,0.0,2,true,true,fine_grid,false,governance.selection=pressure_max_under_constraints;seed=continuation
0.3,independent_oracle,3c5f6b3c9bd535cff7657364dadb2efc31f2ea48,21.0,1,0.434375,381.078069,21.611387,0.0,2,true,true,fine_grid,false,governance.selection=pressure_max_under_constraints;seed=continuation
0.3,independent_oracle,3c5f6b3c9bd535cff7657364dadb2efc31f2ea48,21.0,1,0.440625,381.045812,21.611353,0.0,2,true,true,fine_grid,false,governance.selection=pressure_max_under_constraints;seed=continuation
0.3,independent_oracle,3c5f6b3c9bd535cff7657364dadb2efc31f2ea48,21.0,1,0.446875,381.011538,21.611316,0.0,2,true,true,fine_grid,false,governance.selection=pressure_max_under_constraints;seed=continuation
0.3,independent_oracle,3c5f6b3c9bd535cff7657364dadb2efc31f2ea48,21.0,1,0.453125,380.975298,21.611276,0.0,2,true,true,fine_grid,false,governance.selection=pressure_max_under_constraints;seed=continuation
0.3,independent_oracle,3c5f6b3c9bd535cff7657364dadb2efc31f2ea48,21.0,1,0.459375,380.937145,21.611234,0.0,2,true,true,fine_grid,false,governance.selection=pressure_max_under_constraints;seed=continuation
0.3,independent_oracle,3c5f6b3c9bd535cff7657364dadb2efc31f2ea48,21.0,1,0.465625,380.897126,21.611189,0.0,2,true,true,fine_grid,false,governance.selection=pressure_max_under_constraints;seed=continuation
0.3,independent_oracle,3c5f6b3c9bd535cff7657364dadb2efc31f2ea48,21.0,1,0.471875,380.855289,21.611141,0.0,2,true,true,fine_grid,false,governance.selection=pressure_max_under_constraints;seed=continuation
0.3,independent_oracle,3c5f6b3c9bd535cff7657364dadb2efc31f2ea48,21.0,1,0.478125,380.811682,21.611091,0.0,2,true,true,fine_grid,false,governance.selection=pressure_max_under_constraints;seed=continuation
0.3,independent_oracle,3c5f6b3c9bd535cff7657364dadb2efc31f2ea48,21.0,1,0.484375,380.766347,21.611038,0.0,2,true,true,fine_grid,false,governance.selection=pressure_max_under_constraints;seed=continuation
0.3,independent_oracle,3c5f6b3c9bd535cff7657364dadb2efc31f2ea48,21.0,1,0.490625,380.719329,21.610982,0.0,2,true,true,fine_grid,false,governance.selection=pressure_max_under_constraints;seed=continuation
0.3,independent_oracle,3c5f6b3c9bd535cff7657364dadb2efc31f2ea48,21.0,1,0.496875,380.670668,21.610924,0.0,2,true,true,fine_grid,false,governance.selection=pressure_max_under_constraints;seed=continuation
0.3,independent_oracle,3c5f6b3c9bd535cff7657364dadb2efc31f2ea48,21.0,1,0.503125,380.620405,21.610863,0.0,2,true,true,fine_grid,false,governance.selection=pressure_max_under_constraints;seed=continuation
0.3,independent_oracle,3c5f6b3c9bd535cff7657364dadb2efc31f2ea48,21.0,1,0.509375,380.56858,21.610799,0.0,2,true,true,fine_grid,false,governance.selection=pressure_max_under_constraints;seed=continuation
0.3,independent_oracle,3c5f6b3c9bd535cff7657364dadb2efc31f2ea48,21.0,1,0.515625,380.515231,21.610732,0.0,2,true,true,fine_grid,false,governance.selection=pressure_max_under_constraints;seed=continuation
0.3,independent_oracle,3c5f6b3c9bd535cff7657364dadb2efc31f2ea48,21.0,1,0.521875,380.460394,21.610663,0.0,2,true,true,fine_grid,false,governance.selection=pressure_max_under_constraints;seed=continuation
0.3,independent_oracle,3c5f6b3c9bd535cff7657364dadb2efc31f2ea48,21.0,1,0.528125,380.404105,21.610591,0.0,2,true,true,fine_grid,false,governance.selection=pressure_max_under_constraints;seed=continuation
0.3,independent_oracle,3c5f6b3c9bd535cff7657364dadb2efc31f2ea48,21.0,1,0.534375,380.346399,21.610517,0.0,2,true,true,fine_grid,false,governance.selection=pressure_max_under_constraints;seed=continuation
0.3,independent_oracle,3c5f6b3c9bd535cff7657364dadb2efc31f2ea48,21.0,1,0.540625,380.287309,21.610439,0.0,2,true,true,fine_grid,false,governance.selection=pressure_max_under_constraints;seed=continuation
0.3,independent_oracle,3c5f6b3c9bd535cff7657364dadb2efc31f2ea48,21.0,1,0.546875,380.226869,21.610359,0.0,2,true,true,fine_grid,false,governance.selection=pressure_max_under_constraints;seed=continuation
0.3,independent_oracle,3c5f6b3c9bd535cff7657364dadb2efc31f2ea48,21.0,1,0.553125,380.165111,21.610277,0.0,2,true,true,fine_grid,false,governance.selection=pressure_max_under_constraints;seed=continuation
0.3,independent_oracle,3c5f6b3c9bd535cff7657364dadb2efc31f2ea48,21.0,1,0.559375,380.102065,21.610191,0.0,2,true,true,fine_grid,false,governance.selection=pressure_max_under_constraints;seed=continuation
0.3,independent_oracle,3c5f6b3c9bd535cff7657364dadb2efc31f2ea48,21.0,1,0.565625,380.037763,21.610103,0.0,2,true,true,fine_grid,false,governance.selection=pressure_max_under_constraints;seed=continuation
0.3,independent_oracle,3c5f6b3c9bd535cff7657364dadb2efc31f2ea48,21.0,1,0.571875,379.972233,21.610013,0.0,2,true,true,fine_grid,false,governance.selection=pressure_max_under_constraints;seed=continuation
0.3,independent_oracle,3c5f6b3c9bd535cff7657364dadb2efc31f2ea48,21.0,1,0.578125,379.905504,21.609919,0.0,2,true,true,fine_grid,false,governance.selection=pressure_max_under_constraints;seed=continuation
0.3,independent_oracle,3c5f6b3c9bd535cff7657364dadb2efc31f2ea48,21.0,1,0.584375,379.837604,21.609823,0.0,2,true,true,fine_grid,false,governance.selection=pressure_max_under_constraints;seed=continuation
0.3,independent_oracle,3c5f6b3c9bd535cff7657364dadb2efc31f2ea48,21.0,1,0.590625,379.768561,21.609725,0.0,2,true,true,fine_grid,false,governance.selection=pressure_max_under_constraints;seed=continuation
0.3,independent_oracle,3c5f6b3c9bd535cff7657364dadb2efc31f2ea48,21.0,1,0.596875,379.698401,21.609623,0.0,2,true,true,fine_grid,false,governance.selection=pressure_max_under_constraints;seed=continuation
0.3,independent_oracle,3c5f6b3c9bd535cff7657364dadb2efc31f2ea48,21.0,1,0.603125,379.62715,21.609519,0.0,2,true,true,fine_grid,false,governance.selection=pressure_max_under_constraints;seed=continuation
0.3,independent_oracle,3c5f6b3c9bd535cff7657364dadb2efc31f2ea48,21.0,1,0.609375,379.554834,21.609413,0.0,2,true,true,fine_grid,false,governance.selection=pressure_max_under_constraints;seed=continuation
0.3,independent_oracle,3c5f6b3c9bd535cff7657364dadb2efc31f2ea48,21.0,1,0.615625,379.481478,21.609303,0.0,2,true,true,fine_grid,false,governance.selection=pressure_max_under_constraints;seed=continuation
0.3,independent_oracle,3c5f6b3c9bd535cff7657364dadb2efc31f2ea48,21.0,1,0.621875,379.407105,21.609192,0.0,2,true,true,fine_grid,false,governance.selection=pressure_max_under_constraints;seed=continuation
0.3,independent_oracle,3c5f6b3c9bd535cff7657364dadb2efc31f2ea48,21.0,1,0.628125,379.331739,21.609077,0.0,2,true,true,fine_grid,false,governance.selection=pressure_max_under_constraints;seed=continuation
0.3,independent_oracle,3c5f6b3c9bd535cff7657364dadb2efc31f2ea48,21.0,1,0.634375,379.255404,21.60896,0.0,2,true,true,fine_grid,false,governance.selection=pressure_max_under_constraints;seed=continuation
0.3,independent_oracle,3c5f6b3c9bd535cff7657364dadb2efc31f2ea48,21.0,1,0.640625,379.178122,21.60884,0.0,2,true,true,fine_grid,false,governance.selection=pressure_max_under_constraints;seed=continuation
0.3,independent_oracle,3c5f6b3c9bd535cff7657364dadb2efc31f2ea48,21.0,1,0.646875,379.099916,21.608717,0.0,2,true,true,fine_grid,false,governance.selection=pressure_max_under_constraints;seed=continuation
0.3,independent_oracle,3c5f6b3c9bd535cff7657364dadb2efc31f2ea48,21.0,1,0.653125,379.020807,21.608592,0.0,2,true,true,fine_grid,false,governance.selection=pressure_max_under_constraints;seed=continuation
0.3,independent_oracle,3c5f6b3c9bd535cff7657364dadb2efc31f2ea48,21.0,1,0.659375,378.940816,21.608465,0.0,2,true,true,fine_grid,false,governance.selection=pressure_max_under_constraints;seed=continuation
0.3,independent_oracle,3c5f6b3c9bd535cff7657364dadb2efc31f2ea48,21.0,1,0.665625,378.859964,21.608334,0.0,2,true,true,fine_grid,false,governance.selection=pressure_max_under_constraints;seed=continuation
0.3,independent_oracle,3c5f6b3c9bd535cff7657364dadb2efc31f2ea48,21.0,1,0.671875,378.778272,21.608201,0.0,2,true,true,fine_grid,false,governance.selection=pressure_max_under_constraints;seed=continuation
0.3,independent_oracle,3c5f6b3c9bd535cff7657364dadb2efc31f2ea48,21.0,1,0.678125,378.695759,21.608066,0.0,2,true,true,fine_grid,false,governance.selection=pressure_max_under_constraints;seed=continuation
0.3,independent_oracle,3c5f6b3c9bd535cff7657364dadb2efc31f2ea48,21.0,1,0.684375,378.612445,21.607928,0.0,2,true,true,fine_grid,false,governance.selection=pressure_max_under_constraints;seed=continuation
0.3,independent_oracle,3c5f6b3c9bd535cff7657364dadb2efc31f2ea48,21.0,1,0.690625,378.52835,21.607787,0.0,2,true,true,fine_grid,false,governance.selection=pressure_max_under_constraints;seed=continuation
0.3,independent_oracle,3c5f6b3c9bd535cff7657364dadb2efc31f2ea48,21.0,1,0.696875,378.443493,21.607644,0.0,2,true,true,fine_grid,false,governance.selection=pressure_max_under_constraints;seed=continuation
0.3,independent_oracle,3c5f6b3c9bd535cff7657364dadb2efc31f2ea48,21.0,1,0.703125,378.357891,21.607498,0.0,2,true,true,fine_grid,false,governance.selection=pressure_max_under_constraints;seed=continuation
0.3,independent_oracle,3c5f6b3c9bd535cff7657364dadb2efc31f2ea48,21.0,1,0.709375,378.271563,21.60735,0.0,2,true,true,fine_grid,false,governance.selection=pressure_max_under_constraints;seed=continuation
0.3,independent_oracle,3c5f6b3c9bd535cff7657364dadb2efc31f2ea48,21.0,1,0.715625,378.184527,21.607199,0.0,2,true,true,fine_grid,false,governance.selection=pressure_max_under_constraints;seed=continuation
0.3,independent_oracle,3c5f6b3c9bd535cff7657364dadb2efc31f2ea48,21.0,1,0.721875,378.096801,21.607046,0.0,2,true,true,fine_grid,false,governance.selection=pressure_max_under_constraints;seed=continuation
0.3,independent_oracle,3c5f6b3c9bd535cff7657364dadb2efc31f2ea48,21.0,1,0.728125,378.008402,21.60689,0.0,2,true,true,fine_grid,false,governance.selection=pressure_max_under_constraints;seed=continuation
0.3,independent_oracle,3c5f6b3c9bd535cff7657364dadb2efc31f2ea48,21.0,1,0.734375,377.919346,21.606731,0.0,2,true,true,fine_grid,false,governance.selection=pressure_max_under_constraints;seed=continuation
0.3,independent_oracle,3c5f6b3c9bd535cff7657364dadb2efc31f2ea48,21.0,1,0.740625,377.829651,21.606571,0.0,2,true,true,fine_grid,false,governance.selection=pressure_max_under_constraints;seed=continuation
0.3,independent_oracle,3c5f6b3c9bd535cff7657364dadb2efc31f2ea48,21.0,1,0.746875,377.739333,21.606407,0.0,2,true,true,fine_grid,false,governance.selection=pressure_max_under_constraints;seed=continuation
0.3,independent_oracle,3c5f6b3c9bd535cff7657364dadb2efc31f2ea48,21.0,1,0.753125,377.648408,21.606241,0.0,2,true,true,fine_grid,false,governance.selection=pressure_max_under_constraints;seed=continuation
0.3,independent_oracle,3c5f6b3c9bd535cff7657364dadb2efc31f2ea48,21.0,1,0.759375,377.556891,21.606073,0.0,2,true,true,fine_grid,false,governance.selection=pressure_max_under_constraints;seed=continuation
0.3,independent_oracle,3c5f6b3c9bd535cff7657364dadb2efc31f2ea48,21.0,1,0.765625,377.4648,21.605902,0.0,2,true,true,fine_grid,false,governance.selection=pressure_max_under_constraints;seed=continuation
0.3,independent_oracle,3c5f6b3c9bd535cff7657364dadb2efc31f2ea48,21.0,1,0.771875,377.372149,21.605729,0.0,2,true,true,fine_grid,false,governance.selection=pressure_max_under_constraints;seed=continuation
0.3,independent_oracle,3c5f6b3c9bd535cff7657364dadb2efc31f2ea48,21.0,1,0.778125,377.278953,21.605553,0.0,2,true,true,fine_grid,false,governance.selection=pressure_max_under_constraints;seed=continuation
0.3,independent_oracle,3c5f6b3c9bd535cff7657364dadb2efc31f2ea48,21.0,1,0.784375,377.185227,21.605375,0.0,2,true,true,fine_grid,false,governance.selection=pressure_max_under_constraints;seed=continuation
0.3,independent_oracle,3c5f6b3c9bd535cff7657364dadb2efc31f2ea48,21.0,1,0.790625,377.090987,21.605195,0.0,2,true,true,fine_grid,false,governance.selection=pressure_max_under_constraints;seed=continuation
0.3,independent_oracle,3c5f6b3c9bd535cff7657364dadb2efc31f2ea48,21.0,1,0.796875,376.996247,21.605012,0.0,2,true,true,fine_grid,false,governance.selection=pressure_max_under_constraints;seed=continuation
0.3,independent_oracle,3c5f6b3c9bd535cff7657364dadb2efc31f2ea48,21.0,1,0.803125,376.90102,21.604826,0.0,2,true,true,fine_grid,false,governance.selection=pressure_max_under_constraints;seed=continuation
0.3,independent_oracle,3c5f6b3c9bd535cff7657364dadb2efc31f2ea48,21.0,1,0.809375,376.805323,21.604639,0.0,2,true,true,fine_grid,false,governance.selection=pressure_max_under_constraints;seed=continuation
0.3,independent_oracle,3c5f6b3c9bd535cff7657364dadb2efc31f2ea48,21.0,1,0.815625,376.709167,21.604449,0.0,2,true,true,fine_grid,false,governance.selection=pressure_max_under_constraints;seed=continuation
0.3,independent_oracle,3c5f6b3c9bd535cff7657364dadb2efc31f2ea48,21.0,1,0.821875,376.612568,21.604256,0.0,2,true,true,fine_grid,false,governance.selection=pressure_max_under_constraints;seed=continuation
0.3,independent_oracle,3c5f6b3c9bd535cff7657364dadb2efc31f2ea48,21.0,1,0.828125,376.515539,21.604061,0.0,2,true,true,fine_grid,false,governance.selection=pressure_max_under_constraints;seed=continuation
0.3,independent_oracle,3c5f6b3c9bd535cff7657364dadb2efc31f2ea48,21.0,1,0.834375,376.418094,21.603864,0.0,2,true,true,fine_grid,false,governance.selection=pressure_max_under_constraints;seed=continuation
0.3,independent_oracle,3c5f6b3c9bd535cff7657364dadb2efc31f2ea48,21.0,1,0.840625,376.320245,21.603665,0.0,2,true,true,fine_grid,false,governance.selection=pressure_max_under_constraints;seed=continuation
0.3,independent_oracle,3c5f6b3c9bd535cff7657364dadb2efc31f2ea48,21.0,1,0.846875,376.222007,21.603463,0.0,2,true,true,fine_grid,false,governance.selection=pressure_max_under_constraints;seed=continuation
0.3,independent_oracle,3c5f6b3c9bd535cff7657364dadb2efc31f2ea48,21.0,1,0.853125,376.123392,21.60326,0.0,2,true,true,fine_grid,false,governance.selection=pressure_max_under_constraints;seed=continuation
0.3,independent_oracle,3c5f6b3c9bd535cff7657364dadb2efc31f2ea48,21.0,1,0.859375,376.024413,21.603053,0.0,2,true,true,fine_grid,false,governance.selection=pressure_max_under_constraints;seed=continuation
0.3,independent_oracle,3c5f6b3c9bd535cff7657364dadb2efc31f2ea48,21.0,1,0.865625,375.925083,21.602845,0.0,2,true,true,fine_grid,false,governance.selection=pressure_max_under_constraints;seed=continuation
0.3,independent_oracle,3c5f6b3c9bd535cff7657364dadb2efc31f2ea48,21.0,1,0.871875,375.825416,21.602634,0.0,2,true,true,fine_grid,false,governance.selection=pressure_max_under_constraints;seed=continuation
0.3,independent_oracle,3c5f6b3c9bd535cff7657364dadb2efc31f2ea48,21.0,1,0.878125,375.725422,21.602422,0.0,2,true,true,fine_grid,false,governance.selection=pressure_max_under_constraints;seed=continuation
0.3,independent_oracle,3c5f6b3c9bd535cff7657364dadb2efc31f2ea48,21.0,1,0.884375,375.625115,21.602206,0.0,2,true,true,fine_grid,false,governance.selection=pressure_max_under_constraints;seed=continuation
0.3,independent_oracle,3c5f6b3c9bd535cff7657364dadb2efc31f2ea48,21.0,1,0.890625,375.524508,21.601989,0.0,2,true,true,fine_grid,false,governance.selection=pressure_max_under_constraints;seed=continuation
0.3,independent_oracle,3c5f6b3c9bd535cff7657364dadb2efc31f2ea48,21.0,1,0.896875,375.423611,21.60177,0.0,2,true,true,fine_grid,false,governance.selection=pressure_max_under_constraints;seed=continuation
0.3,independent_oracle,3c5f6b3c9bd535cff7657364dadb2efc31f2ea48,21.0,1,0.903125,375.322439,21.601548,0.0,2,true,true,fine_grid,false,governance.selection=pressure_max_under_constraints;seed=continuation
0.3,independent_oracle,3c5f6b3c9bd535cff7657364dadb2efc31f2ea48,21.0,1,0.909375,375.221002,21.601325,0.0,2,true,true,fine_grid,false,governance.selection=pressure_max_under_constraints;seed=continuation
0.3,independent_oracle,3c5f6b3c9bd535cff7657364dadb2efc31f2ea48,21.0,1,0.915625,375.119312,21.601099,0.0,2,true,true,fine_grid,false,governance.selection=pressure_max_under_constraints;seed=continuation
0.3,independent_oracle,3c5f6b3c9bd535cff7657364dadb2efc31f2ea48,21.0,1,0.921875,375.017382,21.600871,0.0,2,true,true,fine_grid,false,governance.selection=pressure_max_under_constraints;seed=continuation
0.3,independent_oracle,3c5f6b3c9bd535cff7657364dadb2efc31f2ea48,21.0,1,0.928125,374.915222,21.600641,0.0,2,true,true,fine_grid,false,governance.selection=pressure_max_under_constraints;seed=continuation
0.3,independent_oracle,3c5f6b3c9bd535cff7657364dadb2efc31f2ea48,21.0,1,0.934375,374.812846,21.60041,0.0,2,true,true,fine_grid,false,governance.selection=pressure_max_under_constraints;seed=continuation
0.3,independent_oracle,3c5f6b3c9bd535cff7657364dadb2efc31f2ea48,21.0,1,0.940625,374.710264,21.600176,0.0,2,true,true,fine_grid,false,governance.selection=pressure_max_under_constraints;seed=continuation
0.3,independent_oracle,3c5f6b3c9bd535cff7657364dadb2efc31f2ea48,21.0,1,0.946875,374.607488,21.59994,0.0,2,true,true,fine_grid,false,governance.selection=pressure_max_under_constraints;seed=continuation
0.3,independent_oracle,3c5f6b3c9bd535cff7657364dadb2efc31f2ea48,21.0,1,0.953125,374.504529,21.599702,0.0,2,true,true,fine_grid,false,governance.selection=pressure_max_under_constraints;seed=continuation
0.3,independent_oracle,3c5f6b3c9bd535cff7657364dadb2efc31f2ea48,21.0,1,0.959375,374.4014,21.599462,0.0,2,true,true,fine_grid,false,governance.selection=pressure_max_under_constraints;seed=continuation
0.3,independent_oracle,3c5f6b3c9bd535cff7657364dadb2efc31f2ea48,21.0,1,0.965625,374.29811,21.59922,0.0,2,true,true,fine_grid,false,governance.selection=pressure_max_under_constraints;seed=continuation
0.3,independent_oracle,3c5f6b3c9bd535cff7657364dadb2efc31f2ea48,21.0,1,0.971875,374.194671,21.598976,0.0,2,true,true,fine_grid,false,governance.selection=pressure_max_under_constraints;seed=continuation
0.3,independent_oracle,3c5f6b3c9bd535cff7657364dadb2efc31f2ea48,21.0,1,0.978125,374.091096,21.598731,0.0,2,true,true,fine_grid,false,governance.selection=pressure_max_under_constraints;seed=continuation
0.3,independent_oracle,3c5f6b3c9bd535cff7657364dadb2efc31f2ea48,21.0,1,0.984375,373.987394,21.598483,0.0,2,true,true,fine_grid,false,governance.selection=pressure_max_under_constraints;seed=continuation
0.3,independent_oracle,3c5f6b3c9bd535cff7657364dadb2efc31f2ea48,21.0,1,0.990625,373.883577,21.598234,0.0,2,true,true,fine_grid,false,governance.selection=pressure_max_under_constraints;seed=continuation
0.3,independent_oracle,3c5f6b3c9bd535cff7657364dadb2efc31f2ea48,21.0,1,0.996875,373.779656,21.597982,0.0,2,true,true,fine_grid,false,governance.selection=pressure_max_under_constraints;seed=continuation
0.3,independent_oracle,3c5f6b3c9bd535cff7657364dadb2efc31f2ea48,21.0,1,1.003125,373.675642,21.597729,0.0,2,true,true,fine_grid,false,governance.selection=pressure_max_under_constraints;seed=continuation
0.3,independent_oracle,3c5f6b3c9bd535cff7657364dadb2efc31f2ea48,21.0,1,1.009375,373.571546,21.597475,0.0,2,true,true,fine_grid,false,governance.selection=pressure_max_under_constraints;seed=continuation
0.3,independent_oracle,3c5f6b3c9bd535cff7657364dadb2efc31f2ea48,21.0,1,1.015625,373.467379,21.597218,0.0,2,true,true,fine_grid,false,governance.selection=pressure_max_under_constraints;seed=continuation
0.3,independent_oracle,3c5f6b3c9bd535cff7657364dadb2efc31f2ea48,21.0,1,1.021875,373.363152,21.59696,0.0,2,true,true,fine_grid,false,governance.selection=pressure_max_under_constraints;seed=continuation
0.3,independent_oracle,3c5f6b3c9bd535cff7657364dadb2efc31f2ea48,21.0,1,1.028125,373.258876,21.5967,0.0,2,true,true,fine_grid,false,governance.selection=pressure_max_under_constraints;seed=continuation
0.3,independent_oracle,3c5f6b3c9bd535cff7657364dadb2efc31f2ea48,21.0,1,1.034375,373.154561,21.596438,0.0,2,true,true,fine_grid,false,governance.selection=pressure_max_under_constraints;seed=continuation
0.3,independent_oracle,3c5f6b3c9bd535cff7657364dadb2efc31f2ea48,21.0,1,1.040625,373.050219,21.596175,0.0,2,true,true,fine_grid,false,governance.selection=pressure_max_under_constraints;seed=continuation
0.3,independent_oracle,3c5f6b3c9bd535cff7657364dadb2efc31f2ea48,21.0,1,1.046875,372.945861,21.59591,0.0,2,true,true,fine_grid,false,governance.selection=pressure_max_under_constraints;seed=continuation
0.3,independent_oracle,3c5f6b3c9bd535cff7657364dadb2efc31f2ea48,21.0,1,1.053125,372.841496,21.595643,0.0,2,true,true,fine_grid,false,governance.selection=pressure_max_under_constraints;seed=continuation
0.3,independent_oracle,3c5f6b3c9bd535cff7657364dadb2efc31f2ea48,21.0,1,1.059375,372.737137,21.595375,0.0,2,true,true,fine_grid,false,governance.selection=pressure_max_under_constraints;seed=continuation
0.3,independent_oracle,3c5f6b3c9bd535cff7657364dadb2efc31f2ea48,21.0,1,1.065625,372.632793,21.595106,0.0,2,true,true,fine_grid,false,governance.selection=pressure_max_under_constraints;seed=continuation
0.3,independent_oracle,3c5f6b3c9bd535cff7657364dadb2efc31f2ea48,21.0,1,1.071875,372.528476,21.594834,0.0,2,true,true,fine_grid,false,governance.selection=pressure_max_under_constraints;seed=continuation
0.3,independent_oracle,3c5f6b3c9bd535cff7657364dadb2efc31f2ea48,21.0,1,1.078125,372.424196,21.594562,0.0,2,true,true,fine_grid,false,governance.selection=pressure_max_under_constraints;seed=continuation
0.3,independent_oracle,3c5f6b3c9bd535cff7657364dadb2efc31f2ea48,21.0,1,1.084375,372.319965,21.594287,0.0,2,true,true,fine_grid,false,governance.selection=pressure_max_under_constraints;seed=continuation
0.3,independent_oracle,3c5f6b3c9bd535cff7657364dadb2efc31f2ea48,21.0,1,1.090625,372.215792,21.594012,0.0,2,true,true,fine_grid,false,governance.selection=pressure_max_under_constraints;seed=continuation
0.3,independent_oracle,3c5f6b3c9bd535cff7657364dadb2efc31f2ea48,21.0,1,1.096875,372.111689,21.593735,0.0,2,true,true,fine_grid,false,governance.selection=pressure_max_under_constraints;seed=continuation
0.3,independent_oracle,3c5f6b3c9bd535cff7657364dadb2efc31f2ea48,21.0,1,1.103125,372.007666,21.593457,0.0,2,true,true,fine_grid,false,governance.selection=pressure_max_under_constraints;seed=continuation
0.3,independent_oracle,3c5f6b3c9bd535cff7657364dadb2efc31f2ea48,21.0,1,1.109375,371.903735,21.593177,0.0,2,true,true,fine_grid,false,governance.selection=pressure_max_under_constraints;seed=continuation
0.3,independent_oracle,3c5f6b3c9bd535cff7657364dadb2efc31f2ea48,21.0,1,1.115625,371.799905,21.592896,0.0,2,true,true,fine_grid,false,governance.selection=pressure_max_under_constraints;seed=continuation
0.3,independent_oracle,3c5f6b3c9bd535cff7657364dadb2efc31f2ea48,21.0,1,1.121875,371.696189,21.592614,0.0,2,true,true,fine_grid,false,governance.selection=pressure_max_under_constraints;seed=continuation
0.3,independent_oracle,3c5f6b3c9bd535cff7657364dadb2efc31f2ea48,21.0,1,1.128125,371.592596,21.59233,0.0,2,true,true,fine_grid,false,governance.selection=pressure_max_under_constraints;seed=continuation
0.3,independent_oracle,3c5f6b3c9bd535cff7657364dadb2efc31f2ea48,21.0,1,1.134375,371.489138,21.592045,0.0,2,true,true,fine_grid,false,governance.selection=pressure_max_under_constraints;seed=continuation
0.3,independent_oracle,3c5f6b3c9bd535cff7657364dadb2efc31f2ea48,21.0,1,1.140625,371.385825,21.59176,0.0,2,true,true,fine_grid,false,governance.selection=pressure_max_under_constraints;seed=continuation
0.3,independent_oracle,3c5f6b3c9bd535cff7657364dadb2efc31f2ea48,21.0,1,1.146875,371.282668,21.591473,0.0,2,true,true,fine_grid,false,governance.selection=pressure_max_under_constraints;seed=continuation
0.3,independent_oracle,3c5f6b3c9bd535cff7657364dadb2efc31f2ea48,21.0,1,1.153125,371.179679,21.591185,0.0,2,true,true,fine_grid,false,governance.selection=pressure_max_under_constraints;seed=continuation
0.3,independent_oracle,3c5f6b3c9bd535cff7657364dadb2efc31f2ea48,21.0,1,1.159375,371.076868,21.590895,0.0,2,true,true,fine_grid,false,governance.selection=pressure_max_under_constraints;seed=continuation
0.3,independent_oracle,3c5f6b3c9bd535cff7657364dadb2efc31f2ea48,21.0,1,1.165625,370.974247,21.590605,0.0,2,true,true,fine_grid,false,governance.selection=pressure_max_under_constraints;seed=continuation
0.3,independent_oracle,3c5f6b3c9bd535cff7657364dadb2efc31f2ea48,21.0,1,1.171875,370.871825,21.590314,0.0,2,true,true,fine_grid,false,governance.selection=pressure_max_under_constraints;seed=continuation
0.3,independent_oracle,3c5f6b3c9bd535cff7657364dadb2efc31f2ea48,21.0,1,1.178125,370.769615,21.590022,0.0,2,true,true,fine_grid,false,governance.selection=pressure_max_under_constraints;seed=continuation
0.3,independent_oracle,3c5f6b3c9bd535cff7657364dadb2efc31f2ea48,21.0,1,1.184375,370.667628,21.589729,0.0,2,true,true,fine_grid,false,governance.selection=pressure_max_under_constraints;seed=continuation
0.3,independent_oracle,3c5f6b3c9bd535cff7657364dadb2efc31f2ea48,21.0,1,1.190625,370.565874,21.589435,0.0,2,true,true,fine_grid,false,governance.selection=pressure_max_under_constraints;seed=continuation
0.3,independent_oracle,3c5f6b3c9bd535cff7657364dadb2efc31f2ea48,21.0,1,1.196875,370.464365,21.58914,0.0,2,true,true,fine_grid,false,governance.selection=pressure_max_under_constraints;seed=continuation
0.3,independent_oracle,3c5f6b3c9bd535cff7657364dadb2efc31f2ea48,21.0,1,1.203125,370.363112,21.588845,0.0,2,true,true,fine_grid,false,governance.selection=pressure_max_under_constraints;seed=continuation
0.3,independent_oracle,3c5f6b3c9bd535cff7657364dadb2efc31f2ea48,21.0,1,1.209375,370.262126,21.588548,0.0,2,true,true,fine_grid,false,governance.selection=pressure_max_under_constraints;seed=continuation
0.3,independent_oracle,3c5f6b3c9bd535cff7657364dadb2efc31f2ea48,21.0,1,1.215625,370.161419,21.588251,0.0,2,true,true,fine_grid,false,governance.selection=pressure_max_under_constraints;seed=continuation
0.3,independent_oracle,3c5f6b3c9bd535cff7657364dadb2efc31f2ea48,21.0,1,1.221875,370.061002,21.587954,0.0,2,true,true,fine_grid,false,governance.selection=pressure_max_under_constraints;seed=continuation
0.3,independent_oracle,3c5f6b3c9bd535cff7657364dadb2efc31f2ea48,21.0,1,1.228125,369.960887,21.587655,0.0,2,true,true,fine_grid,false,governance.selection=pressure_max_under_constraints;seed=continuation
0.3,independent_oracle,3c5f6b3c9bd535cff7657364dadb2efc31f2ea48,21.0,1,1.234375,369.861085,21.587356,0.0,2,true,true,fine_grid,false,governance.selection=pressure_max_under_constraints;seed=continuation
0.3,independent_oracle,3c5f6b3c9bd535cff7657364dadb2efc31f2ea48,21.0,1,1.240625,369.761607,21.587057,0.0,2,true,true,fine_grid,false,governance.selection=pressure_max_under_constraints;seed=continuation
0.3,independent_oracle,3c5f6b3c9bd535cff7657364dadb2efc31f2ea48,21.0,1,1.246875,369.662466,21.586757,0.0,2,true,true,fine_grid,false,governance.selection=pressure_max_under_constraints;seed=continuation
0.3,independent_oracle,3c5f6b3c9bd535cff7657364dadb2efc31f2ea48,21.0,1,1.253125,369.563673,21.586456,0.0,2,true,true,fine_grid,false,governance.selection=pressure_max_under_constraints;seed=continuation
0.3,independent_oracle,3c5f6b3c9bd535cff7657364dadb2efc31f2ea48,21.0,1,1.259375,369.46524,21.586156,0.0,2,true,true,fine_grid,false,governance.selection=pressure_max_under_constraints;seed=continuation
0.3,independent_oracle,3c5f6b3c9bd535cff7657364dadb2efc31f2ea48,21.0,1,1.265625,369.367179,21.585855,0.0,2,true,true,fine_grid,false,governance.selection=pressure_max_under_constraints;seed=continuation
0.3,independent_oracle,3c5f6b3c9bd535cff7657364dadb2efc31f2ea48,21.0,1,1.271875,369.269502,21.585553,0.0,2,true,true,fine_grid,false,governance.selection=pressure_max_under_constraints;seed=continuation
0.3,independent_oracle,3c5f6b3c9bd535cff7657364dadb2efc31f2ea48,21.0,1,1.278125,369.172221,21.585251,0.0,2,true,true,fine_grid,false,governance.selection=pressure_max_under_constraints;seed=continuation
0.3,independent_oracle,3c5f6b3c9bd535cff7657364dadb2efc31f2ea48,21.0,1,1.284375,369.075347,21.584949,0.0,2,true,true,fine_grid,false,governance.selection=pressure_max_under_constraints;seed=continuation
0.3,independent_oracle,3c5f6b3c9bd535cff7657364dadb2efc31f2ea48,21.0,1,1.290625,368.978894,21.584647,0.0,2,true,true,fine_grid,false,governance.selection=pressure_max_under_constraints;seed=continuation
0.3,independent_oracle,3c5f6b3c9bd535cff7657364dadb2efc31f2ea48,21.0,1,1.296875,368.882873,21.584345,0.0,2,true,true,fine_grid,false,governance.selection=pressure_max_under_constraints;seed=continuation
0.3,independent_oracle,3c5f6b3c9bd535cff7657364dadb2efc31f2ea48,21.0,1,1.303125,368.787297,21.584043,0.0,2,true,true,fine_grid,false,governance.selection=pressure_max_under_constraints;seed=continuation
0.3,independent_oracle,3c5f6b3c9bd535cff7657364dadb2efc31f2ea48,21.0,1,1.309375,368.692179,21.583741,0.0,2,true,true,fine_grid,false,governance.selection=pressure_max_under_constraints;seed=continuation
0.3,independent_oracle,3c5f6b3c9bd535cff7657364dadb2efc31f2ea48,21.0,1,1.315625,368.59753,21.583439,0.0,2,true,true,fine_grid,false,governance.selection=pressure_max_under_constraints;seed=continuation
0.3,independent_oracle,3c5f6b3c9bd535cff7657364dadb2efc31f2ea48,21.0,1,1.321875,368.503364,21.583136,0.0,2,true,true,fine_grid,false,governance.selection=pressure_max_under_constraints;seed=continuation
0.3,independent_oracle,3c5f6b3c9bd535cff7657364dadb2efc31f2ea48,21.0,1,1.328125,368.409694,21.582835,0.0,2,true,true,fine_grid,false,governance.selection=pressure_max_under_constraints;seed=continuation
0.3,independent_oracle,3c5f6b3c9bd535cff7657364dadb2efc31f2ea48,21.0,1,1.334375,368.316531,21.582533,0.0,2,true,true,fine_grid,false,governance.selection=pressure_max_under_constraints;seed=continuation
0.3,independent_oracle,3c5f6b3c9bd535cff7657364dadb2efc31f2ea48,21.0,1,1.340625,368.22389,21.582231,0.0,2,true,true,fine_grid,false,governance.selection=pressure_max_under_constraints;seed=continuation
0.3,independent_oracle,3c5f6b3c9bd535cff7657364dadb2efc31f2ea48,21.0,1,1.346875,368.131784,21.58193,0.0,2,true,true,fine_grid,false,governance.selection=pressure_max_under_constraints;seed=continuation
0.3,independent_oracle,3c5f6b3c9bd535cff7657364dadb2efc31f2ea48,21.0,1,1.353125,368.040225,21.58163,0.0,2,true,true,fine_grid,false,governance.selection=pressure_max_under_constraints;seed=continuation
0.3,independent_oracle,3c5f6b3c9bd535cff7657364dadb2efc31f2ea48,21.0,1,1.359375,367.949227,21.58133,0.0,2,true,true,fine_grid,false,governance.selection=pressure_max_under_constraints;seed=continuation
0.3,independent_oracle,3c5f6b3c9bd535cff7657364dadb2efc31f2ea48,21.0,1,1.365625,367.858803,21.58103,0.0,2,true,true,fine_grid,false,governance.selection=pressure_max_under_constraints;seed=continuation
0.3,independent_oracle,3c5f6b3c9bd535cff7657364dadb2efc31f2ea48,21.0,1,1.371875,367.768968,21.580731,0.0,2,true,true,fine_grid,false,governance.selection=pressure_max_under_constraints;seed=continuation
0.3,independent_oracle,3c5f6b3c9bd535cff7657364dadb2efc31f2ea48,21.0,1,1.378125,367.679734,21.580432,0.0,2,true,true,fine_grid,false,governance.selection=pressure_max_under_constraints;seed=continuation
0.3,independent_oracle,3c5f6b3c9bd535cff7657364dadb2efc31f2ea48,21.0,1,1.384375,367.591115,21.580135,0.0,2,true,true,fine_grid,false,governance.selection=pressure_max_under_constraints;seed=continuation
0.3,independent_oracle,3c5f6b3c9bd535cff7657364dadb2efc31f2ea48,21.0,1,1.390625,367.503126,21.579838,0.0,2,true,true,fine_grid,false,governance.selection=pressure_max_under_constraints;seed=continuation
0.3,independent_oracle,3c5f6b3c9bd535cff7657364dadb2efc31f2ea48,21.0,1,1.396875,367.415781,21.579541,0.0,2,true,true,fine_grid,false,governance.selection=pressure_max_under_constraints;seed=continuation
0.3,independent_oracle,3c5f6b3c9bd535cff7657364dadb2efc31f2ea48,21.0,1,1.403125,367.329093,21.579246,0.0,2,true,true,fine_grid,false,governance.selection=pressure_max_under_constraints;seed=continuation
0.3,independent_oracle,3c5f6b3c9bd535cff7657364dadb2efc31f2ea48,21.0,1,1.409375,367.243077,21.578952,0.0,2,true,true,fine_grid,false,governance.selection=pressure_max_under_constraints;seed=continuation
0.3,independent_oracle,3c5f6b3c9bd535cff7657364dadb2efc31f2ea48,21.0,1,1.415625,367.157748,21.578659,0.0,2,true,true,fine_grid,false,governance.selection=pressure_max_under_constraints;seed=continuation
0.3,independent_oracle,3c5f6b3c9bd535cff7657364dadb2efc31f2ea48,21.0,1,1.421875,367.07312,21.578367,0.0,2,true,true,fine_grid,false,governance.selection=pressure_max_under_constraints;seed=continuation
0.3,independent_oracle,3c5f6b3c9bd535cff7657364dadb2efc31f2ea48,21.0,1,1.428125,366.989208,21.578076,0.0,2,true,true,fine_grid,false,governance.selection=pressure_max_under_constraints;seed=continuation
0.3,independent_oracle,3c5f6b3c9bd535cff7657364dadb2efc31f2ea48,21.0,1,1.434375,366.906028,21.577786,0.0,2,true,true,fine_grid,false,governance.selection=pressure_max_under_constraints;seed=continuation
0.3,independent_oracle,3c5f6b3c9bd535cff7657364dadb2efc31f2ea48,21.0,1,1.440625,366.823593,21.577498,0.0,2,true,true,fine_grid,false,governance.selection=pressure_max_under_constraints;seed=continuation
0.3,independent_oracle,3c5f6b3c9bd535cff7657364dadb2efc31f2ea48,21.0,1,1.446875,366.741919,21.577211,0.0,2,true,true,fine_grid,false,governance.selection=pressure_max_under_constraints;seed=continuation
0.3,independent_oracle,3c5f6b3c9bd535cff7657364dadb2efc31f2ea48,21.0,1,1.453125,366.661022,21.576926,0.0,2,true,true,fine_grid,false,governance.selection=pressure_max_under_constraints;seed=continuation
0.3,independent_oracle,3c5f6b3c9bd535cff7657364dadb2efc31f2ea48,21.0,1,1.459375,366.580918,21.576642,0.0,2,true,true,fine_grid,false,governance.selection=pressure_max_under_constraints;seed=continuation
0.3,independent_oracle,3c5f6b3c9bd535cff7657364dadb2efc31f2ea48,21.0,1,1.465625,366.501621,21.57636,0.0,2,true,true,fine_grid,false,governance.selection=pressure_max_under_constraints;seed=continuation
0.3,independent_oracle,3c5f6b3c9bd535cff7657364dadb2efc31f2ea48,21.0,1,1.471875,366.423148,21.57608,0.0,2,true,true,fine_grid,false,governance.selection=pressure_max_under_constraints;seed=continuation
0.3,independent_oracle,3c5f6b3c9bd535cff7657364dadb2efc31f2ea48,21.0,1,1.478125,366.345515,21.575801,0.0,2,true,true,fine_grid,false,governance.selection=pressure_max_under_constraints;seed=continuation
0.3,independent_oracle,3c5f6b3c9bd535cff7657364dadb2efc31f2ea48,21.0,1,1.484375,366.268738,21.575524,0.0,2,true,true,fine_grid,false,governance.selection=pressure_max_under_constraints;seed=continuation
0.3,independent_oracle,3c5f6b3c9bd535cff7657364dadb2efc31f2ea48,21.0,1,1.490625,366.192833,21.57525,0.0,2,true,true,fine_grid,false,governance.selection=pressure_max_under_constraints;seed=continuation
0.3,independent_oracle,3c5f6b3c9bd535cff7657364dadb2efc31f2ea48,21.0,1,1.496875,366.117817,21.574977,0.0,2,true,true,fine_grid,false,governance.selection=pressure_max_under_constraints;seed=continuation
0.3,independent_oracle,3c5f6b3c9bd535cff7657364dadb2efc31f2ea48,21.0,1,1.503125,366.043707,21.574707,0.0,2,true,true,fine_grid,false,governance.selection=pressure_max_under_constraints;seed=continuation
0.3,independent_oracle,3c5f6b3c9bd535cff7657364dadb2efc31f2ea48,21.0,1,1.509375,365.970519,21.574439,0.0,2,true,true,fine_grid,false,governance.selection=pressure_max_under_constraints;seed=continuation
0.3,independent_oracle,3c5f6b3c9bd535cff7657364dadb2efc31f2ea48,21.0,1,1.515625,365.898271,21.574173,0.0,2,true,true,fine_grid,false,governance.selection=pressure_max_under_constraints;seed=continuation
0.3,independent_oracle,3c5f6b3c9bd535cff7657364dadb2efc31f2ea48,21.0,1,1.521875,365.826979,21.573909,0.0,2,true,true,fine_grid,false,governance.selection=pressure_max_under_constraints;seed=continuation
0.3,independent_oracle,3c5f6b3c9bd535cff7657364dadb2efc31f2ea48,21.0,1,1.528125,365.756662,21.573649,0.0,2,true,true,fine_grid,false,governance.selection=pressure_max_under_constraints;seed=continuation
0.3,independent_oracle,3c5f6b3c9bd535cff7657364dadb2efc31f2ea48,21.0,1,1.534375,365.687337,21.57339,0.0,2,true,true,fine_grid,false,governance.selection=pressure_max_under_constraints;seed=continuation
0.3,independent_oracle,3c5f6b3c9bd535cff7657364dadb2efc31f2ea48,21.0,1,1.540625,365.619022,21.573135,0.0,2,true,true,fine_grid,false,governance.selection=pressure_max_under_constraints;seed=continuation
0.3,independent_oracle,3c5f6b3c9bd535cff7657364dadb2efc31f2ea48,21.0,1,1.546875,365.551734,21.572882,0.0,2,true,true,fine_grid,false,governance.selection=pressure_max_under_constraints;seed=continuation
0.3,independent_oracle,3c5f6b3c9bd535cff7657364dadb2efc31f2ea48,21.0,1,1.553125,365.485492,21.572632,0.0,2,true,true,fine_grid,false,governance.selection=pressure_max_under_constraints;seed=continuation
0.3,independent_oracle,3c5f6b3c9bd535cff7657364dadb2efc31f2ea48,21.0,1,1.559375,365.420314,21.572386,0.0,2,true,true,fine_grid,false,governance.selection=pressure_max_under_constraints;seed=continuation
0.3,independent_oracle,3c5f6b3c9bd535cff7657364dadb2efc31f2ea48,21.0,1,1.565625,365.356219,21.572142,0.0,2,true,true,fine_grid,false,governance.selection=pressure_max_under_constraints;seed=continuation
0.3,independent_oracle,3c5f6b3c9bd535cff7657364dadb2efc31f2ea48,21.0,1,1.571875,365.293226,21.571902,0.0,2,true,true,fine_grid,false,governance.selection=pressure_max_under_constraints;seed=continuation
0.3,independent_oracle,3c5f6b3c9bd535cff7657364dadb2efc31f2ea48,21.0,1,1.578125,365.231352,21.571665,0.0,2,true,true,fine_grid,false,governance.selection=pressure_max_under_constraints;seed=continuation
0.3,independent_oracle,3c5f6b3c9bd535cff7657364dadb2efc31f2ea48,21.0,1,1.584375,365.170619,21.571431,0.0,2,true,true,fine_grid,false,governance.selection=pressure_max_under_constraints;seed=continuation
0.3,independent_oracle,3c5f6b3c9bd535cff7657364dadb2efc31f2ea48,21.0,1,1.590625,365.111044,21.571201,0.0,2,true,true,fine_grid,false,governance.selection=pressure_max_under_constraints;seed=continuation
0.3,independent_oracle,3c5f6b3c9bd535cff7657364dadb2efc31f2ea48,21.0,1,1.596875,365.052648,21.570975,0.0,2,true,true,fine_grid,false,governance.selection=pressure_max_under_constraints;seed=continuation
0.3,independent_oracle,3c5f6b3c9bd535cff7657364dadb2efc31f2ea48,21.0,1,1.603125,364.99545,21.570752,0.0,2,true,true,fine_grid,false,governance.selection=pressure_max_under_constraints;seed=continuation
0.3,independent_oracle,3c5f6b3c9bd535cff7657364dadb2efc31f2ea48,21.0,1,1.609375,364.93947,21.570533,0.0,2,true,true,fine_grid,false,governance.selection=pressure_max_under_constraints;seed=continuation
0.3,independent_oracle,3c5f6b3c9bd535cff7657364dadb2efc31f2ea48,21.0,1,1.615625,364.884727,21.570319,0.0,2,true,true,fine_grid,false,governance.selection=pressure_max_under_constraints;seed=continuation
0.3,independent_oracle,3c5f6b3c9bd535cff7657364dadb2efc31f2ea48,21.0,1,1.621875,364.831244,21.570108,0.0,2,true,true,fine_grid,false,governance.selection=pressure_max_under_constraints;seed=continuation
0.3,independent_oracle,3c5f6b3c9bd535cff7657364dadb2efc31f2ea48,21.0,1,1.628125,364.779039,21.569902,0.0,2,true,true,fine_grid,false,governance.selection=pressure_max_under_constraints;seed=continuation
0.3,independent_oracle,3c5f6b3c9bd535cff7657364dadb2efc31f2ea48,21.0,1,1.634375,364.728134,21.5697,0.0,2,true,true,fine_grid,false,governance.selection=pressure_max_under_constraints;seed=continuation
0.3,independent_oracle,3c5f6b3c9bd535cff7657364dadb2efc31f2ea48,21.0,1,1.640625,364.678549,21.569502,0.0,2,true,true,fine_grid,false,governance.selection=pressure_max_under_constraints;seed=continuation
0.3,independent_oracle,3c5f6b3c9bd535cff7657364dadb2efc31f2ea48,21.0,1,1.646875,364.630305,21.569309,0.0,2,true,true,fine_grid,false,governance.selection=pressure_max_under_constraints;seed=continuation
0.3,independent_oracle,3c5f6b3c9bd535cff7657364dadb2efc31f2ea48,21.0,1,1.653125,364.583424,21.569121,0.0,2,true,true,fine_grid,false,governance.selection=pressure_max_under_constraints;seed=continuation
0.3,independent_oracle,3c5f6b3c9bd535cff7657364dadb2efc31f2ea48,21.0,1,1.659375,364.537928,21.568938,0.0,2,true,true,fine_grid,false,governance.selection=pressure_max_under_constraints;seed=continuation
0.3,independent_oracle,3c5f6b3c9bd535cff7657364dadb2efc31f2ea48,21.0,1,1.665625,364.493837,21.568759,0.0,2,true,true,fine_grid,false,governance.selection=pressure_max_under_constraints;seed=continuation
0.3,independent_oracle,3c5f6b3c9bd535cff7657364dadb2efc31f2ea48,21.0,1,1.671875,364.451173,21.568586,0.0,2,true,true,fine_grid,false,governance.selection=pressure_max_under_constraints;seed=continuation
0.3,independent_oracle,3c5f6b3c9bd535cff7657364dadb2efc31f2ea48,21.0,1,1.678125,364.409959,21.568418,0.0,2,true,true,fine_grid,false,governance.selection=pressure_max_under_constraints;seed=continuation
0.3,independent_oracle,3c5f6b3c9bd535cff7657364dadb2efc31f2ea48,21.0,1,1.684375,364.370216,21.568256,0.0,2,true,true,fine_grid,false,governance.selection=pressure_max_under_constraints;seed=continuation
0.3,independent_oracle,3c5f6b3c9bd535cff7657364dadb2efc31f2ea48,21.0,1,1.690625,364.331968,21.568099,0.0,2,true,true,fine_grid,false,governance.selection=pressure_max_under_constraints;seed=continuation
0.3,independent_oracle,3c5f6b3c9bd535cff7657364dadb2efc31f2ea48,21.0,1,1.696875,364.295235,21.567948,0.0,2,true,true,fine_grid,false,governance.selection=pressure_max_under_constraints;seed=continuation
0.3,independent_oracle,3c5f6b3c9bd535cff7657364dadb2efc31f2ea48,21.0,1,1.703125,364.260042,21.567802,0.0,2,true,true,fine_grid,false,governance.selection=pressure_max_under_constraints;seed=continuation
0.3,independent_oracle,3c5f6b3c9bd535cff7657364dadb2efc31f2ea48,21.0,1,1.709375,364.22641,21.567662,0.0,2,true,true,fine_grid,false,governance.selection=pressure_max_under_constraints;seed=continuation
0.3,independent_oracle,3c5f6b3c9bd535cff7657364dadb2efc31f2ea48,21.0,1,1.715625,364.194362,21.567529,0.0,2,true,true,fine_grid,false,governance.selection=pressure_max_under_constraints;seed=continuation
0.3,independent_oracle,3c5f6b3c9bd535cff7657364dadb2efc31f2ea48,21.0,1,1.721875,364.163922,21.567402,0.0,2,true,true,fine_grid,false,governance.selection=pressure_max_under_constraints;seed=continuation
0.3,independent_oracle,3c5f6b3c9bd535cff7657364dadb2efc31f2ea48,21.0,1,1.728125,364.135113,21.567281,0.0,2,true,true,fine_grid,false,governance.selection=pressure_max_under_constraints;seed=continuation
0.3,independent_oracle,3c5f6b3c9bd535cff7657364dadb2efc31f2ea48,21.0,1,1.734375,364.107958,21.567166,0.0,2,true,true,fine_grid,false,governance.selection=pressure_max_under_constraints;seed=continuation
0.3,independent_oracle,3c5f6b3c9bd535cff7657364dadb2efc31f2ea48,21.0,1,1.740625,364.082481,21.567059,0.0,2,true,true,fine_grid,false,governance.selection=pressure_max_under_constraints;seed=continuation
0.3,independent_oracle,3c5f6b3c9bd535cff7657364dadb2efc31f2ea48,21.0,1,1.746875,364.058704,21.566958,0.0,2,true,true,fine_grid,false,governance.selection=pressure_max_under_constraints;seed=continuation
0.3,independent_oracle,3c5f6b3c9bd535cff7657364dadb2efc31f2ea48,21.0,1,1.753125,364.036653,21.566864,0.0,2,true,true,fine_grid,false,governance.selection=pressure_max_under_constraints;seed=continuation
0.3,independent_oracle,3c5f6b3c9bd535cff7657364dadb2efc31f2ea48,21.0,1,1.759375,364.016349,21.566777,0.0,2,true,true,fine_grid,false,governance.selection=pressure_max_under_constraints;seed=continuation
0.3,independent_oracle,3c5f6b3c9bd535cff7657364dadb2efc31f2ea48,21.0,1,1.765625,363.997818,21.566698,0.0,2,true,true,fine_grid,false,governance.selection=pressure_max_under_constraints;seed=continuation
0.3,independent_oracle,3c5f6b3c9bd535cff7657364dadb2efc31f2ea48,21.0,1,1.771875,363.981083,21.566626,0.0,2,true,true,fine_grid,false,governance.selection=pressure_max_under_constraints;seed=continuation
0.3,independent_oracle,3c5f6b3c9bd535cff7657364dadb2efc31f2ea48,21.0,1,1.778125,363.966168,21.566561,0.0,2,true,true,fine_grid,false,governance.selection=pressure_max_under_constraints;seed=continuation
0.3,independent_oracle,3c5f6b3c9bd535cff7657364dadb2efc31f2ea48,21.0,1,1.784375,363.953097,21.566505,0.0,2,true,true,fine_grid,false,governance.selection=pressure_max_under_constraints;seed=continuation
0.3,independent_oracle,3c5f6b3c9bd535cff7657364dadb2efc31f2ea48,21.0,1,1.790625,363.941893,21.566456,0.0,2,true,true,fine_grid,false,governance.selection=pressure_max_under_constraints;seed=continuation
0.3,independent_oracle,3c5f6b3c9bd535cff7657364dadb2efc31f2ea48,21.0,1,1.796875,363.932582,21.566415,0.0,2,true,true,fine_grid,false,governance.selection=pressure_max_under_constraints;seed=continuation
0.3,independent_oracle,3c5f6b3c9bd535cff7657364dadb2efc31f2ea48,21.0,1,1.803125,363.925187,21.566383,0.0,2,true,true,fine_grid,false,governance.selection=pressure_max_under_constraints;seed=continuation
0.3,independent_oracle,3c5f6b3c9bd535cff7657364dadb2efc31f2ea48,21.0,1,1.809375,363.919732,21.566359,0.0,2,true,true,fine_grid,false,governance.selection=pressure_max_under_constraints;seed=continuation
0.3,independent_oracle,3c5f6b3c9bd535cff7657364dadb2efc31f2ea48,21.0,1,1.815625,363.91624,21.566344,0.0,2,true,true,fine_grid,false,governance.selection=pressure_max_under_constraints;seed=continuation
0.3,independent_oracle,3c5f6b3c9bd535cff7657364dadb2efc31f2ea48,21.0,1,1.821875,363.914737,21.566337,0.0,2,true,true,fine_grid,false,governance.selection=pressure_max_under_constraints;seed=continuation
0.3,independent_oracle,3c5f6b3c9bd535cff7657364dadb2efc31f2ea48,21.0,1,1.828125,363.915245,21.566339,0.0,2,true,true,fine_grid,false,governance.selection=pressure_max_under_constraints;seed=continuation
0.3,independent_oracle,3c5f6b3c9bd535cff7657364dadb2efc31f2ea48,21.0,1,1.834375,363.917789,21.566351,0.0,2,true,true,fine_grid,false,governance.selection=pressure_max_under_constraints;seed=continuation
0.3,independent_oracle,3c5f6b3c9bd535cff7657364dadb2efc31f2ea48,21.0,1,1.840625,363.922393,21.566371,0.0,2,true,true,fine_grid,false,governance.selection=pressure_max_under_constraints;seed=continuation
0.3,independent_oracle,3c5f6b3c9bd535cff7657364dadb2efc31f2ea48,21.0,1,1.846875,363.929079,21.566401,0.0,2,true,true,fine_grid,false,governance.selection=pressure_max_under_constraints;seed=continuation
0.3,independent_oracle,3c5f6b3c9bd535cff7657364dadb2efc31f2ea48,21.0,1,1.853125,363.937871,21.566441,0.0,2,true,true,fine_grid,false,governance.selection=pressure_max_under_constraints;seed=continuation
0.3,independent_oracle,3c5f6b3c9bd535cff7657364dadb2efc31f2ea48,21.0,1,1.859375,363.948793,21.56649,0.0,2,true,true,fine_grid,false,governance.selection=pressure_max_under_constraints;seed=continuation
0.3,independent_oracle,3c5f6b3c9bd535cff7657364dadb2efc31f2ea48,21.0,1,1.865625,363.961868,21.566549,0.0,2,true,true,fine_grid,false,governance.selection=pressure_max_under_constraints;seed=continuation
0.3,independent_oracle,3c5f6b3c9bd535cff7657364dadb2efc31f2ea48,21.0,1,1.871875,363.977118,21.566619,0.0,2,true,true,fine_grid,false,governance.selection=pressure_max_under_constraints;seed=continuation
0.3,independent_oracle,3c5f6b3c9bd535cff7657364dadb2efc31f2ea48,21.0,1,1.878125,363.994567,21.566698,0.0,2,true,true,fine_grid,false,governance.selection=pressure_max_under_constraints;seed=continuation
0.3,independent_oracle,3c5f6b3c9bd535cff7657364dadb2efc31f2ea48,21.0,1,1.884375,364.014236,21.566788,0.0,2,true,true,fine_grid,false,governance.selection=pressure_max_under_constraints;seed=continuation
0.3,independent_oracle,3c5f6b3c9bd535cff7657364dadb2efc31f2ea48,21.0,1,1.890625,364.036148,21.566889,0.0,2,true,true,fine_grid,false,governance.selection=pressure_max_under_constraints;seed=continuation
0.3,independent_oracle,3c5f6b3c9bd535cff7657364dadb2efc31f2ea48,21.0,1,1.896875,364.060325,21.567,0.0,2,true,true,fine_grid,false,governance.selection=pressure_max_under_constraints;seed=continuation
0.3,independent_oracle,3c5f6b3c9bd535cff7657364dadb2efc31f2ea48,21.0,1,1.903125,364.086788,21.567123,0.0,2,true,true,fine_grid,false,governance.selection=pressure_max_under_constraints;seed=continuation
0.3,independent_oracle,3c5f6b3c9bd535cff7657364dadb2efc31f2ea48,21.0,1,1.909375,364.115558,21.567256,0.0,2,true,true,fine_grid,false,governance.selection=pressure_max_under_constraints;seed=continuation
0.3,independent_oracle,3c5f6b3c9bd535cff7657364dadb2efc31f2ea48,21.0,1,1.915625,364.146656,21.567401,0.0,2,true,true,fine_grid,false,governance.selection=pressure_max_under_constraints;seed=continuation
0.3,independent_oracle,3c5f6b3c9bd535cff7657364dadb2efc31f2ea48,21.0,1,1.921875,364.180103,21.567557,0.0,2,true,true,fine_grid,false,governance.selection=pressure_max_under_constraints;seed=continuation
0.3,independent_oracle,3c5f6b3c9bd535cff7657364dadb2efc31f2ea48,21.0,1,1.928125,364.215918,21.567724,0.0,2,true,true,fine_grid,false,governance.selection=pressure_max_under_constraints;seed=continuation
0.3,independent_oracle,3c5f6b3c9bd535cff7657364dadb2efc31f2ea48,21.0,1,1.934375,364.25412,21.567904,0.0,2,true,true,fine_grid,false,governance.selection=pressure_max_under_constraints;seed=continuation
0.3,independent_oracle,3c5f6b3c9bd535cff7657364dadb2efc31f2ea48,21.0,1,1.940625,364.29473,21.568095,0.0,2,true,true,fine_grid,false,governance.selection=pressure_max_under_constraints;seed=continuation
0.3,independent_oracle,3c5f6b3c9bd535cff7657364dadb2efc31f2ea48,21.0,1,1.946875,364.337765,21.568299,0.0,2,true,true,fine_grid,false,governance.selection=pressure_max_under_constraints;seed=continuation
0.3,independent_oracle,3c5f6b3c9bd535cff7657364dadb2efc31f2ea48,21.0,1,1.953125,364.383243,21.568515,0.0,2,true,true,fine_grid,false,governance.selection=pressure_max_under_constraints;seed=continuation
0.3,independent_oracle,3c5f6b3c9bd535cff7657364dadb2efc31f2ea48,21.0,1,1.959375,364.431182,21.568743,0.0,2,true,true,fine_grid,false,governance.selection=pressure_max_under_constraints;seed=continuation
0.3,independent_oracle,3c5f6b3c9bd535cff7657364dadb2efc31f2ea48,21.0,1,1.965625,364.481597,21.568983,0.0,2,true,true,fine_grid,false,governance.selection=pressure_max_under_constraints;seed=continuation
0.3,independent_oracle,3c5f6b3c9bd535cff7657364dadb2efc31f2ea48,21.0,1,1.971875,364.534506,21.569237,0.0,2,true,true,fine_grid,false,governance.selection=pressure_max_under_constraints;seed=continuation
0.3,independent_oracle,3c5f6b3c9bd535cff7657364dadb2efc31f2ea48,21.0,1,1.978125,364.589924,21.569503,0.0,2,true,true,fine_grid,false,governance.selection=pressure_max_under_constraints;seed=continuation
0.3,independent_oracle,3c5f6b3c9bd535cff7657364dadb2efc31f2ea48,21.0,1,1.984375,364.647865,21.569782,0.0,2,true,true,fine_grid,false,governance.selection=pressure_max_under_constraints;seed=continuation
0.3,independent_oracle,3c5f6b3c9bd535cff7657364dadb2efc31f2ea48,21.0,1,1.990625,364.708344,21.570075,0.0,2,true,true,fine_grid,false,governance.selection=pressure_max_under_constraints;seed=continuation
0.3,independent_oracle,3c5f6b3c9bd535cff7657364dadb2efc31f2ea48,21.0,1,1.996875,364.771373,21.57038,0.0,2,true,true,fine_grid,false,governance.selection=pressure_max_under_constraints;seed=continuation
0.3,independent_oracle,3c5f6b3c9bd535cff7657364dadb2efc31f2ea48,21.0,1,2.003125,364.836965,21.570699,0.0,2,true,true,fine_grid,false,governance.selection=pressure_max_under_constraints;seed=continuation
0.3,independent_oracle,3c5f6b3c9bd535cff7657364dadb2efc31f2ea48,21.0,1,2.009375,364.905132,21.571032,0.0,2,true,true,fine_grid,false,governance.selection=pressure_max_under_constraints;seed=continuation
0.3,independent_oracle,3c5f6b3c9bd535cff7657364dadb2efc31f2ea48,21.0,1,2.015625,364.975884,21.571378,0.0,2,true,true,fine_grid,false,governance.selection=pressure_max_under_constraints;seed=continuation
0.3,independent_oracle,3c5f6b3c9bd535cff7657364dadb2efc31f2ea48,21.0,1,2.021875,365.049231,21.571739,0.0,2,true,true,fine_grid,false,governance.selection=pressure_max_under_constraints;seed=continuation
0.3,independent_oracle,3c5f6b3c9bd535cff7657364dadb2efc31f2ea48,21.0,1,2.028125,365.125183,21.572113,0.0,2,true,true,fine_grid,false,governance.selection=pressure_max_under_constraints;seed=continuation
0.3,independent_oracle,3c5f6b3c9bd535cff7657364dadb2efc31f2ea48,21.0,1,2.034375,365.203748,21.572501,0.0,2,true,true,fine_grid,false,governance.selection=pressure_max_under_constraints;seed=continuation
0.3,independent_oracle,3c5f6b3c9bd535cff7657364dadb2efc31f2ea48,21.0,1,2.040625,365.284933,21.572903,0.0,2,true,true,fine_grid,false,governance.selection=pressure_max_under_constraints;seed=continuation
0.3,independent_oracle,3c5f6b3c9bd535cff7657364dadb2efc31f2ea48,21.0,1,2.046875,365.368743,21.57332,0.0,2,true,true,fine_grid,false,governance.selection=pressure_max_under_constraints;seed=continuation
0.3,independent_oracle,3c5f6b3c9bd535cff7657364dadb2efc31f2ea48,21.0,1,2.053125,365.455185,21.573751,0.0,2,true,true,fine_grid,false,governance.selection=pressure_max_under_constraints;seed=continuation
0.3,independent_oracle,3c5f6b3c9bd535cff7657364dadb2efc31f2ea48,21.0,1,2.059375,365.544262,21.574197,0.0,2,true,true,fine_grid,false,governance.selection=pressure_max_under_constraints;seed=continuation
0.3,independent_oracle,3c5f6b3c9bd535cff7657364dadb2efc31f2ea48,21.0,1,2.065625,365.635978,21.574657,0.0,2,true,true,fine_grid,false,governance.selection=pressure_max_under_constraints;seed=continuation
0.3,independent_oracle,3c5f6b3c9bd535cff7657364dadb2efc31f2ea48,21.0,1,2.071875,365.730335,21.575132,0.0,2,true,true,fine_grid,false,governance.selection=pressure_max_under_constraints;seed=continuation
0.3,independent_oracle,3c5f6b3c9bd535cff7657364dadb2efc31f2ea48,21.0,1,2.078125,365.827334,21.575621,0.0,2,true,true,fine_grid,false,governance.selection=pressure_max_under_constraints;seed=continuation
0.3,independent_oracle,3c5f6b3c9bd535cff7657364dadb2efc31f2ea48,21.0,1,2.084375,365.926976,21.576126,0.0,2,true,true,fine_grid,false,governance.selection=pressure_max_under_constraints;seed=continuation
0.3,independent_oracle,3c5f6b3c9bd535cff7657364dadb2efc31f2ea48,21.0,1,2.090625,366.029259,21.576645,0.0,2,true,true,fine_grid,false,governance.selection=pressure_max_under_constraints;seed=continuation
0.3,independent_oracle,3c5f6b3c9bd535cff7657364dadb2efc31f2ea48,21.0,1,2.096875,366.134181,21.577179,0.0,2,true,true,fine_grid,false,governance.selection=pressure_max_under_constraints;seed=continuation
0.3,independent_oracle,3c5f6b3c9bd535cff7657364dadb2efc31f2ea48,21.0,1,2.103125,366.241739,21.577729,0.0,2,true,true,fine_grid,false,governance.selection=pressure_max_under_constraints;seed=continuation
0.3,independent_oracle,3c5f6b3c9bd535cff7657364dadb2efc31f2ea48,21.0,1,2.109375,366.351929,21.578293,0.0,2,true,true,fine_grid,false,governance.selection=pressure_max_under_constraints;seed=continuation
0.3,independent_oracle,3c5f6b3c9bd535cff7657364dadb2efc31f2ea48,21.0,1,2.115625,366.464745,21.578873,0.0,2,true,true,fine_grid,false,governance.selection=pressure_max_under_constraints;seed=continuation
0.3,independent_oracle,3c5f6b3c9bd535cff7657364dadb2efc31f2ea48,21.0,1,2.121875,366.580181,21.579468,0.0,2,true,true,fine_grid,false,governance.selection=pressure_max_under_constraints;seed=continuation
0.3,independent_oracle,3c5f6b3c9bd535cff7657364dadb2efc31f2ea48,21.0,1,2.128125,366.69823,21.580078,0.0,2,true,true,fine_grid,false,governance.selection=pressure_max_under_constraints;seed=continuation
0.3,independent_oracle,3c5f6b3c9bd535cff7657364dadb2efc31f2ea48,21.0,1,2.134375,366.818883,21.580704,0.0,2,true,true,fine_grid,false,governance.selection=pressure_max_under_constraints;seed=continuation
0.3,independent_oracle,3c5f6b3c9bd535cff7657364dadb2efc31f2ea48,21.0,1,2.140625,366.94213,21.581345,0.0,2,true,true,fine_grid,false,governance.selection=pressure_max_under_constraints;seed=continuation
0.3,independent_oracle,3c5f6b3c9bd535cff7657364dadb2efc31f2ea48,21.0,1,2.146875,367.06796,21.582001,0.0,2,true,true,fine_grid,false,governance.selection=pressure_max_under_constraints;seed=continuation
0.3,independent_oracle,3c5f6b3c9bd535cff7657364dadb2efc31f2ea48,21.0,1,2.153125,367.196361,21.582672,0.0,2,true,true,fine_grid,false,governance.selection=pressure_max_under_constraints;seed=continuation
0.3,independent_oracle,3c5f6b3c9bd535cff7657364dadb2efc31f2ea48,21.0,1,2.159375,367.327321,21.583359,0.0,2,true,true,fine_grid,false,governance.selection=pressure_max_under_constraints;seed=continuation
0.3,independent_oracle,3c5f6b3c9bd535cff7657364dadb2efc31f2ea48,21.0,1,2.165625,367.460825,21.584061,0.0,2,true,true,fine_grid,false,governance.selection=pressure_max_under_constraints;seed=continuation
0.3,independent_oracle,3c5f6b3c9bd535cff7657364dadb2efc31f2ea48,21.0,1,2.171875,367.596858,21.584779,0.0,2,true,true,fine_grid,false,governance.selection=pressure_max_under_constraints;seed=continuation
0.3,independent_oracle,3c5f6b3c9bd535cff7657364dadb2efc31f2ea48,21.0,1,2.178125,367.735404,21.585512,0.0,2,true,true,fine_grid,false,governance.selection=pressure_max_under_constraints;seed=continuation
0.3,independent_oracle,3c5f6b3c9bd535cff7657364dadb2efc31f2ea48,21.0,1,2.184375,367.876446,21.58626,0.0,2,true,true,fine_grid,false,governance.selection=pressure_max_under_constraints;seed=continuation
0.3,independent_oracle,3c5f6b3c9bd535cff7657364dadb2efc31f2ea48,21.0,1,2.190625,368.019966,21.587024,0.0,2,true,true,fine_grid,false,governance.selection=pressure_max_under_constraints;seed=continuation
0.3,independent_oracle,3c5f6b3c9bd535cff7657364dadb2efc31f2ea48,21.0,1,2.196875,368.165944,21.587803,0.0,2,true,true,fine_grid,false,governance.selection=pressure_max_under_constraints;seed=continuation
0.3,independent_oracle,3c5f6b3c9bd535cff7657364dadb2efc31f2ea48,21.0,1,2.203125,368.314361,21.588597,0.0,2,true,true,fine_grid,false,governance.selection=pressure_max_under_constraints;seed=continuation
0.3,independent_oracle,3c5f6b3c9bd535cff7657364dadb2efc31f2ea48,21.0,1,2.209375,368.465195,21.589407,0.0,2,true,true,fine_grid,false,governance.selection=pressure_max_under_constraints;seed=continuation
0.3,independent_oracle,3c5f6b3c9bd535cff7657364dadb2efc31f2ea48,21.0,1,2.215625,368.618426,21.590232,0.0,2,true,true,fine_grid,false,governance.selection=pressure_max_under_constraints;seed=continuation
0.3,independent_oracle,3c5f6b3c9bd535cff7657364dadb2efc31f2ea48,21.0,1,2.221875,368.774029,21.591071,0.0,2,true,true,fine_grid,false,governance.selection=pressure_max_under_constraints;seed=continuation
0.3,independent_oracle,3c5f6b3c9bd535cff7657364dadb2efc31f2ea48,21.0,1,2.228125,368.931982,21.591926,0.0,2,true,true,fine_grid,false,governance.selection=pressure_max_under_constraints;seed=continuation
0.3,independent_oracle,3c5f6b3c9bd535cff7657364dadb2efc31f2ea48,21.0,1,2.234375,369.09226,21.592796,0.0,2,true,true,fine_grid,false,governance.selection=pressure_max_under_constraints;seed=continuation
0.3,independent_oracle,3c5f6b3c9bd535cff7657364dadb2efc31f2ea48,21.0,1,2.240625,369.254839,21.593681,0.0,2,true,true,fine_grid,false,governance.selection=pressure_max_under_constraints;seed=continuation
0.3,independent_oracle,3c5f6b3c9bd535cff7657364dadb2efc31f2ea48,21.0,1,2.246875,369.419691,21.594581,0.0,2,true,true,fine_grid,false,governance.selection=pressure_max_under_constraints;seed=continuation
0.3,independent_oracle,3c5f6b3c9bd535cff7657364dadb2efc31f2ea48,21.0,1,2.253125,369.586792,21.595495,0.0,2,true,true,fine_grid,false,governance.selection=pressure_max_under_constraints;seed=continuation
0.3,independent_oracle,3c5f6b3c9bd535cff7657364dadb2efc31f2ea48,21.0,1,2.259375,369.756113,21.596425,0.0,2,true,true,fine_grid,false,governance.selection=pressure_max_under_constraints;seed=continuation
0.3,independent_oracle,3c5f6b3c9bd535cff7657364dadb2efc31f2ea48,21.0,1,2.265625,369.927626,21.597369,0.0,2,true,true,fine_grid,false,governance.selection=pressure_max_under_constraints;seed=continuation
0.3,independent_oracle,3c5f6b3c9bd535cff7657364dadb2efc31f2ea48,21.0,1,2.271875,370.101304,21.598327,0.0,2,true,true,fine_grid,false,governance.selection=pressure_max_under_constraints;seed=continuation
0.3,independent_oracle,3c5f6b3c9bd535cff7657364dadb2efc31f2ea48,21.0,1,2.278125,370.277118,21.5993,0.0,2,true,true,fine_grid,false,governance.selection=pressure_max_under_constraints;seed=continuation
0.3,independent_oracle,3c5f6b3c9bd535cff7657364dadb2efc31f2ea48,21.0,1,2.284375,370.455037,21.600287,0.0,2,true,true,fine_grid,false,governance.selection=pressure_max_under_constraints;seed=continuation
0.3,independent_oracle,3c5f6b3c9bd535cff7657364dadb2efc31f2ea48,21.0,1,2.290625,370.635032,21.601289,0.0,2,true,true,fine_grid,false,governance.selection=pressure_max_under_constraints;seed=continuation
0.3,independent_oracle,3c5f6b3c9bd535cff7657364dadb2efc31f2ea48,21.0,1,2.296875,370.817073,21.602305,0.0,2,true,true,fine_grid,false,governance.selection=pressure_max_under_constraints;seed=continuation
0.3,independent_oracle,3c5f6b3c9bd535cff7657364dadb2efc31f2ea48,21.0,1,2.303125,371.001129,21.603334,0.0,2,true,true,fine_grid,false,governance.selection=pressure_max_under_constraints;seed=continuation
0.3,independent_oracle,3c5f6b3c9bd535cff7657364dadb2efc31f2ea48,21.0,1,2.309375,371.187168,21.604378,0.0,2,true,true,fine_grid,false,governance.selection=pressure_max_under_constraints;seed=continuation
0.3,independent_oracle,3c5f6b3c9bd535cff7657364dadb2efc31f2ea48,21.0,1,2.315625,371.375159,21.605436,0.0,2,true,true,fine_grid,false,governance.selection=pressure_max_under_constraints;seed=continuation
0.3,independent_oracle,3c5f6b3c9bd535cff7657364dadb2efc31f2ea48,21.0,1,2.321875,371.56507,21.606507,0.0,2,true,true,fine_grid,false,governance.selection=pressure_max_under_constraints;seed=continuation
0.3,independent_oracle,3c5f6b3c9bd535cff7657364dadb2efc31f2ea48,21.0,1,2.328125,371.75687,21.607592,0.0,2,true,true,fine_grid,false,governance.selection=pressure_max_under_constraints;seed=continuation
0.3,independent_oracle,3c5f6b3c9bd535cff7657364dadb2efc31f2ea48,21.0,1,2.334375,371.950526,21.60869,0.0,2,true,true,fine_grid,false,governance.selection=pressure_max_under_constraints;seed=continuation
0.3,independent_oracle,3c5f6b3c9bd535cff7657364dadb2efc31f2ea48,21.0,1,2.340625,372.146005,21.609801,0.0,2,true,true,fine_grid,false,governance.selection=pressure_max_under_constraints;seed=continuation
0.3,independent_oracle,3c5f6b3c9bd535cff7657364dadb2efc31f2ea48,21.0,1,2.346875,372.343275,21.610926,0.0,2,true,true,fine_grid,false,governance.selection=pressure_max_under_constraints;seed=continuation
0.3,independent_oracle,3c5f6b3c9bd535cff7657364dadb2efc31f2ea48,21.0,1,2.353125,372.542303,21.612064,0.0,2,true,true,fine_grid,false,governance.selection=pressure_max_under_constraints;seed=continuation
0.3,independent_oracle,3c5f6b3c9bd535cff7657364dadb2efc31f2ea48,21.0,1,2.359375,372.743057,21.613214,0.0,2,true,true,fine_grid,false,governance.selection=pressure_max_under_constraints;seed=continuation
0.3,independent_oracle,3c5f6b3c9bd535cff7657364dadb2efc31f2ea48,21.0,1,2.365625,372.945503,21.614378,0.0,2,true,true,fine_grid,false,governance.selection=pressure_max_under_constraints;seed=continuation
0.3,independent_oracle,3c5f6b3c9bd535cff7657364dadb2efc31f2ea48,21.0,1,2.371875,373.149609,21.615554,0.0,2,true,true,fine_grid,false,governance.selection=pressure_max_under_constraints;seed=continuation
0.3,independent_oracle,3c5f6b3c9bd535cff7657364dadb2efc31f2ea48,21.0,1,2.378125,373.355343,21.616742,0.0,2,true,true,fine_grid,false,governance.selection=pressure_max_under_constraints;seed=continuation
0.3,independent_oracle,3c5f6b3c9bd535cff7657364dadb2efc31f2ea48,21.0,1,2.384375,373.56267,21.617943,0.0,2,true,true,fine_grid,false,governance.selection=pressure_max_under_constraints;seed=continuation
0.3,independent_oracle,3c5f6b3c9bd535cff7657364dadb2efc31f2ea48,21.0,1,2.390625,373.771559,21.619156,0.0,2,true,true,fine_grid,false,governance.selection=pressure_max_under_constraints;seed=continuation
0.3,independent_oracle,3c5f6b3c9bd535cff7657364dadb2efc31f2ea48,21.0,1,2.396875,373.981976,21.620382,0.0,2,true,true,fine_grid,false,governance.selection=pressure_max_under_constraints;seed=continuation
0.3,independent_oracle,3c5f6b3c9bd535cff7657364dadb2efc31f2ea48,21.0,1,2.403125,374.19389,21.621619,0.0,2,true,true,fine_grid,false,governance.selection=pressure_max_under_constraints;seed=continuation
0.3,independent_oracle,3c5f6b3c9bd535cff7657364dadb2efc31f2ea48,21.0,1,2.409375,374.407267,21.622868,0.0,2,true,true,fine_grid,false,governance.selection=pressure_max_under_constraints;seed=continuation
0.3,independent_oracle,3c5f6b3c9bd535cff7657364dadb2efc31f2ea48,21.0,1,2.415625,374.622077,21.624128,0.0,2,true,true,fine_grid,false,governance.selection=pressure_max_under_constraints;seed=continuation
0.3,independent_oracle,3c5f6b3c9bd535cff7657364dadb2efc31f2ea48,21.0,1,2.421875,374.838286,21.6254,0.0,2,true,true,fine_grid,false,governance.selection=pressure_max_under_constraints;seed=continuation
0.3,independent_oracle,3c5f6b3c9bd535cff7657364dadb2efc31f2ea48,21.0,1,2.428125,375.055863,21.626684,0.0,2,true,true,fine_grid,false,governance.selection=pressure_max_under_constraints;seed=continuation
0.3,independent_oracle,3c5f6b3c9bd535cff7657364dadb2efc31f2ea48,21.0,1,2.434375,375.274777,21.627979,0.0,2,true,true,fine_grid,false,governance.selection=pressure_max_under_constraints;seed=continuation
0.3,independent_oracle,3c5f6b3c9bd535cff7657364dadb2efc31f2ea48,21.0,1,2.440625,375.494996,21.629284,0.0,2,true,true,fine_grid,false,governance.selection=pressure_max_under_constraints;seed=continuation
0.3,independent_oracle,3c5f6b3c9bd535cff7657364dadb2efc31f2ea48,21.0,1,2.446875,375.716489,21.630601,0.0,2,true,true,fine_grid,false,governance.selection=pressure_max_under_constraints;seed=continuation
0.3,independent_oracle,3c5f6b3c9bd535cff7657364dadb2efc31f2ea48,21.0,1,2.453125,375.939226,21.631928,0.0,2,true,true,fine_grid,false,governance.selection=pressure_max_under_constraints;seed=continuation
0.3,independent_oracle,3c5f6b3c9bd535cff7657364dadb2efc31f2ea48,21.0,1,2.459375,376.163175,21.633266,0.0,2,true,true,fine_grid,false,governance.selection=pressure_max_under_constraints;seed=continuation
0.3,independent_oracle,3c5f6b3c9bd535cff7657364dadb2efc31f2ea48,21.0,1,2.465625,376.388308,21.634615,0.0,2,true,true,fine_grid,false,governance.selection=pressure_max_under_constraints;seed=continuation
0.3,independent_oracle,3c5f6b3c9bd535cff7657364dadb2efc31f2ea48,21.0,1,2.471875,376.614594,21.635974,0.0,2,true,true,fine_grid,false,governance.selection=pressure_max_under_constraints;seed=continuation
0.3,independent_oracle,3c5f6b3c9bd535cff7657364dadb2efc31f2ea48,21.0,1,2.478125,376.842004,21.637343,0.0,2,true,true,fine_grid,false,governance.selection=pressure_max_under_constraints;seed=continuation
0.3,independent_oracle,3c5f6b3c9bd535cff7657364dadb2efc31f2ea48,21.0,1,2.484375,377.070509,21.638722,0.0,2,true,true,fine_grid,false,governance.selection=pressure_max_under_constraints;seed=continuation
0.3,independent_oracle,3c5f6b3c9bd535cff7657364dadb2efc31f2ea48,21.0,1,2.490625,377.30008,21.640111,0.0,2,true,true,fine_grid,false,governance.selection=pressure_max_under_constraints;seed=continuation
0.3,independent_oracle,3c5f6b3c9bd535cff7657364dadb2efc31f2ea48,21.0,1,2.496875,377.530689,21.64151,0.0,2,true,true,fine_grid,false,governance.selection=pressure_max_under_constraints;seed=continuation
0.3,independent_oracle,3c5f6b3c9bd535cff7657364dadb2efc31f2ea48,21.0,1,2.503125,377.762308,21.642919,0.0,2,true,true,fine_grid,false,governance.selection=pressure_max_under_constraints;seed=continuation
0.3,independent_oracle,3c5f6b3c9bd535cff7657364dadb2efc31f2ea48,21.0,1,2.509375,377.994909,21.644337,0.0,2,true,true,fine_grid,false,governance.selection=pressure_max_under_constraints;seed=continuation
0.3,independent_oracle,3c5f6b3c9bd535cff7657364dadb2efc31f2ea48,21.0,1,2.515625,378.228466,21.645764,0.0,2,true,true,fine_grid,false,governance.selection=pressure_max_under_constraints;seed=continuation
0.3,independent_oracle,3c5f6b3c9bd535cff7657364dadb2efc31f2ea48,21.0,1,2.521875,378.462951,21.647201,0.0,2,true,true,fine_grid,false,governance.selection=pressure_max_under_constraints;seed=continuation
0.3,independent_oracle,3c5f6b3c9bd535cff7657364dadb2efc31f2ea48,21.0,1,2.528125,378.698339,21.648647,0.0,2,true,true,fine_grid,false,governance.selection=pressure_max_under_constraints;seed=continuation
0.3,independent_oracle,3c5f6b3c9bd535cff7657364dadb2efc31f2ea48,21.0,1,2.534375,378.934603,21.650101,0.0,2,true,true,fine_grid,false,governance.selection=pressure_max_under_constraints;seed=continuation
0.3,independent_oracle,3c5f6b3c9bd535cff7657364dadb2efc31f2ea48,21.0,1,2.540625,379.171719,21.651565,0.0,2,true,true,fine_grid,false,governance.selection=pressure_max_under_constraints;seed=continuation
0.3,independent_oracle,3c5f6b3c9bd535cff7657364dadb2efc31f2ea48,21.0,1,2.546875,379.40966,21.653037,0.0,2,true,true,fine_grid,false,governance.selection=pressure_max_under_constraints;seed=continuation
0.3,independent_oracle,3c5f6b3c9bd535cff7657364dadb2efc31f2ea48,21.0,1,2.553125,379.648403,21.654518,0.0,2,true,true,fine_grid,false,governance.selection=pressure_max_under_constraints;seed=continuation
0.3,independent_oracle,3c5f6b3c9bd535cff7657364dadb2efc31f2ea48,21.0,1,2.559375,379.887924,21.656008,0.0,2,true,true,fine_grid,false,governance.selection=pressure_max_under_constraints;seed=continuation
0.3,independent_oracle,3c5f6b3c9bd535cff7657364dadb2efc31f2ea48,21.0,1,2.565625,380.128198,21.657505,0.0,2,true,true,fine_grid,false,governance.selection=pressure_max_under_constraints;seed=continuation
0.3,independent_oracle,3c5f6b3c9bd535cff7657364dadb2efc31f2ea48,21.0,1,2.571875,380.369202,21.659011,0.0,2,true,true,fine_grid,false,governance.selection=pressure_max_under_constraints;seed=continuation
0.3,independent_oracle,3c5f6b3c9bd535cff7657364dadb2efc31f2ea48,21.0,1,2.578125,380.610913,21.660525,0.0,2,true,true,fine_grid,false,governance.selection=pressure_max_under_constraints;seed=continuation
0.3,independent_oracle,3c5f6b3c9bd535cff7657364dadb2efc31f2ea48,21.0,1,2.584375,380.85331,21.662047,0.0,2,true,true,fine_grid,false,governance.selection=pressure_max_under_constraints;seed=continuation
0.3,independent_oracle,3c5f6b3c9bd535cff7657364dadb2efc31f2ea48,21.0,1,2.590625,381.096369,21.663577,0.0,2,true,true,fine_grid,false,governance.selection=pressure_max_under_constraints;seed=continuation
0.3,independent_oracle,3c5f6b3c9bd535cff7657364dadb2efc31f2ea48,21.0,1,2.596875,381.340069,21.665115,0.0,2,true,true,fine_grid,false,governance.selection=pressure_max_under_constraints;seed=continuation
0.3,independent_oracle,3c5f6b3c9bd535cff7657364dadb2efc31f2ea48,21.0,1,2.603125,381.58439,21.66666,0.0,2,true,true,fine_grid,false,governance.selection=pressure_max_under_constraints;seed=continuation
0.3,independent_oracle,3c5f6b3c9bd535cff7657364dadb2efc31f2ea48,21.0,1,2.609375,381.829309,21.668213,0.0,2,true,true,fine_grid,false,governance.selection=pressure_max_under_constraints;seed=continuation
0.3,independent_oracle,3c5f6b3c9bd535cff7657364dadb2efc31f2ea48,21.0,1,2.615625,382.074808,21.669773,0.0,2,true,true,fine_grid,false,governance.selection=pressure_max_under_constraints;seed=continuation
0.3,independent_oracle,3c5f6b3c9bd535cff7657364dadb2efc31f2ea48,21.0,1,2.621875,382.320865,21.67134,0.0,2,true,true,fine_grid,false,governance.selection=pressure_max_under_constraints;seed=continuation
0.3,independent_oracle,3c5f6b3c9bd535cff7657364dadb2efc31f2ea48,21.0,1,2.628125,382.567462,21.672915,0.0,2,true,true,fine_grid,false,governance.selection=pressure_max_under_constraints;seed=continuation
0.3,independent_oracle,3c5f6b3c9bd535cff7657364dadb2efc31f2ea48,21.0,1,2.634375,382.814578,21.674496,0.0,2,true,true,fine_grid,false,governance.selection=pressure_max_under_constraints;seed=continuation
0.3,independent_oracle,3c5f6b3c9bd535cff7657364dadb2efc31f2ea48,21.0,1,2.640625,383.062197,21.676085,0.0,2,true,true,fine_grid,false,governance.selection=pressure_max_under_constraints;seed=continuation
0.3,independent_oracle,3c5f6b3c9bd535cff7657364dadb2efc31f2ea48,21.0,1,2.646875,383.310298,21.677681,0.0,2,true,true,fine_grid,false,governance.selection=pressure_max_under_constraints;seed=continuation
0.3,independent_oracle,3c5f6b3c9bd535cff7657364dadb2efc31f2ea48,21.0,1,2.653125,383.558865,21.679283,0.0,2,true,true,fine_grid,false,governance.selection=pressure_max_under_constraints;seed=continuation
0.3,independent_oracle,3c5f6b3c9bd535cff7657364dadb2efc31f2ea48,21.0,1,2.659375,383.807879,21.680892,0.0,2,true,true,fine_grid,false,governance.selection=pressure_max_under_constraints;seed=continuation
0.3,independent_oracle,3c5f6b3c9bd535cff7657364dadb2efc31f2ea48,21.0,1,2.665625,384.057324,21.682507,0.0,2,true,true,fine_grid,false,governance.selection=pressure_max_under_constraints;seed=continuation
0.3,independent_oracle,3c5f6b3c9bd535cff7657364dadb2efc31f2ea48,21.0,1,2.671875,384.307182,21.684129,0.0,2,true,true,fine_grid,false,governance.selection=pressure_max_under_constraints;seed=continuation
0.3,independent_oracle,3c5f6b3c9bd535cff7657364dadb2efc31f2ea48,21.0,1,2.678125,384.557437,21.685758,0.0,2,true,true,fine_grid,false,governance.selection=pressure_max_under_constraints;seed=continuation
0.3,independent_oracle,3c5f6b3c9bd535cff7657364dadb2efc31f2ea48,21.0,1,2.684375,384.808074,21.687393,0.0,2,true,true,fine_grid,false,governance.selection=pressure_max_under_constraints;seed=continuation
0.3,independent_oracle,3c5f6b3c9bd535cff7657364dadb2efc31f2ea48,21.0,1,2.690625,385.059076,21.689033,0.0,2,true,true,fine_grid,false,governance.selection=pressure_max_under_constraints;seed=continuation
0.3,independent_oracle,3c5f6b3c9bd535cff7657364dadb2efc31f2ea48,21.0,1,2.696875,385.310428,21.69068,0.0,2,true,true,fine_grid,false,governance.selection=pressure_max_under_constraints;seed=continuation
0.3,independent_oracle,3c5f6b3c9bd535cff7657364dadb2efc31f2ea48,21.0,1,2.703125,385.562114,21.692333,0.0,2,true,true,fine_grid,false,governance.selection=pressure_max_under_constraints;seed=continuation
0.3,independent_oracle,3c5f6b3c9bd535cff7657364dadb2efc31f2ea48,21.0,1,2.709375,385.814121,21.693992,0.0,2,true,true,fine_grid,false,governance.selection=pressure_max_under_constraints;seed=continuation
0.3,independent_oracle,3c5f6b3c9bd535cff7657364dadb2efc31f2ea48,21.0,1,2.715625,386.066434,21.695657,0.0,2,true,true,fine_grid,false,governance.selection=pressure_max_under_constraints;seed=continuation
0.3,independent_oracle,3c5f6b3c9bd535cff7657364dadb2efc31f2ea48,21.0,1,2.721875,386.31904,21.697328,0.0,2,true,true,fine_grid,false,governance.selection=pressure_max_under_constraints;seed=continuation
0.3,independent_oracle,3c5f6b3c9bd535cff7657364dadb2efc31f2ea48,21.0,1,2.728125,386.571923,21.699004,0.0,2,true,true,fine_grid,false,governance.selection=pressure_max_under_constraints;seed=continuation
0.3,independent_oracle,3c5f6b3c9bd535cff7657364dadb2efc31f2ea48,21.0,1,2.734375,386.825071,21.700686,0.0,2,true,true,fine_grid,false,governance.selection=pressure_max_under_constraints;seed=continuation
0.3,independent_oracle,3c5f6b3c9bd535cff7657364dadb2efc31f2ea48,21.0,1,2.740625,387.078471,21.702373,0.0,2,true,true,fine_grid,false,governance.selection=pressure_max_under_constraints;seed=continuation
0.3,independent_oracle,3c5f6b3c9bd535cff7657364dadb2efc31f2ea48,21.0,1,2.746875,387.332111,21.704066,0.0,2,true,true,fine_grid,false,governance.selection=pressure_max_under_constraints;seed=continuation
0.3,independent_oracle,3c5f6b3c9bd535cff7657364dadb2efc31f2ea48,21.0,1,2.753125,387.585977,21.705764,0.0,2,true,true,fine_grid,false,governance.selection=pressure_max_under_constraints;seed=continuation
0.3,independent_oracle,3c5f6b3c9bd535cff7657364dadb2efc31f2ea48,21.0,1,2.759375,387.840057,21.707468,0.0,2,true,true,fine_grid,false,governance.selection=pressure_max_under_constraints;seed=continuation
0.3,independent_oracle,3c5f6b3c9bd535cff7657364dadb2efc31f2ea48,21.0,1,2.765625,388.094341,21.709177,0.0,2,true,true,fine_grid,false,governance.selection=pressure_max_under_constraints;seed=continuation
0.3,independent_oracle,3c5f6b3c9bd535cff7657364dadb2efc31f2ea48,21.0,1,2.771875,388.348815,21.71089,0.0,2,true,true,fine_grid,false,governance.selection=pressure_max_under_constraints;seed=continuation
0.3,independent_oracle,3c5f6b3c9bd535cff7657364dadb2efc31f2ea48,21.0,1,2.778125,388.60347,21.712609,0.0,2,true,true,fine_grid,false,governance.selection=pressure_max_under_constraints;seed=continuation
0.3,independent_oracle,3c5f6b3c9bd535cff7657364dadb2efc31f2ea48,21.0,1,2.784375,388.858293,21.714333,0.0,2,true,true,fine_grid,false,governance.selection=pressure_max_under_constraints;seed=continuation
0.3,independent_oracle,3c5f6b3c9bd535cff7657364dadb2efc31f2ea48,21.0,1,2.790625,389.113275,21.716062,0.0,2,true,true,fine_grid,false,governance.selection=pressure_max_under_constraints;seed=continuation
0.3,independent_oracle,3c5f6b3c9bd535cff7657364dadb2efc31f2ea48,21.0,1,2.796875,389.368404,21.717796,0.0,2,true,true,fine_grid,false,governance.selection=pressure_max_under_constraints;seed=continuation
0.3,independent_oracle,3c5f6b3c9bd535cff7657364dadb2efc31f2ea48,21.0,1,2.803125,389.623671,21.719535,0.0,2,true,true,fine_grid,false,governance.selection=pressure_max_under_constraints;seed=continuation
0.3,independent_oracle,3c5f6b3c9bd535cff7657364dadb2efc31f2ea48,21.0,1,2.809375,389.879065,21.721278,0.0,2,true,true,fine_grid,false,governance.selection=pressure_max_under_constraints;seed=continuation
0.3,independent_oracle,3c5f6b3c9bd535cff7657364dadb2efc31f2ea48,21.0,1,2.815625,390.134577,21.723026,0.0,2,true,true,fine_grid,false,governance.selection=pressure_max_under_constraints;seed=continuation
0.3,independent_oracle,3c5f6b3c9bd535cff7657364dadb2efc31f2ea48,21.0,1,2.821875,390.390197,21.724779,0.0,2,true,true,fine_grid,false,governance.selection=pressure_max_under_constraints;seed=continuation
0.3,independent_oracle,3c5f6b3c9bd535cff7657364dadb2efc31f2ea48,21.0,1,2.828125,390.645917,21.726536,0.0,2,true,true,fine_grid,false,governance.selection=pressure_max_under_constraints;seed=continuation
0.3,independent_oracle,3c5f6b3c9bd535cff7657364dadb2efc31f2ea48,21.0,1,2.834375,390.901726,21.728298,0.0,2,true,true,fine_grid,false,governance.selection=pressure_max_under_constraints;seed=continuation
0.3,independent_oracle,3c5f6b3c9bd535cff7657364dadb2efc31f2ea48,21.0,1,2.840625,391.157617,21.730064,0.0,2,true,true,fine_grid,false,governance.selection=pressure_max_under_constraints;seed=continuation
0.3,independent_oracle,3c5f6b3c9bd535cff7657364dadb2efc31f2ea48,21.0,1,2.846875,391.41358,21.731835,0.0,2,true,true,fine_grid,false,governance.selection=pressure_max_under_constraints;seed=continuation
0.3,independent_oracle,3c5f6b3c9bd535cff7657364dadb2efc31f2ea48,21.0,1,2.853125,391.669608,21.73361,0.0,2,true,true,fine_grid,false,governance.selection=pressure_max_under_constraints;seed=continuation
0.3,independent_oracle,3c5f6b3c9bd535cff7657364dadb2efc31f2ea48,21.0,1,2.859375,391.925691,21.735389,0.0,2,true,true,fine_grid,false,governance.selection=pressure_max_under_constraints;seed=continuation
0.3,independent_oracle,3c5f6b3c9bd535cff7657364dadb2efc31f2ea48,21.0,1,2.865625,392.181823,21.737172,0.0,2,true,true,fine_grid,false,governance.selection=pressure_max_under_constraints;seed=continuation
0.3,independent_oracle,3c5f6b3c9bd535cff7657364dadb2efc31f2ea48,21.0,1,2.871875,392.437996,21.73896,0.0,2,true,true,fine_grid,false,governance.selection=pressure_max_under_constraints;seed=continuation
0.3,independent_oracle,3c5f6b3c9bd535cff7657364dadb2efc31f2ea48,21.0,1,2.878125,392.694201,21.740752,0.0,2,true,true,fine_grid,false,governance.selection=pressure_max_under_constraints;seed=continuation
0.3,independent_oracle,3c5f6b3c9bd535cff7657364dadb2efc31f2ea48,21.0,1,2.884375,392.950432,21.742548,0.0,2,true,true,fine_grid,false,governance.selection=pressure_max_under_constraints;seed=continuation
0.3,independent_oracle,3c5f6b3c9bd535cff7657364dadb2efc31f2ea48,21.0,1,2.890625,393.206681,21.744348,0.0,2,true,true,fine_grid,false,governance.selection=pressure_max_under_constraints;seed=continuation
0.3,independent_oracle,3c5f6b3c9bd535cff7657364dadb2efc31f2ea48,21.0,1,2.896875,393.462942,21.746151,0.0,2,true,true,fine_grid,false,governance.selection=pressure_max_under_constraints;seed=continuation
0.3,independent_oracle,3c5f6b3c9bd535cff7657364dadb2efc31f2ea48,21.0,1,2.903125,393.719208,21.747959,0.0,2,true,true,fine_grid,false,governance.selection=pressure_max_under_constraints;seed=continuation
0.3,independent_oracle,3c5f6b3c9bd535cff7657364dadb2efc31f2ea48,21.0,1,2.909375,393.975471,21.749771,0.0,2,true,true,fine_grid,false,governance.selection=pressure_max_under_constraints;seed=continuation
0.3,independent_oracle,3c5f6b3c9bd535cff7657364dadb2efc31f2ea48,21.0,1,2.915625,394.231726,21.751586,0.0,2,true,true,fine_grid,false,governance.selection=pressure_max_under_constraints;seed=continuation
0.3,independent_oracle,3c5f6b3c9bd535cff7657364dadb2efc31f2ea48,21.0,1,2.921875,394.487967,21.753406,0.0,2,true,true,fine_grid,false,governance.selection=pressure_max_under_constraints;seed=continuation
0.3,independent_oracle,3c5f6b3c9bd535cff7657364dadb2efc31f2ea48,21.0,1,2.928125,394.744186,21.755229,0.0,2,true,true,fine_grid,false,governance.selection=pressure_max_under_constraints;seed=continuation
0.3,independent_oracle,3c5f6b3c9bd535cff7657364dadb2efc31f2ea48,21.0,1,2.934375,395.000379,21.757055,0.0,2,true,true,fine_grid,false,governance.selection=pressure_max_under_constraints;seed=continuation
0.3,independent_oracle,3c5f6b3c9bd535cff7657364dadb2efc31f2ea48,21.0,1,2.940625,395.256539,21.758886,0.0,2,true,true,fine_grid,false,governance.selection=pressure_max_under_constraints;seed=continuation
0.3,independent_oracle,3c5f6b3c9bd535cff7657364dadb2efc31f2ea48,21.0,1,2.946875,395.51266,21.76072,0.0,2,true,true,fine_grid,false,governance.selection=pressure_max_under_constraints;seed=continuation
0.3,independent_oracle,3c5f6b3c9bd535cff7657364dadb2efc31f2ea48,21.0,1,2.953125,395.768738,21.762557,0.0,2,true,true,fine_grid,false,governance.selection=pressure_max_under_constraints;seed=continuation
0.3,independent_oracle,3c5f6b3c9bd535cff7657364dadb2efc31f2ea48,21.0,1,2.959375,396.024767,21.764398,0.0,2,true,true,fine_grid,false,governance.selection=pressure_max_under_constraints;seed=continuation
0.3,independent_oracle,3c5f6b3c9bd535cff7657364dadb2efc31f2ea48,21.0,1,2.965625,396.280741,21.766243,0.0,2,true,true,fine_grid,false,governance.selection=pressure_max_under_constraints;seed=continuation
0.3,independent_oracle,3c5f6b3c9bd535cff7657364dadb2efc31f2ea48,21.0,1,2.971875,396.536656,21.768091,0.0,2,true,true,fine_grid,false,governance.selection=pressure_max_under_constraints;seed=continuation
0.3,independent_oracle,3c5f6b3c9bd535cff7657364dadb2efc31f2ea48,21.0,1,2.978125,396.792506,21.769943,0.0,2,true,true,fine_grid,false,governance.selection=pressure_max_under_constraints;seed=continuation
0.3,independent_oracle,3c5f6b3c9bd535cff7657364dadb2efc31f2ea48,21.0,1,2.984375,397.048287,21.771798,0.0,2,true,true,fine_grid,false,governance.selection=pressure_max_under_constraints;seed=continuation
0.3,independent_oracle,3c5f6b3c9bd535cff7657364dadb2efc31f2ea48,21.0,1,2.990625,397.303994,21.773656,0.0,2,true,true,fine_grid,false,governance.selection=pressure_max_under_constraints;seed=continuation
0.3,independent_oracle,3c5f6b3c9bd535cff7657364dadb2efc31f2ea48,21.0,1,2.996875,397.559622,21.775517,0.0,2,true,true,fine_grid,false,governance.selection=pressure_max_under_constraints;seed=continuation
0.3,independent_oracle,3c5f6b3c9bd535cff7657364dadb2efc31f2ea48,21.0,1,3.003125,397.815167,21.777382,0.0,2,true,true,fine_grid,false,governance.selection=pressure_max_under_constraints;seed=continuation
0.3,independent_oracle,3c5f6b3c9bd535cff7657364dadb2efc31f2ea48,21.0,1,3.009375,398.070625,21.77925,0.0,2,true,true,fine_grid,false,governance.selection=pressure_max_under_constraints;seed=continuation
0.3,independent_oracle,3c5f6b3c9bd535cff7657364dadb2efc31f2ea48,21.0,1,3.015625,398.325991,21.781122,0.0,2,true,true,fine_grid,false,governance.selection=pressure_max_under_constraints;seed=continuation
0.3,independent_oracle,3c5f6b3c9bd535cff7657364dadb2efc31f2ea48,21.0,1,3.021875,398.581262,21.782996,0.0,2,true,true,fine_grid,false,governance.selection=pressure_max_under_constraints;seed=continuation
0.3,independent_oracle,3c5f6b3c9bd535cff7657364dadb2efc31f2ea48,21.0,1,3.028125,398.836432,21.784874,0.0,2,true,true,fine_grid,false,governance.selection=pressure_max_under_constraints;seed=continuation
0.3,independent_oracle,3c5f6b3c9bd535cff7657364dadb2efc31f2ea48,21.0,1,3.034375,399.091499,21.786755,0.0,2,true,true,fine_grid,false,governance.selection=pressure_max_under_constraints;seed=continuation
0.3,independent_oracle,3c5f6b3c9bd535cff7657364dadb2efc31f2ea48,21.0,1,3.040625,399.346459,21.788638,0.0,2,true,true,fine_grid,false,governance.selection=pressure_max_under_constraints;seed=continuation
0.3,independent_oracle,3c5f6b3c9bd535cff7657364dadb2efc31f2ea48,21.0,1,3.046875,399.601307,21.790525,0.0,2,true,true,fine_grid,false,governance.selection=pressure_max_under_constraints;seed=continuation
0.3,independent_oracle,3c5f6b3c9bd535cff7657364dadb2efc31f2ea48,21.0,1,3.053125,399.856041,21.792415,0.0,2,true,true,fine_grid,false,governance.selection=pressure_max_under_constraints;seed=continuation
0.3,independent_oracle,3c5f6b3c9bd535cff7657364dadb2efc31f2ea48,21.0,1,3.059375,400.110657,21.794308,0.0,2,true,true,fine_grid,false,governance.selection=pressure_max_under_constraints;seed=continuation
0.3,independent_oracle,3c5f6b3c9bd535cff7657364dadb2efc31f2ea48,21.0,1,3.065625,400.365151,21.796204,0.0,2,true,true,fine_grid,false,governance.selection=pressure_max_under_constraints;seed=continuation
0.3,independent_oracle,3c5f6b3c9bd535cff7657364dadb2efc31f2ea48,21.0,1,3.071875,400.61952,21.798103,0.0,2,true,true,fine_grid,false,governance.selection=pressure_max_under_constraints;seed=continuation
0.3,independent_oracle,3c5f6b3c9bd535cff7657364dadb2efc31f2ea48,21.0,1,3.078125,400.873761,21.800004,0.0,2,true,true,fine_grid,false,governance.selection=pressure_max_under_constraints;seed=continuation
0.3,independent_oracle,3c5f6b3c9bd535cff7657364dadb2efc31f2ea48,21.0,1,3.084375,401.12787,21.801909,0.0,2,true,true,fine_grid,false,governance.selection=pressure_max_under_constraints;seed=continuation
0.3,independent_oracle,3c5f6b3c9bd535cff7657364dadb2efc31f2ea48,21.0,1,3.090625,401.381846,21.803817,0.0,2,true,true,fine_grid,false,governance.selection=pressure_max_under_constraints;seed=continuation
0.3,independent_oracle,3c5f6b3c9bd535cff7657364dadb2efc31f2ea48,21.0,1,3.096875,401.635684,21.805727,0.0,2,true,true,fine_grid,false,governance.selection=pressure_max_under_constraints;seed=continuation
0.3,independent_oracle,3c5f6b3c9bd535cff7657364dadb2efc31f2ea48,21.0,1,3.103125,401.889382,21.80764,0.0,2,true,true,fine_grid,false,governance.selection=pressure_max_under_constraints;seed=continuation
0.3,independent_oracle,3c5f6b3c9bd535cff7657364dadb2efc31f2ea48,21.0,1,3.109375,402.142937,21.809556,0.0,2,true,true,fine_grid,false,governance.selection=pressure_max_under_constraints;seed=continuation
0.3,independent_oracle,3c5f6b3c9bd535cff7657364dadb2efc31f2ea48,21.0,1,3.115625,402.396346,21.811474,0.0,2,true,true,fine_grid,false,governance.selection=pressure_max_under_constraints;seed=continuation
0.3,independent_oracle,3c5f6b3c9bd535cff7657364dadb2efc31f2ea48,21.0,1,3.121875,402.649607,21.813396,0.0,2,true,true,fine_grid,false,governance.selection=pressure_max_under_constraints;seed=continuation
0.3,independent_oracle,3c5f6b3c9bd535cff7657364dadb2efc31f2ea48,21.0,1,3.128125,402.902717,21.81532,0.0,2,true,true,fine_grid,false,governance.selection=pressure_max_under_constraints;seed=continuation
0.3,independent_oracle,3c5f6b3c9bd535cff7657364dadb2efc31f2ea48,21.0,1,3.134375,403.155674,21.817246,0.0,2,true,true,fine_grid,false,governance.selection=pressure_max_under_constraints;seed=continuation
0.3,independent_oracle,3c5f6b3c9bd535cff7657364dadb2efc31f2ea48,21.0,1,3.140625,403.408475,21.819176,0.0,2,true,true,fine_grid,false,governance.selection=pressure_max_under_constraints;seed=continuation
0.3,independent_oracle,3c5f6b3c9bd535cff7657364dadb2efc31f2ea48,21.0,1,3.146875,403.661117,21.821108,0.0,2,true,true,fine_grid,false,governance.selection=pressure_max_under_constraints;seed=continuation
0.3,independent_oracle,3c5f6b3c9bd535cff7657364dadb2efc31f2ea48,21.0,1,3.153125,403.9136,21.823042,0.0,2,true,true,fine_grid,false,governance.selection=pressure_max_under_constraints;seed=continuation
0.3,independent_oracle,3c5f6b3c9bd535cff7657364dadb2efc31f2ea48,21.0,1,3.159375,404.165919,21.82498,0.0,2,true,true,fine_grid,false,governance.selection=pressure_max_under_constraints;seed=continuation
0.3,independent_oracle,3c5f6b3c9bd535cff7657364dadb2efc31f2ea48,21.0,1,3.165625,404.418074,21.826919,0.0,2,true,true,fine_grid,false,governance.selection=pressure_max_under_constraints;seed=continuation
0.3,independent_oracle,3c5f6b3c9bd535cff7657364dadb2efc31f2ea48,21.0,1,3.171875,404.670061,21.828862,0.0,2,true,true,fine_grid,false,governance.selection=pressure_max_under_constraints;seed=continuation
0.3,independent_oracle,3c5f6b3c9bd535cff7657364dadb2efc31f2ea48,21.0,1,3.178125,404.92188,21.830807,0.0,2,true,true,fine_grid,false,governance.selection=pressure_max_under_constraints;seed=continuation
0.3,independent_oracle,3c5f6b3c9bd535cff7657364dadb2efc31f2ea48,21.0,1,3.184375,405.173528,21.832754,0.0,2,true,true,fine_grid,false,governance.selection=pressure_max_under_constraints;seed=continuation
0.3,independent_oracle,3c5f6b3c9bd535cff7657364dadb2efc31f2ea48,21.0,1,3.190625,405.425002,21.834704,0.0,2,true,true,fine_grid,false,governance.selection=pressure_max_under_constraints;seed=continuation
0.3,independent_oracle,3c5f6b3c9bd535cff7657364dadb2efc31f2ea48,21.0,1,3.196875,405.676302,21.836656,0.0,2,true,true,fine_grid,false,governance.selection=pressure_max_under_constraints;seed=continuation
0.3,independent_oracle,3c5f6b3c9bd535cff7657364dadb2efc31f2ea48,21.0,1,3.203125,405.927425,21.838611,0.0,2,true,true,fine_grid,false,governance.selection=pressure_max_under_constraints;seed=continuation
0.3,independent_oracle,3c5f6b3c9bd535cff7657364dadb2efc31f2ea48,21.0,1,3.209375,406.17837,21.840568,0.0,2,true,true,fine_grid,false,governance.selection=pressure_max_under_constraints;seed=continuation
0.3,independent_oracle,3c5f6b3c9bd535cff7657364dadb2efc31f2ea48,21.0,1,3.215625,406.429134,21.842528,0.0,2,true,true,fine_grid,false,governance.selection=pressure_max_under_constraints;seed=continuation
0.3,independent_oracle,3c5f6b3c9bd535cff7657364dadb2efc31f2ea48,21.0,1,3.221875,406.679717,21.84449,0.0,2,true,true,fine_grid,false,governance.selection=pressure_max_under_constraints;seed=continuation
0.3,independent_oracle,3c5f6b3c9bd535cff7657364dadb2efc31f2ea48,21.0,1,3.228125,406.930116,21.846454,0.0,2,true,true,fine_grid,false,governance.selection=pressure_max_under_constraints;seed=continuation
0.3,independent_oracle,3c5f6b3c9bd535cff7657364dadb2efc31f2ea48,21.0,1,3.234375,407.18033,21.848421,0.0,2,true,true,fine_grid,false,governance.selection=pressure_max_under_constraints;seed=continuation
0.3,independent_oracle,3c5f6b3c9bd535cff7657364dadb2efc31f2ea48,21.0,1,3.240625,407.430358,21.85039,0.0,2,true,true,fine_grid,false,governance.selection=pressure_max_under_constraints;seed=continuation
0.3,independent_oracle,3c5f6b3c9bd535cff7657364dadb2efc31f2ea48,21.0,1,3.246875,407.680198,21.852361,0.0,2,true,true,fine_grid,false,governance.selection=pressure_max_under_constraints;seed=continuation
0.3,independent_oracle,3c5f6b3c9bd535cff7657364dadb2efc31f2ea48,21.0,1,3.253125,407.929848,21.854335,0.0,2,true,true,fine_grid,false,governance.selection=pressure_max_under_constraints;seed=continuation
0.3,independent_oracle,3c5f6b3c9bd535cff7657364dadb2efc31f2ea48,21.0,1,3.259375,408.179307,21.856311,0.0,2,true,true,fine_grid,false,governance.selection=pressure_max_under_constraints;seed=continuation
0.3,independent_oracle,3c5f6b3c9bd535cff7657364dadb2efc31f2ea48,21.0,1,3.265625,408.428574,21.858289,0.0,2,true,true,fine_grid,false,governance.selection=pressure_max_under_constraints;seed=continuation
0.3,independent_oracle,3c5f6b3c9bd535cff7657364dadb2efc31f2ea48,21.0,1,3.271875,408.677648,21.860269,0.0,2,true,true,fine_grid,false,governance.selection=pressure_max_under_constraints;seed=continuation
0.3,independent_oracle,3c5f6b3c9bd535cff7657364dadb2efc31f2ea48,21.0,1,3.278125,408.926527,21.862252,0.0,2,true,true,fine_grid,false,governance.selection=pressure_max_under_constraints;seed=continuation
0.3,independent_oracle,3c5f6b3c9bd535cff7657364dadb2efc31f2ea48,21.0,1,3.284375,409.17521,21.864237,0.0,2,true,true,fine_grid,false,governance.selection=pressure_max_under_constraints;seed=continuation
0.3,independent_oracle,3c5f6b3c9bd535cff7657364dadb2efc31f2ea48,21.0,1,3.290625,409.423696,21.866224,0.0,2,true,true,fine_grid,false,governance.selection=pressure_max_under_constraints;seed=continuation
0.3,independent_oracle,3c5f6b3c9bd535cff7657364dadb2efc31f2ea48,21.0,1,3.296875,409.671984,21.868213,0.0,2,true,true,fine_grid,false,governance.selection=pressure_max_under_constraints;seed=continuation
0.3,independent_oracle,3c5f6b3c9bd535cff7657364dadb2efc31f2ea48,21.0,1,3.303125,409.920072,21.870205,0.0,2,true,true,fine_grid,false,governance.selection=pressure_max_under_constraints;seed=continuation
0.3,independent_oracle,3c5f6b3c9bd535cff7657364dadb2efc31f2ea48,21.0,1,3.309375,410.167959,21.872198,0.0,2,true,true,fine_grid,false,governance.selection=pressure_max_under_constraints;seed=continuation
0.3,independent_oracle,3c5f6b3c9bd535cff7657364dadb2efc31f2ea48,21.0,1,3.315625,410.415645,21.874194,0.0,2,true,true,fine_grid,false,governance.selection=pressure_max_under_constraints;seed=continuation
0.3,independent_oracle,3c5f6b3c9bd535cff7657364dadb2efc31f2ea48,21.0,1,3.321875,410.663129,21.876192,0.0,2,true,true,fine_grid,false,governance.selection=pressure_max_under_constraints;seed=continuation
0.3,independent_oracle,3c5f6b3c9bd535cff7657364dadb2efc31f2ea48,21.0,1,3.328125,410.910408,21.878192,0.0,2,true,true,fine_grid,false,governance.selection=pressure_max_under_constraints;seed=continuation
0.3,independent_oracle,3c5f6b3c9bd535cff7657364dadb2efc31f2ea48,21.0,1,3.334375,411.157484,21.880194,0.0,2,true,true,fine_grid,false,governance.selection=pressure_max_under_constraints;seed=continuation
0.3,independent_oracle,3c5f6b3c9bd535cff7657364dadb2efc31f2ea48,21.0,1,3.340625,411.404354,21.882198,0.0,2,true,true,fine_grid,false,governance.selection=pressure_max_under_constraints;seed=continuation
0.3,independent_oracle,3c5f6b3c9bd535cff7657364dadb2efc31f2ea48,21.0,1,3.346875,411.651017,21.884205,0.0,2,true,true,fine_grid,false,governance.selection=pressure_max_under_constraints;seed=continuation
0.3,independent_oracle,3c5f6b3c9bd535cff7657364dadb2efc31f2ea48,21.0,1,3.353125,411.897474,21.886213,0.0,2,true,true,fine_grid,false,governance.selection=pressure_max_under_constraints;seed=continuation
0.3,independent_oracle,3c5f6b3c9bd535cff7657364dadb2efc31f2ea48,21.0,1,3.359375,412.143722,21.888223,0.0,2,true,true,fine_grid,false,governance.selection=pressure_max_under_constraints;seed=continuation
0.3,independent_oracle,3c5f6b3c9bd535cff7657364dadb2efc31f2ea48,21.0,1,3.365625,412.389762,21.890236,0.0,2,true,true,fine_grid,false,governance.selection=pressure_max_under_constraints;seed=continuation
0.3,independent_oracle,3c5f6b3c9bd535cff7657364dadb2efc31f2ea48,21.0,1,3.371875,412.635592,21.89225,0.0,2,true,true,fine_grid,false,governance.selection=pressure_max_under_constraints;seed=continuation
0.3,independent_oracle,3c5f6b3c9bd535cff7657364dadb2efc31f2ea48,21.0,1,3.378125,412.881211,21.894267,0.0,2,true,true,fine_grid,false,governance.selection=pressure_max_under_constraints;seed=continuation
0.3,independent_oracle,3c5f6b3c9bd535cff7657364dadb2efc31f2ea48,21.0,1,3.384375,413.12662,21.896285,0.0,2,true,true,fine_grid,false,governance.selection=pressure_max_under_constraints;seed=continuation
0.3,independent_oracle,3c5f6b3c9bd535cff7657364dadb2efc31f2ea48,21.0,1,3.390625,413.371817,21.898306,0.0,2,true,true,fine_grid,false,governance.selection=pressure_max_under_constraints;seed=continuation
0.3,independent_oracle,3c5f6b3c9bd535cff7657364dadb2efc31f2ea48,21.0,1,3.396875,413.616802,21.900328,0.0,2,true,true,fine_grid,false,governance.selection=pressure_max_under_constraints;seed=continuation
0.3,independent_oracle,3c5f6b3c9bd535cff7657364dadb2efc31f2ea48,21.0,1,3.403125,413.861573,21.902353,0.0,2,true,true,fine_grid,false,governance.selection=pressure_max_under_constraints;seed=continuation
0.3,independent_oracle,3c5f6b3c9bd535cff7657364dadb2efc31f2ea48,21.0,1,3.409375,414.106131,21.904379,0.0,2,true,true,fine_grid,false,governance.selection=pressure_max_under_constraints;seed=continuation
0.3,independent_oracle,3c5f6b3c9bd535cff7657364dadb2efc31f2ea48,21.0,1,3.415625,414.350475,21.906407,0.0,2,true,true,fine_grid,false,governance.selection=pressure_max_under_constraints;seed=continuation
0.3,independent_oracle,3c5f6b3c9bd535cff7657364dadb2efc31f2ea48,21.0,1,3.421875,414.594603,21.908437,0.0,2,true,true,fine_grid,false,governance.selection=pressure_max_under_constraints;seed=continuation
0.3,independent_oracle,3c5f6b3c9bd535cff7657364dadb2efc31f2ea48,21.0,1,3.428125,414.838517,21.91047,0.0,2,true,true,fine_grid,false,governance.selection=pressure_max_under_constraints;seed=continuation
0.3,independent_oracle,3c5f6b3c9bd535cff7657364dadb2efc31f2ea48,21.0,1,3.434375,415.082214,21.912504,0.0,2,true,true,fine_grid,false,governance.selection=pressure_max_under_constraints;seed=continuation
0.3,independent_oracle,3c5f6b3c9bd535cff7657364dadb2efc31f2ea48,21.0,1,3.440625,415.325695,21.91454,0.0,2,true,true,fine_grid,false,governance.selection=pressure_max_under_constraints;seed=continuation
0.3,independent_oracle,3c5f6b3c9bd535cff7657364dadb2efc31f2ea48,21.0,1,3.446875,415.568959,21.916577,0.0,2,true,true,fine_grid,false,governance.selection=pressure_max_under_constraints;seed=continuation
0.3,independent_oracle,3c5f6b3c9bd535cff7657364dadb2efc31f2ea48,21.0,1,3.453125,415.812006,21.918617,0.0,2,true,true,fine_grid,false,governance.selection=pressure_max_under_constraints;seed=continuation
0.3,independent_oracle,3c5f6b3c9bd535cff7657364dadb2efc31f2ea48,21.0,1,3.459375,416.054834,21.920659,0.0,2,true,true,fine_grid,false,governance.selection=pressure_max_under_constraints;seed=continuation
0.3,independent_oracle,3c5f6b3c9bd535cff7657364dadb2efc31f2ea48,21.0,1,3.465625,416.297444,21.922702,0.0,2,true,true,fine_grid,false,governance.selection=pressure_max_under_constraints;seed=continuation
0.3,independent_oracle,3c5f6b3c9bd535cff7657364dadb2efc31f2ea48,21.0,1,3.471875,416.539836,21.924747,0.0,2,true,true,fine_grid,false,governance.selection=pressure_max_under_constraints;seed=continuation
0.3,independent_oracle,3c5f6b3c9bd535cff7657364dadb2efc31f2ea48,21.0,1,3.478125,416.782008,21.926794,0.0,2,true,true,fine_grid,false,governance.selection=pressure_max_under_constraints;seed=continuation
0.3,independent_oracle,3c5f6b3c9bd535cff7657364dadb2efc31f2ea48,21.0,1,3.484375,417.023961,21.928843,0.0,2,true,true,fine_grid,false,governance.selection=pressure_max_under_constraints;seed=continuation
0.3,independent_oracle,3c5f6b3c9bd535cff7657364dadb2efc31f2ea48,21.0,1,3.490625,417.265694,21.930894,0.0,2,true,true,fine_grid,false,governance.selection=pressure_max_under_constraints;seed=continuation
0.3,independent_oracle,3c5f6b3c9bd535cff7657364dadb2efc31f2ea48,21.0,1,3.496875,417.507207,21.932946,0.0,2,true,true,fine_grid,false,governance.selection=pressure_max_under_constraints;seed=continuation
0.3,independent_oracle,3c5f6b3c9bd535cff7657364dadb2efc31f2ea48,21.0,1,3.503125,417.748499,21.935001,0.0,2,true,true,fine_grid,false,governance.selection=pressure_max_under_constraints;seed=continuation
0.3,independent_oracle,3c5f6b3c9bd535cff7657364dadb2efc31f2ea48,21.0,1,3.509375,417.98957,21.937057,0.0,2,true,true,fine_grid,false,governance.selection=pressure_max_under_constraints;seed=continuation
0.3,independent_oracle,3c5f6b3c9bd535cff7657364dadb2efc31f2ea48,21.0,1,3.515625,418.23042,21.939115,0.0,2,true,true,fine_grid,false,governance.selection=pressure_max_under_constraints;seed=continuation
0.3,independent_oracle,3c5f6b3c9bd535cff7657364dadb2efc31f2ea48,21.0,1,3.521875,418.471048,21.941174,0.0,2,true,true,fine_grid,false,governance.selection=pressure_max_under_constraints;seed=continuation
0.3,independent_oracle,3c5f6b3c9bd535cff7657364dadb2efc31f2ea48,21.0,1,3.528125,418.711455,21.943236,0.0,2,true,true,fine_grid,false,governance.selection=pressure_max_under_constraints;seed=continuation
0.3,independent_oracle,3c5f6b3c9bd535cff7657364dadb2efc31f2ea48,21.0,1,3.534375,418.951639,21.945299,0.0,2,true,true,fine_grid,false,governance.selection=pressure_max_under_constraints;seed=continuation
0.3,independent_oracle,3c5f6b3c9bd535cff7657364dadb2efc31f2ea48,21.0,1,3.540625,419.191602,21.947364,0.0,2,true,true,fine_grid,false,governance.selection=pressure_max_under_constraints;seed=continuation
0.3,independent_oracle,3c5f6b3c9bd535cff7657364dadb2efc31f2ea48,21.0,1,3.546875,419.431341,21.94943,0.0,2,true,true,fine_grid,false,governance.selection=pressure_max_under_constraints;seed=continuation
0.3,independent_oracle,3c5f6b3c9bd535cff7657364dadb2efc31f2ea48,21.0,1,3.553125,419.670858,21.951499,0.0,2,true,true,fine_grid,false,governance.selection=pressure_max_under_constraints;seed=continuation
0.3,independent_oracle,3c5f6b3c9bd535cff7657364dadb2efc31f2ea48,21.0,1,3.559375,419.910152,21.953569,0.0,2,true,true,fine_grid,false,governance.selection=pressure_max_under_constraints;seed=continuation
0.3,independent_oracle,3c5f6b3c9bd535cff7657364dadb2efc31f2ea48,21.0,1,3.565625,420.149222,21.95564,0.0,2,true,true,fine_grid,false,governance.selection=pressure_max_under_constraints;seed=continuation
0.3,independent_oracle,3c5f6b3c9bd535cff7657364dadb2efc31f2ea48,21.0,1,3.571875,420.388069,21.957714,0.0,2,true,true,fine_grid,false,governance.selection=pressure_max_under_constraints;seed=continuation
0.3,independent_oracle,3c5f6b3c9bd535cff7657364dadb2efc31f2ea48,21.0,1,3.578125,420.626692,21.959789,0.0,2,true,true,fine_grid,false,governance.selection=pressure_max_under_constraints;seed=continuation
0.3,independent_oracle,3c5f6b3c9bd535cff7657364dadb2efc31f2ea48,21.0,1,3.584375,420.865092,21.961866,0.0,2,true,true,fine_grid,false,governance.selection=pressure_max_under_constraints;seed=continuation
0.3,independent_oracle,3c5f6b3c9bd535cff7657364dadb2efc31f2ea48,21.0,1,3.590625,421.103268,21.963944,0.0,2,true,true,fine_grid,false,governance.selection=pressure_max_under_constraints;seed=continuation
0.3,independent_oracle,3c5f6b3c9bd535cff7657364dadb2efc31f2ea48,21.0,1,3.596875,421.341219,21.966024,0.0,2,true,true,fine_grid,false,governance.selection=pressure_max_under_constraints;seed=continuation
0.3,independent_oracle,3c5f6b3c9bd535cff7657364dadb2efc31f2ea48,21.0,1,3.603125,421.578946,21.968106,0.0,2,true,true,fine_grid,false,governance.selection=pressure_max_under_constraints;seed=continuation
0.3,independent_oracle,3c5f6b3c9bd535cff7657364dadb2efc31f2ea48,21.0,1,3.609375,421.816449,21.97019,0.0,2,true,true,fine_grid,false,governance.selection=pressure_max_under_constraints;seed=continuation
0.3,independent_oracle,3c5f6b3c9bd535cff7657364dadb2efc31f2ea48,21.0,1,3.615625,422.053728,21.972275,0.0,2,true,true,fine_grid,false,governance.selection=pressure_max_under_constraints;seed=continuation
0.3,independent_oracle,3c5f6b3c9bd535cff7657364dadb2efc31f2ea48,21.0,1,3.621875,422.290781,21.974361,0.0,2,true,true,fine_grid,false,governance.selection=pressure_max_under_constraints;seed=continuation
0.3,independent_oracle,3c5f6b3c9bd535cff7657364dadb2efc31f2ea48,21.0,1,3.628125,422.52761,21.97645,0.0,2,true,true,fine_grid,false,governance.selection=pressure_max_under_constraints;seed=continuation
0.3,independent_oracle,3c5f6b3c9bd535cff7657364dadb2efc31f2ea48,21.0,1,3.634375,422.764214,21.97854,0.0,2,true,true,fine_grid,false,governance.selection=pressure_max_under_constraints;seed=continuation
0.3,independent_oracle,3c5f6b3c9bd535cff7657364dadb2efc31f2ea48,21.0,1,3.640625,423.000593,21.980631,0.0,2,true,true,fine_grid,false,governance.selection=pressure_max_under_constraints;seed=continuation
0.3,independent_oracle,3c5f6b3c9bd535cff7657364dadb2efc31f2ea48,21.0,1,3.646875,423.236747,21.982724,0.0,2,true,true,fine_grid,false,governance.selection=pressure_max_under_constraints;seed=continuation
0.3,independent_oracle,3c5f6b3c9bd535cff7657364dadb2efc31f2ea48,21.0,1,3.653125,423.472676,21.984819,0.0,2,true,true,fine_grid,false,governance.selection=pressure_max_under_constraints;seed=continuation
0.3,independent_oracle,3c5f6b3c9bd535cff7657364dadb2efc31f2ea48,21.0,1,3.659375,423.70838,21.986915,0.0,2,true,true,fine_grid,false,governance.selection=pressure_max_under_constraints;seed=continuation
0.3,independent_oracle,3c5f6b3c9bd535cff7657364dadb2efc31f2ea48,21.0,1,3.665625,423.943858,21.989013,0.0,2,true,true,fine_grid,false,governance.selection=pressure_max_under_constraints;seed=continuation
0.3,independent_oracle,3c5f6b3c9bd535cff7657364dadb2efc31f2ea48,21.0,1,3.671875,424.179111,21.991113,0.0,2,true,true,fine_grid,false,governance.selection=pressure_max_under_constraints;seed=continuation
0.3,independent_oracle,3c5f6b3c9bd535cff7657364dadb2efc31f2ea48,21.0,1,3.678125,424.414139,21.993214,0.0,2,true,true,fine_grid,false,governance.selection=pressure_max_under_constraints;seed=continuation
0.3,independent_oracle,3c5f6b3c9bd535cff7657364dadb2efc31f2ea48,21.0,1,3.684375,424.648941,21.995316,0.0,2,true,true,fine_grid,false,governance.selection=pressure_max_under_constraints;seed=continuation
0.3,independent_oracle,3c5f6b3c9bd535cff7657364dadb2efc31f2ea48,21.0,1,3.690625,424.883518,21.99742,0.0,2,true,true,fine_grid,false,governance.selection=pressure_max_under_constraints;seed=continuation
0.3,independent_oracle,3c5f6b3c9bd535cff7657364dadb2efc31f2ea48,21.0,1,3.696875,425.117869,21.999526,0.0,2,true,true,fine_grid,false,governance.selection=pressure_max_under_constraints;seed=continuation
0.3,independent_oracle,3c5f6b3c9bd535cff7657364dadb2efc31f2ea48,21.0,1,3.703125,425.351994,22.001633,0.0,2,true,true,fine_grid,false,governance.selection=pressure_max_under_constraints;seed=continuation
0.3,independent_oracle,3c5f6b3c9bd535cff7657364dadb2efc31f2ea48,21.0,1,3.709375,425.585894,22.003742,0.0,2,true,true,fine_grid,false,governance.selection=pressure_max_under_constraints;seed=continuation
0.3,independent_oracle,3c5f6b3c9bd535cff7657364dadb2efc31f2ea48,21.0,1,3.715625,425.819568,22.005852,0.0,2,true,true,fine_grid,false,governance.selection=pressure_max_under_constraints;seed=continuation
0.3,independent_oracle,3c5f6b3c9bd535cff7657364dadb2efc31f2ea48,21.0,1,3.721875,426.053017,22.007964,0.0,2,true,true,fine_grid,false,governance.selection=pressure_max_under_constraints;seed=continuation
0.3,independent_oracle,3c5f6b3c9bd535cff7657364dadb2efc31f2ea48,21.0,1,3.728125,426.28624,22.010077,0.0,2,true,true,fine_grid,false,governance.selection=pressure_max_under_constraints;seed=continuation
0.3,independent_oracle,3c5f6b3c9bd535cff7657364dadb2efc31f2ea48,21.0,1,3.734375,426.519237,22.012192,0.0,2,true,true,fine_grid,false,governance.selection=pressure_max_under_constraints;seed=continuation
0.3,independent_oracle,3c5f6b3c9bd535cff7657364dadb2efc31f2ea48,21.0,1,3.740625,426.752008,22.014308,0.0,2,true,true,fine_grid,false,governance.selection=pressure_max_under_constraints;seed=continuation
0.3,independent_oracle,3c5f6b3c9bd535cff7657364dadb2efc31f2ea48,21.0,1,3.746875,426.984554,22.016426,0.0,2,true,true,fine_grid,false,governance.selection=pressure_max_under_constraints;seed=continuation
0.3,independent_oracle,3c5f6b3c9bd535cff7657364dadb2efc31f2ea48,21.0,1,3.753125,427.216873,22.018545,0.0,2,true,true,fine_grid,false,governance.selection=pressure_max_under_constraints;seed=continuation
0.3,independent_oracle,3c5f6b3c9bd535cff7657364dadb2efc31f2ea48,21.0,1,3.759375,427.448967,22.020666,0.0,2,true,true,fine_grid,false,governance.selection=pressure_max_under_constraints;seed=continuation
0.3,independent_oracle,3c5f6b3c9bd535cff7657364dadb2efc31f2ea48,21.0,1,3.765625,427.680836,22.022788,0.0,2,true,true,fine_grid,false,governance.selection=pressure_max_under_constraints;seed=continuation
0.3,independent_oracle,3c5f6b3c9bd535cff7657364dadb2efc31f2ea48,21.0,1,3.771875,427.912478,22.024912,0.0,2,true,true,fine_grid,false,governance.selection=pressure_max_under_constraints;seed=continuation
0.3,independent_oracle,3c5f6b3c9bd535cff7657364dadb2efc31f2ea48,21.0,1,3.778125,428.143895,22.027037,0.0,2,true,true,fine_grid,false,governance.selection=pressure_max_under_constraints;seed=continuation
0.3,independent_oracle,3c5f6b3c9bd535cff7657364dadb2efc31f2ea48,21.0,1,3.784375,428.375086,22.029163,0.0,2,true,true,fine_grid,false,governance.selection=pressure_max_under_constraints;seed=continuation
0.3,independent_oracle,3c5f6b3c9bd535cff7657364dadb2efc31f2ea48,21.0,1,3.790625,428.606051,22.031291,0.0,2,true,true,fine_grid,false,governance.selection=pressure_max_under_constraints;seed=continuation
0.3,independent_oracle,3c5f6b3c9bd535cff7657364dadb2efc31f2ea48,21.0,1,3.796875,428.83679,22.03342,0.0,2,true,true,fine_grid,false,governance.selection=pressure_max_under_constraints;seed=continuation
0.3,independent_oracle,3c5f6b3c9bd535cff7657364dadb2efc31f2ea48,21.0,1,3.803125,429.067303,22.035551,0.0,2,true,true,fine_grid,false,governance.selection=pressure_max_under_constraints;seed=continuation
0.3,independent_oracle,3c5f6b3c9bd535cff7657364dadb2efc31f2ea48,21.0,1,3.809375,429.297591,22.037683,0.0,2,true,true,fine_grid,false,governance.selection=pressure_max_under_constraints;seed=continuation
0.3,independent_oracle,3c5f6b3c9bd535cff7657364dadb2efc31f2ea48,21.0,1,3.815625,429.527653,22.039817,0.0,2,true,true,fine_grid,false,governance.selection=pressure_max_under_constraints;seed=continuation
0.3,independent_oracle,3c5f6b3c9bd535cff7657364dadb2efc31f2ea48,21.0,1,3.821875,429.757489,22.041952,0.0,2,true,true,fine_grid,false,governance.selection=pressure_max_under_constraints;seed=continuation
0.3,independent_oracle,3c5f6b3c9bd535cff7657364dadb2efc31f2ea48,21.0,1,3.828125,429.987099,22.044088,0.0,2,true,true,fine_grid,false,governance.selection=pressure_max_under_constraints;seed=continuation
0.3,independent_oracle,3c5f6b3c9bd535cff7657364dadb2efc31f2ea48,21.0,1,3.834375,430.216483,22.046226,0.0,2,true,true,fine_grid,false,governance.selection=pressure_max_under_constraints;seed=continuation
0.3,independent_oracle,3c5f6b3c9bd535cff7657364dadb2efc31f2ea48,21.0,1,3.840625,430.445642,22.048365,0.0,2,true,true,fine_grid,false,governance.selection=pressure_max_under_constraints;seed=continuation
0.3,independent_oracle,3c5f6b3c9bd535cff7657364dadb2efc31f2ea48,21.0,1,3.846875,430.674575,22.050506,0.0,2,true,true,fine_grid,false,governance.selection=pressure_max_under_constraints;seed=continuation
0.3,independent_oracle,3c5f6b3c9bd535cff7657364dadb2efc31f2ea48,21.0,1,3.853125,430.903282,22.052648,0.0,2,true,true,fine_grid,false,governance.selection=pressure_max_under_constraints;seed=continuation
0.3,independent_oracle,3c5f6b3c9bd535cff7657364dadb2efc31f2ea48,21.0,1,3.859375,431.131763,22.054791,0.0,2,true,true,fine_grid,false,governance.selection=pressure_max_under_constraints;seed=continuation
0.3,independent_oracle,3c5f6b3c9bd535cff7657364dadb2efc31f2ea48,21.0,1,3.865625,431.360018,22.056935,0.0,2,true,true,fine_grid,false,governance.selection=pressure_max_under_constraints;seed=continuation
0.3,independent_oracle,3c5f6b3c9bd535cff7657364dadb2efc31f2ea48,21.0,1,3.871875,431.588047,22.059081,0.0,2,true,true,fine_grid,false,governance.selection=pressure_max_under_constraints;seed=continuation
0.3,independent_oracle,3c5f6b3c9bd535cff7657364dadb2efc31f2ea48,21.0,1,3.878125,431.815851,22.061229,0.0,2,true,true,fine_grid,false,governance.selection=pressure_max_under_constraints;seed=continuation
0.3,independent_oracle,3c5f6b3c9bd535cff7657364dadb2efc31f2ea48,21.0,1,3.884375,432.043428,22.063377,0.0,2,true,true,fine_grid,false,governance.selection=pressure_max_under_constraints;seed=continuation
0.3,independent_oracle,3c5f6b3c9bd535cff7657364dadb2efc31f2ea48,21.0,1,3.890625,432.27078,22.065527,0.0,2,true,true,fine_grid,false,governance.selection=pressure_max_under_constraints;seed=continuation
0.3,independent_oracle,3c5f6b3c9bd535cff7657364dadb2efc31f2ea48,21.0,1,3.896875,432.497906,22.067678,0.0,2,true,true,fine_grid,false,governance.selection=pressure_max_under_constraints;seed=continuation
0.3,independent_oracle,3c5f6b3c9bd535cff7657364dadb2efc31f2ea48,21.0,1,3.903125,432.724805,22.069831,0.0,2,true,true,fine_grid,false,governance.selection=pressure_max_under_constraints;seed=continuation
0.3,independent_oracle,3c5f6b3c9bd535cff7657364dadb2efc31f2ea48,21.0,1,3.909375,432.951479,22.071985,0.0,2,true,true,fine_grid,false,governance.selection=pressure_max_under_constraints;seed=continuation
0.3,independent_oracle,3c5f6b3c9bd535cff7657364dadb2efc31f2ea48,21.0,1,3.915625,433.177927,22.07414,0.0,2,true,true,fine_grid,false,governance.selection=pressure_max_under_constraints;seed=continuation
0.3,independent_oracle,3c5f6b3c9bd535cff7657364dadb2efc31f2ea48,21.0,1,3.921875,433.404149,22.076296,0.0,2,true,true,fine_grid,false,governance.selection=pressure_max_under_constraints;seed=continuation
0.3,independent_oracle,3c5f6b3c9bd535cff7657364dadb2efc31f2ea48,21.0,1,3.928125,433.630144,22.078454,0.0,2,true,true,fine_grid,false,governance.selection=pressure_max_under_constraints;seed=continuation
0.3,independent_oracle,3c5f6b3c9bd535cff7657364dadb2efc31f2ea48,21.0,1,3.934375,433.855913,22.080613,0.0,2,true,true,fine_grid,false,governance.selection=pressure_max_under_constraints;seed=continuation
0.3,independent_oracle,3c5f6b3c9bd535cff7657364dadb2efc31f2ea48,21.0,1,3.940625,434.081457,22.082773,0.0,2,true,true,fine_grid,false,governance.selection=pressure_max_under_constraints;seed=continuation
0.3,independent_oracle,3c5f6b3c9bd535cff7657364dadb2efc31f2ea48,21.0,1,3.946875,434.306773,22.084935,0.0,2,true,true,fine_grid,false,governance.selection=pressure_max_under_constraints;seed=continuation
0.3,independent_oracle,3c5f6b3c9bd535cff7657364dadb2efc31f2ea48,21.0,1,3.953125,434.531864,22.087098,0.0,2,true,true,fine_grid,false,governance.selection=pressure_max_under_constraints;seed=continuation
0.3,independent_oracle,3c5f6b3c9bd535cff7657364dadb2efc31f2ea48,21.0,1,3.959375,434.756728,22.089262,0.0,2,true,true,fine_grid,false,governance.selection=pressure_max_under_constraints;seed=continuation
0.3,independent_oracle,3c5f6b3c9bd535cff7657364dadb2efc31f2ea48,21.0,1,3.965625,434.981366,22.091427,0.0,2,true,true,fine_grid,false,governance.selection=pressure_max_under_constraints;seed=continuation
0.3,independent_oracle,3c5f6b3c9bd535cff7657364dadb2efc31f2ea48,21.0,1,3.971875,435.205777,22.093593,0.0,2,true,true,fine_grid,false,governance.selection=pressure_max_under_constraints;seed=continuation
0.3,independent_oracle,3c5f6b3c9bd535cff7657364dadb2efc31f2ea48,21.0,1,3.978125,435.429961,22.095761,0.0,2,true,true,fine_grid,false,governance.selection=pressure_max_under_constraints;seed=continuation
0.3,independent_oracle,3c5f6b3c9bd535cff7657364dadb2efc31f2ea48,21.0,1,3.984375,435.653918,22.09793,0.0,2,true,true,fine_grid,false,governance.selection=pressure_max_under_constraints;seed=continuation
0.3,independent_oracle,3c5f6b3c9bd535cff7657364dadb2efc31f2ea48,21.0,1,3.990625,435.877649,22.1001,0.0,2,true,true,fine_grid,false,governance.selection=pressure_max_under_constraints;seed=continuation
0.3,independent_oracle,3c5f6b3c9bd535cff7657364dadb2efc31f2ea48,21.0,1,3.996875,436.101153,22.102271,0.0,2,true,true,fine_grid,false,governance.selection=pressure_max_under_constraints;seed=continuation
