xi,method,calculation_sha,T_MeV,rho_level,rho,muq_MeV,pressure_fm4,residual_norm,iterations,converged,finite,sampling_role,cache_reused,solver_message
0.35,production_hybrid,3c5f6b3c9bd535cff7657364dadb2efc31f2ea48,101.0,0,0.0,-5.0e-6,21.608072,0.0,12,true,true,coarse_grid,false,governance.selection=pressure_max_under_constraints;seed=continuation
0.35,production_hybrid,3c5f6b3c9bd535cff7657364dadb2efc31f2ea48,101.0,0,0.05,280.310492,21.612055,0.0,4,true,true,coarse_grid,false,governance.selection=pressure_max_under_constraints;seed=continuation
0.35,production_hybrid,3c5f6b3c9bd535cff7657364dadb2efc31f2ea48,101.0,0,0.1,301.831605,21.615818,0.0,4,true,true,coarse_grid,false,governance.selection=pressure_max_under_constraints;seed=continuation
0.35,production_hybrid,3c5f6b3c9bd535cff7657364dadb2efc31f2ea48,101.0,0,0.15,313.675,21.619364,0.0,4,true,true,coarse_grid,false,governance.selection=pressure_max_under_constraints;seed=continuation
0.35,production_hybrid,3c5f6b3c9bd535cff7657364dadb2efc31f2ea48,101.0,0,0.2,321.560908,21.622692,0.0,4,true,true,coarse_grid,false,governance.selection=pressure_max_under_constraints;seed=continuation
0.35,production_hybrid,3c5f6b3c9bd535cff7657364dadb2efc31f2ea48,101.0,0,0.25,327.282214,21.625807,0.0,3,true,true,coarse_grid,false,governance.selection=pressure_max_under_constraints;seed=continuation
0.35,production_hybrid,3c5f6b3c9bd535cff7657364dadb2efc31f2ea48,101.0,0,0.3,331.637723,21.628709,0.0,3,true,true,coarse_grid,false,governance.selection=pressure_max_under_constraints;seed=continuation
0.35,production_hybrid,3c5f6b3c9bd535cff7657364dadb2efc31f2ea48,101.0,0,0.35,335.05373,21.631402,0.0,3,true,true,coarse_grid,false,governance.selection=pressure_max_under_constraints;seed=continuation
0.35,production_hybrid,3c5f6b3c9bd535cff7657364dadb2efc31f2ea48,101.0,0,0.4,337.784877,21.633887,0.0,3,true,true,coarse_grid,false,governance.selection=pressure_max_under_constraints;seed=continuation
0.35,production_hybrid,3c5f6b3c9bd535cff7657364dadb2efc31f2ea48,101.0,0,0.45,339.995589,21.636168,0.0,3,true,true,coarse_grid,false,governance.selection=pressure_max_under_constraints;seed=continuation
0.35,production_hybrid,3c5f6b3c9bd535cff7657364dadb2efc31f2ea48,101.0,0,0.5,341.798309,21.638247,0.0,3,true,true,coarse_grid,false,governance.selection=pressure_max_under_constraints;seed=continuation
0.35,production_hybrid,3c5f6b3c9bd535cff7657364dadb2efc31f2ea48,101.0,0,0.55,343.273409,21.640128,0.0,3,true,true,coarse_grid,false,governance.selection=pressure_max_under_constraints;seed=continuation
0.35,production_hybrid,3c5f6b3c9bd535cff7657364dadb2efc31f2ea48,101.0,0,0.6,344.48041,21.641814,0.0,3,true,true,coarse_grid,false,governance.selection=pressure_max_under_constraints;seed=continuation
0.35,production_hybrid,3c5f6b3c9bd535cff7657364dadb2efc31f2ea48,101.0,0,0.65,345.464689,21.643308,0.0,3,true,true,coarse_grid,false,governance.selection=pressure_max_under_constraints;seed=continuation
0.35,production_hybrid,3c5f6b3c9bd535cff7657364dadb2efc31f2ea48,101.0,0,0.7,346.2617,21.644615,0.0,3,true,true,coarse_grid,false,governance.selection=pressure_max_under_constraints;seed=continuation
0.35,production_hybrid,3c5f6b3c9bd535cff7657364dadb2efc31f2ea48,101.0,0,0.75,346.899734,21.645739,0.0,3,true,true,coarse_grid,false,governance.selection=pressure_max_under_constraints;seed=continuation
0.35,production_hybrid,3c5f6b3c9bd535cff7657364dadb2efc31f2ea48,101.0,0,0.8,347.401794,21.646684,0.0,3,true,true,coarse_grid,false,governance.selection=pressure_max_under_constraints;seed=continuation
0.35,production_hybrid,3c5f6b3c9bd535cff7657364dadb2efc31f2ea48,101.0,0,0.85,347.786896,21.647456,0.0,3,true,true,coarse_grid,false,governance.selection=pressure_max_under_constraints;seed=continuation
0.35,production_hybrid,3c5f6b3c9bd535cff7657364dadb2efc31f2ea48,101.0,0,0.9,348.071001,21.648059,0.0,3,true,true,coarse_grid,false,governance.selection=pressure_max_under_constraints;seed=continuation
0.35,production_hybrid,3c5f6b3c9bd535cff7657364dadb2efc31f2ea48,101.0,0,0.95,348.267702,21.648501,0.0,3,true,true,coarse_grid,false,governance.selection=pressure_max_under_constraints;seed=continuation
0.35,production_hybrid,3c5f6b3c9bd535cff7657364dadb2efc31f2ea48,101.0,0,1.0,348.388735,21.648788,0.0,3,true,true,coarse_grid,false,governance.selection=pressure_max_under_constraints;seed=continuation
0.35,production_hybrid,3c5f6b3c9bd535cff7657364dadb2efc31f2ea48,101.0,0,1.05,348.444362,21.648926,0.0,3,true,true,coarse_grid,false,governance.selection=pressure_max_under_constraints;seed=continuation
0.35,production_hybrid,3c5f6b3c9bd535cff7657364dadb2efc31f2ea48,101.0,0,1.1,348.443678,21.648923,0.0,3,true,true,coarse_grid,false,governance.selection=pressure_max_under_constraints;seed=continuation
0.35,production_hybrid,3c5f6b3c9bd535cff7657364dadb2efc31f2ea48,101.0,0,1.15,348.394847,21.648789,0.0,3,true,true,coarse_grid,false,governance.selection=pressure_max_under_constraints;seed=continuation
0.35,production_hybrid,3c5f6b3c9bd535cff7657364dadb2efc31f2ea48,101.0,0,1.2,348.305293,21.648533,0.0,3,true,true,coarse_grid,false,governance.selection=pressure_max_under_constraints;seed=continuation
0.35,production_hybrid,3c5f6b3c9bd535cff7657364dadb2efc31f2ea48,101.0,0,1.25,348.181854,21.648165,0.0,3,true,true,coarse_grid,false,governance.selection=pressure_max_under_constraints;seed=continuation
0.35,production_hybrid,3c5f6b3c9bd535cff7657364dadb2efc31f2ea48,101.0,0,1.3,348.030917,21.647696,0.0,3,true,true,coarse_grid,false,governance.selection=pressure_max_under_constraints;seed=continuation
0.35,production_hybrid,3c5f6b3c9bd535cff7657364dadb2efc31f2ea48,101.0,0,1.35,347.858523,21.647141,0.0,3,true,true,coarse_grid,false,governance.selection=pressure_max_under_constraints;seed=continuation
0.35,production_hybrid,3c5f6b3c9bd535cff7657364dadb2efc31f2ea48,101.0,0,1.4,347.670466,21.646511,0.0,3,true,true,coarse_grid,false,governance.selection=pressure_max_under_constraints;seed=continuation
0.35,production_hybrid,3c5f6b3c9bd535cff7657364dadb2efc31f2ea48,101.0,0,1.45,347.472378,21.645825,0.0,3,true,true,coarse_grid,false,governance.selection=pressure_max_under_constraints;seed=continuation
0.35,production_hybrid,3c5f6b3c9bd535cff7657364dadb2efc31f2ea48,101.0,0,1.5,347.269804,21.645098,0.0,3,true,true,coarse_grid,false,governance.selection=pressure_max_under_constraints;seed=continuation
0.35,production_hybrid,3c5f6b3c9bd535cff7657364dadb2efc31f2ea48,101.0,0,1.55,347.068269,21.64435,0.0,3,true,true,coarse_grid,false,governance.selection=pressure_max_under_constraints;seed=continuation
0.35,production_hybrid,3c5f6b3c9bd535cff7657364dadb2efc31f2ea48,101.0,0,1.6,346.87335,21.643604,0.0,3,true,true,coarse_grid,false,governance.selection=pressure_max_under_constraints;seed=continuation
0.35,production_hybrid,3c5f6b3c9bd535cff7657364dadb2efc31f2ea48,101.0,0,1.65,346.690731,21.642882,0.0,3,true,true,coarse_grid,false,governance.selection=pressure_max_under_constraints;seed=continuation
0.35,production_hybrid,3c5f6b3c9bd535cff7657364dadb2efc31f2ea48,101.0,0,1.7,346.526262,21.642212,0.0,3,true,true,coarse_grid,false,governance.selection=pressure_max_under_constraints;seed=continuation
0.35,production_hybrid,3c5f6b3c9bd535cff7657364dadb2efc31f2ea48,101.0,0,1.75,346.38601,21.641624,0.0,3,true,true,coarse_grid,false,governance.selection=pressure_max_under_constraints;seed=continuation
0.35,production_hybrid,3c5f6b3c9bd535cff7657364dadb2efc31f2ea48,101.0,0,1.8,346.276305,21.64115,0.0,3,true,true,coarse_grid,false,governance.selection=pressure_max_under_constraints;seed=continuation
0.35,production_hybrid,3c5f6b3c9bd535cff7657364dadb2efc31f2ea48,101.0,0,1.85,346.203777,21.640829,0.0,3,true,true,coarse_grid,false,governance.selection=pressure_max_under_constraints;seed=continuation
0.35,production_hybrid,3c5f6b3c9bd535cff7657364dadb2efc31f2ea48,101.0,0,1.9,346.175372,21.6407,0.0,3,true,true,coarse_grid,false,governance.selection=pressure_max_under_constraints;seed=continuation
0.35,production_hybrid,3c5f6b3c9bd535cff7657364dadb2efc31f2ea48,101.0,0,1.95,346.198357,21.640808,0.0,3,true,true,coarse_grid,false,governance.selection=pressure_max_under_constraints;seed=continuation
0.35,production_hybrid,3c5f6b3c9bd535cff7657364dadb2efc31f2ea48,101.0,0,2.0,346.280288,21.641202,0.0,3,true,true,coarse_grid,false,governance.selection=pressure_max_under_constraints;seed=continuation
0.35,production_hybrid,3c5f6b3c9bd535cff7657364dadb2efc31f2ea48,101.0,0,2.05,346.42894,21.641935,0.0,3,true,true,coarse_grid,false,governance.selection=pressure_max_under_constraints;seed=continuation
0.35,production_hybrid,3c5f6b3c9bd535cff7657364dadb2efc31f2ea48,101.0,0,2.1,346.652182,21.643063,0.0,3,true,true,coarse_grid,false,governance.selection=pressure_max_under_constraints;seed=continuation
0.35,production_hybrid,3c5f6b3c9bd535cff7657364dadb2efc31f2ea48,101.0,0,2.15,346.957791,21.644643,0.0,3,true,true,coarse_grid,false,governance.selection=pressure_max_under_constraints;seed=continuation
0.35,production_hybrid,3c5f6b3c9bd535cff7657364dadb2efc31f2ea48,101.0,0,2.2,347.353193,21.646736,0.0,3,true,true,coarse_grid,false,governance.selection=pressure_max_under_constraints;seed=continuation
0.35,production_hybrid,3c5f6b3c9bd535cff7657364dadb2efc31f2ea48,101.0,0,2.25,347.845125,21.6494,0.0,3,true,true,coarse_grid,false,governance.selection=pressure_max_under_constraints;seed=continuation
0.35,production_hybrid,3c5f6b3c9bd535cff7657364dadb2efc31f2ea48,101.0,0,2.3,348.439248,21.652689,0.0,3,true,true,coarse_grid,false,governance.selection=pressure_max_under_constraints;seed=continuation
0.35,production_hybrid,3c5f6b3c9bd535cff7657364dadb2efc31f2ea48,101.0,0,2.35,349.139725,21.656651,0.0,3,true,true,coarse_grid,false,governance.selection=pressure_max_under_constraints;seed=continuation
0.35,production_hybrid,3c5f6b3c9bd535cff7657364dadb2efc31f2ea48,101.0,0,2.4,349.948831,21.661327,0.0,3,true,true,coarse_grid,false,governance.selection=pressure_max_under_constraints;seed=continuation
0.35,production_hybrid,3c5f6b3c9bd535cff7657364dadb2efc31f2ea48,101.0,0,2.45,350.866647,21.666742,0.0,3,true,true,coarse_grid,false,governance.selection=pressure_max_under_constraints;seed=continuation
0.35,production_hybrid,3c5f6b3c9bd535cff7657364dadb2efc31f2ea48,101.0,0,2.5,351.890907,21.67291,0.0,3,true,true,coarse_grid,false,governance.selection=pressure_max_under_constraints;seed=continuation
0.35,production_hybrid,3c5f6b3c9bd535cff7657364dadb2efc31f2ea48,101.0,0,2.55,353.01705,21.679827,0.0,3,true,true,coarse_grid,false,governance.selection=pressure_max_under_constraints;seed=continuation
0.35,production_hybrid,3c5f6b3c9bd535cff7657364dadb2efc31f2ea48,101.0,0,2.6,354.238465,21.687479,0.0,3,true,true,coarse_grid,false,governance.selection=pressure_max_under_constraints;seed=continuation
0.35,production_hybrid,3c5f6b3c9bd535cff7657364dadb2efc31f2ea48,101.0,0,2.65,355.546916,21.695835,0.0,3,true,true,coarse_grid,false,governance.selection=pressure_max_under_constraints;seed=continuation
0.35,production_hybrid,3c5f6b3c9bd535cff7657364dadb2efc31f2ea48,101.0,0,2.7,356.933066,21.704855,0.0,3,true,true,coarse_grid,false,governance.selection=pressure_max_under_constraints;seed=continuation
0.35,production_hybrid,3c5f6b3c9bd535cff7657364dadb2efc31f2ea48,101.0,0,2.75,358.387024,21.714493,0.0,3,true,true,coarse_grid,false,governance.selection=pressure_max_under_constraints;seed=continuation
0.35,production_hybrid,3c5f6b3c9bd535cff7657364dadb2efc31f2ea48,101.0,0,2.8,359.898844,21.724699,0.0,3,true,true,coarse_grid,false,governance.selection=pressure_max_under_constraints;seed=continuation
0.35,production_hybrid,3c5f6b3c9bd535cff7657364dadb2efc31f2ea48,101.0,0,2.85,361.458932,21.73542,0.0,3,true,true,coarse_grid,false,governance.selection=pressure_max_under_constraints;seed=continuation
0.35,production_hybrid,3c5f6b3c9bd535cff7657364dadb2efc31f2ea48,101.0,0,2.9,363.058332,21.746606,0.0,3,true,true,coarse_grid,false,governance.selection=pressure_max_under_constraints;seed=continuation
0.35,production_hybrid,3c5f6b3c9bd535cff7657364dadb2efc31f2ea48,101.0,0,2.95,364.6889,21.758208,0.0,3,true,true,coarse_grid,false,governance.selection=pressure_max_under_constraints;seed=continuation
0.35,production_hybrid,3c5f6b3c9bd535cff7657364dadb2efc31f2ea48,101.0,0,3.0,366.343387,21.770181,0.0,3,true,true,coarse_grid,false,governance.selection=pressure_max_under_constraints;seed=continuation
0.35,production_hybrid,3c5f6b3c9bd535cff7657364dadb2efc31f2ea48,101.0,0,3.05,368.015447,21.782485,0.0,3,true,true,coarse_grid,false,governance.selection=pressure_max_under_constraints;seed=continuation
0.35,production_hybrid,3c5f6b3c9bd535cff7657364dadb2efc31f2ea48,101.0,0,3.1,369.699593,21.795082,0.0,3,true,true,coarse_grid,false,governance.selection=pressure_max_under_constraints;seed=continuation
0.35,production_hybrid,3c5f6b3c9bd535cff7657364dadb2efc31f2ea48,101.0,0,3.15,371.391134,21.807941,0.0,3,true,true,coarse_grid,false,governance.selection=pressure_max_under_constraints;seed=continuation
0.35,production_hybrid,3c5f6b3c9bd535cff7657364dadb2efc31f2ea48,101.0,0,3.2,373.086085,21.821031,0.0,3,true,true,coarse_grid,false,governance.selection=pressure_max_under_constraints;seed=continuation
0.35,production_hybrid,3c5f6b3c9bd535cff7657364dadb2efc31f2ea48,101.0,0,3.25,374.781088,21.834328,0.0,3,true,true,coarse_grid,false,governance.selection=pressure_max_under_constraints;seed=continuation
0.35,production_hybrid,3c5f6b3c9bd535cff7657364dadb2efc31f2ea48,101.0,0,3.3,376.473323,21.847809,0.0,3,true,true,coarse_grid,false,governance.selection=pressure_max_under_constraints;seed=continuation
0.35,production_hybrid,3c5f6b3c9bd535cff7657364dadb2efc31f2ea48,101.0,0,3.35,378.160431,21.861455,0.0,3,true,true,coarse_grid,false,governance.selection=pressure_max_under_constraints;seed=continuation
0.35,production_hybrid,3c5f6b3c9bd535cff7657364dadb2efc31f2ea48,101.0,0,3.4,379.840445,21.875247,0.0,3,true,true,coarse_grid,false,governance.selection=pressure_max_under_constraints;seed=continuation
0.35,production_hybrid,3c5f6b3c9bd535cff7657364dadb2efc31f2ea48,101.0,0,3.45,381.511733,21.889171,0.0,3,true,true,coarse_grid,false,governance.selection=pressure_max_under_constraints;seed=continuation
0.35,production_hybrid,3c5f6b3c9bd535cff7657364dadb2efc31f2ea48,101.0,0,3.5,383.17294,21.903213,0.0,3,true,true,coarse_grid,false,governance.selection=pressure_max_under_constraints;seed=continuation
0.35,production_hybrid,3c5f6b3c9bd535cff7657364dadb2efc31f2ea48,101.0,0,3.55,384.822945,21.917361,0.0,3,true,true,coarse_grid,false,governance.selection=pressure_max_under_constraints;seed=continuation
0.35,production_hybrid,3c5f6b3c9bd535cff7657364dadb2efc31f2ea48,101.0,0,3.6,386.460827,21.931604,0.0,3,true,true,coarse_grid,false,governance.selection=pressure_max_under_constraints;seed=continuation
0.35,production_hybrid,3c5f6b3c9bd535cff7657364dadb2efc31f2ea48,101.0,0,3.65,388.085828,21.945933,0.0,3,true,true,coarse_grid,false,governance.selection=pressure_max_under_constraints;seed=continuation
0.35,production_hybrid,3c5f6b3c9bd535cff7657364dadb2efc31f2ea48,101.0,0,3.7,389.69733,21.960339,0.0,3,true,true,coarse_grid,false,governance.selection=pressure_max_under_constraints;seed=continuation
0.35,production_hybrid,3c5f6b3c9bd535cff7657364dadb2efc31f2ea48,101.0,0,3.75,391.294828,21.974814,0.0,3,true,true,coarse_grid,false,governance.selection=pressure_max_under_constraints;seed=continuation
0.35,production_hybrid,3c5f6b3c9bd535cff7657364dadb2efc31f2ea48,101.0,0,3.8,392.877917,21.989351,0.0,3,true,true,coarse_grid,false,governance.selection=pressure_max_under_constraints;seed=continuation
0.35,production_hybrid,3c5f6b3c9bd535cff7657364dadb2efc31f2ea48,101.0,0,3.85,394.446273,22.003943,0.0,3,true,true,coarse_grid,false,governance.selection=pressure_max_under_constraints;seed=continuation
0.35,production_hybrid,3c5f6b3c9bd535cff7657364dadb2efc31f2ea48,101.0,0,3.9,395.999639,22.018585,0.0,3,true,true,coarse_grid,false,governance.selection=pressure_max_under_constraints;seed=continuation
0.35,production_hybrid,3c5f6b3c9bd535cff7657364dadb2efc31f2ea48,101.0,0,3.95,397.537818,22.033271,0.0,3,true,true,coarse_grid,false,governance.selection=pressure_max_under_constraints;seed=continuation
0.35,production_hybrid,3c5f6b3c9bd535cff7657364dadb2efc31f2ea48,101.0,0,4.0,399.060658,22.047996,0.0,5,true,true,coarse_grid,false,governance.selection=pressure_max_under_constraints;seed=continuation
0.35,production_hybrid,3c5f6b3c9bd535cff7657364dadb2efc31f2ea48,101.0,1,0.025,257.884717,21.61009,0.0,4,true,true,fine_grid,false,governance.selection=pressure_max_under_constraints;seed=continuation
0.35,production_hybrid,3c5f6b3c9bd535cff7657364dadb2efc31f2ea48,101.0,1,0.075,293.052799,21.613964,0.0,4,true,true,fine_grid,false,governance.selection=pressure_max_under_constraints;seed=continuation
0.35,production_hybrid,3c5f6b3c9bd535cff7657364dadb2efc31f2ea48,101.0,1,0.125,308.439507,21.617618,0.0,3,true,true,fine_grid,false,governance.selection=pressure_max_under_constraints;seed=continuation
0.35,production_hybrid,3c5f6b3c9bd535cff7657364dadb2efc31f2ea48,101.0,1,0.175,317.964041,21.621055,0.0,3,true,true,fine_grid,false,governance.selection=pressure_max_under_constraints;seed=continuation
0.35,production_hybrid,3c5f6b3c9bd535cff7657364dadb2efc31f2ea48,101.0,1,0.225,324.629628,21.624276,0.0,3,true,true,fine_grid,false,governance.selection=pressure_max_under_constraints;seed=continuation
0.35,production_hybrid,3c5f6b3c9bd535cff7657364dadb2efc31f2ea48,101.0,1,0.275,329.598575,21.627284,0.0,3,true,true,fine_grid,false,governance.selection=pressure_max_under_constraints;seed=continuation
0.35,production_hybrid,3c5f6b3c9bd535cff7657364dadb2efc31f2ea48,101.0,1,0.325,333.444489,21.630081,0.0,3,true,true,fine_grid,false,governance.selection=pressure_max_under_constraints;seed=continuation
0.35,production_hybrid,3c5f6b3c9bd535cff7657364dadb2efc31f2ea48,101.0,1,0.375,336.493093,21.63267,0.0,3,true,true,fine_grid,false,governance.selection=pressure_max_under_constraints;seed=continuation
0.35,production_hybrid,3c5f6b3c9bd535cff7657364dadb2efc31f2ea48,101.0,1,0.425,338.947333,21.635053,0.0,3,true,true,fine_grid,false,governance.selection=pressure_max_under_constraints;seed=continuation
0.35,production_hybrid,3c5f6b3c9bd535cff7657364dadb2efc31f2ea48,101.0,1,0.475,340.942334,21.637233,0.0,3,true,true,fine_grid,false,governance.selection=pressure_max_under_constraints;seed=continuation
0.35,production_hybrid,3c5f6b3c9bd535cff7657364dadb2efc31f2ea48,101.0,1,0.525,342.572697,21.639212,0.0,3,true,true,fine_grid,false,governance.selection=pressure_max_under_constraints;seed=continuation
0.35,production_hybrid,3c5f6b3c9bd535cff7657364dadb2efc31f2ea48,101.0,1,0.575,343.907313,21.640995,0.0,3,true,true,fine_grid,false,governance.selection=pressure_max_under_constraints;seed=continuation
0.35,production_hybrid,3c5f6b3c9bd535cff7657364dadb2efc31f2ea48,101.0,1,0.625,344.997979,21.642585,0.0,3,true,true,fine_grid,false,governance.selection=pressure_max_under_constraints;seed=continuation
0.35,production_hybrid,3c5f6b3c9bd535cff7657364dadb2efc31f2ea48,101.0,1,0.675,345.884692,21.643985,0.0,3,true,true,fine_grid,false,governance.selection=pressure_max_under_constraints;seed=continuation
0.35,production_hybrid,3c5f6b3c9bd535cff7657364dadb2efc31f2ea48,101.0,1,0.725,346.599045,21.645199,0.0,3,true,true,fine_grid,false,governance.selection=pressure_max_under_constraints;seed=continuation
0.35,production_hybrid,3c5f6b3c9bd535cff7657364dadb2efc31f2ea48,101.0,1,0.775,347.166492,21.646233,0.0,3,true,true,fine_grid,false,governance.selection=pressure_max_under_constraints;seed=continuation
0.35,production_hybrid,3c5f6b3c9bd535cff7657364dadb2efc31f2ea48,101.0,1,0.825,347.607905,21.647091,0.0,3,true,true,fine_grid,false,governance.selection=pressure_max_under_constraints;seed=continuation
0.35,production_hybrid,3c5f6b3c9bd535cff7657364dadb2efc31f2ea48,101.0,1,0.875,347.940674,21.647778,0.0,3,true,true,fine_grid,false,governance.selection=pressure_max_under_constraints;seed=continuation
0.35,production_hybrid,3c5f6b3c9bd535cff7657364dadb2efc31f2ea48,101.0,1,0.925,348.179505,21.6483,0.0,3,true,true,fine_grid,false,governance.selection=pressure_max_under_constraints;seed=continuation
0.35,production_hybrid,3c5f6b3c9bd535cff7657364dadb2efc31f2ea48,101.0,1,0.975,348.337005,21.648663,0.0,3,true,true,fine_grid,false,governance.selection=pressure_max_under_constraints;seed=continuation
0.35,production_hybrid,3c5f6b3c9bd535cff7657364dadb2efc31f2ea48,101.0,1,1.025,348.424131,21.648875,0.0,3,true,true,fine_grid,false,governance.selection=pressure_max_under_constraints;seed=continuation
0.35,production_hybrid,3c5f6b3c9bd535cff7657364dadb2efc31f2ea48,101.0,1,1.075,348.450529,21.648941,0.0,2,true,true,fine_grid,false,governance.selection=pressure_max_under_constraints;seed=continuation
0.35,production_hybrid,3c5f6b3c9bd535cff7657364dadb2efc31f2ea48,101.0,1,1.125,348.424802,21.648872,0.0,2,true,true,fine_grid,false,governance.selection=pressure_max_under_constraints;seed=continuation
0.35,production_hybrid,3c5f6b3c9bd535cff7657364dadb2efc31f2ea48,101.0,1,1.175,348.354721,21.648676,0.0,2,true,true,fine_grid,false,governance.selection=pressure_max_under_constraints;seed=continuation
0.35,production_hybrid,3c5f6b3c9bd535cff7657364dadb2efc31f2ea48,101.0,1,1.225,348.247401,21.648362,0.0,2,true,true,fine_grid,false,governance.selection=pressure_max_under_constraints;seed=continuation
0.35,production_hybrid,3c5f6b3c9bd535cff7657364dadb2efc31f2ea48,101.0,1,1.275,348.109438,21.647942,0.0,2,true,true,fine_grid,false,governance.selection=pressure_max_under_constraints;seed=continuation
0.35,production_hybrid,3c5f6b3c9bd535cff7657364dadb2efc31f2ea48,101.0,1,1.325,347.947035,21.647429,0.0,2,true,true,fine_grid,false,governance.selection=pressure_max_under_constraints;seed=continuation
0.35,production_hybrid,3c5f6b3c9bd535cff7657364dadb2efc31f2ea48,101.0,1,1.375,347.766097,21.646834,0.0,2,true,true,fine_grid,false,governance.selection=pressure_max_under_constraints;seed=continuation
0.35,production_hybrid,3c5f6b3c9bd535cff7657364dadb2efc31f2ea48,101.0,1,1.425,347.572329,21.646174,0.0,2,true,true,fine_grid,false,governance.selection=pressure_max_under_constraints;seed=continuation
0.35,production_hybrid,3c5f6b3c9bd535cff7657364dadb2efc31f2ea48,101.0,1,1.475,347.371307,21.645465,0.0,2,true,true,fine_grid,false,governance.selection=pressure_max_under_constraints;seed=continuation
0.35,production_hybrid,3c5f6b3c9bd535cff7657364dadb2efc31f2ea48,101.0,1,1.525,347.16856,21.644725,0.0,2,true,true,fine_grid,false,governance.selection=pressure_max_under_constraints;seed=continuation
0.35,production_hybrid,3c5f6b3c9bd535cff7657364dadb2efc31f2ea48,101.0,1,1.575,346.969631,21.643975,0.0,2,true,true,fine_grid,false,governance.selection=pressure_max_under_constraints;seed=continuation
0.35,production_hybrid,3c5f6b3c9bd535cff7657364dadb2efc31f2ea48,101.0,1,1.625,346.780142,21.643238,0.0,2,true,true,fine_grid,false,governance.selection=pressure_max_under_constraints;seed=continuation
0.35,production_hybrid,3c5f6b3c9bd535cff7657364dadb2efc31f2ea48,101.0,1,1.675,346.605854,21.642539,0.0,2,true,true,fine_grid,false,governance.selection=pressure_max_under_constraints;seed=continuation
0.35,production_hybrid,3c5f6b3c9bd535cff7657364dadb2efc31f2ea48,101.0,1,1.725,346.452719,21.641906,0.0,2,true,true,fine_grid,false,governance.selection=pressure_max_under_constraints;seed=continuation
0.35,production_hybrid,3c5f6b3c9bd535cff7657364dadb2efc31f2ea48,101.0,1,1.775,346.326932,21.64137,0.0,3,true,true,fine_grid,false,governance.selection=pressure_max_under_constraints;seed=continuation
0.35,production_hybrid,3c5f6b3c9bd535cff7657364dadb2efc31f2ea48,101.0,1,1.825,346.234967,21.640968,0.0,3,true,true,fine_grid,false,governance.selection=pressure_max_under_constraints;seed=continuation
0.35,production_hybrid,3c5f6b3c9bd535cff7657364dadb2efc31f2ea48,101.0,1,1.875,346.183612,21.640738,0.0,3,true,true,fine_grid,false,governance.selection=pressure_max_under_constraints;seed=continuation
0.35,production_hybrid,3c5f6b3c9bd535cff7657364dadb2efc31f2ea48,101.0,1,1.925,346.179975,21.640721,0.0,3,true,true,fine_grid,false,governance.selection=pressure_max_under_constraints;seed=continuation
0.35,production_hybrid,3c5f6b3c9bd535cff7657364dadb2efc31f2ea48,101.0,1,1.975,346.231472,21.640966,0.0,3,true,true,fine_grid,false,governance.selection=pressure_max_under_constraints;seed=continuation
0.35,production_hybrid,3c5f6b3c9bd535cff7657364dadb2efc31f2ea48,101.0,1,2.025,346.345782,21.641523,0.0,3,true,true,fine_grid,false,governance.selection=pressure_max_under_constraints;seed=continuation
0.35,production_hybrid,3c5f6b3c9bd535cff7657364dadb2efc31f2ea48,101.0,1,2.075,346.530746,21.642446,0.0,3,true,true,fine_grid,false,governance.selection=pressure_max_under_constraints;seed=continuation
0.35,production_hybrid,3c5f6b3c9bd535cff7657364dadb2efc31f2ea48,101.0,1,2.125,346.794215,21.643793,0.0,3,true,true,fine_grid,false,governance.selection=pressure_max_under_constraints;seed=continuation
0.35,production_hybrid,3c5f6b3c9bd535cff7657364dadb2efc31f2ea48,101.0,1,2.175,347.143827,21.645622,0.0,3,true,true,fine_grid,false,governance.selection=pressure_max_under_constraints;seed=continuation
0.35,production_hybrid,3c5f6b3c9bd535cff7657364dadb2efc31f2ea48,101.0,1,2.225,347.586709,21.647993,0.0,3,true,true,fine_grid,false,governance.selection=pressure_max_under_constraints;seed=continuation
0.35,production_hybrid,3c5f6b3c9bd535cff7657364dadb2efc31f2ea48,101.0,1,2.275,348.129113,21.650963,0.0,3,true,true,fine_grid,false,governance.selection=pressure_max_under_constraints;seed=continuation
0.35,production_hybrid,3c5f6b3c9bd535cff7657364dadb2efc31f2ea48,101.0,1,2.325,348.776002,21.654583,0.0,3,true,true,fine_grid,false,governance.selection=pressure_max_under_constraints;seed=continuation
0.35,production_hybrid,3c5f6b3c9bd535cff7657364dadb2efc31f2ea48,101.0,1,2.375,349.530641,21.658898,0.0,3,true,true,fine_grid,false,governance.selection=pressure_max_under_constraints;seed=continuation
0.35,production_hybrid,3c5f6b3c9bd535cff7657364dadb2efc31f2ea48,101.0,1,2.425,350.394237,21.663941,0.0,3,true,true,fine_grid,false,governance.selection=pressure_max_under_constraints;seed=continuation
0.35,production_hybrid,3c5f6b3c9bd535cff7657364dadb2efc31f2ea48,101.0,1,2.475,351.365705,21.669732,0.0,3,true,true,fine_grid,false,governance.selection=pressure_max_under_constraints;seed=continuation
0.35,production_hybrid,3c5f6b3c9bd535cff7657364dadb2efc31f2ea48,101.0,1,2.525,352.441612,21.676275,0.0,3,true,true,fine_grid,false,governance.selection=pressure_max_under_constraints;seed=continuation
0.35,production_hybrid,3c5f6b3c9bd535cff7657364dadb2efc31f2ea48,101.0,1,2.575,353.616331,21.683563,0.0,3,true,true,fine_grid,false,governance.selection=pressure_max_under_constraints;seed=continuation
0.35,production_hybrid,3c5f6b3c9bd535cff7657364dadb2efc31f2ea48,101.0,1,2.625,354.882375,21.691571,0.0,3,true,true,fine_grid,false,governance.selection=pressure_max_under_constraints;seed=continuation
0.35,production_hybrid,3c5f6b3c9bd535cff7657364dadb2efc31f2ea48,101.0,1,2.675,356.23089,21.700265,0.0,3,true,true,fine_grid,false,governance.selection=pressure_max_under_constraints;seed=continuation
0.35,production_hybrid,3c5f6b3c9bd535cff7657364dadb2efc31f2ea48,101.0,1,2.725,357.652194,21.7096,0.0,3,true,true,fine_grid,false,governance.selection=pressure_max_under_constraints;seed=continuation
0.35,production_hybrid,3c5f6b3c9bd535cff7657364dadb2efc31f2ea48,101.0,1,2.775,359.136313,21.719529,0.0,3,true,true,fine_grid,false,governance.selection=pressure_max_under_constraints;seed=continuation
0.35,production_hybrid,3c5f6b3c9bd535cff7657364dadb2efc31f2ea48,101.0,1,2.825,360.673432,21.729998,0.0,3,true,true,fine_grid,false,governance.selection=pressure_max_under_constraints;seed=continuation
0.35,production_hybrid,3c5f6b3c9bd535cff7657364dadb2efc31f2ea48,101.0,1,2.875,362.254247,21.740958,0.0,3,true,true,fine_grid,false,governance.selection=pressure_max_under_constraints;seed=continuation
0.35,production_hybrid,3c5f6b3c9bd535cff7657364dadb2efc31f2ea48,101.0,1,2.925,363.870194,21.752358,0.0,3,true,true,fine_grid,false,governance.selection=pressure_max_under_constraints;seed=continuation
0.35,production_hybrid,3c5f6b3c9bd535cff7657364dadb2efc31f2ea48,101.0,1,2.975,365.513571,21.764151,0.0,3,true,true,fine_grid,false,governance.selection=pressure_max_under_constraints;seed=continuation
0.35,production_hybrid,3c5f6b3c9bd535cff7657364dadb2efc31f2ea48,101.0,1,3.025,367.177583,21.776294,0.0,3,true,true,fine_grid,false,governance.selection=pressure_max_under_constraints;seed=continuation
0.35,production_hybrid,3c5f6b3c9bd535cff7657364dadb2efc31f2ea48,101.0,1,3.075,368.85632,21.788749,0.0,3,true,true,fine_grid,false,governance.selection=pressure_max_under_constraints;seed=continuation
0.35,production_hybrid,3c5f6b3c9bd535cff7657364dadb2efc31f2ea48,101.0,1,3.125,370.544704,21.801481,0.0,3,true,true,fine_grid,false,governance.selection=pressure_max_under_constraints;seed=continuation
0.35,production_hybrid,3c5f6b3c9bd535cff7657364dadb2efc31f2ea48,101.0,1,3.175,372.238407,21.814459,0.0,3,true,true,fine_grid,false,governance.selection=pressure_max_under_constraints;seed=continuation
0.35,production_hybrid,3c5f6b3c9bd535cff7657364dadb2efc31f2ea48,101.0,1,3.225,373.933768,21.827655,0.0,3,true,true,fine_grid,false,governance.selection=pressure_max_under_constraints;seed=continuation
0.35,production_hybrid,3c5f6b3c9bd535cff7657364dadb2efc31f2ea48,101.0,1,3.275,375.627709,21.841047,0.0,3,true,true,fine_grid,false,governance.selection=pressure_max_under_constraints;seed=continuation
0.35,production_hybrid,3c5f6b3c9bd535cff7657364dadb2efc31f2ea48,101.0,1,3.325,377.317649,21.854613,0.0,3,true,true,fine_grid,false,governance.selection=pressure_max_under_constraints;seed=continuation
0.35,production_hybrid,3c5f6b3c9bd535cff7657364dadb2efc31f2ea48,101.0,1,3.375,379.001434,21.868334,0.0,3,true,true,fine_grid,false,governance.selection=pressure_max_under_constraints;seed=continuation
0.35,production_hybrid,3c5f6b3c9bd535cff7657364dadb2efc31f2ea48,101.0,1,3.425,380.677271,21.882194,0.0,3,true,true,fine_grid,false,governance.selection=pressure_max_under_constraints;seed=continuation
0.35,production_hybrid,3c5f6b3c9bd535cff7657364dadb2efc31f2ea48,101.0,1,3.475,382.343671,21.896178,0.0,3,true,true,fine_grid,false,governance.selection=pressure_max_under_constraints;seed=continuation
0.35,production_hybrid,3c5f6b3c9bd535cff7657364dadb2efc31f2ea48,101.0,1,3.525,383.999404,21.910275,0.0,3,true,true,fine_grid,false,governance.selection=pressure_max_under_constraints;seed=continuation
0.35,production_hybrid,3c5f6b3c9bd535cff7657364dadb2efc31f2ea48,101.0,1,3.575,385.643452,21.924472,0.0,3,true,true,fine_grid,false,governance.selection=pressure_max_under_constraints;seed=continuation
0.35,production_hybrid,3c5f6b3c9bd535cff7657364dadb2efc31f2ea48,101.0,1,3.625,387.27498,21.938759,0.0,3,true,true,fine_grid,false,governance.selection=pressure_max_under_constraints;seed=continuation
0.35,production_hybrid,3c5f6b3c9bd535cff7657364dadb2efc31f2ea48,101.0,1,3.675,388.8933,21.953127,0.0,3,true,true,fine_grid,false,governance.selection=pressure_max_under_constraints;seed=continuation
0.35,production_hybrid,3c5f6b3c9bd535cff7657364dadb2efc31f2ea48,101.0,1,3.725,390.497857,21.967569,0.0,2,true,true,fine_grid,false,governance.selection=pressure_max_under_constraints;seed=continuation
0.35,production_hybrid,3c5f6b3c9bd535cff7657364dadb2efc31f2ea48,101.0,1,3.775,392.088195,21.982075,0.0,2,true,true,fine_grid,false,governance.selection=pressure_max_under_constraints;seed=continuation
0.35,production_hybrid,3c5f6b3c9bd535cff7657364dadb2efc31f2ea48,101.0,1,3.825,393.663954,21.996641,0.0,2,true,true,fine_grid,false,governance.selection=pressure_max_under_constraints;seed=continuation
0.35,production_hybrid,3c5f6b3c9bd535cff7657364dadb2efc31f2ea48,101.0,1,3.875,395.224843,22.011259,0.0,2,true,true,fine_grid,false,governance.selection=pressure_max_under_constraints;seed=continuation
0.35,production_hybrid,3c5f6b3c9bd535cff7657364dadb2efc31f2ea48,101.0,1,3.925,396.770637,22.025923,0.0,2,true,true,fine_grid,false,governance.selection=pressure_max_under_constraints;seed=continuation
0.35,production_hybrid,3c5f6b3c9bd535cff7657364dadb2efc31f2ea48,101.0,1,3.975,398.301163,22.040629,0.0,2,true,true,fine_grid,false,governance.selection=pressure_max_under_constraints;seed=continuation
0.35,production_hybrid,3c5f6b3c9bd535cff7657364dadb2efc31f2ea48,101.0,2,0.0125,235.004546,21.609087,0.0,4,true,true,stage_b_grid,false,governance.selection=pressure_max_under_constraints;seed=continuation
0.35,production_hybrid,3c5f6b3c9bd535cff7657364dadb2efc31f2ea48,101.0,2,0.0375,271.080058,21.611079,0.0,4,true,true,stage_b_grid,false,governance.selection=pressure_max_under_constraints;seed=continuation
0.35,production_hybrid,3c5f6b3c9bd535cff7657364dadb2efc31f2ea48,101.0,2,0.0625,287.368586,21.613016,0.0,3,true,true,stage_b_grid,false,governance.selection=pressure_max_under_constraints;seed=continuation
0.35,production_hybrid,3c5f6b3c9bd535cff7657364dadb2efc31f2ea48,101.0,2,0.0875,297.789059,21.614898,0.0,3,true,true,stage_b_grid,false,governance.selection=pressure_max_under_constraints;seed=continuation
0.35,production_hybrid,3c5f6b3c9bd535cff7657364dadb2efc31f2ea48,101.0,2,0.1125,305.344429,21.616725,0.0,3,true,true,stage_b_grid,false,governance.selection=pressure_max_under_constraints;seed=continuation
0.35,production_hybrid,3c5f6b3c9bd535cff7657364dadb2efc31f2ea48,101.0,2,0.1375,311.196706,21.618498,0.0,3,true,true,stage_b_grid,false,governance.selection=pressure_max_under_constraints;seed=continuation
0.35,production_hybrid,3c5f6b3c9bd535cff7657364dadb2efc31f2ea48,101.0,2,0.1625,315.919173,21.620216,0.0,3,true,true,stage_b_grid,false,governance.selection=pressure_max_under_constraints;seed=continuation
0.35,production_hybrid,3c5f6b3c9bd535cff7657364dadb2efc31f2ea48,101.0,2,0.1875,319.837203,21.62188,0.0,3,true,true,stage_b_grid,false,governance.selection=pressure_max_under_constraints;seed=continuation
0.35,production_hybrid,3c5f6b3c9bd535cff7657364dadb2efc31f2ea48,101.0,2,0.2125,323.153357,21.623491,0.0,3,true,true,stage_b_grid,false,governance.selection=pressure_max_under_constraints;seed=continuation
0.35,production_hybrid,3c5f6b3c9bd535cff7657364dadb2efc31f2ea48,101.0,2,0.2375,326.002351,21.625048,0.0,3,true,true,stage_b_grid,false,governance.selection=pressure_max_under_constraints;seed=continuation
0.35,production_hybrid,3c5f6b3c9bd535cff7657364dadb2efc31f2ea48,101.0,2,0.2625,328.478339,21.626552,0.0,3,true,true,stage_b_grid,false,governance.selection=pressure_max_under_constraints;seed=continuation
0.35,production_hybrid,3c5f6b3c9bd535cff7657364dadb2efc31f2ea48,101.0,2,0.2875,330.649724,21.628003,0.0,3,true,true,stage_b_grid,false,governance.selection=pressure_max_under_constraints;seed=continuation
0.35,production_hybrid,3c5f6b3c9bd535cff7657364dadb2efc31f2ea48,101.0,2,0.3125,332.567779,21.629402,0.0,3,true,true,stage_b_grid,false,governance.selection=pressure_max_under_constraints;seed=continuation
0.35,production_hybrid,3c5f6b3c9bd535cff7657364dadb2efc31f2ea48,101.0,2,0.3375,334.271928,21.630748,0.0,3,true,true,stage_b_grid,false,governance.selection=pressure_max_under_constraints;seed=continuation
0.35,production_hybrid,3c5f6b3c9bd535cff7657364dadb2efc31f2ea48,101.0,2,0.3625,335.793145,21.632042,0.0,3,true,true,stage_b_grid,false,governance.selection=pressure_max_under_constraints;seed=continuation
0.35,production_hybrid,3c5f6b3c9bd535cff7657364dadb2efc31f2ea48,101.0,2,0.3875,337.156209,21.633285,0.0,3,true,true,stage_b_grid,false,governance.selection=pressure_max_under_constraints;seed=continuation
0.35,production_hybrid,3c5f6b3c9bd535cff7657364dadb2efc31f2ea48,101.0,2,0.4125,338.381261,21.634476,0.0,3,true,true,stage_b_grid,false,governance.selection=pressure_max_under_constraints;seed=continuation
0.35,production_hybrid,3c5f6b3c9bd535cff7657364dadb2efc31f2ea48,101.0,2,0.4375,339.484892,21.635617,0.0,3,true,true,stage_b_grid,false,governance.selection=pressure_max_under_constraints;seed=continuation
0.35,production_hybrid,3c5f6b3c9bd535cff7657364dadb2efc31f2ea48,101.0,2,0.4625,340.480939,21.636706,0.0,3,true,true,stage_b_grid,false,governance.selection=pressure_max_under_constraints;seed=continuation
0.35,production_hybrid,3c5f6b3c9bd535cff7657364dadb2efc31f2ea48,101.0,2,0.4875,341.381061,21.637746,0.0,3,true,true,stage_b_grid,false,governance.selection=pressure_max_under_constraints;seed=continuation
0.35,production_hybrid,3c5f6b3c9bd535cff7657364dadb2efc31f2ea48,101.0,2,0.5125,342.19518,21.638736,0.0,3,true,true,stage_b_grid,false,governance.selection=pressure_max_under_constraints;seed=continuation
0.35,production_hybrid,3c5f6b3c9bd535cff7657364dadb2efc31f2ea48,101.0,2,0.5375,342.931811,21.639676,0.0,3,true,true,stage_b_grid,false,governance.selection=pressure_max_under_constraints;seed=continuation
0.35,production_hybrid,3c5f6b3c9bd535cff7657364dadb2efc31f2ea48,101.0,2,0.5625,343.598319,21.640568,0.0,3,true,true,stage_b_grid,false,governance.selection=pressure_max_under_constraints;seed=continuation
0.35,production_hybrid,3c5f6b3c9bd535cff7657364dadb2efc31f2ea48,101.0,2,0.5875,344.201117,21.64141,0.0,3,true,true,stage_b_grid,false,governance.selection=pressure_max_under_constraints;seed=continuation
0.35,production_hybrid,3c5f6b3c9bd535cff7657364dadb2efc31f2ea48,101.0,2,0.6125,344.745831,21.642205,0.0,3,true,true,stage_b_grid,false,governance.selection=pressure_max_under_constraints;seed=continuation
0.35,production_hybrid,3c5f6b3c9bd535cff7657364dadb2efc31f2ea48,101.0,2,0.6375,345.237421,21.642952,0.0,3,true,true,stage_b_grid,false,governance.selection=pressure_max_under_constraints;seed=continuation
0.35,production_hybrid,3c5f6b3c9bd535cff7657364dadb2efc31f2ea48,101.0,2,0.6625,345.680288,21.643652,0.0,3,true,true,stage_b_grid,false,governance.selection=pressure_max_under_constraints;seed=continuation
0.35,production_hybrid,3c5f6b3c9bd535cff7657364dadb2efc31f2ea48,101.0,2,0.6875,346.078354,21.644306,0.0,3,true,true,stage_b_grid,false,governance.selection=pressure_max_under_constraints;seed=continuation
0.35,production_hybrid,3c5f6b3c9bd535cff7657364dadb2efc31f2ea48,101.0,2,0.7125,346.435135,21.644913,0.0,3,true,true,stage_b_grid,false,governance.selection=pressure_max_under_constraints;seed=continuation
0.35,production_hybrid,3c5f6b3c9bd535cff7657364dadb2efc31f2ea48,101.0,2,0.7375,346.753795,21.645475,0.0,2,true,true,stage_b_grid,false,governance.selection=pressure_max_under_constraints;seed=continuation
0.35,production_hybrid,3c5f6b3c9bd535cff7657364dadb2efc31f2ea48,101.0,2,0.7625,347.037194,21.645992,0.0,2,true,true,stage_b_grid,false,governance.selection=pressure_max_under_constraints;seed=continuation
0.35,production_hybrid,3c5f6b3c9bd535cff7657364dadb2efc31f2ea48,101.0,2,0.7875,347.287929,21.646464,0.0,2,true,true,stage_b_grid,false,governance.selection=pressure_max_under_constraints;seed=continuation
0.35,production_hybrid,3c5f6b3c9bd535cff7657364dadb2efc31f2ea48,101.0,2,0.8125,347.508365,21.646893,0.0,2,true,true,stage_b_grid,false,governance.selection=pressure_max_under_constraints;seed=continuation
0.35,production_hybrid,3c5f6b3c9bd535cff7657364dadb2efc31f2ea48,101.0,2,0.8375,347.700667,21.647279,0.0,2,true,true,stage_b_grid,false,governance.selection=pressure_max_under_constraints;seed=continuation
0.35,production_hybrid,3c5f6b3c9bd535cff7657364dadb2efc31f2ea48,101.0,2,0.8625,347.866823,21.647622,0.0,2,true,true,stage_b_grid,false,governance.selection=pressure_max_under_constraints;seed=continuation
0.35,production_hybrid,3c5f6b3c9bd535cff7657364dadb2efc31f2ea48,101.0,2,0.8875,348.008664,21.647924,0.0,2,true,true,stage_b_grid,false,governance.selection=pressure_max_under_constraints;seed=continuation
0.35,production_hybrid,3c5f6b3c9bd535cff7657364dadb2efc31f2ea48,101.0,2,0.9125,348.127883,21.648185,0.0,2,true,true,stage_b_grid,false,governance.selection=pressure_max_under_constraints;seed=continuation
0.35,production_hybrid,3c5f6b3c9bd535cff7657364dadb2efc31f2ea48,101.0,2,0.9375,348.226051,21.648406,0.0,2,true,true,stage_b_grid,false,governance.selection=pressure_max_under_constraints;seed=continuation
0.35,production_hybrid,3c5f6b3c9bd535cff7657364dadb2efc31f2ea48,101.0,2,0.9625,348.304631,21.648587,0.0,2,true,true,stage_b_grid,false,governance.selection=pressure_max_under_constraints;seed=continuation
0.35,production_hybrid,3c5f6b3c9bd535cff7657364dadb2efc31f2ea48,101.0,2,0.9875,348.364987,21.64873,0.0,2,true,true,stage_b_grid,false,governance.selection=pressure_max_under_constraints;seed=continuation
0.35,production_hybrid,3c5f6b3c9bd535cff7657364dadb2efc31f2ea48,101.0,2,1.0125,348.4084,21.648836,0.0,2,true,true,stage_b_grid,false,governance.selection=pressure_max_under_constraints;seed=continuation
0.35,production_hybrid,3c5f6b3c9bd535cff7657364dadb2efc31f2ea48,101.0,2,1.0375,348.436072,21.648905,0.0,2,true,true,stage_b_grid,false,governance.selection=pressure_max_under_constraints;seed=continuation
0.35,production_hybrid,3c5f6b3c9bd535cff7657364dadb2efc31f2ea48,101.0,2,1.0625,348.449137,21.648938,0.0,2,true,true,stage_b_grid,false,governance.selection=pressure_max_under_constraints;seed=continuation
0.35,production_hybrid,3c5f6b3c9bd535cff7657364dadb2efc31f2ea48,101.0,2,1.0875,348.448668,21.648937,0.0,2,true,true,stage_b_grid,false,governance.selection=pressure_max_under_constraints;seed=continuation
0.35,production_hybrid,3c5f6b3c9bd535cff7657364dadb2efc31f2ea48,101.0,2,1.1125,348.435683,21.648902,0.0,2,true,true,stage_b_grid,false,governance.selection=pressure_max_under_constraints;seed=continuation
0.35,production_hybrid,3c5f6b3c9bd535cff7657364dadb2efc31f2ea48,101.0,2,1.1375,348.411152,21.648835,0.0,2,true,true,stage_b_grid,false,governance.selection=pressure_max_under_constraints;seed=continuation
0.35,production_hybrid,3c5f6b3c9bd535cff7657364dadb2efc31f2ea48,101.0,2,1.1625,348.376,21.648736,0.0,2,true,true,stage_b_grid,false,governance.selection=pressure_max_under_constraints;seed=continuation
0.35,production_hybrid,3c5f6b3c9bd535cff7657364dadb2efc31f2ea48,101.0,2,1.1875,348.331117,21.648608,0.0,2,true,true,stage_b_grid,false,governance.selection=pressure_max_under_constraints;seed=continuation
0.35,production_hybrid,3c5f6b3c9bd535cff7657364dadb2efc31f2ea48,101.0,2,1.2125,348.277353,21.648451,0.0,2,true,true,stage_b_grid,false,governance.selection=pressure_max_under_constraints;seed=continuation
0.35,production_hybrid,3c5f6b3c9bd535cff7657364dadb2efc31f2ea48,101.0,2,1.2375,348.215535,21.648267,0.0,2,true,true,stage_b_grid,false,governance.selection=pressure_max_under_constraints;seed=continuation
0.35,production_hybrid,3c5f6b3c9bd535cff7657364dadb2efc31f2ea48,101.0,2,1.2625,348.146457,21.648057,0.0,2,true,true,stage_b_grid,false,governance.selection=pressure_max_under_constraints;seed=continuation
0.35,production_hybrid,3c5f6b3c9bd535cff7657364dadb2efc31f2ea48,101.0,2,1.2875,348.070894,21.647822,0.0,2,true,true,stage_b_grid,false,governance.selection=pressure_max_under_constraints;seed=continuation
0.35,production_hybrid,3c5f6b3c9bd535cff7657364dadb2efc31f2ea48,101.0,2,1.3125,347.9896,21.647565,0.0,2,true,true,stage_b_grid,false,governance.selection=pressure_max_under_constraints;seed=continuation
0.35,production_hybrid,3c5f6b3c9bd535cff7657364dadb2efc31f2ea48,101.0,2,1.3375,347.903312,21.647287,0.0,2,true,true,stage_b_grid,false,governance.selection=pressure_max_under_constraints;seed=continuation
0.35,production_hybrid,3c5f6b3c9bd535cff7657364dadb2efc31f2ea48,101.0,2,1.3625,347.812755,21.64699,0.0,2,true,true,stage_b_grid,false,governance.selection=pressure_max_under_constraints;seed=continuation
0.35,production_hybrid,3c5f6b3c9bd535cff7657364dadb2efc31f2ea48,101.0,2,1.3875,347.718639,21.646675,0.0,2,true,true,stage_b_grid,false,governance.selection=pressure_max_under_constraints;seed=continuation
0.35,production_hybrid,3c5f6b3c9bd535cff7657364dadb2efc31f2ea48,101.0,2,1.4125,347.621667,21.646344,0.0,2,true,true,stage_b_grid,false,governance.selection=pressure_max_under_constraints;seed=continuation
0.35,production_hybrid,3c5f6b3c9bd535cff7657364dadb2efc31f2ea48,101.0,2,1.4375,347.522537,21.646001,0.0,2,true,true,stage_b_grid,false,governance.selection=pressure_max_under_constraints;seed=continuation
0.35,production_hybrid,3c5f6b3c9bd535cff7657364dadb2efc31f2ea48,101.0,2,1.4625,347.42194,21.645646,0.0,2,true,true,stage_b_grid,false,governance.selection=pressure_max_under_constraints;seed=continuation
0.35,production_hybrid,3c5f6b3c9bd535cff7657364dadb2efc31f2ea48,101.0,2,1.4875,347.320566,21.645282,0.0,2,true,true,stage_b_grid,false,governance.selection=pressure_max_under_constraints;seed=continuation
0.35,production_hybrid,3c5f6b3c9bd535cff7657364dadb2efc31f2ea48,101.0,2,1.5125,347.219106,21.644912,0.0,2,true,true,stage_b_grid,false,governance.selection=pressure_max_under_constraints;seed=continuation
0.35,production_hybrid,3c5f6b3c9bd535cff7657364dadb2efc31f2ea48,101.0,2,1.5375,347.118252,21.644538,0.0,2,true,true,stage_b_grid,false,governance.selection=pressure_max_under_constraints;seed=continuation
0.35,production_hybrid,3c5f6b3c9bd535cff7657364dadb2efc31f2ea48,101.0,2,1.5625,347.018699,21.644163,0.0,2,true,true,stage_b_grid,false,governance.selection=pressure_max_under_constraints;seed=continuation
0.35,production_hybrid,3c5f6b3c9bd535cff7657364dadb2efc31f2ea48,101.0,2,1.5875,346.921151,21.643789,0.0,2,true,true,stage_b_grid,false,governance.selection=pressure_max_under_constraints;seed=continuation
0.35,production_hybrid,3c5f6b3c9bd535cff7657364dadb2efc31f2ea48,101.0,2,1.6125,346.826317,21.64342,0.0,2,true,true,stage_b_grid,false,governance.selection=pressure_max_under_constraints;seed=continuation
0.35,production_hybrid,3c5f6b3c9bd535cff7657364dadb2efc31f2ea48,101.0,2,1.6375,346.734916,21.643059,0.0,2,true,true,stage_b_grid,false,governance.selection=pressure_max_under_constraints;seed=continuation
0.35,production_hybrid,3c5f6b3c9bd535cff7657364dadb2efc31f2ea48,101.0,2,1.6625,346.647679,21.642708,0.0,2,true,true,stage_b_grid,false,governance.selection=pressure_max_under_constraints;seed=continuation
0.35,production_hybrid,3c5f6b3c9bd535cff7657364dadb2efc31f2ea48,101.0,2,1.6875,346.56535,21.642373,0.0,2,true,true,stage_b_grid,false,governance.selection=pressure_max_under_constraints;seed=continuation
0.35,production_hybrid,3c5f6b3c9bd535cff7657364dadb2efc31f2ea48,101.0,2,1.7125,346.488686,21.642056,0.0,2,true,true,stage_b_grid,false,governance.selection=pressure_max_under_constraints;seed=continuation
0.35,production_hybrid,3c5f6b3c9bd535cff7657364dadb2efc31f2ea48,101.0,2,1.7375,346.418461,21.641761,0.0,2,true,true,stage_b_grid,false,governance.selection=pressure_max_under_constraints;seed=continuation
0.35,production_hybrid,3c5f6b3c9bd535cff7657364dadb2efc31f2ea48,101.0,2,1.7625,346.355466,21.641493,0.0,2,true,true,stage_b_grid,false,governance.selection=pressure_max_under_constraints;seed=continuation
0.35,production_hybrid,3c5f6b3c9bd535cff7657364dadb2efc31f2ea48,101.0,2,1.7875,346.30051,21.641256,0.0,2,true,true,stage_b_grid,false,governance.selection=pressure_max_under_constraints;seed=continuation
0.35,production_hybrid,3c5f6b3c9bd535cff7657364dadb2efc31f2ea48,101.0,2,1.8125,346.254422,21.641054,0.0,2,true,true,stage_b_grid,false,governance.selection=pressure_max_under_constraints;seed=continuation
0.35,production_hybrid,3c5f6b3c9bd535cff7657364dadb2efc31f2ea48,101.0,2,1.8375,346.218049,21.640893,0.0,2,true,true,stage_b_grid,false,governance.selection=pressure_max_under_constraints;seed=continuation
0.35,production_hybrid,3c5f6b3c9bd535cff7657364dadb2efc31f2ea48,101.0,2,1.8625,346.19226,21.640777,0.0,2,true,true,stage_b_grid,false,governance.selection=pressure_max_under_constraints;seed=continuation
0.35,production_hybrid,3c5f6b3c9bd535cff7657364dadb2efc31f2ea48,101.0,2,1.8875,346.177944,21.640712,0.0,2,true,true,stage_b_grid,false,governance.selection=pressure_max_under_constraints;seed=continuation
0.35,production_hybrid,3c5f6b3c9bd535cff7657364dadb2efc31f2ea48,101.0,2,1.9125,346.17601,21.640703,0.0,2,true,true,stage_b_grid,false,governance.selection=pressure_max_under_constraints;seed=continuation
0.35,production_hybrid,3c5f6b3c9bd535cff7657364dadb2efc31f2ea48,101.0,2,1.9375,346.187384,21.640756,0.0,2,true,true,stage_b_grid,false,governance.selection=pressure_max_under_constraints;seed=continuation
0.35,production_hybrid,3c5f6b3c9bd535cff7657364dadb2efc31f2ea48,101.0,2,1.9625,346.213013,21.640878,0.0,2,true,true,stage_b_grid,false,governance.selection=pressure_max_under_constraints;seed=continuation
0.35,production_hybrid,3c5f6b3c9bd535cff7657364dadb2efc31f2ea48,101.0,2,1.9875,346.253857,21.641074,0.0,2,true,true,stage_b_grid,false,governance.selection=pressure_max_under_constraints;seed=continuation
0.35,production_hybrid,3c5f6b3c9bd535cff7657364dadb2efc31f2ea48,101.0,2,2.0125,346.310889,21.641352,0.0,2,true,true,stage_b_grid,false,governance.selection=pressure_max_under_constraints;seed=continuation
0.35,production_hybrid,3c5f6b3c9bd535cff7657364dadb2efc31f2ea48,101.0,2,2.0375,346.385092,21.641717,0.0,2,true,true,stage_b_grid,false,governance.selection=pressure_max_under_constraints;seed=continuation
0.35,production_hybrid,3c5f6b3c9bd535cff7657364dadb2efc31f2ea48,101.0,2,2.0625,346.47745,21.642178,0.0,2,true,true,stage_b_grid,false,governance.selection=pressure_max_under_constraints;seed=continuation
0.35,production_hybrid,3c5f6b3c9bd535cff7657364dadb2efc31f2ea48,101.0,2,2.0875,346.588949,21.642741,0.0,2,true,true,stage_b_grid,false,governance.selection=pressure_max_under_constraints;seed=continuation
0.35,production_hybrid,3c5f6b3c9bd535cff7657364dadb2efc31f2ea48,101.0,2,2.1125,346.720564,21.643413,0.0,2,true,true,stage_b_grid,false,governance.selection=pressure_max_under_constraints;seed=continuation
0.35,production_hybrid,3c5f6b3c9bd535cff7657364dadb2efc31f2ea48,101.0,2,2.1375,346.873252,21.644202,0.0,2,true,true,stage_b_grid,false,governance.selection=pressure_max_under_constraints;seed=continuation
0.35,production_hybrid,3c5f6b3c9bd535cff7657364dadb2efc31f2ea48,101.0,2,2.1625,347.047946,21.645116,0.0,2,true,true,stage_b_grid,false,governance.selection=pressure_max_under_constraints;seed=continuation
0.35,production_hybrid,3c5f6b3c9bd535cff7657364dadb2efc31f2ea48,101.0,2,2.1875,347.245541,21.646162,0.0,2,true,true,stage_b_grid,false,governance.selection=pressure_max_under_constraints;seed=continuation
0.35,production_hybrid,3c5f6b3c9bd535cff7657364dadb2efc31f2ea48,101.0,2,2.2125,347.466884,21.647346,0.0,2,true,true,stage_b_grid,false,governance.selection=pressure_max_under_constraints;seed=continuation
0.35,production_hybrid,3c5f6b3c9bd535cff7657364dadb2efc31f2ea48,101.0,2,2.2375,347.712761,21.648677,0.0,2,true,true,stage_b_grid,false,governance.selection=pressure_max_under_constraints;seed=continuation
0.35,production_hybrid,3c5f6b3c9bd535cff7657364dadb2efc31f2ea48,101.0,2,2.2625,347.983884,21.650161,0.0,2,true,true,stage_b_grid,false,governance.selection=pressure_max_under_constraints;seed=continuation
0.35,production_hybrid,3c5f6b3c9bd535cff7657364dadb2efc31f2ea48,101.0,2,2.2875,348.28088,21.651805,0.0,2,true,true,stage_b_grid,false,governance.selection=pressure_max_under_constraints;seed=continuation
0.35,production_hybrid,3c5f6b3c9bd535cff7657364dadb2efc31f2ea48,101.0,2,2.3125,348.604273,21.653614,0.0,2,true,true,stage_b_grid,false,governance.selection=pressure_max_under_constraints;seed=continuation
0.35,production_hybrid,3c5f6b3c9bd535cff7657364dadb2efc31f2ea48,101.0,2,2.3375,348.954475,21.655595,0.0,2,true,true,stage_b_grid,false,governance.selection=pressure_max_under_constraints;seed=continuation
0.35,production_hybrid,3c5f6b3c9bd535cff7657364dadb2efc31f2ea48,101.0,2,2.3625,349.331776,21.657752,0.0,2,true,true,stage_b_grid,false,governance.selection=pressure_max_under_constraints;seed=continuation
0.35,production_hybrid,3c5f6b3c9bd535cff7657364dadb2efc31f2ea48,101.0,2,2.3875,349.736327,21.660089,0.0,2,true,true,stage_b_grid,false,governance.selection=pressure_max_under_constraints;seed=continuation
0.35,production_hybrid,3c5f6b3c9bd535cff7657364dadb2efc31f2ea48,101.0,2,2.4125,350.168142,21.662611,0.0,2,true,true,stage_b_grid,false,governance.selection=pressure_max_under_constraints;seed=continuation
0.35,production_hybrid,3c5f6b3c9bd535cff7657364dadb2efc31f2ea48,101.0,2,2.4375,350.627085,21.665318,0.0,2,true,true,stage_b_grid,false,governance.selection=pressure_max_under_constraints;seed=continuation
0.35,production_hybrid,3c5f6b3c9bd535cff7657364dadb2efc31f2ea48,101.0,2,2.4625,351.112873,21.668213,0.0,3,true,true,stage_b_grid,false,governance.selection=pressure_max_under_constraints;seed=continuation
0.35,production_hybrid,3c5f6b3c9bd535cff7657364dadb2efc31f2ea48,101.0,2,2.4875,351.625075,21.671297,0.0,3,true,true,stage_b_grid,false,governance.selection=pressure_max_under_constraints;seed=continuation
0.35,production_hybrid,3c5f6b3c9bd535cff7657364dadb2efc31f2ea48,101.0,2,2.5125,352.163117,21.674569,0.0,3,true,true,stage_b_grid,false,governance.selection=pressure_max_under_constraints;seed=continuation
0.35,production_hybrid,3c5f6b3c9bd535cff7657364dadb2efc31f2ea48,101.0,2,2.5375,352.726292,21.678028,0.0,3,true,true,stage_b_grid,false,governance.selection=pressure_max_under_constraints;seed=continuation
0.35,production_hybrid,3c5f6b3c9bd535cff7657364dadb2efc31f2ea48,101.0,2,2.5625,353.313769,21.681673,0.0,3,true,true,stage_b_grid,false,governance.selection=pressure_max_under_constraints;seed=continuation
0.35,production_hybrid,3c5f6b3c9bd535cff7657364dadb2efc31f2ea48,101.0,2,2.5875,353.924606,21.685499,0.0,3,true,true,stage_b_grid,false,governance.selection=pressure_max_under_constraints;seed=continuation
0.35,production_hybrid,3c5f6b3c9bd535cff7657364dadb2efc31f2ea48,101.0,2,2.6125,354.557768,21.689503,0.0,3,true,true,stage_b_grid,false,governance.selection=pressure_max_under_constraints;seed=continuation
0.35,production_hybrid,3c5f6b3c9bd535cff7657364dadb2efc31f2ea48,101.0,2,2.6375,355.212141,21.693682,0.0,3,true,true,stage_b_grid,false,governance.selection=pressure_max_under_constraints;seed=continuation
0.35,production_hybrid,3c5f6b3c9bd535cff7657364dadb2efc31f2ea48,101.0,2,2.6625,355.88655,21.698029,0.0,3,true,true,stage_b_grid,false,governance.selection=pressure_max_under_constraints;seed=continuation
0.35,production_hybrid,3c5f6b3c9bd535cff7657364dadb2efc31f2ea48,101.0,2,2.6875,356.579781,21.70254,0.0,3,true,true,stage_b_grid,false,governance.selection=pressure_max_under_constraints;seed=continuation
0.35,production_hybrid,3c5f6b3c9bd535cff7657364dadb2efc31f2ea48,101.0,2,2.7125,357.290589,21.707209,0.0,3,true,true,stage_b_grid,false,governance.selection=pressure_max_under_constraints;seed=continuation
0.35,production_hybrid,3c5f6b3c9bd535cff7657364dadb2efc31f2ea48,101.0,2,2.7375,358.017724,21.712029,0.0,3,true,true,stage_b_grid,false,governance.selection=pressure_max_under_constraints;seed=continuation
0.35,production_hybrid,3c5f6b3c9bd535cff7657364dadb2efc31f2ea48,101.0,2,2.7625,358.759937,21.716994,0.0,3,true,true,stage_b_grid,false,governance.selection=pressure_max_under_constraints;seed=continuation
0.35,production_hybrid,3c5f6b3c9bd535cff7657364dadb2efc31f2ea48,101.0,2,2.7875,359.515998,21.722097,0.0,3,true,true,stage_b_grid,false,governance.selection=pressure_max_under_constraints;seed=continuation
0.35,production_hybrid,3c5f6b3c9bd535cff7657364dadb2efc31f2ea48,101.0,2,2.8125,360.284703,21.727333,0.0,3,true,true,stage_b_grid,false,governance.selection=pressure_max_under_constraints;seed=continuation
0.35,production_hybrid,3c5f6b3c9bd535cff7657364dadb2efc31f2ea48,101.0,2,2.8375,361.064888,21.732694,0.0,3,true,true,stage_b_grid,false,governance.selection=pressure_max_under_constraints;seed=continuation
0.35,production_hybrid,3c5f6b3c9bd535cff7657364dadb2efc31f2ea48,101.0,2,2.8625,361.855429,21.738175,0.0,3,true,true,stage_b_grid,false,governance.selection=pressure_max_under_constraints;seed=continuation
0.35,production_hybrid,3c5f6b3c9bd535cff7657364dadb2efc31f2ea48,101.0,2,2.8875,362.655257,21.743769,0.0,3,true,true,stage_b_grid,false,governance.selection=pressure_max_under_constraints;seed=continuation
0.35,production_hybrid,3c5f6b3c9bd535cff7657364dadb2efc31f2ea48,101.0,2,2.9125,363.46335,21.749469,0.0,3,true,true,stage_b_grid,false,governance.selection=pressure_max_under_constraints;seed=continuation
0.35,production_hybrid,3c5f6b3c9bd535cff7657364dadb2efc31f2ea48,101.0,2,2.9375,364.278748,21.755271,0.0,3,true,true,stage_b_grid,false,governance.selection=pressure_max_under_constraints;seed=continuation
0.35,production_hybrid,3c5f6b3c9bd535cff7657364dadb2efc31f2ea48,101.0,2,2.9625,365.100542,21.761168,0.0,3,true,true,stage_b_grid,false,governance.selection=pressure_max_under_constraints;seed=continuation
0.35,production_hybrid,3c5f6b3c9bd535cff7657364dadb2efc31f2ea48,101.0,2,2.9875,365.927885,21.767155,0.0,3,true,true,stage_b_grid,false,governance.selection=pressure_max_under_constraints;seed=continuation
0.35,production_hybrid,3c5f6b3c9bd535cff7657364dadb2efc31f2ea48,101.0,2,3.0125,366.759983,21.773228,0.0,2,true,true,stage_b_grid,false,governance.selection=pressure_max_under_constraints;seed=continuation
0.35,production_hybrid,3c5f6b3c9bd535cff7657364dadb2efc31f2ea48,101.0,2,3.0375,367.596099,21.77938,0.0,2,true,true,stage_b_grid,false,governance.selection=pressure_max_under_constraints;seed=continuation
0.35,production_hybrid,3c5f6b3c9bd535cff7657364dadb2efc31f2ea48,101.0,2,3.0625,368.435547,21.785608,0.0,2,true,true,stage_b_grid,false,governance.selection=pressure_max_under_constraints;seed=continuation
0.35,production_hybrid,3c5f6b3c9bd535cff7657364dadb2efc31f2ea48,101.0,2,3.0875,369.277693,21.791907,0.0,2,true,true,stage_b_grid,false,governance.selection=pressure_max_under_constraints;seed=continuation
0.35,production_hybrid,3c5f6b3c9bd535cff7657364dadb2efc31f2ea48,101.0,2,3.1125,370.121952,21.798274,0.0,2,true,true,stage_b_grid,false,governance.selection=pressure_max_under_constraints;seed=continuation
0.35,production_hybrid,3c5f6b3c9bd535cff7657364dadb2efc31f2ea48,101.0,2,3.1375,370.967784,21.804703,0.0,2,true,true,stage_b_grid,false,governance.selection=pressure_max_under_constraints;seed=continuation
0.35,production_hybrid,3c5f6b3c9bd535cff7657364dadb2efc31f2ea48,101.0,2,3.1625,371.814693,21.811193,0.0,2,true,true,stage_b_grid,false,governance.selection=pressure_max_under_constraints;seed=continuation
0.35,production_hybrid,3c5f6b3c9bd535cff7657364dadb2efc31f2ea48,101.0,2,3.1875,372.662221,21.817738,0.0,2,true,true,stage_b_grid,false,governance.selection=pressure_max_under_constraints;seed=continuation
0.35,production_hybrid,3c5f6b3c9bd535cff7657364dadb2efc31f2ea48,101.0,2,3.2125,373.50995,21.824337,0.0,2,true,true,stage_b_grid,false,governance.selection=pressure_max_under_constraints;seed=continuation
0.35,production_hybrid,3c5f6b3c9bd535cff7657364dadb2efc31f2ea48,101.0,2,3.2375,374.357495,21.830986,0.0,2,true,true,stage_b_grid,false,governance.selection=pressure_max_under_constraints;seed=continuation
0.35,production_hybrid,3c5f6b3c9bd535cff7657364dadb2efc31f2ea48,101.0,2,3.2625,375.204506,21.837682,0.0,2,true,true,stage_b_grid,false,governance.selection=pressure_max_under_constraints;seed=continuation
0.35,production_hybrid,3c5f6b3c9bd535cff7657364dadb2efc31f2ea48,101.0,2,3.2875,376.05066,21.844423,0.0,2,true,true,stage_b_grid,false,governance.selection=pressure_max_under_constraints;seed=continuation
0.35,production_hybrid,3c5f6b3c9bd535cff7657364dadb2efc31f2ea48,101.0,2,3.3125,376.895664,21.851206,0.0,2,true,true,stage_b_grid,false,governance.selection=pressure_max_under_constraints;seed=continuation
0.35,production_hybrid,3c5f6b3c9bd535cff7657364dadb2efc31f2ea48,101.0,2,3.3375,377.739248,21.858029,0.0,2,true,true,stage_b_grid,false,governance.selection=pressure_max_under_constraints;seed=continuation
0.35,production_hybrid,3c5f6b3c9bd535cff7657364dadb2efc31f2ea48,101.0,2,3.3625,378.581168,21.86489,0.0,2,true,true,stage_b_grid,false,governance.selection=pressure_max_under_constraints;seed=continuation
0.35,production_hybrid,3c5f6b3c9bd535cff7657364dadb2efc31f2ea48,101.0,2,3.3875,379.421201,21.871786,0.0,2,true,true,stage_b_grid,false,governance.selection=pressure_max_under_constraints;seed=continuation
0.35,production_hybrid,3c5f6b3c9bd535cff7657364dadb2efc31f2ea48,101.0,2,3.4125,380.259143,21.878716,0.0,2,true,true,stage_b_grid,false,governance.selection=pressure_max_under_constraints;seed=continuation
0.35,production_hybrid,3c5f6b3c9bd535cff7657364dadb2efc31f2ea48,101.0,2,3.4375,381.094808,21.885679,0.0,2,true,true,stage_b_grid,false,governance.selection=pressure_max_under_constraints;seed=continuation
0.35,production_hybrid,3c5f6b3c9bd535cff7657364dadb2efc31f2ea48,101.0,2,3.4625,381.928027,21.892671,0.0,2,true,true,stage_b_grid,false,governance.selection=pressure_max_under_constraints;seed=continuation
0.35,production_hybrid,3c5f6b3c9bd535cff7657364dadb2efc31f2ea48,101.0,2,3.4875,382.758648,21.899692,0.0,2,true,true,stage_b_grid,false,governance.selection=pressure_max_under_constraints;seed=continuation
0.35,production_hybrid,3c5f6b3c9bd535cff7657364dadb2efc31f2ea48,101.0,2,3.5125,383.58653,21.906741,0.0,2,true,true,stage_b_grid,false,governance.selection=pressure_max_under_constraints;seed=continuation
0.35,production_hybrid,3c5f6b3c9bd535cff7657364dadb2efc31f2ea48,101.0,2,3.5375,384.411547,21.913815,0.0,2,true,true,stage_b_grid,false,governance.selection=pressure_max_under_constraints;seed=continuation
0.35,production_hybrid,3c5f6b3c9bd535cff7657364dadb2efc31f2ea48,101.0,2,3.5625,385.233584,21.920914,0.0,2,true,true,stage_b_grid,false,governance.selection=pressure_max_under_constraints;seed=continuation
0.35,production_hybrid,3c5f6b3c9bd535cff7657364dadb2efc31f2ea48,101.0,2,3.5875,386.052537,21.928035,0.0,2,true,true,stage_b_grid,false,governance.selection=pressure_max_under_constraints;seed=continuation
0.35,production_hybrid,3c5f6b3c9bd535cff7657364dadb2efc31f2ea48,101.0,2,3.6125,386.868311,21.935179,0.0,2,true,true,stage_b_grid,false,governance.selection=pressure_max_under_constraints;seed=continuation
0.35,production_hybrid,3c5f6b3c9bd535cff7657364dadb2efc31f2ea48,101.0,2,3.6375,387.680822,21.942344,0.0,2,true,true,stage_b_grid,false,governance.selection=pressure_max_under_constraints;seed=continuation
0.35,production_hybrid,3c5f6b3c9bd535cff7657364dadb2efc31f2ea48,101.0,2,3.6625,388.489991,21.949528,0.0,2,true,true,stage_b_grid,false,governance.selection=pressure_max_under_constraints;seed=continuation
0.35,production_hybrid,3c5f6b3c9bd535cff7657364dadb2efc31f2ea48,101.0,2,3.6875,389.295749,21.956731,0.0,2,true,true,stage_b_grid,false,governance.selection=pressure_max_under_constraints;seed=continuation
0.35,production_hybrid,3c5f6b3c9bd535cff7657364dadb2efc31f2ea48,101.0,2,3.7125,390.098034,21.963952,0.0,2,true,true,stage_b_grid,false,governance.selection=pressure_max_under_constraints;seed=continuation
0.35,production_hybrid,3c5f6b3c9bd535cff7657364dadb2efc31f2ea48,101.0,2,3.7375,390.89679,21.971189,0.0,2,true,true,stage_b_grid,false,governance.selection=pressure_max_under_constraints;seed=continuation
0.35,production_hybrid,3c5f6b3c9bd535cff7657364dadb2efc31f2ea48,101.0,2,3.7625,391.691965,21.978443,0.0,2,true,true,stage_b_grid,false,governance.selection=pressure_max_under_constraints;seed=continuation
0.35,production_hybrid,3c5f6b3c9bd535cff7657364dadb2efc31f2ea48,101.0,2,3.7875,392.483514,21.985711,0.0,2,true,true,stage_b_grid,false,governance.selection=pressure_max_under_constraints;seed=continuation
0.35,production_hybrid,3c5f6b3c9bd535cff7657364dadb2efc31f2ea48,101.0,2,3.8125,393.271398,21.992994,0.0,2,true,true,stage_b_grid,false,governance.selection=pressure_max_under_constraints;seed=continuation
0.35,production_hybrid,3c5f6b3c9bd535cff7657364dadb2efc31f2ea48,101.0,2,3.8375,394.05558,22.000291,0.0,2,true,true,stage_b_grid,false,governance.selection=pressure_max_under_constraints;seed=continuation
0.35,production_hybrid,3c5f6b3c9bd535cff7657364dadb2efc31f2ea48,101.0,2,3.8625,394.836028,22.0076,0.0,2,true,true,stage_b_grid,false,governance.selection=pressure_max_under_constraints;seed=continuation
0.35,production_hybrid,3c5f6b3c9bd535cff7657364dadb2efc31f2ea48,101.0,2,3.8875,395.612715,22.014921,0.0,2,true,true,stage_b_grid,false,governance.selection=pressure_max_under_constraints;seed=continuation
0.35,production_hybrid,3c5f6b3c9bd535cff7657364dadb2efc31f2ea48,101.0,2,3.9125,396.385614,22.022253,0.0,2,true,true,stage_b_grid,false,governance.selection=pressure_max_under_constraints;seed=continuation
0.35,production_hybrid,3c5f6b3c9bd535cff7657364dadb2efc31f2ea48,101.0,2,3.9375,397.154706,22.029596,0.0,2,true,true,stage_b_grid,false,governance.selection=pressure_max_under_constraints;seed=continuation
0.35,production_hybrid,3c5f6b3c9bd535cff7657364dadb2efc31f2ea48,101.0,2,3.9625,397.919971,22.036949,0.0,2,true,true,stage_b_grid,false,governance.selection=pressure_max_under_constraints;seed=continuation
0.35,production_hybrid,3c5f6b3c9bd535cff7657364dadb2efc31f2ea48,101.0,2,3.9875,398.681392,22.044311,0.0,2,true,true,stage_b_grid,false,governance.selection=pressure_max_under_constraints;seed=continuation
0.35,production_hybrid,3c5f6b3c9bd535cff7657364dadb2efc31f2ea48,101.0,3,0.00625,211.896724,21.608581,0.0,4,true,true,stage_b_grid,false,governance.selection=pressure_max_under_constraints;seed=continuation
0.35,production_hybrid,3c5f6b3c9bd535cff7657364dadb2efc31f2ea48,101.0,3,0.01875,248.427252,21.60959,0.0,4,true,true,stage_b_grid,false,governance.selection=pressure_max_under_constraints;seed=continuation
0.35,production_hybrid,3c5f6b3c9bd535cff7657364dadb2efc31f2ea48,101.0,3,0.03125,265.169502,21.610586,0.0,3,true,true,stage_b_grid,false,governance.selection=pressure_max_under_constraints;seed=continuation
0.35,production_hybrid,3c5f6b3c9bd535cff7657364dadb2efc31f2ea48,101.0,3,0.04375,276.042309,21.611569,0.0,3,true,true,stage_b_grid,false,governance.selection=pressure_max_under_constraints;seed=continuation
0.35,production_hybrid,3c5f6b3c9bd535cff7657364dadb2efc31f2ea48,101.0,3,0.05625,284.048594,21.612537,0.0,3,true,true,stage_b_grid,false,governance.selection=pressure_max_under_constraints;seed=continuation
0.35,production_hybrid,3c5f6b3c9bd535cff7657364dadb2efc31f2ea48,101.0,3,0.06875,290.350331,21.613492,0.0,3,true,true,stage_b_grid,false,governance.selection=pressure_max_under_constraints;seed=continuation
0.35,production_hybrid,3c5f6b3c9bd535cff7657364dadb2efc31f2ea48,101.0,3,0.08125,295.520772,21.614433,0.0,3,true,true,stage_b_grid,false,governance.selection=pressure_max_under_constraints;seed=continuation
0.35,production_hybrid,3c5f6b3c9bd535cff7657364dadb2efc31f2ea48,101.0,3,0.09375,299.885254,21.61536,0.0,3,true,true,stage_b_grid,false,governance.selection=pressure_max_under_constraints;seed=continuation
0.35,production_hybrid,3c5f6b3c9bd535cff7657364dadb2efc31f2ea48,101.0,3,0.10625,303.646305,21.616273,0.0,3,true,true,stage_b_grid,false,governance.selection=pressure_max_under_constraints;seed=continuation
0.35,production_hybrid,3c5f6b3c9bd535cff7657364dadb2efc31f2ea48,101.0,3,0.11875,306.938603,21.617173,0.0,3,true,true,stage_b_grid,false,governance.selection=pressure_max_under_constraints;seed=continuation
0.35,production_hybrid,3c5f6b3c9bd535cff7657364dadb2efc31f2ea48,101.0,3,0.13125,309.85626,21.61806,0.0,3,true,true,stage_b_grid,false,governance.selection=pressure_max_under_constraints;seed=continuation
0.35,production_hybrid,3c5f6b3c9bd535cff7657364dadb2efc31f2ea48,101.0,3,0.14375,312.467643,21.618932,0.0,3,true,true,stage_b_grid,false,governance.selection=pressure_max_under_constraints;seed=continuation
0.35,production_hybrid,3c5f6b3c9bd535cff7657364dadb2efc31f2ea48,101.0,3,0.15625,314.82398,21.619791,0.0,3,true,true,stage_b_grid,false,governance.selection=pressure_max_under_constraints;seed=continuation
0.35,production_hybrid,3c5f6b3c9bd535cff7657364dadb2efc31f2ea48,101.0,3,0.16875,316.964652,21.620637,0.0,3,true,true,stage_b_grid,false,governance.selection=pressure_max_under_constraints;seed=continuation
0.35,production_hybrid,3c5f6b3c9bd535cff7657364dadb2efc31f2ea48,101.0,3,0.18125,318.920587,21.621469,0.0,3,true,true,stage_b_grid,false,governance.selection=pressure_max_under_constraints;seed=continuation
0.35,production_hybrid,3c5f6b3c9bd535cff7657364dadb2efc31f2ea48,101.0,3,0.19375,320.716517,21.622288,0.0,3,true,true,stage_b_grid,false,governance.selection=pressure_max_under_constraints;seed=continuation
0.35,production_hybrid,3c5f6b3c9bd535cff7657364dadb2efc31f2ea48,101.0,3,0.20625,322.372533,21.623093,0.0,3,true,true,stage_b_grid,false,governance.selection=pressure_max_under_constraints;seed=continuation
0.35,production_hybrid,3c5f6b3c9bd535cff7657364dadb2efc31f2ea48,101.0,3,0.21875,323.905174,21.623885,0.0,3,true,true,stage_b_grid,false,governance.selection=pressure_max_under_constraints;seed=continuation
0.35,production_hybrid,3c5f6b3c9bd535cff7657364dadb2efc31f2ea48,101.0,3,0.23125,325.328224,21.624664,0.0,3,true,true,stage_b_grid,false,governance.selection=pressure_max_under_constraints;seed=continuation
0.35,production_hybrid,3c5f6b3c9bd535cff7657364dadb2efc31f2ea48,101.0,3,0.24375,326.653287,21.625429,0.0,3,true,true,stage_b_grid,false,governance.selection=pressure_max_under_constraints;seed=continuation
0.35,production_hybrid,3c5f6b3c9bd535cff7657364dadb2efc31f2ea48,101.0,3,0.25625,327.890226,21.626181,0.0,3,true,true,stage_b_grid,false,governance.selection=pressure_max_under_constraints;seed=continuation
0.35,production_hybrid,3c5f6b3c9bd535cff7657364dadb2efc31f2ea48,101.0,3,0.26875,329.047495,21.62692,0.0,3,true,true,stage_b_grid,false,governance.selection=pressure_max_under_constraints;seed=continuation
0.35,production_hybrid,3c5f6b3c9bd535cff7657364dadb2efc31f2ea48,101.0,3,0.28125,330.132396,21.627645,0.0,3,true,true,stage_b_grid,false,governance.selection=pressure_max_under_constraints;seed=continuation
0.35,production_hybrid,3c5f6b3c9bd535cff7657364dadb2efc31f2ea48,101.0,3,0.29375,331.151277,21.628358,0.0,3,true,true,stage_b_grid,false,governance.selection=pressure_max_under_constraints;seed=continuation
0.35,production_hybrid,3c5f6b3c9bd535cff7657364dadb2efc31f2ea48,101.0,3,0.30625,332.109693,21.629057,0.0,3,true,true,stage_b_grid,false,governance.selection=pressure_max_under_constraints;seed=continuation
0.35,production_hybrid,3c5f6b3c9bd535cff7657364dadb2efc31f2ea48,101.0,3,0.31875,333.012536,21.629743,0.0,3,true,true,stage_b_grid,false,governance.selection=pressure_max_under_constraints;seed=continuation
0.35,production_hybrid,3c5f6b3c9bd535cff7657364dadb2efc31f2ea48,101.0,3,0.33125,333.864131,21.630416,0.0,3,true,true,stage_b_grid,false,governance.selection=pressure_max_under_constraints;seed=continuation
0.35,production_hybrid,3c5f6b3c9bd535cff7657364dadb2efc31f2ea48,101.0,3,0.34375,334.668322,21.631077,0.0,3,true,true,stage_b_grid,false,governance.selection=pressure_max_under_constraints;seed=continuation
0.35,production_hybrid,3c5f6b3c9bd535cff7657364dadb2efc31f2ea48,101.0,3,0.35625,335.428546,21.631724,0.0,3,true,true,stage_b_grid,false,governance.selection=pressure_max_under_constraints;seed=continuation
0.35,production_hybrid,3c5f6b3c9bd535cff7657364dadb2efc31f2ea48,101.0,3,0.36875,336.147882,21.632358,0.0,3,true,true,stage_b_grid,false,governance.selection=pressure_max_under_constraints;seed=continuation
0.35,production_hybrid,3c5f6b3c9bd535cff7657364dadb2efc31f2ea48,101.0,3,0.38125,336.829101,21.632979,0.0,3,true,true,stage_b_grid,false,governance.selection=pressure_max_under_constraints;seed=continuation
0.35,production_hybrid,3c5f6b3c9bd535cff7657364dadb2efc31f2ea48,101.0,3,0.39375,337.474709,21.633588,0.0,2,true,true,stage_b_grid,false,governance.selection=pressure_max_under_constraints;seed=continuation
0.35,production_hybrid,3c5f6b3c9bd535cff7657364dadb2efc31f2ea48,101.0,3,0.40625,338.086977,21.634183,0.0,2,true,true,stage_b_grid,false,governance.selection=pressure_max_under_constraints;seed=continuation
0.35,production_hybrid,3c5f6b3c9bd535cff7657364dadb2efc31f2ea48,101.0,3,0.41875,338.66797,21.634766,0.0,2,true,true,stage_b_grid,false,governance.selection=pressure_max_under_constraints;seed=continuation
0.35,production_hybrid,3c5f6b3c9bd535cff7657364dadb2efc31f2ea48,101.0,3,0.43125,339.21957,21.635336,0.0,2,true,true,stage_b_grid,false,governance.selection=pressure_max_under_constraints;seed=continuation
0.35,production_hybrid,3c5f6b3c9bd535cff7657364dadb2efc31f2ea48,101.0,3,0.44375,339.743501,21.635894,0.0,2,true,true,stage_b_grid,false,governance.selection=pressure_max_under_constraints;seed=continuation
0.35,production_hybrid,3c5f6b3c9bd535cff7657364dadb2efc31f2ea48,101.0,3,0.45625,340.241343,21.636439,0.0,2,true,true,stage_b_grid,false,governance.selection=pressure_max_under_constraints;seed=continuation
0.35,production_hybrid,3c5f6b3c9bd535cff7657364dadb2efc31f2ea48,101.0,3,0.46875,340.714548,21.636971,0.0,2,true,true,stage_b_grid,false,governance.selection=pressure_max_under_constraints;seed=continuation
0.35,production_hybrid,3c5f6b3c9bd535cff7657364dadb2efc31f2ea48,101.0,3,0.48125,341.164454,21.637491,0.0,2,true,true,stage_b_grid,false,governance.selection=pressure_max_under_constraints;seed=continuation
0.35,production_hybrid,3c5f6b3c9bd535cff7657364dadb2efc31f2ea48,101.0,3,0.49375,341.592299,21.637998,0.0,2,true,true,stage_b_grid,false,governance.selection=pressure_max_under_constraints;seed=continuation
0.35,production_hybrid,3c5f6b3c9bd535cff7657364dadb2efc31f2ea48,101.0,3,0.50625,341.999226,21.638493,0.0,2,true,true,stage_b_grid,false,governance.selection=pressure_max_under_constraints;seed=continuation
0.35,production_hybrid,3c5f6b3c9bd535cff7657364dadb2efc31f2ea48,101.0,3,0.51875,342.386297,21.638976,0.0,2,true,true,stage_b_grid,false,governance.selection=pressure_max_under_constraints;seed=continuation
0.35,production_hybrid,3c5f6b3c9bd535cff7657364dadb2efc31f2ea48,101.0,3,0.53125,342.754498,21.639446,0.0,2,true,true,stage_b_grid,false,governance.selection=pressure_max_under_constraints;seed=continuation
0.35,production_hybrid,3c5f6b3c9bd535cff7657364dadb2efc31f2ea48,101.0,3,0.54375,343.104747,21.639904,0.0,2,true,true,stage_b_grid,false,governance.selection=pressure_max_under_constraints;seed=continuation
0.35,production_hybrid,3c5f6b3c9bd535cff7657364dadb2efc31f2ea48,101.0,3,0.55625,343.437901,21.640349,0.0,2,true,true,stage_b_grid,false,governance.selection=pressure_max_under_constraints;seed=continuation
0.35,production_hybrid,3c5f6b3c9bd535cff7657364dadb2efc31f2ea48,101.0,3,0.56875,343.754759,21.640783,0.0,2,true,true,stage_b_grid,false,governance.selection=pressure_max_under_constraints;seed=continuation
0.35,production_hybrid,3c5f6b3c9bd535cff7657364dadb2efc31f2ea48,101.0,3,0.58125,344.056071,21.641204,0.0,2,true,true,stage_b_grid,false,governance.selection=pressure_max_under_constraints;seed=continuation
0.35,production_hybrid,3c5f6b3c9bd535cff7657364dadb2efc31f2ea48,101.0,3,0.59375,344.342537,21.641614,0.0,2,true,true,stage_b_grid,false,governance.selection=pressure_max_under_constraints;seed=continuation
0.35,production_hybrid,3c5f6b3c9bd535cff7657364dadb2efc31f2ea48,101.0,3,0.60625,344.614816,21.642011,0.0,2,true,true,stage_b_grid,false,governance.selection=pressure_max_under_constraints;seed=continuation
0.35,production_hybrid,3c5f6b3c9bd535cff7657364dadb2efc31f2ea48,101.0,3,0.61875,344.873528,21.642396,0.0,2,true,true,stage_b_grid,false,governance.selection=pressure_max_under_constraints;seed=continuation
0.35,production_hybrid,3c5f6b3c9bd535cff7657364dadb2efc31f2ea48,101.0,3,0.63125,345.119255,21.64277,0.0,2,true,true,stage_b_grid,false,governance.selection=pressure_max_under_constraints;seed=continuation
0.35,production_hybrid,3c5f6b3c9bd535cff7657364dadb2efc31f2ea48,101.0,3,0.64375,345.352545,21.643132,0.0,2,true,true,stage_b_grid,false,governance.selection=pressure_max_under_constraints;seed=continuation
0.35,production_hybrid,3c5f6b3c9bd535cff7657364dadb2efc31f2ea48,101.0,3,0.65625,345.573917,21.643482,0.0,2,true,true,stage_b_grid,false,governance.selection=pressure_max_under_constraints;seed=continuation
0.35,production_hybrid,3c5f6b3c9bd535cff7657364dadb2efc31f2ea48,101.0,3,0.66875,345.78386,21.64382,0.0,2,true,true,stage_b_grid,false,governance.selection=pressure_max_under_constraints;seed=continuation
0.35,production_hybrid,3c5f6b3c9bd535cff7657364dadb2efc31f2ea48,101.0,3,0.68125,345.982839,21.644147,0.0,2,true,true,stage_b_grid,false,governance.selection=pressure_max_under_constraints;seed=continuation
0.35,production_hybrid,3c5f6b3c9bd535cff7657364dadb2efc31f2ea48,101.0,3,0.69375,346.17129,21.644462,0.0,2,true,true,stage_b_grid,false,governance.selection=pressure_max_under_constraints;seed=continuation
0.35,production_hybrid,3c5f6b3c9bd535cff7657364dadb2efc31f2ea48,101.0,3,0.70625,346.349632,21.644765,0.0,2,true,true,stage_b_grid,false,governance.selection=pressure_max_under_constraints;seed=continuation
0.35,production_hybrid,3c5f6b3c9bd535cff7657364dadb2efc31f2ea48,101.0,3,0.71875,346.518257,21.645058,0.0,2,true,true,stage_b_grid,false,governance.selection=pressure_max_under_constraints;seed=continuation
0.35,production_hybrid,3c5f6b3c9bd535cff7657364dadb2efc31f2ea48,101.0,3,0.73125,346.677543,21.645338,0.0,2,true,true,stage_b_grid,false,governance.selection=pressure_max_under_constraints;seed=continuation
0.35,production_hybrid,3c5f6b3c9bd535cff7657364dadb2efc31f2ea48,101.0,3,0.74375,346.827845,21.645608,0.0,2,true,true,stage_b_grid,false,governance.selection=pressure_max_under_constraints;seed=continuation
0.35,production_hybrid,3c5f6b3c9bd535cff7657364dadb2efc31f2ea48,101.0,3,0.75625,346.969504,21.645867,0.0,2,true,true,stage_b_grid,false,governance.selection=pressure_max_under_constraints;seed=continuation
0.35,production_hybrid,3c5f6b3c9bd535cff7657364dadb2efc31f2ea48,101.0,3,0.76875,347.102844,21.646114,0.0,2,true,true,stage_b_grid,false,governance.selection=pressure_max_under_constraints;seed=continuation
0.35,production_hybrid,3c5f6b3c9bd535cff7657364dadb2efc31f2ea48,101.0,3,0.78125,347.228174,21.64635,0.0,2,true,true,stage_b_grid,false,governance.selection=pressure_max_under_constraints;seed=continuation
0.35,production_hybrid,3c5f6b3c9bd535cff7657364dadb2efc31f2ea48,101.0,3,0.79375,347.34579,21.646575,0.0,2,true,true,stage_b_grid,false,governance.selection=pressure_max_under_constraints;seed=continuation
0.35,production_hybrid,3c5f6b3c9bd535cff7657364dadb2efc31f2ea48,101.0,3,0.80625,347.455975,21.64679,0.0,2,true,true,stage_b_grid,false,governance.selection=pressure_max_under_constraints;seed=continuation
0.35,production_hybrid,3c5f6b3c9bd535cff7657364dadb2efc31f2ea48,101.0,3,0.81875,347.558998,21.646993,0.0,2,true,true,stage_b_grid,false,governance.selection=pressure_max_under_constraints;seed=continuation
0.35,production_hybrid,3c5f6b3c9bd535cff7657364dadb2efc31f2ea48,101.0,3,0.83125,347.655118,21.647186,0.0,2,true,true,stage_b_grid,false,governance.selection=pressure_max_under_constraints;seed=continuation
0.35,production_hybrid,3c5f6b3c9bd535cff7657364dadb2efc31f2ea48,101.0,3,0.84375,347.744583,21.647368,0.0,2,true,true,stage_b_grid,false,governance.selection=pressure_max_under_constraints;seed=continuation
0.35,production_hybrid,3c5f6b3c9bd535cff7657364dadb2efc31f2ea48,101.0,3,0.85625,347.827633,21.64754,0.0,2,true,true,stage_b_grid,false,governance.selection=pressure_max_under_constraints;seed=continuation
0.35,production_hybrid,3c5f6b3c9bd535cff7657364dadb2efc31f2ea48,101.0,3,0.86875,347.904495,21.647701,0.0,2,true,true,stage_b_grid,false,governance.selection=pressure_max_under_constraints;seed=continuation
0.35,production_hybrid,3c5f6b3c9bd535cff7657364dadb2efc31f2ea48,101.0,3,0.88125,347.975389,21.647852,0.0,2,true,true,stage_b_grid,false,governance.selection=pressure_max_under_constraints;seed=continuation
0.35,production_hybrid,3c5f6b3c9bd535cff7657364dadb2efc31f2ea48,101.0,3,0.89375,348.040526,21.647993,0.0,2,true,true,stage_b_grid,false,governance.selection=pressure_max_under_constraints;seed=continuation
0.35,production_hybrid,3c5f6b3c9bd535cff7657364dadb2efc31f2ea48,101.0,3,0.90625,348.100111,21.648123,0.0,2,true,true,stage_b_grid,false,governance.selection=pressure_max_under_constraints;seed=continuation
0.35,production_hybrid,3c5f6b3c9bd535cff7657364dadb2efc31f2ea48,101.0,3,0.91875,348.15434,21.648244,0.0,2,true,true,stage_b_grid,false,governance.selection=pressure_max_under_constraints;seed=continuation
0.35,production_hybrid,3c5f6b3c9bd535cff7657364dadb2efc31f2ea48,101.0,3,0.93125,348.203401,21.648354,0.0,2,true,true,stage_b_grid,false,governance.selection=pressure_max_under_constraints;seed=continuation
0.35,production_hybrid,3c5f6b3c9bd535cff7657364dadb2efc31f2ea48,101.0,3,0.94375,348.247478,21.648455,0.0,2,true,true,stage_b_grid,false,governance.selection=pressure_max_under_constraints;seed=continuation
0.35,production_hybrid,3c5f6b3c9bd535cff7657364dadb2efc31f2ea48,101.0,3,0.95625,348.286746,21.648545,0.0,2,true,true,stage_b_grid,false,governance.selection=pressure_max_under_constraints;seed=continuation
0.35,production_hybrid,3c5f6b3c9bd535cff7657364dadb2efc31f2ea48,101.0,3,0.96875,348.321377,21.648626,0.0,2,true,true,stage_b_grid,false,governance.selection=pressure_max_under_constraints;seed=continuation
0.35,production_hybrid,3c5f6b3c9bd535cff7657364dadb2efc31f2ea48,101.0,3,0.98125,348.351535,21.648698,0.0,2,true,true,stage_b_grid,false,governance.selection=pressure_max_under_constraints;seed=continuation
0.35,production_hybrid,3c5f6b3c9bd535cff7657364dadb2efc31f2ea48,101.0,3,0.99375,348.377381,21.64876,0.0,2,true,true,stage_b_grid,false,governance.selection=pressure_max_under_constraints;seed=continuation
0.35,production_hybrid,3c5f6b3c9bd535cff7657364dadb2efc31f2ea48,101.0,3,1.00625,348.399068,21.648813,0.0,2,true,true,stage_b_grid,false,governance.selection=pressure_max_under_constraints;seed=continuation
0.35,production_hybrid,3c5f6b3c9bd535cff7657364dadb2efc31f2ea48,101.0,3,1.01875,348.416748,21.648856,0.0,2,true,true,stage_b_grid,false,governance.selection=pressure_max_under_constraints;seed=continuation
0.35,production_hybrid,3c5f6b3c9bd535cff7657364dadb2efc31f2ea48,101.0,3,1.03125,348.430567,21.648891,0.0,2,true,true,stage_b_grid,false,governance.selection=pressure_max_under_constraints;seed=continuation
0.35,production_hybrid,3c5f6b3c9bd535cff7657364dadb2efc31f2ea48,101.0,3,1.04375,348.440665,21.648916,0.0,2,true,true,stage_b_grid,false,governance.selection=pressure_max_under_constraints;seed=continuation
0.35,production_hybrid,3c5f6b3c9bd535cff7657364dadb2efc31f2ea48,101.0,3,1.05625,348.44718,21.648933,0.0,2,true,true,stage_b_grid,false,governance.selection=pressure_max_under_constraints;seed=continuation
0.35,production_hybrid,3c5f6b3c9bd535cff7657364dadb2efc31f2ea48,101.0,3,1.06875,348.450248,21.648941,0.0,2,true,true,stage_b_grid,false,governance.selection=pressure_max_under_constraints;seed=continuation
0.35,production_hybrid,3c5f6b3c9bd535cff7657364dadb2efc31f2ea48,101.0,3,1.08125,348.449997,21.64894,0.0,2,true,true,stage_b_grid,false,governance.selection=pressure_max_under_constraints;seed=continuation
0.35,production_hybrid,3c5f6b3c9bd535cff7657364dadb2efc31f2ea48,101.0,3,1.09375,348.446556,21.648931,0.0,2,true,true,stage_b_grid,false,governance.selection=pressure_max_under_constraints;seed=continuation
0.35,production_hybrid,3c5f6b3c9bd535cff7657364dadb2efc31f2ea48,101.0,3,1.10625,348.440049,21.648914,0.0,2,true,true,stage_b_grid,false,governance.selection=pressure_max_under_constraints;seed=continuation
0.35,production_hybrid,3c5f6b3c9bd535cff7657364dadb2efc31f2ea48,101.0,3,1.11875,348.430596,21.648888,0.0,2,true,true,stage_b_grid,false,governance.selection=pressure_max_under_constraints;seed=continuation
0.35,production_hybrid,3c5f6b3c9bd535cff7657364dadb2efc31f2ea48,101.0,3,1.13125,348.418316,21.648854,0.0,2,true,true,stage_b_grid,false,governance.selection=pressure_max_under_constraints;seed=continuation
0.35,production_hybrid,3c5f6b3c9bd535cff7657364dadb2efc31f2ea48,101.0,3,1.14375,348.403324,21.648813,0.0,2,true,true,stage_b_grid,false,governance.selection=pressure_max_under_constraints;seed=continuation
0.35,production_hybrid,3c5f6b3c9bd535cff7657364dadb2efc31f2ea48,101.0,3,1.15625,348.385735,21.648764,0.0,2,true,true,stage_b_grid,false,governance.selection=pressure_max_under_constraints;seed=continuation
0.35,production_hybrid,3c5f6b3c9bd535cff7657364dadb2efc31f2ea48,101.0,3,1.16875,348.365658,21.648707,0.0,2,true,true,stage_b_grid,false,governance.selection=pressure_max_under_constraints;seed=continuation
0.35,production_hybrid,3c5f6b3c9bd535cff7657364dadb2efc31f2ea48,101.0,3,1.18125,348.343203,21.648643,0.0,2,true,true,stage_b_grid,false,governance.selection=pressure_max_under_constraints;seed=continuation
0.35,production_hybrid,3c5f6b3c9bd535cff7657364dadb2efc31f2ea48,101.0,3,1.19375,348.318476,21.648571,0.0,2,true,true,stage_b_grid,false,governance.selection=pressure_max_under_constraints;seed=continuation
0.35,production_hybrid,3c5f6b3c9bd535cff7657364dadb2efc31f2ea48,101.0,3,1.20625,348.291581,21.648493,0.0,2,true,true,stage_b_grid,false,governance.selection=pressure_max_under_constraints;seed=continuation
0.35,production_hybrid,3c5f6b3c9bd535cff7657364dadb2efc31f2ea48,101.0,3,1.21875,348.262622,21.648407,0.0,2,true,true,stage_b_grid,false,governance.selection=pressure_max_under_constraints;seed=continuation
0.35,production_hybrid,3c5f6b3c9bd535cff7657364dadb2efc31f2ea48,101.0,3,1.23125,348.2317,21.648315,0.0,2,true,true,stage_b_grid,false,governance.selection=pressure_max_under_constraints;seed=continuation
0.35,production_hybrid,3c5f6b3c9bd535cff7657364dadb2efc31f2ea48,101.0,3,1.24375,348.198915,21.648216,0.0,2,true,true,stage_b_grid,false,governance.selection=pressure_max_under_constraints;seed=continuation
0.35,production_hybrid,3c5f6b3c9bd535cff7657364dadb2efc31f2ea48,101.0,3,1.25625,348.164364,21.648111,0.0,2,true,true,stage_b_grid,false,governance.selection=pressure_max_under_constraints;seed=continuation
0.35,production_hybrid,3c5f6b3c9bd535cff7657364dadb2efc31f2ea48,101.0,3,1.26875,348.128144,21.648,0.0,2,true,true,stage_b_grid,false,governance.selection=pressure_max_under_constraints;seed=continuation
0.35,production_hybrid,3c5f6b3c9bd535cff7657364dadb2efc31f2ea48,101.0,3,1.28125,348.090351,21.647883,0.0,2,true,true,stage_b_grid,false,governance.selection=pressure_max_under_constraints;seed=continuation
0.35,production_hybrid,3c5f6b3c9bd535cff7657364dadb2efc31f2ea48,101.0,3,1.29375,348.051078,21.64776,0.0,2,true,true,stage_b_grid,false,governance.selection=pressure_max_under_constraints;seed=continuation
0.35,production_hybrid,3c5f6b3c9bd535cff7657364dadb2efc31f2ea48,101.0,3,1.30625,348.01042,21.647631,0.0,2,true,true,stage_b_grid,false,governance.selection=pressure_max_under_constraints;seed=continuation
0.35,production_hybrid,3c5f6b3c9bd535cff7657364dadb2efc31f2ea48,101.0,3,1.31875,347.968468,21.647497,0.0,2,true,true,stage_b_grid,false,governance.selection=pressure_max_under_constraints;seed=continuation
0.35,production_hybrid,3c5f6b3c9bd535cff7657364dadb2efc31f2ea48,101.0,3,1.33125,347.925313,21.647358,0.0,2,true,true,stage_b_grid,false,governance.selection=pressure_max_under_constraints;seed=continuation
0.35,production_hybrid,3c5f6b3c9bd535cff7657364dadb2efc31f2ea48,101.0,3,1.34375,347.881045,21.647214,0.0,2,true,true,stage_b_grid,false,governance.selection=pressure_max_under_constraints;seed=continuation
0.35,production_hybrid,3c5f6b3c9bd535cff7657364dadb2efc31f2ea48,101.0,3,1.35625,347.835755,21.647066,0.0,2,true,true,stage_b_grid,false,governance.selection=pressure_max_under_constraints;seed=continuation
0.35,production_hybrid,3c5f6b3c9bd535cff7657364dadb2efc31f2ea48,101.0,3,1.36875,347.789532,21.646912,0.0,2,true,true,stage_b_grid,false,governance.selection=pressure_max_under_constraints;seed=continuation
0.35,production_hybrid,3c5f6b3c9bd535cff7657364dadb2efc31f2ea48,101.0,3,1.38125,347.742463,21.646755,0.0,2,true,true,stage_b_grid,false,governance.selection=pressure_max_under_constraints;seed=continuation
0.35,production_hybrid,3c5f6b3c9bd535cff7657364dadb2efc31f2ea48,101.0,3,1.39375,347.694636,21.646594,0.0,2,true,true,stage_b_grid,false,governance.selection=pressure_max_under_constraints;seed=continuation
0.35,production_hybrid,3c5f6b3c9bd535cff7657364dadb2efc31f2ea48,101.0,3,1.40625,347.64614,21.646428,0.0,2,true,true,stage_b_grid,false,governance.selection=pressure_max_under_constraints;seed=continuation
0.35,production_hybrid,3c5f6b3c9bd535cff7657364dadb2efc31f2ea48,101.0,3,1.41875,347.59706,21.64626,0.0,2,true,true,stage_b_grid,false,governance.selection=pressure_max_under_constraints;seed=continuation
0.35,production_hybrid,3c5f6b3c9bd535cff7657364dadb2efc31f2ea48,101.0,3,1.43125,347.547484,21.646088,0.0,2,true,true,stage_b_grid,false,governance.selection=pressure_max_under_constraints;seed=continuation
0.35,production_hybrid,3c5f6b3c9bd535cff7657364dadb2efc31f2ea48,101.0,3,1.44375,347.497498,21.645913,0.0,2,true,true,stage_b_grid,false,governance.selection=pressure_max_under_constraints;seed=continuation
0.35,production_hybrid,3c5f6b3c9bd535cff7657364dadb2efc31f2ea48,101.0,3,1.45625,347.447189,21.645736,0.0,2,true,true,stage_b_grid,false,governance.selection=pressure_max_under_constraints;seed=continuation
0.35,production_hybrid,3c5f6b3c9bd535cff7657364dadb2efc31f2ea48,101.0,3,1.46875,347.396642,21.645556,0.0,2,true,true,stage_b_grid,false,governance.selection=pressure_max_under_constraints;seed=continuation
0.35,production_hybrid,3c5f6b3c9bd535cff7657364dadb2efc31f2ea48,101.0,3,1.48125,347.345945,21.645374,0.0,2,true,true,stage_b_grid,false,governance.selection=pressure_max_under_constraints;seed=continuation
0.35,production_hybrid,3c5f6b3c9bd535cff7657364dadb2efc31f2ea48,101.0,3,1.49375,347.295182,21.64519,0.0,2,true,true,stage_b_grid,false,governance.selection=pressure_max_under_constraints;seed=continuation
0.35,production_hybrid,3c5f6b3c9bd535cff7657364dadb2efc31f2ea48,101.0,3,1.50625,347.244441,21.645005,0.0,2,true,true,stage_b_grid,false,governance.selection=pressure_max_under_constraints;seed=continuation
0.35,production_hybrid,3c5f6b3c9bd535cff7657364dadb2efc31f2ea48,101.0,3,1.51875,347.193809,21.644819,0.0,2,true,true,stage_b_grid,false,governance.selection=pressure_max_under_constraints;seed=continuation
0.35,production_hybrid,3c5f6b3c9bd535cff7657364dadb2efc31f2ea48,101.0,3,1.53125,347.143371,21.644632,0.0,2,true,true,stage_b_grid,false,governance.selection=pressure_max_under_constraints;seed=continuation
0.35,production_hybrid,3c5f6b3c9bd535cff7657364dadb2efc31f2ea48,101.0,3,1.54375,347.093214,21.644444,0.0,2,true,true,stage_b_grid,false,governance.selection=pressure_max_under_constraints;seed=continuation
0.35,production_hybrid,3c5f6b3c9bd535cff7657364dadb2efc31f2ea48,101.0,3,1.55625,347.043427,21.644256,0.0,2,true,true,stage_b_grid,false,governance.selection=pressure_max_under_constraints;seed=continuation
0.35,production_hybrid,3c5f6b3c9bd535cff7657364dadb2efc31f2ea48,101.0,3,1.56875,346.994097,21.644069,0.0,2,true,true,stage_b_grid,false,governance.selection=pressure_max_under_constraints;seed=continuation
0.35,production_hybrid,3c5f6b3c9bd535cff7657364dadb2efc31f2ea48,101.0,3,1.58125,346.945312,21.643882,0.0,2,true,true,stage_b_grid,false,governance.selection=pressure_max_under_constraints;seed=continuation
0.35,production_hybrid,3c5f6b3c9bd535cff7657364dadb2efc31f2ea48,101.0,3,1.59375,346.89716,21.643696,0.0,2,true,true,stage_b_grid,false,governance.selection=pressure_max_under_constraints;seed=continuation
0.35,production_hybrid,3c5f6b3c9bd535cff7657364dadb2efc31f2ea48,101.0,3,1.60625,346.849732,21.643511,0.0,2,true,true,stage_b_grid,false,governance.selection=pressure_max_under_constraints;seed=continuation
0.35,production_hybrid,3c5f6b3c9bd535cff7657364dadb2efc31f2ea48,101.0,3,1.61875,346.803117,21.643329,0.0,2,true,true,stage_b_grid,false,governance.selection=pressure_max_under_constraints;seed=continuation
0.35,production_hybrid,3c5f6b3c9bd535cff7657364dadb2efc31f2ea48,101.0,3,1.63125,346.757405,21.643148,0.0,2,true,true,stage_b_grid,false,governance.selection=pressure_max_under_constraints;seed=continuation
0.35,production_hybrid,3c5f6b3c9bd535cff7657364dadb2efc31f2ea48,101.0,3,1.64375,346.712688,21.64297,0.0,2,true,true,stage_b_grid,false,governance.selection=pressure_max_under_constraints;seed=continuation
0.35,production_hybrid,3c5f6b3c9bd535cff7657364dadb2efc31f2ea48,101.0,3,1.65625,346.669058,21.642795,0.0,2,true,true,stage_b_grid,false,governance.selection=pressure_max_under_constraints;seed=continuation
0.35,production_hybrid,3c5f6b3c9bd535cff7657364dadb2efc31f2ea48,101.0,3,1.66875,346.626607,21.642623,0.0,2,true,true,stage_b_grid,false,governance.selection=pressure_max_under_constraints;seed=continuation
0.35,production_hybrid,3c5f6b3c9bd535cff7657364dadb2efc31f2ea48,101.0,3,1.68125,346.585431,21.642455,0.0,2,true,true,stage_b_grid,false,governance.selection=pressure_max_under_constraints;seed=continuation
0.35,production_hybrid,3c5f6b3c9bd535cff7657364dadb2efc31f2ea48,101.0,3,1.69375,346.545623,21.642292,0.0,2,true,true,stage_b_grid,false,governance.selection=pressure_max_under_constraints;seed=continuation
0.35,production_hybrid,3c5f6b3c9bd535cff7657364dadb2efc31f2ea48,101.0,3,1.70625,346.507279,21.642133,0.0,2,true,true,stage_b_grid,false,governance.selection=pressure_max_under_constraints;seed=continuation
0.35,production_hybrid,3c5f6b3c9bd535cff7657364dadb2efc31f2ea48,101.0,3,1.71875,346.470495,21.64198,0.0,2,true,true,stage_b_grid,false,governance.selection=pressure_max_under_constraints;seed=continuation
0.35,production_hybrid,3c5f6b3c9bd535cff7657364dadb2efc31f2ea48,101.0,3,1.73125,346.43537,21.641833,0.0,2,true,true,stage_b_grid,false,governance.selection=pressure_max_under_constraints;seed=continuation
0.35,production_hybrid,3c5f6b3c9bd535cff7657364dadb2efc31f2ea48,101.0,3,1.74375,346.402003,21.641692,0.0,2,true,true,stage_b_grid,false,governance.selection=pressure_max_under_constraints;seed=continuation
0.35,production_hybrid,3c5f6b3c9bd535cff7657364dadb2efc31f2ea48,101.0,3,1.75625,346.370493,21.641558,0.0,2,true,true,stage_b_grid,false,governance.selection=pressure_max_under_constraints;seed=continuation
0.35,production_hybrid,3c5f6b3c9bd535cff7657364dadb2efc31f2ea48,101.0,3,1.76875,346.340941,21.641431,0.0,2,true,true,stage_b_grid,false,governance.selection=pressure_max_under_constraints;seed=continuation
0.35,production_hybrid,3c5f6b3c9bd535cff7657364dadb2efc31f2ea48,101.0,3,1.78125,346.313451,21.641312,0.0,2,true,true,stage_b_grid,false,governance.selection=pressure_max_under_constraints;seed=continuation
0.35,production_hybrid,3c5f6b3c9bd535cff7657364dadb2efc31f2ea48,101.0,3,1.79375,346.288124,21.641202,0.0,2,true,true,stage_b_grid,false,governance.selection=pressure_max_under_constraints;seed=continuation
0.35,production_hybrid,3c5f6b3c9bd535cff7657364dadb2efc31f2ea48,101.0,3,1.80625,346.265067,21.641101,0.0,2,true,true,stage_b_grid,false,governance.selection=pressure_max_under_constraints;seed=continuation
0.35,production_hybrid,3c5f6b3c9bd535cff7657364dadb2efc31f2ea48,101.0,3,1.81875,346.244384,21.64101,0.0,2,true,true,stage_b_grid,false,governance.selection=pressure_max_under_constraints;seed=continuation
0.35,production_hybrid,3c5f6b3c9bd535cff7657364dadb2efc31f2ea48,101.0,3,1.83125,346.226184,21.640929,0.0,2,true,true,stage_b_grid,false,governance.selection=pressure_max_under_constraints;seed=continuation
0.35,production_hybrid,3c5f6b3c9bd535cff7657364dadb2efc31f2ea48,101.0,3,1.84375,346.210575,21.640859,0.0,2,true,true,stage_b_grid,false,governance.selection=pressure_max_under_constraints;seed=continuation
0.35,production_hybrid,3c5f6b3c9bd535cff7657364dadb2efc31f2ea48,101.0,3,1.85625,346.197667,21.640801,0.0,2,true,true,stage_b_grid,false,governance.selection=pressure_max_under_constraints;seed=continuation
0.35,production_hybrid,3c5f6b3c9bd535cff7657364dadb2efc31f2ea48,101.0,3,1.86875,346.187571,21.640756,0.0,2,true,true,stage_b_grid,false,governance.selection=pressure_max_under_constraints;seed=continuation
0.35,production_hybrid,3c5f6b3c9bd535cff7657364dadb2efc31f2ea48,101.0,3,1.88125,346.180398,21.640723,0.0,2,true,true,stage_b_grid,false,governance.selection=pressure_max_under_constraints;seed=continuation
0.35,production_hybrid,3c5f6b3c9bd535cff7657364dadb2efc31f2ea48,101.0,3,1.89375,346.176264,21.640704,0.0,2,true,true,stage_b_grid,false,governance.selection=pressure_max_under_constraints;seed=continuation
0.35,production_hybrid,3c5f6b3c9bd535cff7657364dadb2efc31f2ea48,101.0,3,1.90625,346.175282,21.640699,0.0,2,true,true,stage_b_grid,false,governance.selection=pressure_max_under_constraints;seed=continuation
0.35,production_hybrid,3c5f6b3c9bd535cff7657364dadb2efc31f2ea48,101.0,3,1.91875,346.177569,21.64071,0.0,2,true,true,stage_b_grid,false,governance.selection=pressure_max_under_constraints;seed=continuation
0.35,production_hybrid,3c5f6b3c9bd535cff7657364dadb2efc31f2ea48,101.0,3,1.93125,346.183241,21.640737,0.0,2,true,true,stage_b_grid,false,governance.selection=pressure_max_under_constraints;seed=continuation
0.35,production_hybrid,3c5f6b3c9bd535cff7657364dadb2efc31f2ea48,101.0,3,1.94375,346.192418,21.64078,0.0,2,true,true,stage_b_grid,false,governance.selection=pressure_max_under_constraints;seed=continuation
0.35,production_hybrid,3c5f6b3c9bd535cff7657364dadb2efc31f2ea48,101.0,3,1.95625,346.205217,21.640841,0.0,2,true,true,stage_b_grid,false,governance.selection=pressure_max_under_constraints;seed=continuation
0.35,production_hybrid,3c5f6b3c9bd535cff7657364dadb2efc31f2ea48,101.0,3,1.96875,346.22176,21.64092,0.0,2,true,true,stage_b_grid,false,governance.selection=pressure_max_under_constraints;seed=continuation
0.35,production_hybrid,3c5f6b3c9bd535cff7657364dadb2efc31f2ea48,101.0,3,1.98125,346.242166,21.641018,0.0,2,true,true,stage_b_grid,false,governance.selection=pressure_max_under_constraints;seed=continuation
0.35,production_hybrid,3c5f6b3c9bd535cff7657364dadb2efc31f2ea48,101.0,3,1.99375,346.266559,21.641136,0.0,2,true,true,stage_b_grid,false,governance.selection=pressure_max_under_constraints;seed=continuation
0.35,production_hybrid,3c5f6b3c9bd535cff7657364dadb2efc31f2ea48,101.0,3,2.00625,346.29506,21.641274,0.0,2,true,true,stage_b_grid,false,governance.selection=pressure_max_under_constraints;seed=continuation
0.35,production_hybrid,3c5f6b3c9bd535cff7657364dadb2efc31f2ea48,101.0,3,2.01875,346.327791,21.641434,0.0,2,true,true,stage_b_grid,false,governance.selection=pressure_max_under_constraints;seed=continuation
0.35,production_hybrid,3c5f6b3c9bd535cff7657364dadb2efc31f2ea48,101.0,3,2.03125,346.364877,21.641617,0.0,2,true,true,stage_b_grid,false,governance.selection=pressure_max_under_constraints;seed=continuation
0.35,production_hybrid,3c5f6b3c9bd535cff7657364dadb2efc31f2ea48,101.0,3,2.04375,346.406441,21.641823,0.0,2,true,true,stage_b_grid,false,governance.selection=pressure_max_under_constraints;seed=continuation
0.35,production_hybrid,3c5f6b3c9bd535cff7657364dadb2efc31f2ea48,101.0,3,2.05625,346.452605,21.642053,0.0,2,true,true,stage_b_grid,false,governance.selection=pressure_max_under_constraints;seed=continuation
0.35,production_hybrid,3c5f6b3c9bd535cff7657364dadb2efc31f2ea48,101.0,3,2.06875,346.503492,21.642309,0.0,2,true,true,stage_b_grid,false,governance.selection=pressure_max_under_constraints;seed=continuation
0.35,production_hybrid,3c5f6b3c9bd535cff7657364dadb2efc31f2ea48,101.0,3,2.08125,346.559227,21.64259,0.0,2,true,true,stage_b_grid,false,governance.selection=pressure_max_under_constraints;seed=continuation
0.35,production_hybrid,3c5f6b3c9bd535cff7657364dadb2efc31f2ea48,101.0,3,2.09375,346.619929,21.642898,0.0,2,true,true,stage_b_grid,false,governance.selection=pressure_max_under_constraints;seed=continuation
0.35,production_hybrid,3c5f6b3c9bd535cff7657364dadb2efc31f2ea48,101.0,3,2.10625,346.685722,21.643234,0.0,2,true,true,stage_b_grid,false,governance.selection=pressure_max_under_constraints;seed=continuation
0.35,production_hybrid,3c5f6b3c9bd535cff7657364dadb2efc31f2ea48,101.0,3,2.11875,346.756723,21.643599,0.0,2,true,true,stage_b_grid,false,governance.selection=pressure_max_under_constraints;seed=continuation
0.35,production_hybrid,3c5f6b3c9bd535cff7657364dadb2efc31f2ea48,101.0,3,2.13125,346.833053,21.643994,0.0,2,true,true,stage_b_grid,false,governance.selection=pressure_max_under_constraints;seed=continuation
0.35,production_hybrid,3c5f6b3c9bd535cff7657364dadb2efc31f2ea48,101.0,3,2.14375,346.914827,21.644419,0.0,2,true,true,stage_b_grid,false,governance.selection=pressure_max_under_constraints;seed=continuation
0.35,production_hybrid,3c5f6b3c9bd535cff7657364dadb2efc31f2ea48,101.0,3,2.15625,347.00216,21.644876,0.0,2,true,true,stage_b_grid,false,governance.selection=pressure_max_under_constraints;seed=continuation
0.35,production_hybrid,3c5f6b3c9bd535cff7657364dadb2efc31f2ea48,101.0,3,2.16875,347.095164,21.645365,0.0,2,true,true,stage_b_grid,false,governance.selection=pressure_max_under_constraints;seed=continuation
0.35,production_hybrid,3c5f6b3c9bd535cff7657364dadb2efc31f2ea48,101.0,3,2.18125,347.193948,21.645888,0.0,2,true,true,stage_b_grid,false,governance.selection=pressure_max_under_constraints;seed=continuation
0.35,production_hybrid,3c5f6b3c9bd535cff7657364dadb2efc31f2ea48,101.0,3,2.19375,347.298619,21.646445,0.0,2,true,true,stage_b_grid,false,governance.selection=pressure_max_under_constraints;seed=continuation
0.35,production_hybrid,3c5f6b3c9bd535cff7657364dadb2efc31f2ea48,101.0,3,2.20625,347.409278,21.647037,0.0,2,true,true,stage_b_grid,false,governance.selection=pressure_max_under_constraints;seed=continuation
0.35,production_hybrid,3c5f6b3c9bd535cff7657364dadb2efc31f2ea48,101.0,3,2.21875,347.526024,21.647665,0.0,2,true,true,stage_b_grid,false,governance.selection=pressure_max_under_constraints;seed=continuation
0.35,production_hybrid,3c5f6b3c9bd535cff7657364dadb2efc31f2ea48,101.0,3,2.23125,347.648951,21.64833,0.0,2,true,true,stage_b_grid,false,governance.selection=pressure_max_under_constraints;seed=continuation
0.35,production_hybrid,3c5f6b3c9bd535cff7657364dadb2efc31f2ea48,101.0,3,2.24375,347.778149,21.649034,0.0,2,true,true,stage_b_grid,false,governance.selection=pressure_max_under_constraints;seed=continuation
0.35,production_hybrid,3c5f6b3c9bd535cff7657364dadb2efc31f2ea48,101.0,3,2.25625,347.913701,21.649776,0.0,2,true,true,stage_b_grid,false,governance.selection=pressure_max_under_constraints;seed=continuation
0.35,production_hybrid,3c5f6b3c9bd535cff7657364dadb2efc31f2ea48,101.0,3,2.26875,348.055685,21.650557,0.0,2,true,true,stage_b_grid,false,governance.selection=pressure_max_under_constraints;seed=continuation
0.35,production_hybrid,3c5f6b3c9bd535cff7657364dadb2efc31f2ea48,101.0,3,2.28125,348.204175,21.651379,0.0,2,true,true,stage_b_grid,false,governance.selection=pressure_max_under_constraints;seed=continuation
0.35,production_hybrid,3c5f6b3c9bd535cff7657364dadb2efc31f2ea48,101.0,3,2.29375,348.359235,21.652242,0.0,2,true,true,stage_b_grid,false,governance.selection=pressure_max_under_constraints;seed=continuation
0.35,production_hybrid,3c5f6b3c9bd535cff7657364dadb2efc31f2ea48,101.0,3,2.30625,348.520925,21.653146,0.0,2,true,true,stage_b_grid,false,governance.selection=pressure_max_under_constraints;seed=continuation
0.35,production_hybrid,3c5f6b3c9bd535cff7657364dadb2efc31f2ea48,101.0,3,2.31875,348.689297,21.654093,0.0,2,true,true,stage_b_grid,false,governance.selection=pressure_max_under_constraints;seed=continuation
0.35,production_hybrid,3c5f6b3c9bd535cff7657364dadb2efc31f2ea48,101.0,3,2.33125,348.864393,21.655084,0.0,2,true,true,stage_b_grid,false,governance.selection=pressure_max_under_constraints;seed=continuation
0.35,production_hybrid,3c5f6b3c9bd535cff7657364dadb2efc31f2ea48,101.0,3,2.34375,349.046252,21.656118,0.0,2,true,true,stage_b_grid,false,governance.selection=pressure_max_under_constraints;seed=continuation
0.35,production_hybrid,3c5f6b3c9bd535cff7657364dadb2efc31f2ea48,101.0,3,2.35625,349.234899,21.657196,0.0,2,true,true,stage_b_grid,false,governance.selection=pressure_max_under_constraints;seed=continuation
0.35,production_hybrid,3c5f6b3c9bd535cff7657364dadb2efc31f2ea48,101.0,3,2.36875,349.430356,21.658319,0.0,2,true,true,stage_b_grid,false,governance.selection=pressure_max_under_constraints;seed=continuation
0.35,production_hybrid,3c5f6b3c9bd535cff7657364dadb2efc31f2ea48,101.0,3,2.38125,349.632631,21.659488,0.0,2,true,true,stage_b_grid,false,governance.selection=pressure_max_under_constraints;seed=continuation
0.35,production_hybrid,3c5f6b3c9bd535cff7657364dadb2efc31f2ea48,101.0,3,2.39375,349.841728,21.660702,0.0,2,true,true,stage_b_grid,false,governance.selection=pressure_max_under_constraints;seed=continuation
0.35,production_hybrid,3c5f6b3c9bd535cff7657364dadb2efc31f2ea48,101.0,3,2.40625,350.057637,21.661963,0.0,2,true,true,stage_b_grid,false,governance.selection=pressure_max_under_constraints;seed=continuation
0.35,production_hybrid,3c5f6b3c9bd535cff7657364dadb2efc31f2ea48,101.0,3,2.41875,350.280343,21.66327,0.0,2,true,true,stage_b_grid,false,governance.selection=pressure_max_under_constraints;seed=continuation
0.35,production_hybrid,3c5f6b3c9bd535cff7657364dadb2efc31f2ea48,101.0,3,2.43125,350.509819,21.664624,0.0,2,true,true,stage_b_grid,false,governance.selection=pressure_max_under_constraints;seed=continuation
0.35,production_hybrid,3c5f6b3c9bd535cff7657364dadb2efc31f2ea48,101.0,3,2.44375,350.74603,21.666024,0.0,2,true,true,stage_b_grid,false,governance.selection=pressure_max_under_constraints;seed=continuation
0.35,production_hybrid,3c5f6b3c9bd535cff7657364dadb2efc31f2ea48,101.0,3,2.45625,350.98893,21.667472,0.0,2,true,true,stage_b_grid,false,governance.selection=pressure_max_under_constraints;seed=continuation
0.35,production_hybrid,3c5f6b3c9bd535cff7657364dadb2efc31f2ea48,101.0,3,2.46875,351.238467,21.668966,0.0,2,true,true,stage_b_grid,false,governance.selection=pressure_max_under_constraints;seed=continuation
0.35,production_hybrid,3c5f6b3c9bd535cff7657364dadb2efc31f2ea48,101.0,3,2.48125,351.494577,21.670508,0.0,2,true,true,stage_b_grid,false,governance.selection=pressure_max_under_constraints;seed=continuation
0.35,production_hybrid,3c5f6b3c9bd535cff7657364dadb2efc31f2ea48,101.0,3,2.49375,351.757188,21.672097,0.0,2,true,true,stage_b_grid,false,governance.selection=pressure_max_under_constraints;seed=continuation
0.35,production_hybrid,3c5f6b3c9bd535cff7657364dadb2efc31f2ea48,101.0,3,2.50625,352.02622,21.673733,0.0,2,true,true,stage_b_grid,false,governance.selection=pressure_max_under_constraints;seed=continuation
0.35,production_hybrid,3c5f6b3c9bd535cff7657364dadb2efc31f2ea48,101.0,3,2.51875,352.301585,21.675416,0.0,2,true,true,stage_b_grid,false,governance.selection=pressure_max_under_constraints;seed=continuation
0.35,production_hybrid,3c5f6b3c9bd535cff7657364dadb2efc31f2ea48,101.0,3,2.53125,352.583186,21.677146,0.0,2,true,true,stage_b_grid,false,governance.selection=pressure_max_under_constraints;seed=continuation
0.35,production_hybrid,3c5f6b3c9bd535cff7657364dadb2efc31f2ea48,101.0,3,2.54375,352.870918,21.678922,0.0,2,true,true,stage_b_grid,false,governance.selection=pressure_max_under_constraints;seed=continuation
0.35,production_hybrid,3c5f6b3c9bd535cff7657364dadb2efc31f2ea48,101.0,3,2.55625,353.164672,21.680744,0.0,2,true,true,stage_b_grid,false,governance.selection=pressure_max_under_constraints;seed=continuation
0.35,production_hybrid,3c5f6b3c9bd535cff7657364dadb2efc31f2ea48,101.0,3,2.56875,353.464328,21.682612,0.0,2,true,true,stage_b_grid,false,governance.selection=pressure_max_under_constraints;seed=continuation
0.35,production_hybrid,3c5f6b3c9bd535cff7657364dadb2efc31f2ea48,101.0,3,2.58125,353.769762,21.684525,0.0,2,true,true,stage_b_grid,false,governance.selection=pressure_max_under_constraints;seed=continuation
0.35,production_hybrid,3c5f6b3c9bd535cff7657364dadb2efc31f2ea48,101.0,3,2.59375,354.080846,21.686483,0.0,2,true,true,stage_b_grid,false,governance.selection=pressure_max_under_constraints;seed=continuation
0.35,production_hybrid,3c5f6b3c9bd535cff7657364dadb2efc31f2ea48,101.0,3,2.60625,354.397444,21.688486,0.0,2,true,true,stage_b_grid,false,governance.selection=pressure_max_under_constraints;seed=continuation
0.35,production_hybrid,3c5f6b3c9bd535cff7657364dadb2efc31f2ea48,101.0,3,2.61875,354.719418,21.690532,0.0,2,true,true,stage_b_grid,false,governance.selection=pressure_max_under_constraints;seed=continuation
0.35,production_hybrid,3c5f6b3c9bd535cff7657364dadb2efc31f2ea48,101.0,3,2.63125,355.046622,21.692621,0.0,2,true,true,stage_b_grid,false,governance.selection=pressure_max_under_constraints;seed=continuation
0.35,production_hybrid,3c5f6b3c9bd535cff7657364dadb2efc31f2ea48,101.0,3,2.64375,355.378911,21.694753,0.0,2,true,true,stage_b_grid,false,governance.selection=pressure_max_under_constraints;seed=continuation
0.35,production_hybrid,3c5f6b3c9bd535cff7657364dadb2efc31f2ea48,101.0,3,2.65625,355.716135,21.696927,0.0,2,true,true,stage_b_grid,false,governance.selection=pressure_max_under_constraints;seed=continuation
0.35,production_hybrid,3c5f6b3c9bd535cff7657364dadb2efc31f2ea48,101.0,3,2.66875,356.058142,21.699142,0.0,2,true,true,stage_b_grid,false,governance.selection=pressure_max_under_constraints;seed=continuation
0.35,production_hybrid,3c5f6b3c9bd535cff7657364dadb2efc31f2ea48,101.0,3,2.68125,356.404776,21.701397,0.0,2,true,true,stage_b_grid,false,governance.selection=pressure_max_under_constraints;seed=continuation
0.35,production_hybrid,3c5f6b3c9bd535cff7657364dadb2efc31f2ea48,101.0,3,2.69375,356.755884,21.703693,0.0,2,true,true,stage_b_grid,false,governance.selection=pressure_max_under_constraints;seed=continuation
0.35,production_hybrid,3c5f6b3c9bd535cff7657364dadb2efc31f2ea48,101.0,3,2.70625,357.111308,21.706027,0.0,2,true,true,stage_b_grid,false,governance.selection=pressure_max_under_constraints;seed=continuation
0.35,production_hybrid,3c5f6b3c9bd535cff7657364dadb2efc31f2ea48,101.0,3,2.71875,357.470892,21.7084,0.0,2,true,true,stage_b_grid,false,governance.selection=pressure_max_under_constraints;seed=continuation
0.35,production_hybrid,3c5f6b3c9bd535cff7657364dadb2efc31f2ea48,101.0,3,2.73125,357.834479,21.71081,0.0,2,true,true,stage_b_grid,false,governance.selection=pressure_max_under_constraints;seed=continuation
0.35,production_hybrid,3c5f6b3c9bd535cff7657364dadb2efc31f2ea48,101.0,3,2.74375,358.201913,21.713257,0.0,2,true,true,stage_b_grid,false,governance.selection=pressure_max_under_constraints;seed=continuation
0.35,production_hybrid,3c5f6b3c9bd535cff7657364dadb2efc31f2ea48,101.0,3,2.75625,358.573038,21.715739,0.0,2,true,true,stage_b_grid,false,governance.selection=pressure_max_under_constraints;seed=continuation
0.35,production_hybrid,3c5f6b3c9bd535cff7657364dadb2efc31f2ea48,101.0,3,2.76875,358.947702,21.718257,0.0,2,true,true,stage_b_grid,false,governance.selection=pressure_max_under_constraints;seed=continuation
0.35,production_hybrid,3c5f6b3c9bd535cff7657364dadb2efc31f2ea48,101.0,3,2.78125,359.325751,21.720809,0.0,2,true,true,stage_b_grid,false,governance.selection=pressure_max_under_constraints;seed=continuation
0.35,production_hybrid,3c5f6b3c9bd535cff7657364dadb2efc31f2ea48,101.0,3,2.79375,359.707035,21.723394,0.0,2,true,true,stage_b_grid,false,governance.selection=pressure_max_under_constraints;seed=continuation
0.35,production_hybrid,3c5f6b3c9bd535cff7657364dadb2efc31f2ea48,101.0,3,2.80625,360.091406,21.726012,0.0,2,true,true,stage_b_grid,false,governance.selection=pressure_max_under_constraints;seed=continuation
0.35,production_hybrid,3c5f6b3c9bd535cff7657364dadb2efc31f2ea48,101.0,3,2.81875,360.478718,21.728662,0.0,2,true,true,stage_b_grid,false,governance.selection=pressure_max_under_constraints;seed=continuation
0.35,production_hybrid,3c5f6b3c9bd535cff7657364dadb2efc31f2ea48,101.0,3,2.83125,360.868828,21.731343,0.0,2,true,true,stage_b_grid,false,governance.selection=pressure_max_under_constraints;seed=continuation
0.35,production_hybrid,3c5f6b3c9bd535cff7657364dadb2efc31f2ea48,101.0,3,2.84375,361.261595,21.734054,0.0,2,true,true,stage_b_grid,false,governance.selection=pressure_max_under_constraints;seed=continuation
0.35,production_hybrid,3c5f6b3c9bd535cff7657364dadb2efc31f2ea48,101.0,3,2.85625,361.656882,21.736794,0.0,2,true,true,stage_b_grid,false,governance.selection=pressure_max_under_constraints;seed=continuation
0.35,production_hybrid,3c5f6b3c9bd535cff7657364dadb2efc31f2ea48,101.0,3,2.86875,362.054556,21.739563,0.0,2,true,true,stage_b_grid,false,governance.selection=pressure_max_under_constraints;seed=continuation
0.35,production_hybrid,3c5f6b3c9bd535cff7657364dadb2efc31f2ea48,101.0,3,2.88125,362.454486,21.74236,0.0,2,true,true,stage_b_grid,false,governance.selection=pressure_max_under_constraints;seed=continuation
0.35,production_hybrid,3c5f6b3c9bd535cff7657364dadb2efc31f2ea48,101.0,3,2.89375,362.856544,21.745184,0.0,2,true,true,stage_b_grid,false,governance.selection=pressure_max_under_constraints;seed=continuation
0.35,production_hybrid,3c5f6b3c9bd535cff7657364dadb2efc31f2ea48,101.0,3,2.90625,363.260606,21.748034,0.0,2,true,true,stage_b_grid,false,governance.selection=pressure_max_under_constraints;seed=continuation
0.35,production_hybrid,3c5f6b3c9bd535cff7657364dadb2efc31f2ea48,101.0,3,2.91875,363.666551,21.75091,0.0,2,true,true,stage_b_grid,false,governance.selection=pressure_max_under_constraints;seed=continuation
0.35,production_hybrid,3c5f6b3c9bd535cff7657364dadb2efc31f2ea48,101.0,3,2.93125,364.074264,21.753811,0.0,2,true,true,stage_b_grid,false,governance.selection=pressure_max_under_constraints;seed=continuation
0.35,production_hybrid,3c5f6b3c9bd535cff7657364dadb2efc31f2ea48,101.0,3,2.94375,364.483631,21.756736,0.0,2,true,true,stage_b_grid,false,governance.selection=pressure_max_under_constraints;seed=continuation
0.35,production_hybrid,3c5f6b3c9bd535cff7657364dadb2efc31f2ea48,101.0,3,2.95625,364.894541,21.759685,0.0,2,true,true,stage_b_grid,false,governance.selection=pressure_max_under_constraints;seed=continuation
0.35,production_hybrid,3c5f6b3c9bd535cff7657364dadb2efc31f2ea48,101.0,3,2.96875,365.30689,21.762657,0.0,2,true,true,stage_b_grid,false,governance.selection=pressure_max_under_constraints;seed=continuation
0.35,production_hybrid,3c5f6b3c9bd535cff7657364dadb2efc31f2ea48,101.0,3,2.98125,365.720574,21.76565,0.0,2,true,true,stage_b_grid,false,governance.selection=pressure_max_under_constraints;seed=continuation
0.35,production_hybrid,3c5f6b3c9bd535cff7657364dadb2efc31f2ea48,101.0,3,2.99375,366.135494,21.768666,0.0,2,true,true,stage_b_grid,false,governance.selection=pressure_max_under_constraints;seed=continuation
0.35,production_hybrid,3c5f6b3c9bd535cff7657364dadb2efc31f2ea48,101.0,3,3.00625,366.551554,21.771702,0.0,2,true,true,stage_b_grid,false,governance.selection=pressure_max_under_constraints;seed=continuation
0.35,production_hybrid,3c5f6b3c9bd535cff7657364dadb2efc31f2ea48,101.0,3,3.01875,366.968663,21.774758,0.0,2,true,true,stage_b_grid,false,governance.selection=pressure_max_under_constraints;seed=continuation
0.35,production_hybrid,3c5f6b3c9bd535cff7657364dadb2efc31f2ea48,101.0,3,3.03125,367.386732,21.777835,0.0,2,true,true,stage_b_grid,false,governance.selection=pressure_max_under_constraints;seed=continuation
0.35,production_hybrid,3c5f6b3c9bd535cff7657364dadb2efc31f2ea48,101.0,3,3.04375,367.805674,21.78093,0.0,2,true,true,stage_b_grid,false,governance.selection=pressure_max_under_constraints;seed=continuation
0.35,production_hybrid,3c5f6b3c9bd535cff7657364dadb2efc31f2ea48,101.0,3,3.05625,368.225408,21.784044,0.0,2,true,true,stage_b_grid,false,governance.selection=pressure_max_under_constraints;seed=continuation
0.35,production_hybrid,3c5f6b3c9bd535cff7657364dadb2efc31f2ea48,101.0,3,3.06875,368.645854,21.787176,0.0,2,true,true,stage_b_grid,false,governance.selection=pressure_max_under_constraints;seed=continuation
0.35,production_hybrid,3c5f6b3c9bd535cff7657364dadb2efc31f2ea48,101.0,3,3.08125,369.066936,21.790326,0.0,2,true,true,stage_b_grid,false,governance.selection=pressure_max_under_constraints;seed=continuation
0.35,production_hybrid,3c5f6b3c9bd535cff7657364dadb2efc31f2ea48,101.0,3,3.09375,369.488582,21.793493,0.0,2,true,true,stage_b_grid,false,governance.selection=pressure_max_under_constraints;seed=continuation
0.35,production_hybrid,3c5f6b3c9bd535cff7657364dadb2efc31f2ea48,101.0,3,3.10625,369.91072,21.796676,0.0,2,true,true,stage_b_grid,false,governance.selection=pressure_max_under_constraints;seed=continuation
0.35,production_hybrid,3c5f6b3c9bd535cff7657364dadb2efc31f2ea48,101.0,3,3.11875,370.333283,21.799875,0.0,2,true,true,stage_b_grid,false,governance.selection=pressure_max_under_constraints;seed=continuation
0.35,production_hybrid,3c5f6b3c9bd535cff7657364dadb2efc31f2ea48,101.0,3,3.13125,370.756207,21.80309,0.0,2,true,true,stage_b_grid,false,governance.selection=pressure_max_under_constraints;seed=continuation
0.35,production_hybrid,3c5f6b3c9bd535cff7657364dadb2efc31f2ea48,101.0,3,3.14375,371.179429,21.80632,0.0,2,true,true,stage_b_grid,false,governance.selection=pressure_max_under_constraints;seed=continuation
0.35,production_hybrid,3c5f6b3c9bd535cff7657364dadb2efc31f2ea48,101.0,3,3.15625,371.602891,21.809565,0.0,2,true,true,stage_b_grid,false,governance.selection=pressure_max_under_constraints;seed=continuation
0.35,production_hybrid,3c5f6b3c9bd535cff7657364dadb2efc31f2ea48,101.0,3,3.16875,372.026534,21.812824,0.0,2,true,true,stage_b_grid,false,governance.selection=pressure_max_under_constraints;seed=continuation
0.35,production_hybrid,3c5f6b3c9bd535cff7657364dadb2efc31f2ea48,101.0,3,3.18125,372.450305,21.816097,0.0,2,true,true,stage_b_grid,false,governance.selection=pressure_max_under_constraints;seed=continuation
0.35,production_hybrid,3c5f6b3c9bd535cff7657364dadb2efc31f2ea48,101.0,3,3.19375,372.87415,21.819383,0.0,2,true,true,stage_b_grid,false,governance.selection=pressure_max_under_constraints;seed=continuation
0.35,production_hybrid,3c5f6b3c9bd535cff7657364dadb2efc31f2ea48,101.0,3,3.20625,373.298021,21.822683,0.0,2,true,true,stage_b_grid,false,governance.selection=pressure_max_under_constraints;seed=continuation
0.35,production_hybrid,3c5f6b3c9bd535cff7657364dadb2efc31f2ea48,101.0,3,3.21875,373.721868,21.825995,0.0,2,true,true,stage_b_grid,false,governance.selection=pressure_max_under_constraints;seed=continuation
0.35,production_hybrid,3c5f6b3c9bd535cff7657364dadb2efc31f2ea48,101.0,3,3.23125,374.145646,21.829319,0.0,2,true,true,stage_b_grid,false,governance.selection=pressure_max_under_constraints;seed=continuation
0.35,production_hybrid,3c5f6b3c9bd535cff7657364dadb2efc31f2ea48,101.0,3,3.24375,374.569311,21.832656,0.0,2,true,true,stage_b_grid,false,governance.selection=pressure_max_under_constraints;seed=continuation
0.35,production_hybrid,3c5f6b3c9bd535cff7657364dadb2efc31f2ea48,101.0,3,3.25625,374.992822,21.836004,0.0,2,true,true,stage_b_grid,false,governance.selection=pressure_max_under_constraints;seed=continuation
0.35,production_hybrid,3c5f6b3c9bd535cff7657364dadb2efc31f2ea48,101.0,3,3.26875,375.416137,21.839363,0.0,2,true,true,stage_b_grid,false,governance.selection=pressure_max_under_constraints;seed=continuation
0.35,production_hybrid,3c5f6b3c9bd535cff7657364dadb2efc31f2ea48,101.0,3,3.28125,375.839218,21.842734,0.0,2,true,true,stage_b_grid,false,governance.selection=pressure_max_under_constraints;seed=continuation
0.35,production_hybrid,3c5f6b3c9bd535cff7657364dadb2efc31f2ea48,101.0,3,3.29375,376.26203,21.846115,0.0,2,true,true,stage_b_grid,false,governance.selection=pressure_max_under_constraints;seed=continuation
0.35,production_hybrid,3c5f6b3c9bd535cff7657364dadb2efc31f2ea48,101.0,3,3.30625,376.684536,21.849506,0.0,2,true,true,stage_b_grid,false,governance.selection=pressure_max_under_constraints;seed=continuation
0.35,production_hybrid,3c5f6b3c9bd535cff7657364dadb2efc31f2ea48,101.0,3,3.31875,377.106703,21.852908,0.0,2,true,true,stage_b_grid,false,governance.selection=pressure_max_under_constraints;seed=continuation
0.35,production_hybrid,3c5f6b3c9bd535cff7657364dadb2efc31f2ea48,101.0,3,3.33125,377.528499,21.85632,0.0,2,true,true,stage_b_grid,false,governance.selection=pressure_max_under_constraints;seed=continuation
0.35,production_hybrid,3c5f6b3c9bd535cff7657364dadb2efc31f2ea48,101.0,3,3.34375,377.949893,21.859741,0.0,2,true,true,stage_b_grid,false,governance.selection=pressure_max_under_constraints;seed=continuation
0.35,production_hybrid,3c5f6b3c9bd535cff7657364dadb2efc31f2ea48,101.0,3,3.35625,378.370857,21.863171,0.0,2,true,true,stage_b_grid,false,governance.selection=pressure_max_under_constraints;seed=continuation
0.35,production_hybrid,3c5f6b3c9bd535cff7657364dadb2efc31f2ea48,101.0,3,3.36875,378.791362,21.866611,0.0,2,true,true,stage_b_grid,false,governance.selection=pressure_max_under_constraints;seed=continuation
0.35,production_hybrid,3c5f6b3c9bd535cff7657364dadb2efc31f2ea48,101.0,3,3.38125,379.211381,21.870059,0.0,2,true,true,stage_b_grid,false,governance.selection=pressure_max_under_constraints;seed=continuation
0.35,production_hybrid,3c5f6b3c9bd535cff7657364dadb2efc31f2ea48,101.0,3,3.39375,379.63089,21.873516,0.0,2,true,true,stage_b_grid,false,governance.selection=pressure_max_under_constraints;seed=continuation
0.35,production_hybrid,3c5f6b3c9bd535cff7657364dadb2efc31f2ea48,101.0,3,3.40625,380.049864,21.876981,0.0,2,true,true,stage_b_grid,false,governance.selection=pressure_max_under_constraints;seed=continuation
0.35,production_hybrid,3c5f6b3c9bd535cff7657364dadb2efc31f2ea48,101.0,3,3.41875,380.468279,21.880454,0.0,2,true,true,stage_b_grid,false,governance.selection=pressure_max_under_constraints;seed=continuation
0.35,production_hybrid,3c5f6b3c9bd535cff7657364dadb2efc31f2ea48,101.0,3,3.43125,380.886114,21.883935,0.0,2,true,true,stage_b_grid,false,governance.selection=pressure_max_under_constraints;seed=continuation
0.35,production_hybrid,3c5f6b3c9bd535cff7657364dadb2efc31f2ea48,101.0,3,3.44375,381.303348,21.887424,0.0,2,true,true,stage_b_grid,false,governance.selection=pressure_max_under_constraints;seed=continuation
0.35,production_hybrid,3c5f6b3c9bd535cff7657364dadb2efc31f2ea48,101.0,3,3.45625,381.71996,21.89092,0.0,2,true,true,stage_b_grid,false,governance.selection=pressure_max_under_constraints;seed=continuation
0.35,production_hybrid,3c5f6b3c9bd535cff7657364dadb2efc31f2ea48,101.0,3,3.46875,382.135932,21.894424,0.0,2,true,true,stage_b_grid,false,governance.selection=pressure_max_under_constraints;seed=continuation
0.35,production_hybrid,3c5f6b3c9bd535cff7657364dadb2efc31f2ea48,101.0,3,3.48125,382.551244,21.897934,0.0,2,true,true,stage_b_grid,false,governance.selection=pressure_max_under_constraints;seed=continuation
0.35,production_hybrid,3c5f6b3c9bd535cff7657364dadb2efc31f2ea48,101.0,3,3.49375,382.96588,21.901452,0.0,2,true,true,stage_b_grid,false,governance.selection=pressure_max_under_constraints;seed=continuation
0.35,production_hybrid,3c5f6b3c9bd535cff7657364dadb2efc31f2ea48,101.0,3,3.50625,383.379823,21.904976,0.0,2,true,true,stage_b_grid,false,governance.selection=pressure_max_under_constraints;seed=continuation
0.35,production_hybrid,3c5f6b3c9bd535cff7657364dadb2efc31f2ea48,101.0,3,3.51875,383.793058,21.908507,0.0,2,true,true,stage_b_grid,false,governance.selection=pressure_max_under_constraints;seed=continuation
0.35,production_hybrid,3c5f6b3c9bd535cff7657364dadb2efc31f2ea48,101.0,3,3.53125,384.205568,21.912044,0.0,2,true,true,stage_b_grid,false,governance.selection=pressure_max_under_constraints;seed=continuation
0.35,production_hybrid,3c5f6b3c9bd535cff7657364dadb2efc31f2ea48,101.0,3,3.54375,384.61734,21.915587,0.0,2,true,true,stage_b_grid,false,governance.selection=pressure_max_under_constraints;seed=continuation
0.35,production_hybrid,3c5f6b3c9bd535cff7657364dadb2efc31f2ea48,101.0,3,3.55625,385.02836,21.919137,0.0,2,true,true,stage_b_grid,false,governance.selection=pressure_max_under_constraints;seed=continuation
0.35,production_hybrid,3c5f6b3c9bd535cff7657364dadb2efc31f2ea48,101.0,3,3.56875,385.438616,21.922692,0.0,2,true,true,stage_b_grid,false,governance.selection=pressure_max_under_constraints;seed=continuation
0.35,production_hybrid,3c5f6b3c9bd535cff7657364dadb2efc31f2ea48,101.0,3,3.58125,385.848094,21.926253,0.0,2,true,true,stage_b_grid,false,governance.selection=pressure_max_under_constraints;seed=continuation
0.35,production_hybrid,3c5f6b3c9bd535cff7657364dadb2efc31f2ea48,101.0,3,3.59375,386.256782,21.929819,0.0,2,true,true,stage_b_grid,false,governance.selection=pressure_max_under_constraints;seed=continuation
0.35,production_hybrid,3c5f6b3c9bd535cff7657364dadb2efc31f2ea48,101.0,3,3.60625,386.664671,21.933391,0.0,2,true,true,stage_b_grid,false,governance.selection=pressure_max_under_constraints;seed=continuation
0.35,production_hybrid,3c5f6b3c9bd535cff7657364dadb2efc31f2ea48,101.0,3,3.61875,387.071748,21.936968,0.0,2,true,true,stage_b_grid,false,governance.selection=pressure_max_under_constraints;seed=continuation
0.35,production_hybrid,3c5f6b3c9bd535cff7657364dadb2efc31f2ea48,101.0,3,3.63125,387.478005,21.940551,0.0,2,true,true,stage_b_grid,false,governance.selection=pressure_max_under_constraints;seed=continuation
0.35,production_hybrid,3c5f6b3c9bd535cff7657364dadb2efc31f2ea48,101.0,3,3.64375,387.88343,21.944138,0.0,2,true,true,stage_b_grid,false,governance.selection=pressure_max_under_constraints;seed=continuation
0.35,production_hybrid,3c5f6b3c9bd535cff7657364dadb2efc31f2ea48,101.0,3,3.65625,388.288016,21.94773,0.0,2,true,true,stage_b_grid,false,governance.selection=pressure_max_under_constraints;seed=continuation
0.35,production_hybrid,3c5f6b3c9bd535cff7657364dadb2efc31f2ea48,101.0,3,3.66875,388.691753,21.951327,0.0,2,true,true,stage_b_grid,false,governance.selection=pressure_max_under_constraints;seed=continuation
0.35,production_hybrid,3c5f6b3c9bd535cff7657364dadb2efc31f2ea48,101.0,3,3.68125,389.094633,21.954929,0.0,2,true,true,stage_b_grid,false,governance.selection=pressure_max_under_constraints;seed=continuation
0.35,production_hybrid,3c5f6b3c9bd535cff7657364dadb2efc31f2ea48,101.0,3,3.69375,389.496648,21.958535,0.0,2,true,true,stage_b_grid,false,governance.selection=pressure_max_under_constraints;seed=continuation
0.35,production_hybrid,3c5f6b3c9bd535cff7657364dadb2efc31f2ea48,101.0,3,3.70625,389.897792,21.962145,0.0,2,true,true,stage_b_grid,false,governance.selection=pressure_max_under_constraints;seed=continuation
0.35,production_hybrid,3c5f6b3c9bd535cff7657364dadb2efc31f2ea48,101.0,3,3.71875,390.298056,21.96576,0.0,2,true,true,stage_b_grid,false,governance.selection=pressure_max_under_constraints;seed=continuation
0.35,production_hybrid,3c5f6b3c9bd535cff7657364dadb2efc31f2ea48,101.0,3,3.73125,390.697435,21.969378,0.0,2,true,true,stage_b_grid,false,governance.selection=pressure_max_under_constraints;seed=continuation
0.35,production_hybrid,3c5f6b3c9bd535cff7657364dadb2efc31f2ea48,101.0,3,3.74375,391.095921,21.973001,0.0,2,true,true,stage_b_grid,false,governance.selection=pressure_max_under_constraints;seed=continuation
0.35,production_hybrid,3c5f6b3c9bd535cff7657364dadb2efc31f2ea48,101.0,3,3.75625,391.493509,21.976628,0.0,2,true,true,stage_b_grid,false,governance.selection=pressure_max_under_constraints;seed=continuation
0.35,production_hybrid,3c5f6b3c9bd535cff7657364dadb2efc31f2ea48,101.0,3,3.76875,391.890194,21.980259,0.0,2,true,true,stage_b_grid,false,governance.selection=pressure_max_under_constraints;seed=continuation
0.35,production_hybrid,3c5f6b3c9bd535cff7657364dadb2efc31f2ea48,101.0,3,3.78125,392.285969,21.983893,0.0,2,true,true,stage_b_grid,false,governance.selection=pressure_max_under_constraints;seed=continuation
0.35,production_hybrid,3c5f6b3c9bd535cff7657364dadb2efc31f2ea48,101.0,3,3.79375,392.680831,21.987531,0.0,2,true,true,stage_b_grid,false,governance.selection=pressure_max_under_constraints;seed=continuation
0.35,production_hybrid,3c5f6b3c9bd535cff7657364dadb2efc31f2ea48,101.0,3,3.80625,393.074773,21.991172,0.0,2,true,true,stage_b_grid,false,governance.selection=pressure_max_under_constraints;seed=continuation
0.35,production_hybrid,3c5f6b3c9bd535cff7657364dadb2efc31f2ea48,101.0,3,3.81875,393.467792,21.994817,0.0,2,true,true,stage_b_grid,false,governance.selection=pressure_max_under_constraints;seed=continuation
0.35,production_hybrid,3c5f6b3c9bd535cff7657364dadb2efc31f2ea48,101.0,3,3.83125,393.859883,21.998465,0.0,2,true,true,stage_b_grid,false,governance.selection=pressure_max_under_constraints;seed=continuation
0.35,production_hybrid,3c5f6b3c9bd535cff7657364dadb2efc31f2ea48,101.0,3,3.84375,394.251043,22.002117,0.0,2,true,true,stage_b_grid,false,governance.selection=pressure_max_under_constraints;seed=continuation
0.35,production_hybrid,3c5f6b3c9bd535cff7657364dadb2efc31f2ea48,101.0,3,3.85625,394.641268,22.005771,0.0,2,true,true,stage_b_grid,false,governance.selection=pressure_max_under_constraints;seed=continuation
0.35,production_hybrid,3c5f6b3c9bd535cff7657364dadb2efc31f2ea48,101.0,3,3.86875,395.030554,22.009429,0.0,2,true,true,stage_b_grid,false,governance.selection=pressure_max_under_constraints;seed=continuation
0.35,production_hybrid,3c5f6b3c9bd535cff7657364dadb2efc31f2ea48,101.0,3,3.88125,395.418897,22.013089,0.0,2,true,true,stage_b_grid,false,governance.selection=pressure_max_under_constraints;seed=continuation
0.35,production_hybrid,3c5f6b3c9bd535cff7657364dadb2efc31f2ea48,101.0,3,3.89375,395.806295,22.016753,0.0,2,true,true,stage_b_grid,false,governance.selection=pressure_max_under_constraints;seed=continuation
0.35,production_hybrid,3c5f6b3c9bd535cff7657364dadb2efc31f2ea48,101.0,3,3.90625,396.192746,22.020419,0.0,2,true,true,stage_b_grid,false,governance.selection=pressure_max_under_constraints;seed=continuation
0.35,production_hybrid,3c5f6b3c9bd535cff7657364dadb2efc31f2ea48,101.0,3,3.91875,396.578245,22.024088,0.0,2,true,true,stage_b_grid,false,governance.selection=pressure_max_under_constraints;seed=continuation
0.35,production_hybrid,3c5f6b3c9bd535cff7657364dadb2efc31f2ea48,101.0,3,3.93125,396.962791,22.027759,0.0,2,true,true,stage_b_grid,false,governance.selection=pressure_max_under_constraints;seed=continuation
0.35,production_hybrid,3c5f6b3c9bd535cff7657364dadb2efc31f2ea48,101.0,3,3.94375,397.346382,22.031433,0.0,2,true,true,stage_b_grid,false,governance.selection=pressure_max_under_constraints;seed=continuation
0.35,production_hybrid,3c5f6b3c9bd535cff7657364dadb2efc31f2ea48,101.0,3,3.95625,397.729014,22.03511,0.0,2,true,true,stage_b_grid,false,governance.selection=pressure_max_under_constraints;seed=continuation
0.35,production_hybrid,3c5f6b3c9bd535cff7657364dadb2efc31f2ea48,101.0,3,3.96875,398.110687,22.038789,0.0,2,true,true,stage_b_grid,false,governance.selection=pressure_max_under_constraints;seed=continuation
0.35,production_hybrid,3c5f6b3c9bd535cff7657364dadb2efc31f2ea48,101.0,3,3.98125,398.491398,22.04247,0.0,2,true,true,stage_b_grid,false,governance.selection=pressure_max_under_constraints;seed=continuation
0.35,production_hybrid,3c5f6b3c9bd535cff7657364dadb2efc31f2ea48,101.0,3,3.99375,398.871146,22.046153,0.0,2,true,true,stage_b_grid,false,governance.selection=pressure_max_under_constraints;seed=continuation
0.35,production_hybrid,3c5f6b3c9bd535cff7657364dadb2efc31f2ea48,101.0,4,0.784375,347.25829,21.646407,0.0,2,true,true,stage_c_guard,false,governance.selection=pressure_max_under_constraints;seed=continuation
0.35,production_hybrid,3c5f6b3c9bd535cff7657364dadb2efc31f2ea48,101.0,4,0.790625,347.317094,21.64652,0.0,2,true,true,stage_c_guard,false,governance.selection=pressure_max_under_constraints;seed=continuation
0.35,production_hybrid,3c5f6b3c9bd535cff7657364dadb2efc31f2ea48,101.0,4,0.796875,347.374023,21.64663,0.0,2,true,true,stage_c_guard,false,governance.selection=pressure_max_under_constraints;seed=continuation
0.35,production_hybrid,3c5f6b3c9bd535cff7657364dadb2efc31f2ea48,101.0,4,1.078125,348.450364,21.648941,0.0,2,true,true,stage_c_guard,false,governance.selection=pressure_max_under_constraints;seed=continuation
0.35,production_hybrid,3c5f6b3c9bd535cff7657364dadb2efc31f2ea48,101.0,4,1.084375,348.449431,21.648939,0.0,2,true,true,stage_c_guard,false,governance.selection=pressure_max_under_constraints;seed=continuation
0.35,production_hybrid,3c5f6b3c9bd535cff7657364dadb2efc31f2ea48,101.0,4,1.490625,347.307874,21.645236,0.0,2,true,true,stage_c_guard,false,governance.selection=pressure_max_under_constraints;seed=continuation
0.35,production_hybrid,3c5f6b3c9bd535cff7657364dadb2efc31f2ea48,101.0,4,1.496875,347.282492,21.645144,0.0,2,true,true,stage_c_guard,false,governance.selection=pressure_max_under_constraints;seed=continuation
0.35,production_hybrid,3c5f6b3c9bd535cff7657364dadb2efc31f2ea48,101.0,4,1.903125,346.175226,21.640699,0.0,2,true,true,stage_c_guard,false,governance.selection=pressure_max_under_constraints;seed=continuation
0.35,production_hybrid,3c5f6b3c9bd535cff7657364dadb2efc31f2ea48,101.0,4,1.909375,346.175543,21.640701,0.0,2,true,true,stage_c_guard,false,governance.selection=pressure_max_under_constraints;seed=continuation
0.35,production_hybrid,3c5f6b3c9bd535cff7657364dadb2efc31f2ea48,101.0,4,2.190625,347.271893,21.646302,0.0,2,true,true,stage_c_guard,false,governance.selection=pressure_max_under_constraints;seed=continuation
0.35,production_hybrid,3c5f6b3c9bd535cff7657364dadb2efc31f2ea48,101.0,4,2.196875,347.325718,21.646589,0.0,2,true,true,stage_c_guard,false,governance.selection=pressure_max_under_constraints;seed=continuation
0.35,production_hybrid,3c5f6b3c9bd535cff7657364dadb2efc31f2ea48,101.0,4,2.203125,347.381046,21.646885,0.0,2,true,true,stage_c_guard,false,governance.selection=pressure_max_under_constraints;seed=continuation
