xi,method,calculation_sha,T_MeV,rho_level,rho,muq_MeV,pressure_fm4,residual_norm,iterations,converged,finite,sampling_role,cache_reused,solver_message
-0.35,production_hybrid,3c5f6b3c9bd535cff7657364dadb2efc31f2ea48,51.0,0,0.0,-0.011327,21.608021,0.0,37,true,true,coarse_grid,false,governance.selection=pressure_max_under_constraints;seed=continuation
-0.35,production_hybrid,3c5f6b3c9bd535cff7657364dadb2efc31f2ea48,51.0,0,0.05,344.041157,21.609931,0.0,4,true,true,coarse_grid,false,governance.selection=pressure_max_under_constraints;seed=continuation
-0.35,production_hybrid,3c5f6b3c9bd535cff7657364dadb2efc31f2ea48,51.0,0,0.1,353.229005,21.611525,0.0,4,true,true,coarse_grid,false,governance.selection=pressure_max_under_constraints;seed=continuation
-0.35,production_hybrid,3c5f6b3c9bd535cff7657364dadb2efc31f2ea48,51.0,0,0.15,357.520644,21.612801,0.0,4,true,true,coarse_grid,false,governance.selection=pressure_max_under_constraints;seed=continuation
-0.35,production_hybrid,3c5f6b3c9bd535cff7657364dadb2efc31f2ea48,51.0,0,0.2,359.804267,21.613759,0.0,3,true,true,coarse_grid,false,governance.selection=pressure_max_under_constraints;seed=continuation
-0.35,production_hybrid,3c5f6b3c9bd535cff7657364dadb2efc31f2ea48,51.0,0,0.25,360.98495,21.614397,0.0,3,true,true,coarse_grid,false,governance.selection=pressure_max_under_constraints;seed=continuation
-0.35,production_hybrid,3c5f6b3c9bd535cff7657364dadb2efc31f2ea48,51.0,0,0.3,361.46581,21.614713,0.0,3,true,true,coarse_grid,false,governance.selection=pressure_max_under_constraints;seed=continuation
-0.35,production_hybrid,3c5f6b3c9bd535cff7657364dadb2efc31f2ea48,51.0,0,0.35,361.461865,21.614705,0.0,3,true,true,coarse_grid,false,governance.selection=pressure_max_under_constraints;seed=continuation
-0.35,production_hybrid,3c5f6b3c9bd535cff7657364dadb2efc31f2ea48,51.0,0,0.4,361.101466,21.614374,0.0,3,true,true,coarse_grid,false,governance.selection=pressure_max_under_constraints;seed=continuation
-0.35,production_hybrid,3c5f6b3c9bd535cff7657364dadb2efc31f2ea48,51.0,0,0.45,360.467415,21.613716,0.0,3,true,true,coarse_grid,false,governance.selection=pressure_max_under_constraints;seed=continuation
-0.35,production_hybrid,3c5f6b3c9bd535cff7657364dadb2efc31f2ea48,51.0,0,0.5,359.61628,21.61273,0.0,3,true,true,coarse_grid,false,governance.selection=pressure_max_under_constraints;seed=continuation
-0.35,production_hybrid,3c5f6b3c9bd535cff7657364dadb2efc31f2ea48,51.0,0,0.55,358.588454,21.611416,0.0,3,true,true,coarse_grid,false,governance.selection=pressure_max_under_constraints;seed=continuation
-0.35,production_hybrid,3c5f6b3c9bd535cff7657364dadb2efc31f2ea48,51.0,0,0.6,357.413824,21.609772,0.0,3,true,true,coarse_grid,false,governance.selection=pressure_max_under_constraints;seed=continuation
-0.35,production_hybrid,3c5f6b3c9bd535cff7657364dadb2efc31f2ea48,51.0,0,0.65,356.115171,21.607796,0.0,3,true,true,coarse_grid,false,governance.selection=pressure_max_under_constraints;seed=continuation
-0.35,production_hybrid,3c5f6b3c9bd535cff7657364dadb2efc31f2ea48,51.0,0,0.7,354.710309,21.605488,0.0,3,true,true,coarse_grid,false,governance.selection=pressure_max_under_constraints;seed=continuation
-0.35,production_hybrid,3c5f6b3c9bd535cff7657364dadb2efc31f2ea48,51.0,0,0.75,353.213494,21.602848,0.0,3,true,true,coarse_grid,false,governance.selection=pressure_max_under_constraints;seed=continuation
-0.35,production_hybrid,3c5f6b3c9bd535cff7657364dadb2efc31f2ea48,51.0,0,0.8,351.636387,21.599874,0.0,3,true,true,coarse_grid,false,governance.selection=pressure_max_under_constraints;seed=continuation
-0.35,production_hybrid,3c5f6b3c9bd535cff7657364dadb2efc31f2ea48,51.0,0,0.85,349.988733,21.596567,0.0,3,true,true,coarse_grid,false,governance.selection=pressure_max_under_constraints;seed=continuation
-0.35,production_hybrid,3c5f6b3c9bd535cff7657364dadb2efc31f2ea48,51.0,0,0.9,348.278867,21.592927,0.0,3,true,true,coarse_grid,false,governance.selection=pressure_max_under_constraints;seed=continuation
-0.35,production_hybrid,3c5f6b3c9bd535cff7657364dadb2efc31f2ea48,51.0,0,0.95,346.51409,21.588955,0.0,3,true,true,coarse_grid,false,governance.selection=pressure_max_under_constraints;seed=continuation
-0.35,production_hybrid,3c5f6b3c9bd535cff7657364dadb2efc31f2ea48,51.0,0,1.0,344.700979,21.584655,0.0,3,true,true,coarse_grid,false,governance.selection=pressure_max_under_constraints;seed=continuation
-0.35,production_hybrid,3c5f6b3c9bd535cff7657364dadb2efc31f2ea48,51.0,0,1.05,342.845646,21.580028,0.0,3,true,true,coarse_grid,false,governance.selection=pressure_max_under_constraints;seed=continuation
-0.35,production_hybrid,3c5f6b3c9bd535cff7657364dadb2efc31f2ea48,51.0,0,1.1,340.953972,21.575081,0.0,3,true,true,coarse_grid,false,governance.selection=pressure_max_under_constraints;seed=continuation
-0.35,production_hybrid,3c5f6b3c9bd535cff7657364dadb2efc31f2ea48,51.0,0,1.15,339.031839,21.569821,0.0,3,true,true,coarse_grid,false,governance.selection=pressure_max_under_constraints;seed=continuation
-0.35,production_hybrid,3c5f6b3c9bd535cff7657364dadb2efc31f2ea48,51.0,0,1.2,337.085363,21.564257,0.0,3,true,true,coarse_grid,false,governance.selection=pressure_max_under_constraints;seed=continuation
-0.35,production_hybrid,3c5f6b3c9bd535cff7657364dadb2efc31f2ea48,51.0,0,1.25,335.121168,21.558404,0.0,3,true,true,coarse_grid,false,governance.selection=pressure_max_under_constraints;seed=continuation
-0.35,production_hybrid,3c5f6b3c9bd535cff7657364dadb2efc31f2ea48,51.0,0,1.3,333.146699,21.552281,0.0,3,true,true,coarse_grid,false,governance.selection=pressure_max_under_constraints;seed=continuation
-0.35,production_hybrid,3c5f6b3c9bd535cff7657364dadb2efc31f2ea48,51.0,0,1.35,331.170606,21.545912,0.0,3,true,true,coarse_grid,false,governance.selection=pressure_max_under_constraints;seed=continuation
-0.35,production_hybrid,3c5f6b3c9bd535cff7657364dadb2efc31f2ea48,51.0,0,1.4,329.20323,21.539331,0.0,3,true,true,coarse_grid,false,governance.selection=pressure_max_under_constraints;seed=continuation
-0.35,production_hybrid,3c5f6b3c9bd535cff7657364dadb2efc31f2ea48,51.0,0,1.45,327.257211,21.532586,0.0,3,true,true,coarse_grid,false,governance.selection=pressure_max_under_constraints;seed=continuation
-0.35,production_hybrid,3c5f6b3c9bd535cff7657364dadb2efc31f2ea48,51.0,0,1.5,325.348251,21.525737,0.0,3,true,true,coarse_grid,false,governance.selection=pressure_max_under_constraints;seed=continuation
-0.35,production_hybrid,3c5f6b3c9bd535cff7657364dadb2efc31f2ea48,51.0,0,1.55,323.496045,21.518867,0.0,3,true,true,coarse_grid,false,governance.selection=pressure_max_under_constraints;seed=continuation
-0.35,production_hybrid,3c5f6b3c9bd535cff7657364dadb2efc31f2ea48,51.0,0,1.6,321.725338,21.512084,0.0,3,true,true,coarse_grid,false,governance.selection=pressure_max_under_constraints;seed=continuation
-0.35,production_hybrid,3c5f6b3c9bd535cff7657364dadb2efc31f2ea48,51.0,0,1.65,320.066998,21.50553,0.0,3,true,true,coarse_grid,false,governance.selection=pressure_max_under_constraints;seed=continuation
-0.35,production_hybrid,3c5f6b3c9bd535cff7657364dadb2efc31f2ea48,51.0,0,1.7,318.558763,21.499387,0.0,3,true,true,coarse_grid,false,governance.selection=pressure_max_under_constraints;seed=continuation
-0.35,production_hybrid,3c5f6b3c9bd535cff7657364dadb2efc31f2ea48,51.0,0,1.75,317.245073,21.493877,0.0,3,true,true,coarse_grid,false,governance.selection=pressure_max_under_constraints;seed=continuation
-0.35,production_hybrid,3c5f6b3c9bd535cff7657364dadb2efc31f2ea48,51.0,0,1.8,316.175064,21.489259,0.0,3,true,true,coarse_grid,false,governance.selection=pressure_max_under_constraints;seed=continuation
-0.35,production_hybrid,3c5f6b3c9bd535cff7657364dadb2efc31f2ea48,51.0,0,1.85,315.397788,21.485812,0.0,3,true,true,coarse_grid,false,governance.selection=pressure_max_under_constraints;seed=continuation
-0.35,production_hybrid,3c5f6b3c9bd535cff7657364dadb2efc31f2ea48,51.0,0,1.9,314.954542,21.483794,0.0,3,true,true,coarse_grid,false,governance.selection=pressure_max_under_constraints;seed=continuation
-0.35,production_hybrid,3c5f6b3c9bd535cff7657364dadb2efc31f2ea48,51.0,0,1.95,314.870062,21.483402,0.0,3,true,true,coarse_grid,false,governance.selection=pressure_max_under_constraints;seed=continuation
-0.35,production_hybrid,3c5f6b3c9bd535cff7657364dadb2efc31f2ea48,51.0,0,2.0,315.146202,21.484732,0.0,3,true,true,coarse_grid,false,governance.selection=pressure_max_under_constraints;seed=continuation
-0.35,production_hybrid,3c5f6b3c9bd535cff7657364dadb2efc31f2ea48,51.0,0,2.05,315.761485,21.487766,0.0,3,true,true,coarse_grid,false,governance.selection=pressure_max_under_constraints;seed=continuation
-0.35,production_hybrid,3c5f6b3c9bd535cff7657364dadb2efc31f2ea48,51.0,0,2.1,316.676796,21.492389,0.0,3,true,true,coarse_grid,false,governance.selection=pressure_max_under_constraints;seed=continuation
-0.35,production_hybrid,3c5f6b3c9bd535cff7657364dadb2efc31f2ea48,51.0,0,2.15,317.844147,21.498426,0.0,3,true,true,coarse_grid,false,governance.selection=pressure_max_under_constraints;seed=continuation
-0.35,production_hybrid,3c5f6b3c9bd535cff7657364dadb2efc31f2ea48,51.0,0,2.2,319.214709,21.505679,0.0,3,true,true,coarse_grid,false,governance.selection=pressure_max_under_constraints;seed=continuation
-0.35,production_hybrid,3c5f6b3c9bd535cff7657364dadb2efc31f2ea48,51.0,0,2.25,320.744046,21.513957,0.0,3,true,true,coarse_grid,false,governance.selection=pressure_max_under_constraints;seed=continuation
-0.35,production_hybrid,3c5f6b3c9bd535cff7657364dadb2efc31f2ea48,51.0,0,2.3,322.394457,21.523092,0.0,3,true,true,coarse_grid,false,governance.selection=pressure_max_under_constraints;seed=continuation
-0.35,production_hybrid,3c5f6b3c9bd535cff7657364dadb2efc31f2ea48,51.0,0,2.35,324.135331,21.532938,0.0,3,true,true,coarse_grid,false,governance.selection=pressure_max_under_constraints;seed=continuation
-0.35,production_hybrid,3c5f6b3c9bd535cff7657364dadb2efc31f2ea48,51.0,0,2.4,325.942465,21.543379,0.0,3,true,true,coarse_grid,false,governance.selection=pressure_max_under_constraints;seed=continuation
-0.35,production_hybrid,3c5f6b3c9bd535cff7657364dadb2efc31f2ea48,51.0,0,2.45,327.797013,21.554319,0.0,3,true,true,coarse_grid,false,governance.selection=pressure_max_under_constraints;seed=continuation
-0.35,production_hybrid,3c5f6b3c9bd535cff7657364dadb2efc31f2ea48,51.0,0,2.5,329.684414,21.565682,0.0,3,true,true,coarse_grid,false,governance.selection=pressure_max_under_constraints;seed=continuation
-0.35,production_hybrid,3c5f6b3c9bd535cff7657364dadb2efc31f2ea48,51.0,0,2.55,331.593457,21.577408,0.0,3,true,true,coarse_grid,false,governance.selection=pressure_max_under_constraints;seed=continuation
-0.35,production_hybrid,3c5f6b3c9bd535cff7657364dadb2efc31f2ea48,51.0,0,2.6,333.515509,21.589447,0.0,3,true,true,coarse_grid,false,governance.selection=pressure_max_under_constraints;seed=continuation
-0.35,production_hybrid,3c5f6b3c9bd535cff7657364dadb2efc31f2ea48,51.0,0,2.65,335.443923,21.601761,0.0,3,true,true,coarse_grid,false,governance.selection=pressure_max_under_constraints;seed=continuation
-0.35,production_hybrid,3c5f6b3c9bd535cff7657364dadb2efc31f2ea48,51.0,0,2.7,337.373568,21.614317,0.0,3,true,true,coarse_grid,false,governance.selection=pressure_max_under_constraints;seed=continuation
-0.35,production_hybrid,3c5f6b3c9bd535cff7657364dadb2efc31f2ea48,51.0,0,2.75,339.300479,21.62709,0.0,3,true,true,coarse_grid,false,governance.selection=pressure_max_under_constraints;seed=continuation
-0.35,production_hybrid,3c5f6b3c9bd535cff7657364dadb2efc31f2ea48,51.0,0,2.8,341.221592,21.640058,0.0,3,true,true,coarse_grid,false,governance.selection=pressure_max_under_constraints;seed=continuation
-0.35,production_hybrid,3c5f6b3c9bd535cff7657364dadb2efc31f2ea48,51.0,0,2.85,343.134537,21.653203,0.0,3,true,true,coarse_grid,false,governance.selection=pressure_max_under_constraints;seed=continuation
-0.35,production_hybrid,3c5f6b3c9bd535cff7657364dadb2efc31f2ea48,51.0,0,2.9,345.037483,21.666511,0.0,3,true,true,coarse_grid,false,governance.selection=pressure_max_under_constraints;seed=continuation
-0.35,production_hybrid,3c5f6b3c9bd535cff7657364dadb2efc31f2ea48,51.0,0,2.95,346.929024,21.679969,0.0,3,true,true,coarse_grid,false,governance.selection=pressure_max_under_constraints;seed=continuation
-0.35,production_hybrid,3c5f6b3c9bd535cff7657364dadb2efc31f2ea48,51.0,0,3.0,348.808083,21.693567,0.0,3,true,true,coarse_grid,false,governance.selection=pressure_max_under_constraints;seed=continuation
-0.35,production_hybrid,3c5f6b3c9bd535cff7657364dadb2efc31f2ea48,51.0,0,3.05,350.673846,21.707296,0.0,3,true,true,coarse_grid,false,governance.selection=pressure_max_under_constraints;seed=continuation
-0.35,production_hybrid,3c5f6b3c9bd535cff7657364dadb2efc31f2ea48,51.0,0,3.1,352.525705,21.721148,0.0,3,true,true,coarse_grid,false,governance.selection=pressure_max_under_constraints;seed=continuation
-0.35,production_hybrid,3c5f6b3c9bd535cff7657364dadb2efc31f2ea48,51.0,0,3.15,354.363216,21.735116,0.0,3,true,true,coarse_grid,false,governance.selection=pressure_max_under_constraints;seed=continuation
-0.35,production_hybrid,3c5f6b3c9bd535cff7657364dadb2efc31f2ea48,51.0,0,3.2,356.186067,21.749194,0.0,3,true,true,coarse_grid,false,governance.selection=pressure_max_under_constraints;seed=continuation
-0.35,production_hybrid,3c5f6b3c9bd535cff7657364dadb2efc31f2ea48,51.0,0,3.25,357.994049,21.763377,0.0,3,true,true,coarse_grid,false,governance.selection=pressure_max_under_constraints;seed=continuation
-0.35,production_hybrid,3c5f6b3c9bd535cff7657364dadb2efc31f2ea48,51.0,0,3.3,359.787036,21.777661,0.0,3,true,true,coarse_grid,false,governance.selection=pressure_max_under_constraints;seed=continuation
-0.35,production_hybrid,3c5f6b3c9bd535cff7657364dadb2efc31f2ea48,51.0,0,3.35,361.564971,21.792041,0.0,3,true,true,coarse_grid,false,governance.selection=pressure_max_under_constraints;seed=continuation
-0.35,production_hybrid,3c5f6b3c9bd535cff7657364dadb2efc31f2ea48,51.0,0,3.4,363.327847,21.806513,0.0,3,true,true,coarse_grid,false,governance.selection=pressure_max_under_constraints;seed=continuation
-0.35,production_hybrid,3c5f6b3c9bd535cff7657364dadb2efc31f2ea48,51.0,0,3.45,365.075704,21.821075,0.0,3,true,true,coarse_grid,false,governance.selection=pressure_max_under_constraints;seed=continuation
-0.35,production_hybrid,3c5f6b3c9bd535cff7657364dadb2efc31f2ea48,51.0,0,3.5,366.80861,21.835723,0.0,3,true,true,coarse_grid,false,governance.selection=pressure_max_under_constraints;seed=continuation
-0.35,production_hybrid,3c5f6b3c9bd535cff7657364dadb2efc31f2ea48,51.0,0,3.55,368.526666,21.850455,0.0,3,true,true,coarse_grid,false,governance.selection=pressure_max_under_constraints;seed=continuation
-0.35,production_hybrid,3c5f6b3c9bd535cff7657364dadb2efc31f2ea48,51.0,0,3.6,370.229988,21.865267,0.0,3,true,true,coarse_grid,false,governance.selection=pressure_max_under_constraints;seed=continuation
-0.35,production_hybrid,3c5f6b3c9bd535cff7657364dadb2efc31f2ea48,51.0,0,3.65,371.918712,21.880158,0.0,3,true,true,coarse_grid,false,governance.selection=pressure_max_under_constraints;seed=continuation
-0.35,production_hybrid,3c5f6b3c9bd535cff7657364dadb2efc31f2ea48,51.0,0,3.7,373.592985,21.895125,0.0,3,true,true,coarse_grid,false,governance.selection=pressure_max_under_constraints;seed=continuation
-0.35,production_hybrid,3c5f6b3c9bd535cff7657364dadb2efc31f2ea48,51.0,0,3.75,375.252963,21.910166,0.0,3,true,true,coarse_grid,false,governance.selection=pressure_max_under_constraints;seed=continuation
-0.35,production_hybrid,3c5f6b3c9bd535cff7657364dadb2efc31f2ea48,51.0,0,3.8,376.898811,21.925279,0.0,3,true,true,coarse_grid,false,governance.selection=pressure_max_under_constraints;seed=continuation
-0.35,production_hybrid,3c5f6b3c9bd535cff7657364dadb2efc31f2ea48,51.0,0,3.85,378.530694,21.940463,0.0,3,true,true,coarse_grid,false,governance.selection=pressure_max_under_constraints;seed=continuation
-0.35,production_hybrid,3c5f6b3c9bd535cff7657364dadb2efc31f2ea48,51.0,0,3.9,380.148784,21.955715,0.0,3,true,true,coarse_grid,false,governance.selection=pressure_max_under_constraints;seed=continuation
-0.35,production_hybrid,3c5f6b3c9bd535cff7657364dadb2efc31f2ea48,51.0,0,3.95,381.75325,21.971033,0.0,3,true,true,coarse_grid,false,governance.selection=pressure_max_under_constraints;seed=continuation
-0.35,production_hybrid,3c5f6b3c9bd535cff7657364dadb2efc31f2ea48,51.0,0,4.0,383.344266,21.986417,0.0,4,true,true,coarse_grid,false,governance.selection=pressure_max_under_constraints;seed=continuation
-0.35,production_hybrid,3c5f6b3c9bd535cff7657364dadb2efc31f2ea48,51.0,1,0.025,333.553409,21.609015,0.0,4,true,true,fine_grid,false,governance.selection=pressure_max_under_constraints;seed=continuation
-0.35,production_hybrid,3c5f6b3c9bd535cff7657364dadb2efc31f2ea48,51.0,1,0.075,349.636932,21.610767,0.0,4,true,true,fine_grid,false,governance.selection=pressure_max_under_constraints;seed=continuation
-0.35,production_hybrid,3c5f6b3c9bd535cff7657364dadb2efc31f2ea48,51.0,1,0.125,355.722519,21.612203,0.0,3,true,true,fine_grid,false,governance.selection=pressure_max_under_constraints;seed=continuation
-0.35,production_hybrid,3c5f6b3c9bd535cff7657364dadb2efc31f2ea48,51.0,1,0.175,358.838438,21.61332,0.0,3,true,true,fine_grid,false,governance.selection=pressure_max_under_constraints;seed=continuation
-0.35,production_hybrid,3c5f6b3c9bd535cff7657364dadb2efc31f2ea48,51.0,1,0.225,360.500928,21.614118,0.0,3,true,true,fine_grid,false,governance.selection=pressure_max_under_constraints;seed=continuation
-0.35,production_hybrid,3c5f6b3c9bd535cff7657364dadb2efc31f2ea48,51.0,1,0.275,361.296655,21.614595,0.0,3,true,true,fine_grid,false,governance.selection=pressure_max_under_constraints;seed=continuation
-0.35,production_hybrid,3c5f6b3c9bd535cff7657364dadb2efc31f2ea48,51.0,1,0.325,361.515022,21.61475,0.0,3,true,true,fine_grid,false,governance.selection=pressure_max_under_constraints;seed=continuation
-0.35,production_hybrid,3c5f6b3c9bd535cff7657364dadb2efc31f2ea48,51.0,1,0.375,361.320269,21.61458,0.0,3,true,true,fine_grid,false,governance.selection=pressure_max_under_constraints;seed=continuation
-0.35,production_hybrid,3c5f6b3c9bd535cff7657364dadb2efc31f2ea48,51.0,1,0.425,360.814643,21.614085,0.0,3,true,true,fine_grid,false,governance.selection=pressure_max_under_constraints;seed=continuation
-0.35,production_hybrid,3c5f6b3c9bd535cff7657364dadb2efc31f2ea48,51.0,1,0.475,360.06616,21.613264,0.0,3,true,true,fine_grid,false,governance.selection=pressure_max_under_constraints;seed=continuation
-0.35,production_hybrid,3c5f6b3c9bd535cff7657364dadb2efc31f2ea48,51.0,1,0.525,359.122387,21.612114,0.0,3,true,true,fine_grid,false,governance.selection=pressure_max_under_constraints;seed=continuation
-0.35,production_hybrid,3c5f6b3c9bd535cff7657364dadb2efc31f2ea48,51.0,1,0.575,358.017929,21.610635,0.0,3,true,true,fine_grid,false,governance.selection=pressure_max_under_constraints;seed=continuation
-0.35,production_hybrid,3c5f6b3c9bd535cff7657364dadb2efc31f2ea48,51.0,1,0.625,356.77879,21.608825,0.0,3,true,true,fine_grid,false,governance.selection=pressure_max_under_constraints;seed=continuation
-0.35,production_hybrid,3c5f6b3c9bd535cff7657364dadb2efc31f2ea48,51.0,1,0.675,355.425055,21.606684,0.0,2,true,true,fine_grid,false,governance.selection=pressure_max_under_constraints;seed=continuation
-0.35,production_hybrid,3c5f6b3c9bd535cff7657364dadb2efc31f2ea48,51.0,1,0.725,353.972615,21.60421,0.0,3,true,true,fine_grid,false,governance.selection=pressure_max_under_constraints;seed=continuation
-0.35,production_hybrid,3c5f6b3c9bd535cff7657364dadb2efc31f2ea48,51.0,1,0.775,352.43433,21.601403,0.0,3,true,true,fine_grid,false,governance.selection=pressure_max_under_constraints;seed=continuation
-0.35,production_hybrid,3c5f6b3c9bd535cff7657364dadb2efc31f2ea48,51.0,1,0.825,350.820829,21.598262,0.0,3,true,true,fine_grid,false,governance.selection=pressure_max_under_constraints;seed=continuation
-0.35,production_hybrid,3c5f6b3c9bd535cff7657364dadb2efc31f2ea48,51.0,1,0.875,349.1411,21.594788,0.0,3,true,true,fine_grid,false,governance.selection=pressure_max_under_constraints;seed=continuation
-0.35,production_hybrid,3c5f6b3c9bd535cff7657364dadb2efc31f2ea48,51.0,1,0.925,347.402918,21.590982,0.0,3,true,true,fine_grid,false,governance.selection=pressure_max_under_constraints;seed=continuation
-0.35,production_hybrid,3c5f6b3c9bd535cff7657364dadb2efc31f2ea48,51.0,1,0.975,345.613186,21.586846,0.0,3,true,true,fine_grid,false,governance.selection=pressure_max_under_constraints;seed=continuation
-0.35,production_hybrid,3c5f6b3c9bd535cff7657364dadb2efc31f2ea48,51.0,1,1.025,343.77822,21.582382,0.0,3,true,true,fine_grid,false,governance.selection=pressure_max_under_constraints;seed=continuation
-0.35,production_hybrid,3c5f6b3c9bd535cff7657364dadb2efc31f2ea48,51.0,1,1.075,341.903987,21.577595,0.0,3,true,true,fine_grid,false,governance.selection=pressure_max_under_constraints;seed=continuation
-0.35,production_hybrid,3c5f6b3c9bd535cff7657364dadb2efc31f2ea48,51.0,1,1.125,339.996339,21.57249,0.0,3,true,true,fine_grid,false,governance.selection=pressure_max_under_constraints;seed=continuation
-0.35,production_hybrid,3c5f6b3c9bd535cff7657364dadb2efc31f2ea48,51.0,1,1.175,338.061245,21.567076,0.0,3,true,true,fine_grid,false,governance.selection=pressure_max_under_constraints;seed=continuation
-0.35,production_hybrid,3c5f6b3c9bd535cff7657364dadb2efc31f2ea48,51.0,1,1.225,336.105039,21.561366,0.0,3,true,true,fine_grid,false,governance.selection=pressure_max_under_constraints;seed=continuation
-0.35,production_hybrid,3c5f6b3c9bd535cff7657364dadb2efc31f2ea48,51.0,1,1.275,334.134711,21.555375,0.0,3,true,true,fine_grid,false,governance.selection=pressure_max_under_constraints;seed=continuation
-0.35,production_hybrid,3c5f6b3c9bd535cff7657364dadb2efc31f2ea48,51.0,1,1.325,332.158255,21.549125,0.0,3,true,true,fine_grid,false,governance.selection=pressure_max_under_constraints;seed=continuation
-0.35,production_hybrid,3c5f6b3c9bd535cff7657364dadb2efc31f2ea48,51.0,1,1.375,330.1851,21.542645,0.0,3,true,true,fine_grid,false,governance.selection=pressure_max_under_constraints;seed=continuation
-0.35,production_hybrid,3c5f6b3c9bd535cff7657364dadb2efc31f2ea48,51.0,1,1.425,328.226651,21.535976,0.0,3,true,true,fine_grid,false,governance.selection=pressure_max_under_constraints;seed=continuation
-0.35,production_hybrid,3c5f6b3c9bd535cff7657364dadb2efc31f2ea48,51.0,1,1.475,326.296973,21.52917,0.0,3,true,true,fine_grid,false,governance.selection=pressure_max_under_constraints;seed=continuation
-0.35,production_hybrid,3c5f6b3c9bd535cff7657364dadb2efc31f2ea48,51.0,1,1.525,324.413639,21.522299,0.0,3,true,true,fine_grid,false,governance.selection=pressure_max_under_constraints;seed=continuation
-0.35,production_hybrid,3c5f6b3c9bd535cff7657364dadb2efc31f2ea48,51.0,1,1.575,322.59873,21.515457,0.0,3,true,true,fine_grid,false,governance.selection=pressure_max_under_constraints;seed=continuation
-0.35,production_hybrid,3c5f6b3c9bd535cff7657364dadb2efc31f2ea48,51.0,1,1.625,320.879929,21.508768,0.0,3,true,true,fine_grid,false,governance.selection=pressure_max_under_constraints;seed=continuation
-0.35,production_hybrid,3c5f6b3c9bd535cff7657364dadb2efc31f2ea48,51.0,1,1.675,319.291485,21.502394,0.0,3,true,true,fine_grid,false,governance.selection=pressure_max_under_constraints;seed=continuation
-0.35,production_hybrid,3c5f6b3c9bd535cff7657364dadb2efc31f2ea48,51.0,1,1.725,317.874598,21.496537,0.0,3,true,true,fine_grid,false,governance.selection=pressure_max_under_constraints;seed=continuation
-0.35,production_hybrid,3c5f6b3c9bd535cff7657364dadb2efc31f2ea48,51.0,1,1.775,316.676463,21.491439,0.0,3,true,true,fine_grid,false,governance.selection=pressure_max_under_constraints;seed=continuation
-0.35,production_hybrid,3c5f6b3c9bd535cff7657364dadb2efc31f2ea48,51.0,1,1.825,315.746967,21.487372,0.0,3,true,true,fine_grid,false,governance.selection=pressure_max_under_constraints;seed=continuation
-0.35,production_hybrid,3c5f6b3c9bd535cff7657364dadb2efc31f2ea48,51.0,1,1.875,315.132381,21.48461,0.0,3,true,true,fine_grid,false,governance.selection=pressure_max_under_constraints;seed=continuation
-0.35,production_hybrid,3c5f6b3c9bd535cff7657364dadb2efc31f2ea48,51.0,1,1.925,314.866765,21.483386,0.0,3,true,true,fine_grid,false,governance.selection=pressure_max_under_constraints;seed=continuation
-0.35,production_hybrid,3c5f6b3c9bd535cff7657364dadb2efc31f2ea48,51.0,1,1.975,314.963892,21.48385,0.0,3,true,true,fine_grid,false,governance.selection=pressure_max_under_constraints;seed=continuation
-0.35,production_hybrid,3c5f6b3c9bd535cff7657364dadb2efc31f2ea48,51.0,1,2.025,315.41358,21.486042,0.0,3,true,true,fine_grid,false,governance.selection=pressure_max_under_constraints;seed=continuation
-0.35,production_hybrid,3c5f6b3c9bd535cff7657364dadb2efc31f2ea48,51.0,1,2.075,316.184534,21.489889,0.0,3,true,true,fine_grid,false,governance.selection=pressure_max_under_constraints;seed=continuation
-0.35,production_hybrid,3c5f6b3c9bd535cff7657364dadb2efc31f2ea48,51.0,1,2.125,317.232076,21.495243,0.0,3,true,true,fine_grid,false,governance.selection=pressure_max_under_constraints;seed=continuation
-0.35,production_hybrid,3c5f6b3c9bd535cff7657364dadb2efc31f2ea48,51.0,1,2.175,318.506947,21.501912,0.0,3,true,true,fine_grid,false,governance.selection=pressure_max_under_constraints;seed=continuation
-0.35,production_hybrid,3c5f6b3c9bd535cff7657364dadb2efc31f2ea48,51.0,1,2.225,319.962056,21.509701,0.0,3,true,true,fine_grid,false,governance.selection=pressure_max_under_constraints;seed=continuation
-0.35,production_hybrid,3c5f6b3c9bd535cff7657364dadb2efc31f2ea48,51.0,1,2.275,321.556192,21.518427,0.0,3,true,true,fine_grid,false,governance.selection=pressure_max_under_constraints;seed=continuation
-0.35,production_hybrid,3c5f6b3c9bd535cff7657364dadb2efc31f2ea48,51.0,1,2.325,323.255237,21.527934,0.0,3,true,true,fine_grid,false,governance.selection=pressure_max_under_constraints;seed=continuation
-0.35,production_hybrid,3c5f6b3c9bd535cff7657364dadb2efc31f2ea48,51.0,1,2.375,325.031906,21.538091,0.0,3,true,true,fine_grid,false,governance.selection=pressure_max_under_constraints;seed=continuation
-0.35,production_hybrid,3c5f6b3c9bd535cff7657364dadb2efc31f2ea48,51.0,1,2.425,326.864811,21.548792,0.0,3,true,true,fine_grid,false,governance.selection=pressure_max_under_constraints;seed=continuation
-0.35,production_hybrid,3c5f6b3c9bd535cff7657364dadb2efc31f2ea48,51.0,1,2.475,328.737376,21.559952,0.0,3,true,true,fine_grid,false,governance.selection=pressure_max_under_constraints;seed=continuation
-0.35,production_hybrid,3c5f6b3c9bd535cff7657364dadb2efc31f2ea48,51.0,1,2.525,330.636822,21.571503,0.0,3,true,true,fine_grid,false,governance.selection=pressure_max_under_constraints;seed=continuation
-0.35,production_hybrid,3c5f6b3c9bd535cff7657364dadb2efc31f2ea48,51.0,1,2.575,332.553312,21.583391,0.0,3,true,true,fine_grid,false,governance.selection=pressure_max_under_constraints;seed=continuation
-0.35,production_hybrid,3c5f6b3c9bd535cff7657364dadb2efc31f2ea48,51.0,1,2.625,334.479272,21.595572,0.0,3,true,true,fine_grid,false,governance.selection=pressure_max_under_constraints;seed=continuation
-0.35,production_hybrid,3c5f6b3c9bd535cff7657364dadb2efc31f2ea48,51.0,1,2.675,336.408863,21.60801,0.0,3,true,true,fine_grid,false,governance.selection=pressure_max_under_constraints;seed=continuation
-0.35,production_hybrid,3c5f6b3c9bd535cff7657364dadb2efc31f2ea48,51.0,1,2.725,338.337575,21.620678,0.0,3,true,true,fine_grid,false,governance.selection=pressure_max_under_constraints;seed=continuation
-0.35,production_hybrid,3c5f6b3c9bd535cff7657364dadb2efc31f2ea48,51.0,1,2.775,340.261923,21.63355,0.0,3,true,true,fine_grid,false,governance.selection=pressure_max_under_constraints;seed=continuation
-0.35,production_hybrid,3c5f6b3c9bd535cff7657364dadb2efc31f2ea48,51.0,1,2.825,342.179211,21.646609,0.0,3,true,true,fine_grid,false,governance.selection=pressure_max_under_constraints;seed=continuation
-0.35,production_hybrid,3c5f6b3c9bd535cff7657364dadb2efc31f2ea48,51.0,1,2.875,344.087356,21.659837,0.0,3,true,true,fine_grid,false,governance.selection=pressure_max_under_constraints;seed=continuation
-0.35,production_hybrid,3c5f6b3c9bd535cff7657364dadb2efc31f2ea48,51.0,1,2.925,345.984753,21.673222,0.0,3,true,true,fine_grid,false,governance.selection=pressure_max_under_constraints;seed=continuation
-0.35,production_hybrid,3c5f6b3c9bd535cff7657364dadb2efc31f2ea48,51.0,1,2.975,347.87017,21.686752,0.0,3,true,true,fine_grid,false,governance.selection=pressure_max_under_constraints;seed=continuation
-0.35,production_hybrid,3c5f6b3c9bd535cff7657364dadb2efc31f2ea48,51.0,1,3.025,349.742669,21.700416,0.0,3,true,true,fine_grid,false,governance.selection=pressure_max_under_constraints;seed=continuation
-0.35,production_hybrid,3c5f6b3c9bd535cff7657364dadb2efc31f2ea48,51.0,1,3.075,351.601544,21.714207,0.0,3,true,true,fine_grid,false,governance.selection=pressure_max_under_constraints;seed=continuation
-0.35,production_hybrid,3c5f6b3c9bd535cff7657364dadb2efc31f2ea48,51.0,1,3.125,353.446276,21.728118,0.0,3,true,true,fine_grid,false,governance.selection=pressure_max_under_constraints;seed=continuation
-0.35,production_hybrid,3c5f6b3c9bd535cff7657364dadb2efc31f2ea48,51.0,1,3.175,355.276489,21.742141,0.0,3,true,true,fine_grid,false,governance.selection=pressure_max_under_constraints;seed=continuation
-0.35,production_hybrid,3c5f6b3c9bd535cff7657364dadb2efc31f2ea48,51.0,1,3.225,357.091926,21.756273,0.0,2,true,true,fine_grid,false,governance.selection=pressure_max_under_constraints;seed=continuation
-0.35,production_hybrid,3c5f6b3c9bd535cff7657364dadb2efc31f2ea48,51.0,1,3.275,358.892422,21.770507,0.0,2,true,true,fine_grid,false,governance.selection=pressure_max_under_constraints;seed=continuation
-0.35,production_hybrid,3c5f6b3c9bd535cff7657364dadb2efc31f2ea48,51.0,1,3.325,360.677886,21.784839,0.0,2,true,true,fine_grid,false,governance.selection=pressure_max_under_constraints;seed=continuation
-0.35,production_hybrid,3c5f6b3c9bd535cff7657364dadb2efc31f2ea48,51.0,1,3.375,362.44829,21.799266,0.0,2,true,true,fine_grid,false,governance.selection=pressure_max_under_constraints;seed=continuation
-0.35,production_hybrid,3c5f6b3c9bd535cff7657364dadb2efc31f2ea48,51.0,1,3.425,364.203649,21.813783,0.0,2,true,true,fine_grid,false,governance.selection=pressure_max_under_constraints;seed=continuation
-0.35,production_hybrid,3c5f6b3c9bd535cff7657364dadb2efc31f2ea48,51.0,1,3.475,365.94402,21.828389,0.0,2,true,true,fine_grid,false,governance.selection=pressure_max_under_constraints;seed=continuation
-0.35,production_hybrid,3c5f6b3c9bd535cff7657364dadb2efc31f2ea48,51.0,1,3.525,367.669487,21.843079,0.0,2,true,true,fine_grid,false,governance.selection=pressure_max_under_constraints;seed=continuation
-0.35,production_hybrid,3c5f6b3c9bd535cff7657364dadb2efc31f2ea48,51.0,1,3.575,369.38016,21.857851,0.0,2,true,true,fine_grid,false,governance.selection=pressure_max_under_constraints;seed=continuation
-0.35,production_hybrid,3c5f6b3c9bd535cff7657364dadb2efc31f2ea48,51.0,1,3.625,371.076165,21.872703,0.0,2,true,true,fine_grid,false,governance.selection=pressure_max_under_constraints;seed=continuation
-0.35,production_hybrid,3c5f6b3c9bd535cff7657364dadb2efc31f2ea48,51.0,1,3.675,372.757645,21.887632,0.0,2,true,true,fine_grid,false,governance.selection=pressure_max_under_constraints;seed=continuation
-0.35,production_hybrid,3c5f6b3c9bd535cff7657364dadb2efc31f2ea48,51.0,1,3.725,374.424751,21.902636,0.0,2,true,true,fine_grid,false,governance.selection=pressure_max_under_constraints;seed=continuation
-0.35,production_hybrid,3c5f6b3c9bd535cff7657364dadb2efc31f2ea48,51.0,1,3.775,376.077643,21.917714,0.0,2,true,true,fine_grid,false,governance.selection=pressure_max_under_constraints;seed=continuation
-0.35,production_hybrid,3c5f6b3c9bd535cff7657364dadb2efc31f2ea48,51.0,1,3.825,377.716487,21.932862,0.0,2,true,true,fine_grid,false,governance.selection=pressure_max_under_constraints;seed=continuation
-0.35,production_hybrid,3c5f6b3c9bd535cff7657364dadb2efc31f2ea48,51.0,1,3.875,379.341452,21.94808,0.0,2,true,true,fine_grid,false,governance.selection=pressure_max_under_constraints;seed=continuation
-0.35,production_hybrid,3c5f6b3c9bd535cff7657364dadb2efc31f2ea48,51.0,1,3.925,380.952709,21.963366,0.0,2,true,true,fine_grid,false,governance.selection=pressure_max_under_constraints;seed=continuation
-0.35,production_hybrid,3c5f6b3c9bd535cff7657364dadb2efc31f2ea48,51.0,1,3.975,382.550429,21.978717,0.0,2,true,true,fine_grid,false,governance.selection=pressure_max_under_constraints;seed=continuation
-0.35,production_hybrid,3c5f6b3c9bd535cff7657364dadb2efc31f2ea48,51.0,2,0.0125,322.417271,21.608528,0.0,4,true,true,stage_b_grid,false,governance.selection=pressure_max_under_constraints;seed=continuation
-0.35,production_hybrid,3c5f6b3c9bd535cff7657364dadb2efc31f2ea48,51.0,2,0.0375,339.79861,21.609483,0.0,4,true,true,stage_b_grid,false,governance.selection=pressure_max_under_constraints;seed=continuation
-0.35,production_hybrid,3c5f6b3c9bd535cff7657364dadb2efc31f2ea48,51.0,2,0.0625,347.186205,21.610359,0.0,3,true,true,stage_b_grid,false,governance.selection=pressure_max_under_constraints;seed=continuation
-0.35,production_hybrid,3c5f6b3c9bd535cff7657364dadb2efc31f2ea48,51.0,2,0.0875,351.608407,21.611156,0.0,3,true,true,stage_b_grid,false,governance.selection=pressure_max_under_constraints;seed=continuation
-0.35,production_hybrid,3c5f6b3c9bd535cff7657364dadb2efc31f2ea48,51.0,2,0.1125,354.58153,21.611874,0.0,3,true,true,stage_b_grid,false,governance.selection=pressure_max_under_constraints;seed=continuation
-0.35,production_hybrid,3c5f6b3c9bd535cff7657364dadb2efc31f2ea48,51.0,2,0.1375,356.692299,21.612512,0.0,3,true,true,stage_b_grid,false,governance.selection=pressure_max_under_constraints;seed=continuation
-0.35,production_hybrid,3c5f6b3c9bd535cff7657364dadb2efc31f2ea48,51.0,2,0.1625,358.230165,21.613071,0.0,3,true,true,stage_b_grid,false,governance.selection=pressure_max_under_constraints;seed=continuation
-0.35,production_hybrid,3c5f6b3c9bd535cff7657364dadb2efc31f2ea48,51.0,2,0.1875,359.359395,21.61355,0.0,3,true,true,stage_b_grid,false,governance.selection=pressure_max_under_constraints;seed=continuation
-0.35,production_hybrid,3c5f6b3c9bd535cff7657364dadb2efc31f2ea48,51.0,2,0.2125,360.182241,21.613949,0.0,3,true,true,stage_b_grid,false,governance.selection=pressure_max_under_constraints;seed=continuation
-0.35,production_hybrid,3c5f6b3c9bd535cff7657364dadb2efc31f2ea48,51.0,2,0.2375,360.7667,21.614268,0.0,3,true,true,stage_b_grid,false,governance.selection=pressure_max_under_constraints;seed=continuation
-0.35,production_hybrid,3c5f6b3c9bd535cff7657364dadb2efc31f2ea48,51.0,2,0.2625,361.160282,21.614506,0.0,3,true,true,stage_b_grid,false,governance.selection=pressure_max_under_constraints;seed=continuation
-0.35,production_hybrid,3c5f6b3c9bd535cff7657364dadb2efc31f2ea48,51.0,2,0.2875,361.397499,21.614664,0.0,3,true,true,stage_b_grid,false,governance.selection=pressure_max_under_constraints;seed=continuation
-0.35,production_hybrid,3c5f6b3c9bd535cff7657364dadb2efc31f2ea48,51.0,2,0.3125,361.504211,21.614741,0.0,3,true,true,stage_b_grid,false,governance.selection=pressure_max_under_constraints;seed=continuation
-0.35,production_hybrid,3c5f6b3c9bd535cff7657364dadb2efc31f2ea48,51.0,2,0.3375,361.500297,21.614738,0.0,3,true,true,stage_b_grid,false,governance.selection=pressure_max_under_constraints;seed=continuation
-0.35,production_hybrid,3c5f6b3c9bd535cff7657364dadb2efc31f2ea48,51.0,2,0.3625,361.401365,21.614653,0.0,3,true,true,stage_b_grid,false,governance.selection=pressure_max_under_constraints;seed=continuation
-0.35,production_hybrid,3c5f6b3c9bd535cff7657364dadb2efc31f2ea48,51.0,2,0.3875,361.219902,21.614487,0.0,3,true,true,stage_b_grid,false,governance.selection=pressure_max_under_constraints;seed=continuation
-0.35,production_hybrid,3c5f6b3c9bd535cff7657364dadb2efc31f2ea48,51.0,2,0.4125,360.966049,21.61424,0.0,3,true,true,stage_b_grid,false,governance.selection=pressure_max_under_constraints;seed=continuation
-0.35,production_hybrid,3c5f6b3c9bd535cff7657364dadb2efc31f2ea48,51.0,2,0.4375,360.648156,21.613911,0.0,3,true,true,stage_b_grid,false,governance.selection=pressure_max_under_constraints;seed=continuation
-0.35,production_hybrid,3c5f6b3c9bd535cff7657364dadb2efc31f2ea48,51.0,2,0.4625,360.273183,21.6135,0.0,3,true,true,stage_b_grid,false,governance.selection=pressure_max_under_constraints;seed=continuation
-0.35,production_hybrid,3c5f6b3c9bd535cff7657364dadb2efc31f2ea48,51.0,2,0.4875,359.846994,21.613007,0.0,3,true,true,stage_b_grid,false,governance.selection=pressure_max_under_constraints;seed=continuation
-0.35,production_hybrid,3c5f6b3c9bd535cff7657364dadb2efc31f2ea48,51.0,2,0.5125,359.374573,21.612433,0.0,3,true,true,stage_b_grid,false,governance.selection=pressure_max_under_constraints;seed=continuation
-0.35,production_hybrid,3c5f6b3c9bd535cff7657364dadb2efc31f2ea48,51.0,2,0.5375,358.860199,21.611775,0.0,2,true,true,stage_b_grid,false,governance.selection=pressure_max_under_constraints;seed=continuation
-0.35,production_hybrid,3c5f6b3c9bd535cff7657364dadb2efc31f2ea48,51.0,2,0.5625,358.307568,21.611036,0.0,2,true,true,stage_b_grid,false,governance.selection=pressure_max_under_constraints;seed=continuation
-0.35,production_hybrid,3c5f6b3c9bd535cff7657364dadb2efc31f2ea48,51.0,2,0.5875,357.719901,21.610214,0.0,2,true,true,stage_b_grid,false,governance.selection=pressure_max_under_constraints;seed=continuation
-0.35,production_hybrid,3c5f6b3c9bd535cff7657364dadb2efc31f2ea48,51.0,2,0.6125,357.10002,21.609309,0.0,2,true,true,stage_b_grid,false,governance.selection=pressure_max_under_constraints;seed=continuation
-0.35,production_hybrid,3c5f6b3c9bd535cff7657364dadb2efc31f2ea48,51.0,2,0.6375,356.450418,21.608321,0.0,2,true,true,stage_b_grid,false,governance.selection=pressure_max_under_constraints;seed=continuation
-0.35,production_hybrid,3c5f6b3c9bd535cff7657364dadb2efc31f2ea48,51.0,2,0.6625,355.773304,21.60725,0.0,2,true,true,stage_b_grid,false,governance.selection=pressure_max_under_constraints;seed=continuation
-0.35,production_hybrid,3c5f6b3c9bd535cff7657364dadb2efc31f2ea48,51.0,2,0.6875,355.070652,21.606097,0.0,2,true,true,stage_b_grid,false,governance.selection=pressure_max_under_constraints;seed=continuation
-0.35,production_hybrid,3c5f6b3c9bd535cff7657364dadb2efc31f2ea48,51.0,2,0.7125,354.344232,21.60486,0.0,2,true,true,stage_b_grid,false,governance.selection=pressure_max_under_constraints;seed=continuation
-0.35,production_hybrid,3c5f6b3c9bd535cff7657364dadb2efc31f2ea48,51.0,2,0.7375,353.595644,21.603539,0.0,2,true,true,stage_b_grid,false,governance.selection=pressure_max_under_constraints;seed=continuation
-0.35,production_hybrid,3c5f6b3c9bd535cff7657364dadb2efc31f2ea48,51.0,2,0.7625,352.826336,21.602136,0.0,2,true,true,stage_b_grid,false,governance.selection=pressure_max_under_constraints;seed=continuation
-0.35,production_hybrid,3c5f6b3c9bd535cff7657364dadb2efc31f2ea48,51.0,2,0.7875,352.03763,21.600649,0.0,2,true,true,stage_b_grid,false,governance.selection=pressure_max_under_constraints;seed=continuation
-0.35,production_hybrid,3c5f6b3c9bd535cff7657364dadb2efc31f2ea48,51.0,2,0.8125,351.230741,21.599078,0.0,2,true,true,stage_b_grid,false,governance.selection=pressure_max_under_constraints;seed=continuation
-0.35,production_hybrid,3c5f6b3c9bd535cff7657364dadb2efc31f2ea48,51.0,2,0.8375,350.406785,21.597425,0.0,2,true,true,stage_b_grid,false,governance.selection=pressure_max_under_constraints;seed=continuation
-0.35,production_hybrid,3c5f6b3c9bd535cff7657364dadb2efc31f2ea48,51.0,2,0.8625,349.566799,21.595688,0.0,2,true,true,stage_b_grid,false,governance.selection=pressure_max_under_constraints;seed=continuation
-0.35,production_hybrid,3c5f6b3c9bd535cff7657364dadb2efc31f2ea48,51.0,2,0.8875,348.711753,21.593868,0.0,2,true,true,stage_b_grid,false,governance.selection=pressure_max_under_constraints;seed=continuation
-0.35,production_hybrid,3c5f6b3c9bd535cff7657364dadb2efc31f2ea48,51.0,2,0.9125,347.842554,21.591965,0.0,2,true,true,stage_b_grid,false,governance.selection=pressure_max_under_constraints;seed=continuation
-0.35,production_hybrid,3c5f6b3c9bd535cff7657364dadb2efc31f2ea48,51.0,2,0.9375,346.960063,21.589979,0.0,2,true,true,stage_b_grid,false,governance.selection=pressure_max_under_constraints;seed=continuation
-0.35,production_hybrid,3c5f6b3c9bd535cff7657364dadb2efc31f2ea48,51.0,2,0.9625,346.065099,21.587911,0.0,2,true,true,stage_b_grid,false,governance.selection=pressure_max_under_constraints;seed=continuation
-0.35,production_hybrid,3c5f6b3c9bd535cff7657364dadb2efc31f2ea48,51.0,2,0.9875,345.158448,21.585761,0.0,2,true,true,stage_b_grid,false,governance.selection=pressure_max_under_constraints;seed=continuation
-0.35,production_hybrid,3c5f6b3c9bd535cff7657364dadb2efc31f2ea48,51.0,2,1.0125,344.240872,21.583529,0.0,2,true,true,stage_b_grid,false,governance.selection=pressure_max_under_constraints;seed=continuation
-0.35,production_hybrid,3c5f6b3c9bd535cff7657364dadb2efc31f2ea48,51.0,2,1.0375,343.313114,21.581215,0.0,2,true,true,stage_b_grid,false,governance.selection=pressure_max_under_constraints;seed=continuation
-0.35,production_hybrid,3c5f6b3c9bd535cff7657364dadb2efc31f2ea48,51.0,2,1.0625,342.375906,21.578821,0.0,2,true,true,stage_b_grid,false,governance.selection=pressure_max_under_constraints;seed=continuation
-0.35,production_hybrid,3c5f6b3c9bd535cff7657364dadb2efc31f2ea48,51.0,2,1.0875,341.429978,21.576348,0.0,2,true,true,stage_b_grid,false,governance.selection=pressure_max_under_constraints;seed=continuation
-0.35,production_hybrid,3c5f6b3c9bd535cff7657364dadb2efc31f2ea48,51.0,2,1.1125,340.476062,21.573795,0.0,2,true,true,stage_b_grid,false,governance.selection=pressure_max_under_constraints;seed=continuation
-0.35,production_hybrid,3c5f6b3c9bd535cff7657364dadb2efc31f2ea48,51.0,2,1.1375,339.5149,21.571165,0.0,2,true,true,stage_b_grid,false,governance.selection=pressure_max_under_constraints;seed=continuation
-0.35,production_hybrid,3c5f6b3c9bd535cff7657364dadb2efc31f2ea48,51.0,2,1.1625,338.547254,21.568458,0.0,2,true,true,stage_b_grid,false,governance.selection=pressure_max_under_constraints;seed=continuation
-0.35,production_hybrid,3c5f6b3c9bd535cff7657364dadb2efc31f2ea48,51.0,2,1.1875,337.573913,21.565676,0.0,2,true,true,stage_b_grid,false,governance.selection=pressure_max_under_constraints;seed=continuation
-0.35,production_hybrid,3c5f6b3c9bd535cff7657364dadb2efc31f2ea48,51.0,2,1.2125,336.595701,21.562821,0.0,2,true,true,stage_b_grid,false,governance.selection=pressure_max_under_constraints;seed=continuation
-0.35,production_hybrid,3c5f6b3c9bd535cff7657364dadb2efc31f2ea48,51.0,2,1.2375,335.613488,21.559894,0.0,2,true,true,stage_b_grid,false,governance.selection=pressure_max_under_constraints;seed=continuation
-0.35,production_hybrid,3c5f6b3c9bd535cff7657364dadb2efc31f2ea48,51.0,2,1.2625,334.6282,21.556898,0.0,2,true,true,stage_b_grid,false,governance.selection=pressure_max_under_constraints;seed=continuation
-0.35,production_hybrid,3c5f6b3c9bd535cff7657364dadb2efc31f2ea48,51.0,2,1.2875,333.640831,21.553836,0.0,2,true,true,stage_b_grid,false,governance.selection=pressure_max_under_constraints;seed=continuation
-0.35,production_hybrid,3c5f6b3c9bd535cff7657364dadb2efc31f2ea48,51.0,2,1.3125,332.652457,21.55071,0.0,2,true,true,stage_b_grid,false,governance.selection=pressure_max_under_constraints;seed=continuation
-0.35,production_hybrid,3c5f6b3c9bd535cff7657364dadb2efc31f2ea48,51.0,2,1.3375,331.66425,21.547525,0.0,2,true,true,stage_b_grid,false,governance.selection=pressure_max_under_constraints;seed=continuation
-0.35,production_hybrid,3c5f6b3c9bd535cff7657364dadb2efc31f2ea48,51.0,2,1.3625,330.677495,21.544285,0.0,2,true,true,stage_b_grid,false,governance.selection=pressure_max_under_constraints;seed=continuation
-0.35,production_hybrid,3c5f6b3c9bd535cff7657364dadb2efc31f2ea48,51.0,2,1.3875,329.693611,21.540994,0.0,2,true,true,stage_b_grid,false,governance.selection=pressure_max_under_constraints;seed=continuation
-0.35,production_hybrid,3c5f6b3c9bd535cff7657364dadb2efc31f2ea48,51.0,2,1.4125,328.714168,21.537658,0.0,2,true,true,stage_b_grid,false,governance.selection=pressure_max_under_constraints;seed=continuation
-0.35,production_hybrid,3c5f6b3c9bd535cff7657364dadb2efc31f2ea48,51.0,2,1.4375,327.740915,21.534285,0.0,2,true,true,stage_b_grid,false,governance.selection=pressure_max_under_constraints;seed=continuation
-0.35,production_hybrid,3c5f6b3c9bd535cff7657364dadb2efc31f2ea48,51.0,2,1.4625,326.775803,21.530881,0.0,2,true,true,stage_b_grid,false,governance.selection=pressure_max_under_constraints;seed=continuation
-0.35,production_hybrid,3c5f6b3c9bd535cff7657364dadb2efc31f2ea48,51.0,2,1.4875,325.821017,21.527455,0.0,2,true,true,stage_b_grid,false,governance.selection=pressure_max_under_constraints;seed=continuation
-0.35,production_hybrid,3c5f6b3c9bd535cff7657364dadb2efc31f2ea48,51.0,2,1.5125,324.879007,21.524018,0.0,2,true,true,stage_b_grid,false,governance.selection=pressure_max_under_constraints;seed=continuation
-0.35,production_hybrid,3c5f6b3c9bd535cff7657364dadb2efc31f2ea48,51.0,2,1.5375,323.952519,21.520581,0.0,2,true,true,stage_b_grid,false,governance.selection=pressure_max_under_constraints;seed=continuation
-0.35,production_hybrid,3c5f6b3c9bd535cff7657364dadb2efc31f2ea48,51.0,2,1.5625,323.044634,21.517158,0.0,2,true,true,stage_b_grid,false,governance.selection=pressure_max_under_constraints;seed=continuation
-0.35,production_hybrid,3c5f6b3c9bd535cff7657364dadb2efc31f2ea48,51.0,2,1.5875,322.158799,21.513765,0.0,2,true,true,stage_b_grid,false,governance.selection=pressure_max_under_constraints;seed=continuation
-0.35,production_hybrid,3c5f6b3c9bd535cff7657364dadb2efc31f2ea48,51.0,2,1.6125,321.298865,21.510418,0.0,3,true,true,stage_b_grid,false,governance.selection=pressure_max_under_constraints;seed=continuation
-0.35,production_hybrid,3c5f6b3c9bd535cff7657364dadb2efc31f2ea48,51.0,2,1.6375,320.469105,21.507138,0.0,3,true,true,stage_b_grid,false,governance.selection=pressure_max_under_constraints;seed=continuation
-0.35,production_hybrid,3c5f6b3c9bd535cff7657364dadb2efc31f2ea48,51.0,2,1.6625,319.674238,21.503948,0.0,3,true,true,stage_b_grid,false,governance.selection=pressure_max_under_constraints;seed=continuation
-0.35,production_hybrid,3c5f6b3c9bd535cff7657364dadb2efc31f2ea48,51.0,2,1.6875,318.919423,21.500873,0.0,3,true,true,stage_b_grid,false,governance.selection=pressure_max_under_constraints;seed=continuation
-0.35,production_hybrid,3c5f6b3c9bd535cff7657364dadb2efc31f2ea48,51.0,2,1.7125,318.210237,21.49794,0.0,3,true,true,stage_b_grid,false,governance.selection=pressure_max_under_constraints;seed=continuation
-0.35,production_hybrid,3c5f6b3c9bd535cff7657364dadb2efc31f2ea48,51.0,2,1.7375,317.552616,21.495181,0.0,3,true,true,stage_b_grid,false,governance.selection=pressure_max_under_constraints;seed=continuation
-0.35,production_hybrid,3c5f6b3c9bd535cff7657364dadb2efc31f2ea48,51.0,2,1.7625,316.952759,21.492628,0.0,3,true,true,stage_b_grid,false,governance.selection=pressure_max_under_constraints;seed=continuation
-0.35,production_hybrid,3c5f6b3c9bd535cff7657364dadb2efc31f2ea48,51.0,2,1.7875,316.416974,21.490315,0.0,3,true,true,stage_b_grid,false,governance.selection=pressure_max_under_constraints;seed=continuation
-0.35,production_hybrid,3c5f6b3c9bd535cff7657364dadb2efc31f2ea48,51.0,2,1.8125,315.951487,21.488277,0.0,3,true,true,stage_b_grid,false,governance.selection=pressure_max_under_constraints;seed=continuation
-0.35,production_hybrid,3c5f6b3c9bd535cff7657364dadb2efc31f2ea48,51.0,2,1.8375,315.562188,21.486549,0.0,3,true,true,stage_b_grid,false,governance.selection=pressure_max_under_constraints;seed=continuation
-0.35,production_hybrid,3c5f6b3c9bd535cff7657364dadb2efc31f2ea48,51.0,2,1.8625,315.254348,21.485164,0.0,3,true,true,stage_b_grid,false,governance.selection=pressure_max_under_constraints;seed=continuation
-0.35,production_hybrid,3c5f6b3c9bd535cff7657364dadb2efc31f2ea48,51.0,2,1.8875,315.032327,21.484152,0.0,3,true,true,stage_b_grid,false,governance.selection=pressure_max_under_constraints;seed=continuation
-0.35,production_hybrid,3c5f6b3c9bd535cff7657364dadb2efc31f2ea48,51.0,2,1.9125,314.899297,21.483538,0.0,3,true,true,stage_b_grid,false,governance.selection=pressure_max_under_constraints;seed=continuation
-0.35,production_hybrid,3c5f6b3c9bd535cff7657364dadb2efc31f2ea48,51.0,2,1.9375,314.857027,21.48334,0.0,3,true,true,stage_b_grid,false,governance.selection=pressure_max_under_constraints;seed=continuation
-0.35,production_hybrid,3c5f6b3c9bd535cff7657364dadb2efc31f2ea48,51.0,2,1.9625,314.905754,21.483572,0.0,3,true,true,stage_b_grid,false,governance.selection=pressure_max_under_constraints;seed=continuation
-0.35,production_hybrid,3c5f6b3c9bd535cff7657364dadb2efc31f2ea48,51.0,2,1.9875,315.044171,21.484237,0.0,3,true,true,stage_b_grid,false,governance.selection=pressure_max_under_constraints;seed=continuation
-0.35,production_hybrid,3c5f6b3c9bd535cff7657364dadb2efc31f2ea48,51.0,2,2.0125,315.269518,21.485334,0.0,3,true,true,stage_b_grid,false,governance.selection=pressure_max_under_constraints;seed=continuation
-0.35,production_hybrid,3c5f6b3c9bd535cff7657364dadb2efc31f2ea48,51.0,2,2.0375,315.577787,21.486853,0.0,3,true,true,stage_b_grid,false,governance.selection=pressure_max_under_constraints;seed=continuation
-0.35,production_hybrid,3c5f6b3c9bd535cff7657364dadb2efc31f2ea48,51.0,2,2.0625,315.963977,21.488779,0.0,3,true,true,stage_b_grid,false,governance.selection=pressure_max_under_constraints;seed=continuation
-0.35,production_hybrid,3c5f6b3c9bd535cff7657364dadb2efc31f2ea48,51.0,2,2.0875,316.422397,21.491093,0.0,3,true,true,stage_b_grid,false,governance.selection=pressure_max_under_constraints;seed=continuation
-0.35,production_hybrid,3c5f6b3c9bd535cff7657364dadb2efc31f2ea48,51.0,2,2.1125,316.94695,21.493773,0.0,3,true,true,stage_b_grid,false,governance.selection=pressure_max_under_constraints;seed=continuation
-0.35,production_hybrid,3c5f6b3c9bd535cff7657364dadb2efc31f2ea48,51.0,2,2.1375,317.531397,21.496795,0.0,3,true,true,stage_b_grid,false,governance.selection=pressure_max_under_constraints;seed=continuation
-0.35,production_hybrid,3c5f6b3c9bd535cff7657364dadb2efc31f2ea48,51.0,2,2.1625,318.169575,21.500133,0.0,3,true,true,stage_b_grid,false,governance.selection=pressure_max_under_constraints;seed=continuation
-0.35,production_hybrid,3c5f6b3c9bd535cff7657364dadb2efc31f2ea48,51.0,2,2.1875,318.855554,21.503762,0.0,3,true,true,stage_b_grid,false,governance.selection=pressure_max_under_constraints;seed=continuation
-0.35,production_hybrid,3c5f6b3c9bd535cff7657364dadb2efc31f2ea48,51.0,2,2.2125,319.583754,21.507659,0.0,3,true,true,stage_b_grid,false,governance.selection=pressure_max_under_constraints;seed=continuation
-0.35,production_hybrid,3c5f6b3c9bd535cff7657364dadb2efc31f2ea48,51.0,2,2.2375,320.349012,21.511801,0.0,3,true,true,stage_b_grid,false,governance.selection=pressure_max_under_constraints;seed=continuation
-0.35,production_hybrid,3c5f6b3c9bd535cff7657364dadb2efc31f2ea48,51.0,2,2.2625,321.146612,21.516167,0.0,3,true,true,stage_b_grid,false,governance.selection=pressure_max_under_constraints;seed=continuation
-0.35,production_hybrid,3c5f6b3c9bd535cff7657364dadb2efc31f2ea48,51.0,2,2.2875,321.972294,21.520736,0.0,3,true,true,stage_b_grid,false,governance.selection=pressure_max_under_constraints;seed=continuation
-0.35,production_hybrid,3c5f6b3c9bd535cff7657364dadb2efc31f2ea48,51.0,2,2.3125,322.822242,21.525492,0.0,3,true,true,stage_b_grid,false,governance.selection=pressure_max_under_constraints;seed=continuation
-0.35,production_hybrid,3c5f6b3c9bd535cff7657364dadb2efc31f2ea48,51.0,2,2.3375,323.693055,21.530417,0.0,3,true,true,stage_b_grid,false,governance.selection=pressure_max_under_constraints;seed=continuation
-0.35,production_hybrid,3c5f6b3c9bd535cff7657364dadb2efc31f2ea48,51.0,2,2.3625,324.581721,21.535497,0.0,3,true,true,stage_b_grid,false,governance.selection=pressure_max_under_constraints;seed=continuation
-0.35,production_hybrid,3c5f6b3c9bd535cff7657364dadb2efc31f2ea48,51.0,2,2.3875,325.485581,21.540719,0.0,3,true,true,stage_b_grid,false,governance.selection=pressure_max_under_constraints;seed=continuation
-0.35,production_hybrid,3c5f6b3c9bd535cff7657364dadb2efc31f2ea48,51.0,2,2.4125,326.402291,21.54607,0.0,3,true,true,stage_b_grid,false,governance.selection=pressure_max_under_constraints;seed=continuation
-0.35,production_hybrid,3c5f6b3c9bd535cff7657364dadb2efc31f2ea48,51.0,2,2.4375,327.329791,21.551542,0.0,3,true,true,stage_b_grid,false,governance.selection=pressure_max_under_constraints;seed=continuation
-0.35,production_hybrid,3c5f6b3c9bd535cff7657364dadb2efc31f2ea48,51.0,2,2.4625,328.266272,21.557123,0.0,3,true,true,stage_b_grid,false,governance.selection=pressure_max_under_constraints;seed=continuation
-0.35,production_hybrid,3c5f6b3c9bd535cff7657364dadb2efc31f2ea48,51.0,2,2.4875,329.210146,21.562805,0.0,3,true,true,stage_b_grid,false,governance.selection=pressure_max_under_constraints;seed=continuation
-0.35,production_hybrid,3c5f6b3c9bd535cff7657364dadb2efc31f2ea48,51.0,2,2.5125,330.160022,21.568582,0.0,3,true,true,stage_b_grid,false,governance.selection=pressure_max_under_constraints;seed=continuation
-0.35,production_hybrid,3c5f6b3c9bd535cff7657364dadb2efc31f2ea48,51.0,2,2.5375,331.114677,21.574445,0.0,3,true,true,stage_b_grid,false,governance.selection=pressure_max_under_constraints;seed=continuation
-0.35,production_hybrid,3c5f6b3c9bd535cff7657364dadb2efc31f2ea48,51.0,2,2.5625,332.07304,21.58039,0.0,3,true,true,stage_b_grid,false,governance.selection=pressure_max_under_constraints;seed=continuation
-0.35,production_hybrid,3c5f6b3c9bd535cff7657364dadb2efc31f2ea48,51.0,2,2.5875,333.034169,21.58641,0.0,3,true,true,stage_b_grid,false,governance.selection=pressure_max_under_constraints;seed=continuation
-0.35,production_hybrid,3c5f6b3c9bd535cff7657364dadb2efc31f2ea48,51.0,2,2.6125,333.997239,21.592501,0.0,3,true,true,stage_b_grid,false,governance.selection=pressure_max_under_constraints;seed=continuation
-0.35,production_hybrid,3c5f6b3c9bd535cff7657364dadb2efc31f2ea48,51.0,2,2.6375,334.961526,21.598659,0.0,2,true,true,stage_b_grid,false,governance.selection=pressure_max_under_constraints;seed=continuation
-0.35,production_hybrid,3c5f6b3c9bd535cff7657364dadb2efc31f2ea48,51.0,2,2.6625,335.926391,21.604878,0.0,2,true,true,stage_b_grid,false,governance.selection=pressure_max_under_constraints;seed=continuation
-0.35,production_hybrid,3c5f6b3c9bd535cff7657364dadb2efc31f2ea48,51.0,2,2.6875,336.891275,21.611157,0.0,2,true,true,stage_b_grid,false,governance.selection=pressure_max_under_constraints;seed=continuation
-0.35,production_hybrid,3c5f6b3c9bd535cff7657364dadb2efc31f2ea48,51.0,2,2.7125,337.855685,21.617491,0.0,2,true,true,stage_b_grid,false,governance.selection=pressure_max_under_constraints;seed=continuation
-0.35,production_hybrid,3c5f6b3c9bd535cff7657364dadb2efc31f2ea48,51.0,2,2.7375,338.819188,21.623877,0.0,2,true,true,stage_b_grid,false,governance.selection=pressure_max_under_constraints;seed=continuation
-0.35,production_hybrid,3c5f6b3c9bd535cff7657364dadb2efc31f2ea48,51.0,2,2.7625,339.781404,21.630314,0.0,2,true,true,stage_b_grid,false,governance.selection=pressure_max_under_constraints;seed=continuation
-0.35,production_hybrid,3c5f6b3c9bd535cff7657364dadb2efc31f2ea48,51.0,2,2.7875,340.741998,21.636798,0.0,2,true,true,stage_b_grid,false,governance.selection=pressure_max_under_constraints;seed=continuation
-0.35,production_hybrid,3c5f6b3c9bd535cff7657364dadb2efc31f2ea48,51.0,2,2.8125,341.700674,21.643328,0.0,2,true,true,stage_b_grid,false,governance.selection=pressure_max_under_constraints;seed=continuation
-0.35,production_hybrid,3c5f6b3c9bd535cff7657364dadb2efc31f2ea48,51.0,2,2.8375,342.657175,21.649901,0.0,2,true,true,stage_b_grid,false,governance.selection=pressure_max_under_constraints;seed=continuation
-0.35,production_hybrid,3c5f6b3c9bd535cff7657364dadb2efc31f2ea48,51.0,2,2.8625,343.611272,21.656515,0.0,2,true,true,stage_b_grid,false,governance.selection=pressure_max_under_constraints;seed=continuation
-0.35,production_hybrid,3c5f6b3c9bd535cff7657364dadb2efc31f2ea48,51.0,2,2.8875,344.562767,21.663169,0.0,2,true,true,stage_b_grid,false,governance.selection=pressure_max_under_constraints;seed=continuation
-0.35,production_hybrid,3c5f6b3c9bd535cff7657364dadb2efc31f2ea48,51.0,2,2.9125,345.511485,21.669862,0.0,2,true,true,stage_b_grid,false,governance.selection=pressure_max_under_constraints;seed=continuation
-0.35,production_hybrid,3c5f6b3c9bd535cff7657364dadb2efc31f2ea48,51.0,2,2.9375,346.457272,21.676591,0.0,2,true,true,stage_b_grid,false,governance.selection=pressure_max_under_constraints;seed=continuation
-0.35,production_hybrid,3c5f6b3c9bd535cff7657364dadb2efc31f2ea48,51.0,2,2.9625,347.399994,21.683356,0.0,2,true,true,stage_b_grid,false,governance.selection=pressure_max_under_constraints;seed=continuation
-0.35,production_hybrid,3c5f6b3c9bd535cff7657364dadb2efc31f2ea48,51.0,2,2.9875,348.339537,21.690155,0.0,2,true,true,stage_b_grid,false,governance.selection=pressure_max_under_constraints;seed=continuation
-0.35,production_hybrid,3c5f6b3c9bd535cff7657364dadb2efc31f2ea48,51.0,2,3.0125,349.275797,21.696988,0.0,2,true,true,stage_b_grid,false,governance.selection=pressure_max_under_constraints;seed=continuation
-0.35,production_hybrid,3c5f6b3c9bd535cff7657364dadb2efc31f2ea48,51.0,2,3.0375,350.208688,21.703852,0.0,2,true,true,stage_b_grid,false,governance.selection=pressure_max_under_constraints;seed=continuation
-0.35,production_hybrid,3c5f6b3c9bd535cff7657364dadb2efc31f2ea48,51.0,2,3.0625,351.138134,21.710748,0.0,2,true,true,stage_b_grid,false,governance.selection=pressure_max_under_constraints;seed=continuation
-0.35,production_hybrid,3c5f6b3c9bd535cff7657364dadb2efc31f2ea48,51.0,2,3.0875,352.06407,21.717674,0.0,2,true,true,stage_b_grid,false,governance.selection=pressure_max_under_constraints;seed=continuation
-0.35,production_hybrid,3c5f6b3c9bd535cff7657364dadb2efc31f2ea48,51.0,2,3.1125,352.986442,21.724629,0.0,2,true,true,stage_b_grid,false,governance.selection=pressure_max_under_constraints;seed=continuation
-0.35,production_hybrid,3c5f6b3c9bd535cff7657364dadb2efc31f2ea48,51.0,2,3.1375,353.905202,21.731613,0.0,2,true,true,stage_b_grid,false,governance.selection=pressure_max_under_constraints;seed=continuation
-0.35,production_hybrid,3c5f6b3c9bd535cff7657364dadb2efc31f2ea48,51.0,2,3.1625,354.820313,21.738625,0.0,2,true,true,stage_b_grid,false,governance.selection=pressure_max_under_constraints;seed=continuation
-0.35,production_hybrid,3c5f6b3c9bd535cff7657364dadb2efc31f2ea48,51.0,2,3.1875,355.731742,21.745664,0.0,2,true,true,stage_b_grid,false,governance.selection=pressure_max_under_constraints;seed=continuation
-0.35,production_hybrid,3c5f6b3c9bd535cff7657364dadb2efc31f2ea48,51.0,2,3.2125,356.639462,21.75273,0.0,2,true,true,stage_b_grid,false,governance.selection=pressure_max_under_constraints;seed=continuation
-0.35,production_hybrid,3c5f6b3c9bd535cff7657364dadb2efc31f2ea48,51.0,2,3.2375,357.543455,21.759822,0.0,2,true,true,stage_b_grid,false,governance.selection=pressure_max_under_constraints;seed=continuation
-0.35,production_hybrid,3c5f6b3c9bd535cff7657364dadb2efc31f2ea48,51.0,2,3.2625,358.443704,21.766939,0.0,2,true,true,stage_b_grid,false,governance.selection=pressure_max_under_constraints;seed=continuation
-0.35,production_hybrid,3c5f6b3c9bd535cff7657364dadb2efc31f2ea48,51.0,2,3.2875,359.340199,21.774081,0.0,2,true,true,stage_b_grid,false,governance.selection=pressure_max_under_constraints;seed=continuation
-0.35,production_hybrid,3c5f6b3c9bd535cff7657364dadb2efc31f2ea48,51.0,2,3.3125,360.232932,21.781247,0.0,2,true,true,stage_b_grid,false,governance.selection=pressure_max_under_constraints;seed=continuation
-0.35,production_hybrid,3c5f6b3c9bd535cff7657364dadb2efc31f2ea48,51.0,2,3.3375,361.121899,21.788437,0.0,2,true,true,stage_b_grid,false,governance.selection=pressure_max_under_constraints;seed=continuation
-0.35,production_hybrid,3c5f6b3c9bd535cff7657364dadb2efc31f2ea48,51.0,2,3.3625,362.007101,21.79565,0.0,2,true,true,stage_b_grid,false,governance.selection=pressure_max_under_constraints;seed=continuation
-0.35,production_hybrid,3c5f6b3c9bd535cff7657364dadb2efc31f2ea48,51.0,2,3.3875,362.888539,21.802887,0.0,2,true,true,stage_b_grid,false,governance.selection=pressure_max_under_constraints;seed=continuation
-0.35,production_hybrid,3c5f6b3c9bd535cff7657364dadb2efc31f2ea48,51.0,2,3.4125,363.766217,21.810146,0.0,2,true,true,stage_b_grid,false,governance.selection=pressure_max_under_constraints;seed=continuation
-0.35,production_hybrid,3c5f6b3c9bd535cff7657364dadb2efc31f2ea48,51.0,2,3.4375,364.640144,21.817426,0.0,2,true,true,stage_b_grid,false,governance.selection=pressure_max_under_constraints;seed=continuation
-0.35,production_hybrid,3c5f6b3c9bd535cff7657364dadb2efc31f2ea48,51.0,2,3.4625,365.510329,21.824729,0.0,2,true,true,stage_b_grid,false,governance.selection=pressure_max_under_constraints;seed=continuation
-0.35,production_hybrid,3c5f6b3c9bd535cff7657364dadb2efc31f2ea48,51.0,2,3.4875,366.37678,21.832053,0.0,2,true,true,stage_b_grid,false,governance.selection=pressure_max_under_constraints;seed=continuation
-0.35,production_hybrid,3c5f6b3c9bd535cff7657364dadb2efc31f2ea48,51.0,2,3.5125,367.239512,21.839398,0.0,2,true,true,stage_b_grid,false,governance.selection=pressure_max_under_constraints;seed=continuation
-0.35,production_hybrid,3c5f6b3c9bd535cff7657364dadb2efc31f2ea48,51.0,2,3.5375,368.098538,21.846764,0.0,2,true,true,stage_b_grid,false,governance.selection=pressure_max_under_constraints;seed=continuation
-0.35,production_hybrid,3c5f6b3c9bd535cff7657364dadb2efc31f2ea48,51.0,2,3.5625,368.953872,21.85415,0.0,2,true,true,stage_b_grid,false,governance.selection=pressure_max_under_constraints;seed=continuation
-0.35,production_hybrid,3c5f6b3c9bd535cff7657364dadb2efc31f2ea48,51.0,2,3.5875,369.805531,21.861556,0.0,2,true,true,stage_b_grid,false,governance.selection=pressure_max_under_constraints;seed=continuation
-0.35,production_hybrid,3c5f6b3c9bd535cff7657364dadb2efc31f2ea48,51.0,2,3.6125,370.653532,21.868982,0.0,2,true,true,stage_b_grid,false,governance.selection=pressure_max_under_constraints;seed=continuation
-0.35,production_hybrid,3c5f6b3c9bd535cff7657364dadb2efc31f2ea48,51.0,2,3.6375,371.497891,21.876428,0.0,2,true,true,stage_b_grid,false,governance.selection=pressure_max_under_constraints;seed=continuation
-0.35,production_hybrid,3c5f6b3c9bd535cff7657364dadb2efc31f2ea48,51.0,2,3.6625,372.338629,21.883892,0.0,2,true,true,stage_b_grid,false,governance.selection=pressure_max_under_constraints;seed=continuation
-0.35,production_hybrid,3c5f6b3c9bd535cff7657364dadb2efc31f2ea48,51.0,2,3.6875,373.175763,21.891376,0.0,2,true,true,stage_b_grid,false,governance.selection=pressure_max_under_constraints;seed=continuation
-0.35,production_hybrid,3c5f6b3c9bd535cff7657364dadb2efc31f2ea48,51.0,2,3.7125,374.009313,21.898878,0.0,2,true,true,stage_b_grid,false,governance.selection=pressure_max_under_constraints;seed=continuation
-0.35,production_hybrid,3c5f6b3c9bd535cff7657364dadb2efc31f2ea48,51.0,2,3.7375,374.8393,21.906399,0.0,2,true,true,stage_b_grid,false,governance.selection=pressure_max_under_constraints;seed=continuation
-0.35,production_hybrid,3c5f6b3c9bd535cff7657364dadb2efc31f2ea48,51.0,2,3.7625,375.665744,21.913937,0.0,2,true,true,stage_b_grid,false,governance.selection=pressure_max_under_constraints;seed=continuation
-0.35,production_hybrid,3c5f6b3c9bd535cff7657364dadb2efc31f2ea48,51.0,2,3.7875,376.488665,21.921494,0.0,2,true,true,stage_b_grid,false,governance.selection=pressure_max_under_constraints;seed=continuation
-0.35,production_hybrid,3c5f6b3c9bd535cff7657364dadb2efc31f2ea48,51.0,2,3.8125,377.308084,21.929068,0.0,2,true,true,stage_b_grid,false,governance.selection=pressure_max_under_constraints;seed=continuation
-0.35,production_hybrid,3c5f6b3c9bd535cff7657364dadb2efc31f2ea48,51.0,2,3.8375,378.124023,21.93666,0.0,2,true,true,stage_b_grid,false,governance.selection=pressure_max_under_constraints;seed=continuation
-0.35,production_hybrid,3c5f6b3c9bd535cff7657364dadb2efc31f2ea48,51.0,2,3.8625,378.936503,21.944269,0.0,2,true,true,stage_b_grid,false,governance.selection=pressure_max_under_constraints;seed=continuation
-0.35,production_hybrid,3c5f6b3c9bd535cff7657364dadb2efc31f2ea48,51.0,2,3.8875,379.745545,21.951895,0.0,2,true,true,stage_b_grid,false,governance.selection=pressure_max_under_constraints;seed=continuation
-0.35,production_hybrid,3c5f6b3c9bd535cff7657364dadb2efc31f2ea48,51.0,2,3.9125,380.551171,21.959538,0.0,2,true,true,stage_b_grid,false,governance.selection=pressure_max_under_constraints;seed=continuation
-0.35,production_hybrid,3c5f6b3c9bd535cff7657364dadb2efc31f2ea48,51.0,2,3.9375,381.353401,21.967197,0.0,2,true,true,stage_b_grid,false,governance.selection=pressure_max_under_constraints;seed=continuation
-0.35,production_hybrid,3c5f6b3c9bd535cff7657364dadb2efc31f2ea48,51.0,2,3.9625,382.152259,21.974873,0.0,2,true,true,stage_b_grid,false,governance.selection=pressure_max_under_constraints;seed=continuation
-0.35,production_hybrid,3c5f6b3c9bd535cff7657364dadb2efc31f2ea48,51.0,2,3.9875,382.947764,21.982565,0.0,2,true,true,stage_b_grid,false,governance.selection=pressure_max_under_constraints;seed=continuation
-0.35,production_hybrid,3c5f6b3c9bd535cff7657364dadb2efc31f2ea48,51.0,3,0.00625,310.957323,21.608277,0.0,4,true,true,stage_b_grid,false,governance.selection=pressure_max_under_constraints;seed=continuation
-0.35,production_hybrid,3c5f6b3c9bd535cff7657364dadb2efc31f2ea48,51.0,3,0.01875,328.986538,21.608774,0.0,4,true,true,stage_b_grid,false,governance.selection=pressure_max_under_constraints;seed=continuation
-0.35,production_hybrid,3c5f6b3c9bd535cff7657364dadb2efc31f2ea48,51.0,3,0.03125,337.023039,21.609251,0.0,4,true,true,stage_b_grid,false,governance.selection=pressure_max_under_constraints;seed=continuation
-0.35,production_hybrid,3c5f6b3c9bd535cff7657364dadb2efc31f2ea48,51.0,3,0.04375,342.095191,21.609709,0.0,3,true,true,stage_b_grid,false,governance.selection=pressure_max_under_constraints;seed=continuation
-0.35,production_hybrid,3c5f6b3c9bd535cff7657364dadb2efc31f2ea48,51.0,3,0.05625,345.719316,21.610147,0.0,3,true,true,stage_b_grid,false,governance.selection=pressure_max_under_constraints;seed=continuation
-0.35,production_hybrid,3c5f6b3c9bd535cff7657364dadb2efc31f2ea48,51.0,3,0.06875,348.482152,21.610566,0.0,3,true,true,stage_b_grid,false,governance.selection=pressure_max_under_constraints;seed=continuation
-0.35,production_hybrid,3c5f6b3c9bd535cff7657364dadb2efc31f2ea48,51.0,3,0.08125,350.673159,21.610964,0.0,3,true,true,stage_b_grid,false,governance.selection=pressure_max_under_constraints;seed=continuation
-0.35,production_hybrid,3c5f6b3c9bd535cff7657364dadb2efc31f2ea48,51.0,3,0.09375,352.456612,21.611343,0.0,3,true,true,stage_b_grid,false,governance.selection=pressure_max_under_constraints;seed=continuation
-0.35,production_hybrid,3c5f6b3c9bd535cff7657364dadb2efc31f2ea48,51.0,3,0.10625,353.934774,21.611702,0.0,3,true,true,stage_b_grid,false,governance.selection=pressure_max_under_constraints;seed=continuation
-0.35,production_hybrid,3c5f6b3c9bd535cff7657364dadb2efc31f2ea48,51.0,3,0.11875,355.175647,21.612041,0.0,3,true,true,stage_b_grid,false,governance.selection=pressure_max_under_constraints;seed=continuation
-0.35,production_hybrid,3c5f6b3c9bd535cff7657364dadb2efc31f2ea48,51.0,3,0.13125,356.22675,21.61236,0.0,3,true,true,stage_b_grid,false,governance.selection=pressure_max_under_constraints;seed=continuation
-0.35,production_hybrid,3c5f6b3c9bd535cff7657364dadb2efc31f2ea48,51.0,3,0.14375,357.122599,21.612659,0.0,3,true,true,stage_b_grid,false,governance.selection=pressure_max_under_constraints;seed=continuation
-0.35,production_hybrid,3c5f6b3c9bd535cff7657364dadb2efc31f2ea48,51.0,3,0.15625,357.88906,21.612939,0.0,3,true,true,stage_b_grid,false,governance.selection=pressure_max_under_constraints;seed=continuation
-0.35,production_hybrid,3c5f6b3c9bd535cff7657364dadb2efc31f2ea48,51.0,3,0.16875,358.546014,21.613198,0.0,3,true,true,stage_b_grid,false,governance.selection=pressure_max_under_constraints;seed=continuation
-0.35,production_hybrid,3c5f6b3c9bd535cff7657364dadb2efc31f2ea48,51.0,3,0.18125,359.109074,21.613438,0.0,3,true,true,stage_b_grid,false,governance.selection=pressure_max_under_constraints;seed=continuation
-0.35,production_hybrid,3c5f6b3c9bd535cff7657364dadb2efc31f2ea48,51.0,3,0.19375,359.590725,21.613657,0.0,3,true,true,stage_b_grid,false,governance.selection=pressure_max_under_constraints;seed=continuation
-0.35,production_hybrid,3c5f6b3c9bd535cff7657364dadb2efc31f2ea48,51.0,3,0.20625,360.001108,21.613857,0.0,3,true,true,stage_b_grid,false,governance.selection=pressure_max_under_constraints;seed=continuation
-0.35,production_hybrid,3c5f6b3c9bd535cff7657364dadb2efc31f2ea48,51.0,3,0.21875,360.348572,21.614036,0.0,3,true,true,stage_b_grid,false,governance.selection=pressure_max_under_constraints;seed=continuation
-0.35,production_hybrid,3c5f6b3c9bd535cff7657364dadb2efc31f2ea48,51.0,3,0.23125,360.64007,21.614195,0.0,3,true,true,stage_b_grid,false,governance.selection=pressure_max_under_constraints;seed=continuation
-0.35,production_hybrid,3c5f6b3c9bd535cff7657364dadb2efc31f2ea48,51.0,3,0.24375,360.881461,21.614335,0.0,3,true,true,stage_b_grid,false,governance.selection=pressure_max_under_constraints;seed=continuation
-0.35,production_hybrid,3c5f6b3c9bd535cff7657364dadb2efc31f2ea48,51.0,3,0.25625,361.07772,21.614454,0.0,3,true,true,stage_b_grid,false,governance.selection=pressure_max_under_constraints;seed=continuation
-0.35,production_hybrid,3c5f6b3c9bd535cff7657364dadb2efc31f2ea48,51.0,3,0.26875,361.233112,21.614553,0.0,3,true,true,stage_b_grid,false,governance.selection=pressure_max_under_constraints;seed=continuation
-0.35,production_hybrid,3c5f6b3c9bd535cff7657364dadb2efc31f2ea48,51.0,3,0.28125,361.351322,21.614632,0.0,3,true,true,stage_b_grid,false,governance.selection=pressure_max_under_constraints;seed=continuation
-0.35,production_hybrid,3c5f6b3c9bd535cff7657364dadb2efc31f2ea48,51.0,3,0.29375,361.435549,21.614691,0.0,3,true,true,stage_b_grid,false,governance.selection=pressure_max_under_constraints;seed=continuation
-0.35,production_hybrid,3c5f6b3c9bd535cff7657364dadb2efc31f2ea48,51.0,3,0.30625,361.488598,21.61473,0.0,3,true,true,stage_b_grid,false,governance.selection=pressure_max_under_constraints;seed=continuation
-0.35,production_hybrid,3c5f6b3c9bd535cff7657364dadb2efc31f2ea48,51.0,3,0.31875,361.512932,21.614748,0.0,2,true,true,stage_b_grid,false,governance.selection=pressure_max_under_constraints;seed=continuation
-0.35,production_hybrid,3c5f6b3c9bd535cff7657364dadb2efc31f2ea48,51.0,3,0.33125,361.510732,21.614746,0.0,2,true,true,stage_b_grid,false,governance.selection=pressure_max_under_constraints;seed=continuation
-0.35,production_hybrid,3c5f6b3c9bd535cff7657364dadb2efc31f2ea48,51.0,3,0.34375,361.483938,21.614724,0.0,2,true,true,stage_b_grid,false,governance.selection=pressure_max_under_constraints;seed=continuation
-0.35,production_hybrid,3c5f6b3c9bd535cff7657364dadb2efc31f2ea48,51.0,3,0.35625,361.434278,21.614682,0.0,2,true,true,stage_b_grid,false,governance.selection=pressure_max_under_constraints;seed=continuation
-0.35,production_hybrid,3c5f6b3c9bd535cff7657364dadb2efc31f2ea48,51.0,3,0.36875,361.363306,21.614619,0.0,2,true,true,stage_b_grid,false,governance.selection=pressure_max_under_constraints;seed=continuation
-0.35,production_hybrid,3c5f6b3c9bd535cff7657364dadb2efc31f2ea48,51.0,3,0.38125,361.272417,21.614536,0.0,2,true,true,stage_b_grid,false,governance.selection=pressure_max_under_constraints;seed=continuation
-0.35,production_hybrid,3c5f6b3c9bd535cff7657364dadb2efc31f2ea48,51.0,3,0.39375,361.162872,21.614433,0.0,2,true,true,stage_b_grid,false,governance.selection=pressure_max_under_constraints;seed=continuation
-0.35,production_hybrid,3c5f6b3c9bd535cff7657364dadb2efc31f2ea48,51.0,3,0.40625,361.035816,21.614309,0.0,2,true,true,stage_b_grid,false,governance.selection=pressure_max_under_constraints;seed=continuation
-0.35,production_hybrid,3c5f6b3c9bd535cff7657364dadb2efc31f2ea48,51.0,3,0.41875,360.892286,21.614165,0.0,2,true,true,stage_b_grid,false,governance.selection=pressure_max_under_constraints;seed=continuation
-0.35,production_hybrid,3c5f6b3c9bd535cff7657364dadb2efc31f2ea48,51.0,3,0.43125,360.733231,21.614001,0.0,2,true,true,stage_b_grid,false,governance.selection=pressure_max_under_constraints;seed=continuation
-0.35,production_hybrid,3c5f6b3c9bd535cff7657364dadb2efc31f2ea48,51.0,3,0.44375,360.559518,21.613816,0.0,2,true,true,stage_b_grid,false,governance.selection=pressure_max_under_constraints;seed=continuation
-0.35,production_hybrid,3c5f6b3c9bd535cff7657364dadb2efc31f2ea48,51.0,3,0.45625,360.37194,21.61361,0.0,2,true,true,stage_b_grid,false,governance.selection=pressure_max_under_constraints;seed=continuation
-0.35,production_hybrid,3c5f6b3c9bd535cff7657364dadb2efc31f2ea48,51.0,3,0.46875,360.171229,21.613385,0.0,2,true,true,stage_b_grid,false,governance.selection=pressure_max_under_constraints;seed=continuation
-0.35,production_hybrid,3c5f6b3c9bd535cff7657364dadb2efc31f2ea48,51.0,3,0.48125,359.958057,21.613138,0.0,2,true,true,stage_b_grid,false,governance.selection=pressure_max_under_constraints;seed=continuation
-0.35,production_hybrid,3c5f6b3c9bd535cff7657364dadb2efc31f2ea48,51.0,3,0.49375,359.733045,21.612871,0.0,2,true,true,stage_b_grid,false,governance.selection=pressure_max_under_constraints;seed=continuation
-0.35,production_hybrid,3c5f6b3c9bd535cff7657364dadb2efc31f2ea48,51.0,3,0.50625,359.496768,21.612584,0.0,2,true,true,stage_b_grid,false,governance.selection=pressure_max_under_constraints;seed=continuation
-0.35,production_hybrid,3c5f6b3c9bd535cff7657364dadb2efc31f2ea48,51.0,3,0.51875,359.249759,21.612276,0.0,2,true,true,stage_b_grid,false,governance.selection=pressure_max_under_constraints;seed=continuation
-0.35,production_hybrid,3c5f6b3c9bd535cff7657364dadb2efc31f2ea48,51.0,3,0.53125,358.992514,21.611947,0.0,2,true,true,stage_b_grid,false,governance.selection=pressure_max_under_constraints;seed=continuation
-0.35,production_hybrid,3c5f6b3c9bd535cff7657364dadb2efc31f2ea48,51.0,3,0.54375,358.725494,21.611598,0.0,2,true,true,stage_b_grid,false,governance.selection=pressure_max_under_constraints;seed=continuation
-0.35,production_hybrid,3c5f6b3c9bd535cff7657364dadb2efc31f2ea48,51.0,3,0.55625,358.449129,21.611229,0.0,2,true,true,stage_b_grid,false,governance.selection=pressure_max_under_constraints;seed=continuation
-0.35,production_hybrid,3c5f6b3c9bd535cff7657364dadb2efc31f2ea48,51.0,3,0.56875,358.163819,21.610838,0.0,2,true,true,stage_b_grid,false,governance.selection=pressure_max_under_constraints;seed=continuation
-0.35,production_hybrid,3c5f6b3c9bd535cff7657364dadb2efc31f2ea48,51.0,3,0.58125,357.869941,21.610427,0.0,2,true,true,stage_b_grid,false,governance.selection=pressure_max_under_constraints;seed=continuation
-0.35,production_hybrid,3c5f6b3c9bd535cff7657364dadb2efc31f2ea48,51.0,3,0.59375,357.567848,21.609995,0.0,2,true,true,stage_b_grid,false,governance.selection=pressure_max_under_constraints;seed=continuation
-0.35,production_hybrid,3c5f6b3c9bd535cff7657364dadb2efc31f2ea48,51.0,3,0.60625,357.257869,21.609543,0.0,2,true,true,stage_b_grid,false,governance.selection=pressure_max_under_constraints;seed=continuation
-0.35,production_hybrid,3c5f6b3c9bd535cff7657364dadb2efc31f2ea48,51.0,3,0.61875,356.940315,21.60907,0.0,2,true,true,stage_b_grid,false,governance.selection=pressure_max_under_constraints;seed=continuation
-0.35,production_hybrid,3c5f6b3c9bd535cff7657364dadb2efc31f2ea48,51.0,3,0.63125,356.61548,21.608576,0.0,2,true,true,stage_b_grid,false,governance.selection=pressure_max_under_constraints;seed=continuation
-0.35,production_hybrid,3c5f6b3c9bd535cff7657364dadb2efc31f2ea48,51.0,3,0.64375,356.283638,21.608061,0.0,2,true,true,stage_b_grid,false,governance.selection=pressure_max_under_constraints;seed=continuation
-0.35,production_hybrid,3c5f6b3c9bd535cff7657364dadb2efc31f2ea48,51.0,3,0.65625,355.94505,21.607526,0.0,2,true,true,stage_b_grid,false,governance.selection=pressure_max_under_constraints;seed=continuation
-0.35,production_hybrid,3c5f6b3c9bd535cff7657364dadb2efc31f2ea48,51.0,3,0.66875,355.599963,21.60697,0.0,2,true,true,stage_b_grid,false,governance.selection=pressure_max_under_constraints;seed=continuation
-0.35,production_hybrid,3c5f6b3c9bd535cff7657364dadb2efc31f2ea48,51.0,3,0.68125,355.248609,21.606393,0.0,2,true,true,stage_b_grid,false,governance.selection=pressure_max_under_constraints;seed=continuation
-0.35,production_hybrid,3c5f6b3c9bd535cff7657364dadb2efc31f2ea48,51.0,3,0.69375,354.89121,21.605795,0.0,2,true,true,stage_b_grid,false,governance.selection=pressure_max_under_constraints;seed=continuation
-0.35,production_hybrid,3c5f6b3c9bd535cff7657364dadb2efc31f2ea48,51.0,3,0.70625,354.527975,21.605177,0.0,2,true,true,stage_b_grid,false,governance.selection=pressure_max_under_constraints;seed=continuation
-0.35,production_hybrid,3c5f6b3c9bd535cff7657364dadb2efc31f2ea48,51.0,3,0.71875,354.159104,21.604537,0.0,2,true,true,stage_b_grid,false,governance.selection=pressure_max_under_constraints;seed=continuation
-0.35,production_hybrid,3c5f6b3c9bd535cff7657364dadb2efc31f2ea48,51.0,3,0.73125,353.784788,21.603877,0.0,2,true,true,stage_b_grid,false,governance.selection=pressure_max_under_constraints;seed=continuation
-0.35,production_hybrid,3c5f6b3c9bd535cff7657364dadb2efc31f2ea48,51.0,3,0.74375,353.405205,21.603196,0.0,2,true,true,stage_b_grid,false,governance.selection=pressure_max_under_constraints;seed=continuation
-0.35,production_hybrid,3c5f6b3c9bd535cff7657364dadb2efc31f2ea48,51.0,3,0.75625,353.020531,21.602494,0.0,2,true,true,stage_b_grid,false,governance.selection=pressure_max_under_constraints;seed=continuation
-0.35,production_hybrid,3c5f6b3c9bd535cff7657364dadb2efc31f2ea48,51.0,3,0.76875,352.630929,21.601772,0.0,2,true,true,stage_b_grid,false,governance.selection=pressure_max_under_constraints;seed=continuation
-0.35,production_hybrid,3c5f6b3c9bd535cff7657364dadb2efc31f2ea48,51.0,3,0.78125,352.236557,21.601028,0.0,2,true,true,stage_b_grid,false,governance.selection=pressure_max_under_constraints;seed=continuation
-0.35,production_hybrid,3c5f6b3c9bd535cff7657364dadb2efc31f2ea48,51.0,3,0.79375,351.837568,21.600264,0.0,2,true,true,stage_b_grid,false,governance.selection=pressure_max_under_constraints;seed=continuation
-0.35,production_hybrid,3c5f6b3c9bd535cff7657364dadb2efc31f2ea48,51.0,3,0.80625,351.434105,21.599479,0.0,2,true,true,stage_b_grid,false,governance.selection=pressure_max_under_constraints;seed=continuation
-0.35,production_hybrid,3c5f6b3c9bd535cff7657364dadb2efc31f2ea48,51.0,3,0.81875,351.02631,21.598673,0.0,2,true,true,stage_b_grid,false,governance.selection=pressure_max_under_constraints;seed=continuation
-0.35,production_hybrid,3c5f6b3c9bd535cff7657364dadb2efc31f2ea48,51.0,3,0.83125,350.614316,21.597846,0.0,2,true,true,stage_b_grid,false,governance.selection=pressure_max_under_constraints;seed=continuation
-0.35,production_hybrid,3c5f6b3c9bd535cff7657364dadb2efc31f2ea48,51.0,3,0.84375,350.198252,21.596998,0.0,2,true,true,stage_b_grid,false,governance.selection=pressure_max_under_constraints;seed=continuation
-0.35,production_hybrid,3c5f6b3c9bd535cff7657364dadb2efc31f2ea48,51.0,3,0.85625,349.778244,21.59613,0.0,2,true,true,stage_b_grid,false,governance.selection=pressure_max_under_constraints;seed=continuation
-0.35,production_hybrid,3c5f6b3c9bd535cff7657364dadb2efc31f2ea48,51.0,3,0.86875,349.354413,21.595241,0.0,2,true,true,stage_b_grid,false,governance.selection=pressure_max_under_constraints;seed=continuation
-0.35,production_hybrid,3c5f6b3c9bd535cff7657364dadb2efc31f2ea48,51.0,3,0.88125,348.926876,21.594331,0.0,2,true,true,stage_b_grid,false,governance.selection=pressure_max_under_constraints;seed=continuation
-0.35,production_hybrid,3c5f6b3c9bd535cff7657364dadb2efc31f2ea48,51.0,3,0.89375,348.495745,21.5934,0.0,2,true,true,stage_b_grid,false,governance.selection=pressure_max_under_constraints;seed=continuation
-0.35,production_hybrid,3c5f6b3c9bd535cff7657364dadb2efc31f2ea48,51.0,3,0.90625,348.061132,21.592448,0.0,2,true,true,stage_b_grid,false,governance.selection=pressure_max_under_constraints;seed=continuation
-0.35,production_hybrid,3c5f6b3c9bd535cff7657364dadb2efc31f2ea48,51.0,3,0.91875,347.623145,21.591476,0.0,2,true,true,stage_b_grid,false,governance.selection=pressure_max_under_constraints;seed=continuation
-0.35,production_hybrid,3c5f6b3c9bd535cff7657364dadb2efc31f2ea48,51.0,3,0.93125,347.181886,21.590483,0.0,2,true,true,stage_b_grid,false,governance.selection=pressure_max_under_constraints;seed=continuation
-0.35,production_hybrid,3c5f6b3c9bd535cff7657364dadb2efc31f2ea48,51.0,3,0.94375,346.73746,21.58947,0.0,2,true,true,stage_b_grid,false,governance.selection=pressure_max_under_constraints;seed=continuation
-0.35,production_hybrid,3c5f6b3c9bd535cff7657364dadb2efc31f2ea48,51.0,3,0.95625,346.289966,21.588436,0.0,2,true,true,stage_b_grid,false,governance.selection=pressure_max_under_constraints;seed=continuation
-0.35,production_hybrid,3c5f6b3c9bd535cff7657364dadb2efc31f2ea48,51.0,3,0.96875,345.839502,21.587381,0.0,2,true,true,stage_b_grid,false,governance.selection=pressure_max_under_constraints;seed=continuation
-0.35,production_hybrid,3c5f6b3c9bd535cff7657364dadb2efc31f2ea48,51.0,3,0.98125,345.386165,21.586306,0.0,2,true,true,stage_b_grid,false,governance.selection=pressure_max_under_constraints;seed=continuation
-0.35,production_hybrid,3c5f6b3c9bd535cff7657364dadb2efc31f2ea48,51.0,3,0.99375,344.930049,21.58521,0.0,2,true,true,stage_b_grid,false,governance.selection=pressure_max_under_constraints;seed=continuation
-0.35,production_hybrid,3c5f6b3c9bd535cff7657364dadb2efc31f2ea48,51.0,3,1.00625,344.471249,21.584094,0.0,2,true,true,stage_b_grid,false,governance.selection=pressure_max_under_constraints;seed=continuation
-0.35,production_hybrid,3c5f6b3c9bd535cff7657364dadb2efc31f2ea48,51.0,3,1.01875,344.009858,21.582958,0.0,2,true,true,stage_b_grid,false,governance.selection=pressure_max_under_constraints;seed=continuation
-0.35,production_hybrid,3c5f6b3c9bd535cff7657364dadb2efc31f2ea48,51.0,3,1.03125,343.545968,21.581801,0.0,2,true,true,stage_b_grid,false,governance.selection=pressure_max_under_constraints;seed=continuation
-0.35,production_hybrid,3c5f6b3c9bd535cff7657364dadb2efc31f2ea48,51.0,3,1.04375,343.079669,21.580624,0.0,2,true,true,stage_b_grid,false,governance.selection=pressure_max_under_constraints;seed=continuation
-0.35,production_hybrid,3c5f6b3c9bd535cff7657364dadb2efc31f2ea48,51.0,3,1.05625,342.611054,21.579427,0.0,2,true,true,stage_b_grid,false,governance.selection=pressure_max_under_constraints;seed=continuation
-0.35,production_hybrid,3c5f6b3c9bd535cff7657364dadb2efc31f2ea48,51.0,3,1.06875,342.140213,21.578211,0.0,2,true,true,stage_b_grid,false,governance.selection=pressure_max_under_constraints;seed=continuation
-0.35,production_hybrid,3c5f6b3c9bd535cff7657364dadb2efc31f2ea48,51.0,3,1.08125,341.667238,21.576974,0.0,2,true,true,stage_b_grid,false,governance.selection=pressure_max_under_constraints;seed=continuation
-0.35,production_hybrid,3c5f6b3c9bd535cff7657364dadb2efc31f2ea48,51.0,3,1.09375,341.192219,21.575717,0.0,2,true,true,stage_b_grid,false,governance.selection=pressure_max_under_constraints;seed=continuation
-0.35,production_hybrid,3c5f6b3c9bd535cff7657364dadb2efc31f2ea48,51.0,3,1.10625,340.715249,21.574441,0.0,2,true,true,stage_b_grid,false,governance.selection=pressure_max_under_constraints;seed=continuation
-0.35,production_hybrid,3c5f6b3c9bd535cff7657364dadb2efc31f2ea48,51.0,3,1.11875,340.236421,21.573145,0.0,2,true,true,stage_b_grid,false,governance.selection=pressure_max_under_constraints;seed=continuation
-0.35,production_hybrid,3c5f6b3c9bd535cff7657364dadb2efc31f2ea48,51.0,3,1.13125,339.755828,21.57183,0.0,2,true,true,stage_b_grid,false,governance.selection=pressure_max_under_constraints;seed=continuation
-0.35,production_hybrid,3c5f6b3c9bd535cff7657364dadb2efc31f2ea48,51.0,3,1.14375,339.273566,21.570495,0.0,2,true,true,stage_b_grid,false,governance.selection=pressure_max_under_constraints;seed=continuation
-0.35,production_hybrid,3c5f6b3c9bd535cff7657364dadb2efc31f2ea48,51.0,3,1.15625,338.789731,21.569142,0.0,2,true,true,stage_b_grid,false,governance.selection=pressure_max_under_constraints;seed=continuation
-0.35,production_hybrid,3c5f6b3c9bd535cff7657364dadb2efc31f2ea48,51.0,3,1.16875,338.304421,21.56777,0.0,2,true,true,stage_b_grid,false,governance.selection=pressure_max_under_constraints;seed=continuation
-0.35,production_hybrid,3c5f6b3c9bd535cff7657364dadb2efc31f2ea48,51.0,3,1.18125,337.817738,21.566379,0.0,2,true,true,stage_b_grid,false,governance.selection=pressure_max_under_constraints;seed=continuation
-0.35,production_hybrid,3c5f6b3c9bd535cff7657364dadb2efc31f2ea48,51.0,3,1.19375,337.329784,21.564969,0.0,2,true,true,stage_b_grid,false,governance.selection=pressure_max_under_constraints;seed=continuation
-0.35,production_hybrid,3c5f6b3c9bd535cff7657364dadb2efc31f2ea48,51.0,3,1.20625,336.840664,21.563541,0.0,2,true,true,stage_b_grid,false,governance.selection=pressure_max_under_constraints;seed=continuation
-0.35,production_hybrid,3c5f6b3c9bd535cff7657364dadb2efc31f2ea48,51.0,3,1.21875,336.350488,21.562096,0.0,2,true,true,stage_b_grid,false,governance.selection=pressure_max_under_constraints;seed=continuation
-0.35,production_hybrid,3c5f6b3c9bd535cff7657364dadb2efc31f2ea48,51.0,3,1.23125,335.859367,21.560632,0.0,2,true,true,stage_b_grid,false,governance.selection=pressure_max_under_constraints;seed=continuation
-0.35,production_hybrid,3c5f6b3c9bd535cff7657364dadb2efc31f2ea48,51.0,3,1.24375,335.367417,21.559151,0.0,2,true,true,stage_b_grid,false,governance.selection=pressure_max_under_constraints;seed=continuation
-0.35,production_hybrid,3c5f6b3c9bd535cff7657364dadb2efc31f2ea48,51.0,3,1.25625,334.874757,21.557653,0.0,2,true,true,stage_b_grid,false,governance.selection=pressure_max_under_constraints;seed=continuation
-0.35,production_hybrid,3c5f6b3c9bd535cff7657364dadb2efc31f2ea48,51.0,3,1.26875,334.381513,21.556138,0.0,2,true,true,stage_b_grid,false,governance.selection=pressure_max_under_constraints;seed=continuation
-0.35,production_hybrid,3c5f6b3c9bd535cff7657364dadb2efc31f2ea48,51.0,3,1.28125,333.887811,21.554607,0.0,2,true,true,stage_b_grid,false,governance.selection=pressure_max_under_constraints;seed=continuation
-0.35,production_hybrid,3c5f6b3c9bd535cff7657364dadb2efc31f2ea48,51.0,3,1.29375,333.393788,21.55306,0.0,2,true,true,stage_b_grid,false,governance.selection=pressure_max_under_constraints;seed=continuation
-0.35,production_hybrid,3c5f6b3c9bd535cff7657364dadb2efc31f2ea48,51.0,3,1.30625,332.899583,21.551497,0.0,2,true,true,stage_b_grid,false,governance.selection=pressure_max_under_constraints;seed=continuation
-0.35,production_hybrid,3c5f6b3c9bd535cff7657364dadb2efc31f2ea48,51.0,3,1.31875,332.405341,21.549919,0.0,2,true,true,stage_b_grid,false,governance.selection=pressure_max_under_constraints;seed=continuation
-0.35,production_hybrid,3c5f6b3c9bd535cff7657364dadb2efc31f2ea48,51.0,3,1.33125,331.911218,21.548327,0.0,2,true,true,stage_b_grid,false,governance.selection=pressure_max_under_constraints;seed=continuation
-0.35,production_hybrid,3c5f6b3c9bd535cff7657364dadb2efc31f2ea48,51.0,3,1.34375,331.417372,21.54672,0.0,2,true,true,stage_b_grid,false,governance.selection=pressure_max_under_constraints;seed=continuation
-0.35,production_hybrid,3c5f6b3c9bd535cff7657364dadb2efc31f2ea48,51.0,3,1.35625,330.923973,21.5451,0.0,2,true,true,stage_b_grid,false,governance.selection=pressure_max_under_constraints;seed=continuation
-0.35,production_hybrid,3c5f6b3c9bd535cff7657364dadb2efc31f2ea48,51.0,3,1.36875,330.431197,21.543467,0.0,2,true,true,stage_b_grid,false,governance.selection=pressure_max_under_constraints;seed=continuation
-0.35,production_hybrid,3c5f6b3c9bd535cff7657364dadb2efc31f2ea48,51.0,3,1.38125,329.93923,21.541821,0.0,2,true,true,stage_b_grid,false,governance.selection=pressure_max_under_constraints;seed=continuation
-0.35,production_hybrid,3c5f6b3c9bd535cff7657364dadb2efc31f2ea48,51.0,3,1.39375,329.448269,21.540164,0.0,2,true,true,stage_b_grid,false,governance.selection=pressure_max_under_constraints;seed=continuation
-0.35,production_hybrid,3c5f6b3c9bd535cff7657364dadb2efc31f2ea48,51.0,3,1.40625,328.95852,21.538496,0.0,2,true,true,stage_b_grid,false,governance.selection=pressure_max_under_constraints;seed=continuation
-0.35,production_hybrid,3c5f6b3c9bd535cff7657364dadb2efc31f2ea48,51.0,3,1.41875,328.470202,21.536818,0.0,2,true,true,stage_b_grid,false,governance.selection=pressure_max_under_constraints;seed=continuation
-0.35,production_hybrid,3c5f6b3c9bd535cff7657364dadb2efc31f2ea48,51.0,3,1.43125,327.983545,21.535131,0.0,2,true,true,stage_b_grid,false,governance.selection=pressure_max_under_constraints;seed=continuation
-0.35,production_hybrid,3c5f6b3c9bd535cff7657364dadb2efc31f2ea48,51.0,3,1.44375,327.498793,21.533436,0.0,2,true,true,stage_b_grid,false,governance.selection=pressure_max_under_constraints;seed=continuation
-0.35,production_hybrid,3c5f6b3c9bd535cff7657364dadb2efc31f2ea48,51.0,3,1.45625,327.016203,21.531734,0.0,2,true,true,stage_b_grid,false,governance.selection=pressure_max_under_constraints;seed=continuation
-0.35,production_hybrid,3c5f6b3c9bd535cff7657364dadb2efc31f2ea48,51.0,3,1.46875,326.536048,21.530026,0.0,2,true,true,stage_b_grid,false,governance.selection=pressure_max_under_constraints;seed=continuation
-0.35,production_hybrid,3c5f6b3c9bd535cff7657364dadb2efc31f2ea48,51.0,3,1.48125,326.058617,21.528313,0.0,2,true,true,stage_b_grid,false,governance.selection=pressure_max_under_constraints;seed=continuation
-0.35,production_hybrid,3c5f6b3c9bd535cff7657364dadb2efc31f2ea48,51.0,3,1.49375,325.584215,21.526597,0.0,2,true,true,stage_b_grid,false,governance.selection=pressure_max_under_constraints;seed=continuation
-0.35,production_hybrid,3c5f6b3c9bd535cff7657364dadb2efc31f2ea48,51.0,3,1.50625,325.113167,21.524878,0.0,2,true,true,stage_b_grid,false,governance.selection=pressure_max_under_constraints;seed=continuation
-0.35,production_hybrid,3c5f6b3c9bd535cff7657364dadb2efc31f2ea48,51.0,3,1.51875,324.645816,21.523158,0.0,2,true,true,stage_b_grid,false,governance.selection=pressure_max_under_constraints;seed=continuation
-0.35,production_hybrid,3c5f6b3c9bd535cff7657364dadb2efc31f2ea48,51.0,3,1.53125,324.182524,21.52144,0.0,2,true,true,stage_b_grid,false,governance.selection=pressure_max_under_constraints;seed=continuation
-0.35,production_hybrid,3c5f6b3c9bd535cff7657364dadb2efc31f2ea48,51.0,3,1.54375,323.723676,21.519724,0.0,2,true,true,stage_b_grid,false,governance.selection=pressure_max_under_constraints;seed=continuation
-0.35,production_hybrid,3c5f6b3c9bd535cff7657364dadb2efc31f2ea48,51.0,3,1.55625,323.269679,21.518012,0.0,2,true,true,stage_b_grid,false,governance.selection=pressure_max_under_constraints;seed=continuation
-0.35,production_hybrid,3c5f6b3c9bd535cff7657364dadb2efc31f2ea48,51.0,3,1.56875,322.820965,21.516306,0.0,2,true,true,stage_b_grid,false,governance.selection=pressure_max_under_constraints;seed=continuation
-0.35,production_hybrid,3c5f6b3c9bd535cff7657364dadb2efc31f2ea48,51.0,3,1.58125,322.377988,21.514609,0.0,2,true,true,stage_b_grid,false,governance.selection=pressure_max_under_constraints;seed=continuation
-0.35,production_hybrid,3c5f6b3c9bd535cff7657364dadb2efc31f2ea48,51.0,3,1.59375,321.941228,21.512923,0.0,2,true,true,stage_b_grid,false,governance.selection=pressure_max_under_constraints;seed=continuation
-0.35,production_hybrid,3c5f6b3c9bd535cff7657364dadb2efc31f2ea48,51.0,3,1.60625,321.511194,21.511249,0.0,2,true,true,stage_b_grid,false,governance.selection=pressure_max_under_constraints;seed=continuation
-0.35,production_hybrid,3c5f6b3c9bd535cff7657364dadb2efc31f2ea48,51.0,3,1.61875,321.08842,21.509591,0.0,2,true,true,stage_b_grid,false,governance.selection=pressure_max_under_constraints;seed=continuation
-0.35,production_hybrid,3c5f6b3c9bd535cff7657364dadb2efc31f2ea48,51.0,3,1.63125,320.673466,21.507951,0.0,2,true,true,stage_b_grid,false,governance.selection=pressure_max_under_constraints;seed=continuation
-0.35,production_hybrid,3c5f6b3c9bd535cff7657364dadb2efc31f2ea48,51.0,3,1.64375,320.266923,21.506331,0.0,2,true,true,stage_b_grid,false,governance.selection=pressure_max_under_constraints;seed=continuation
-0.35,production_hybrid,3c5f6b3c9bd535cff7657364dadb2efc31f2ea48,51.0,3,1.65625,319.869409,21.504736,0.0,2,true,true,stage_b_grid,false,governance.selection=pressure_max_under_constraints;seed=continuation
-0.35,production_hybrid,3c5f6b3c9bd535cff7657364dadb2efc31f2ea48,51.0,3,1.66875,319.481568,21.503167,0.0,2,true,true,stage_b_grid,false,governance.selection=pressure_max_under_constraints;seed=continuation
-0.35,production_hybrid,3c5f6b3c9bd535cff7657364dadb2efc31f2ea48,51.0,3,1.68125,319.104073,21.501629,0.0,2,true,true,stage_b_grid,false,governance.selection=pressure_max_under_constraints;seed=continuation
-0.35,production_hybrid,3c5f6b3c9bd535cff7657364dadb2efc31f2ea48,51.0,3,1.69375,318.737622,21.500125,0.0,2,true,true,stage_b_grid,false,governance.selection=pressure_max_under_constraints;seed=continuation
-0.35,production_hybrid,3c5f6b3c9bd535cff7657364dadb2efc31f2ea48,51.0,3,1.70625,318.382936,21.498658,0.0,2,true,true,stage_b_grid,false,governance.selection=pressure_max_under_constraints;seed=continuation
-0.35,production_hybrid,3c5f6b3c9bd535cff7657364dadb2efc31f2ea48,51.0,3,1.71875,318.040759,21.497233,0.0,2,true,true,stage_b_grid,false,governance.selection=pressure_max_under_constraints;seed=continuation
-0.35,production_hybrid,3c5f6b3c9bd535cff7657364dadb2efc31f2ea48,51.0,3,1.73125,317.711851,21.495853,0.0,2,true,true,stage_b_grid,false,governance.selection=pressure_max_under_constraints;seed=continuation
-0.35,production_hybrid,3c5f6b3c9bd535cff7657364dadb2efc31f2ea48,51.0,3,1.74375,317.396991,21.494522,0.0,2,true,true,stage_b_grid,false,governance.selection=pressure_max_under_constraints;seed=continuation
-0.35,production_hybrid,3c5f6b3c9bd535cff7657364dadb2efc31f2ea48,51.0,3,1.75625,317.096963,21.493245,0.0,2,true,true,stage_b_grid,false,governance.selection=pressure_max_under_constraints;seed=continuation
-0.35,production_hybrid,3c5f6b3c9bd535cff7657364dadb2efc31f2ea48,51.0,3,1.76875,316.812559,21.492026,0.0,2,true,true,stage_b_grid,false,governance.selection=pressure_max_under_constraints;seed=continuation
-0.35,production_hybrid,3c5f6b3c9bd535cff7657364dadb2efc31f2ea48,51.0,3,1.78125,316.544569,21.490869,0.0,2,true,true,stage_b_grid,false,governance.selection=pressure_max_under_constraints;seed=continuation
-0.35,production_hybrid,3c5f6b3c9bd535cff7657364dadb2efc31f2ea48,51.0,3,1.79375,316.293774,21.489778,0.0,2,true,true,stage_b_grid,false,governance.selection=pressure_max_under_constraints;seed=continuation
-0.35,production_hybrid,3c5f6b3c9bd535cff7657364dadb2efc31f2ea48,51.0,3,1.80625,316.060938,21.488759,0.0,2,true,true,stage_b_grid,false,governance.selection=pressure_max_under_constraints;seed=continuation
-0.35,production_hybrid,3c5f6b3c9bd535cff7657364dadb2efc31f2ea48,51.0,3,1.81875,315.846801,21.487815,0.0,2,true,true,stage_b_grid,false,governance.selection=pressure_max_under_constraints;seed=continuation
-0.35,production_hybrid,3c5f6b3c9bd535cff7657364dadb2efc31f2ea48,51.0,3,1.83125,315.652069,21.48695,0.0,2,true,true,stage_b_grid,false,governance.selection=pressure_max_under_constraints;seed=continuation
-0.35,production_hybrid,3c5f6b3c9bd535cff7657364dadb2efc31f2ea48,51.0,3,1.84375,315.477403,21.48617,0.0,2,true,true,stage_b_grid,false,governance.selection=pressure_max_under_constraints;seed=continuation
-0.35,production_hybrid,3c5f6b3c9bd535cff7657364dadb2efc31f2ea48,51.0,3,1.85625,315.323414,21.485477,0.0,2,true,true,stage_b_grid,false,governance.selection=pressure_max_under_constraints;seed=continuation
-0.35,production_hybrid,3c5f6b3c9bd535cff7657364dadb2efc31f2ea48,51.0,3,1.86875,315.190651,21.484875,0.0,2,true,true,stage_b_grid,false,governance.selection=pressure_max_under_constraints;seed=continuation
-0.35,production_hybrid,3c5f6b3c9bd535cff7657364dadb2efc31f2ea48,51.0,3,1.88125,315.07959,21.484369,0.0,2,true,true,stage_b_grid,false,governance.selection=pressure_max_under_constraints;seed=continuation
-0.35,production_hybrid,3c5f6b3c9bd535cff7657364dadb2efc31f2ea48,51.0,3,1.89375,314.990632,21.48396,0.0,2,true,true,stage_b_grid,false,governance.selection=pressure_max_under_constraints;seed=continuation
-0.35,production_hybrid,3c5f6b3c9bd535cff7657364dadb2efc31f2ea48,51.0,3,1.90625,314.924089,21.483653,0.0,2,true,true,stage_b_grid,false,governance.selection=pressure_max_under_constraints;seed=continuation
-0.35,production_hybrid,3c5f6b3c9bd535cff7657364dadb2efc31f2ea48,51.0,3,1.91875,314.880185,21.483449,0.0,2,true,true,stage_b_grid,false,governance.selection=pressure_max_under_constraints;seed=continuation
-0.35,production_hybrid,3c5f6b3c9bd535cff7657364dadb2efc31f2ea48,51.0,3,1.93125,314.859046,21.48335,0.0,2,true,true,stage_b_grid,false,governance.selection=pressure_max_under_constraints;seed=continuation
-0.35,production_hybrid,3c5f6b3c9bd535cff7657364dadb2efc31f2ea48,51.0,3,1.94375,314.860703,21.483358,0.0,2,true,true,stage_b_grid,false,governance.selection=pressure_max_under_constraints;seed=continuation
-0.35,production_hybrid,3c5f6b3c9bd535cff7657364dadb2efc31f2ea48,51.0,3,1.95625,314.885087,21.483473,0.0,2,true,true,stage_b_grid,false,governance.selection=pressure_max_under_constraints;seed=continuation
-0.35,production_hybrid,3c5f6b3c9bd535cff7657364dadb2efc31f2ea48,51.0,3,1.96875,314.932034,21.483698,0.0,2,true,true,stage_b_grid,false,governance.selection=pressure_max_under_constraints;seed=continuation
-0.35,production_hybrid,3c5f6b3c9bd535cff7657364dadb2efc31f2ea48,51.0,3,1.98125,315.001286,21.48403,0.0,2,true,true,stage_b_grid,false,governance.selection=pressure_max_under_constraints;seed=continuation
-0.35,production_hybrid,3c5f6b3c9bd535cff7657364dadb2efc31f2ea48,51.0,3,1.99375,315.092495,21.484471,0.0,2,true,true,stage_b_grid,false,governance.selection=pressure_max_under_constraints;seed=continuation
-0.35,production_hybrid,3c5f6b3c9bd535cff7657364dadb2efc31f2ea48,51.0,3,2.00625,315.205232,21.48502,0.0,2,true,true,stage_b_grid,false,governance.selection=pressure_max_under_constraints;seed=continuation
-0.35,production_hybrid,3c5f6b3c9bd535cff7657364dadb2efc31f2ea48,51.0,3,2.01875,315.338992,21.485675,0.0,2,true,true,stage_b_grid,false,governance.selection=pressure_max_under_constraints;seed=continuation
-0.35,production_hybrid,3c5f6b3c9bd535cff7657364dadb2efc31f2ea48,51.0,3,2.03125,315.493205,21.486434,0.0,2,true,true,stage_b_grid,false,governance.selection=pressure_max_under_constraints;seed=continuation
-0.35,production_hybrid,3c5f6b3c9bd535cff7657364dadb2efc31f2ea48,51.0,3,2.04375,315.667242,21.487297,0.0,2,true,true,stage_b_grid,false,governance.selection=pressure_max_under_constraints;seed=continuation
-0.35,production_hybrid,3c5f6b3c9bd535cff7657364dadb2efc31f2ea48,51.0,3,2.05625,315.860427,21.48826,0.0,2,true,true,stage_b_grid,false,governance.selection=pressure_max_under_constraints;seed=continuation
-0.35,production_hybrid,3c5f6b3c9bd535cff7657364dadb2efc31f2ea48,51.0,3,2.06875,316.072044,21.489322,0.0,2,true,true,stage_b_grid,false,governance.selection=pressure_max_under_constraints;seed=continuation
-0.35,production_hybrid,3c5f6b3c9bd535cff7657364dadb2efc31f2ea48,51.0,3,2.08125,316.30135,21.49048,0.0,2,true,true,stage_b_grid,false,governance.selection=pressure_max_under_constraints;seed=continuation
-0.35,production_hybrid,3c5f6b3c9bd535cff7657364dadb2efc31f2ea48,51.0,3,2.09375,316.547578,21.49173,0.0,2,true,true,stage_b_grid,false,governance.selection=pressure_max_under_constraints;seed=continuation
-0.35,production_hybrid,3c5f6b3c9bd535cff7657364dadb2efc31f2ea48,51.0,3,2.10625,316.809953,21.49307,0.0,2,true,true,stage_b_grid,false,governance.selection=pressure_max_under_constraints;seed=continuation
-0.35,production_hybrid,3c5f6b3c9bd535cff7657364dadb2efc31f2ea48,51.0,3,2.11875,317.08769,21.494498,0.0,2,true,true,stage_b_grid,false,governance.selection=pressure_max_under_constraints;seed=continuation
-0.35,production_hybrid,3c5f6b3c9bd535cff7657364dadb2efc31f2ea48,51.0,3,2.13125,317.38001,21.496009,0.0,2,true,true,stage_b_grid,false,governance.selection=pressure_max_under_constraints;seed=continuation
-0.35,production_hybrid,3c5f6b3c9bd535cff7657364dadb2efc31f2ea48,51.0,3,2.14375,317.686141,21.4976,0.0,2,true,true,stage_b_grid,false,governance.selection=pressure_max_under_constraints;seed=continuation
-0.35,production_hybrid,3c5f6b3c9bd535cff7657364dadb2efc31f2ea48,51.0,3,2.15625,318.005322,21.49927,0.0,2,true,true,stage_b_grid,false,governance.selection=pressure_max_under_constraints;seed=continuation
-0.35,production_hybrid,3c5f6b3c9bd535cff7657364dadb2efc31f2ea48,51.0,3,2.16875,318.336813,21.501014,0.0,2,true,true,stage_b_grid,false,governance.selection=pressure_max_under_constraints;seed=continuation
-0.35,production_hybrid,3c5f6b3c9bd535cff7657364dadb2efc31f2ea48,51.0,3,2.18125,318.679889,21.502829,0.0,2,true,true,stage_b_grid,false,governance.selection=pressure_max_under_constraints;seed=continuation
-0.35,production_hybrid,3c5f6b3c9bd535cff7657364dadb2efc31f2ea48,51.0,3,2.19375,319.033855,21.504712,0.0,2,true,true,stage_b_grid,false,governance.selection=pressure_max_under_constraints;seed=continuation
-0.35,production_hybrid,3c5f6b3c9bd535cff7657364dadb2efc31f2ea48,51.0,3,2.20625,319.398036,21.506661,0.0,2,true,true,stage_b_grid,false,governance.selection=pressure_max_under_constraints;seed=continuation
-0.35,production_hybrid,3c5f6b3c9bd535cff7657364dadb2efc31f2ea48,51.0,3,2.21875,319.771787,21.508673,0.0,2,true,true,stage_b_grid,false,governance.selection=pressure_max_under_constraints;seed=continuation
-0.35,production_hybrid,3c5f6b3c9bd535cff7657364dadb2efc31f2ea48,51.0,3,2.23125,320.154489,21.510744,0.0,2,true,true,stage_b_grid,false,governance.selection=pressure_max_under_constraints;seed=continuation
-0.35,production_hybrid,3c5f6b3c9bd535cff7657364dadb2efc31f2ea48,51.0,3,2.24375,320.545554,21.512872,0.0,2,true,true,stage_b_grid,false,governance.selection=pressure_max_under_constraints;seed=continuation
-0.35,production_hybrid,3c5f6b3c9bd535cff7657364dadb2efc31f2ea48,51.0,3,2.25625,320.944421,21.515056,0.0,2,true,true,stage_b_grid,false,governance.selection=pressure_max_under_constraints;seed=continuation
-0.35,production_hybrid,3c5f6b3c9bd535cff7657364dadb2efc31f2ea48,51.0,3,2.26875,321.350556,21.517291,0.0,2,true,true,stage_b_grid,false,governance.selection=pressure_max_under_constraints;seed=continuation
-0.35,production_hybrid,3c5f6b3c9bd535cff7657364dadb2efc31f2ea48,51.0,3,2.28125,321.763457,21.519576,0.0,2,true,true,stage_b_grid,false,governance.selection=pressure_max_under_constraints;seed=continuation
-0.35,production_hybrid,3c5f6b3c9bd535cff7657364dadb2efc31f2ea48,51.0,3,2.29375,322.182646,21.521908,0.0,2,true,true,stage_b_grid,false,governance.selection=pressure_max_under_constraints;seed=continuation
-0.35,production_hybrid,3c5f6b3c9bd535cff7657364dadb2efc31f2ea48,51.0,3,2.30625,322.607673,21.524286,0.0,2,true,true,stage_b_grid,false,governance.selection=pressure_max_under_constraints;seed=continuation
-0.35,production_hybrid,3c5f6b3c9bd535cff7657364dadb2efc31f2ea48,51.0,3,2.31875,323.038113,21.526708,0.0,2,true,true,stage_b_grid,false,governance.selection=pressure_max_under_constraints;seed=continuation
-0.35,production_hybrid,3c5f6b3c9bd535cff7657364dadb2efc31f2ea48,51.0,3,2.33125,323.473567,21.52917,0.0,2,true,true,stage_b_grid,false,governance.selection=pressure_max_under_constraints;seed=continuation
-0.35,production_hybrid,3c5f6b3c9bd535cff7657364dadb2efc31f2ea48,51.0,3,2.34375,323.913657,21.531673,0.0,2,true,true,stage_b_grid,false,governance.selection=pressure_max_under_constraints;seed=continuation
-0.35,production_hybrid,3c5f6b3c9bd535cff7657364dadb2efc31f2ea48,51.0,3,2.35625,324.358032,21.534213,0.0,2,true,true,stage_b_grid,false,governance.selection=pressure_max_under_constraints;seed=continuation
-0.35,production_hybrid,3c5f6b3c9bd535cff7657364dadb2efc31f2ea48,51.0,3,2.36875,324.806359,21.536789,0.0,2,true,true,stage_b_grid,false,governance.selection=pressure_max_under_constraints;seed=continuation
-0.35,production_hybrid,3c5f6b3c9bd535cff7657364dadb2efc31f2ea48,51.0,3,2.38125,325.258325,21.5394,0.0,2,true,true,stage_b_grid,false,governance.selection=pressure_max_under_constraints;seed=continuation
-0.35,production_hybrid,3c5f6b3c9bd535cff7657364dadb2efc31f2ea48,51.0,3,2.39375,325.713639,21.542045,0.0,2,true,true,stage_b_grid,false,governance.selection=pressure_max_under_constraints;seed=continuation
-0.35,production_hybrid,3c5f6b3c9bd535cff7657364dadb2efc31f2ea48,51.0,3,2.40625,326.172026,21.544721,0.0,2,true,true,stage_b_grid,false,governance.selection=pressure_max_under_constraints;seed=continuation
-0.35,production_hybrid,3c5f6b3c9bd535cff7657364dadb2efc31f2ea48,51.0,3,2.41875,326.633229,21.547427,0.0,2,true,true,stage_b_grid,false,governance.selection=pressure_max_under_constraints;seed=continuation
-0.35,production_hybrid,3c5f6b3c9bd535cff7657364dadb2efc31f2ea48,51.0,3,2.43125,327.097007,21.550163,0.0,2,true,true,stage_b_grid,false,governance.selection=pressure_max_under_constraints;seed=continuation
-0.35,production_hybrid,3c5f6b3c9bd535cff7657364dadb2efc31f2ea48,51.0,3,2.44375,327.563135,21.552927,0.0,2,true,true,stage_b_grid,false,governance.selection=pressure_max_under_constraints;seed=continuation
-0.35,production_hybrid,3c5f6b3c9bd535cff7657364dadb2efc31f2ea48,51.0,3,2.45625,328.0314,21.555718,0.0,2,true,true,stage_b_grid,false,governance.selection=pressure_max_under_constraints;seed=continuation
-0.35,production_hybrid,3c5f6b3c9bd535cff7657364dadb2efc31f2ea48,51.0,3,2.46875,328.501605,21.558534,0.0,2,true,true,stage_b_grid,false,governance.selection=pressure_max_under_constraints;seed=continuation
-0.35,production_hybrid,3c5f6b3c9bd535cff7657364dadb2efc31f2ea48,51.0,3,2.48125,328.973564,21.561376,0.0,2,true,true,stage_b_grid,false,governance.selection=pressure_max_under_constraints;seed=continuation
-0.35,production_hybrid,3c5f6b3c9bd535cff7657364dadb2efc31f2ea48,51.0,3,2.49375,329.447103,21.564241,0.0,2,true,true,stage_b_grid,false,governance.selection=pressure_max_under_constraints;seed=continuation
-0.35,production_hybrid,3c5f6b3c9bd535cff7657364dadb2efc31f2ea48,51.0,3,2.50625,329.92206,21.567129,0.0,2,true,true,stage_b_grid,false,governance.selection=pressure_max_under_constraints;seed=continuation
-0.35,production_hybrid,3c5f6b3c9bd535cff7657364dadb2efc31f2ea48,51.0,3,2.51875,330.398282,21.57004,0.0,2,true,true,stage_b_grid,false,governance.selection=pressure_max_under_constraints;seed=continuation
-0.35,production_hybrid,3c5f6b3c9bd535cff7657364dadb2efc31f2ea48,51.0,3,2.53125,330.875626,21.572972,0.0,2,true,true,stage_b_grid,false,governance.selection=pressure_max_under_constraints;seed=continuation
-0.35,production_hybrid,3c5f6b3c9bd535cff7657364dadb2efc31f2ea48,51.0,3,2.54375,331.353959,21.575924,0.0,2,true,true,stage_b_grid,false,governance.selection=pressure_max_under_constraints;seed=continuation
-0.35,production_hybrid,3c5f6b3c9bd535cff7657364dadb2efc31f2ea48,51.0,3,2.55625,331.833155,21.578897,0.0,2,true,true,stage_b_grid,false,governance.selection=pressure_max_under_constraints;seed=continuation
-0.35,production_hybrid,3c5f6b3c9bd535cff7657364dadb2efc31f2ea48,51.0,3,2.56875,332.313097,21.581888,0.0,2,true,true,stage_b_grid,false,governance.selection=pressure_max_under_constraints;seed=continuation
-0.35,production_hybrid,3c5f6b3c9bd535cff7657364dadb2efc31f2ea48,51.0,3,2.58125,332.793674,21.584898,0.0,2,true,true,stage_b_grid,false,governance.selection=pressure_max_under_constraints;seed=continuation
-0.35,production_hybrid,3c5f6b3c9bd535cff7657364dadb2efc31f2ea48,51.0,3,2.59375,333.274785,21.587927,0.0,2,true,true,stage_b_grid,false,governance.selection=pressure_max_under_constraints;seed=continuation
-0.35,production_hybrid,3c5f6b3c9bd535cff7657364dadb2efc31f2ea48,51.0,3,2.60625,333.756331,21.590972,0.0,2,true,true,stage_b_grid,false,governance.selection=pressure_max_under_constraints;seed=continuation
-0.35,production_hybrid,3c5f6b3c9bd535cff7657364dadb2efc31f2ea48,51.0,3,2.61875,334.238223,21.594035,0.0,2,true,true,stage_b_grid,false,governance.selection=pressure_max_under_constraints;seed=continuation
-0.35,production_hybrid,3c5f6b3c9bd535cff7657364dadb2efc31f2ea48,51.0,3,2.63125,334.720377,21.597113,0.0,2,true,true,stage_b_grid,false,governance.selection=pressure_max_under_constraints;seed=continuation
-0.35,production_hybrid,3c5f6b3c9bd535cff7657364dadb2efc31f2ea48,51.0,3,2.64375,335.202711,21.600208,0.0,2,true,true,stage_b_grid,false,governance.selection=pressure_max_under_constraints;seed=continuation
-0.35,production_hybrid,3c5f6b3c9bd535cff7657364dadb2efc31f2ea48,51.0,3,2.65625,335.685152,21.603318,0.0,2,true,true,stage_b_grid,false,governance.selection=pressure_max_under_constraints;seed=continuation
-0.35,production_hybrid,3c5f6b3c9bd535cff7657364dadb2efc31f2ea48,51.0,3,2.66875,336.167631,21.606443,0.0,2,true,true,stage_b_grid,false,governance.selection=pressure_max_under_constraints;seed=continuation
-0.35,production_hybrid,3c5f6b3c9bd535cff7657364dadb2efc31f2ea48,51.0,3,2.68125,336.65008,21.609582,0.0,2,true,true,stage_b_grid,false,governance.selection=pressure_max_under_constraints;seed=continuation
-0.35,production_hybrid,3c5f6b3c9bd535cff7657364dadb2efc31f2ea48,51.0,3,2.69375,337.13244,21.612735,0.0,2,true,true,stage_b_grid,false,governance.selection=pressure_max_under_constraints;seed=continuation
-0.35,production_hybrid,3c5f6b3c9bd535cff7657364dadb2efc31f2ea48,51.0,3,2.70625,337.614652,21.615902,0.0,2,true,true,stage_b_grid,false,governance.selection=pressure_max_under_constraints;seed=continuation
-0.35,production_hybrid,3c5f6b3c9bd535cff7657364dadb2efc31f2ea48,51.0,3,2.71875,338.096662,21.619083,0.0,2,true,true,stage_b_grid,false,governance.selection=pressure_max_under_constraints;seed=continuation
-0.35,production_hybrid,3c5f6b3c9bd535cff7657364dadb2efc31f2ea48,51.0,3,2.73125,338.578419,21.622276,0.0,2,true,true,stage_b_grid,false,governance.selection=pressure_max_under_constraints;seed=continuation
-0.35,production_hybrid,3c5f6b3c9bd535cff7657364dadb2efc31f2ea48,51.0,3,2.74375,339.059877,21.625482,0.0,2,true,true,stage_b_grid,false,governance.selection=pressure_max_under_constraints;seed=continuation
-0.35,production_hybrid,3c5f6b3c9bd535cff7657364dadb2efc31f2ea48,51.0,3,2.75625,339.54099,21.6287,0.0,2,true,true,stage_b_grid,false,governance.selection=pressure_max_under_constraints;seed=continuation
-0.35,production_hybrid,3c5f6b3c9bd535cff7657364dadb2efc31f2ea48,51.0,3,2.76875,340.021717,21.631931,0.0,2,true,true,stage_b_grid,false,governance.selection=pressure_max_under_constraints;seed=continuation
-0.35,production_hybrid,3c5f6b3c9bd535cff7657364dadb2efc31f2ea48,51.0,3,2.78125,340.502018,21.635173,0.0,2,true,true,stage_b_grid,false,governance.selection=pressure_max_under_constraints;seed=continuation
-0.35,production_hybrid,3c5f6b3c9bd535cff7657364dadb2efc31f2ea48,51.0,3,2.79375,340.981857,21.638427,0.0,2,true,true,stage_b_grid,false,governance.selection=pressure_max_under_constraints;seed=continuation
-0.35,production_hybrid,3c5f6b3c9bd535cff7657364dadb2efc31f2ea48,51.0,3,2.80625,341.461199,21.641691,0.0,2,true,true,stage_b_grid,false,governance.selection=pressure_max_under_constraints;seed=continuation
-0.35,production_hybrid,3c5f6b3c9bd535cff7657364dadb2efc31f2ea48,51.0,3,2.81875,341.940013,21.644967,0.0,2,true,true,stage_b_grid,false,governance.selection=pressure_max_under_constraints;seed=continuation
-0.35,production_hybrid,3c5f6b3c9bd535cff7657364dadb2efc31f2ea48,51.0,3,2.83125,342.418266,21.648254,0.0,2,true,true,stage_b_grid,false,governance.selection=pressure_max_under_constraints;seed=continuation
-0.35,production_hybrid,3c5f6b3c9bd535cff7657364dadb2efc31f2ea48,51.0,3,2.84375,342.895933,21.651551,0.0,2,true,true,stage_b_grid,false,governance.selection=pressure_max_under_constraints;seed=continuation
-0.35,production_hybrid,3c5f6b3c9bd535cff7657364dadb2efc31f2ea48,51.0,3,2.85625,343.372984,21.654858,0.0,2,true,true,stage_b_grid,false,governance.selection=pressure_max_under_constraints;seed=continuation
-0.35,production_hybrid,3c5f6b3c9bd535cff7657364dadb2efc31f2ea48,51.0,3,2.86875,343.849397,21.658175,0.0,2,true,true,stage_b_grid,false,governance.selection=pressure_max_under_constraints;seed=continuation
-0.35,production_hybrid,3c5f6b3c9bd535cff7657364dadb2efc31f2ea48,51.0,3,2.88125,344.325147,21.661502,0.0,2,true,true,stage_b_grid,false,governance.selection=pressure_max_under_constraints;seed=continuation
-0.35,production_hybrid,3c5f6b3c9bd535cff7657364dadb2efc31f2ea48,51.0,3,2.89375,344.800213,21.664839,0.0,2,true,true,stage_b_grid,false,governance.selection=pressure_max_under_constraints;seed=continuation
-0.35,production_hybrid,3c5f6b3c9bd535cff7657364dadb2efc31f2ea48,51.0,3,2.90625,345.274574,21.668185,0.0,2,true,true,stage_b_grid,false,governance.selection=pressure_max_under_constraints;seed=continuation
-0.35,production_hybrid,3c5f6b3c9bd535cff7657364dadb2efc31f2ea48,51.0,3,2.91875,345.748212,21.671541,0.0,2,true,true,stage_b_grid,false,governance.selection=pressure_max_under_constraints;seed=continuation
-0.35,production_hybrid,3c5f6b3c9bd535cff7657364dadb2efc31f2ea48,51.0,3,2.93125,346.221107,21.674906,0.0,2,true,true,stage_b_grid,false,governance.selection=pressure_max_under_constraints;seed=continuation
-0.35,production_hybrid,3c5f6b3c9bd535cff7657364dadb2efc31f2ea48,51.0,3,2.94375,346.693244,21.678279,0.0,2,true,true,stage_b_grid,false,governance.selection=pressure_max_under_constraints;seed=continuation
-0.35,production_hybrid,3c5f6b3c9bd535cff7657364dadb2efc31f2ea48,51.0,3,2.95625,347.164608,21.681662,0.0,2,true,true,stage_b_grid,false,governance.selection=pressure_max_under_constraints;seed=continuation
-0.35,production_hybrid,3c5f6b3c9bd535cff7657364dadb2efc31f2ea48,51.0,3,2.96875,347.635182,21.685053,0.0,2,true,true,stage_b_grid,false,governance.selection=pressure_max_under_constraints;seed=continuation
-0.35,production_hybrid,3c5f6b3c9bd535cff7657364dadb2efc31f2ea48,51.0,3,2.98125,348.104955,21.688452,0.0,2,true,true,stage_b_grid,false,governance.selection=pressure_max_under_constraints;seed=continuation
-0.35,production_hybrid,3c5f6b3c9bd535cff7657364dadb2efc31f2ea48,51.0,3,2.99375,348.573913,21.69186,0.0,2,true,true,stage_b_grid,false,governance.selection=pressure_max_under_constraints;seed=continuation
-0.35,production_hybrid,3c5f6b3c9bd535cff7657364dadb2efc31f2ea48,51.0,3,3.00625,349.042045,21.695277,0.0,2,true,true,stage_b_grid,false,governance.selection=pressure_max_under_constraints;seed=continuation
-0.35,production_hybrid,3c5f6b3c9bd535cff7657364dadb2efc31f2ea48,51.0,3,3.01875,349.509339,21.698701,0.0,2,true,true,stage_b_grid,false,governance.selection=pressure_max_under_constraints;seed=continuation
-0.35,production_hybrid,3c5f6b3c9bd535cff7657364dadb2efc31f2ea48,51.0,3,3.03125,349.975785,21.702133,0.0,2,true,true,stage_b_grid,false,governance.selection=pressure_max_under_constraints;seed=continuation
-0.35,production_hybrid,3c5f6b3c9bd535cff7657364dadb2efc31f2ea48,51.0,3,3.04375,350.441375,21.705573,0.0,2,true,true,stage_b_grid,false,governance.selection=pressure_max_under_constraints;seed=continuation
-0.35,production_hybrid,3c5f6b3c9bd535cff7657364dadb2efc31f2ea48,51.0,3,3.05625,350.906099,21.709021,0.0,2,true,true,stage_b_grid,false,governance.selection=pressure_max_under_constraints;seed=continuation
-0.35,production_hybrid,3c5f6b3c9bd535cff7657364dadb2efc31f2ea48,51.0,3,3.06875,351.369949,21.712477,0.0,2,true,true,stage_b_grid,false,governance.selection=pressure_max_under_constraints;seed=continuation
-0.35,production_hybrid,3c5f6b3c9bd535cff7657364dadb2efc31f2ea48,51.0,3,3.08125,351.832918,21.71594,0.0,2,true,true,stage_b_grid,false,governance.selection=pressure_max_under_constraints;seed=continuation
-0.35,production_hybrid,3c5f6b3c9bd535cff7657364dadb2efc31f2ea48,51.0,3,3.09375,352.294999,21.71941,0.0,2,true,true,stage_b_grid,false,governance.selection=pressure_max_under_constraints;seed=continuation
-0.35,production_hybrid,3c5f6b3c9bd535cff7657364dadb2efc31f2ea48,51.0,3,3.10625,352.756186,21.722888,0.0,2,true,true,stage_b_grid,false,governance.selection=pressure_max_under_constraints;seed=continuation
-0.35,production_hybrid,3c5f6b3c9bd535cff7657364dadb2efc31f2ea48,51.0,3,3.11875,353.216472,21.726373,0.0,2,true,true,stage_b_grid,false,governance.selection=pressure_max_under_constraints;seed=continuation
-0.35,production_hybrid,3c5f6b3c9bd535cff7657364dadb2efc31f2ea48,51.0,3,3.13125,353.675853,21.729865,0.0,2,true,true,stage_b_grid,false,governance.selection=pressure_max_under_constraints;seed=continuation
-0.35,production_hybrid,3c5f6b3c9bd535cff7657364dadb2efc31f2ea48,51.0,3,3.14375,354.134324,21.733364,0.0,2,true,true,stage_b_grid,false,governance.selection=pressure_max_under_constraints;seed=continuation
-0.35,production_hybrid,3c5f6b3c9bd535cff7657364dadb2efc31f2ea48,51.0,3,3.15625,354.591879,21.73687,0.0,2,true,true,stage_b_grid,false,governance.selection=pressure_max_under_constraints;seed=continuation
-0.35,production_hybrid,3c5f6b3c9bd535cff7657364dadb2efc31f2ea48,51.0,3,3.16875,355.048516,21.740382,0.0,2,true,true,stage_b_grid,false,governance.selection=pressure_max_under_constraints;seed=continuation
-0.35,production_hybrid,3c5f6b3c9bd535cff7657364dadb2efc31f2ea48,51.0,3,3.18125,355.504231,21.743902,0.0,2,true,true,stage_b_grid,false,governance.selection=pressure_max_under_constraints;seed=continuation
-0.35,production_hybrid,3c5f6b3c9bd535cff7657364dadb2efc31f2ea48,51.0,3,3.19375,355.95902,21.747428,0.0,2,true,true,stage_b_grid,false,governance.selection=pressure_max_under_constraints;seed=continuation
-0.35,production_hybrid,3c5f6b3c9bd535cff7657364dadb2efc31f2ea48,51.0,3,3.20625,356.412881,21.750961,0.0,2,true,true,stage_b_grid,false,governance.selection=pressure_max_under_constraints;seed=continuation
-0.35,production_hybrid,3c5f6b3c9bd535cff7657364dadb2efc31f2ea48,51.0,3,3.21875,356.865811,21.754501,0.0,2,true,true,stage_b_grid,false,governance.selection=pressure_max_under_constraints;seed=continuation
-0.35,production_hybrid,3c5f6b3c9bd535cff7657364dadb2efc31f2ea48,51.0,3,3.23125,357.317807,21.758046,0.0,2,true,true,stage_b_grid,false,governance.selection=pressure_max_under_constraints;seed=continuation
-0.35,production_hybrid,3c5f6b3c9bd535cff7657364dadb2efc31f2ea48,51.0,3,3.24375,357.768869,21.761599,0.0,2,true,true,stage_b_grid,false,governance.selection=pressure_max_under_constraints;seed=continuation
-0.35,production_hybrid,3c5f6b3c9bd535cff7657364dadb2efc31f2ea48,51.0,3,3.25625,358.218994,21.765157,0.0,2,true,true,stage_b_grid,false,governance.selection=pressure_max_under_constraints;seed=continuation
-0.35,production_hybrid,3c5f6b3c9bd535cff7657364dadb2efc31f2ea48,51.0,3,3.26875,358.66818,21.768722,0.0,2,true,true,stage_b_grid,false,governance.selection=pressure_max_under_constraints;seed=continuation
-0.35,production_hybrid,3c5f6b3c9bd535cff7657364dadb2efc31f2ea48,51.0,3,3.28125,359.116428,21.772293,0.0,2,true,true,stage_b_grid,false,governance.selection=pressure_max_under_constraints;seed=continuation
-0.35,production_hybrid,3c5f6b3c9bd535cff7657364dadb2efc31f2ea48,51.0,3,3.29375,359.563735,21.77587,0.0,2,true,true,stage_b_grid,false,governance.selection=pressure_max_under_constraints;seed=continuation
-0.35,production_hybrid,3c5f6b3c9bd535cff7657364dadb2efc31f2ea48,51.0,3,3.30625,360.010102,21.779453,0.0,2,true,true,stage_b_grid,false,governance.selection=pressure_max_under_constraints;seed=continuation
-0.35,production_hybrid,3c5f6b3c9bd535cff7657364dadb2efc31f2ea48,51.0,3,3.31875,360.455527,21.783042,0.0,2,true,true,stage_b_grid,false,governance.selection=pressure_max_under_constraints;seed=continuation
-0.35,production_hybrid,3c5f6b3c9bd535cff7657364dadb2efc31f2ea48,51.0,3,3.33125,360.90001,21.786637,0.0,2,true,true,stage_b_grid,false,governance.selection=pressure_max_under_constraints;seed=continuation
-0.35,production_hybrid,3c5f6b3c9bd535cff7657364dadb2efc31f2ea48,51.0,3,3.34375,361.343553,21.790238,0.0,2,true,true,stage_b_grid,false,governance.selection=pressure_max_under_constraints;seed=continuation
-0.35,production_hybrid,3c5f6b3c9bd535cff7657364dadb2efc31f2ea48,51.0,3,3.35625,361.786153,21.793845,0.0,2,true,true,stage_b_grid,false,governance.selection=pressure_max_under_constraints;seed=continuation
-0.35,production_hybrid,3c5f6b3c9bd535cff7657364dadb2efc31f2ea48,51.0,3,3.36875,362.227813,21.797457,0.0,2,true,true,stage_b_grid,false,governance.selection=pressure_max_under_constraints;seed=continuation
-0.35,production_hybrid,3c5f6b3c9bd535cff7657364dadb2efc31f2ea48,51.0,3,3.38125,362.668532,21.801075,0.0,2,true,true,stage_b_grid,false,governance.selection=pressure_max_under_constraints;seed=continuation
-0.35,production_hybrid,3c5f6b3c9bd535cff7657364dadb2efc31f2ea48,51.0,3,3.39375,363.10831,21.804699,0.0,2,true,true,stage_b_grid,false,governance.selection=pressure_max_under_constraints;seed=continuation
-0.35,production_hybrid,3c5f6b3c9bd535cff7657364dadb2efc31f2ea48,51.0,3,3.40625,363.54715,21.808329,0.0,2,true,true,stage_b_grid,false,governance.selection=pressure_max_under_constraints;seed=continuation
-0.35,production_hybrid,3c5f6b3c9bd535cff7657364dadb2efc31f2ea48,51.0,3,3.41875,363.985051,21.811964,0.0,2,true,true,stage_b_grid,false,governance.selection=pressure_max_under_constraints;seed=continuation
-0.35,production_hybrid,3c5f6b3c9bd535cff7657364dadb2efc31f2ea48,51.0,3,3.43125,364.422014,21.815604,0.0,2,true,true,stage_b_grid,false,governance.selection=pressure_max_under_constraints;seed=continuation
-0.35,production_hybrid,3c5f6b3c9bd535cff7657364dadb2efc31f2ea48,51.0,3,3.44375,364.858041,21.81925,0.0,2,true,true,stage_b_grid,false,governance.selection=pressure_max_under_constraints;seed=continuation
-0.35,production_hybrid,3c5f6b3c9bd535cff7657364dadb2efc31f2ea48,51.0,3,3.45625,365.293133,21.822901,0.0,2,true,true,stage_b_grid,false,governance.selection=pressure_max_under_constraints;seed=continuation
-0.35,production_hybrid,3c5f6b3c9bd535cff7657364dadb2efc31f2ea48,51.0,3,3.46875,365.727291,21.826558,0.0,2,true,true,stage_b_grid,false,governance.selection=pressure_max_under_constraints;seed=continuation
-0.35,production_hybrid,3c5f6b3c9bd535cff7657364dadb2efc31f2ea48,51.0,3,3.48125,366.160517,21.83022,0.0,2,true,true,stage_b_grid,false,governance.selection=pressure_max_under_constraints;seed=continuation
-0.35,production_hybrid,3c5f6b3c9bd535cff7657364dadb2efc31f2ea48,51.0,3,3.49375,366.592812,21.833888,0.0,2,true,true,stage_b_grid,false,governance.selection=pressure_max_under_constraints;seed=continuation
-0.35,production_hybrid,3c5f6b3c9bd535cff7657364dadb2efc31f2ea48,51.0,3,3.50625,367.024177,21.83756,0.0,2,true,true,stage_b_grid,false,governance.selection=pressure_max_under_constraints;seed=continuation
-0.35,production_hybrid,3c5f6b3c9bd535cff7657364dadb2efc31f2ea48,51.0,3,3.51875,367.454616,21.841238,0.0,2,true,true,stage_b_grid,false,governance.selection=pressure_max_under_constraints;seed=continuation
-0.35,production_hybrid,3c5f6b3c9bd535cff7657364dadb2efc31f2ea48,51.0,3,3.53125,367.884128,21.844921,0.0,2,true,true,stage_b_grid,false,governance.selection=pressure_max_under_constraints;seed=continuation
-0.35,production_hybrid,3c5f6b3c9bd535cff7657364dadb2efc31f2ea48,51.0,3,3.54375,368.312717,21.848609,0.0,2,true,true,stage_b_grid,false,governance.selection=pressure_max_under_constraints;seed=continuation
-0.35,production_hybrid,3c5f6b3c9bd535cff7657364dadb2efc31f2ea48,51.0,3,3.55625,368.740384,21.852302,0.0,2,true,true,stage_b_grid,false,governance.selection=pressure_max_under_constraints;seed=continuation
-0.35,production_hybrid,3c5f6b3c9bd535cff7657364dadb2efc31f2ea48,51.0,3,3.56875,369.167131,21.856,0.0,2,true,true,stage_b_grid,false,governance.selection=pressure_max_under_constraints;seed=continuation
-0.35,production_hybrid,3c5f6b3c9bd535cff7657364dadb2efc31f2ea48,51.0,3,3.58125,369.59296,21.859703,0.0,2,true,true,stage_b_grid,false,governance.selection=pressure_max_under_constraints;seed=continuation
-0.35,production_hybrid,3c5f6b3c9bd535cff7657364dadb2efc31f2ea48,51.0,3,3.59375,370.017874,21.863411,0.0,2,true,true,stage_b_grid,false,governance.selection=pressure_max_under_constraints;seed=continuation
-0.35,production_hybrid,3c5f6b3c9bd535cff7657364dadb2efc31f2ea48,51.0,3,3.60625,370.441874,21.867124,0.0,2,true,true,stage_b_grid,false,governance.selection=pressure_max_under_constraints;seed=continuation
-0.35,production_hybrid,3c5f6b3c9bd535cff7657364dadb2efc31f2ea48,51.0,3,3.61875,370.864962,21.870842,0.0,2,true,true,stage_b_grid,false,governance.selection=pressure_max_under_constraints;seed=continuation
-0.35,production_hybrid,3c5f6b3c9bd535cff7657364dadb2efc31f2ea48,51.0,3,3.63125,371.287142,21.874565,0.0,2,true,true,stage_b_grid,false,governance.selection=pressure_max_under_constraints;seed=continuation
-0.35,production_hybrid,3c5f6b3c9bd535cff7657364dadb2efc31f2ea48,51.0,3,3.64375,371.708414,21.878292,0.0,2,true,true,stage_b_grid,false,governance.selection=pressure_max_under_constraints;seed=continuation
-0.35,production_hybrid,3c5f6b3c9bd535cff7657364dadb2efc31f2ea48,51.0,3,3.65625,372.128783,21.882025,0.0,2,true,true,stage_b_grid,false,governance.selection=pressure_max_under_constraints;seed=continuation
-0.35,production_hybrid,3c5f6b3c9bd535cff7657364dadb2efc31f2ea48,51.0,3,3.66875,372.548249,21.885762,0.0,2,true,true,stage_b_grid,false,governance.selection=pressure_max_under_constraints;seed=continuation
-0.35,production_hybrid,3c5f6b3c9bd535cff7657364dadb2efc31f2ea48,51.0,3,3.68125,372.966816,21.889503,0.0,2,true,true,stage_b_grid,false,governance.selection=pressure_max_under_constraints;seed=continuation
-0.35,production_hybrid,3c5f6b3c9bd535cff7657364dadb2efc31f2ea48,51.0,3,3.69375,373.384486,21.89325,0.0,2,true,true,stage_b_grid,false,governance.selection=pressure_max_under_constraints;seed=continuation
-0.35,production_hybrid,3c5f6b3c9bd535cff7657364dadb2efc31f2ea48,51.0,3,3.70625,373.80126,21.897001,0.0,2,true,true,stage_b_grid,false,governance.selection=pressure_max_under_constraints;seed=continuation
-0.35,production_hybrid,3c5f6b3c9bd535cff7657364dadb2efc31f2ea48,51.0,3,3.71875,374.217143,21.900757,0.0,2,true,true,stage_b_grid,false,governance.selection=pressure_max_under_constraints;seed=continuation
-0.35,production_hybrid,3c5f6b3c9bd535cff7657364dadb2efc31f2ea48,51.0,3,3.73125,374.632136,21.904517,0.0,2,true,true,stage_b_grid,false,governance.selection=pressure_max_under_constraints;seed=continuation
-0.35,production_hybrid,3c5f6b3c9bd535cff7657364dadb2efc31f2ea48,51.0,3,3.74375,375.046242,21.908282,0.0,2,true,true,stage_b_grid,false,governance.selection=pressure_max_under_constraints;seed=continuation
-0.35,production_hybrid,3c5f6b3c9bd535cff7657364dadb2efc31f2ea48,51.0,3,3.75625,375.459464,21.912051,0.0,2,true,true,stage_b_grid,false,governance.selection=pressure_max_under_constraints;seed=continuation
-0.35,production_hybrid,3c5f6b3c9bd535cff7657364dadb2efc31f2ea48,51.0,3,3.76875,375.871803,21.915825,0.0,2,true,true,stage_b_grid,false,governance.selection=pressure_max_under_constraints;seed=continuation
-0.35,production_hybrid,3c5f6b3c9bd535cff7657364dadb2efc31f2ea48,51.0,3,3.78125,376.283263,21.919603,0.0,2,true,true,stage_b_grid,false,governance.selection=pressure_max_under_constraints;seed=continuation
-0.35,production_hybrid,3c5f6b3c9bd535cff7657364dadb2efc31f2ea48,51.0,3,3.79375,376.693847,21.923386,0.0,2,true,true,stage_b_grid,false,governance.selection=pressure_max_under_constraints;seed=continuation
-0.35,production_hybrid,3c5f6b3c9bd535cff7657364dadb2efc31f2ea48,51.0,3,3.80625,377.103556,21.927173,0.0,2,true,true,stage_b_grid,false,governance.selection=pressure_max_under_constraints;seed=continuation
-0.35,production_hybrid,3c5f6b3c9bd535cff7657364dadb2efc31f2ea48,51.0,3,3.81875,377.512394,21.930965,0.0,2,true,true,stage_b_grid,false,governance.selection=pressure_max_under_constraints;seed=continuation
-0.35,production_hybrid,3c5f6b3c9bd535cff7657364dadb2efc31f2ea48,51.0,3,3.83125,377.920363,21.934761,0.0,2,true,true,stage_b_grid,false,governance.selection=pressure_max_under_constraints;seed=continuation
-0.35,production_hybrid,3c5f6b3c9bd535cff7657364dadb2efc31f2ea48,51.0,3,3.84375,378.327467,21.938561,0.0,2,true,true,stage_b_grid,false,governance.selection=pressure_max_under_constraints;seed=continuation
-0.35,production_hybrid,3c5f6b3c9bd535cff7657364dadb2efc31f2ea48,51.0,3,3.85625,378.733706,21.942365,0.0,2,true,true,stage_b_grid,false,governance.selection=pressure_max_under_constraints;seed=continuation
-0.35,production_hybrid,3c5f6b3c9bd535cff7657364dadb2efc31f2ea48,51.0,3,3.86875,379.139085,21.946174,0.0,2,true,true,stage_b_grid,false,governance.selection=pressure_max_under_constraints;seed=continuation
-0.35,production_hybrid,3c5f6b3c9bd535cff7657364dadb2efc31f2ea48,51.0,3,3.88125,379.543606,21.949987,0.0,2,true,true,stage_b_grid,false,governance.selection=pressure_max_under_constraints;seed=continuation
-0.35,production_hybrid,3c5f6b3c9bd535cff7657364dadb2efc31f2ea48,51.0,3,3.89375,379.947271,21.953804,0.0,2,true,true,stage_b_grid,false,governance.selection=pressure_max_under_constraints;seed=continuation
-0.35,production_hybrid,3c5f6b3c9bd535cff7657364dadb2efc31f2ea48,51.0,3,3.90625,380.350083,21.957626,0.0,2,true,true,stage_b_grid,false,governance.selection=pressure_max_under_constraints;seed=continuation
-0.35,production_hybrid,3c5f6b3c9bd535cff7657364dadb2efc31f2ea48,51.0,3,3.91875,380.752046,21.961451,0.0,2,true,true,stage_b_grid,false,governance.selection=pressure_max_under_constraints;seed=continuation
-0.35,production_hybrid,3c5f6b3c9bd535cff7657364dadb2efc31f2ea48,51.0,3,3.93125,381.153161,21.965281,0.0,2,true,true,stage_b_grid,false,governance.selection=pressure_max_under_constraints;seed=continuation
-0.35,production_hybrid,3c5f6b3c9bd535cff7657364dadb2efc31f2ea48,51.0,3,3.94375,381.553431,21.969115,0.0,2,true,true,stage_b_grid,false,governance.selection=pressure_max_under_constraints;seed=continuation
-0.35,production_hybrid,3c5f6b3c9bd535cff7657364dadb2efc31f2ea48,51.0,3,3.95625,381.952859,21.972953,0.0,2,true,true,stage_b_grid,false,governance.selection=pressure_max_under_constraints;seed=continuation
-0.35,production_hybrid,3c5f6b3c9bd535cff7657364dadb2efc31f2ea48,51.0,3,3.96875,382.351448,21.976795,0.0,2,true,true,stage_b_grid,false,governance.selection=pressure_max_under_constraints;seed=continuation
-0.35,production_hybrid,3c5f6b3c9bd535cff7657364dadb2efc31f2ea48,51.0,3,3.98125,382.749201,21.980641,0.0,2,true,true,stage_b_grid,false,governance.selection=pressure_max_under_constraints;seed=continuation
-0.35,production_hybrid,3c5f6b3c9bd535cff7657364dadb2efc31f2ea48,51.0,3,3.99375,383.146119,21.98449,0.0,2,true,true,stage_b_grid,false,governance.selection=pressure_max_under_constraints;seed=continuation
-0.35,production_hybrid,3c5f6b3c9bd535cff7657364dadb2efc31f2ea48,51.0,4,0.009375,317.688463,21.608403,0.0,4,true,true,stage_c_guard,false,governance.selection=pressure_max_under_constraints;seed=continuation
-0.35,production_hybrid,3c5f6b3c9bd535cff7657364dadb2efc31f2ea48,51.0,4,0.015625,326.048903,21.608651,0.0,3,true,true,stage_c_guard,false,governance.selection=pressure_max_under_constraints;seed=continuation
-0.35,production_hybrid,3c5f6b3c9bd535cff7657364dadb2efc31f2ea48,51.0,4,0.021875,331.445248,21.608895,0.0,3,true,true,stage_c_guard,false,governance.selection=pressure_max_under_constraints;seed=continuation
-0.35,production_hybrid,3c5f6b3c9bd535cff7657364dadb2efc31f2ea48,51.0,4,0.028125,335.393826,21.609134,0.0,3,true,true,stage_c_guard,false,governance.selection=pressure_max_under_constraints;seed=continuation
-0.35,production_hybrid,3c5f6b3c9bd535cff7657364dadb2efc31f2ea48,51.0,4,0.034375,338.481375,21.609368,0.0,3,true,true,stage_c_guard,false,governance.selection=pressure_max_under_constraints;seed=continuation
-0.35,production_hybrid,3c5f6b3c9bd535cff7657364dadb2efc31f2ea48,51.0,4,0.071875,349.075636,21.610667,0.0,3,true,true,stage_c_guard,false,governance.selection=pressure_max_under_constraints;seed=continuation
-0.35,production_hybrid,3c5f6b3c9bd535cff7657364dadb2efc31f2ea48,51.0,4,0.328125,361.51366,21.614748,0.0,2,true,true,stage_c_guard,false,governance.selection=pressure_max_under_constraints;seed=continuation
-0.35,production_hybrid,3c5f6b3c9bd535cff7657364dadb2efc31f2ea48,51.0,4,1.178125,337.939532,21.566728,0.0,2,true,true,stage_c_guard,false,governance.selection=pressure_max_under_constraints;seed=continuation
-0.35,production_hybrid,3c5f6b3c9bd535cff7657364dadb2efc31f2ea48,51.0,4,1.215625,336.473125,21.562459,0.0,2,true,true,stage_c_guard,false,governance.selection=pressure_max_under_constraints;seed=continuation
-0.35,production_hybrid,3c5f6b3c9bd535cff7657364dadb2efc31f2ea48,51.0,4,1.321875,332.281793,21.549523,0.0,2,true,true,stage_c_guard,false,governance.selection=pressure_max_under_constraints;seed=continuation
-0.35,production_hybrid,3c5f6b3c9bd535cff7657364dadb2efc31f2ea48,51.0,4,1.934375,314.857324,21.483342,0.0,2,true,true,stage_c_guard,false,governance.selection=pressure_max_under_constraints;seed=continuation
-0.35,production_hybrid,3c5f6b3c9bd535cff7657364dadb2efc31f2ea48,51.0,4,2.678125,336.529474,21.608796,0.0,2,true,true,stage_c_guard,false,governance.selection=pressure_max_under_constraints;seed=continuation
