xi,method,calculation_sha,T_MeV,rho_level,rho,muq_MeV,pressure_fm4,residual_norm,iterations,converged,finite,sampling_role,cache_reused,solver_message
-0.15,independent_oracle,3c5f6b3c9bd535cff7657364dadb2efc31f2ea48,41.0,0,0.0,9.335643,21.608021,0.0,49,true,true,coarse_grid,false,governance.selection=pressure_max_under_constraints;seed=continuation
-0.15,independent_oracle,3c5f6b3c9bd535cff7657364dadb2efc31f2ea48,41.0,0,0.00625,329.90583,21.608226,0.0,4,true,true,coarse_grid,false,governance.selection=pressure_max_under_constraints;seed=continuation
-0.15,independent_oracle,3c5f6b3c9bd535cff7657364dadb2efc31f2ea48,41.0,0,0.0125,339.112024,21.608428,0.0,4,true,true,coarse_grid,false,governance.selection=pressure_max_under_constraints;seed=continuation
-0.15,independent_oracle,3c5f6b3c9bd535cff7657364dadb2efc31f2ea48,41.0,0,0.01875,344.38643,21.608626,0.0,4,true,true,coarse_grid,false,governance.selection=pressure_max_under_constraints;seed=continuation
-0.15,independent_oracle,3c5f6b3c9bd535cff7657364dadb2efc31f2ea48,41.0,0,0.025,348.051003,21.608819,0.0,3,true,true,coarse_grid,false,governance.selection=pressure_max_under_constraints;seed=continuation
-0.15,independent_oracle,3c5f6b3c9bd535cff7657364dadb2efc31f2ea48,41.0,0,0.03125,350.833417,21.609009,0.0,3,true,true,coarse_grid,false,governance.selection=pressure_max_under_constraints;seed=continuation
-0.15,independent_oracle,3c5f6b3c9bd535cff7657364dadb2efc31f2ea48,41.0,0,0.0375,353.057799,21.609194,0.0,3,true,true,coarse_grid,false,governance.selection=pressure_max_under_constraints;seed=continuation
-0.15,independent_oracle,3c5f6b3c9bd535cff7657364dadb2efc31f2ea48,41.0,0,0.04375,354.897049,21.609376,0.0,3,true,true,coarse_grid,false,governance.selection=pressure_max_under_constraints;seed=continuation
-0.15,independent_oracle,3c5f6b3c9bd535cff7657364dadb2efc31f2ea48,41.0,0,0.05,356.454373,21.609553,0.0,3,true,true,coarse_grid,false,governance.selection=pressure_max_under_constraints;seed=continuation
-0.15,independent_oracle,3c5f6b3c9bd535cff7657364dadb2efc31f2ea48,41.0,0,0.05625,357.79634,21.609726,0.0,3,true,true,coarse_grid,false,governance.selection=pressure_max_under_constraints;seed=continuation
-0.15,independent_oracle,3c5f6b3c9bd535cff7657364dadb2efc31f2ea48,41.0,0,0.0625,358.968406,21.609895,0.0,3,true,true,coarse_grid,false,governance.selection=pressure_max_under_constraints;seed=continuation
-0.15,independent_oracle,3c5f6b3c9bd535cff7657364dadb2efc31f2ea48,41.0,0,0.06875,360.002989,21.61006,0.0,3,true,true,coarse_grid,false,governance.selection=pressure_max_under_constraints;seed=continuation
-0.15,independent_oracle,3c5f6b3c9bd535cff7657364dadb2efc31f2ea48,41.0,0,0.075,360.924029,21.610221,0.0,3,true,true,coarse_grid,false,governance.selection=pressure_max_under_constraints;seed=continuation
-0.15,independent_oracle,3c5f6b3c9bd535cff7657364dadb2efc31f2ea48,41.0,0,0.08125,361.749705,21.610378,0.0,3,true,true,coarse_grid,false,governance.selection=pressure_max_under_constraints;seed=continuation
-0.15,independent_oracle,3c5f6b3c9bd535cff7657364dadb2efc31f2ea48,41.0,0,0.0875,362.494149,21.610531,0.0,3,true,true,coarse_grid,false,governance.selection=pressure_max_under_constraints;seed=continuation
-0.15,independent_oracle,3c5f6b3c9bd535cff7657364dadb2efc31f2ea48,41.0,0,0.09375,363.168562,21.610679,0.0,3,true,true,coarse_grid,false,governance.selection=pressure_max_under_constraints;seed=continuation
-0.15,independent_oracle,3c5f6b3c9bd535cff7657364dadb2efc31f2ea48,41.0,0,0.1,363.781976,21.610824,0.0,3,true,true,coarse_grid,false,governance.selection=pressure_max_under_constraints;seed=continuation
-0.15,independent_oracle,3c5f6b3c9bd535cff7657364dadb2efc31f2ea48,41.0,0,0.10625,364.341777,21.610964,0.0,3,true,true,coarse_grid,false,governance.selection=pressure_max_under_constraints;seed=continuation
-0.15,independent_oracle,3c5f6b3c9bd535cff7657364dadb2efc31f2ea48,41.0,0,0.1125,364.854086,21.6111,0.0,3,true,true,coarse_grid,false,governance.selection=pressure_max_under_constraints;seed=continuation
-0.15,independent_oracle,3c5f6b3c9bd535cff7657364dadb2efc31f2ea48,41.0,0,0.11875,365.324028,21.611232,0.0,3,true,true,coarse_grid,false,governance.selection=pressure_max_under_constraints;seed=continuation
-0.15,independent_oracle,3c5f6b3c9bd535cff7657364dadb2efc31f2ea48,41.0,0,0.125,365.75594,21.61136,0.0,3,true,true,coarse_grid,false,governance.selection=pressure_max_under_constraints;seed=continuation
-0.15,independent_oracle,3c5f6b3c9bd535cff7657364dadb2efc31f2ea48,41.0,0,0.13125,366.153523,21.611484,0.0,3,true,true,coarse_grid,false,governance.selection=pressure_max_under_constraints;seed=continuation
-0.15,independent_oracle,3c5f6b3c9bd535cff7657364dadb2efc31f2ea48,41.0,0,0.1375,366.519964,21.611604,0.0,3,true,true,coarse_grid,false,governance.selection=pressure_max_under_constraints;seed=continuation
-0.15,independent_oracle,3c5f6b3c9bd535cff7657364dadb2efc31f2ea48,41.0,0,0.14375,366.858021,21.61172,0.0,3,true,true,coarse_grid,false,governance.selection=pressure_max_under_constraints;seed=continuation
-0.15,independent_oracle,3c5f6b3c9bd535cff7657364dadb2efc31f2ea48,41.0,0,0.15,367.170102,21.611831,0.0,3,true,true,coarse_grid,false,governance.selection=pressure_max_under_constraints;seed=continuation
-0.15,independent_oracle,3c5f6b3c9bd535cff7657364dadb2efc31f2ea48,41.0,0,0.15625,367.45832,21.611938,0.0,3,true,true,coarse_grid,false,governance.selection=pressure_max_under_constraints;seed=continuation
-0.15,independent_oracle,3c5f6b3c9bd535cff7657364dadb2efc31f2ea48,41.0,0,0.1625,367.72454,21.612042,0.0,3,true,true,coarse_grid,false,governance.selection=pressure_max_under_constraints;seed=continuation
-0.15,independent_oracle,3c5f6b3c9bd535cff7657364dadb2efc31f2ea48,41.0,0,0.16875,367.970415,21.612141,0.0,3,true,true,coarse_grid,false,governance.selection=pressure_max_under_constraints;seed=continuation
-0.15,independent_oracle,3c5f6b3c9bd535cff7657364dadb2efc31f2ea48,41.0,0,0.175,368.197416,21.612235,0.0,3,true,true,coarse_grid,false,governance.selection=pressure_max_under_constraints;seed=continuation
-0.15,independent_oracle,3c5f6b3c9bd535cff7657364dadb2efc31f2ea48,41.0,0,0.18125,368.406863,21.612326,0.0,3,true,true,coarse_grid,false,governance.selection=pressure_max_under_constraints;seed=continuation
-0.15,independent_oracle,3c5f6b3c9bd535cff7657364dadb2efc31f2ea48,41.0,0,0.1875,368.599939,21.612413,0.0,3,true,true,coarse_grid,false,governance.selection=pressure_max_under_constraints;seed=continuation
-0.15,independent_oracle,3c5f6b3c9bd535cff7657364dadb2efc31f2ea48,41.0,0,0.19375,368.777712,21.612495,0.0,3,true,true,coarse_grid,false,governance.selection=pressure_max_under_constraints;seed=continuation
-0.15,independent_oracle,3c5f6b3c9bd535cff7657364dadb2efc31f2ea48,41.0,0,0.2,368.941147,21.612573,0.0,3,true,true,coarse_grid,false,governance.selection=pressure_max_under_constraints;seed=continuation
-0.15,independent_oracle,3c5f6b3c9bd535cff7657364dadb2efc31f2ea48,41.0,0,0.20625,369.091121,21.612648,0.0,3,true,true,coarse_grid,false,governance.selection=pressure_max_under_constraints;seed=continuation
-0.15,independent_oracle,3c5f6b3c9bd535cff7657364dadb2efc31f2ea48,41.0,0,0.2125,369.228433,21.612717,0.0,3,true,true,coarse_grid,false,governance.selection=pressure_max_under_constraints;seed=continuation
-0.15,independent_oracle,3c5f6b3c9bd535cff7657364dadb2efc31f2ea48,41.0,0,0.21875,369.353811,21.612783,0.0,3,true,true,coarse_grid,false,governance.selection=pressure_max_under_constraints;seed=continuation
-0.15,independent_oracle,3c5f6b3c9bd535cff7657364dadb2efc31f2ea48,41.0,0,0.225,369.467923,21.612845,0.0,3,true,true,coarse_grid,false,governance.selection=pressure_max_under_constraints;seed=continuation
-0.15,independent_oracle,3c5f6b3c9bd535cff7657364dadb2efc31f2ea48,41.0,0,0.23125,369.571381,21.612902,0.0,3,true,true,coarse_grid,false,governance.selection=pressure_max_under_constraints;seed=continuation
-0.15,independent_oracle,3c5f6b3c9bd535cff7657364dadb2efc31f2ea48,41.0,0,0.2375,369.664751,21.612955,0.0,3,true,true,coarse_grid,false,governance.selection=pressure_max_under_constraints;seed=continuation
-0.15,independent_oracle,3c5f6b3c9bd535cff7657364dadb2efc31f2ea48,41.0,0,0.24375,369.74855,21.613004,0.0,3,true,true,coarse_grid,false,governance.selection=pressure_max_under_constraints;seed=continuation
-0.15,independent_oracle,3c5f6b3c9bd535cff7657364dadb2efc31f2ea48,41.0,0,0.25,369.82326,21.613049,0.0,3,true,true,coarse_grid,false,governance.selection=pressure_max_under_constraints;seed=continuation
-0.15,independent_oracle,3c5f6b3c9bd535cff7657364dadb2efc31f2ea48,41.0,0,0.25625,369.889325,21.61309,0.0,3,true,true,coarse_grid,false,governance.selection=pressure_max_under_constraints;seed=continuation
-0.15,independent_oracle,3c5f6b3c9bd535cff7657364dadb2efc31f2ea48,41.0,0,0.2625,369.94716,21.613126,0.0,3,true,true,coarse_grid,false,governance.selection=pressure_max_under_constraints;seed=continuation
-0.15,independent_oracle,3c5f6b3c9bd535cff7657364dadb2efc31f2ea48,41.0,0,0.26875,369.997146,21.613159,0.0,3,true,true,coarse_grid,false,governance.selection=pressure_max_under_constraints;seed=continuation
-0.15,independent_oracle,3c5f6b3c9bd535cff7657364dadb2efc31f2ea48,41.0,0,0.275,370.039642,21.613187,0.0,2,true,true,coarse_grid,false,governance.selection=pressure_max_under_constraints;seed=continuation
-0.15,independent_oracle,3c5f6b3c9bd535cff7657364dadb2efc31f2ea48,41.0,0,0.28125,370.074982,21.613211,0.0,2,true,true,coarse_grid,false,governance.selection=pressure_max_under_constraints;seed=continuation
-0.15,independent_oracle,3c5f6b3c9bd535cff7657364dadb2efc31f2ea48,41.0,0,0.2875,370.103476,21.61323,0.0,2,true,true,coarse_grid,false,governance.selection=pressure_max_under_constraints;seed=continuation
-0.15,independent_oracle,3c5f6b3c9bd535cff7657364dadb2efc31f2ea48,41.0,0,0.29375,370.125416,21.613246,0.0,2,true,true,coarse_grid,false,governance.selection=pressure_max_under_constraints;seed=continuation
-0.15,independent_oracle,3c5f6b3c9bd535cff7657364dadb2efc31f2ea48,41.0,0,0.3,370.141075,21.613257,0.0,2,true,true,coarse_grid,false,governance.selection=pressure_max_under_constraints;seed=continuation
-0.15,independent_oracle,3c5f6b3c9bd535cff7657364dadb2efc31f2ea48,41.0,0,0.30625,370.15071,21.613264,0.0,2,true,true,coarse_grid,false,governance.selection=pressure_max_under_constraints;seed=continuation
-0.15,independent_oracle,3c5f6b3c9bd535cff7657364dadb2efc31f2ea48,41.0,0,0.3125,370.154561,21.613267,0.0,2,true,true,coarse_grid,false,governance.selection=pressure_max_under_constraints;seed=continuation
-0.15,independent_oracle,3c5f6b3c9bd535cff7657364dadb2efc31f2ea48,41.0,0,0.31875,370.152855,21.613266,0.0,2,true,true,coarse_grid,false,governance.selection=pressure_max_under_constraints;seed=continuation
-0.15,independent_oracle,3c5f6b3c9bd535cff7657364dadb2efc31f2ea48,41.0,0,0.325,370.145806,21.61326,0.0,2,true,true,coarse_grid,false,governance.selection=pressure_max_under_constraints;seed=continuation
-0.15,independent_oracle,3c5f6b3c9bd535cff7657364dadb2efc31f2ea48,41.0,0,0.33125,370.133615,21.613251,0.0,2,true,true,coarse_grid,false,governance.selection=pressure_max_under_constraints;seed=continuation
-0.15,independent_oracle,3c5f6b3c9bd535cff7657364dadb2efc31f2ea48,41.0,0,0.3375,370.116471,21.613237,0.0,2,true,true,coarse_grid,false,governance.selection=pressure_max_under_constraints;seed=continuation
-0.15,independent_oracle,3c5f6b3c9bd535cff7657364dadb2efc31f2ea48,41.0,0,0.34375,370.094556,21.613218,0.0,2,true,true,coarse_grid,false,governance.selection=pressure_max_under_constraints;seed=continuation
-0.15,independent_oracle,3c5f6b3c9bd535cff7657364dadb2efc31f2ea48,41.0,0,0.35,370.068038,21.613196,0.0,2,true,true,coarse_grid,false,governance.selection=pressure_max_under_constraints;seed=continuation
-0.15,independent_oracle,3c5f6b3c9bd535cff7657364dadb2efc31f2ea48,41.0,0,0.35625,370.037079,21.61317,0.0,2,true,true,coarse_grid,false,governance.selection=pressure_max_under_constraints;seed=continuation
-0.15,independent_oracle,3c5f6b3c9bd535cff7657364dadb2efc31f2ea48,41.0,0,0.3625,370.001832,21.613139,0.0,2,true,true,coarse_grid,false,governance.selection=pressure_max_under_constraints;seed=continuation
-0.15,independent_oracle,3c5f6b3c9bd535cff7657364dadb2efc31f2ea48,41.0,0,0.36875,369.962442,21.613104,0.0,2,true,true,coarse_grid,false,governance.selection=pressure_max_under_constraints;seed=continuation
-0.15,independent_oracle,3c5f6b3c9bd535cff7657364dadb2efc31f2ea48,41.0,0,0.375,369.919047,21.613064,0.0,2,true,true,coarse_grid,false,governance.selection=pressure_max_under_constraints;seed=continuation
-0.15,independent_oracle,3c5f6b3c9bd535cff7657364dadb2efc31f2ea48,41.0,0,0.38125,369.871777,21.613021,0.0,2,true,true,coarse_grid,false,governance.selection=pressure_max_under_constraints;seed=continuation
-0.15,independent_oracle,3c5f6b3c9bd535cff7657364dadb2efc31f2ea48,41.0,0,0.3875,369.820758,21.612973,0.0,2,true,true,coarse_grid,false,governance.selection=pressure_max_under_constraints;seed=continuation
-0.15,independent_oracle,3c5f6b3c9bd535cff7657364dadb2efc31f2ea48,41.0,0,0.39375,369.766109,21.612921,0.0,2,true,true,coarse_grid,false,governance.selection=pressure_max_under_constraints;seed=continuation
-0.15,independent_oracle,3c5f6b3c9bd535cff7657364dadb2efc31f2ea48,41.0,0,0.4,369.707941,21.612865,0.0,2,true,true,coarse_grid,false,governance.selection=pressure_max_under_constraints;seed=continuation
-0.15,independent_oracle,3c5f6b3c9bd535cff7657364dadb2efc31f2ea48,41.0,0,0.40625,369.646365,21.612805,0.0,2,true,true,coarse_grid,false,governance.selection=pressure_max_under_constraints;seed=continuation
-0.15,independent_oracle,3c5f6b3c9bd535cff7657364dadb2efc31f2ea48,41.0,0,0.4125,369.581482,21.61274,0.0,2,true,true,coarse_grid,false,governance.selection=pressure_max_under_constraints;seed=continuation
-0.15,independent_oracle,3c5f6b3c9bd535cff7657364dadb2efc31f2ea48,41.0,0,0.41875,369.513392,21.612671,0.0,2,true,true,coarse_grid,false,governance.selection=pressure_max_under_constraints;seed=continuation
-0.15,independent_oracle,3c5f6b3c9bd535cff7657364dadb2efc31f2ea48,41.0,0,0.425,369.442188,21.612598,0.0,2,true,true,coarse_grid,false,governance.selection=pressure_max_under_constraints;seed=continuation
-0.15,independent_oracle,3c5f6b3c9bd535cff7657364dadb2efc31f2ea48,41.0,0,0.43125,369.367962,21.612521,0.0,2,true,true,coarse_grid,false,governance.selection=pressure_max_under_constraints;seed=continuation
-0.15,independent_oracle,3c5f6b3c9bd535cff7657364dadb2efc31f2ea48,41.0,0,0.4375,369.290798,21.612439,0.0,2,true,true,coarse_grid,false,governance.selection=pressure_max_under_constraints;seed=continuation
-0.15,independent_oracle,3c5f6b3c9bd535cff7657364dadb2efc31f2ea48,41.0,0,0.44375,369.210781,21.612354,0.0,2,true,true,coarse_grid,false,governance.selection=pressure_max_under_constraints;seed=continuation
-0.15,independent_oracle,3c5f6b3c9bd535cff7657364dadb2efc31f2ea48,41.0,0,0.45,369.12799,21.612264,0.0,2,true,true,coarse_grid,false,governance.selection=pressure_max_under_constraints;seed=continuation
-0.15,independent_oracle,3c5f6b3c9bd535cff7657364dadb2efc31f2ea48,41.0,0,0.45625,369.042501,21.612169,0.0,2,true,true,coarse_grid,false,governance.selection=pressure_max_under_constraints;seed=continuation
-0.15,independent_oracle,3c5f6b3c9bd535cff7657364dadb2efc31f2ea48,41.0,0,0.4625,368.954386,21.612071,0.0,2,true,true,coarse_grid,false,governance.selection=pressure_max_under_constraints;seed=continuation
-0.15,independent_oracle,3c5f6b3c9bd535cff7657364dadb2efc31f2ea48,41.0,0,0.46875,368.863717,21.611968,0.0,2,true,true,coarse_grid,false,governance.selection=pressure_max_under_constraints;seed=continuation
-0.15,independent_oracle,3c5f6b3c9bd535cff7657364dadb2efc31f2ea48,41.0,0,0.475,368.77056,21.611861,0.0,2,true,true,coarse_grid,false,governance.selection=pressure_max_under_constraints;seed=continuation
-0.15,independent_oracle,3c5f6b3c9bd535cff7657364dadb2efc31f2ea48,41.0,0,0.48125,368.674981,21.61175,0.0,2,true,true,coarse_grid,false,governance.selection=pressure_max_under_constraints;seed=continuation
-0.15,independent_oracle,3c5f6b3c9bd535cff7657364dadb2efc31f2ea48,41.0,0,0.4875,368.577043,21.611635,0.0,2,true,true,coarse_grid,false,governance.selection=pressure_max_under_constraints;seed=continuation
-0.15,independent_oracle,3c5f6b3c9bd535cff7657364dadb2efc31f2ea48,41.0,0,0.49375,368.476805,21.611515,0.0,2,true,true,coarse_grid,false,governance.selection=pressure_max_under_constraints;seed=continuation
-0.15,independent_oracle,3c5f6b3c9bd535cff7657364dadb2efc31f2ea48,41.0,0,0.5,368.374326,21.611391,0.0,2,true,true,coarse_grid,false,governance.selection=pressure_max_under_constraints;seed=continuation
-0.15,independent_oracle,3c5f6b3c9bd535cff7657364dadb2efc31f2ea48,41.0,0,0.50625,368.269661,21.611263,0.0,2,true,true,coarse_grid,false,governance.selection=pressure_max_under_constraints;seed=continuation
-0.15,independent_oracle,3c5f6b3c9bd535cff7657364dadb2efc31f2ea48,41.0,0,0.5125,368.162865,21.611131,0.0,2,true,true,coarse_grid,false,governance.selection=pressure_max_under_constraints;seed=continuation
-0.15,independent_oracle,3c5f6b3c9bd535cff7657364dadb2efc31f2ea48,41.0,0,0.51875,368.053989,21.610994,0.0,2,true,true,coarse_grid,false,governance.selection=pressure_max_under_constraints;seed=continuation
-0.15,independent_oracle,3c5f6b3c9bd535cff7657364dadb2efc31f2ea48,41.0,0,0.525,367.943084,21.610853,0.0,2,true,true,coarse_grid,false,governance.selection=pressure_max_under_constraints;seed=continuation
-0.15,independent_oracle,3c5f6b3c9bd535cff7657364dadb2efc31f2ea48,41.0,0,0.53125,367.830198,21.610708,0.0,2,true,true,coarse_grid,false,governance.selection=pressure_max_under_constraints;seed=continuation
-0.15,independent_oracle,3c5f6b3c9bd535cff7657364dadb2efc31f2ea48,41.0,0,0.5375,367.715379,21.610559,0.0,2,true,true,coarse_grid,false,governance.selection=pressure_max_under_constraints;seed=continuation
-0.15,independent_oracle,3c5f6b3c9bd535cff7657364dadb2efc31f2ea48,41.0,0,0.54375,367.598671,21.610406,0.0,2,true,true,coarse_grid,false,governance.selection=pressure_max_under_constraints;seed=continuation
-0.15,independent_oracle,3c5f6b3c9bd535cff7657364dadb2efc31f2ea48,41.0,0,0.55,367.480119,21.610248,0.0,2,true,true,coarse_grid,false,governance.selection=pressure_max_under_constraints;seed=continuation
-0.15,independent_oracle,3c5f6b3c9bd535cff7657364dadb2efc31f2ea48,41.0,0,0.55625,367.359764,21.610086,0.0,2,true,true,coarse_grid,false,governance.selection=pressure_max_under_constraints;seed=continuation
-0.15,independent_oracle,3c5f6b3c9bd535cff7657364dadb2efc31f2ea48,41.0,0,0.5625,367.237649,21.60992,0.0,2,true,true,coarse_grid,false,governance.selection=pressure_max_under_constraints;seed=continuation
-0.15,independent_oracle,3c5f6b3c9bd535cff7657364dadb2efc31f2ea48,41.0,0,0.56875,367.113812,21.609749,0.0,2,true,true,coarse_grid,false,governance.selection=pressure_max_under_constraints;seed=continuation
-0.15,independent_oracle,3c5f6b3c9bd535cff7657364dadb2efc31f2ea48,41.0,0,0.575,366.988294,21.609575,0.0,2,true,true,coarse_grid,false,governance.selection=pressure_max_under_constraints;seed=continuation
-0.15,independent_oracle,3c5f6b3c9bd535cff7657364dadb2efc31f2ea48,41.0,0,0.58125,366.86113,21.609396,0.0,2,true,true,coarse_grid,false,governance.selection=pressure_max_under_constraints;seed=continuation
-0.15,independent_oracle,3c5f6b3c9bd535cff7657364dadb2efc31f2ea48,41.0,0,0.5875,366.732357,21.609213,0.0,2,true,true,coarse_grid,false,governance.selection=pressure_max_under_constraints;seed=continuation
-0.15,independent_oracle,3c5f6b3c9bd535cff7657364dadb2efc31f2ea48,41.0,0,0.59375,366.602011,21.609026,0.0,2,true,true,coarse_grid,false,governance.selection=pressure_max_under_constraints;seed=continuation
-0.15,independent_oracle,3c5f6b3c9bd535cff7657364dadb2efc31f2ea48,41.0,0,0.6,366.470126,21.608834,0.0,2,true,true,coarse_grid,false,governance.selection=pressure_max_under_constraints;seed=continuation
-0.15,independent_oracle,3c5f6b3c9bd535cff7657364dadb2efc31f2ea48,41.0,0,0.60625,366.336735,21.608639,0.0,2,true,true,coarse_grid,false,governance.selection=pressure_max_under_constraints;seed=continuation
-0.15,independent_oracle,3c5f6b3c9bd535cff7657364dadb2efc31f2ea48,41.0,0,0.6125,366.20187,21.608439,0.0,2,true,true,coarse_grid,false,governance.selection=pressure_max_under_constraints;seed=continuation
-0.15,independent_oracle,3c5f6b3c9bd535cff7657364dadb2efc31f2ea48,41.0,0,0.61875,366.065562,21.608234,0.0,2,true,true,coarse_grid,false,governance.selection=pressure_max_under_constraints;seed=continuation
-0.15,independent_oracle,3c5f6b3c9bd535cff7657364dadb2efc31f2ea48,41.0,0,0.625,365.927843,21.608026,0.0,2,true,true,coarse_grid,false,governance.selection=pressure_max_under_constraints;seed=continuation
-0.15,independent_oracle,3c5f6b3c9bd535cff7657364dadb2efc31f2ea48,41.0,0,0.63125,365.788742,21.607814,0.0,2,true,true,coarse_grid,false,governance.selection=pressure_max_under_constraints;seed=continuation
-0.15,independent_oracle,3c5f6b3c9bd535cff7657364dadb2efc31f2ea48,41.0,0,0.6375,365.648287,21.607597,0.0,2,true,true,coarse_grid,false,governance.selection=pressure_max_under_constraints;seed=continuation
-0.15,independent_oracle,3c5f6b3c9bd535cff7657364dadb2efc31f2ea48,41.0,0,0.64375,365.506507,21.607376,0.0,2,true,true,coarse_grid,false,governance.selection=pressure_max_under_constraints;seed=continuation
-0.15,independent_oracle,3c5f6b3c9bd535cff7657364dadb2efc31f2ea48,41.0,0,0.65,365.363429,21.607151,0.0,2,true,true,coarse_grid,false,governance.selection=pressure_max_under_constraints;seed=continuation
-0.15,independent_oracle,3c5f6b3c9bd535cff7657364dadb2efc31f2ea48,41.0,0,0.65625,365.219081,21.606921,0.0,2,true,true,coarse_grid,false,governance.selection=pressure_max_under_constraints;seed=continuation
-0.15,independent_oracle,3c5f6b3c9bd535cff7657364dadb2efc31f2ea48,41.0,0,0.6625,365.073487,21.606688,0.0,2,true,true,coarse_grid,false,governance.selection=pressure_max_under_constraints;seed=continuation
-0.15,independent_oracle,3c5f6b3c9bd535cff7657364dadb2efc31f2ea48,41.0,0,0.66875,364.926673,21.60645,0.0,2,true,true,coarse_grid,false,governance.selection=pressure_max_under_constraints;seed=continuation
-0.15,independent_oracle,3c5f6b3c9bd535cff7657364dadb2efc31f2ea48,41.0,0,0.675,364.778665,21.606208,0.0,2,true,true,coarse_grid,false,governance.selection=pressure_max_under_constraints;seed=continuation
-0.15,independent_oracle,3c5f6b3c9bd535cff7657364dadb2efc31f2ea48,41.0,0,0.68125,364.629486,21.605962,0.0,2,true,true,coarse_grid,false,governance.selection=pressure_max_under_constraints;seed=continuation
-0.15,independent_oracle,3c5f6b3c9bd535cff7657364dadb2efc31f2ea48,41.0,0,0.6875,364.47916,21.605712,0.0,2,true,true,coarse_grid,false,governance.selection=pressure_max_under_constraints;seed=continuation
-0.15,independent_oracle,3c5f6b3c9bd535cff7657364dadb2efc31f2ea48,41.0,0,0.69375,364.327709,21.605458,0.0,2,true,true,coarse_grid,false,governance.selection=pressure_max_under_constraints;seed=continuation
-0.15,independent_oracle,3c5f6b3c9bd535cff7657364dadb2efc31f2ea48,41.0,0,0.7,364.175157,21.605199,0.0,2,true,true,coarse_grid,false,governance.selection=pressure_max_under_constraints;seed=continuation
-0.15,independent_oracle,3c5f6b3c9bd535cff7657364dadb2efc31f2ea48,41.0,0,0.70625,364.021526,21.604936,0.0,2,true,true,coarse_grid,false,governance.selection=pressure_max_under_constraints;seed=continuation
-0.15,independent_oracle,3c5f6b3c9bd535cff7657364dadb2efc31f2ea48,41.0,0,0.7125,363.866836,21.604669,0.0,2,true,true,coarse_grid,false,governance.selection=pressure_max_under_constraints;seed=continuation
-0.15,independent_oracle,3c5f6b3c9bd535cff7657364dadb2efc31f2ea48,41.0,0,0.71875,363.711109,21.604398,0.0,2,true,true,coarse_grid,false,governance.selection=pressure_max_under_constraints;seed=continuation
-0.15,independent_oracle,3c5f6b3c9bd535cff7657364dadb2efc31f2ea48,41.0,0,0.725,363.554365,21.604123,0.0,2,true,true,coarse_grid,false,governance.selection=pressure_max_under_constraints;seed=continuation
-0.15,independent_oracle,3c5f6b3c9bd535cff7657364dadb2efc31f2ea48,41.0,0,0.73125,363.396625,21.603844,0.0,2,true,true,coarse_grid,false,governance.selection=pressure_max_under_constraints;seed=continuation
-0.15,independent_oracle,3c5f6b3c9bd535cff7657364dadb2efc31f2ea48,41.0,0,0.7375,363.237909,21.60356,0.0,2,true,true,coarse_grid,false,governance.selection=pressure_max_under_constraints;seed=continuation
-0.15,independent_oracle,3c5f6b3c9bd535cff7657364dadb2efc31f2ea48,41.0,0,0.74375,363.078235,21.603272,0.0,2,true,true,coarse_grid,false,governance.selection=pressure_max_under_constraints;seed=continuation
-0.15,independent_oracle,3c5f6b3c9bd535cff7657364dadb2efc31f2ea48,41.0,0,0.75,362.917622,21.602981,0.0,2,true,true,coarse_grid,false,governance.selection=pressure_max_under_constraints;seed=continuation
-0.15,independent_oracle,3c5f6b3c9bd535cff7657364dadb2efc31f2ea48,41.0,0,0.75625,362.75609,21.602685,0.0,2,true,true,coarse_grid,false,governance.selection=pressure_max_under_constraints;seed=continuation
-0.15,independent_oracle,3c5f6b3c9bd535cff7657364dadb2efc31f2ea48,41.0,0,0.7625,362.593657,21.602385,0.0,2,true,true,coarse_grid,false,governance.selection=pressure_max_under_constraints;seed=continuation
-0.15,independent_oracle,3c5f6b3c9bd535cff7657364dadb2efc31f2ea48,41.0,0,0.76875,362.430339,21.60208,0.0,2,true,true,coarse_grid,false,governance.selection=pressure_max_under_constraints;seed=continuation
-0.15,independent_oracle,3c5f6b3c9bd535cff7657364dadb2efc31f2ea48,41.0,0,0.775,362.266155,21.601772,0.0,2,true,true,coarse_grid,false,governance.selection=pressure_max_under_constraints;seed=continuation
-0.15,independent_oracle,3c5f6b3c9bd535cff7657364dadb2efc31f2ea48,41.0,0,0.78125,362.101123,21.60146,0.0,2,true,true,coarse_grid,false,governance.selection=pressure_max_under_constraints;seed=continuation
-0.15,independent_oracle,3c5f6b3c9bd535cff7657364dadb2efc31f2ea48,41.0,0,0.7875,361.935258,21.601143,0.0,2,true,true,coarse_grid,false,governance.selection=pressure_max_under_constraints;seed=continuation
-0.15,independent_oracle,3c5f6b3c9bd535cff7657364dadb2efc31f2ea48,41.0,0,0.79375,361.768578,21.600823,0.0,2,true,true,coarse_grid,false,governance.selection=pressure_max_under_constraints;seed=continuation
-0.15,independent_oracle,3c5f6b3c9bd535cff7657364dadb2efc31f2ea48,41.0,0,0.8,361.601099,21.600498,0.0,2,true,true,coarse_grid,false,governance.selection=pressure_max_under_constraints;seed=continuation
-0.15,independent_oracle,3c5f6b3c9bd535cff7657364dadb2efc31f2ea48,41.0,0,0.80625,361.432836,21.600169,0.0,2,true,true,coarse_grid,false,governance.selection=pressure_max_under_constraints;seed=continuation
-0.15,independent_oracle,3c5f6b3c9bd535cff7657364dadb2efc31f2ea48,41.0,0,0.8125,361.263807,21.599837,0.0,2,true,true,coarse_grid,false,governance.selection=pressure_max_under_constraints;seed=continuation
-0.15,independent_oracle,3c5f6b3c9bd535cff7657364dadb2efc31f2ea48,41.0,0,0.81875,361.094026,21.5995,0.0,2,true,true,coarse_grid,false,governance.selection=pressure_max_under_constraints;seed=continuation
-0.15,independent_oracle,3c5f6b3c9bd535cff7657364dadb2efc31f2ea48,41.0,0,0.825,360.923508,21.599159,0.0,2,true,true,coarse_grid,false,governance.selection=pressure_max_under_constraints;seed=continuation
-0.15,independent_oracle,3c5f6b3c9bd535cff7657364dadb2efc31f2ea48,41.0,0,0.83125,360.752269,21.598814,0.0,2,true,true,coarse_grid,false,governance.selection=pressure_max_under_constraints;seed=continuation
-0.15,independent_oracle,3c5f6b3c9bd535cff7657364dadb2efc31f2ea48,41.0,0,0.8375,360.580324,21.598465,0.0,2,true,true,coarse_grid,false,governance.selection=pressure_max_under_constraints;seed=continuation
-0.15,independent_oracle,3c5f6b3c9bd535cff7657364dadb2efc31f2ea48,41.0,0,0.84375,360.407687,21.598112,0.0,2,true,true,coarse_grid,false,governance.selection=pressure_max_under_constraints;seed=continuation
-0.15,independent_oracle,3c5f6b3c9bd535cff7657364dadb2efc31f2ea48,41.0,0,0.85,360.234373,21.597755,0.0,2,true,true,coarse_grid,false,governance.selection=pressure_max_under_constraints;seed=continuation
-0.15,independent_oracle,3c5f6b3c9bd535cff7657364dadb2efc31f2ea48,41.0,0,0.85625,360.060396,21.597394,0.0,2,true,true,coarse_grid,false,governance.selection=pressure_max_under_constraints;seed=continuation
-0.15,independent_oracle,3c5f6b3c9bd535cff7657364dadb2efc31f2ea48,41.0,0,0.8625,359.88577,21.597029,0.0,2,true,true,coarse_grid,false,governance.selection=pressure_max_under_constraints;seed=continuation
-0.15,independent_oracle,3c5f6b3c9bd535cff7657364dadb2efc31f2ea48,41.0,0,0.86875,359.710509,21.59666,0.0,2,true,true,coarse_grid,false,governance.selection=pressure_max_under_constraints;seed=continuation
-0.15,independent_oracle,3c5f6b3c9bd535cff7657364dadb2efc31f2ea48,41.0,0,0.875,359.534627,21.596287,0.0,2,true,true,coarse_grid,false,governance.selection=pressure_max_under_constraints;seed=continuation
-0.15,independent_oracle,3c5f6b3c9bd535cff7657364dadb2efc31f2ea48,41.0,0,0.88125,359.358136,21.59591,0.0,2,true,true,coarse_grid,false,governance.selection=pressure_max_under_constraints;seed=continuation
-0.15,independent_oracle,3c5f6b3c9bd535cff7657364dadb2efc31f2ea48,41.0,0,0.8875,359.181052,21.595529,0.0,2,true,true,coarse_grid,false,governance.selection=pressure_max_under_constraints;seed=continuation
-0.15,independent_oracle,3c5f6b3c9bd535cff7657364dadb2efc31f2ea48,41.0,0,0.89375,359.003386,21.595144,0.0,2,true,true,coarse_grid,false,governance.selection=pressure_max_under_constraints;seed=continuation
-0.15,independent_oracle,3c5f6b3c9bd535cff7657364dadb2efc31f2ea48,41.0,0,0.9,358.825153,21.594755,0.0,2,true,true,coarse_grid,false,governance.selection=pressure_max_under_constraints;seed=continuation
-0.15,independent_oracle,3c5f6b3c9bd535cff7657364dadb2efc31f2ea48,41.0,0,0.90625,358.646365,21.594362,0.0,2,true,true,coarse_grid,false,governance.selection=pressure_max_under_constraints;seed=continuation
-0.15,independent_oracle,3c5f6b3c9bd535cff7657364dadb2efc31f2ea48,41.0,0,0.9125,358.467034,21.593966,0.0,2,true,true,coarse_grid,false,governance.selection=pressure_max_under_constraints;seed=continuation
-0.15,independent_oracle,3c5f6b3c9bd535cff7657364dadb2efc31f2ea48,41.0,0,0.91875,358.287174,21.593565,0.0,2,true,true,coarse_grid,false,governance.selection=pressure_max_under_constraints;seed=continuation
-0.15,independent_oracle,3c5f6b3c9bd535cff7657364dadb2efc31f2ea48,41.0,0,0.925,358.106798,21.59316,0.0,2,true,true,coarse_grid,false,governance.selection=pressure_max_under_constraints;seed=continuation
-0.15,independent_oracle,3c5f6b3c9bd535cff7657364dadb2efc31f2ea48,41.0,0,0.93125,357.925917,21.592752,0.0,2,true,true,coarse_grid,false,governance.selection=pressure_max_under_constraints;seed=continuation
-0.15,independent_oracle,3c5f6b3c9bd535cff7657364dadb2efc31f2ea48,41.0,0,0.9375,357.744545,21.59234,0.0,2,true,true,coarse_grid,false,governance.selection=pressure_max_under_constraints;seed=continuation
-0.15,independent_oracle,3c5f6b3c9bd535cff7657364dadb2efc31f2ea48,41.0,0,0.94375,357.562693,21.591924,0.0,2,true,true,coarse_grid,false,governance.selection=pressure_max_under_constraints;seed=continuation
-0.15,independent_oracle,3c5f6b3c9bd535cff7657364dadb2efc31f2ea48,41.0,0,0.95,357.380375,21.591504,0.0,2,true,true,coarse_grid,false,governance.selection=pressure_max_under_constraints;seed=continuation
-0.15,independent_oracle,3c5f6b3c9bd535cff7657364dadb2efc31f2ea48,41.0,0,0.95625,357.197601,21.59108,0.0,2,true,true,coarse_grid,false,governance.selection=pressure_max_under_constraints;seed=continuation
-0.15,independent_oracle,3c5f6b3c9bd535cff7657364dadb2efc31f2ea48,41.0,0,0.9625,357.014384,21.590652,0.0,2,true,true,coarse_grid,false,governance.selection=pressure_max_under_constraints;seed=continuation
-0.15,independent_oracle,3c5f6b3c9bd535cff7657364dadb2efc31f2ea48,41.0,0,0.96875,356.830737,21.590221,0.0,2,true,true,coarse_grid,false,governance.selection=pressure_max_under_constraints;seed=continuation
-0.15,independent_oracle,3c5f6b3c9bd535cff7657364dadb2efc31f2ea48,41.0,0,0.975,356.646671,21.589786,0.0,2,true,true,coarse_grid,false,governance.selection=pressure_max_under_constraints;seed=continuation
-0.15,independent_oracle,3c5f6b3c9bd535cff7657364dadb2efc31f2ea48,41.0,0,0.98125,356.462198,21.589347,0.0,2,true,true,coarse_grid,false,governance.selection=pressure_max_under_constraints;seed=continuation
-0.15,independent_oracle,3c5f6b3c9bd535cff7657364dadb2efc31f2ea48,41.0,0,0.9875,356.277329,21.588904,0.0,2,true,true,coarse_grid,false,governance.selection=pressure_max_under_constraints;seed=continuation
-0.15,independent_oracle,3c5f6b3c9bd535cff7657364dadb2efc31f2ea48,41.0,0,0.99375,356.092078,21.588458,0.0,2,true,true,coarse_grid,false,governance.selection=pressure_max_under_constraints;seed=continuation
-0.15,independent_oracle,3c5f6b3c9bd535cff7657364dadb2efc31f2ea48,41.0,0,1.0,355.906455,21.588008,0.0,2,true,true,coarse_grid,false,governance.selection=pressure_max_under_constraints;seed=continuation
-0.15,independent_oracle,3c5f6b3c9bd535cff7657364dadb2efc31f2ea48,41.0,0,1.00625,355.720472,21.587554,0.0,2,true,true,coarse_grid,false,governance.selection=pressure_max_under_constraints;seed=continuation
-0.15,independent_oracle,3c5f6b3c9bd535cff7657364dadb2efc31f2ea48,41.0,0,1.0125,355.53414,21.587097,0.0,2,true,true,coarse_grid,false,governance.selection=pressure_max_under_constraints;seed=continuation
-0.15,independent_oracle,3c5f6b3c9bd535cff7657364dadb2efc31f2ea48,41.0,0,1.01875,355.347473,21.586635,0.0,2,true,true,coarse_grid,false,governance.selection=pressure_max_under_constraints;seed=continuation
-0.15,independent_oracle,3c5f6b3c9bd535cff7657364dadb2efc31f2ea48,41.0,0,1.025,355.160481,21.586171,0.0,2,true,true,coarse_grid,false,governance.selection=pressure_max_under_constraints;seed=continuation
-0.15,independent_oracle,3c5f6b3c9bd535cff7657364dadb2efc31f2ea48,41.0,0,1.03125,354.973175,21.585702,0.0,2,true,true,coarse_grid,false,governance.selection=pressure_max_under_constraints;seed=continuation
-0.15,independent_oracle,3c5f6b3c9bd535cff7657364dadb2efc31f2ea48,41.0,0,1.0375,354.785568,21.58523,0.0,2,true,true,coarse_grid,false,governance.selection=pressure_max_under_constraints;seed=continuation
-0.15,independent_oracle,3c5f6b3c9bd535cff7657364dadb2efc31f2ea48,41.0,0,1.04375,354.597671,21.584754,0.0,2,true,true,coarse_grid,false,governance.selection=pressure_max_under_constraints;seed=continuation
-0.15,independent_oracle,3c5f6b3c9bd535cff7657364dadb2efc31f2ea48,41.0,0,1.05,354.409496,21.584275,0.0,2,true,true,coarse_grid,false,governance.selection=pressure_max_under_constraints;seed=continuation
-0.15,independent_oracle,3c5f6b3c9bd535cff7657364dadb2efc31f2ea48,41.0,0,1.05625,354.221054,21.583793,0.0,2,true,true,coarse_grid,false,governance.selection=pressure_max_under_constraints;seed=continuation
-0.15,independent_oracle,3c5f6b3c9bd535cff7657364dadb2efc31f2ea48,41.0,0,1.0625,354.032358,21.583306,0.0,2,true,true,coarse_grid,false,governance.selection=pressure_max_under_constraints;seed=continuation
-0.15,independent_oracle,3c5f6b3c9bd535cff7657364dadb2efc31f2ea48,41.0,0,1.06875,353.843418,21.582816,0.0,2,true,true,coarse_grid,false,governance.selection=pressure_max_under_constraints;seed=continuation
-0.15,independent_oracle,3c5f6b3c9bd535cff7657364dadb2efc31f2ea48,41.0,0,1.075,353.654246,21.582323,0.0,2,true,true,coarse_grid,false,governance.selection=pressure_max_under_constraints;seed=continuation
-0.15,independent_oracle,3c5f6b3c9bd535cff7657364dadb2efc31f2ea48,41.0,0,1.08125,353.464854,21.581827,0.0,2,true,true,coarse_grid,false,governance.selection=pressure_max_under_constraints;seed=continuation
-0.15,independent_oracle,3c5f6b3c9bd535cff7657364dadb2efc31f2ea48,41.0,0,1.0875,353.275254,21.581326,0.0,2,true,true,coarse_grid,false,governance.selection=pressure_max_under_constraints;seed=continuation
-0.15,independent_oracle,3c5f6b3c9bd535cff7657364dadb2efc31f2ea48,41.0,0,1.09375,353.085458,21.580823,0.0,2,true,true,coarse_grid,false,governance.selection=pressure_max_under_constraints;seed=continuation
-0.15,independent_oracle,3c5f6b3c9bd535cff7657364dadb2efc31f2ea48,41.0,0,1.1,352.895477,21.580316,0.0,2,true,true,coarse_grid,false,governance.selection=pressure_max_under_constraints;seed=continuation
-0.15,independent_oracle,3c5f6b3c9bd535cff7657364dadb2efc31f2ea48,41.0,0,1.10625,352.705323,21.579806,0.0,2,true,true,coarse_grid,false,governance.selection=pressure_max_under_constraints;seed=continuation
-0.15,independent_oracle,3c5f6b3c9bd535cff7657364dadb2efc31f2ea48,41.0,0,1.1125,352.515009,21.579292,0.0,2,true,true,coarse_grid,false,governance.selection=pressure_max_under_constraints;seed=continuation
-0.15,independent_oracle,3c5f6b3c9bd535cff7657364dadb2efc31f2ea48,41.0,0,1.11875,352.324546,21.578775,0.0,2,true,true,coarse_grid,false,governance.selection=pressure_max_under_constraints;seed=continuation
-0.15,independent_oracle,3c5f6b3c9bd535cff7657364dadb2efc31f2ea48,41.0,0,1.125,352.133946,21.578255,0.0,2,true,true,coarse_grid,false,governance.selection=pressure_max_under_constraints;seed=continuation
-0.15,independent_oracle,3c5f6b3c9bd535cff7657364dadb2efc31f2ea48,41.0,0,1.13125,351.943221,21.577732,0.0,2,true,true,coarse_grid,false,governance.selection=pressure_max_under_constraints;seed=continuation
-0.15,independent_oracle,3c5f6b3c9bd535cff7657364dadb2efc31f2ea48,41.0,0,1.1375,351.752384,21.577205,0.0,2,true,true,coarse_grid,false,governance.selection=pressure_max_under_constraints;seed=continuation
-0.15,independent_oracle,3c5f6b3c9bd535cff7657364dadb2efc31f2ea48,41.0,0,1.14375,351.561447,21.576675,0.0,2,true,true,coarse_grid,false,governance.selection=pressure_max_under_constraints;seed=continuation
-0.15,independent_oracle,3c5f6b3c9bd535cff7657364dadb2efc31f2ea48,41.0,0,1.15,351.370422,21.576143,0.0,2,true,true,coarse_grid,false,governance.selection=pressure_max_under_constraints;seed=continuation
-0.15,independent_oracle,3c5f6b3c9bd535cff7657364dadb2efc31f2ea48,41.0,0,1.15625,351.179322,21.575606,0.0,2,true,true,coarse_grid,false,governance.selection=pressure_max_under_constraints;seed=continuation
-0.15,independent_oracle,3c5f6b3c9bd535cff7657364dadb2efc31f2ea48,41.0,0,1.1625,350.988159,21.575067,0.0,2,true,true,coarse_grid,false,governance.selection=pressure_max_under_constraints;seed=continuation
-0.15,independent_oracle,3c5f6b3c9bd535cff7657364dadb2efc31f2ea48,41.0,0,1.16875,350.796946,21.574525,0.0,2,true,true,coarse_grid,false,governance.selection=pressure_max_under_constraints;seed=continuation
-0.15,independent_oracle,3c5f6b3c9bd535cff7657364dadb2efc31f2ea48,41.0,0,1.175,350.605696,21.57398,0.0,2,true,true,coarse_grid,false,governance.selection=pressure_max_under_constraints;seed=continuation
-0.15,independent_oracle,3c5f6b3c9bd535cff7657364dadb2efc31f2ea48,41.0,0,1.18125,350.414421,21.573432,0.0,2,true,true,coarse_grid,false,governance.selection=pressure_max_under_constraints;seed=continuation
-0.15,independent_oracle,3c5f6b3c9bd535cff7657364dadb2efc31f2ea48,41.0,0,1.1875,350.223135,21.572881,0.0,2,true,true,coarse_grid,false,governance.selection=pressure_max_under_constraints;seed=continuation
-0.15,independent_oracle,3c5f6b3c9bd535cff7657364dadb2efc31f2ea48,41.0,0,1.19375,350.03185,21.572327,0.0,2,true,true,coarse_grid,false,governance.selection=pressure_max_under_constraints;seed=continuation
-0.15,independent_oracle,3c5f6b3c9bd535cff7657364dadb2efc31f2ea48,41.0,0,1.2,349.840581,21.57177,0.0,2,true,true,coarse_grid,false,governance.selection=pressure_max_under_constraints;seed=continuation
-0.15,independent_oracle,3c5f6b3c9bd535cff7657364dadb2efc31f2ea48,41.0,0,1.20625,349.64934,21.57121,0.0,2,true,true,coarse_grid,false,governance.selection=pressure_max_under_constraints;seed=continuation
-0.15,independent_oracle,3c5f6b3c9bd535cff7657364dadb2efc31f2ea48,41.0,0,1.2125,349.458141,21.570648,0.0,2,true,true,coarse_grid,false,governance.selection=pressure_max_under_constraints;seed=continuation
-0.15,independent_oracle,3c5f6b3c9bd535cff7657364dadb2efc31f2ea48,41.0,0,1.21875,349.266998,21.570083,0.0,2,true,true,coarse_grid,false,governance.selection=pressure_max_under_constraints;seed=continuation
-0.15,independent_oracle,3c5f6b3c9bd535cff7657364dadb2efc31f2ea48,41.0,0,1.225,349.075924,21.569515,0.0,2,true,true,coarse_grid,false,governance.selection=pressure_max_under_constraints;seed=continuation
-0.15,independent_oracle,3c5f6b3c9bd535cff7657364dadb2efc31f2ea48,41.0,0,1.23125,348.884934,21.568944,0.0,2,true,true,coarse_grid,false,governance.selection=pressure_max_under_constraints;seed=continuation
-0.15,independent_oracle,3c5f6b3c9bd535cff7657364dadb2efc31f2ea48,41.0,0,1.2375,348.694042,21.568371,0.0,2,true,true,coarse_grid,false,governance.selection=pressure_max_under_constraints;seed=continuation
-0.15,independent_oracle,3c5f6b3c9bd535cff7657364dadb2efc31f2ea48,41.0,0,1.24375,348.503262,21.567795,0.0,2,true,true,coarse_grid,false,governance.selection=pressure_max_under_constraints;seed=continuation
-0.15,independent_oracle,3c5f6b3c9bd535cff7657364dadb2efc31f2ea48,41.0,0,1.25,348.312609,21.567217,0.0,2,true,true,coarse_grid,false,governance.selection=pressure_max_under_constraints;seed=continuation
-0.15,independent_oracle,3c5f6b3c9bd535cff7657364dadb2efc31f2ea48,41.0,0,1.25625,348.122097,21.566636,0.0,2,true,true,coarse_grid,false,governance.selection=pressure_max_under_constraints;seed=continuation
-0.15,independent_oracle,3c5f6b3c9bd535cff7657364dadb2efc31f2ea48,41.0,0,1.2625,347.931743,21.566053,0.0,2,true,true,coarse_grid,false,governance.selection=pressure_max_under_constraints;seed=continuation
-0.15,independent_oracle,3c5f6b3c9bd535cff7657364dadb2efc31f2ea48,41.0,0,1.26875,347.74156,21.565468,0.0,2,true,true,coarse_grid,false,governance.selection=pressure_max_under_constraints;seed=continuation
-0.15,independent_oracle,3c5f6b3c9bd535cff7657364dadb2efc31f2ea48,41.0,0,1.275,347.551564,21.56488,0.0,2,true,true,coarse_grid,false,governance.selection=pressure_max_under_constraints;seed=continuation
-0.15,independent_oracle,3c5f6b3c9bd535cff7657364dadb2efc31f2ea48,41.0,0,1.28125,347.361772,21.56429,0.0,2,true,true,coarse_grid,false,governance.selection=pressure_max_under_constraints;seed=continuation
-0.15,independent_oracle,3c5f6b3c9bd535cff7657364dadb2efc31f2ea48,41.0,0,1.2875,347.172198,21.563697,0.0,2,true,true,coarse_grid,false,governance.selection=pressure_max_under_constraints;seed=continuation
-0.15,independent_oracle,3c5f6b3c9bd535cff7657364dadb2efc31f2ea48,41.0,0,1.29375,346.982859,21.563103,0.0,2,true,true,coarse_grid,false,governance.selection=pressure_max_under_constraints;seed=continuation
-0.15,independent_oracle,3c5f6b3c9bd535cff7657364dadb2efc31f2ea48,41.0,0,1.3,346.793772,21.562506,0.0,2,true,true,coarse_grid,false,governance.selection=pressure_max_under_constraints;seed=continuation
-0.15,independent_oracle,3c5f6b3c9bd535cff7657364dadb2efc31f2ea48,41.0,0,1.30625,346.604952,21.561908,0.0,2,true,true,coarse_grid,false,governance.selection=pressure_max_under_constraints;seed=continuation
-0.15,independent_oracle,3c5f6b3c9bd535cff7657364dadb2efc31f2ea48,41.0,0,1.3125,346.416418,21.561307,0.0,2,true,true,coarse_grid,false,governance.selection=pressure_max_under_constraints;seed=continuation
-0.15,independent_oracle,3c5f6b3c9bd535cff7657364dadb2efc31f2ea48,41.0,0,1.31875,346.228185,21.560705,0.0,2,true,true,coarse_grid,false,governance.selection=pressure_max_under_constraints;seed=continuation
-0.15,independent_oracle,3c5f6b3c9bd535cff7657364dadb2efc31f2ea48,41.0,0,1.325,346.040272,21.560101,0.0,2,true,true,coarse_grid,false,governance.selection=pressure_max_under_constraints;seed=continuation
-0.15,independent_oracle,3c5f6b3c9bd535cff7657364dadb2efc31f2ea48,41.0,0,1.33125,345.852697,21.559495,0.0,2,true,true,coarse_grid,false,governance.selection=pressure_max_under_constraints;seed=continuation
-0.15,independent_oracle,3c5f6b3c9bd535cff7657364dadb2efc31f2ea48,41.0,0,1.3375,345.665476,21.558887,0.0,2,true,true,coarse_grid,false,governance.selection=pressure_max_under_constraints;seed=continuation
-0.15,independent_oracle,3c5f6b3c9bd535cff7657364dadb2efc31f2ea48,41.0,0,1.34375,345.47863,21.558278,0.0,2,true,true,coarse_grid,false,governance.selection=pressure_max_under_constraints;seed=continuation
-0.15,independent_oracle,3c5f6b3c9bd535cff7657364dadb2efc31f2ea48,41.0,0,1.35,345.292176,21.557667,0.0,2,true,true,coarse_grid,false,governance.selection=pressure_max_under_constraints;seed=continuation
-0.15,independent_oracle,3c5f6b3c9bd535cff7657364dadb2efc31f2ea48,41.0,0,1.35625,345.106133,21.557055,0.0,2,true,true,coarse_grid,false,governance.selection=pressure_max_under_constraints;seed=continuation
-0.15,independent_oracle,3c5f6b3c9bd535cff7657364dadb2efc31f2ea48,41.0,0,1.3625,344.920521,21.556441,0.0,2,true,true,coarse_grid,false,governance.selection=pressure_max_under_constraints;seed=continuation
-0.15,independent_oracle,3c5f6b3c9bd535cff7657364dadb2efc31f2ea48,41.0,0,1.36875,344.73536,21.555826,0.0,2,true,true,coarse_grid,false,governance.selection=pressure_max_under_constraints;seed=continuation
-0.15,independent_oracle,3c5f6b3c9bd535cff7657364dadb2efc31f2ea48,41.0,0,1.375,344.55067,21.555209,0.0,2,true,true,coarse_grid,false,governance.selection=pressure_max_under_constraints;seed=continuation
-0.15,independent_oracle,3c5f6b3c9bd535cff7657364dadb2efc31f2ea48,41.0,0,1.38125,344.36647,21.554592,0.0,2,true,true,coarse_grid,false,governance.selection=pressure_max_under_constraints;seed=continuation
-0.15,independent_oracle,3c5f6b3c9bd535cff7657364dadb2efc31f2ea48,41.0,0,1.3875,344.182783,21.553973,0.0,2,true,true,coarse_grid,false,governance.selection=pressure_max_under_constraints;seed=continuation
-0.15,independent_oracle,3c5f6b3c9bd535cff7657364dadb2efc31f2ea48,41.0,0,1.39375,343.999628,21.553354,0.0,2,true,true,coarse_grid,false,governance.selection=pressure_max_under_constraints;seed=continuation
-0.15,independent_oracle,3c5f6b3c9bd535cff7657364dadb2efc31f2ea48,41.0,0,1.4,343.817029,21.552733,0.0,2,true,true,coarse_grid,false,governance.selection=pressure_max_under_constraints;seed=continuation
-0.15,independent_oracle,3c5f6b3c9bd535cff7657364dadb2efc31f2ea48,41.0,0,1.40625,343.635007,21.552112,0.0,2,true,true,coarse_grid,false,governance.selection=pressure_max_under_constraints;seed=continuation
-0.15,independent_oracle,3c5f6b3c9bd535cff7657364dadb2efc31f2ea48,41.0,0,1.4125,343.453584,21.55149,0.0,2,true,true,coarse_grid,false,governance.selection=pressure_max_under_constraints;seed=continuation
-0.15,independent_oracle,3c5f6b3c9bd535cff7657364dadb2efc31f2ea48,41.0,0,1.41875,343.272783,21.550867,0.0,2,true,true,coarse_grid,false,governance.selection=pressure_max_under_constraints;seed=continuation
-0.15,independent_oracle,3c5f6b3c9bd535cff7657364dadb2efc31f2ea48,41.0,0,1.425,343.092628,21.550244,0.0,2,true,true,coarse_grid,false,governance.selection=pressure_max_under_constraints;seed=continuation
-0.15,independent_oracle,3c5f6b3c9bd535cff7657364dadb2efc31f2ea48,41.0,0,1.43125,342.913143,21.549621,0.0,2,true,true,coarse_grid,false,governance.selection=pressure_max_under_constraints;seed=continuation
-0.15,independent_oracle,3c5f6b3c9bd535cff7657364dadb2efc31f2ea48,41.0,0,1.4375,342.734352,21.548997,0.0,2,true,true,coarse_grid,false,governance.selection=pressure_max_under_constraints;seed=continuation
-0.15,independent_oracle,3c5f6b3c9bd535cff7657364dadb2efc31f2ea48,41.0,0,1.44375,342.556279,21.548373,0.0,2,true,true,coarse_grid,false,governance.selection=pressure_max_under_constraints;seed=continuation
-0.15,independent_oracle,3c5f6b3c9bd535cff7657364dadb2efc31f2ea48,41.0,0,1.45,342.37895,21.547749,0.0,2,true,true,coarse_grid,false,governance.selection=pressure_max_under_constraints;seed=continuation
-0.15,independent_oracle,3c5f6b3c9bd535cff7657364dadb2efc31f2ea48,41.0,0,1.45625,342.202392,21.547125,0.0,2,true,true,coarse_grid,false,governance.selection=pressure_max_under_constraints;seed=continuation
-0.15,independent_oracle,3c5f6b3c9bd535cff7657364dadb2efc31f2ea48,41.0,0,1.4625,342.026629,21.546501,0.0,2,true,true,coarse_grid,false,governance.selection=pressure_max_under_constraints;seed=continuation
-0.15,independent_oracle,3c5f6b3c9bd535cff7657364dadb2efc31f2ea48,41.0,0,1.46875,341.851689,21.545877,0.0,2,true,true,coarse_grid,false,governance.selection=pressure_max_under_constraints;seed=continuation
-0.15,independent_oracle,3c5f6b3c9bd535cff7657364dadb2efc31f2ea48,41.0,0,1.475,341.6776,21.545254,0.0,2,true,true,coarse_grid,false,governance.selection=pressure_max_under_constraints;seed=continuation
-0.15,independent_oracle,3c5f6b3c9bd535cff7657364dadb2efc31f2ea48,41.0,0,1.48125,341.504389,21.544631,0.0,2,true,true,coarse_grid,false,governance.selection=pressure_max_under_constraints;seed=continuation
-0.15,independent_oracle,3c5f6b3c9bd535cff7657364dadb2efc31f2ea48,41.0,0,1.4875,341.332085,21.544009,0.0,2,true,true,coarse_grid,false,governance.selection=pressure_max_under_constraints;seed=continuation
-0.15,independent_oracle,3c5f6b3c9bd535cff7657364dadb2efc31f2ea48,41.0,0,1.49375,341.160717,21.543388,0.0,2,true,true,coarse_grid,false,governance.selection=pressure_max_under_constraints;seed=continuation
-0.15,independent_oracle,3c5f6b3c9bd535cff7657364dadb2efc31f2ea48,41.0,0,1.5,340.990316,21.542767,0.0,2,true,true,coarse_grid,false,governance.selection=pressure_max_under_constraints;seed=continuation
-0.15,independent_oracle,3c5f6b3c9bd535cff7657364dadb2efc31f2ea48,41.0,0,1.50625,340.82091,21.542148,0.0,2,true,true,coarse_grid,false,governance.selection=pressure_max_under_constraints;seed=continuation
-0.15,independent_oracle,3c5f6b3c9bd535cff7657364dadb2efc31f2ea48,41.0,0,1.5125,340.652531,21.541529,0.0,2,true,true,coarse_grid,false,governance.selection=pressure_max_under_constraints;seed=continuation
-0.15,independent_oracle,3c5f6b3c9bd535cff7657364dadb2efc31f2ea48,41.0,0,1.51875,340.485211,21.540913,0.0,2,true,true,coarse_grid,false,governance.selection=pressure_max_under_constraints;seed=continuation
-0.15,independent_oracle,3c5f6b3c9bd535cff7657364dadb2efc31f2ea48,41.0,0,1.525,340.318982,21.540297,0.0,2,true,true,coarse_grid,false,governance.selection=pressure_max_under_constraints;seed=continuation
-0.15,independent_oracle,3c5f6b3c9bd535cff7657364dadb2efc31f2ea48,41.0,0,1.53125,340.153877,21.539683,0.0,2,true,true,coarse_grid,false,governance.selection=pressure_max_under_constraints;seed=continuation
-0.15,independent_oracle,3c5f6b3c9bd535cff7657364dadb2efc31f2ea48,41.0,0,1.5375,339.989929,21.539072,0.0,2,true,true,coarse_grid,false,governance.selection=pressure_max_under_constraints;seed=continuation
-0.15,independent_oracle,3c5f6b3c9bd535cff7657364dadb2efc31f2ea48,41.0,0,1.54375,339.827172,21.538462,0.0,2,true,true,coarse_grid,false,governance.selection=pressure_max_under_constraints;seed=continuation
-0.15,independent_oracle,3c5f6b3c9bd535cff7657364dadb2efc31f2ea48,41.0,0,1.55,339.665643,21.537854,0.0,2,true,true,coarse_grid,false,governance.selection=pressure_max_under_constraints;seed=continuation
-0.15,independent_oracle,3c5f6b3c9bd535cff7657364dadb2efc31f2ea48,41.0,0,1.55625,339.505375,21.537248,0.0,2,true,true,coarse_grid,false,governance.selection=pressure_max_under_constraints;seed=continuation
-0.15,independent_oracle,3c5f6b3c9bd535cff7657364dadb2efc31f2ea48,41.0,0,1.5625,339.346406,21.536645,0.0,2,true,true,coarse_grid,false,governance.selection=pressure_max_under_constraints;seed=continuation
-0.15,independent_oracle,3c5f6b3c9bd535cff7657364dadb2efc31f2ea48,41.0,0,1.56875,339.188773,21.536045,0.0,2,true,true,coarse_grid,false,governance.selection=pressure_max_under_constraints;seed=continuation
-0.15,independent_oracle,3c5f6b3c9bd535cff7657364dadb2efc31f2ea48,41.0,0,1.575,339.032513,21.535448,0.0,2,true,true,coarse_grid,false,governance.selection=pressure_max_under_constraints;seed=continuation
-0.15,independent_oracle,3c5f6b3c9bd535cff7657364dadb2efc31f2ea48,41.0,0,1.58125,338.877664,21.534853,0.0,2,true,true,coarse_grid,false,governance.selection=pressure_max_under_constraints;seed=continuation
-0.15,independent_oracle,3c5f6b3c9bd535cff7657364dadb2efc31f2ea48,41.0,0,1.5875,338.724267,21.534262,0.0,2,true,true,coarse_grid,false,governance.selection=pressure_max_under_constraints;seed=continuation
-0.15,independent_oracle,3c5f6b3c9bd535cff7657364dadb2efc31f2ea48,41.0,0,1.59375,338.572361,21.533674,0.0,2,true,true,coarse_grid,false,governance.selection=pressure_max_under_constraints;seed=continuation
-0.15,independent_oracle,3c5f6b3c9bd535cff7657364dadb2efc31f2ea48,41.0,0,1.6,338.421987,21.53309,0.0,2,true,true,coarse_grid,false,governance.selection=pressure_max_under_constraints;seed=continuation
-0.15,independent_oracle,3c5f6b3c9bd535cff7657364dadb2efc31f2ea48,41.0,0,1.60625,338.273187,21.53251,0.0,2,true,true,coarse_grid,false,governance.selection=pressure_max_under_constraints;seed=continuation
-0.15,independent_oracle,3c5f6b3c9bd535cff7657364dadb2efc31f2ea48,41.0,0,1.6125,338.126002,21.531934,0.0,2,true,true,coarse_grid,false,governance.selection=pressure_max_under_constraints;seed=continuation
-0.15,independent_oracle,3c5f6b3c9bd535cff7657364dadb2efc31f2ea48,41.0,0,1.61875,337.980476,21.531362,0.0,2,true,true,coarse_grid,false,governance.selection=pressure_max_under_constraints;seed=continuation
-0.15,independent_oracle,3c5f6b3c9bd535cff7657364dadb2efc31f2ea48,41.0,0,1.625,337.836653,21.530794,0.0,2,true,true,coarse_grid,false,governance.selection=pressure_max_under_constraints;seed=continuation
-0.15,independent_oracle,3c5f6b3c9bd535cff7657364dadb2efc31f2ea48,41.0,0,1.63125,337.694577,21.530232,0.0,2,true,true,coarse_grid,false,governance.selection=pressure_max_under_constraints;seed=continuation
-0.15,independent_oracle,3c5f6b3c9bd535cff7657364dadb2efc31f2ea48,41.0,0,1.6375,337.554294,21.529674,0.0,2,true,true,coarse_grid,false,governance.selection=pressure_max_under_constraints;seed=continuation
-0.15,independent_oracle,3c5f6b3c9bd535cff7657364dadb2efc31f2ea48,41.0,0,1.64375,337.415849,21.529121,0.0,2,true,true,coarse_grid,false,governance.selection=pressure_max_under_constraints;seed=continuation
-0.15,independent_oracle,3c5f6b3c9bd535cff7657364dadb2efc31f2ea48,41.0,0,1.65,337.279291,21.528574,0.0,2,true,true,coarse_grid,false,governance.selection=pressure_max_under_constraints;seed=continuation
-0.15,independent_oracle,3c5f6b3c9bd535cff7657364dadb2efc31f2ea48,41.0,0,1.65625,337.144665,21.528033,0.0,2,true,true,coarse_grid,false,governance.selection=pressure_max_under_constraints;seed=continuation
-0.15,independent_oracle,3c5f6b3c9bd535cff7657364dadb2efc31f2ea48,41.0,0,1.6625,337.012021,21.527498,0.0,2,true,true,coarse_grid,false,governance.selection=pressure_max_under_constraints;seed=continuation
-0.15,independent_oracle,3c5f6b3c9bd535cff7657364dadb2efc31f2ea48,41.0,0,1.66875,336.881409,21.526968,0.0,2,true,true,coarse_grid,false,governance.selection=pressure_max_under_constraints;seed=continuation
-0.15,independent_oracle,3c5f6b3c9bd535cff7657364dadb2efc31f2ea48,41.0,0,1.675,336.752876,21.526446,0.0,2,true,true,coarse_grid,false,governance.selection=pressure_max_under_constraints;seed=continuation
-0.15,independent_oracle,3c5f6b3c9bd535cff7657364dadb2efc31f2ea48,41.0,0,1.68125,336.626475,21.52593,0.0,2,true,true,coarse_grid,false,governance.selection=pressure_max_under_constraints;seed=continuation
-0.15,independent_oracle,3c5f6b3c9bd535cff7657364dadb2efc31f2ea48,41.0,0,1.6875,336.502257,21.525421,0.0,2,true,true,coarse_grid,false,governance.selection=pressure_max_under_constraints;seed=continuation
-0.15,independent_oracle,3c5f6b3c9bd535cff7657364dadb2efc31f2ea48,41.0,0,1.69375,336.380273,21.524919,0.0,2,true,true,coarse_grid,false,governance.selection=pressure_max_under_constraints;seed=continuation
-0.15,independent_oracle,3c5f6b3c9bd535cff7657364dadb2efc31f2ea48,41.0,0,1.7,336.260575,21.524425,0.0,2,true,true,coarse_grid,false,governance.selection=pressure_max_under_constraints;seed=continuation
-0.15,independent_oracle,3c5f6b3c9bd535cff7657364dadb2efc31f2ea48,41.0,0,1.70625,336.143218,21.523939,0.0,2,true,true,coarse_grid,false,governance.selection=pressure_max_under_constraints;seed=continuation
-0.15,independent_oracle,3c5f6b3c9bd535cff7657364dadb2efc31f2ea48,41.0,0,1.7125,336.028254,21.523461,0.0,2,true,true,coarse_grid,false,governance.selection=pressure_max_under_constraints;seed=continuation
-0.15,independent_oracle,3c5f6b3c9bd535cff7657364dadb2efc31f2ea48,41.0,0,1.71875,335.915739,21.522991,0.0,2,true,true,coarse_grid,false,governance.selection=pressure_max_under_constraints;seed=continuation
-0.15,independent_oracle,3c5f6b3c9bd535cff7657364dadb2efc31f2ea48,41.0,0,1.725,335.805726,21.52253,0.0,2,true,true,coarse_grid,false,governance.selection=pressure_max_under_constraints;seed=continuation
-0.15,independent_oracle,3c5f6b3c9bd535cff7657364dadb2efc31f2ea48,41.0,0,1.73125,335.698271,21.522079,0.0,2,true,true,coarse_grid,false,governance.selection=pressure_max_under_constraints;seed=continuation
-0.15,independent_oracle,3c5f6b3c9bd535cff7657364dadb2efc31f2ea48,41.0,0,1.7375,335.59343,21.521636,0.0,2,true,true,coarse_grid,false,governance.selection=pressure_max_under_constraints;seed=continuation
-0.15,independent_oracle,3c5f6b3c9bd535cff7657364dadb2efc31f2ea48,41.0,0,1.74375,335.491259,21.521204,0.0,2,true,true,coarse_grid,false,governance.selection=pressure_max_under_constraints;seed=continuation
-0.15,independent_oracle,3c5f6b3c9bd535cff7657364dadb2efc31f2ea48,41.0,0,1.75,335.391813,21.520781,0.0,2,true,true,coarse_grid,false,governance.selection=pressure_max_under_constraints;seed=continuation
-0.15,independent_oracle,3c5f6b3c9bd535cff7657364dadb2efc31f2ea48,41.0,0,1.75625,335.295151,21.520369,0.0,2,true,true,coarse_grid,false,governance.selection=pressure_max_under_constraints;seed=continuation
-0.15,independent_oracle,3c5f6b3c9bd535cff7657364dadb2efc31f2ea48,41.0,0,1.7625,335.201328,21.519967,0.0,2,true,true,coarse_grid,false,governance.selection=pressure_max_under_constraints;seed=continuation
-0.15,independent_oracle,3c5f6b3c9bd535cff7657364dadb2efc31f2ea48,41.0,0,1.76875,335.110403,21.519577,0.0,2,true,true,coarse_grid,false,governance.selection=pressure_max_under_constraints;seed=continuation
-0.15,independent_oracle,3c5f6b3c9bd535cff7657364dadb2efc31f2ea48,41.0,0,1.775,335.02243,21.519198,0.0,2,true,true,coarse_grid,false,governance.selection=pressure_max_under_constraints;seed=continuation
-0.15,independent_oracle,3c5f6b3c9bd535cff7657364dadb2efc31f2ea48,41.0,0,1.78125,334.937469,21.51883,0.0,2,true,true,coarse_grid,false,governance.selection=pressure_max_under_constraints;seed=continuation
-0.15,independent_oracle,3c5f6b3c9bd535cff7657364dadb2efc31f2ea48,41.0,0,1.7875,334.855576,21.518475,0.0,2,true,true,coarse_grid,false,governance.selection=pressure_max_under_constraints;seed=continuation
-0.15,independent_oracle,3c5f6b3c9bd535cff7657364dadb2efc31f2ea48,41.0,0,1.79375,334.776808,21.518132,0.0,2,true,true,coarse_grid,false,governance.selection=pressure_max_under_constraints;seed=continuation
-0.15,independent_oracle,3c5f6b3c9bd535cff7657364dadb2efc31f2ea48,41.0,0,1.8,334.701221,21.517801,0.0,2,true,true,coarse_grid,false,governance.selection=pressure_max_under_constraints;seed=continuation
-0.15,independent_oracle,3c5f6b3c9bd535cff7657364dadb2efc31f2ea48,41.0,0,1.80625,334.628872,21.517484,0.0,2,true,true,coarse_grid,false,governance.selection=pressure_max_under_constraints;seed=continuation
-0.15,independent_oracle,3c5f6b3c9bd535cff7657364dadb2efc31f2ea48,41.0,0,1.8125,334.559816,21.51718,0.0,2,true,true,coarse_grid,false,governance.selection=pressure_max_under_constraints;seed=continuation
-0.15,independent_oracle,3c5f6b3c9bd535cff7657364dadb2efc31f2ea48,41.0,0,1.81875,334.49411,21.51689,0.0,2,true,true,coarse_grid,false,governance.selection=pressure_max_under_constraints;seed=continuation
-0.15,independent_oracle,3c5f6b3c9bd535cff7657364dadb2efc31f2ea48,41.0,0,1.825,334.431808,21.516614,0.0,2,true,true,coarse_grid,false,governance.selection=pressure_max_under_constraints;seed=continuation
-0.15,independent_oracle,3c5f6b3c9bd535cff7657364dadb2efc31f2ea48,41.0,0,1.83125,334.372963,21.516352,0.0,2,true,true,coarse_grid,false,governance.selection=pressure_max_under_constraints;seed=continuation
-0.15,independent_oracle,3c5f6b3c9bd535cff7657364dadb2efc31f2ea48,41.0,0,1.8375,334.31763,21.516105,0.0,2,true,true,coarse_grid,false,governance.selection=pressure_max_under_constraints;seed=continuation
-0.15,independent_oracle,3c5f6b3c9bd535cff7657364dadb2efc31f2ea48,41.0,0,1.84375,334.265859,21.515873,0.0,2,true,true,coarse_grid,false,governance.selection=pressure_max_under_constraints;seed=continuation
-0.15,independent_oracle,3c5f6b3c9bd535cff7657364dadb2efc31f2ea48,41.0,0,1.85,334.217704,21.515657,0.0,2,true,true,coarse_grid,false,governance.selection=pressure_max_under_constraints;seed=continuation
-0.15,independent_oracle,3c5f6b3c9bd535cff7657364dadb2efc31f2ea48,41.0,0,1.85625,334.173213,21.515457,0.0,2,true,true,coarse_grid,false,governance.selection=pressure_max_under_constraints;seed=continuation
-0.15,independent_oracle,3c5f6b3c9bd535cff7657364dadb2efc31f2ea48,41.0,0,1.8625,334.132435,21.515272,0.0,2,true,true,coarse_grid,false,governance.selection=pressure_max_under_constraints;seed=continuation
-0.15,independent_oracle,3c5f6b3c9bd535cff7657364dadb2efc31f2ea48,41.0,0,1.86875,334.095418,21.515104,0.0,2,true,true,coarse_grid,false,governance.selection=pressure_max_under_constraints;seed=continuation
-0.15,independent_oracle,3c5f6b3c9bd535cff7657364dadb2efc31f2ea48,41.0,0,1.875,334.062207,21.514953,0.0,2,true,true,coarse_grid,false,governance.selection=pressure_max_under_constraints;seed=continuation
-0.15,independent_oracle,3c5f6b3c9bd535cff7657364dadb2efc31f2ea48,41.0,0,1.88125,334.032847,21.514819,0.0,2,true,true,coarse_grid,false,governance.selection=pressure_max_under_constraints;seed=continuation
-0.15,independent_oracle,3c5f6b3c9bd535cff7657364dadb2efc31f2ea48,41.0,0,1.8875,334.00738,21.514702,0.0,2,true,true,coarse_grid,false,governance.selection=pressure_max_under_constraints;seed=continuation
-0.15,independent_oracle,3c5f6b3c9bd535cff7657364dadb2efc31f2ea48,41.0,0,1.89375,333.985847,21.514603,0.0,2,true,true,coarse_grid,false,governance.selection=pressure_max_under_constraints;seed=continuation
-0.15,independent_oracle,3c5f6b3c9bd535cff7657364dadb2efc31f2ea48,41.0,0,1.9,333.968286,21.514522,0.0,2,true,true,coarse_grid,false,governance.selection=pressure_max_under_constraints;seed=continuation
-0.15,independent_oracle,3c5f6b3c9bd535cff7657364dadb2efc31f2ea48,41.0,0,1.90625,333.954733,21.514459,0.0,2,true,true,coarse_grid,false,governance.selection=pressure_max_under_constraints;seed=continuation
-0.15,independent_oracle,3c5f6b3c9bd535cff7657364dadb2efc31f2ea48,41.0,0,1.9125,333.945223,21.514415,0.0,2,true,true,coarse_grid,false,governance.selection=pressure_max_under_constraints;seed=continuation
-0.15,independent_oracle,3c5f6b3c9bd535cff7657364dadb2efc31f2ea48,41.0,0,1.91875,333.939788,21.51439,0.0,2,true,true,coarse_grid,false,governance.selection=pressure_max_under_constraints;seed=continuation
-0.15,independent_oracle,3c5f6b3c9bd535cff7657364dadb2efc31f2ea48,41.0,0,1.925,333.938456,21.514384,0.0,2,true,true,coarse_grid,false,governance.selection=pressure_max_under_constraints;seed=continuation
-0.15,independent_oracle,3c5f6b3c9bd535cff7657364dadb2efc31f2ea48,41.0,0,1.93125,333.941256,21.514397,0.0,2,true,true,coarse_grid,false,governance.selection=pressure_max_under_constraints;seed=continuation
-0.15,independent_oracle,3c5f6b3c9bd535cff7657364dadb2efc31f2ea48,41.0,0,1.9375,333.94821,21.514429,0.0,2,true,true,coarse_grid,false,governance.selection=pressure_max_under_constraints;seed=continuation
-0.15,independent_oracle,3c5f6b3c9bd535cff7657364dadb2efc31f2ea48,41.0,0,1.94375,333.959341,21.514482,0.0,2,true,true,coarse_grid,false,governance.selection=pressure_max_under_constraints;seed=continuation
-0.15,independent_oracle,3c5f6b3c9bd535cff7657364dadb2efc31f2ea48,41.0,0,1.95,333.974668,21.514555,0.0,2,true,true,coarse_grid,false,governance.selection=pressure_max_under_constraints;seed=continuation
-0.15,independent_oracle,3c5f6b3c9bd535cff7657364dadb2efc31f2ea48,41.0,0,1.95625,333.994206,21.514647,0.0,2,true,true,coarse_grid,false,governance.selection=pressure_max_under_constraints;seed=continuation
-0.15,independent_oracle,3c5f6b3c9bd535cff7657364dadb2efc31f2ea48,41.0,0,1.9625,334.017968,21.514761,0.0,2,true,true,coarse_grid,false,governance.selection=pressure_max_under_constraints;seed=continuation
-0.15,independent_oracle,3c5f6b3c9bd535cff7657364dadb2efc31f2ea48,41.0,0,1.96875,334.045964,21.514895,0.0,2,true,true,coarse_grid,false,governance.selection=pressure_max_under_constraints;seed=continuation
-0.15,independent_oracle,3c5f6b3c9bd535cff7657364dadb2efc31f2ea48,41.0,0,1.975,334.078202,21.515049,0.0,2,true,true,coarse_grid,false,governance.selection=pressure_max_under_constraints;seed=continuation
-0.15,independent_oracle,3c5f6b3c9bd535cff7657364dadb2efc31f2ea48,41.0,0,1.98125,334.114684,21.515225,0.0,2,true,true,coarse_grid,false,governance.selection=pressure_max_under_constraints;seed=continuation
-0.15,independent_oracle,3c5f6b3c9bd535cff7657364dadb2efc31f2ea48,41.0,0,1.9875,334.155412,21.515421,0.0,2,true,true,coarse_grid,false,governance.selection=pressure_max_under_constraints;seed=continuation
-0.15,independent_oracle,3c5f6b3c9bd535cff7657364dadb2efc31f2ea48,41.0,0,1.99375,334.200383,21.515639,0.0,2,true,true,coarse_grid,false,governance.selection=pressure_max_under_constraints;seed=continuation
-0.15,independent_oracle,3c5f6b3c9bd535cff7657364dadb2efc31f2ea48,41.0,0,2.0,334.249592,21.515878,0.0,2,true,true,coarse_grid,false,governance.selection=pressure_max_under_constraints;seed=continuation
-0.15,independent_oracle,3c5f6b3c9bd535cff7657364dadb2efc31f2ea48,41.0,0,2.00625,334.303029,21.516139,0.0,2,true,true,coarse_grid,false,governance.selection=pressure_max_under_constraints;seed=continuation
-0.15,independent_oracle,3c5f6b3c9bd535cff7657364dadb2efc31f2ea48,41.0,0,2.0125,334.360684,21.51642,0.0,2,true,true,coarse_grid,false,governance.selection=pressure_max_under_constraints;seed=continuation
-0.15,independent_oracle,3c5f6b3c9bd535cff7657364dadb2efc31f2ea48,41.0,0,2.01875,334.422542,21.516724,0.0,2,true,true,coarse_grid,false,governance.selection=pressure_max_under_constraints;seed=continuation
-0.15,independent_oracle,3c5f6b3c9bd535cff7657364dadb2efc31f2ea48,41.0,0,2.025,334.488584,21.517048,0.0,2,true,true,coarse_grid,false,governance.selection=pressure_max_under_constraints;seed=continuation
-0.15,independent_oracle,3c5f6b3c9bd535cff7657364dadb2efc31f2ea48,41.0,0,2.03125,334.558789,21.517395,0.0,2,true,true,coarse_grid,false,governance.selection=pressure_max_under_constraints;seed=continuation
-0.15,independent_oracle,3c5f6b3c9bd535cff7657364dadb2efc31f2ea48,41.0,0,2.0375,334.633134,21.517763,0.0,2,true,true,coarse_grid,false,governance.selection=pressure_max_under_constraints;seed=continuation
-0.15,independent_oracle,3c5f6b3c9bd535cff7657364dadb2efc31f2ea48,41.0,0,2.04375,334.711591,21.518152,0.0,2,true,true,coarse_grid,false,governance.selection=pressure_max_under_constraints;seed=continuation
-0.15,independent_oracle,3c5f6b3c9bd535cff7657364dadb2efc31f2ea48,41.0,0,2.05,334.794131,21.518563,0.0,2,true,true,coarse_grid,false,governance.selection=pressure_max_under_constraints;seed=continuation
-0.15,independent_oracle,3c5f6b3c9bd535cff7657364dadb2efc31f2ea48,41.0,0,2.05625,334.880722,21.518996,0.0,2,true,true,coarse_grid,false,governance.selection=pressure_max_under_constraints;seed=continuation
-0.15,independent_oracle,3c5f6b3c9bd535cff7657364dadb2efc31f2ea48,41.0,0,2.0625,334.971329,21.51945,0.0,2,true,true,coarse_grid,false,governance.selection=pressure_max_under_constraints;seed=continuation
-0.15,independent_oracle,3c5f6b3c9bd535cff7657364dadb2efc31f2ea48,41.0,0,2.06875,335.065913,21.519925,0.0,2,true,true,coarse_grid,false,governance.selection=pressure_max_under_constraints;seed=continuation
-0.15,independent_oracle,3c5f6b3c9bd535cff7657364dadb2efc31f2ea48,41.0,0,2.075,335.164435,21.520421,0.0,2,true,true,coarse_grid,false,governance.selection=pressure_max_under_constraints;seed=continuation
-0.15,independent_oracle,3c5f6b3c9bd535cff7657364dadb2efc31f2ea48,41.0,0,2.08125,335.266852,21.520939,0.0,2,true,true,coarse_grid,false,governance.selection=pressure_max_under_constraints;seed=continuation
-0.15,independent_oracle,3c5f6b3c9bd535cff7657364dadb2efc31f2ea48,41.0,0,2.0875,335.37312,21.521478,0.0,2,true,true,coarse_grid,false,governance.selection=pressure_max_under_constraints;seed=continuation
-0.15,independent_oracle,3c5f6b3c9bd535cff7657364dadb2efc31f2ea48,41.0,0,2.09375,335.483191,21.522038,0.0,2,true,true,coarse_grid,false,governance.selection=pressure_max_under_constraints;seed=continuation
-0.15,independent_oracle,3c5f6b3c9bd535cff7657364dadb2efc31f2ea48,41.0,0,2.1,335.597017,21.522618,0.0,2,true,true,coarse_grid,false,governance.selection=pressure_max_under_constraints;seed=continuation
-0.15,independent_oracle,3c5f6b3c9bd535cff7657364dadb2efc31f2ea48,41.0,0,2.10625,335.714546,21.523219,0.0,2,true,true,coarse_grid,false,governance.selection=pressure_max_under_constraints;seed=continuation
-0.15,independent_oracle,3c5f6b3c9bd535cff7657364dadb2efc31f2ea48,41.0,0,2.1125,335.835727,21.523841,0.0,2,true,true,coarse_grid,false,governance.selection=pressure_max_under_constraints;seed=continuation
-0.15,independent_oracle,3c5f6b3c9bd535cff7657364dadb2efc31f2ea48,41.0,0,2.11875,335.960505,21.524483,0.0,2,true,true,coarse_grid,false,governance.selection=pressure_max_under_constraints;seed=continuation
-0.15,independent_oracle,3c5f6b3c9bd535cff7657364dadb2efc31f2ea48,41.0,0,2.125,336.088825,21.525146,0.0,2,true,true,coarse_grid,false,governance.selection=pressure_max_under_constraints;seed=continuation
-0.15,independent_oracle,3c5f6b3c9bd535cff7657364dadb2efc31f2ea48,41.0,0,2.13125,336.220629,21.525828,0.0,2,true,true,coarse_grid,false,governance.selection=pressure_max_under_constraints;seed=continuation
-0.15,independent_oracle,3c5f6b3c9bd535cff7657364dadb2efc31f2ea48,41.0,0,2.1375,336.355859,21.52653,0.0,2,true,true,coarse_grid,false,governance.selection=pressure_max_under_constraints;seed=continuation
-0.15,independent_oracle,3c5f6b3c9bd535cff7657364dadb2efc31f2ea48,41.0,0,2.14375,336.494456,21.527252,0.0,2,true,true,coarse_grid,false,governance.selection=pressure_max_under_constraints;seed=continuation
-0.15,independent_oracle,3c5f6b3c9bd535cff7657364dadb2efc31f2ea48,41.0,0,2.15,336.636359,21.527993,0.0,2,true,true,coarse_grid,false,governance.selection=pressure_max_under_constraints;seed=continuation
-0.15,independent_oracle,3c5f6b3c9bd535cff7657364dadb2efc31f2ea48,41.0,0,2.15625,336.781508,21.528753,0.0,2,true,true,coarse_grid,false,governance.selection=pressure_max_under_constraints;seed=continuation
-0.15,independent_oracle,3c5f6b3c9bd535cff7657364dadb2efc31f2ea48,41.0,0,2.1625,336.92984,21.529532,0.0,2,true,true,coarse_grid,false,governance.selection=pressure_max_under_constraints;seed=continuation
-0.15,independent_oracle,3c5f6b3c9bd535cff7657364dadb2efc31f2ea48,41.0,0,2.16875,337.081292,21.53033,0.0,2,true,true,coarse_grid,false,governance.selection=pressure_max_under_constraints;seed=continuation
-0.15,independent_oracle,3c5f6b3c9bd535cff7657364dadb2efc31f2ea48,41.0,0,2.175,337.235803,21.531146,0.0,2,true,true,coarse_grid,false,governance.selection=pressure_max_under_constraints;seed=continuation
-0.15,independent_oracle,3c5f6b3c9bd535cff7657364dadb2efc31f2ea48,41.0,0,2.18125,337.393308,21.531981,0.0,2,true,true,coarse_grid,false,governance.selection=pressure_max_under_constraints;seed=continuation
-0.15,independent_oracle,3c5f6b3c9bd535cff7657364dadb2efc31f2ea48,41.0,0,2.1875,337.553743,21.532833,0.0,2,true,true,coarse_grid,false,governance.selection=pressure_max_under_constraints;seed=continuation
-0.15,independent_oracle,3c5f6b3c9bd535cff7657364dadb2efc31f2ea48,41.0,0,2.19375,337.717046,21.533704,0.0,2,true,true,coarse_grid,false,governance.selection=pressure_max_under_constraints;seed=continuation
-0.15,independent_oracle,3c5f6b3c9bd535cff7657364dadb2efc31f2ea48,41.0,0,2.2,337.883152,21.534591,0.0,2,true,true,coarse_grid,false,governance.selection=pressure_max_under_constraints;seed=continuation
-0.15,independent_oracle,3c5f6b3c9bd535cff7657364dadb2efc31f2ea48,41.0,0,2.20625,338.051997,21.535496,0.0,2,true,true,coarse_grid,false,governance.selection=pressure_max_under_constraints;seed=continuation
-0.15,independent_oracle,3c5f6b3c9bd535cff7657364dadb2efc31f2ea48,41.0,0,2.2125,338.223517,21.536418,0.0,2,true,true,coarse_grid,false,governance.selection=pressure_max_under_constraints;seed=continuation
-0.15,independent_oracle,3c5f6b3c9bd535cff7657364dadb2efc31f2ea48,41.0,0,2.21875,338.39765,21.537356,0.0,2,true,true,coarse_grid,false,governance.selection=pressure_max_under_constraints;seed=continuation
-0.15,independent_oracle,3c5f6b3c9bd535cff7657364dadb2efc31f2ea48,41.0,0,2.225,338.574332,21.538311,0.0,2,true,true,coarse_grid,false,governance.selection=pressure_max_under_constraints;seed=continuation
-0.15,independent_oracle,3c5f6b3c9bd535cff7657364dadb2efc31f2ea48,41.0,0,2.23125,338.7535,21.539282,0.0,2,true,true,coarse_grid,false,governance.selection=pressure_max_under_constraints;seed=continuation
-0.15,independent_oracle,3c5f6b3c9bd535cff7657364dadb2efc31f2ea48,41.0,0,2.2375,338.935092,21.540269,0.0,2,true,true,coarse_grid,false,governance.selection=pressure_max_under_constraints;seed=continuation
-0.15,independent_oracle,3c5f6b3c9bd535cff7657364dadb2efc31f2ea48,41.0,0,2.24375,339.119046,21.541272,0.0,2,true,true,coarse_grid,false,governance.selection=pressure_max_under_constraints;seed=continuation
-0.15,independent_oracle,3c5f6b3c9bd535cff7657364dadb2efc31f2ea48,41.0,0,2.25,339.305301,21.54229,0.0,2,true,true,coarse_grid,false,governance.selection=pressure_max_under_constraints;seed=continuation
-0.15,independent_oracle,3c5f6b3c9bd535cff7657364dadb2efc31f2ea48,41.0,0,2.25625,339.493797,21.543323,0.0,2,true,true,coarse_grid,false,governance.selection=pressure_max_under_constraints;seed=continuation
-0.15,independent_oracle,3c5f6b3c9bd535cff7657364dadb2efc31f2ea48,41.0,0,2.2625,339.684473,21.544371,0.0,2,true,true,coarse_grid,false,governance.selection=pressure_max_under_constraints;seed=continuation
-0.15,independent_oracle,3c5f6b3c9bd535cff7657364dadb2efc31f2ea48,41.0,0,2.26875,339.87727,21.545434,0.0,2,true,true,coarse_grid,false,governance.selection=pressure_max_under_constraints;seed=continuation
-0.15,independent_oracle,3c5f6b3c9bd535cff7657364dadb2efc31f2ea48,41.0,0,2.275,340.072131,21.546511,0.0,2,true,true,coarse_grid,false,governance.selection=pressure_max_under_constraints;seed=continuation
-0.15,independent_oracle,3c5f6b3c9bd535cff7657364dadb2efc31f2ea48,41.0,0,2.28125,340.268997,21.547601,0.0,2,true,true,coarse_grid,false,governance.selection=pressure_max_under_constraints;seed=continuation
-0.15,independent_oracle,3c5f6b3c9bd535cff7657364dadb2efc31f2ea48,41.0,0,2.2875,340.467812,21.548706,0.0,2,true,true,coarse_grid,false,governance.selection=pressure_max_under_constraints;seed=continuation
-0.15,independent_oracle,3c5f6b3c9bd535cff7657364dadb2efc31f2ea48,41.0,0,2.29375,340.66852,21.549825,0.0,2,true,true,coarse_grid,false,governance.selection=pressure_max_under_constraints;seed=continuation
-0.15,independent_oracle,3c5f6b3c9bd535cff7657364dadb2efc31f2ea48,41.0,0,2.3,340.871067,21.550956,0.0,2,true,true,coarse_grid,false,governance.selection=pressure_max_under_constraints;seed=continuation
-0.15,independent_oracle,3c5f6b3c9bd535cff7657364dadb2efc31f2ea48,41.0,0,2.30625,341.075398,21.552101,0.0,2,true,true,coarse_grid,false,governance.selection=pressure_max_under_constraints;seed=continuation
-0.15,independent_oracle,3c5f6b3c9bd535cff7657364dadb2efc31f2ea48,41.0,0,2.3125,341.28146,21.553259,0.0,2,true,true,coarse_grid,false,governance.selection=pressure_max_under_constraints;seed=continuation
-0.15,independent_oracle,3c5f6b3c9bd535cff7657364dadb2efc31f2ea48,41.0,0,2.31875,341.489202,21.554429,0.0,2,true,true,coarse_grid,false,governance.selection=pressure_max_under_constraints;seed=continuation
-0.15,independent_oracle,3c5f6b3c9bd535cff7657364dadb2efc31f2ea48,41.0,0,2.325,341.698572,21.555611,0.0,2,true,true,coarse_grid,false,governance.selection=pressure_max_under_constraints;seed=continuation
-0.15,independent_oracle,3c5f6b3c9bd535cff7657364dadb2efc31f2ea48,41.0,0,2.33125,341.909521,21.556806,0.0,2,true,true,coarse_grid,false,governance.selection=pressure_max_under_constraints;seed=continuation
-0.15,independent_oracle,3c5f6b3c9bd535cff7657364dadb2efc31f2ea48,41.0,0,2.3375,342.122,21.558012,0.0,2,true,true,coarse_grid,false,governance.selection=pressure_max_under_constraints;seed=continuation
-0.15,independent_oracle,3c5f6b3c9bd535cff7657364dadb2efc31f2ea48,41.0,0,2.34375,342.33596,21.559231,0.0,2,true,true,coarse_grid,false,governance.selection=pressure_max_under_constraints;seed=continuation
-0.15,independent_oracle,3c5f6b3c9bd535cff7657364dadb2efc31f2ea48,41.0,0,2.35,342.551355,21.56046,0.0,2,true,true,coarse_grid,false,governance.selection=pressure_max_under_constraints;seed=continuation
-0.15,independent_oracle,3c5f6b3c9bd535cff7657364dadb2efc31f2ea48,41.0,0,2.35625,342.768139,21.561701,0.0,2,true,true,coarse_grid,false,governance.selection=pressure_max_under_constraints;seed=continuation
-0.15,independent_oracle,3c5f6b3c9bd535cff7657364dadb2efc31f2ea48,41.0,0,2.3625,342.986266,21.562953,0.0,2,true,true,coarse_grid,false,governance.selection=pressure_max_under_constraints;seed=continuation
-0.15,independent_oracle,3c5f6b3c9bd535cff7657364dadb2efc31f2ea48,41.0,0,2.36875,343.205694,21.564216,0.0,2,true,true,coarse_grid,false,governance.selection=pressure_max_under_constraints;seed=continuation
-0.15,independent_oracle,3c5f6b3c9bd535cff7657364dadb2efc31f2ea48,41.0,0,2.375,343.426378,21.565489,0.0,2,true,true,coarse_grid,false,governance.selection=pressure_max_under_constraints;seed=continuation
-0.15,independent_oracle,3c5f6b3c9bd535cff7657364dadb2efc31f2ea48,41.0,0,2.38125,343.648278,21.566773,0.0,2,true,true,coarse_grid,false,governance.selection=pressure_max_under_constraints;seed=continuation
-0.15,independent_oracle,3c5f6b3c9bd535cff7657364dadb2efc31f2ea48,41.0,0,2.3875,343.871352,21.568066,0.0,2,true,true,coarse_grid,false,governance.selection=pressure_max_under_constraints;seed=continuation
-0.15,independent_oracle,3c5f6b3c9bd535cff7657364dadb2efc31f2ea48,41.0,0,2.39375,344.09556,21.56937,0.0,2,true,true,coarse_grid,false,governance.selection=pressure_max_under_constraints;seed=continuation
-0.15,independent_oracle,3c5f6b3c9bd535cff7657364dadb2efc31f2ea48,41.0,0,2.4,344.320864,21.570684,0.0,2,true,true,coarse_grid,false,governance.selection=pressure_max_under_constraints;seed=continuation
-0.15,independent_oracle,3c5f6b3c9bd535cff7657364dadb2efc31f2ea48,41.0,0,2.40625,344.547225,21.572007,0.0,2,true,true,coarse_grid,false,governance.selection=pressure_max_under_constraints;seed=continuation
-0.15,independent_oracle,3c5f6b3c9bd535cff7657364dadb2efc31f2ea48,41.0,0,2.4125,344.774607,21.57334,0.0,2,true,true,coarse_grid,false,governance.selection=pressure_max_under_constraints;seed=continuation
-0.15,independent_oracle,3c5f6b3c9bd535cff7657364dadb2efc31f2ea48,41.0,0,2.41875,345.002973,21.574682,0.0,2,true,true,coarse_grid,false,governance.selection=pressure_max_under_constraints;seed=continuation
-0.15,independent_oracle,3c5f6b3c9bd535cff7657364dadb2efc31f2ea48,41.0,0,2.425,345.232289,21.576033,0.0,2,true,true,coarse_grid,false,governance.selection=pressure_max_under_constraints;seed=continuation
-0.15,independent_oracle,3c5f6b3c9bd535cff7657364dadb2efc31f2ea48,41.0,0,2.43125,345.462519,21.577392,0.0,2,true,true,coarse_grid,false,governance.selection=pressure_max_under_constraints;seed=continuation
-0.15,independent_oracle,3c5f6b3c9bd535cff7657364dadb2efc31f2ea48,41.0,0,2.4375,345.693631,21.578761,0.0,2,true,true,coarse_grid,false,governance.selection=pressure_max_under_constraints;seed=continuation
-0.15,independent_oracle,3c5f6b3c9bd535cff7657364dadb2efc31f2ea48,41.0,0,2.44375,345.925592,21.580138,0.0,2,true,true,coarse_grid,false,governance.selection=pressure_max_under_constraints;seed=continuation
-0.15,independent_oracle,3c5f6b3c9bd535cff7657364dadb2efc31f2ea48,41.0,0,2.45,346.15837,21.581524,0.0,2,true,true,coarse_grid,false,governance.selection=pressure_max_under_constraints;seed=continuation
-0.15,independent_oracle,3c5f6b3c9bd535cff7657364dadb2efc31f2ea48,41.0,0,2.45625,346.391935,21.582917,0.0,2,true,true,coarse_grid,false,governance.selection=pressure_max_under_constraints;seed=continuation
-0.15,independent_oracle,3c5f6b3c9bd535cff7657364dadb2efc31f2ea48,41.0,0,2.4625,346.626257,21.584319,0.0,2,true,true,coarse_grid,false,governance.selection=pressure_max_under_constraints;seed=continuation
-0.15,independent_oracle,3c5f6b3c9bd535cff7657364dadb2efc31f2ea48,41.0,0,2.46875,346.861306,21.585729,0.0,2,true,true,coarse_grid,false,governance.selection=pressure_max_under_constraints;seed=continuation
-0.15,independent_oracle,3c5f6b3c9bd535cff7657364dadb2efc31f2ea48,41.0,0,2.475,347.097054,21.587146,0.0,2,true,true,coarse_grid,false,governance.selection=pressure_max_under_constraints;seed=continuation
-0.15,independent_oracle,3c5f6b3c9bd535cff7657364dadb2efc31f2ea48,41.0,0,2.48125,347.333474,21.588572,0.0,2,true,true,coarse_grid,false,governance.selection=pressure_max_under_constraints;seed=continuation
-0.15,independent_oracle,3c5f6b3c9bd535cff7657364dadb2efc31f2ea48,41.0,0,2.4875,347.570538,21.590004,0.0,2,true,true,coarse_grid,false,governance.selection=pressure_max_under_constraints;seed=continuation
-0.15,independent_oracle,3c5f6b3c9bd535cff7657364dadb2efc31f2ea48,41.0,0,2.49375,347.808221,21.591444,0.0,2,true,true,coarse_grid,false,governance.selection=pressure_max_under_constraints;seed=continuation
-0.15,independent_oracle,3c5f6b3c9bd535cff7657364dadb2efc31f2ea48,41.0,0,2.5,348.046498,21.592891,0.0,2,true,true,coarse_grid,false,governance.selection=pressure_max_under_constraints;seed=continuation
-0.15,independent_oracle,3c5f6b3c9bd535cff7657364dadb2efc31f2ea48,41.0,0,2.50625,348.285343,21.594346,0.0,2,true,true,coarse_grid,false,governance.selection=pressure_max_under_constraints;seed=continuation
-0.15,independent_oracle,3c5f6b3c9bd535cff7657364dadb2efc31f2ea48,41.0,0,2.5125,348.524733,21.595807,0.0,2,true,true,coarse_grid,false,governance.selection=pressure_max_under_constraints;seed=continuation
-0.15,independent_oracle,3c5f6b3c9bd535cff7657364dadb2efc31f2ea48,41.0,0,2.51875,348.764644,21.597275,0.0,2,true,true,coarse_grid,false,governance.selection=pressure_max_under_constraints;seed=continuation
-0.15,independent_oracle,3c5f6b3c9bd535cff7657364dadb2efc31f2ea48,41.0,0,2.525,349.005054,21.59875,0.0,2,true,true,coarse_grid,false,governance.selection=pressure_max_under_constraints;seed=continuation
-0.15,independent_oracle,3c5f6b3c9bd535cff7657364dadb2efc31f2ea48,41.0,0,2.53125,349.245941,21.600231,0.0,2,true,true,coarse_grid,false,governance.selection=pressure_max_under_constraints;seed=continuation
-0.15,independent_oracle,3c5f6b3c9bd535cff7657364dadb2efc31f2ea48,41.0,0,2.5375,349.487283,21.601719,0.0,2,true,true,coarse_grid,false,governance.selection=pressure_max_under_constraints;seed=continuation
-0.15,independent_oracle,3c5f6b3c9bd535cff7657364dadb2efc31f2ea48,41.0,0,2.54375,349.729059,21.603213,0.0,2,true,true,coarse_grid,false,governance.selection=pressure_max_under_constraints;seed=continuation
-0.15,independent_oracle,3c5f6b3c9bd535cff7657364dadb2efc31f2ea48,41.0,0,2.55,349.971251,21.604714,0.0,2,true,true,coarse_grid,false,governance.selection=pressure_max_under_constraints;seed=continuation
-0.15,independent_oracle,3c5f6b3c9bd535cff7657364dadb2efc31f2ea48,41.0,0,2.55625,350.213837,21.60622,0.0,2,true,true,coarse_grid,false,governance.selection=pressure_max_under_constraints;seed=continuation
-0.15,independent_oracle,3c5f6b3c9bd535cff7657364dadb2efc31f2ea48,41.0,0,2.5625,350.456798,21.607733,0.0,2,true,true,coarse_grid,false,governance.selection=pressure_max_under_constraints;seed=continuation
-0.15,independent_oracle,3c5f6b3c9bd535cff7657364dadb2efc31f2ea48,41.0,0,2.56875,350.700118,21.609252,0.0,2,true,true,coarse_grid,false,governance.selection=pressure_max_under_constraints;seed=continuation
-0.15,independent_oracle,3c5f6b3c9bd535cff7657364dadb2efc31f2ea48,41.0,0,2.575,350.943776,21.610776,0.0,2,true,true,coarse_grid,false,governance.selection=pressure_max_under_constraints;seed=continuation
-0.15,independent_oracle,3c5f6b3c9bd535cff7657364dadb2efc31f2ea48,41.0,0,2.58125,351.187757,21.612306,0.0,2,true,true,coarse_grid,false,governance.selection=pressure_max_under_constraints;seed=continuation
-0.15,independent_oracle,3c5f6b3c9bd535cff7657364dadb2efc31f2ea48,41.0,0,2.5875,351.432042,21.613842,0.0,2,true,true,coarse_grid,false,governance.selection=pressure_max_under_constraints;seed=continuation
-0.15,independent_oracle,3c5f6b3c9bd535cff7657364dadb2efc31f2ea48,41.0,0,2.59375,351.676617,21.615383,0.0,2,true,true,coarse_grid,false,governance.selection=pressure_max_under_constraints;seed=continuation
-0.15,independent_oracle,3c5f6b3c9bd535cff7657364dadb2efc31f2ea48,41.0,0,2.6,351.921464,21.61693,0.0,2,true,true,coarse_grid,false,governance.selection=pressure_max_under_constraints;seed=continuation
-0.15,independent_oracle,3c5f6b3c9bd535cff7657364dadb2efc31f2ea48,41.0,0,2.60625,352.166568,21.618482,0.0,2,true,true,coarse_grid,false,governance.selection=pressure_max_under_constraints;seed=continuation
-0.15,independent_oracle,3c5f6b3c9bd535cff7657364dadb2efc31f2ea48,41.0,0,2.6125,352.411914,21.620039,0.0,2,true,true,coarse_grid,false,governance.selection=pressure_max_under_constraints;seed=continuation
-0.15,independent_oracle,3c5f6b3c9bd535cff7657364dadb2efc31f2ea48,41.0,0,2.61875,352.657488,21.621601,0.0,2,true,true,coarse_grid,false,governance.selection=pressure_max_under_constraints;seed=continuation
-0.15,independent_oracle,3c5f6b3c9bd535cff7657364dadb2efc31f2ea48,41.0,0,2.625,352.903275,21.623169,0.0,2,true,true,coarse_grid,false,governance.selection=pressure_max_under_constraints;seed=continuation
-0.15,independent_oracle,3c5f6b3c9bd535cff7657364dadb2efc31f2ea48,41.0,0,2.63125,353.149262,21.624742,0.0,2,true,true,coarse_grid,false,governance.selection=pressure_max_under_constraints;seed=continuation
-0.15,independent_oracle,3c5f6b3c9bd535cff7657364dadb2efc31f2ea48,41.0,0,2.6375,353.395435,21.626319,0.0,2,true,true,coarse_grid,false,governance.selection=pressure_max_under_constraints;seed=continuation
-0.15,independent_oracle,3c5f6b3c9bd535cff7657364dadb2efc31f2ea48,41.0,0,2.64375,353.641781,21.627901,0.0,2,true,true,coarse_grid,false,governance.selection=pressure_max_under_constraints;seed=continuation
-0.15,independent_oracle,3c5f6b3c9bd535cff7657364dadb2efc31f2ea48,41.0,0,2.65,353.888288,21.629489,0.0,2,true,true,coarse_grid,false,governance.selection=pressure_max_under_constraints;seed=continuation
-0.15,independent_oracle,3c5f6b3c9bd535cff7657364dadb2efc31f2ea48,41.0,0,2.65625,354.134944,21.63108,0.0,2,true,true,coarse_grid,false,governance.selection=pressure_max_under_constraints;seed=continuation
-0.15,independent_oracle,3c5f6b3c9bd535cff7657364dadb2efc31f2ea48,41.0,0,2.6625,354.381736,21.632677,0.0,2,true,true,coarse_grid,false,governance.selection=pressure_max_under_constraints;seed=continuation
-0.15,independent_oracle,3c5f6b3c9bd535cff7657364dadb2efc31f2ea48,41.0,0,2.66875,354.628653,21.634278,0.0,2,true,true,coarse_grid,false,governance.selection=pressure_max_under_constraints;seed=continuation
-0.15,independent_oracle,3c5f6b3c9bd535cff7657364dadb2efc31f2ea48,41.0,0,2.675,354.875684,21.635884,0.0,2,true,true,coarse_grid,false,governance.selection=pressure_max_under_constraints;seed=continuation
-0.15,independent_oracle,3c5f6b3c9bd535cff7657364dadb2efc31f2ea48,41.0,0,2.68125,355.122818,21.637493,0.0,2,true,true,coarse_grid,false,governance.selection=pressure_max_under_constraints;seed=continuation
-0.15,independent_oracle,3c5f6b3c9bd535cff7657364dadb2efc31f2ea48,41.0,0,2.6875,355.370044,21.639108,0.0,2,true,true,coarse_grid,false,governance.selection=pressure_max_under_constraints;seed=continuation
-0.15,independent_oracle,3c5f6b3c9bd535cff7657364dadb2efc31f2ea48,41.0,0,2.69375,355.617353,21.640726,0.0,2,true,true,coarse_grid,false,governance.selection=pressure_max_under_constraints;seed=continuation
-0.15,independent_oracle,3c5f6b3c9bd535cff7657364dadb2efc31f2ea48,41.0,0,2.7,355.864734,21.642349,0.0,2,true,true,coarse_grid,false,governance.selection=pressure_max_under_constraints;seed=continuation
-0.15,independent_oracle,3c5f6b3c9bd535cff7657364dadb2efc31f2ea48,41.0,0,2.70625,356.112178,21.643976,0.0,2,true,true,coarse_grid,false,governance.selection=pressure_max_under_constraints;seed=continuation
-0.15,independent_oracle,3c5f6b3c9bd535cff7657364dadb2efc31f2ea48,41.0,0,2.7125,356.359675,21.645607,0.0,2,true,true,coarse_grid,false,governance.selection=pressure_max_under_constraints;seed=continuation
-0.15,independent_oracle,3c5f6b3c9bd535cff7657364dadb2efc31f2ea48,41.0,0,2.71875,356.607216,21.647243,0.0,2,true,true,coarse_grid,false,governance.selection=pressure_max_under_constraints;seed=continuation
-0.15,independent_oracle,3c5f6b3c9bd535cff7657364dadb2efc31f2ea48,41.0,0,2.725,356.854793,21.648882,0.0,2,true,true,coarse_grid,false,governance.selection=pressure_max_under_constraints;seed=continuation
-0.15,independent_oracle,3c5f6b3c9bd535cff7657364dadb2efc31f2ea48,41.0,0,2.73125,357.102397,21.650525,0.0,2,true,true,coarse_grid,false,governance.selection=pressure_max_under_constraints;seed=continuation
-0.15,independent_oracle,3c5f6b3c9bd535cff7657364dadb2efc31f2ea48,41.0,0,2.7375,357.35002,21.652172,0.0,2,true,true,coarse_grid,false,governance.selection=pressure_max_under_constraints;seed=continuation
-0.15,independent_oracle,3c5f6b3c9bd535cff7657364dadb2efc31f2ea48,41.0,0,2.74375,357.597653,21.653823,0.0,2,true,true,coarse_grid,false,governance.selection=pressure_max_under_constraints;seed=continuation
-0.15,independent_oracle,3c5f6b3c9bd535cff7657364dadb2efc31f2ea48,41.0,0,2.75,357.845289,21.655478,0.0,2,true,true,coarse_grid,false,governance.selection=pressure_max_under_constraints;seed=continuation
-0.15,independent_oracle,3c5f6b3c9bd535cff7657364dadb2efc31f2ea48,41.0,0,2.75625,358.09292,21.657136,0.0,2,true,true,coarse_grid,false,governance.selection=pressure_max_under_constraints;seed=continuation
-0.15,independent_oracle,3c5f6b3c9bd535cff7657364dadb2efc31f2ea48,41.0,0,2.7625,358.340539,21.658798,0.0,2,true,true,coarse_grid,false,governance.selection=pressure_max_under_constraints;seed=continuation
-0.15,independent_oracle,3c5f6b3c9bd535cff7657364dadb2efc31f2ea48,41.0,0,2.76875,358.588138,21.660464,0.0,2,true,true,coarse_grid,false,governance.selection=pressure_max_under_constraints;seed=continuation
-0.15,independent_oracle,3c5f6b3c9bd535cff7657364dadb2efc31f2ea48,41.0,0,2.775,358.835712,21.662133,0.0,2,true,true,coarse_grid,false,governance.selection=pressure_max_under_constraints;seed=continuation
-0.15,independent_oracle,3c5f6b3c9bd535cff7657364dadb2efc31f2ea48,41.0,0,2.78125,359.083252,21.663806,0.0,2,true,true,coarse_grid,false,governance.selection=pressure_max_under_constraints;seed=continuation
-0.15,independent_oracle,3c5f6b3c9bd535cff7657364dadb2efc31f2ea48,41.0,0,2.7875,359.330753,21.665482,0.0,2,true,true,coarse_grid,false,governance.selection=pressure_max_under_constraints;seed=continuation
-0.15,independent_oracle,3c5f6b3c9bd535cff7657364dadb2efc31f2ea48,41.0,0,2.79375,359.578208,21.667162,0.0,2,true,true,coarse_grid,false,governance.selection=pressure_max_under_constraints;seed=continuation
-0.15,independent_oracle,3c5f6b3c9bd535cff7657364dadb2efc31f2ea48,41.0,0,2.8,359.825611,21.668845,0.0,2,true,true,coarse_grid,false,governance.selection=pressure_max_under_constraints;seed=continuation
-0.15,independent_oracle,3c5f6b3c9bd535cff7657364dadb2efc31f2ea48,41.0,0,2.80625,360.072956,21.670532,0.0,2,true,true,coarse_grid,false,governance.selection=pressure_max_under_constraints;seed=continuation
-0.15,independent_oracle,3c5f6b3c9bd535cff7657364dadb2efc31f2ea48,41.0,0,2.8125,360.320238,21.672222,0.0,2,true,true,coarse_grid,false,governance.selection=pressure_max_under_constraints;seed=continuation
-0.15,independent_oracle,3c5f6b3c9bd535cff7657364dadb2efc31f2ea48,41.0,0,2.81875,360.56745,21.673915,0.0,2,true,true,coarse_grid,false,governance.selection=pressure_max_under_constraints;seed=continuation
-0.15,independent_oracle,3c5f6b3c9bd535cff7657364dadb2efc31f2ea48,41.0,0,2.825,360.814587,21.675611,0.0,2,true,true,coarse_grid,false,governance.selection=pressure_max_under_constraints;seed=continuation
-0.15,independent_oracle,3c5f6b3c9bd535cff7657364dadb2efc31f2ea48,41.0,0,2.83125,361.061644,21.677311,0.0,2,true,true,coarse_grid,false,governance.selection=pressure_max_under_constraints;seed=continuation
-0.15,independent_oracle,3c5f6b3c9bd535cff7657364dadb2efc31f2ea48,41.0,0,2.8375,361.308616,21.679014,0.0,2,true,true,coarse_grid,false,governance.selection=pressure_max_under_constraints;seed=continuation
-0.15,independent_oracle,3c5f6b3c9bd535cff7657364dadb2efc31f2ea48,41.0,0,2.84375,361.555498,21.68072,0.0,2,true,true,coarse_grid,false,governance.selection=pressure_max_under_constraints;seed=continuation
-0.15,independent_oracle,3c5f6b3c9bd535cff7657364dadb2efc31f2ea48,41.0,0,2.85,361.802285,21.682429,0.0,2,true,true,coarse_grid,false,governance.selection=pressure_max_under_constraints;seed=continuation
-0.15,independent_oracle,3c5f6b3c9bd535cff7657364dadb2efc31f2ea48,41.0,0,2.85625,362.048972,21.684141,0.0,2,true,true,coarse_grid,false,governance.selection=pressure_max_under_constraints;seed=continuation
-0.15,independent_oracle,3c5f6b3c9bd535cff7657364dadb2efc31f2ea48,41.0,0,2.8625,362.295554,21.685856,0.0,2,true,true,coarse_grid,false,governance.selection=pressure_max_under_constraints;seed=continuation
-0.15,independent_oracle,3c5f6b3c9bd535cff7657364dadb2efc31f2ea48,41.0,0,2.86875,362.542028,21.687574,0.0,2,true,true,coarse_grid,false,governance.selection=pressure_max_under_constraints;seed=continuation
-0.15,independent_oracle,3c5f6b3c9bd535cff7657364dadb2efc31f2ea48,41.0,0,2.875,362.788389,21.689295,0.0,2,true,true,coarse_grid,false,governance.selection=pressure_max_under_constraints;seed=continuation
-0.15,independent_oracle,3c5f6b3c9bd535cff7657364dadb2efc31f2ea48,41.0,0,2.88125,363.034633,21.691019,0.0,2,true,true,coarse_grid,false,governance.selection=pressure_max_under_constraints;seed=continuation
-0.15,independent_oracle,3c5f6b3c9bd535cff7657364dadb2efc31f2ea48,41.0,0,2.8875,363.280756,21.692746,0.0,2,true,true,coarse_grid,false,governance.selection=pressure_max_under_constraints;seed=continuation
-0.15,independent_oracle,3c5f6b3c9bd535cff7657364dadb2efc31f2ea48,41.0,0,2.89375,363.526753,21.694475,0.0,2,true,true,coarse_grid,false,governance.selection=pressure_max_under_constraints;seed=continuation
-0.15,independent_oracle,3c5f6b3c9bd535cff7657364dadb2efc31f2ea48,41.0,0,2.9,363.772622,21.696208,0.0,2,true,true,coarse_grid,false,governance.selection=pressure_max_under_constraints;seed=continuation
-0.15,independent_oracle,3c5f6b3c9bd535cff7657364dadb2efc31f2ea48,41.0,0,2.90625,364.018359,21.697943,0.0,2,true,true,coarse_grid,false,governance.selection=pressure_max_under_constraints;seed=continuation
-0.15,independent_oracle,3c5f6b3c9bd535cff7657364dadb2efc31f2ea48,41.0,0,2.9125,364.263959,21.699681,0.0,2,true,true,coarse_grid,false,governance.selection=pressure_max_under_constraints;seed=continuation
-0.15,independent_oracle,3c5f6b3c9bd535cff7657364dadb2efc31f2ea48,41.0,0,2.91875,364.509419,21.701422,0.0,2,true,true,coarse_grid,false,governance.selection=pressure_max_under_constraints;seed=continuation
-0.15,independent_oracle,3c5f6b3c9bd535cff7657364dadb2efc31f2ea48,41.0,0,2.925,364.754737,21.703166,0.0,2,true,true,coarse_grid,false,governance.selection=pressure_max_under_constraints;seed=continuation
-0.15,independent_oracle,3c5f6b3c9bd535cff7657364dadb2efc31f2ea48,41.0,0,2.93125,364.999909,21.704912,0.0,2,true,true,coarse_grid,false,governance.selection=pressure_max_under_constraints;seed=continuation
-0.15,independent_oracle,3c5f6b3c9bd535cff7657364dadb2efc31f2ea48,41.0,0,2.9375,365.244931,21.706661,0.0,2,true,true,coarse_grid,false,governance.selection=pressure_max_under_constraints;seed=continuation
-0.15,independent_oracle,3c5f6b3c9bd535cff7657364dadb2efc31f2ea48,41.0,0,2.94375,365.489801,21.708413,0.0,2,true,true,coarse_grid,false,governance.selection=pressure_max_under_constraints;seed=continuation
-0.15,independent_oracle,3c5f6b3c9bd535cff7657364dadb2efc31f2ea48,41.0,0,2.95,365.734516,21.710167,0.0,2,true,true,coarse_grid,false,governance.selection=pressure_max_under_constraints;seed=continuation
-0.15,independent_oracle,3c5f6b3c9bd535cff7657364dadb2efc31f2ea48,41.0,0,2.95625,365.979072,21.711924,0.0,2,true,true,coarse_grid,false,governance.selection=pressure_max_under_constraints;seed=continuation
-0.15,independent_oracle,3c5f6b3c9bd535cff7657364dadb2efc31f2ea48,41.0,0,2.9625,366.223467,21.713683,0.0,2,true,true,coarse_grid,false,governance.selection=pressure_max_under_constraints;seed=continuation
-0.15,independent_oracle,3c5f6b3c9bd535cff7657364dadb2efc31f2ea48,41.0,0,2.96875,366.467699,21.715445,0.0,2,true,true,coarse_grid,false,governance.selection=pressure_max_under_constraints;seed=continuation
-0.15,independent_oracle,3c5f6b3c9bd535cff7657364dadb2efc31f2ea48,41.0,0,2.975,366.711765,21.717209,0.0,2,true,true,coarse_grid,false,governance.selection=pressure_max_under_constraints;seed=continuation
-0.15,independent_oracle,3c5f6b3c9bd535cff7657364dadb2efc31f2ea48,41.0,0,2.98125,366.955661,21.718976,0.0,2,true,true,coarse_grid,false,governance.selection=pressure_max_under_constraints;seed=continuation
-0.15,independent_oracle,3c5f6b3c9bd535cff7657364dadb2efc31f2ea48,41.0,0,2.9875,367.199387,21.720745,0.0,2,true,true,coarse_grid,false,governance.selection=pressure_max_under_constraints;seed=continuation
-0.15,independent_oracle,3c5f6b3c9bd535cff7657364dadb2efc31f2ea48,41.0,0,2.99375,367.442938,21.722517,0.0,2,true,true,coarse_grid,false,governance.selection=pressure_max_under_constraints;seed=continuation
-0.15,independent_oracle,3c5f6b3c9bd535cff7657364dadb2efc31f2ea48,41.0,0,3.0,367.686314,21.724291,0.0,2,true,true,coarse_grid,false,governance.selection=pressure_max_under_constraints;seed=continuation
-0.15,independent_oracle,3c5f6b3c9bd535cff7657364dadb2efc31f2ea48,41.0,0,3.00625,367.929511,21.726068,0.0,2,true,true,coarse_grid,false,governance.selection=pressure_max_under_constraints;seed=continuation
-0.15,independent_oracle,3c5f6b3c9bd535cff7657364dadb2efc31f2ea48,41.0,0,3.0125,368.172528,21.727847,0.0,2,true,true,coarse_grid,false,governance.selection=pressure_max_under_constraints;seed=continuation
-0.15,independent_oracle,3c5f6b3c9bd535cff7657364dadb2efc31f2ea48,41.0,0,3.01875,368.415363,21.729628,0.0,2,true,true,coarse_grid,false,governance.selection=pressure_max_under_constraints;seed=continuation
-0.15,independent_oracle,3c5f6b3c9bd535cff7657364dadb2efc31f2ea48,41.0,0,3.025,368.658013,21.731412,0.0,2,true,true,coarse_grid,false,governance.selection=pressure_max_under_constraints;seed=continuation
-0.15,independent_oracle,3c5f6b3c9bd535cff7657364dadb2efc31f2ea48,41.0,0,3.03125,368.900477,21.733198,0.0,2,true,true,coarse_grid,false,governance.selection=pressure_max_under_constraints;seed=continuation
-0.15,independent_oracle,3c5f6b3c9bd535cff7657364dadb2efc31f2ea48,41.0,0,3.0375,369.142752,21.734986,0.0,2,true,true,coarse_grid,false,governance.selection=pressure_max_under_constraints;seed=continuation
-0.15,independent_oracle,3c5f6b3c9bd535cff7657364dadb2efc31f2ea48,41.0,0,3.04375,369.384837,21.736777,0.0,2,true,true,coarse_grid,false,governance.selection=pressure_max_under_constraints;seed=continuation
-0.15,independent_oracle,3c5f6b3c9bd535cff7657364dadb2efc31f2ea48,41.0,0,3.05,369.62673,21.73857,0.0,2,true,true,coarse_grid,false,governance.selection=pressure_max_under_constraints;seed=continuation
-0.15,independent_oracle,3c5f6b3c9bd535cff7657364dadb2efc31f2ea48,41.0,0,3.05625,369.86843,21.740365,0.0,2,true,true,coarse_grid,false,governance.selection=pressure_max_under_constraints;seed=continuation
-0.15,independent_oracle,3c5f6b3c9bd535cff7657364dadb2efc31f2ea48,41.0,0,3.0625,370.109934,21.742162,0.0,2,true,true,coarse_grid,false,governance.selection=pressure_max_under_constraints;seed=continuation
-0.15,independent_oracle,3c5f6b3c9bd535cff7657364dadb2efc31f2ea48,41.0,0,3.06875,370.351241,21.743961,0.0,2,true,true,coarse_grid,false,governance.selection=pressure_max_under_constraints;seed=continuation
-0.15,independent_oracle,3c5f6b3c9bd535cff7657364dadb2efc31f2ea48,41.0,0,3.075,370.59235,21.745763,0.0,2,true,true,coarse_grid,false,governance.selection=pressure_max_under_constraints;seed=continuation
-0.15,independent_oracle,3c5f6b3c9bd535cff7657364dadb2efc31f2ea48,41.0,0,3.08125,370.833258,21.747567,0.0,2,true,true,coarse_grid,false,governance.selection=pressure_max_under_constraints;seed=continuation
-0.15,independent_oracle,3c5f6b3c9bd535cff7657364dadb2efc31f2ea48,41.0,0,3.0875,371.073965,21.749373,0.0,2,true,true,coarse_grid,false,governance.selection=pressure_max_under_constraints;seed=continuation
-0.15,independent_oracle,3c5f6b3c9bd535cff7657364dadb2efc31f2ea48,41.0,0,3.09375,371.314469,21.751181,0.0,2,true,true,coarse_grid,false,governance.selection=pressure_max_under_constraints;seed=continuation
-0.15,independent_oracle,3c5f6b3c9bd535cff7657364dadb2efc31f2ea48,41.0,0,3.1,371.554769,21.752991,0.0,2,true,true,coarse_grid,false,governance.selection=pressure_max_under_constraints;seed=continuation
-0.15,independent_oracle,3c5f6b3c9bd535cff7657364dadb2efc31f2ea48,41.0,0,3.10625,371.794863,21.754803,0.0,2,true,true,coarse_grid,false,governance.selection=pressure_max_under_constraints;seed=continuation
-0.15,independent_oracle,3c5f6b3c9bd535cff7657364dadb2efc31f2ea48,41.0,0,3.1125,372.034751,21.756618,0.0,2,true,true,coarse_grid,false,governance.selection=pressure_max_under_constraints;seed=continuation
-0.15,independent_oracle,3c5f6b3c9bd535cff7657364dadb2efc31f2ea48,41.0,0,3.11875,372.27443,21.758434,0.0,2,true,true,coarse_grid,false,governance.selection=pressure_max_under_constraints;seed=continuation
-0.15,independent_oracle,3c5f6b3c9bd535cff7657364dadb2efc31f2ea48,41.0,0,3.125,372.5139,21.760253,0.0,2,true,true,coarse_grid,false,governance.selection=pressure_max_under_constraints;seed=continuation
-0.15,independent_oracle,3c5f6b3c9bd535cff7657364dadb2efc31f2ea48,41.0,0,3.13125,372.753159,21.762073,0.0,2,true,true,coarse_grid,false,governance.selection=pressure_max_under_constraints;seed=continuation
-0.15,independent_oracle,3c5f6b3c9bd535cff7657364dadb2efc31f2ea48,41.0,0,3.1375,372.992208,21.763896,0.0,2,true,true,coarse_grid,false,governance.selection=pressure_max_under_constraints;seed=continuation
-0.15,independent_oracle,3c5f6b3c9bd535cff7657364dadb2efc31f2ea48,41.0,0,3.14375,373.231043,21.765721,0.0,2,true,true,coarse_grid,false,governance.selection=pressure_max_under_constraints;seed=continuation
-0.15,independent_oracle,3c5f6b3c9bd535cff7657364dadb2efc31f2ea48,41.0,0,3.15,373.469665,21.767547,0.0,2,true,true,coarse_grid,false,governance.selection=pressure_max_under_constraints;seed=continuation
-0.15,independent_oracle,3c5f6b3c9bd535cff7657364dadb2efc31f2ea48,41.0,0,3.15625,373.708072,21.769376,0.0,2,true,true,coarse_grid,false,governance.selection=pressure_max_under_constraints;seed=continuation
-0.15,independent_oracle,3c5f6b3c9bd535cff7657364dadb2efc31f2ea48,41.0,0,3.1625,373.946264,21.771206,0.0,2,true,true,coarse_grid,false,governance.selection=pressure_max_under_constraints;seed=continuation
-0.15,independent_oracle,3c5f6b3c9bd535cff7657364dadb2efc31f2ea48,41.0,0,3.16875,374.18424,21.773039,0.0,2,true,true,coarse_grid,false,governance.selection=pressure_max_under_constraints;seed=continuation
-0.15,independent_oracle,3c5f6b3c9bd535cff7657364dadb2efc31f2ea48,41.0,0,3.175,374.421998,21.774873,0.0,2,true,true,coarse_grid,false,governance.selection=pressure_max_under_constraints;seed=continuation
-0.15,independent_oracle,3c5f6b3c9bd535cff7657364dadb2efc31f2ea48,41.0,0,3.18125,374.659537,21.77671,0.0,2,true,true,coarse_grid,false,governance.selection=pressure_max_under_constraints;seed=continuation
-0.15,independent_oracle,3c5f6b3c9bd535cff7657364dadb2efc31f2ea48,41.0,0,3.1875,374.896858,21.778548,0.0,2,true,true,coarse_grid,false,governance.selection=pressure_max_under_constraints;seed=continuation
-0.15,independent_oracle,3c5f6b3c9bd535cff7657364dadb2efc31f2ea48,41.0,0,3.19375,375.133959,21.780388,0.0,2,true,true,coarse_grid,false,governance.selection=pressure_max_under_constraints;seed=continuation
-0.15,independent_oracle,3c5f6b3c9bd535cff7657364dadb2efc31f2ea48,41.0,0,3.2,375.37084,21.78223,0.0,2,true,true,coarse_grid,false,governance.selection=pressure_max_under_constraints;seed=continuation
-0.15,independent_oracle,3c5f6b3c9bd535cff7657364dadb2efc31f2ea48,41.0,0,3.20625,375.607499,21.784074,0.0,2,true,true,coarse_grid,false,governance.selection=pressure_max_under_constraints;seed=continuation
-0.15,independent_oracle,3c5f6b3c9bd535cff7657364dadb2efc31f2ea48,41.0,0,3.2125,375.843937,21.78592,0.0,2,true,true,coarse_grid,false,governance.selection=pressure_max_under_constraints;seed=continuation
-0.15,independent_oracle,3c5f6b3c9bd535cff7657364dadb2efc31f2ea48,41.0,0,3.21875,376.080151,21.787768,0.0,2,true,true,coarse_grid,false,governance.selection=pressure_max_under_constraints;seed=continuation
-0.15,independent_oracle,3c5f6b3c9bd535cff7657364dadb2efc31f2ea48,41.0,0,3.225,376.316143,21.789617,0.0,2,true,true,coarse_grid,false,governance.selection=pressure_max_under_constraints;seed=continuation
-0.15,independent_oracle,3c5f6b3c9bd535cff7657364dadb2efc31f2ea48,41.0,0,3.23125,376.551911,21.791469,0.0,2,true,true,coarse_grid,false,governance.selection=pressure_max_under_constraints;seed=continuation
-0.15,independent_oracle,3c5f6b3c9bd535cff7657364dadb2efc31f2ea48,41.0,0,3.2375,376.787454,21.793322,0.0,2,true,true,coarse_grid,false,governance.selection=pressure_max_under_constraints;seed=continuation
-0.15,independent_oracle,3c5f6b3c9bd535cff7657364dadb2efc31f2ea48,41.0,0,3.24375,377.022772,21.795177,0.0,2,true,true,coarse_grid,false,governance.selection=pressure_max_under_constraints;seed=continuation
-0.15,independent_oracle,3c5f6b3c9bd535cff7657364dadb2efc31f2ea48,41.0,0,3.25,377.257865,21.797034,0.0,2,true,true,coarse_grid,false,governance.selection=pressure_max_under_constraints;seed=continuation
-0.15,independent_oracle,3c5f6b3c9bd535cff7657364dadb2efc31f2ea48,41.0,0,3.25625,377.492731,21.798892,0.0,2,true,true,coarse_grid,false,governance.selection=pressure_max_under_constraints;seed=continuation
-0.15,independent_oracle,3c5f6b3c9bd535cff7657364dadb2efc31f2ea48,41.0,0,3.2625,377.727371,21.800752,0.0,2,true,true,coarse_grid,false,governance.selection=pressure_max_under_constraints;seed=continuation
-0.15,independent_oracle,3c5f6b3c9bd535cff7657364dadb2efc31f2ea48,41.0,0,3.26875,377.961784,21.802615,0.0,2,true,true,coarse_grid,false,governance.selection=pressure_max_under_constraints;seed=continuation
-0.15,independent_oracle,3c5f6b3c9bd535cff7657364dadb2efc31f2ea48,41.0,0,3.275,378.19597,21.804478,0.0,2,true,true,coarse_grid,false,governance.selection=pressure_max_under_constraints;seed=continuation
-0.15,independent_oracle,3c5f6b3c9bd535cff7657364dadb2efc31f2ea48,41.0,0,3.28125,378.429927,21.806344,0.0,2,true,true,coarse_grid,false,governance.selection=pressure_max_under_constraints;seed=continuation
-0.15,independent_oracle,3c5f6b3c9bd535cff7657364dadb2efc31f2ea48,41.0,0,3.2875,378.663657,21.808211,0.0,2,true,true,coarse_grid,false,governance.selection=pressure_max_under_constraints;seed=continuation
-0.15,independent_oracle,3c5f6b3c9bd535cff7657364dadb2efc31f2ea48,41.0,0,3.29375,378.897157,21.81008,0.0,2,true,true,coarse_grid,false,governance.selection=pressure_max_under_constraints;seed=continuation
-0.15,independent_oracle,3c5f6b3c9bd535cff7657364dadb2efc31f2ea48,41.0,0,3.3,379.130429,21.811951,0.0,2,true,true,coarse_grid,false,governance.selection=pressure_max_under_constraints;seed=continuation
-0.15,independent_oracle,3c5f6b3c9bd535cff7657364dadb2efc31f2ea48,41.0,0,3.30625,379.363471,21.813824,0.0,2,true,true,coarse_grid,false,governance.selection=pressure_max_under_constraints;seed=continuation
-0.15,independent_oracle,3c5f6b3c9bd535cff7657364dadb2efc31f2ea48,41.0,0,3.3125,379.596284,21.815698,0.0,2,true,true,coarse_grid,false,governance.selection=pressure_max_under_constraints;seed=continuation
-0.15,independent_oracle,3c5f6b3c9bd535cff7657364dadb2efc31f2ea48,41.0,0,3.31875,379.828867,21.817574,0.0,2,true,true,coarse_grid,false,governance.selection=pressure_max_under_constraints;seed=continuation
-0.15,independent_oracle,3c5f6b3c9bd535cff7657364dadb2efc31f2ea48,41.0,0,3.325,380.061219,21.819451,0.0,2,true,true,coarse_grid,false,governance.selection=pressure_max_under_constraints;seed=continuation
-0.15,independent_oracle,3c5f6b3c9bd535cff7657364dadb2efc31f2ea48,41.0,0,3.33125,380.293341,21.82133,0.0,2,true,true,coarse_grid,false,governance.selection=pressure_max_under_constraints;seed=continuation
-0.15,independent_oracle,3c5f6b3c9bd535cff7657364dadb2efc31f2ea48,41.0,0,3.3375,380.525232,21.823211,0.0,2,true,true,coarse_grid,false,governance.selection=pressure_max_under_constraints;seed=continuation
-0.15,independent_oracle,3c5f6b3c9bd535cff7657364dadb2efc31f2ea48,41.0,0,3.34375,380.756892,21.825094,0.0,2,true,true,coarse_grid,false,governance.selection=pressure_max_under_constraints;seed=continuation
-0.15,independent_oracle,3c5f6b3c9bd535cff7657364dadb2efc31f2ea48,41.0,0,3.35,380.988321,21.826978,0.0,2,true,true,coarse_grid,false,governance.selection=pressure_max_under_constraints;seed=continuation
-0.15,independent_oracle,3c5f6b3c9bd535cff7657364dadb2efc31f2ea48,41.0,0,3.35625,381.219518,21.828864,0.0,2,true,true,coarse_grid,false,governance.selection=pressure_max_under_constraints;seed=continuation
-0.15,independent_oracle,3c5f6b3c9bd535cff7657364dadb2efc31f2ea48,41.0,0,3.3625,381.450484,21.830751,0.0,2,true,true,coarse_grid,false,governance.selection=pressure_max_under_constraints;seed=continuation
-0.15,independent_oracle,3c5f6b3c9bd535cff7657364dadb2efc31f2ea48,41.0,0,3.36875,381.681218,21.83264,0.0,2,true,true,coarse_grid,false,governance.selection=pressure_max_under_constraints;seed=continuation
-0.15,independent_oracle,3c5f6b3c9bd535cff7657364dadb2efc31f2ea48,41.0,0,3.375,381.91172,21.834531,0.0,2,true,true,coarse_grid,false,governance.selection=pressure_max_under_constraints;seed=continuation
-0.15,independent_oracle,3c5f6b3c9bd535cff7657364dadb2efc31f2ea48,41.0,0,3.38125,382.141989,21.836423,0.0,2,true,true,coarse_grid,false,governance.selection=pressure_max_under_constraints;seed=continuation
-0.15,independent_oracle,3c5f6b3c9bd535cff7657364dadb2efc31f2ea48,41.0,0,3.3875,382.372027,21.838317,0.0,2,true,true,coarse_grid,false,governance.selection=pressure_max_under_constraints;seed=continuation
-0.15,independent_oracle,3c5f6b3c9bd535cff7657364dadb2efc31f2ea48,41.0,0,3.39375,382.601832,21.840212,0.0,2,true,true,coarse_grid,false,governance.selection=pressure_max_under_constraints;seed=continuation
-0.15,independent_oracle,3c5f6b3c9bd535cff7657364dadb2efc31f2ea48,41.0,0,3.4,382.831405,21.842109,0.0,2,true,true,coarse_grid,false,governance.selection=pressure_max_under_constraints;seed=continuation
-0.15,independent_oracle,3c5f6b3c9bd535cff7657364dadb2efc31f2ea48,41.0,0,3.40625,383.060745,21.844007,0.0,2,true,true,coarse_grid,false,governance.selection=pressure_max_under_constraints;seed=continuation
-0.15,independent_oracle,3c5f6b3c9bd535cff7657364dadb2efc31f2ea48,41.0,0,3.4125,383.289852,21.845907,0.0,2,true,true,coarse_grid,false,governance.selection=pressure_max_under_constraints;seed=continuation
-0.15,independent_oracle,3c5f6b3c9bd535cff7657364dadb2efc31f2ea48,41.0,0,3.41875,383.518727,21.847809,0.0,2,true,true,coarse_grid,false,governance.selection=pressure_max_under_constraints;seed=continuation
-0.15,independent_oracle,3c5f6b3c9bd535cff7657364dadb2efc31f2ea48,41.0,0,3.425,383.747369,21.849712,0.0,2,true,true,coarse_grid,false,governance.selection=pressure_max_under_constraints;seed=continuation
-0.15,independent_oracle,3c5f6b3c9bd535cff7657364dadb2efc31f2ea48,41.0,0,3.43125,383.975778,21.851617,0.0,2,true,true,coarse_grid,false,governance.selection=pressure_max_under_constraints;seed=continuation
-0.15,independent_oracle,3c5f6b3c9bd535cff7657364dadb2efc31f2ea48,41.0,0,3.4375,384.203954,21.853523,0.0,2,true,true,coarse_grid,false,governance.selection=pressure_max_under_constraints;seed=continuation
-0.15,independent_oracle,3c5f6b3c9bd535cff7657364dadb2efc31f2ea48,41.0,0,3.44375,384.431897,21.855431,0.0,2,true,true,coarse_grid,false,governance.selection=pressure_max_under_constraints;seed=continuation
-0.15,independent_oracle,3c5f6b3c9bd535cff7657364dadb2efc31f2ea48,41.0,0,3.45,384.659608,21.85734,0.0,2,true,true,coarse_grid,false,governance.selection=pressure_max_under_constraints;seed=continuation
-0.15,independent_oracle,3c5f6b3c9bd535cff7657364dadb2efc31f2ea48,41.0,0,3.45625,384.887085,21.859251,0.0,2,true,true,coarse_grid,false,governance.selection=pressure_max_under_constraints;seed=continuation
-0.15,independent_oracle,3c5f6b3c9bd535cff7657364dadb2efc31f2ea48,41.0,0,3.4625,385.11433,21.861163,0.0,2,true,true,coarse_grid,false,governance.selection=pressure_max_under_constraints;seed=continuation
-0.15,independent_oracle,3c5f6b3c9bd535cff7657364dadb2efc31f2ea48,41.0,0,3.46875,385.341341,21.863077,0.0,2,true,true,coarse_grid,false,governance.selection=pressure_max_under_constraints;seed=continuation
-0.15,independent_oracle,3c5f6b3c9bd535cff7657364dadb2efc31f2ea48,41.0,0,3.475,385.56812,21.864992,0.0,2,true,true,coarse_grid,false,governance.selection=pressure_max_under_constraints;seed=continuation
-0.15,independent_oracle,3c5f6b3c9bd535cff7657364dadb2efc31f2ea48,41.0,0,3.48125,385.794666,21.866909,0.0,2,true,true,coarse_grid,false,governance.selection=pressure_max_under_constraints;seed=continuation
-0.15,independent_oracle,3c5f6b3c9bd535cff7657364dadb2efc31f2ea48,41.0,0,3.4875,386.020979,21.868827,0.0,2,true,true,coarse_grid,false,governance.selection=pressure_max_under_constraints;seed=continuation
-0.15,independent_oracle,3c5f6b3c9bd535cff7657364dadb2efc31f2ea48,41.0,0,3.49375,386.24706,21.870747,0.0,2,true,true,coarse_grid,false,governance.selection=pressure_max_under_constraints;seed=continuation
-0.15,independent_oracle,3c5f6b3c9bd535cff7657364dadb2efc31f2ea48,41.0,0,3.5,386.472908,21.872668,0.0,2,true,true,coarse_grid,false,governance.selection=pressure_max_under_constraints;seed=continuation
-0.15,independent_oracle,3c5f6b3c9bd535cff7657364dadb2efc31f2ea48,41.0,0,3.50625,386.698523,21.87459,0.0,2,true,true,coarse_grid,false,governance.selection=pressure_max_under_constraints;seed=continuation
-0.15,independent_oracle,3c5f6b3c9bd535cff7657364dadb2efc31f2ea48,41.0,0,3.5125,386.923905,21.876514,0.0,2,true,true,coarse_grid,false,governance.selection=pressure_max_under_constraints;seed=continuation
-0.15,independent_oracle,3c5f6b3c9bd535cff7657364dadb2efc31f2ea48,41.0,0,3.51875,387.149055,21.87844,0.0,2,true,true,coarse_grid,false,governance.selection=pressure_max_under_constraints;seed=continuation
-0.15,independent_oracle,3c5f6b3c9bd535cff7657364dadb2efc31f2ea48,41.0,0,3.525,387.373973,21.880367,0.0,2,true,true,coarse_grid,false,governance.selection=pressure_max_under_constraints;seed=continuation
-0.15,independent_oracle,3c5f6b3c9bd535cff7657364dadb2efc31f2ea48,41.0,0,3.53125,387.598658,21.882295,0.0,2,true,true,coarse_grid,false,governance.selection=pressure_max_under_constraints;seed=continuation
-0.15,independent_oracle,3c5f6b3c9bd535cff7657364dadb2efc31f2ea48,41.0,0,3.5375,387.823112,21.884225,0.0,2,true,true,coarse_grid,false,governance.selection=pressure_max_under_constraints;seed=continuation
-0.15,independent_oracle,3c5f6b3c9bd535cff7657364dadb2efc31f2ea48,41.0,0,3.54375,388.047333,21.886156,0.0,2,true,true,coarse_grid,false,governance.selection=pressure_max_under_constraints;seed=continuation
-0.15,independent_oracle,3c5f6b3c9bd535cff7657364dadb2efc31f2ea48,41.0,0,3.55,388.271322,21.888088,0.0,2,true,true,coarse_grid,false,governance.selection=pressure_max_under_constraints;seed=continuation
-0.15,independent_oracle,3c5f6b3c9bd535cff7657364dadb2efc31f2ea48,41.0,0,3.55625,388.495079,21.890022,0.0,2,true,true,coarse_grid,false,governance.selection=pressure_max_under_constraints;seed=continuation
-0.15,independent_oracle,3c5f6b3c9bd535cff7657364dadb2efc31f2ea48,41.0,0,3.5625,388.718605,21.891958,0.0,2,true,true,coarse_grid,false,governance.selection=pressure_max_under_constraints;seed=continuation
-0.15,independent_oracle,3c5f6b3c9bd535cff7657364dadb2efc31f2ea48,41.0,0,3.56875,388.941899,21.893894,0.0,2,true,true,coarse_grid,false,governance.selection=pressure_max_under_constraints;seed=continuation
-0.15,independent_oracle,3c5f6b3c9bd535cff7657364dadb2efc31f2ea48,41.0,0,3.575,389.164962,21.895832,0.0,2,true,true,coarse_grid,false,governance.selection=pressure_max_under_constraints;seed=continuation
-0.15,independent_oracle,3c5f6b3c9bd535cff7657364dadb2efc31f2ea48,41.0,0,3.58125,389.387793,21.897772,0.0,2,true,true,coarse_grid,false,governance.selection=pressure_max_under_constraints;seed=continuation
-0.15,independent_oracle,3c5f6b3c9bd535cff7657364dadb2efc31f2ea48,41.0,0,3.5875,389.610393,21.899713,0.0,2,true,true,coarse_grid,false,governance.selection=pressure_max_under_constraints;seed=continuation
-0.15,independent_oracle,3c5f6b3c9bd535cff7657364dadb2efc31f2ea48,41.0,0,3.59375,389.832762,21.901655,0.0,2,true,true,coarse_grid,false,governance.selection=pressure_max_under_constraints;seed=continuation
-0.15,independent_oracle,3c5f6b3c9bd535cff7657364dadb2efc31f2ea48,41.0,0,3.6,390.0549,21.903599,0.0,2,true,true,coarse_grid,false,governance.selection=pressure_max_under_constraints;seed=continuation
-0.15,independent_oracle,3c5f6b3c9bd535cff7657364dadb2efc31f2ea48,41.0,0,3.60625,390.276808,21.905543,0.0,2,true,true,coarse_grid,false,governance.selection=pressure_max_under_constraints;seed=continuation
-0.15,independent_oracle,3c5f6b3c9bd535cff7657364dadb2efc31f2ea48,41.0,0,3.6125,390.498485,21.90749,0.0,2,true,true,coarse_grid,false,governance.selection=pressure_max_under_constraints;seed=continuation
-0.15,independent_oracle,3c5f6b3c9bd535cff7657364dadb2efc31f2ea48,41.0,0,3.61875,390.719932,21.909437,0.0,2,true,true,coarse_grid,false,governance.selection=pressure_max_under_constraints;seed=continuation
-0.15,independent_oracle,3c5f6b3c9bd535cff7657364dadb2efc31f2ea48,41.0,0,3.625,390.941149,21.911386,0.0,2,true,true,coarse_grid,false,governance.selection=pressure_max_under_constraints;seed=continuation
-0.15,independent_oracle,3c5f6b3c9bd535cff7657364dadb2efc31f2ea48,41.0,0,3.63125,391.162135,21.913337,0.0,2,true,true,coarse_grid,false,governance.selection=pressure_max_under_constraints;seed=continuation
-0.15,independent_oracle,3c5f6b3c9bd535cff7657364dadb2efc31f2ea48,41.0,0,3.6375,391.382892,21.915288,0.0,2,true,true,coarse_grid,false,governance.selection=pressure_max_under_constraints;seed=continuation
-0.15,independent_oracle,3c5f6b3c9bd535cff7657364dadb2efc31f2ea48,41.0,0,3.64375,391.603419,21.917241,0.0,2,true,true,coarse_grid,false,governance.selection=pressure_max_under_constraints;seed=continuation
-0.15,independent_oracle,3c5f6b3c9bd535cff7657364dadb2efc31f2ea48,41.0,0,3.65,391.823717,21.919196,0.0,2,true,true,coarse_grid,false,governance.selection=pressure_max_under_constraints;seed=continuation
-0.15,independent_oracle,3c5f6b3c9bd535cff7657364dadb2efc31f2ea48,41.0,0,3.65625,392.043786,21.921151,0.0,2,true,true,coarse_grid,false,governance.selection=pressure_max_under_constraints;seed=continuation
-0.15,independent_oracle,3c5f6b3c9bd535cff7657364dadb2efc31f2ea48,41.0,0,3.6625,392.263626,21.923108,0.0,2,true,true,coarse_grid,false,governance.selection=pressure_max_under_constraints;seed=continuation
-0.15,independent_oracle,3c5f6b3c9bd535cff7657364dadb2efc31f2ea48,41.0,0,3.66875,392.483237,21.925066,0.0,2,true,true,coarse_grid,false,governance.selection=pressure_max_under_constraints;seed=continuation
-0.15,independent_oracle,3c5f6b3c9bd535cff7657364dadb2efc31f2ea48,41.0,0,3.675,392.702619,21.927026,0.0,2,true,true,coarse_grid,false,governance.selection=pressure_max_under_constraints;seed=continuation
-0.15,independent_oracle,3c5f6b3c9bd535cff7657364dadb2efc31f2ea48,41.0,0,3.68125,392.921773,21.928987,0.0,2,true,true,coarse_grid,false,governance.selection=pressure_max_under_constraints;seed=continuation
-0.15,independent_oracle,3c5f6b3c9bd535cff7657364dadb2efc31f2ea48,41.0,0,3.6875,393.140699,21.930949,0.0,2,true,true,coarse_grid,false,governance.selection=pressure_max_under_constraints;seed=continuation
-0.15,independent_oracle,3c5f6b3c9bd535cff7657364dadb2efc31f2ea48,41.0,0,3.69375,393.359397,21.932912,0.0,2,true,true,coarse_grid,false,governance.selection=pressure_max_under_constraints;seed=continuation
-0.15,independent_oracle,3c5f6b3c9bd535cff7657364dadb2efc31f2ea48,41.0,0,3.7,393.577867,21.934877,0.0,2,true,true,coarse_grid,false,governance.selection=pressure_max_under_constraints;seed=continuation
-0.15,independent_oracle,3c5f6b3c9bd535cff7657364dadb2efc31f2ea48,41.0,0,3.70625,393.79611,21.936842,0.0,2,true,true,coarse_grid,false,governance.selection=pressure_max_under_constraints;seed=continuation
-0.15,independent_oracle,3c5f6b3c9bd535cff7657364dadb2efc31f2ea48,41.0,0,3.7125,394.014125,21.93881,0.0,2,true,true,coarse_grid,false,governance.selection=pressure_max_under_constraints;seed=continuation
-0.15,independent_oracle,3c5f6b3c9bd535cff7657364dadb2efc31f2ea48,41.0,0,3.71875,394.231914,21.940778,0.0,2,true,true,coarse_grid,false,governance.selection=pressure_max_under_constraints;seed=continuation
-0.15,independent_oracle,3c5f6b3c9bd535cff7657364dadb2efc31f2ea48,41.0,0,3.725,394.449476,21.942748,0.0,2,true,true,coarse_grid,false,governance.selection=pressure_max_under_constraints;seed=continuation
-0.15,independent_oracle,3c5f6b3c9bd535cff7657364dadb2efc31f2ea48,41.0,0,3.73125,394.666811,21.944719,0.0,2,true,true,coarse_grid,false,governance.selection=pressure_max_under_constraints;seed=continuation
-0.15,independent_oracle,3c5f6b3c9bd535cff7657364dadb2efc31f2ea48,41.0,0,3.7375,394.883919,21.946691,0.0,2,true,true,coarse_grid,false,governance.selection=pressure_max_under_constraints;seed=continuation
-0.15,independent_oracle,3c5f6b3c9bd535cff7657364dadb2efc31f2ea48,41.0,0,3.74375,395.100802,21.948664,0.0,2,true,true,coarse_grid,false,governance.selection=pressure_max_under_constraints;seed=continuation
-0.15,independent_oracle,3c5f6b3c9bd535cff7657364dadb2efc31f2ea48,41.0,0,3.75,395.317459,21.950639,0.0,2,true,true,coarse_grid,false,governance.selection=pressure_max_under_constraints;seed=continuation
-0.15,independent_oracle,3c5f6b3c9bd535cff7657364dadb2efc31f2ea48,41.0,0,3.75625,395.53389,21.952615,0.0,2,true,true,coarse_grid,false,governance.selection=pressure_max_under_constraints;seed=continuation
-0.15,independent_oracle,3c5f6b3c9bd535cff7657364dadb2efc31f2ea48,41.0,0,3.7625,395.750096,21.954592,0.0,2,true,true,coarse_grid,false,governance.selection=pressure_max_under_constraints;seed=continuation
-0.15,independent_oracle,3c5f6b3c9bd535cff7657364dadb2efc31f2ea48,41.0,0,3.76875,395.966077,21.95657,0.0,2,true,true,coarse_grid,false,governance.selection=pressure_max_under_constraints;seed=continuation
-0.15,independent_oracle,3c5f6b3c9bd535cff7657364dadb2efc31f2ea48,41.0,0,3.775,396.181833,21.95855,0.0,2,true,true,coarse_grid,false,governance.selection=pressure_max_under_constraints;seed=continuation
-0.15,independent_oracle,3c5f6b3c9bd535cff7657364dadb2efc31f2ea48,41.0,0,3.78125,396.397364,21.960531,0.0,2,true,true,coarse_grid,false,governance.selection=pressure_max_under_constraints;seed=continuation
-0.15,independent_oracle,3c5f6b3c9bd535cff7657364dadb2efc31f2ea48,41.0,0,3.7875,396.612671,21.962513,0.0,2,true,true,coarse_grid,false,governance.selection=pressure_max_under_constraints;seed=continuation
-0.15,independent_oracle,3c5f6b3c9bd535cff7657364dadb2efc31f2ea48,41.0,0,3.79375,396.827754,21.964496,0.0,2,true,true,coarse_grid,false,governance.selection=pressure_max_under_constraints;seed=continuation
-0.15,independent_oracle,3c5f6b3c9bd535cff7657364dadb2efc31f2ea48,41.0,0,3.8,397.042613,21.966481,0.0,2,true,true,coarse_grid,false,governance.selection=pressure_max_under_constraints;seed=continuation
-0.15,independent_oracle,3c5f6b3c9bd535cff7657364dadb2efc31f2ea48,41.0,0,3.80625,397.257249,21.968466,0.0,2,true,true,coarse_grid,false,governance.selection=pressure_max_under_constraints;seed=continuation
-0.15,independent_oracle,3c5f6b3c9bd535cff7657364dadb2efc31f2ea48,41.0,0,3.8125,397.471661,21.970453,0.0,2,true,true,coarse_grid,false,governance.selection=pressure_max_under_constraints;seed=continuation
-0.15,independent_oracle,3c5f6b3c9bd535cff7657364dadb2efc31f2ea48,41.0,0,3.81875,397.68585,21.972441,0.0,2,true,true,coarse_grid,false,governance.selection=pressure_max_under_constraints;seed=continuation
-0.15,independent_oracle,3c5f6b3c9bd535cff7657364dadb2efc31f2ea48,41.0,0,3.825,397.899816,21.97443,0.0,2,true,true,coarse_grid,false,governance.selection=pressure_max_under_constraints;seed=continuation
-0.15,independent_oracle,3c5f6b3c9bd535cff7657364dadb2efc31f2ea48,41.0,0,3.83125,398.11356,21.976421,0.0,2,true,true,coarse_grid,false,governance.selection=pressure_max_under_constraints;seed=continuation
-0.15,independent_oracle,3c5f6b3c9bd535cff7657364dadb2efc31f2ea48,41.0,0,3.8375,398.327081,21.978412,0.0,2,true,true,coarse_grid,false,governance.selection=pressure_max_under_constraints;seed=continuation
-0.15,independent_oracle,3c5f6b3c9bd535cff7657364dadb2efc31f2ea48,41.0,0,3.84375,398.54038,21.980405,0.0,2,true,true,coarse_grid,false,governance.selection=pressure_max_under_constraints;seed=continuation
-0.15,independent_oracle,3c5f6b3c9bd535cff7657364dadb2efc31f2ea48,41.0,0,3.85,398.753458,21.982399,0.0,2,true,true,coarse_grid,false,governance.selection=pressure_max_under_constraints;seed=continuation
-0.15,independent_oracle,3c5f6b3c9bd535cff7657364dadb2efc31f2ea48,41.0,0,3.85625,398.966314,21.984394,0.0,2,true,true,coarse_grid,false,governance.selection=pressure_max_under_constraints;seed=continuation
-0.15,independent_oracle,3c5f6b3c9bd535cff7657364dadb2efc31f2ea48,41.0,0,3.8625,399.178949,21.98639,0.0,2,true,true,coarse_grid,false,governance.selection=pressure_max_under_constraints;seed=continuation
-0.15,independent_oracle,3c5f6b3c9bd535cff7657364dadb2efc31f2ea48,41.0,0,3.86875,399.391362,21.988387,0.0,2,true,true,coarse_grid,false,governance.selection=pressure_max_under_constraints;seed=continuation
-0.15,independent_oracle,3c5f6b3c9bd535cff7657364dadb2efc31f2ea48,41.0,0,3.875,399.603555,21.990386,0.0,2,true,true,coarse_grid,false,governance.selection=pressure_max_under_constraints;seed=continuation
-0.15,independent_oracle,3c5f6b3c9bd535cff7657364dadb2efc31f2ea48,41.0,0,3.88125,399.815528,21.992385,0.0,2,true,true,coarse_grid,false,governance.selection=pressure_max_under_constraints;seed=continuation
-0.15,independent_oracle,3c5f6b3c9bd535cff7657364dadb2efc31f2ea48,41.0,0,3.8875,400.027281,21.994386,0.0,2,true,true,coarse_grid,false,governance.selection=pressure_max_under_constraints;seed=continuation
-0.15,independent_oracle,3c5f6b3c9bd535cff7657364dadb2efc31f2ea48,41.0,0,3.89375,400.238813,21.996388,0.0,2,true,true,coarse_grid,false,governance.selection=pressure_max_under_constraints;seed=continuation
-0.15,independent_oracle,3c5f6b3c9bd535cff7657364dadb2efc31f2ea48,41.0,0,3.9,400.450126,21.998391,0.0,2,true,true,coarse_grid,false,governance.selection=pressure_max_under_constraints;seed=continuation
-0.15,independent_oracle,3c5f6b3c9bd535cff7657364dadb2efc31f2ea48,41.0,0,3.90625,400.66122,22.000396,0.0,2,true,true,coarse_grid,false,governance.selection=pressure_max_under_constraints;seed=continuation
-0.15,independent_oracle,3c5f6b3c9bd535cff7657364dadb2efc31f2ea48,41.0,0,3.9125,400.872094,22.002401,0.0,2,true,true,coarse_grid,false,governance.selection=pressure_max_under_constraints;seed=continuation
-0.15,independent_oracle,3c5f6b3c9bd535cff7657364dadb2efc31f2ea48,41.0,0,3.91875,401.08275,22.004407,0.0,2,true,true,coarse_grid,false,governance.selection=pressure_max_under_constraints;seed=continuation
-0.15,independent_oracle,3c5f6b3c9bd535cff7657364dadb2efc31f2ea48,41.0,0,3.925,401.293187,22.006415,0.0,2,true,true,coarse_grid,false,governance.selection=pressure_max_under_constraints;seed=continuation
-0.15,independent_oracle,3c5f6b3c9bd535cff7657364dadb2efc31f2ea48,41.0,0,3.93125,401.503406,22.008424,0.0,2,true,true,coarse_grid,false,governance.selection=pressure_max_under_constraints;seed=continuation
-0.15,independent_oracle,3c5f6b3c9bd535cff7657364dadb2efc31f2ea48,41.0,0,3.9375,401.713406,22.010433,0.0,2,true,true,coarse_grid,false,governance.selection=pressure_max_under_constraints;seed=continuation
-0.15,independent_oracle,3c5f6b3c9bd535cff7657364dadb2efc31f2ea48,41.0,0,3.94375,401.923189,22.012444,0.0,2,true,true,coarse_grid,false,governance.selection=pressure_max_under_constraints;seed=continuation
-0.15,independent_oracle,3c5f6b3c9bd535cff7657364dadb2efc31f2ea48,41.0,0,3.95,402.132755,22.014456,0.0,2,true,true,coarse_grid,false,governance.selection=pressure_max_under_constraints;seed=continuation
-0.15,independent_oracle,3c5f6b3c9bd535cff7657364dadb2efc31f2ea48,41.0,0,3.95625,402.342103,22.016469,0.0,2,true,true,coarse_grid,false,governance.selection=pressure_max_under_constraints;seed=continuation
-0.15,independent_oracle,3c5f6b3c9bd535cff7657364dadb2efc31f2ea48,41.0,0,3.9625,402.551234,22.018484,0.0,2,true,true,coarse_grid,false,governance.selection=pressure_max_under_constraints;seed=continuation
-0.15,independent_oracle,3c5f6b3c9bd535cff7657364dadb2efc31f2ea48,41.0,0,3.96875,402.760149,22.020499,0.0,2,true,true,coarse_grid,false,governance.selection=pressure_max_under_constraints;seed=continuation
-0.15,independent_oracle,3c5f6b3c9bd535cff7657364dadb2efc31f2ea48,41.0,0,3.975,402.968847,22.022515,0.0,2,true,true,coarse_grid,false,governance.selection=pressure_max_under_constraints;seed=continuation
-0.15,independent_oracle,3c5f6b3c9bd535cff7657364dadb2efc31f2ea48,41.0,0,3.98125,403.177329,22.024533,0.0,2,true,true,coarse_grid,false,governance.selection=pressure_max_under_constraints;seed=continuation
-0.15,independent_oracle,3c5f6b3c9bd535cff7657364dadb2efc31f2ea48,41.0,0,3.9875,403.385595,22.026551,0.0,2,true,true,coarse_grid,false,governance.selection=pressure_max_under_constraints;seed=continuation
-0.15,independent_oracle,3c5f6b3c9bd535cff7657364dadb2efc31f2ea48,41.0,0,3.99375,403.593645,22.028571,0.0,2,true,true,coarse_grid,false,governance.selection=pressure_max_under_constraints;seed=continuation
-0.15,independent_oracle,3c5f6b3c9bd535cff7657364dadb2efc31f2ea48,41.0,0,4.0,403.801481,22.030591,0.0,5,true,true,coarse_grid,false,governance.selection=pressure_max_under_constraints;seed=continuation
-0.15,independent_oracle,3c5f6b3c9bd535cff7657364dadb2efc31f2ea48,41.0,1,0.003125,320.566177,21.608124,0.0,4,true,true,fine_grid,false,governance.selection=pressure_max_under_constraints;seed=continuation
-0.15,independent_oracle,3c5f6b3c9bd535cff7657364dadb2efc31f2ea48,41.0,1,0.009375,335.313795,21.608328,0.0,4,true,true,fine_grid,false,governance.selection=pressure_max_under_constraints;seed=continuation
-0.15,independent_oracle,3c5f6b3c9bd535cff7657364dadb2efc31f2ea48,41.0,1,0.015625,342.028194,21.608527,0.0,3,true,true,fine_grid,false,governance.selection=pressure_max_under_constraints;seed=continuation
-0.15,independent_oracle,3c5f6b3c9bd535cff7657364dadb2efc31f2ea48,41.0,1,0.021875,346.359631,21.608723,0.0,3,true,true,fine_grid,false,governance.selection=pressure_max_under_constraints;seed=continuation
-0.15,independent_oracle,3c5f6b3c9bd535cff7657364dadb2efc31f2ea48,41.0,1,0.028125,349.527113,21.608915,0.0,3,true,true,fine_grid,false,governance.selection=pressure_max_under_constraints;seed=continuation
-0.15,independent_oracle,3c5f6b3c9bd535cff7657364dadb2efc31f2ea48,41.0,1,0.034375,352.002333,21.609102,0.0,3,true,true,fine_grid,false,governance.selection=pressure_max_under_constraints;seed=continuation
-0.15,independent_oracle,3c5f6b3c9bd535cff7657364dadb2efc31f2ea48,41.0,1,0.040625,354.017994,21.609285,0.0,3,true,true,fine_grid,false,governance.selection=pressure_max_under_constraints;seed=continuation
-0.15,independent_oracle,3c5f6b3c9bd535cff7657364dadb2efc31f2ea48,41.0,1,0.046875,355.706165,21.609465,0.0,3,true,true,fine_grid,false,governance.selection=pressure_max_under_constraints;seed=continuation
-0.15,independent_oracle,3c5f6b3c9bd535cff7657364dadb2efc31f2ea48,41.0,1,0.053125,357.149058,21.60964,0.0,3,true,true,fine_grid,false,governance.selection=pressure_max_under_constraints;seed=continuation
-0.15,independent_oracle,3c5f6b3c9bd535cff7657364dadb2efc31f2ea48,41.0,1,0.059375,358.401344,21.609811,0.0,3,true,true,fine_grid,false,governance.selection=pressure_max_under_constraints;seed=continuation
-0.15,independent_oracle,3c5f6b3c9bd535cff7657364dadb2efc31f2ea48,41.0,1,0.065625,359.501226,21.609978,0.0,3,true,true,fine_grid,false,governance.selection=pressure_max_under_constraints;seed=continuation
-0.15,independent_oracle,3c5f6b3c9bd535cff7657364dadb2efc31f2ea48,41.0,1,0.071875,360.476455,21.610141,0.0,3,true,true,fine_grid,false,governance.selection=pressure_max_under_constraints;seed=continuation
-0.15,independent_oracle,3c5f6b3c9bd535cff7657364dadb2efc31f2ea48,41.0,1,0.078125,361.347825,21.6103,0.0,3,true,true,fine_grid,false,governance.selection=pressure_max_under_constraints;seed=continuation
-0.15,independent_oracle,3c5f6b3c9bd535cff7657364dadb2efc31f2ea48,41.0,1,0.084375,362.131323,21.610455,0.0,3,true,true,fine_grid,false,governance.selection=pressure_max_under_constraints;seed=continuation
-0.15,independent_oracle,3c5f6b3c9bd535cff7657364dadb2efc31f2ea48,41.0,1,0.090625,362.839501,21.610605,0.0,3,true,true,fine_grid,false,governance.selection=pressure_max_under_constraints;seed=continuation
-0.15,independent_oracle,3c5f6b3c9bd535cff7657364dadb2efc31f2ea48,41.0,1,0.096875,363.482399,21.610752,0.0,3,true,true,fine_grid,false,governance.selection=pressure_max_under_constraints;seed=continuation
-0.15,independent_oracle,3c5f6b3c9bd535cff7657364dadb2efc31f2ea48,41.0,1,0.103125,364.06817,21.610894,0.0,3,true,true,fine_grid,false,governance.selection=pressure_max_under_constraints;seed=continuation
-0.15,independent_oracle,3c5f6b3c9bd535cff7657364dadb2efc31f2ea48,41.0,1,0.109375,364.603527,21.611033,0.0,3,true,true,fine_grid,false,governance.selection=pressure_max_under_constraints;seed=continuation
-0.15,independent_oracle,3c5f6b3c9bd535cff7657364dadb2efc31f2ea48,41.0,1,0.115625,365.094065,21.611167,0.0,3,true,true,fine_grid,false,governance.selection=pressure_max_under_constraints;seed=continuation
-0.15,independent_oracle,3c5f6b3c9bd535cff7657364dadb2efc31f2ea48,41.0,1,0.121875,365.544493,21.611297,0.0,3,true,true,fine_grid,false,governance.selection=pressure_max_under_constraints;seed=continuation
-0.15,independent_oracle,3c5f6b3c9bd535cff7657364dadb2efc31f2ea48,41.0,1,0.128125,365.958813,21.611423,0.0,3,true,true,fine_grid,false,governance.selection=pressure_max_under_constraints;seed=continuation
-0.15,independent_oracle,3c5f6b3c9bd535cff7657364dadb2efc31f2ea48,41.0,1,0.134375,366.340455,21.611545,0.0,3,true,true,fine_grid,false,governance.selection=pressure_max_under_constraints;seed=continuation
-0.15,independent_oracle,3c5f6b3c9bd535cff7657364dadb2efc31f2ea48,41.0,1,0.140625,366.692382,21.611662,0.0,3,true,true,fine_grid,false,governance.selection=pressure_max_under_constraints;seed=continuation
-0.15,independent_oracle,3c5f6b3c9bd535cff7657364dadb2efc31f2ea48,41.0,1,0.146875,367.01717,21.611776,0.0,3,true,true,fine_grid,false,governance.selection=pressure_max_under_constraints;seed=continuation
-0.15,independent_oracle,3c5f6b3c9bd535cff7657364dadb2efc31f2ea48,41.0,1,0.153125,367.317072,21.611885,0.0,2,true,true,fine_grid,false,governance.selection=pressure_max_under_constraints;seed=continuation
-0.15,independent_oracle,3c5f6b3c9bd535cff7657364dadb2efc31f2ea48,41.0,1,0.159375,367.594072,21.61199,0.0,2,true,true,fine_grid,false,governance.selection=pressure_max_under_constraints;seed=continuation
-0.15,independent_oracle,3c5f6b3c9bd535cff7657364dadb2efc31f2ea48,41.0,1,0.165625,367.849925,21.612092,0.0,2,true,true,fine_grid,false,governance.selection=pressure_max_under_constraints;seed=continuation
-0.15,independent_oracle,3c5f6b3c9bd535cff7657364dadb2efc31f2ea48,41.0,1,0.171875,368.086189,21.612189,0.0,2,true,true,fine_grid,false,governance.selection=pressure_max_under_constraints;seed=continuation
-0.15,independent_oracle,3c5f6b3c9bd535cff7657364dadb2efc31f2ea48,41.0,1,0.178125,368.304257,21.612281,0.0,2,true,true,fine_grid,false,governance.selection=pressure_max_under_constraints;seed=continuation
-0.15,independent_oracle,3c5f6b3c9bd535cff7657364dadb2efc31f2ea48,41.0,1,0.184375,368.505379,21.61237,0.0,2,true,true,fine_grid,false,governance.selection=pressure_max_under_constraints;seed=continuation
-0.15,independent_oracle,3c5f6b3c9bd535cff7657364dadb2efc31f2ea48,41.0,1,0.190625,368.690676,21.612454,0.0,2,true,true,fine_grid,false,governance.selection=pressure_max_under_constraints;seed=continuation
-0.15,independent_oracle,3c5f6b3c9bd535cff7657364dadb2efc31f2ea48,41.0,1,0.196875,368.861165,21.612535,0.0,2,true,true,fine_grid,false,governance.selection=pressure_max_under_constraints;seed=continuation
-0.15,independent_oracle,3c5f6b3c9bd535cff7657364dadb2efc31f2ea48,41.0,1,0.203125,369.017765,21.612611,0.0,2,true,true,fine_grid,false,governance.selection=pressure_max_under_constraints;seed=continuation
-0.15,independent_oracle,3c5f6b3c9bd535cff7657364dadb2efc31f2ea48,41.0,1,0.209375,369.161312,21.612683,0.0,2,true,true,fine_grid,false,governance.selection=pressure_max_under_constraints;seed=continuation
-0.15,independent_oracle,3c5f6b3c9bd535cff7657364dadb2efc31f2ea48,41.0,1,0.215625,369.29257,21.612751,0.0,2,true,true,fine_grid,false,governance.selection=pressure_max_under_constraints;seed=continuation
-0.15,independent_oracle,3c5f6b3c9bd535cff7657364dadb2efc31f2ea48,41.0,1,0.221875,369.412235,21.612814,0.0,2,true,true,fine_grid,false,governance.selection=pressure_max_under_constraints;seed=continuation
-0.15,independent_oracle,3c5f6b3c9bd535cff7657364dadb2efc31f2ea48,41.0,1,0.228125,369.520947,21.612874,0.0,2,true,true,fine_grid,false,governance.selection=pressure_max_under_constraints;seed=continuation
-0.15,independent_oracle,3c5f6b3c9bd535cff7657364dadb2efc31f2ea48,41.0,1,0.234375,369.619294,21.612929,0.0,2,true,true,fine_grid,false,governance.selection=pressure_max_under_constraints;seed=continuation
-0.15,independent_oracle,3c5f6b3c9bd535cff7657364dadb2efc31f2ea48,41.0,1,0.240625,369.707815,21.61298,0.0,2,true,true,fine_grid,false,governance.selection=pressure_max_under_constraints;seed=continuation
-0.15,independent_oracle,3c5f6b3c9bd535cff7657364dadb2efc31f2ea48,41.0,1,0.246875,369.787012,21.613027,0.0,2,true,true,fine_grid,false,governance.selection=pressure_max_under_constraints;seed=continuation
-0.15,independent_oracle,3c5f6b3c9bd535cff7657364dadb2efc31f2ea48,41.0,1,0.253125,369.857347,21.61307,0.0,2,true,true,fine_grid,false,governance.selection=pressure_max_under_constraints;seed=continuation
-0.15,independent_oracle,3c5f6b3c9bd535cff7657364dadb2efc31f2ea48,41.0,1,0.259375,369.919247,21.613109,0.0,2,true,true,fine_grid,false,governance.selection=pressure_max_under_constraints;seed=continuation
-0.15,independent_oracle,3c5f6b3c9bd535cff7657364dadb2efc31f2ea48,41.0,1,0.265625,369.973111,21.613143,0.0,2,true,true,fine_grid,false,governance.selection=pressure_max_under_constraints;seed=continuation
-0.15,independent_oracle,3c5f6b3c9bd535cff7657364dadb2efc31f2ea48,41.0,1,0.271875,370.019309,21.613173,0.0,2,true,true,fine_grid,false,governance.selection=pressure_max_under_constraints;seed=continuation
-0.15,independent_oracle,3c5f6b3c9bd535cff7657364dadb2efc31f2ea48,41.0,1,0.278125,370.058187,21.613199,0.0,2,true,true,fine_grid,false,governance.selection=pressure_max_under_constraints;seed=continuation
-0.15,independent_oracle,3c5f6b3c9bd535cff7657364dadb2efc31f2ea48,41.0,1,0.284375,370.090066,21.613221,0.0,2,true,true,fine_grid,false,governance.selection=pressure_max_under_constraints;seed=continuation
-0.15,independent_oracle,3c5f6b3c9bd535cff7657364dadb2efc31f2ea48,41.0,1,0.290625,370.115248,21.613239,0.0,2,true,true,fine_grid,false,governance.selection=pressure_max_under_constraints;seed=continuation
-0.15,independent_oracle,3c5f6b3c9bd535cff7657364dadb2efc31f2ea48,41.0,1,0.296875,370.134014,21.613252,0.0,2,true,true,fine_grid,false,governance.selection=pressure_max_under_constraints;seed=continuation
-0.15,independent_oracle,3c5f6b3c9bd535cff7657364dadb2efc31f2ea48,41.0,1,0.303125,370.14663,21.613261,0.0,2,true,true,fine_grid,false,governance.selection=pressure_max_under_constraints;seed=continuation
-0.15,independent_oracle,3c5f6b3c9bd535cff7657364dadb2efc31f2ea48,41.0,1,0.309375,370.153344,21.613266,0.0,2,true,true,fine_grid,false,governance.selection=pressure_max_under_constraints;seed=continuation
-0.15,independent_oracle,3c5f6b3c9bd535cff7657364dadb2efc31f2ea48,41.0,1,0.315625,370.154389,21.613267,0.0,2,true,true,fine_grid,false,governance.selection=pressure_max_under_constraints;seed=continuation
-0.15,independent_oracle,3c5f6b3c9bd535cff7657364dadb2efc31f2ea48,41.0,1,0.321875,370.149986,21.613264,0.0,2,true,true,fine_grid,false,governance.selection=pressure_max_under_constraints;seed=continuation
-0.15,independent_oracle,3c5f6b3c9bd535cff7657364dadb2efc31f2ea48,41.0,1,0.328125,370.140341,21.613256,0.0,2,true,true,fine_grid,false,governance.selection=pressure_max_under_constraints;seed=continuation
-0.15,independent_oracle,3c5f6b3c9bd535cff7657364dadb2efc31f2ea48,41.0,1,0.334375,370.125651,21.613244,0.0,2,true,true,fine_grid,false,governance.selection=pressure_max_under_constraints;seed=continuation
-0.15,independent_oracle,3c5f6b3c9bd535cff7657364dadb2efc31f2ea48,41.0,1,0.340625,370.106099,21.613228,0.0,2,true,true,fine_grid,false,governance.selection=pressure_max_under_constraints;seed=continuation
-0.15,independent_oracle,3c5f6b3c9bd535cff7657364dadb2efc31f2ea48,41.0,1,0.346875,370.081862,21.613208,0.0,2,true,true,fine_grid,false,governance.selection=pressure_max_under_constraints;seed=continuation
-0.15,independent_oracle,3c5f6b3c9bd535cff7657364dadb2efc31f2ea48,41.0,1,0.353125,370.053104,21.613183,0.0,2,true,true,fine_grid,false,governance.selection=pressure_max_under_constraints;seed=continuation
-0.15,independent_oracle,3c5f6b3c9bd535cff7657364dadb2efc31f2ea48,41.0,1,0.359375,370.019982,21.613155,0.0,2,true,true,fine_grid,false,governance.selection=pressure_max_under_constraints;seed=continuation
-0.15,independent_oracle,3c5f6b3c9bd535cff7657364dadb2efc31f2ea48,41.0,1,0.365625,369.982646,21.613122,0.0,2,true,true,fine_grid,false,governance.selection=pressure_max_under_constraints;seed=continuation
-0.15,independent_oracle,3c5f6b3c9bd535cff7657364dadb2efc31f2ea48,41.0,1,0.371875,369.941237,21.613085,0.0,2,true,true,fine_grid,false,governance.selection=pressure_max_under_constraints;seed=continuation
-0.15,independent_oracle,3c5f6b3c9bd535cff7657364dadb2efc31f2ea48,41.0,1,0.378125,369.895889,21.613043,0.0,2,true,true,fine_grid,false,governance.selection=pressure_max_under_constraints;seed=continuation
-0.15,independent_oracle,3c5f6b3c9bd535cff7657364dadb2efc31f2ea48,41.0,1,0.384375,369.846729,21.612998,0.0,2,true,true,fine_grid,false,governance.selection=pressure_max_under_constraints;seed=continuation
-0.15,independent_oracle,3c5f6b3c9bd535cff7657364dadb2efc31f2ea48,41.0,1,0.390625,369.79388,21.612948,0.0,2,true,true,fine_grid,false,governance.selection=pressure_max_under_constraints;seed=continuation
-0.15,independent_oracle,3c5f6b3c9bd535cff7657364dadb2efc31f2ea48,41.0,1,0.396875,369.737458,21.612894,0.0,2,true,true,fine_grid,false,governance.selection=pressure_max_under_constraints;seed=continuation
-0.15,independent_oracle,3c5f6b3c9bd535cff7657364dadb2efc31f2ea48,41.0,1,0.403125,369.677573,21.612835,0.0,2,true,true,fine_grid,false,governance.selection=pressure_max_under_constraints;seed=continuation
-0.15,independent_oracle,3c5f6b3c9bd535cff7657364dadb2efc31f2ea48,41.0,1,0.409375,369.61433,21.612773,0.0,2,true,true,fine_grid,false,governance.selection=pressure_max_under_constraints;seed=continuation
-0.15,independent_oracle,3c5f6b3c9bd535cff7657364dadb2efc31f2ea48,41.0,1,0.415625,369.547832,21.612706,0.0,2,true,true,fine_grid,false,governance.selection=pressure_max_under_constraints;seed=continuation
-0.15,independent_oracle,3c5f6b3c9bd535cff7657364dadb2efc31f2ea48,41.0,1,0.421875,369.478173,21.612635,0.0,2,true,true,fine_grid,false,governance.selection=pressure_max_under_constraints;seed=continuation
-0.15,independent_oracle,3c5f6b3c9bd535cff7657364dadb2efc31f2ea48,41.0,1,0.428125,369.405447,21.61256,0.0,2,true,true,fine_grid,false,governance.selection=pressure_max_under_constraints;seed=continuation
-0.15,independent_oracle,3c5f6b3c9bd535cff7657364dadb2efc31f2ea48,41.0,1,0.434375,369.329742,21.612481,0.0,2,true,true,fine_grid,false,governance.selection=pressure_max_under_constraints;seed=continuation
-0.15,independent_oracle,3c5f6b3c9bd535cff7657364dadb2efc31f2ea48,41.0,1,0.440625,369.251142,21.612397,0.0,2,true,true,fine_grid,false,governance.selection=pressure_max_under_constraints;seed=continuation
-0.15,independent_oracle,3c5f6b3c9bd535cff7657364dadb2efc31f2ea48,41.0,1,0.446875,369.169728,21.612309,0.0,2,true,true,fine_grid,false,governance.selection=pressure_max_under_constraints;seed=continuation
-0.15,independent_oracle,3c5f6b3c9bd535cff7657364dadb2efc31f2ea48,41.0,1,0.453125,369.085578,21.612217,0.0,2,true,true,fine_grid,false,governance.selection=pressure_max_under_constraints;seed=continuation
-0.15,independent_oracle,3c5f6b3c9bd535cff7657364dadb2efc31f2ea48,41.0,1,0.459375,368.998767,21.612121,0.0,2,true,true,fine_grid,false,governance.selection=pressure_max_under_constraints;seed=continuation
-0.15,independent_oracle,3c5f6b3c9bd535cff7657364dadb2efc31f2ea48,41.0,1,0.465625,368.909366,21.61202,0.0,2,true,true,fine_grid,false,governance.selection=pressure_max_under_constraints;seed=continuation
-0.15,independent_oracle,3c5f6b3c9bd535cff7657364dadb2efc31f2ea48,41.0,1,0.471875,368.817445,21.611915,0.0,2,true,true,fine_grid,false,governance.selection=pressure_max_under_constraints;seed=continuation
-0.15,independent_oracle,3c5f6b3c9bd535cff7657364dadb2efc31f2ea48,41.0,1,0.478125,368.72307,21.611806,0.0,2,true,true,fine_grid,false,governance.selection=pressure_max_under_constraints;seed=continuation
-0.15,independent_oracle,3c5f6b3c9bd535cff7657364dadb2efc31f2ea48,41.0,1,0.484375,368.626303,21.611693,0.0,2,true,true,fine_grid,false,governance.selection=pressure_max_under_constraints;seed=continuation
-0.15,independent_oracle,3c5f6b3c9bd535cff7657364dadb2efc31f2ea48,41.0,1,0.490625,368.527208,21.611575,0.0,2,true,true,fine_grid,false,governance.selection=pressure_max_under_constraints;seed=continuation
-0.15,independent_oracle,3c5f6b3c9bd535cff7657364dadb2efc31f2ea48,41.0,1,0.496875,368.425842,21.611454,0.0,2,true,true,fine_grid,false,governance.selection=pressure_max_under_constraints;seed=continuation
-0.15,independent_oracle,3c5f6b3c9bd535cff7657364dadb2efc31f2ea48,41.0,1,0.503125,368.322263,21.611328,0.0,2,true,true,fine_grid,false,governance.selection=pressure_max_under_constraints;seed=continuation
-0.15,independent_oracle,3c5f6b3c9bd535cff7657364dadb2efc31f2ea48,41.0,1,0.509375,368.216526,21.611197,0.0,2,true,true,fine_grid,false,governance.selection=pressure_max_under_constraints;seed=continuation
-0.15,independent_oracle,3c5f6b3c9bd535cff7657364dadb2efc31f2ea48,41.0,1,0.515625,368.108684,21.611063,0.0,2,true,true,fine_grid,false,governance.selection=pressure_max_under_constraints;seed=continuation
-0.15,independent_oracle,3c5f6b3c9bd535cff7657364dadb2efc31f2ea48,41.0,1,0.521875,367.998787,21.610924,0.0,2,true,true,fine_grid,false,governance.selection=pressure_max_under_constraints;seed=continuation
-0.15,independent_oracle,3c5f6b3c9bd535cff7657364dadb2efc31f2ea48,41.0,1,0.528125,367.886886,21.610781,0.0,2,true,true,fine_grid,false,governance.selection=pressure_max_under_constraints;seed=continuation
-0.15,independent_oracle,3c5f6b3c9bd535cff7657364dadb2efc31f2ea48,41.0,1,0.534375,367.773027,21.610634,0.0,2,true,true,fine_grid,false,governance.selection=pressure_max_under_constraints;seed=continuation
-0.15,independent_oracle,3c5f6b3c9bd535cff7657364dadb2efc31f2ea48,41.0,1,0.540625,367.657258,21.610483,0.0,2,true,true,fine_grid,false,governance.selection=pressure_max_under_constraints;seed=continuation
-0.15,independent_oracle,3c5f6b3c9bd535cff7657364dadb2efc31f2ea48,41.0,1,0.546875,367.539623,21.610327,0.0,2,true,true,fine_grid,false,governance.selection=pressure_max_under_constraints;seed=continuation
-0.15,independent_oracle,3c5f6b3c9bd535cff7657364dadb2efc31f2ea48,41.0,1,0.553125,367.420164,21.610168,0.0,2,true,true,fine_grid,false,governance.selection=pressure_max_under_constraints;seed=continuation
-0.15,independent_oracle,3c5f6b3c9bd535cff7657364dadb2efc31f2ea48,41.0,1,0.559375,367.298924,21.610003,0.0,2,true,true,fine_grid,false,governance.selection=pressure_max_under_constraints;seed=continuation
-0.15,independent_oracle,3c5f6b3c9bd535cff7657364dadb2efc31f2ea48,41.0,1,0.565625,367.175943,21.609835,0.0,2,true,true,fine_grid,false,governance.selection=pressure_max_under_constraints;seed=continuation
-0.15,independent_oracle,3c5f6b3c9bd535cff7657364dadb2efc31f2ea48,41.0,1,0.571875,367.051261,21.609663,0.0,2,true,true,fine_grid,false,governance.selection=pressure_max_under_constraints;seed=continuation
-0.15,independent_oracle,3c5f6b3c9bd535cff7657364dadb2efc31f2ea48,41.0,1,0.578125,366.924915,21.609486,0.0,2,true,true,fine_grid,false,governance.selection=pressure_max_under_constraints;seed=continuation
-0.15,independent_oracle,3c5f6b3c9bd535cff7657364dadb2efc31f2ea48,41.0,1,0.584375,366.796942,21.609305,0.0,2,true,true,fine_grid,false,governance.selection=pressure_max_under_constraints;seed=continuation
-0.15,independent_oracle,3c5f6b3c9bd535cff7657364dadb2efc31f2ea48,41.0,1,0.590625,366.667379,21.60912,0.0,2,true,true,fine_grid,false,governance.selection=pressure_max_under_constraints;seed=continuation
-0.15,independent_oracle,3c5f6b3c9bd535cff7657364dadb2efc31f2ea48,41.0,1,0.596875,366.536259,21.60893,0.0,2,true,true,fine_grid,false,governance.selection=pressure_max_under_constraints;seed=continuation
-0.15,independent_oracle,3c5f6b3c9bd535cff7657364dadb2efc31f2ea48,41.0,1,0.603125,366.403617,21.608737,0.0,2,true,true,fine_grid,false,governance.selection=pressure_max_under_constraints;seed=continuation
-0.15,independent_oracle,3c5f6b3c9bd535cff7657364dadb2efc31f2ea48,41.0,1,0.609375,366.269484,21.608539,0.0,2,true,true,fine_grid,false,governance.selection=pressure_max_under_constraints;seed=continuation
-0.15,independent_oracle,3c5f6b3c9bd535cff7657364dadb2efc31f2ea48,41.0,1,0.615625,366.133894,21.608337,0.0,2,true,true,fine_grid,false,governance.selection=pressure_max_under_constraints;seed=continuation
-0.15,independent_oracle,3c5f6b3c9bd535cff7657364dadb2efc31f2ea48,41.0,1,0.621875,365.996877,21.608131,0.0,2,true,true,fine_grid,false,governance.selection=pressure_max_under_constraints;seed=continuation
-0.15,independent_oracle,3c5f6b3c9bd535cff7657364dadb2efc31f2ea48,41.0,1,0.628125,365.858463,21.60792,0.0,2,true,true,fine_grid,false,governance.selection=pressure_max_under_constraints;seed=continuation
-0.15,independent_oracle,3c5f6b3c9bd535cff7657364dadb2efc31f2ea48,41.0,1,0.634375,365.718682,21.607706,0.0,2,true,true,fine_grid,false,governance.selection=pressure_max_under_constraints;seed=continuation
-0.15,independent_oracle,3c5f6b3c9bd535cff7657364dadb2efc31f2ea48,41.0,1,0.640625,365.577561,21.607487,0.0,2,true,true,fine_grid,false,governance.selection=pressure_max_under_constraints;seed=continuation
-0.15,independent_oracle,3c5f6b3c9bd535cff7657364dadb2efc31f2ea48,41.0,1,0.646875,365.435129,21.607264,0.0,2,true,true,fine_grid,false,governance.selection=pressure_max_under_constraints;seed=continuation
-0.15,independent_oracle,3c5f6b3c9bd535cff7657364dadb2efc31f2ea48,41.0,1,0.653125,365.291412,21.607037,0.0,2,true,true,fine_grid,false,governance.selection=pressure_max_under_constraints;seed=continuation
-0.15,independent_oracle,3c5f6b3c9bd535cff7657364dadb2efc31f2ea48,41.0,1,0.659375,365.146438,21.606805,0.0,2,true,true,fine_grid,false,governance.selection=pressure_max_under_constraints;seed=continuation
-0.15,independent_oracle,3c5f6b3c9bd535cff7657364dadb2efc31f2ea48,41.0,1,0.665625,365.000231,21.60657,0.0,2,true,true,fine_grid,false,governance.selection=pressure_max_under_constraints;seed=continuation
-0.15,independent_oracle,3c5f6b3c9bd535cff7657364dadb2efc31f2ea48,41.0,1,0.671875,364.852817,21.60633,0.0,2,true,true,fine_grid,false,governance.selection=pressure_max_under_constraints;seed=continuation
-0.15,independent_oracle,3c5f6b3c9bd535cff7657364dadb2efc31f2ea48,41.0,1,0.678125,364.70422,21.606086,0.0,2,true,true,fine_grid,false,governance.selection=pressure_max_under_constraints;seed=continuation
-0.15,independent_oracle,3c5f6b3c9bd535cff7657364dadb2efc31f2ea48,41.0,1,0.684375,364.554465,21.605838,0.0,2,true,true,fine_grid,false,governance.selection=pressure_max_under_constraints;seed=continuation
-0.15,independent_oracle,3c5f6b3c9bd535cff7657364dadb2efc31f2ea48,41.0,1,0.690625,364.403574,21.605585,0.0,2,true,true,fine_grid,false,governance.selection=pressure_max_under_constraints;seed=continuation
-0.15,independent_oracle,3c5f6b3c9bd535cff7657364dadb2efc31f2ea48,41.0,1,0.696875,364.25157,21.605329,0.0,2,true,true,fine_grid,false,governance.selection=pressure_max_under_constraints;seed=continuation
-0.15,independent_oracle,3c5f6b3c9bd535cff7657364dadb2efc31f2ea48,41.0,1,0.703125,364.098475,21.605068,0.0,2,true,true,fine_grid,false,governance.selection=pressure_max_under_constraints;seed=continuation
-0.15,independent_oracle,3c5f6b3c9bd535cff7657364dadb2efc31f2ea48,41.0,1,0.709375,363.944312,21.604803,0.0,2,true,true,fine_grid,false,governance.selection=pressure_max_under_constraints;seed=continuation
-0.15,independent_oracle,3c5f6b3c9bd535cff7657364dadb2efc31f2ea48,41.0,1,0.715625,363.7891,21.604534,0.0,2,true,true,fine_grid,false,governance.selection=pressure_max_under_constraints;seed=continuation
-0.15,independent_oracle,3c5f6b3c9bd535cff7657364dadb2efc31f2ea48,41.0,1,0.721875,363.632863,21.604261,0.0,2,true,true,fine_grid,false,governance.selection=pressure_max_under_constraints;seed=continuation
-0.15,independent_oracle,3c5f6b3c9bd535cff7657364dadb2efc31f2ea48,41.0,1,0.728125,363.475618,21.603984,0.0,2,true,true,fine_grid,false,governance.selection=pressure_max_under_constraints;seed=continuation
-0.15,independent_oracle,3c5f6b3c9bd535cff7657364dadb2efc31f2ea48,41.0,1,0.734375,363.317388,21.603702,0.0,2,true,true,fine_grid,false,governance.selection=pressure_max_under_constraints;seed=continuation
-0.15,independent_oracle,3c5f6b3c9bd535cff7657364dadb2efc31f2ea48,41.0,1,0.740625,363.15819,21.603417,0.0,2,true,true,fine_grid,false,governance.selection=pressure_max_under_constraints;seed=continuation
-0.15,independent_oracle,3c5f6b3c9bd535cff7657364dadb2efc31f2ea48,41.0,1,0.746875,362.998045,21.603127,0.0,2,true,true,fine_grid,false,governance.selection=pressure_max_under_constraints;seed=continuation
-0.15,independent_oracle,3c5f6b3c9bd535cff7657364dadb2efc31f2ea48,41.0,1,0.753125,362.83697,21.602833,0.0,2,true,true,fine_grid,false,governance.selection=pressure_max_under_constraints;seed=continuation
-0.15,independent_oracle,3c5f6b3c9bd535cff7657364dadb2efc31f2ea48,41.0,1,0.759375,362.674985,21.602535,0.0,2,true,true,fine_grid,false,governance.selection=pressure_max_under_constraints;seed=continuation
-0.15,independent_oracle,3c5f6b3c9bd535cff7657364dadb2efc31f2ea48,41.0,1,0.765625,362.512107,21.602233,0.0,2,true,true,fine_grid,false,governance.selection=pressure_max_under_constraints;seed=continuation
-0.15,independent_oracle,3c5f6b3c9bd535cff7657364dadb2efc31f2ea48,41.0,1,0.771875,362.348354,21.601927,0.0,2,true,true,fine_grid,false,governance.selection=pressure_max_under_constraints;seed=continuation
-0.15,independent_oracle,3c5f6b3c9bd535cff7657364dadb2efc31f2ea48,41.0,1,0.778125,362.183744,21.601616,0.0,2,true,true,fine_grid,false,governance.selection=pressure_max_under_constraints;seed=continuation
-0.15,independent_oracle,3c5f6b3c9bd535cff7657364dadb2efc31f2ea48,41.0,1,0.784375,362.018293,21.601302,0.0,2,true,true,fine_grid,false,governance.selection=pressure_max_under_constraints;seed=continuation
-0.15,independent_oracle,3c5f6b3c9bd535cff7657364dadb2efc31f2ea48,41.0,1,0.790625,361.852019,21.600984,0.0,2,true,true,fine_grid,false,governance.selection=pressure_max_under_constraints;seed=continuation
-0.15,independent_oracle,3c5f6b3c9bd535cff7657364dadb2efc31f2ea48,41.0,1,0.796875,361.684937,21.600661,0.0,2,true,true,fine_grid,false,governance.selection=pressure_max_under_constraints;seed=continuation
-0.15,independent_oracle,3c5f6b3c9bd535cff7657364dadb2efc31f2ea48,41.0,1,0.803125,361.517064,21.600334,0.0,2,true,true,fine_grid,false,governance.selection=pressure_max_under_constraints;seed=continuation
-0.15,independent_oracle,3c5f6b3c9bd535cff7657364dadb2efc31f2ea48,41.0,1,0.809375,361.348417,21.600003,0.0,2,true,true,fine_grid,false,governance.selection=pressure_max_under_constraints;seed=continuation
-0.15,independent_oracle,3c5f6b3c9bd535cff7657364dadb2efc31f2ea48,41.0,1,0.815625,361.179009,21.599669,0.0,2,true,true,fine_grid,false,governance.selection=pressure_max_under_constraints;seed=continuation
-0.15,independent_oracle,3c5f6b3c9bd535cff7657364dadb2efc31f2ea48,41.0,1,0.821875,361.008858,21.59933,0.0,2,true,true,fine_grid,false,governance.selection=pressure_max_under_constraints;seed=continuation
-0.15,independent_oracle,3c5f6b3c9bd535cff7657364dadb2efc31f2ea48,41.0,1,0.828125,360.837978,21.598987,0.0,2,true,true,fine_grid,false,governance.selection=pressure_max_under_constraints;seed=continuation
-0.15,independent_oracle,3c5f6b3c9bd535cff7657364dadb2efc31f2ea48,41.0,1,0.834375,360.666384,21.59864,0.0,2,true,true,fine_grid,false,governance.selection=pressure_max_under_constraints;seed=continuation
-0.15,independent_oracle,3c5f6b3c9bd535cff7657364dadb2efc31f2ea48,41.0,1,0.840625,360.494091,21.598289,0.0,2,true,true,fine_grid,false,governance.selection=pressure_max_under_constraints;seed=continuation
-0.15,independent_oracle,3c5f6b3c9bd535cff7657364dadb2efc31f2ea48,41.0,1,0.846875,360.321114,21.597934,0.0,2,true,true,fine_grid,false,governance.selection=pressure_max_under_constraints;seed=continuation
-0.15,independent_oracle,3c5f6b3c9bd535cff7657364dadb2efc31f2ea48,41.0,1,0.853125,360.147467,21.597575,0.0,2,true,true,fine_grid,false,governance.selection=pressure_max_under_constraints;seed=continuation
-0.15,independent_oracle,3c5f6b3c9bd535cff7657364dadb2efc31f2ea48,41.0,1,0.859375,359.973163,21.597212,0.0,2,true,true,fine_grid,false,governance.selection=pressure_max_under_constraints;seed=continuation
-0.15,independent_oracle,3c5f6b3c9bd535cff7657364dadb2efc31f2ea48,41.0,1,0.865625,359.798218,21.596845,0.0,2,true,true,fine_grid,false,governance.selection=pressure_max_under_constraints;seed=continuation
-0.15,independent_oracle,3c5f6b3c9bd535cff7657364dadb2efc31f2ea48,41.0,1,0.871875,359.622645,21.596474,0.0,2,true,true,fine_grid,false,governance.selection=pressure_max_under_constraints;seed=continuation
-0.15,independent_oracle,3c5f6b3c9bd535cff7657364dadb2efc31f2ea48,41.0,1,0.878125,359.446457,21.596099,0.0,2,true,true,fine_grid,false,governance.selection=pressure_max_under_constraints;seed=continuation
-0.15,independent_oracle,3c5f6b3c9bd535cff7657364dadb2efc31f2ea48,41.0,1,0.884375,359.269668,21.59572,0.0,2,true,true,fine_grid,false,governance.selection=pressure_max_under_constraints;seed=continuation
-0.15,independent_oracle,3c5f6b3c9bd535cff7657364dadb2efc31f2ea48,41.0,1,0.890625,359.092291,21.595337,0.0,2,true,true,fine_grid,false,governance.selection=pressure_max_under_constraints;seed=continuation
-0.15,independent_oracle,3c5f6b3c9bd535cff7657364dadb2efc31f2ea48,41.0,1,0.896875,358.91434,21.59495,0.0,2,true,true,fine_grid,false,governance.selection=pressure_max_under_constraints;seed=continuation
-0.15,independent_oracle,3c5f6b3c9bd535cff7657364dadb2efc31f2ea48,41.0,1,0.903125,358.735827,21.594559,0.0,2,true,true,fine_grid,false,governance.selection=pressure_max_under_constraints;seed=continuation
-0.15,independent_oracle,3c5f6b3c9bd535cff7657364dadb2efc31f2ea48,41.0,1,0.909375,358.556766,21.594164,0.0,2,true,true,fine_grid,false,governance.selection=pressure_max_under_constraints;seed=continuation
-0.15,independent_oracle,3c5f6b3c9bd535cff7657364dadb2efc31f2ea48,41.0,1,0.915625,358.37717,21.593766,0.0,2,true,true,fine_grid,false,governance.selection=pressure_max_under_constraints;seed=continuation
-0.15,independent_oracle,3c5f6b3c9bd535cff7657364dadb2efc31f2ea48,41.0,1,0.921875,358.19705,21.593363,0.0,2,true,true,fine_grid,false,governance.selection=pressure_max_under_constraints;seed=continuation
-0.15,independent_oracle,3c5f6b3c9bd535cff7657364dadb2efc31f2ea48,41.0,1,0.928125,358.01642,21.592957,0.0,2,true,true,fine_grid,false,governance.selection=pressure_max_under_constraints;seed=continuation
-0.15,independent_oracle,3c5f6b3c9bd535cff7657364dadb2efc31f2ea48,41.0,1,0.934375,357.835292,21.592546,0.0,2,true,true,fine_grid,false,governance.selection=pressure_max_under_constraints;seed=continuation
-0.15,independent_oracle,3c5f6b3c9bd535cff7657364dadb2efc31f2ea48,41.0,1,0.940625,357.653678,21.592132,0.0,2,true,true,fine_grid,false,governance.selection=pressure_max_under_constraints;seed=continuation
-0.15,independent_oracle,3c5f6b3c9bd535cff7657364dadb2efc31f2ea48,41.0,1,0.946875,357.471592,21.591714,0.0,2,true,true,fine_grid,false,governance.selection=pressure_max_under_constraints;seed=continuation
-0.15,independent_oracle,3c5f6b3c9bd535cff7657364dadb2efc31f2ea48,41.0,1,0.953125,357.289044,21.591292,0.0,2,true,true,fine_grid,false,governance.selection=pressure_max_under_constraints;seed=continuation
-0.15,independent_oracle,3c5f6b3c9bd535cff7657364dadb2efc31f2ea48,41.0,1,0.959375,357.106047,21.590867,0.0,2,true,true,fine_grid,false,governance.selection=pressure_max_under_constraints;seed=continuation
-0.15,independent_oracle,3c5f6b3c9bd535cff7657364dadb2efc31f2ea48,41.0,1,0.965625,356.922614,21.590437,0.0,2,true,true,fine_grid,false,governance.selection=pressure_max_under_constraints;seed=continuation
-0.15,independent_oracle,3c5f6b3c9bd535cff7657364dadb2efc31f2ea48,41.0,1,0.971875,356.738756,21.590004,0.0,2,true,true,fine_grid,false,governance.selection=pressure_max_under_constraints;seed=continuation
-0.15,independent_oracle,3c5f6b3c9bd535cff7657364dadb2efc31f2ea48,41.0,1,0.978125,356.554484,21.589567,0.0,2,true,true,fine_grid,false,governance.selection=pressure_max_under_constraints;seed=continuation
-0.15,independent_oracle,3c5f6b3c9bd535cff7657364dadb2efc31f2ea48,41.0,1,0.984375,356.369812,21.589126,0.0,2,true,true,fine_grid,false,governance.selection=pressure_max_under_constraints;seed=continuation
-0.15,independent_oracle,3c5f6b3c9bd535cff7657364dadb2efc31f2ea48,41.0,1,0.990625,356.184751,21.588682,0.0,2,true,true,fine_grid,false,governance.selection=pressure_max_under_constraints;seed=continuation
-0.15,independent_oracle,3c5f6b3c9bd535cff7657364dadb2efc31f2ea48,41.0,1,0.996875,355.999312,21.588233,0.0,2,true,true,fine_grid,false,governance.selection=pressure_max_under_constraints;seed=continuation
-0.15,independent_oracle,3c5f6b3c9bd535cff7657364dadb2efc31f2ea48,41.0,1,1.003125,355.813507,21.587781,0.0,2,true,true,fine_grid,false,governance.selection=pressure_max_under_constraints;seed=continuation
-0.15,independent_oracle,3c5f6b3c9bd535cff7657364dadb2efc31f2ea48,41.0,1,1.009375,355.627349,21.587326,0.0,2,true,true,fine_grid,false,governance.selection=pressure_max_under_constraints;seed=continuation
-0.15,independent_oracle,3c5f6b3c9bd535cff7657364dadb2efc31f2ea48,41.0,1,1.015625,355.440848,21.586866,0.0,2,true,true,fine_grid,false,governance.selection=pressure_max_under_constraints;seed=continuation
-0.15,independent_oracle,3c5f6b3c9bd535cff7657364dadb2efc31f2ea48,41.0,1,1.021875,355.254017,21.586403,0.0,2,true,true,fine_grid,false,governance.selection=pressure_max_under_constraints;seed=continuation
-0.15,independent_oracle,3c5f6b3c9bd535cff7657364dadb2efc31f2ea48,41.0,1,1.028125,355.066866,21.585937,0.0,2,true,true,fine_grid,false,governance.selection=pressure_max_under_constraints;seed=continuation
-0.15,independent_oracle,3c5f6b3c9bd535cff7657364dadb2efc31f2ea48,41.0,1,1.034375,354.879409,21.585467,0.0,2,true,true,fine_grid,false,governance.selection=pressure_max_under_constraints;seed=continuation
-0.15,independent_oracle,3c5f6b3c9bd535cff7657364dadb2efc31f2ea48,41.0,1,1.040625,354.691655,21.584993,0.0,2,true,true,fine_grid,false,governance.selection=pressure_max_under_constraints;seed=continuation
-0.15,independent_oracle,3c5f6b3c9bd535cff7657364dadb2efc31f2ea48,41.0,1,1.046875,354.503618,21.584515,0.0,2,true,true,fine_grid,false,governance.selection=pressure_max_under_constraints;seed=continuation
-0.15,independent_oracle,3c5f6b3c9bd535cff7657364dadb2efc31f2ea48,41.0,1,1.053125,354.315308,21.584034,0.0,2,true,true,fine_grid,false,governance.selection=pressure_max_under_constraints;seed=continuation
-0.15,independent_oracle,3c5f6b3c9bd535cff7657364dadb2efc31f2ea48,41.0,1,1.059375,354.126737,21.58355,0.0,2,true,true,fine_grid,false,governance.selection=pressure_max_under_constraints;seed=continuation
-0.15,independent_oracle,3c5f6b3c9bd535cff7657364dadb2efc31f2ea48,41.0,1,1.065625,353.937917,21.583062,0.0,2,true,true,fine_grid,false,governance.selection=pressure_max_under_constraints;seed=continuation
-0.15,independent_oracle,3c5f6b3c9bd535cff7657364dadb2efc31f2ea48,41.0,1,1.071875,353.74886,21.58257,0.0,2,true,true,fine_grid,false,governance.selection=pressure_max_under_constraints;seed=continuation
-0.15,independent_oracle,3c5f6b3c9bd535cff7657364dadb2efc31f2ea48,41.0,1,1.078125,353.559577,21.582075,0.0,2,true,true,fine_grid,false,governance.selection=pressure_max_under_constraints;seed=continuation
-0.15,independent_oracle,3c5f6b3c9bd535cff7657364dadb2efc31f2ea48,41.0,1,1.084375,353.370079,21.581577,0.0,2,true,true,fine_grid,false,governance.selection=pressure_max_under_constraints;seed=continuation
-0.15,independent_oracle,3c5f6b3c9bd535cff7657364dadb2efc31f2ea48,41.0,1,1.090625,353.18038,21.581075,0.0,2,true,true,fine_grid,false,governance.selection=pressure_max_under_constraints;seed=continuation
-0.15,independent_oracle,3c5f6b3c9bd535cff7657364dadb2efc31f2ea48,41.0,1,1.096875,352.99049,21.58057,0.0,2,true,true,fine_grid,false,governance.selection=pressure_max_under_constraints;seed=continuation
-0.15,independent_oracle,3c5f6b3c9bd535cff7657364dadb2efc31f2ea48,41.0,1,1.103125,352.800421,21.580061,0.0,2,true,true,fine_grid,false,governance.selection=pressure_max_under_constraints;seed=continuation
-0.15,independent_oracle,3c5f6b3c9bd535cff7657364dadb2efc31f2ea48,41.0,1,1.109375,352.610186,21.579549,0.0,2,true,true,fine_grid,false,governance.selection=pressure_max_under_constraints;seed=continuation
-0.15,independent_oracle,3c5f6b3c9bd535cff7657364dadb2efc31f2ea48,41.0,1,1.115625,352.419795,21.579034,0.0,2,true,true,fine_grid,false,governance.selection=pressure_max_under_constraints;seed=continuation
-0.15,independent_oracle,3c5f6b3c9bd535cff7657364dadb2efc31f2ea48,41.0,1,1.121875,352.229262,21.578516,0.0,2,true,true,fine_grid,false,governance.selection=pressure_max_under_constraints;seed=continuation
-0.15,independent_oracle,3c5f6b3c9bd535cff7657364dadb2efc31f2ea48,41.0,1,1.128125,352.038598,21.577994,0.0,2,true,true,fine_grid,false,governance.selection=pressure_max_under_constraints;seed=continuation
-0.15,independent_oracle,3c5f6b3c9bd535cff7657364dadb2efc31f2ea48,41.0,1,1.134375,351.847816,21.577469,0.0,2,true,true,fine_grid,false,governance.selection=pressure_max_under_constraints;seed=continuation
-0.15,independent_oracle,3c5f6b3c9bd535cff7657364dadb2efc31f2ea48,41.0,1,1.140625,351.656928,21.576941,0.0,2,true,true,fine_grid,false,governance.selection=pressure_max_under_constraints;seed=continuation
-0.15,independent_oracle,3c5f6b3c9bd535cff7657364dadb2efc31f2ea48,41.0,1,1.146875,351.465945,21.576409,0.0,2,true,true,fine_grid,false,governance.selection=pressure_max_under_constraints;seed=continuation
-0.15,independent_oracle,3c5f6b3c9bd535cff7657364dadb2efc31f2ea48,41.0,1,1.153125,351.274881,21.575875,0.0,2,true,true,fine_grid,false,governance.selection=pressure_max_under_constraints;seed=continuation
-0.15,independent_oracle,3c5f6b3c9bd535cff7657364dadb2efc31f2ea48,41.0,1,1.159375,351.083748,21.575337,0.0,2,true,true,fine_grid,false,governance.selection=pressure_max_under_constraints;seed=continuation
-0.15,independent_oracle,3c5f6b3c9bd535cff7657364dadb2efc31f2ea48,41.0,1,1.165625,350.892558,21.574797,0.0,2,true,true,fine_grid,false,governance.selection=pressure_max_under_constraints;seed=continuation
-0.15,independent_oracle,3c5f6b3c9bd535cff7657364dadb2efc31f2ea48,41.0,1,1.171875,350.701325,21.574253,0.0,2,true,true,fine_grid,false,governance.selection=pressure_max_under_constraints;seed=continuation
-0.15,independent_oracle,3c5f6b3c9bd535cff7657364dadb2efc31f2ea48,41.0,1,1.178125,350.510061,21.573706,0.0,2,true,true,fine_grid,false,governance.selection=pressure_max_under_constraints;seed=continuation
-0.15,independent_oracle,3c5f6b3c9bd535cff7657364dadb2efc31f2ea48,41.0,1,1.184375,350.318779,21.573157,0.0,2,true,true,fine_grid,false,governance.selection=pressure_max_under_constraints;seed=continuation
-0.15,independent_oracle,3c5f6b3c9bd535cff7657364dadb2efc31f2ea48,41.0,1,1.190625,350.127492,21.572604,0.0,2,true,true,fine_grid,false,governance.selection=pressure_max_under_constraints;seed=continuation
-0.15,independent_oracle,3c5f6b3c9bd535cff7657364dadb2efc31f2ea48,41.0,1,1.196875,349.936213,21.572049,0.0,2,true,true,fine_grid,false,governance.selection=pressure_max_under_constraints;seed=continuation
-0.15,independent_oracle,3c5f6b3c9bd535cff7657364dadb2efc31f2ea48,41.0,1,1.203125,349.744956,21.57149,0.0,2,true,true,fine_grid,false,governance.selection=pressure_max_under_constraints;seed=continuation
-0.15,independent_oracle,3c5f6b3c9bd535cff7657364dadb2efc31f2ea48,41.0,1,1.209375,349.553734,21.570929,0.0,2,true,true,fine_grid,false,governance.selection=pressure_max_under_constraints;seed=continuation
-0.15,independent_oracle,3c5f6b3c9bd535cff7657364dadb2efc31f2ea48,41.0,1,1.215625,349.362561,21.570365,0.0,2,true,true,fine_grid,false,governance.selection=pressure_max_under_constraints;seed=continuation
-0.15,independent_oracle,3c5f6b3c9bd535cff7657364dadb2efc31f2ea48,41.0,1,1.221875,349.171451,21.569799,0.0,2,true,true,fine_grid,false,governance.selection=pressure_max_under_constraints;seed=continuation
-0.15,independent_oracle,3c5f6b3c9bd535cff7657364dadb2efc31f2ea48,41.0,1,1.228125,348.980418,21.56923,0.0,2,true,true,fine_grid,false,governance.selection=pressure_max_under_constraints;seed=continuation
-0.15,independent_oracle,3c5f6b3c9bd535cff7657364dadb2efc31f2ea48,41.0,1,1.234375,348.789475,21.568658,0.0,2,true,true,fine_grid,false,governance.selection=pressure_max_under_constraints;seed=continuation
-0.15,independent_oracle,3c5f6b3c9bd535cff7657364dadb2efc31f2ea48,41.0,1,1.240625,348.598637,21.568083,0.0,2,true,true,fine_grid,false,governance.selection=pressure_max_under_constraints;seed=continuation
-0.15,independent_oracle,3c5f6b3c9bd535cff7657364dadb2efc31f2ea48,41.0,1,1.246875,348.407919,21.567506,0.0,2,true,true,fine_grid,false,governance.selection=pressure_max_under_constraints;seed=continuation
-0.15,independent_oracle,3c5f6b3c9bd535cff7657364dadb2efc31f2ea48,41.0,1,1.253125,348.217334,21.566927,0.0,2,true,true,fine_grid,false,governance.selection=pressure_max_under_constraints;seed=continuation
-0.15,independent_oracle,3c5f6b3c9bd535cff7657364dadb2efc31f2ea48,41.0,1,1.259375,348.0269,21.566345,0.0,2,true,true,fine_grid,false,governance.selection=pressure_max_under_constraints;seed=continuation
-0.15,independent_oracle,3c5f6b3c9bd535cff7657364dadb2efc31f2ea48,41.0,1,1.265625,347.836629,21.565761,0.0,2,true,true,fine_grid,false,governance.selection=pressure_max_under_constraints;seed=continuation
-0.15,independent_oracle,3c5f6b3c9bd535cff7657364dadb2efc31f2ea48,41.0,1,1.271875,347.646538,21.565174,0.0,2,true,true,fine_grid,false,governance.selection=pressure_max_under_constraints;seed=continuation
-0.15,independent_oracle,3c5f6b3c9bd535cff7657364dadb2efc31f2ea48,41.0,1,1.278125,347.456642,21.564585,0.0,2,true,true,fine_grid,false,governance.selection=pressure_max_under_constraints;seed=continuation
-0.15,independent_oracle,3c5f6b3c9bd535cff7657364dadb2efc31f2ea48,41.0,1,1.284375,347.266957,21.563994,0.0,2,true,true,fine_grid,false,governance.selection=pressure_max_under_constraints;seed=continuation
-0.15,independent_oracle,3c5f6b3c9bd535cff7657364dadb2efc31f2ea48,41.0,1,1.290625,347.077498,21.5634,0.0,2,true,true,fine_grid,false,governance.selection=pressure_max_under_constraints;seed=continuation
-0.15,independent_oracle,3c5f6b3c9bd535cff7657364dadb2efc31f2ea48,41.0,1,1.296875,346.888283,21.562805,0.0,2,true,true,fine_grid,false,governance.selection=pressure_max_under_constraints;seed=continuation
-0.15,independent_oracle,3c5f6b3c9bd535cff7657364dadb2efc31f2ea48,41.0,1,1.303125,346.699328,21.562207,0.0,2,true,true,fine_grid,false,governance.selection=pressure_max_under_constraints;seed=continuation
-0.15,independent_oracle,3c5f6b3c9bd535cff7657364dadb2efc31f2ea48,41.0,1,1.309375,346.510649,21.561608,0.0,2,true,true,fine_grid,false,governance.selection=pressure_max_under_constraints;seed=continuation
-0.15,independent_oracle,3c5f6b3c9bd535cff7657364dadb2efc31f2ea48,41.0,1,1.315625,346.322263,21.561006,0.0,2,true,true,fine_grid,false,governance.selection=pressure_max_under_constraints;seed=continuation
-0.15,independent_oracle,3c5f6b3c9bd535cff7657364dadb2efc31f2ea48,41.0,1,1.321875,346.134188,21.560403,0.0,2,true,true,fine_grid,false,governance.selection=pressure_max_under_constraints;seed=continuation
-0.15,independent_oracle,3c5f6b3c9bd535cff7657364dadb2efc31f2ea48,41.0,1,1.328125,345.946441,21.559798,0.0,2,true,true,fine_grid,false,governance.selection=pressure_max_under_constraints;seed=continuation
-0.15,independent_oracle,3c5f6b3c9bd535cff7657364dadb2efc31f2ea48,41.0,1,1.334375,345.759041,21.559191,0.0,2,true,true,fine_grid,false,governance.selection=pressure_max_under_constraints;seed=continuation
-0.15,independent_oracle,3c5f6b3c9bd535cff7657364dadb2efc31f2ea48,41.0,1,1.340625,345.572005,21.558583,0.0,2,true,true,fine_grid,false,governance.selection=pressure_max_under_constraints;seed=continuation
-0.15,independent_oracle,3c5f6b3c9bd535cff7657364dadb2efc31f2ea48,41.0,1,1.346875,345.385353,21.557973,0.0,2,true,true,fine_grid,false,governance.selection=pressure_max_under_constraints;seed=continuation
-0.15,independent_oracle,3c5f6b3c9bd535cff7657364dadb2efc31f2ea48,41.0,1,1.353125,345.199102,21.557361,0.0,2,true,true,fine_grid,false,governance.selection=pressure_max_under_constraints;seed=continuation
-0.15,independent_oracle,3c5f6b3c9bd535cff7657364dadb2efc31f2ea48,41.0,1,1.359375,345.013272,21.556748,0.0,2,true,true,fine_grid,false,governance.selection=pressure_max_under_constraints;seed=continuation
-0.15,independent_oracle,3c5f6b3c9bd535cff7657364dadb2efc31f2ea48,41.0,1,1.365625,344.827883,21.556133,0.0,2,true,true,fine_grid,false,governance.selection=pressure_max_under_constraints;seed=continuation
-0.15,independent_oracle,3c5f6b3c9bd535cff7657364dadb2efc31f2ea48,41.0,1,1.371875,344.642955,21.555518,0.0,2,true,true,fine_grid,false,governance.selection=pressure_max_under_constraints;seed=continuation
-0.15,independent_oracle,3c5f6b3c9bd535cff7657364dadb2efc31f2ea48,41.0,1,1.378125,344.458507,21.554901,0.0,2,true,true,fine_grid,false,governance.selection=pressure_max_under_constraints;seed=continuation
-0.15,independent_oracle,3c5f6b3c9bd535cff7657364dadb2efc31f2ea48,41.0,1,1.384375,344.274561,21.554283,0.0,2,true,true,fine_grid,false,governance.selection=pressure_max_under_constraints;seed=continuation
-0.15,independent_oracle,3c5f6b3c9bd535cff7657364dadb2efc31f2ea48,41.0,1,1.390625,344.091138,21.553664,0.0,2,true,true,fine_grid,false,governance.selection=pressure_max_under_constraints;seed=continuation
-0.15,independent_oracle,3c5f6b3c9bd535cff7657364dadb2efc31f2ea48,41.0,1,1.396875,343.908258,21.553044,0.0,2,true,true,fine_grid,false,governance.selection=pressure_max_under_constraints;seed=continuation
-0.15,independent_oracle,3c5f6b3c9bd535cff7657364dadb2efc31f2ea48,41.0,1,1.403125,343.725944,21.552423,0.0,2,true,true,fine_grid,false,governance.selection=pressure_max_under_constraints;seed=continuation
-0.15,independent_oracle,3c5f6b3c9bd535cff7657364dadb2efc31f2ea48,41.0,1,1.409375,343.544219,21.551801,0.0,2,true,true,fine_grid,false,governance.selection=pressure_max_under_constraints;seed=continuation
-0.15,independent_oracle,3c5f6b3c9bd535cff7657364dadb2efc31f2ea48,41.0,1,1.415625,343.363104,21.551179,0.0,2,true,true,fine_grid,false,governance.selection=pressure_max_under_constraints;seed=continuation
-0.15,independent_oracle,3c5f6b3c9bd535cff7657364dadb2efc31f2ea48,41.0,1,1.421875,343.182624,21.550556,0.0,2,true,true,fine_grid,false,governance.selection=pressure_max_under_constraints;seed=continuation
-0.15,independent_oracle,3c5f6b3c9bd535cff7657364dadb2efc31f2ea48,41.0,1,1.428125,343.002801,21.549933,0.0,2,true,true,fine_grid,false,governance.selection=pressure_max_under_constraints;seed=continuation
-0.15,independent_oracle,3c5f6b3c9bd535cff7657364dadb2efc31f2ea48,41.0,1,1.434375,342.823659,21.549309,0.0,2,true,true,fine_grid,false,governance.selection=pressure_max_under_constraints;seed=continuation
-0.15,independent_oracle,3c5f6b3c9bd535cff7657364dadb2efc31f2ea48,41.0,1,1.440625,342.645224,21.548685,0.0,2,true,true,fine_grid,false,governance.selection=pressure_max_under_constraints;seed=continuation
-0.15,independent_oracle,3c5f6b3c9bd535cff7657364dadb2efc31f2ea48,41.0,1,1.446875,342.46752,21.548061,0.0,2,true,true,fine_grid,false,governance.selection=pressure_max_under_constraints;seed=continuation
-0.15,independent_oracle,3c5f6b3c9bd535cff7657364dadb2efc31f2ea48,41.0,1,1.453125,342.290573,21.547437,0.0,2,true,true,fine_grid,false,governance.selection=pressure_max_under_constraints;seed=continuation
-0.15,independent_oracle,3c5f6b3c9bd535cff7657364dadb2efc31f2ea48,41.0,1,1.459375,342.114409,21.546813,0.0,2,true,true,fine_grid,false,governance.selection=pressure_max_under_constraints;seed=continuation
-0.15,independent_oracle,3c5f6b3c9bd535cff7657364dadb2efc31f2ea48,41.0,1,1.465625,341.939054,21.546189,0.0,2,true,true,fine_grid,false,governance.selection=pressure_max_under_constraints;seed=continuation
-0.15,independent_oracle,3c5f6b3c9bd535cff7657364dadb2efc31f2ea48,41.0,1,1.471875,341.764537,21.545565,0.0,2,true,true,fine_grid,false,governance.selection=pressure_max_under_constraints;seed=continuation
-0.15,independent_oracle,3c5f6b3c9bd535cff7657364dadb2efc31f2ea48,41.0,1,1.478125,341.590883,21.544942,0.0,2,true,true,fine_grid,false,governance.selection=pressure_max_under_constraints;seed=continuation
-0.15,independent_oracle,3c5f6b3c9bd535cff7657364dadb2efc31f2ea48,41.0,1,1.484375,341.418122,21.54432,0.0,2,true,true,fine_grid,false,governance.selection=pressure_max_under_constraints;seed=continuation
-0.15,independent_oracle,3c5f6b3c9bd535cff7657364dadb2efc31f2ea48,41.0,1,1.490625,341.246283,21.543698,0.0,2,true,true,fine_grid,false,governance.selection=pressure_max_under_constraints;seed=continuation
-0.15,independent_oracle,3c5f6b3c9bd535cff7657364dadb2efc31f2ea48,41.0,1,1.496875,341.075394,21.543077,0.0,2,true,true,fine_grid,false,governance.selection=pressure_max_under_constraints;seed=continuation
-0.15,independent_oracle,3c5f6b3c9bd535cff7657364dadb2efc31f2ea48,41.0,1,1.503125,340.905486,21.542457,0.0,2,true,true,fine_grid,false,governance.selection=pressure_max_under_constraints;seed=continuation
-0.15,independent_oracle,3c5f6b3c9bd535cff7657364dadb2efc31f2ea48,41.0,1,1.509375,340.73659,21.541838,0.0,2,true,true,fine_grid,false,governance.selection=pressure_max_under_constraints;seed=continuation
-0.15,independent_oracle,3c5f6b3c9bd535cff7657364dadb2efc31f2ea48,41.0,1,1.515625,340.568737,21.541221,0.0,2,true,true,fine_grid,false,governance.selection=pressure_max_under_constraints;seed=continuation
-0.15,independent_oracle,3c5f6b3c9bd535cff7657364dadb2efc31f2ea48,41.0,1,1.521875,340.401958,21.540605,0.0,2,true,true,fine_grid,false,governance.selection=pressure_max_under_constraints;seed=continuation
-0.15,independent_oracle,3c5f6b3c9bd535cff7657364dadb2efc31f2ea48,41.0,1,1.528125,340.236287,21.53999,0.0,2,true,true,fine_grid,false,governance.selection=pressure_max_under_constraints;seed=continuation
-0.15,independent_oracle,3c5f6b3c9bd535cff7657364dadb2efc31f2ea48,41.0,1,1.534375,340.071756,21.539377,0.0,2,true,true,fine_grid,false,governance.selection=pressure_max_under_constraints;seed=continuation
-0.15,independent_oracle,3c5f6b3c9bd535cff7657364dadb2efc31f2ea48,41.0,1,1.540625,339.908399,21.538766,0.0,2,true,true,fine_grid,false,governance.selection=pressure_max_under_constraints;seed=continuation
-0.15,independent_oracle,3c5f6b3c9bd535cff7657364dadb2efc31f2ea48,41.0,1,1.546875,339.746252,21.538157,0.0,2,true,true,fine_grid,false,governance.selection=pressure_max_under_constraints;seed=continuation
-0.15,independent_oracle,3c5f6b3c9bd535cff7657364dadb2efc31f2ea48,41.0,1,1.553125,339.585349,21.537551,0.0,2,true,true,fine_grid,false,governance.selection=pressure_max_under_constraints;seed=continuation
-0.15,independent_oracle,3c5f6b3c9bd535cff7657364dadb2efc31f2ea48,41.0,1,1.559375,339.425726,21.536947,0.0,2,true,true,fine_grid,false,governance.selection=pressure_max_under_constraints;seed=continuation
-0.15,independent_oracle,3c5f6b3c9bd535cff7657364dadb2efc31f2ea48,41.0,1,1.565625,339.26742,21.536345,0.0,2,true,true,fine_grid,false,governance.selection=pressure_max_under_constraints;seed=continuation
-0.15,independent_oracle,3c5f6b3c9bd535cff7657364dadb2efc31f2ea48,41.0,1,1.571875,339.110469,21.535746,0.0,2,true,true,fine_grid,false,governance.selection=pressure_max_under_constraints;seed=continuation
-0.15,independent_oracle,3c5f6b3c9bd535cff7657364dadb2efc31f2ea48,41.0,1,1.578125,338.95491,21.53515,0.0,2,true,true,fine_grid,false,governance.selection=pressure_max_under_constraints;seed=continuation
-0.15,independent_oracle,3c5f6b3c9bd535cff7657364dadb2efc31f2ea48,41.0,1,1.584375,338.800782,21.534557,0.0,2,true,true,fine_grid,false,governance.selection=pressure_max_under_constraints;seed=continuation
-0.15,independent_oracle,3c5f6b3c9bd535cff7657364dadb2efc31f2ea48,41.0,1,1.590625,338.648125,21.533968,0.0,2,true,true,fine_grid,false,governance.selection=pressure_max_under_constraints;seed=continuation
-0.15,independent_oracle,3c5f6b3c9bd535cff7657364dadb2efc31f2ea48,41.0,1,1.596875,338.49698,21.533382,0.0,2,true,true,fine_grid,false,governance.selection=pressure_max_under_constraints;seed=continuation
-0.15,independent_oracle,3c5f6b3c9bd535cff7657364dadb2efc31f2ea48,41.0,1,1.603125,338.347388,21.532799,0.0,2,true,true,fine_grid,false,governance.selection=pressure_max_under_constraints;seed=continuation
-0.15,independent_oracle,3c5f6b3c9bd535cff7657364dadb2efc31f2ea48,41.0,1,1.609375,338.19939,21.532221,0.0,2,true,true,fine_grid,false,governance.selection=pressure_max_under_constraints;seed=continuation
-0.15,independent_oracle,3c5f6b3c9bd535cff7657364dadb2efc31f2ea48,41.0,1,1.615625,338.053029,21.531647,0.0,2,true,true,fine_grid,false,governance.selection=pressure_max_under_constraints;seed=continuation
-0.15,independent_oracle,3c5f6b3c9bd535cff7657364dadb2efc31f2ea48,41.0,1,1.621875,337.908349,21.531077,0.0,2,true,true,fine_grid,false,governance.selection=pressure_max_under_constraints;seed=continuation
-0.15,independent_oracle,3c5f6b3c9bd535cff7657364dadb2efc31f2ea48,41.0,1,1.628125,337.765394,21.530512,0.0,2,true,true,fine_grid,false,governance.selection=pressure_max_under_constraints;seed=continuation
-0.15,independent_oracle,3c5f6b3c9bd535cff7657364dadb2efc31f2ea48,41.0,1,1.634375,337.624209,21.529952,0.0,2,true,true,fine_grid,false,governance.selection=pressure_max_under_constraints;seed=continuation
-0.15,independent_oracle,3c5f6b3c9bd535cff7657364dadb2efc31f2ea48,41.0,1,1.640625,337.484839,21.529397,0.0,2,true,true,fine_grid,false,governance.selection=pressure_max_under_constraints;seed=continuation
-0.15,independent_oracle,3c5f6b3c9bd535cff7657364dadb2efc31f2ea48,41.0,1,1.646875,337.347331,21.528847,0.0,2,true,true,fine_grid,false,governance.selection=pressure_max_under_constraints;seed=continuation
-0.15,independent_oracle,3c5f6b3c9bd535cff7657364dadb2efc31f2ea48,41.0,1,1.653125,337.211733,21.528303,0.0,2,true,true,fine_grid,false,governance.selection=pressure_max_under_constraints;seed=continuation
-0.15,independent_oracle,3c5f6b3c9bd535cff7657364dadb2efc31f2ea48,41.0,1,1.659375,337.078093,21.527764,0.0,2,true,true,fine_grid,false,governance.selection=pressure_max_under_constraints;seed=continuation
-0.15,independent_oracle,3c5f6b3c9bd535cff7657364dadb2efc31f2ea48,41.0,1,1.665625,336.946458,21.527232,0.0,2,true,true,fine_grid,false,governance.selection=pressure_max_under_constraints;seed=continuation
-0.15,independent_oracle,3c5f6b3c9bd535cff7657364dadb2efc31f2ea48,41.0,1,1.671875,336.816879,21.526706,0.0,2,true,true,fine_grid,false,governance.selection=pressure_max_under_constraints;seed=continuation
-0.15,independent_oracle,3c5f6b3c9bd535cff7657364dadb2efc31f2ea48,41.0,1,1.678125,336.689406,21.526187,0.0,2,true,true,fine_grid,false,governance.selection=pressure_max_under_constraints;seed=continuation
-0.15,independent_oracle,3c5f6b3c9bd535cff7657364dadb2efc31f2ea48,41.0,1,1.684375,336.56409,21.525674,0.0,2,true,true,fine_grid,false,governance.selection=pressure_max_under_constraints;seed=continuation
-0.15,independent_oracle,3c5f6b3c9bd535cff7657364dadb2efc31f2ea48,41.0,1,1.690625,336.440982,21.525169,0.0,2,true,true,fine_grid,false,governance.selection=pressure_max_under_constraints;seed=continuation
-0.15,independent_oracle,3c5f6b3c9bd535cff7657364dadb2efc31f2ea48,41.0,1,1.696875,336.320135,21.524671,0.0,2,true,true,fine_grid,false,governance.selection=pressure_max_under_constraints;seed=continuation
-0.15,independent_oracle,3c5f6b3c9bd535cff7657364dadb2efc31f2ea48,41.0,1,1.703125,336.201601,21.524181,0.0,2,true,true,fine_grid,false,governance.selection=pressure_max_under_constraints;seed=continuation
-0.15,independent_oracle,3c5f6b3c9bd535cff7657364dadb2efc31f2ea48,41.0,1,1.709375,336.085433,21.523699,0.0,2,true,true,fine_grid,false,governance.selection=pressure_max_under_constraints;seed=continuation
-0.15,independent_oracle,3c5f6b3c9bd535cff7657364dadb2efc31f2ea48,41.0,1,1.715625,335.971687,21.523225,0.0,2,true,true,fine_grid,false,governance.selection=pressure_max_under_constraints;seed=continuation
-0.15,independent_oracle,3c5f6b3c9bd535cff7657364dadb2efc31f2ea48,41.0,1,1.721875,335.860416,21.52276,0.0,2,true,true,fine_grid,false,governance.selection=pressure_max_under_constraints;seed=continuation
-0.15,independent_oracle,3c5f6b3c9bd535cff7657364dadb2efc31f2ea48,41.0,1,1.728125,335.751675,21.522303,0.0,2,true,true,fine_grid,false,governance.selection=pressure_max_under_constraints;seed=continuation
-0.15,independent_oracle,3c5f6b3c9bd535cff7657364dadb2efc31f2ea48,41.0,1,1.734375,335.64552,21.521856,0.0,2,true,true,fine_grid,false,governance.selection=pressure_max_under_constraints;seed=continuation
-0.15,independent_oracle,3c5f6b3c9bd535cff7657364dadb2efc31f2ea48,41.0,1,1.740625,335.542007,21.521419,0.0,2,true,true,fine_grid,false,governance.selection=pressure_max_under_constraints;seed=continuation
-0.15,independent_oracle,3c5f6b3c9bd535cff7657364dadb2efc31f2ea48,41.0,1,1.746875,335.441192,21.520991,0.0,2,true,true,fine_grid,false,governance.selection=pressure_max_under_constraints;seed=continuation
-0.15,independent_oracle,3c5f6b3c9bd535cff7657364dadb2efc31f2ea48,41.0,1,1.753125,335.343131,21.520574,0.0,2,true,true,fine_grid,false,governance.selection=pressure_max_under_constraints;seed=continuation
-0.15,independent_oracle,3c5f6b3c9bd535cff7657364dadb2efc31f2ea48,41.0,1,1.759375,335.247881,21.520167,0.0,2,true,true,fine_grid,false,governance.selection=pressure_max_under_constraints;seed=continuation
-0.15,independent_oracle,3c5f6b3c9bd535cff7657364dadb2efc31f2ea48,41.0,1,1.765625,335.1555,21.519771,0.0,2,true,true,fine_grid,false,governance.selection=pressure_max_under_constraints;seed=continuation
-0.15,independent_oracle,3c5f6b3c9bd535cff7657364dadb2efc31f2ea48,41.0,1,1.771875,335.066044,21.519386,0.0,2,true,true,fine_grid,false,governance.selection=pressure_max_under_constraints;seed=continuation
-0.15,independent_oracle,3c5f6b3c9bd535cff7657364dadb2efc31f2ea48,41.0,1,1.778125,334.97957,21.519013,0.0,2,true,true,fine_grid,false,governance.selection=pressure_max_under_constraints;seed=continuation
-0.15,independent_oracle,3c5f6b3c9bd535cff7657364dadb2efc31f2ea48,41.0,1,1.784375,334.896136,21.518651,0.0,2,true,true,fine_grid,false,governance.selection=pressure_max_under_constraints;seed=continuation
-0.15,independent_oracle,3c5f6b3c9bd535cff7657364dadb2efc31f2ea48,41.0,1,1.790625,334.815798,21.518302,0.0,2,true,true,fine_grid,false,governance.selection=pressure_max_under_constraints;seed=continuation
-0.15,independent_oracle,3c5f6b3c9bd535cff7657364dadb2efc31f2ea48,41.0,1,1.796875,334.738613,21.517965,0.0,2,true,true,fine_grid,false,governance.selection=pressure_max_under_constraints;seed=continuation
-0.15,independent_oracle,3c5f6b3c9bd535cff7657364dadb2efc31f2ea48,41.0,1,1.803125,334.664638,21.517641,0.0,2,true,true,fine_grid,false,governance.selection=pressure_max_under_constraints;seed=continuation
-0.15,independent_oracle,3c5f6b3c9bd535cff7657364dadb2efc31f2ea48,41.0,1,1.809375,334.593929,21.51733,0.0,2,true,true,fine_grid,false,governance.selection=pressure_max_under_constraints;seed=continuation
-0.15,independent_oracle,3c5f6b3c9bd535cff7657364dadb2efc31f2ea48,41.0,1,1.815625,334.526541,21.517033,0.0,2,true,true,fine_grid,false,governance.selection=pressure_max_under_constraints;seed=continuation
-0.15,independent_oracle,3c5f6b3c9bd535cff7657364dadb2efc31f2ea48,41.0,1,1.821875,334.46253,21.51675,0.0,2,true,true,fine_grid,false,governance.selection=pressure_max_under_constraints;seed=continuation
-0.15,independent_oracle,3c5f6b3c9bd535cff7657364dadb2efc31f2ea48,41.0,1,1.828125,334.40195,21.516481,0.0,2,true,true,fine_grid,false,governance.selection=pressure_max_under_constraints;seed=continuation
-0.15,independent_oracle,3c5f6b3c9bd535cff7657364dadb2efc31f2ea48,41.0,1,1.834375,334.344854,21.516227,0.0,2,true,true,fine_grid,false,governance.selection=pressure_max_under_constraints;seed=continuation
-0.15,independent_oracle,3c5f6b3c9bd535cff7657364dadb2efc31f2ea48,41.0,1,1.840625,334.291296,21.515987,0.0,2,true,true,fine_grid,false,governance.selection=pressure_max_under_constraints;seed=continuation
-0.15,independent_oracle,3c5f6b3c9bd535cff7657364dadb2efc31f2ea48,41.0,1,1.846875,334.241327,21.515763,0.0,2,true,true,fine_grid,false,governance.selection=pressure_max_under_constraints;seed=continuation
-0.15,independent_oracle,3c5f6b3c9bd535cff7657364dadb2efc31f2ea48,41.0,1,1.853125,334.194997,21.515555,0.0,2,true,true,fine_grid,false,governance.selection=pressure_max_under_constraints;seed=continuation
-0.15,independent_oracle,3c5f6b3c9bd535cff7657364dadb2efc31f2ea48,41.0,1,1.859375,334.152357,21.515362,0.0,2,true,true,fine_grid,false,governance.selection=pressure_max_under_constraints;seed=continuation
-0.15,independent_oracle,3c5f6b3c9bd535cff7657364dadb2efc31f2ea48,41.0,1,1.865625,334.113453,21.515186,0.0,2,true,true,fine_grid,false,governance.selection=pressure_max_under_constraints;seed=continuation
-0.15,independent_oracle,3c5f6b3c9bd535cff7657364dadb2efc31f2ea48,41.0,1,1.871875,334.078334,21.515026,0.0,2,true,true,fine_grid,false,governance.selection=pressure_max_under_constraints;seed=continuation
-0.15,independent_oracle,3c5f6b3c9bd535cff7657364dadb2efc31f2ea48,41.0,1,1.878125,334.047043,21.514884,0.0,2,true,true,fine_grid,false,governance.selection=pressure_max_under_constraints;seed=continuation
-0.15,independent_oracle,3c5f6b3c9bd535cff7657364dadb2efc31f2ea48,41.0,1,1.884375,334.019624,21.514758,0.0,2,true,true,fine_grid,false,governance.selection=pressure_max_under_constraints;seed=continuation
-0.15,independent_oracle,3c5f6b3c9bd535cff7657364dadb2efc31f2ea48,41.0,1,1.890625,333.996119,21.51465,0.0,2,true,true,fine_grid,false,governance.selection=pressure_max_under_constraints;seed=continuation
-0.15,independent_oracle,3c5f6b3c9bd535cff7657364dadb2efc31f2ea48,41.0,1,1.896875,333.976567,21.51456,0.0,2,true,true,fine_grid,false,governance.selection=pressure_max_under_constraints;seed=continuation
-0.15,independent_oracle,3c5f6b3c9bd535cff7657364dadb2efc31f2ea48,41.0,1,1.903125,333.961006,21.514488,0.0,2,true,true,fine_grid,false,governance.selection=pressure_max_under_constraints;seed=continuation
-0.15,independent_oracle,3c5f6b3c9bd535cff7657364dadb2efc31f2ea48,41.0,1,1.909375,333.949471,21.514435,0.0,2,true,true,fine_grid,false,governance.selection=pressure_max_under_constraints;seed=continuation
-0.15,independent_oracle,3c5f6b3c9bd535cff7657364dadb2efc31f2ea48,41.0,1,1.915625,333.941994,21.5144,0.0,2,true,true,fine_grid,false,governance.selection=pressure_max_under_constraints;seed=continuation
-0.15,independent_oracle,3c5f6b3c9bd535cff7657364dadb2efc31f2ea48,41.0,1,1.921875,333.938607,21.514384,0.0,2,true,true,fine_grid,false,governance.selection=pressure_max_under_constraints;seed=continuation
-0.15,independent_oracle,3c5f6b3c9bd535cff7657364dadb2efc31f2ea48,41.0,1,1.928125,333.939338,21.514388,0.0,2,true,true,fine_grid,false,governance.selection=pressure_max_under_constraints;seed=continuation
-0.15,independent_oracle,3c5f6b3c9bd535cff7657364dadb2efc31f2ea48,41.0,1,1.934375,333.944212,21.514411,0.0,2,true,true,fine_grid,false,governance.selection=pressure_max_under_constraints;seed=continuation
-0.15,independent_oracle,3c5f6b3c9bd535cff7657364dadb2efc31f2ea48,41.0,1,1.940625,333.953252,21.514453,0.0,2,true,true,fine_grid,false,governance.selection=pressure_max_under_constraints;seed=continuation
-0.15,independent_oracle,3c5f6b3c9bd535cff7657364dadb2efc31f2ea48,41.0,1,1.946875,333.966479,21.514516,0.0,2,true,true,fine_grid,false,governance.selection=pressure_max_under_constraints;seed=continuation
-0.15,independent_oracle,3c5f6b3c9bd535cff7657364dadb2efc31f2ea48,41.0,1,1.953125,333.98391,21.514598,0.0,2,true,true,fine_grid,false,governance.selection=pressure_max_under_constraints;seed=continuation
-0.15,independent_oracle,3c5f6b3c9bd535cff7657364dadb2efc31f2ea48,41.0,1,1.959375,334.005558,21.514702,0.0,2,true,true,fine_grid,false,governance.selection=pressure_max_under_constraints;seed=continuation
-0.15,independent_oracle,3c5f6b3c9bd535cff7657364dadb2efc31f2ea48,41.0,1,1.965625,334.031436,21.514825,0.0,2,true,true,fine_grid,false,governance.selection=pressure_max_under_constraints;seed=continuation
-0.15,independent_oracle,3c5f6b3c9bd535cff7657364dadb2efc31f2ea48,41.0,1,1.971875,334.061552,21.514969,0.0,2,true,true,fine_grid,false,governance.selection=pressure_max_under_constraints;seed=continuation
-0.15,independent_oracle,3c5f6b3c9bd535cff7657364dadb2efc31f2ea48,41.0,1,1.978125,334.095912,21.515134,0.0,2,true,true,fine_grid,false,governance.selection=pressure_max_under_constraints;seed=continuation
-0.15,independent_oracle,3c5f6b3c9bd535cff7657364dadb2efc31f2ea48,41.0,1,1.984375,334.134517,21.51532,0.0,2,true,true,fine_grid,false,governance.selection=pressure_max_under_constraints;seed=continuation
-0.15,independent_oracle,3c5f6b3c9bd535cff7657364dadb2efc31f2ea48,41.0,1,1.990625,334.177367,21.515528,0.0,2,true,true,fine_grid,false,governance.selection=pressure_max_under_constraints;seed=continuation
-0.15,independent_oracle,3c5f6b3c9bd535cff7657364dadb2efc31f2ea48,41.0,1,1.996875,334.224458,21.515756,0.0,2,true,true,fine_grid,false,governance.selection=pressure_max_under_constraints;seed=continuation
-0.15,independent_oracle,3c5f6b3c9bd535cff7657364dadb2efc31f2ea48,41.0,1,2.003125,334.275783,21.516006,0.0,2,true,true,fine_grid,false,governance.selection=pressure_max_under_constraints;seed=continuation
-0.15,independent_oracle,3c5f6b3c9bd535cff7657364dadb2efc31f2ea48,41.0,1,2.009375,334.331331,21.516277,0.0,2,true,true,fine_grid,false,governance.selection=pressure_max_under_constraints;seed=continuation
-0.15,independent_oracle,3c5f6b3c9bd535cff7657364dadb2efc31f2ea48,41.0,1,2.015625,334.391089,21.516569,0.0,2,true,true,fine_grid,false,governance.selection=pressure_max_under_constraints;seed=continuation
-0.15,independent_oracle,3c5f6b3c9bd535cff7657364dadb2efc31f2ea48,41.0,1,2.021875,334.455041,21.516883,0.0,2,true,true,fine_grid,false,governance.selection=pressure_max_under_constraints;seed=continuation
-0.15,independent_oracle,3c5f6b3c9bd535cff7657364dadb2efc31f2ea48,41.0,1,2.028125,334.523167,21.517219,0.0,2,true,true,fine_grid,false,governance.selection=pressure_max_under_constraints;seed=continuation
-0.15,independent_oracle,3c5f6b3c9bd535cff7657364dadb2efc31f2ea48,41.0,1,2.034375,334.595445,21.517576,0.0,2,true,true,fine_grid,false,governance.selection=pressure_max_under_constraints;seed=continuation
-0.15,independent_oracle,3c5f6b3c9bd535cff7657364dadb2efc31f2ea48,41.0,1,2.040625,334.67185,21.517955,0.0,2,true,true,fine_grid,false,governance.selection=pressure_max_under_constraints;seed=continuation
-0.15,independent_oracle,3c5f6b3c9bd535cff7657364dadb2efc31f2ea48,41.0,1,2.046875,334.752353,21.518355,0.0,2,true,true,fine_grid,false,governance.selection=pressure_max_under_constraints;seed=continuation
-0.15,independent_oracle,3c5f6b3c9bd535cff7657364dadb2efc31f2ea48,41.0,1,2.053125,334.836923,21.518777,0.0,2,true,true,fine_grid,false,governance.selection=pressure_max_under_constraints;seed=continuation
-0.15,independent_oracle,3c5f6b3c9bd535cff7657364dadb2efc31f2ea48,41.0,1,2.059375,334.925526,21.51922,0.0,2,true,true,fine_grid,false,governance.selection=pressure_max_under_constraints;seed=continuation
-0.15,independent_oracle,3c5f6b3c9bd535cff7657364dadb2efc31f2ea48,41.0,1,2.065625,335.018126,21.519684,0.0,2,true,true,fine_grid,false,governance.selection=pressure_max_under_constraints;seed=continuation
-0.15,independent_oracle,3c5f6b3c9bd535cff7657364dadb2efc31f2ea48,41.0,1,2.071875,335.114685,21.52017,0.0,2,true,true,fine_grid,false,governance.selection=pressure_max_under_constraints;seed=continuation
-0.15,independent_oracle,3c5f6b3c9bd535cff7657364dadb2efc31f2ea48,41.0,1,2.078125,335.21516,21.520678,0.0,2,true,true,fine_grid,false,governance.selection=pressure_max_under_constraints;seed=continuation
-0.15,independent_oracle,3c5f6b3c9bd535cff7657364dadb2efc31f2ea48,41.0,1,2.084375,335.319508,21.521206,0.0,2,true,true,fine_grid,false,governance.selection=pressure_max_under_constraints;seed=continuation
-0.15,independent_oracle,3c5f6b3c9bd535cff7657364dadb2efc31f2ea48,41.0,1,2.090625,335.427683,21.521755,0.0,2,true,true,fine_grid,false,governance.selection=pressure_max_under_constraints;seed=continuation
-0.15,independent_oracle,3c5f6b3c9bd535cff7657364dadb2efc31f2ea48,41.0,1,2.096875,335.539638,21.522325,0.0,2,true,true,fine_grid,false,governance.selection=pressure_max_under_constraints;seed=continuation
-0.15,independent_oracle,3c5f6b3c9bd535cff7657364dadb2efc31f2ea48,41.0,1,2.103125,335.655322,21.522916,0.0,2,true,true,fine_grid,false,governance.selection=pressure_max_under_constraints;seed=continuation
-0.15,independent_oracle,3c5f6b3c9bd535cff7657364dadb2efc31f2ea48,41.0,1,2.109375,335.774684,21.523528,0.0,2,true,true,fine_grid,false,governance.selection=pressure_max_under_constraints;seed=continuation
-0.15,independent_oracle,3c5f6b3c9bd535cff7657364dadb2efc31f2ea48,41.0,1,2.115625,335.89767,21.52416,0.0,2,true,true,fine_grid,false,governance.selection=pressure_max_under_constraints;seed=continuation
-0.15,independent_oracle,3c5f6b3c9bd535cff7657364dadb2efc31f2ea48,41.0,1,2.121875,336.024226,21.524812,0.0,2,true,true,fine_grid,false,governance.selection=pressure_max_under_constraints;seed=continuation
-0.15,independent_oracle,3c5f6b3c9bd535cff7657364dadb2efc31f2ea48,41.0,1,2.128125,336.154295,21.525484,0.0,2,true,true,fine_grid,false,governance.selection=pressure_max_under_constraints;seed=continuation
-0.15,independent_oracle,3c5f6b3c9bd535cff7657364dadb2efc31f2ea48,41.0,1,2.134375,336.287819,21.526177,0.0,2,true,true,fine_grid,false,governance.selection=pressure_max_under_constraints;seed=continuation
-0.15,independent_oracle,3c5f6b3c9bd535cff7657364dadb2efc31f2ea48,41.0,1,2.140625,336.42474,21.526889,0.0,2,true,true,fine_grid,false,governance.selection=pressure_max_under_constraints;seed=continuation
-0.15,independent_oracle,3c5f6b3c9bd535cff7657364dadb2efc31f2ea48,41.0,1,2.146875,336.564998,21.52762,0.0,2,true,true,fine_grid,false,governance.selection=pressure_max_under_constraints;seed=continuation
-0.15,independent_oracle,3c5f6b3c9bd535cff7657364dadb2efc31f2ea48,41.0,1,2.153125,336.708532,21.528371,0.0,2,true,true,fine_grid,false,governance.selection=pressure_max_under_constraints;seed=continuation
-0.15,independent_oracle,3c5f6b3c9bd535cff7657364dadb2efc31f2ea48,41.0,1,2.159375,336.85528,21.52914,0.0,2,true,true,fine_grid,false,governance.selection=pressure_max_under_constraints;seed=continuation
-0.15,independent_oracle,3c5f6b3c9bd535cff7657364dadb2efc31f2ea48,41.0,1,2.165625,337.00518,21.529929,0.0,2,true,true,fine_grid,false,governance.selection=pressure_max_under_constraints;seed=continuation
-0.15,independent_oracle,3c5f6b3c9bd535cff7657364dadb2efc31f2ea48,41.0,1,2.171875,337.158169,21.530736,0.0,2,true,true,fine_grid,false,governance.selection=pressure_max_under_constraints;seed=continuation
-0.15,independent_oracle,3c5f6b3c9bd535cff7657364dadb2efc31f2ea48,41.0,1,2.178125,337.314185,21.531561,0.0,2,true,true,fine_grid,false,governance.selection=pressure_max_under_constraints;seed=continuation
-0.15,independent_oracle,3c5f6b3c9bd535cff7657364dadb2efc31f2ea48,41.0,1,2.184375,337.473163,21.532405,0.0,2,true,true,fine_grid,false,governance.selection=pressure_max_under_constraints;seed=continuation
-0.15,independent_oracle,3c5f6b3c9bd535cff7657364dadb2efc31f2ea48,41.0,1,2.190625,337.63504,21.533266,0.0,2,true,true,fine_grid,false,governance.selection=pressure_max_under_constraints;seed=continuation
-0.15,independent_oracle,3c5f6b3c9bd535cff7657364dadb2efc31f2ea48,41.0,1,2.196875,337.799753,21.534145,0.0,2,true,true,fine_grid,false,governance.selection=pressure_max_under_constraints;seed=continuation
-0.15,independent_oracle,3c5f6b3c9bd535cff7657364dadb2efc31f2ea48,41.0,1,2.203125,337.967236,21.535042,0.0,2,true,true,fine_grid,false,governance.selection=pressure_max_under_constraints;seed=continuation
-0.15,independent_oracle,3c5f6b3c9bd535cff7657364dadb2efc31f2ea48,41.0,1,2.209375,338.137427,21.535955,0.0,2,true,true,fine_grid,false,governance.selection=pressure_max_under_constraints;seed=continuation
-0.15,independent_oracle,3c5f6b3c9bd535cff7657364dadb2efc31f2ea48,41.0,1,2.215625,338.310261,21.536885,0.0,2,true,true,fine_grid,false,governance.selection=pressure_max_under_constraints;seed=continuation
-0.15,independent_oracle,3c5f6b3c9bd535cff7657364dadb2efc31f2ea48,41.0,1,2.221875,338.485676,21.537832,0.0,2,true,true,fine_grid,false,governance.selection=pressure_max_under_constraints;seed=continuation
-0.15,independent_oracle,3c5f6b3c9bd535cff7657364dadb2efc31f2ea48,41.0,1,2.228125,338.663609,21.538795,0.0,2,true,true,fine_grid,false,governance.selection=pressure_max_under_constraints;seed=continuation
-0.15,independent_oracle,3c5f6b3c9bd535cff7657364dadb2efc31f2ea48,41.0,1,2.234375,338.843997,21.539774,0.0,2,true,true,fine_grid,false,governance.selection=pressure_max_under_constraints;seed=continuation
-0.15,independent_oracle,3c5f6b3c9bd535cff7657364dadb2efc31f2ea48,41.0,1,2.240625,339.026777,21.540769,0.0,2,true,true,fine_grid,false,governance.selection=pressure_max_under_constraints;seed=continuation
-0.15,independent_oracle,3c5f6b3c9bd535cff7657364dadb2efc31f2ea48,41.0,1,2.246875,339.21189,21.541779,0.0,2,true,true,fine_grid,false,governance.selection=pressure_max_under_constraints;seed=continuation
-0.15,independent_oracle,3c5f6b3c9bd535cff7657364dadb2efc31f2ea48,41.0,1,2.253125,339.399273,21.542805,0.0,2,true,true,fine_grid,false,governance.selection=pressure_max_under_constraints;seed=continuation
-0.15,independent_oracle,3c5f6b3c9bd535cff7657364dadb2efc31f2ea48,41.0,1,2.259375,339.588866,21.543845,0.0,2,true,true,fine_grid,false,governance.selection=pressure_max_under_constraints;seed=continuation
-0.15,independent_oracle,3c5f6b3c9bd535cff7657364dadb2efc31f2ea48,41.0,1,2.265625,339.78061,21.544901,0.0,2,true,true,fine_grid,false,governance.selection=pressure_max_under_constraints;seed=continuation
-0.15,independent_oracle,3c5f6b3c9bd535cff7657364dadb2efc31f2ea48,41.0,1,2.271875,339.974446,21.54597,0.0,2,true,true,fine_grid,false,governance.selection=pressure_max_under_constraints;seed=continuation
-0.15,independent_oracle,3c5f6b3c9bd535cff7657364dadb2efc31f2ea48,41.0,1,2.278125,340.170317,21.547054,0.0,2,true,true,fine_grid,false,governance.selection=pressure_max_under_constraints;seed=continuation
-0.15,independent_oracle,3c5f6b3c9bd535cff7657364dadb2efc31f2ea48,41.0,1,2.284375,340.368164,21.548152,0.0,2,true,true,fine_grid,false,governance.selection=pressure_max_under_constraints;seed=continuation
-0.15,independent_oracle,3c5f6b3c9bd535cff7657364dadb2efc31f2ea48,41.0,1,2.290625,340.567933,21.549264,0.0,2,true,true,fine_grid,false,governance.selection=pressure_max_under_constraints;seed=continuation
-0.15,independent_oracle,3c5f6b3c9bd535cff7657364dadb2efc31f2ea48,41.0,1,2.296875,340.769567,21.550389,0.0,2,true,true,fine_grid,false,governance.selection=pressure_max_under_constraints;seed=continuation
-0.15,independent_oracle,3c5f6b3c9bd535cff7657364dadb2efc31f2ea48,41.0,1,2.303125,340.973012,21.551527,0.0,2,true,true,fine_grid,false,governance.selection=pressure_max_under_constraints;seed=continuation
-0.15,independent_oracle,3c5f6b3c9bd535cff7657364dadb2efc31f2ea48,41.0,1,2.309375,341.178216,21.552678,0.0,2,true,true,fine_grid,false,governance.selection=pressure_max_under_constraints;seed=continuation
-0.15,independent_oracle,3c5f6b3c9bd535cff7657364dadb2efc31f2ea48,41.0,1,2.315625,341.385124,21.553842,0.0,2,true,true,fine_grid,false,governance.selection=pressure_max_under_constraints;seed=continuation
-0.15,independent_oracle,3c5f6b3c9bd535cff7657364dadb2efc31f2ea48,41.0,1,2.321875,341.593687,21.555018,0.0,2,true,true,fine_grid,false,governance.selection=pressure_max_under_constraints;seed=continuation
-0.15,independent_oracle,3c5f6b3c9bd535cff7657364dadb2efc31f2ea48,41.0,1,2.328125,341.803853,21.556207,0.0,2,true,true,fine_grid,false,governance.selection=pressure_max_under_constraints;seed=continuation
-0.15,independent_oracle,3c5f6b3c9bd535cff7657364dadb2efc31f2ea48,41.0,1,2.334375,342.015573,21.557408,0.0,2,true,true,fine_grid,false,governance.selection=pressure_max_under_constraints;seed=continuation
-0.15,independent_oracle,3c5f6b3c9bd535cff7657364dadb2efc31f2ea48,41.0,1,2.340625,342.228798,21.55862,0.0,2,true,true,fine_grid,false,governance.selection=pressure_max_under_constraints;seed=continuation
-0.15,independent_oracle,3c5f6b3c9bd535cff7657364dadb2efc31f2ea48,41.0,1,2.346875,342.443481,21.559844,0.0,2,true,true,fine_grid,false,governance.selection=pressure_max_under_constraints;seed=continuation
-0.15,independent_oracle,3c5f6b3c9bd535cff7657364dadb2efc31f2ea48,41.0,1,2.353125,342.659576,21.561079,0.0,2,true,true,fine_grid,false,governance.selection=pressure_max_under_constraints;seed=continuation
-0.15,independent_oracle,3c5f6b3c9bd535cff7657364dadb2efc31f2ea48,41.0,1,2.359375,342.877037,21.562326,0.0,2,true,true,fine_grid,false,governance.selection=pressure_max_under_constraints;seed=continuation
-0.15,independent_oracle,3c5f6b3c9bd535cff7657364dadb2efc31f2ea48,41.0,1,2.365625,343.09582,21.563583,0.0,2,true,true,fine_grid,false,governance.selection=pressure_max_under_constraints;seed=continuation
-0.15,independent_oracle,3c5f6b3c9bd535cff7657364dadb2efc31f2ea48,41.0,1,2.371875,343.315881,21.564851,0.0,2,true,true,fine_grid,false,governance.selection=pressure_max_under_constraints;seed=continuation
-0.15,independent_oracle,3c5f6b3c9bd535cff7657364dadb2efc31f2ea48,41.0,1,2.378125,343.537179,21.56613,0.0,2,true,true,fine_grid,false,governance.selection=pressure_max_under_constraints;seed=continuation
-0.15,independent_oracle,3c5f6b3c9bd535cff7657364dadb2efc31f2ea48,41.0,1,2.384375,343.759671,21.567418,0.0,2,true,true,fine_grid,false,governance.selection=pressure_max_under_constraints;seed=continuation
-0.15,independent_oracle,3c5f6b3c9bd535cff7657364dadb2efc31f2ea48,41.0,1,2.390625,343.983317,21.568717,0.0,2,true,true,fine_grid,false,governance.selection=pressure_max_under_constraints;seed=continuation
-0.15,independent_oracle,3c5f6b3c9bd535cff7657364dadb2efc31f2ea48,41.0,1,2.396875,344.208078,21.570026,0.0,2,true,true,fine_grid,false,governance.selection=pressure_max_under_constraints;seed=continuation
-0.15,independent_oracle,3c5f6b3c9bd535cff7657364dadb2efc31f2ea48,41.0,1,2.403125,344.433915,21.571344,0.0,2,true,true,fine_grid,false,governance.selection=pressure_max_under_constraints;seed=continuation
-0.15,independent_oracle,3c5f6b3c9bd535cff7657364dadb2efc31f2ea48,41.0,1,2.409375,344.660791,21.572672,0.0,2,true,true,fine_grid,false,governance.selection=pressure_max_under_constraints;seed=continuation
-0.15,independent_oracle,3c5f6b3c9bd535cff7657364dadb2efc31f2ea48,41.0,1,2.415625,344.88867,21.57401,0.0,2,true,true,fine_grid,false,governance.selection=pressure_max_under_constraints;seed=continuation
-0.15,independent_oracle,3c5f6b3c9bd535cff7657364dadb2efc31f2ea48,41.0,1,2.421875,345.117515,21.575356,0.0,2,true,true,fine_grid,false,governance.selection=pressure_max_under_constraints;seed=continuation
-0.15,independent_oracle,3c5f6b3c9bd535cff7657364dadb2efc31f2ea48,41.0,1,2.428125,345.347292,21.576711,0.0,2,true,true,fine_grid,false,governance.selection=pressure_max_under_constraints;seed=continuation
-0.15,independent_oracle,3c5f6b3c9bd535cff7657364dadb2efc31f2ea48,41.0,1,2.434375,345.577967,21.578076,0.0,2,true,true,fine_grid,false,governance.selection=pressure_max_under_constraints;seed=continuation
-0.15,independent_oracle,3c5f6b3c9bd535cff7657364dadb2efc31f2ea48,41.0,1,2.440625,345.809507,21.579449,0.0,2,true,true,fine_grid,false,governance.selection=pressure_max_under_constraints;seed=continuation
-0.15,independent_oracle,3c5f6b3c9bd535cff7657364dadb2efc31f2ea48,41.0,1,2.446875,346.041881,21.58083,0.0,2,true,true,fine_grid,false,governance.selection=pressure_max_under_constraints;seed=continuation
-0.15,independent_oracle,3c5f6b3c9bd535cff7657364dadb2efc31f2ea48,41.0,1,2.453125,346.275056,21.58222,0.0,2,true,true,fine_grid,false,governance.selection=pressure_max_under_constraints;seed=continuation
-0.15,independent_oracle,3c5f6b3c9bd535cff7657364dadb2efc31f2ea48,41.0,1,2.459375,346.509003,21.583617,0.0,2,true,true,fine_grid,false,governance.selection=pressure_max_under_constraints;seed=continuation
-0.15,independent_oracle,3c5f6b3c9bd535cff7657364dadb2efc31f2ea48,41.0,1,2.465625,346.743692,21.585023,0.0,2,true,true,fine_grid,false,governance.selection=pressure_max_under_constraints;seed=continuation
-0.15,independent_oracle,3c5f6b3c9bd535cff7657364dadb2efc31f2ea48,41.0,1,2.471875,346.979094,21.586437,0.0,2,true,true,fine_grid,false,governance.selection=pressure_max_under_constraints;seed=continuation
-0.15,independent_oracle,3c5f6b3c9bd535cff7657364dadb2efc31f2ea48,41.0,1,2.478125,347.215182,21.587858,0.0,2,true,true,fine_grid,false,governance.selection=pressure_max_under_constraints;seed=continuation
-0.15,independent_oracle,3c5f6b3c9bd535cff7657364dadb2efc31f2ea48,41.0,1,2.484375,347.451927,21.589287,0.0,2,true,true,fine_grid,false,governance.selection=pressure_max_under_constraints;seed=continuation
-0.15,independent_oracle,3c5f6b3c9bd535cff7657364dadb2efc31f2ea48,41.0,1,2.490625,347.689304,21.590723,0.0,2,true,true,fine_grid,false,governance.selection=pressure_max_under_constraints;seed=continuation
-0.15,independent_oracle,3c5f6b3c9bd535cff7657364dadb2efc31f2ea48,41.0,1,2.496875,347.927287,21.592167,0.0,2,true,true,fine_grid,false,governance.selection=pressure_max_under_constraints;seed=continuation
-0.15,independent_oracle,3c5f6b3c9bd535cff7657364dadb2efc31f2ea48,41.0,1,2.503125,348.165851,21.593618,0.0,2,true,true,fine_grid,false,governance.selection=pressure_max_under_constraints;seed=continuation
-0.15,independent_oracle,3c5f6b3c9bd535cff7657364dadb2efc31f2ea48,41.0,1,2.509375,348.404971,21.595076,0.0,2,true,true,fine_grid,false,governance.selection=pressure_max_under_constraints;seed=continuation
-0.15,independent_oracle,3c5f6b3c9bd535cff7657364dadb2efc31f2ea48,41.0,1,2.515625,348.644625,21.59654,0.0,2,true,true,fine_grid,false,governance.selection=pressure_max_under_constraints;seed=continuation
-0.15,independent_oracle,3c5f6b3c9bd535cff7657364dadb2efc31f2ea48,41.0,1,2.521875,348.884788,21.598012,0.0,2,true,true,fine_grid,false,governance.selection=pressure_max_under_constraints;seed=continuation
-0.15,independent_oracle,3c5f6b3c9bd535cff7657364dadb2efc31f2ea48,41.0,1,2.528125,349.125439,21.59949,0.0,2,true,true,fine_grid,false,governance.selection=pressure_max_under_constraints;seed=continuation
-0.15,independent_oracle,3c5f6b3c9bd535cff7657364dadb2efc31f2ea48,41.0,1,2.534375,349.366556,21.600974,0.0,2,true,true,fine_grid,false,governance.selection=pressure_max_under_constraints;seed=continuation
-0.15,independent_oracle,3c5f6b3c9bd535cff7657364dadb2efc31f2ea48,41.0,1,2.540625,349.608118,21.602465,0.0,2,true,true,fine_grid,false,governance.selection=pressure_max_under_constraints;seed=continuation
-0.15,independent_oracle,3c5f6b3c9bd535cff7657364dadb2efc31f2ea48,41.0,1,2.546875,349.850104,21.603963,0.0,2,true,true,fine_grid,false,governance.selection=pressure_max_under_constraints;seed=continuation
-0.15,independent_oracle,3c5f6b3c9bd535cff7657364dadb2efc31f2ea48,41.0,1,2.553125,350.092495,21.605466,0.0,2,true,true,fine_grid,false,governance.selection=pressure_max_under_constraints;seed=continuation
-0.15,independent_oracle,3c5f6b3c9bd535cff7657364dadb2efc31f2ea48,41.0,1,2.559375,350.335272,21.606976,0.0,2,true,true,fine_grid,false,governance.selection=pressure_max_under_constraints;seed=continuation
-0.15,independent_oracle,3c5f6b3c9bd535cff7657364dadb2efc31f2ea48,41.0,1,2.565625,350.578414,21.608492,0.0,2,true,true,fine_grid,false,governance.selection=pressure_max_under_constraints;seed=continuation
-0.15,independent_oracle,3c5f6b3c9bd535cff7657364dadb2efc31f2ea48,41.0,1,2.571875,350.821906,21.610013,0.0,2,true,true,fine_grid,false,governance.selection=pressure_max_under_constraints;seed=continuation
-0.15,independent_oracle,3c5f6b3c9bd535cff7657364dadb2efc31f2ea48,41.0,1,2.578125,351.065727,21.61154,0.0,2,true,true,fine_grid,false,governance.selection=pressure_max_under_constraints;seed=continuation
-0.15,independent_oracle,3c5f6b3c9bd535cff7657364dadb2efc31f2ea48,41.0,1,2.584375,351.309863,21.613073,0.0,2,true,true,fine_grid,false,governance.selection=pressure_max_under_constraints;seed=continuation
-0.15,independent_oracle,3c5f6b3c9bd535cff7657364dadb2efc31f2ea48,41.0,1,2.590625,351.554295,21.614612,0.0,2,true,true,fine_grid,false,governance.selection=pressure_max_under_constraints;seed=continuation
-0.15,independent_oracle,3c5f6b3c9bd535cff7657364dadb2efc31f2ea48,41.0,1,2.596875,351.799007,21.616156,0.0,2,true,true,fine_grid,false,governance.selection=pressure_max_under_constraints;seed=continuation
-0.15,independent_oracle,3c5f6b3c9bd535cff7657364dadb2efc31f2ea48,41.0,1,2.603125,352.043985,21.617705,0.0,2,true,true,fine_grid,false,governance.selection=pressure_max_under_constraints;seed=continuation
-0.15,independent_oracle,3c5f6b3c9bd535cff7657364dadb2efc31f2ea48,41.0,1,2.609375,352.289212,21.61926,0.0,2,true,true,fine_grid,false,governance.selection=pressure_max_under_constraints;seed=continuation
-0.15,independent_oracle,3c5f6b3c9bd535cff7657364dadb2efc31f2ea48,41.0,1,2.615625,352.534674,21.62082,0.0,2,true,true,fine_grid,false,governance.selection=pressure_max_under_constraints;seed=continuation
-0.15,independent_oracle,3c5f6b3c9bd535cff7657364dadb2efc31f2ea48,41.0,1,2.621875,352.780356,21.622385,0.0,2,true,true,fine_grid,false,governance.selection=pressure_max_under_constraints;seed=continuation
-0.15,independent_oracle,3c5f6b3c9bd535cff7657364dadb2efc31f2ea48,41.0,1,2.628125,353.026245,21.623955,0.0,2,true,true,fine_grid,false,governance.selection=pressure_max_under_constraints;seed=continuation
-0.15,independent_oracle,3c5f6b3c9bd535cff7657364dadb2efc31f2ea48,41.0,1,2.634375,353.272326,21.62553,0.0,2,true,true,fine_grid,false,governance.selection=pressure_max_under_constraints;seed=continuation
-0.15,independent_oracle,3c5f6b3c9bd535cff7657364dadb2efc31f2ea48,41.0,1,2.640625,353.518587,21.62711,0.0,2,true,true,fine_grid,false,governance.selection=pressure_max_under_constraints;seed=continuation
-0.15,independent_oracle,3c5f6b3c9bd535cff7657364dadb2efc31f2ea48,41.0,1,2.646875,353.765016,21.628694,0.0,2,true,true,fine_grid,false,governance.selection=pressure_max_under_constraints;seed=continuation
-0.15,independent_oracle,3c5f6b3c9bd535cff7657364dadb2efc31f2ea48,41.0,1,2.653125,354.011598,21.630284,0.0,2,true,true,fine_grid,false,governance.selection=pressure_max_under_constraints;seed=continuation
-0.15,independent_oracle,3c5f6b3c9bd535cff7657364dadb2efc31f2ea48,41.0,1,2.659375,354.258323,21.631878,0.0,2,true,true,fine_grid,false,governance.selection=pressure_max_under_constraints;seed=continuation
-0.15,independent_oracle,3c5f6b3c9bd535cff7657364dadb2efc31f2ea48,41.0,1,2.665625,354.505179,21.633477,0.0,2,true,true,fine_grid,false,governance.selection=pressure_max_under_constraints;seed=continuation
-0.15,independent_oracle,3c5f6b3c9bd535cff7657364dadb2efc31f2ea48,41.0,1,2.671875,354.752155,21.63508,0.0,2,true,true,fine_grid,false,governance.selection=pressure_max_under_constraints;seed=continuation
-0.15,independent_oracle,3c5f6b3c9bd535cff7657364dadb2efc31f2ea48,41.0,1,2.678125,354.999239,21.636688,0.0,2,true,true,fine_grid,false,governance.selection=pressure_max_under_constraints;seed=continuation
-0.15,independent_oracle,3c5f6b3c9bd535cff7657364dadb2efc31f2ea48,41.0,1,2.684375,355.24642,21.6383,0.0,2,true,true,fine_grid,false,governance.selection=pressure_max_under_constraints;seed=continuation
-0.15,independent_oracle,3c5f6b3c9bd535cff7657364dadb2efc31f2ea48,41.0,1,2.690625,355.493689,21.639917,0.0,2,true,true,fine_grid,false,governance.selection=pressure_max_under_constraints;seed=continuation
-0.15,independent_oracle,3c5f6b3c9bd535cff7657364dadb2efc31f2ea48,41.0,1,2.696875,355.741035,21.641537,0.0,2,true,true,fine_grid,false,governance.selection=pressure_max_under_constraints;seed=continuation
-0.15,independent_oracle,3c5f6b3c9bd535cff7657364dadb2efc31f2ea48,41.0,1,2.703125,355.988449,21.643162,0.0,2,true,true,fine_grid,false,governance.selection=pressure_max_under_constraints;seed=continuation
-0.15,independent_oracle,3c5f6b3c9bd535cff7657364dadb2efc31f2ea48,41.0,1,2.709375,356.23592,21.644791,0.0,2,true,true,fine_grid,false,governance.selection=pressure_max_under_constraints;seed=continuation
-0.15,independent_oracle,3c5f6b3c9bd535cff7657364dadb2efc31f2ea48,41.0,1,2.715625,356.483441,21.646425,0.0,2,true,true,fine_grid,false,governance.selection=pressure_max_under_constraints;seed=continuation
-0.15,independent_oracle,3c5f6b3c9bd535cff7657364dadb2efc31f2ea48,41.0,1,2.721875,356.731001,21.648062,0.0,2,true,true,fine_grid,false,governance.selection=pressure_max_under_constraints;seed=continuation
-0.15,independent_oracle,3c5f6b3c9bd535cff7657364dadb2efc31f2ea48,41.0,1,2.728125,356.978592,21.649703,0.0,2,true,true,fine_grid,false,governance.selection=pressure_max_under_constraints;seed=continuation
-0.15,independent_oracle,3c5f6b3c9bd535cff7657364dadb2efc31f2ea48,41.0,1,2.734375,357.226207,21.651348,0.0,2,true,true,fine_grid,false,governance.selection=pressure_max_under_constraints;seed=continuation
-0.15,independent_oracle,3c5f6b3c9bd535cff7657364dadb2efc31f2ea48,41.0,1,2.740625,357.473835,21.652997,0.0,2,true,true,fine_grid,false,governance.selection=pressure_max_under_constraints;seed=continuation
-0.15,independent_oracle,3c5f6b3c9bd535cff7657364dadb2efc31f2ea48,41.0,1,2.746875,357.721471,21.65465,0.0,2,true,true,fine_grid,false,governance.selection=pressure_max_under_constraints;seed=continuation
-0.15,independent_oracle,3c5f6b3c9bd535cff7657364dadb2efc31f2ea48,41.0,1,2.753125,357.969105,21.656306,0.0,2,true,true,fine_grid,false,governance.selection=pressure_max_under_constraints;seed=continuation
-0.15,independent_oracle,3c5f6b3c9bd535cff7657364dadb2efc31f2ea48,41.0,1,2.759375,358.216731,21.657967,0.0,2,true,true,fine_grid,false,governance.selection=pressure_max_under_constraints;seed=continuation
-0.15,independent_oracle,3c5f6b3c9bd535cff7657364dadb2efc31f2ea48,41.0,1,2.765625,358.464341,21.65963,0.0,2,true,true,fine_grid,false,governance.selection=pressure_max_under_constraints;seed=continuation
-0.15,independent_oracle,3c5f6b3c9bd535cff7657364dadb2efc31f2ea48,41.0,1,2.771875,358.711929,21.661298,0.0,2,true,true,fine_grid,false,governance.selection=pressure_max_under_constraints;seed=continuation
-0.15,independent_oracle,3c5f6b3c9bd535cff7657364dadb2efc31f2ea48,41.0,1,2.778125,358.959486,21.662969,0.0,2,true,true,fine_grid,false,governance.selection=pressure_max_under_constraints;seed=continuation
-0.15,independent_oracle,3c5f6b3c9bd535cff7657364dadb2efc31f2ea48,41.0,1,2.784375,359.207008,21.664644,0.0,2,true,true,fine_grid,false,governance.selection=pressure_max_under_constraints;seed=continuation
-0.15,independent_oracle,3c5f6b3c9bd535cff7657364dadb2efc31f2ea48,41.0,1,2.790625,359.454487,21.666322,0.0,2,true,true,fine_grid,false,governance.selection=pressure_max_under_constraints;seed=continuation
-0.15,independent_oracle,3c5f6b3c9bd535cff7657364dadb2efc31f2ea48,41.0,1,2.796875,359.701916,21.668003,0.0,2,true,true,fine_grid,false,governance.selection=pressure_max_under_constraints;seed=continuation
-0.15,independent_oracle,3c5f6b3c9bd535cff7657364dadb2efc31f2ea48,41.0,1,2.803125,359.949291,21.669688,0.0,2,true,true,fine_grid,false,governance.selection=pressure_max_under_constraints;seed=continuation
-0.15,independent_oracle,3c5f6b3c9bd535cff7657364dadb2efc31f2ea48,41.0,1,2.809375,360.196605,21.671376,0.0,2,true,true,fine_grid,false,governance.selection=pressure_max_under_constraints;seed=continuation
-0.15,independent_oracle,3c5f6b3c9bd535cff7657364dadb2efc31f2ea48,41.0,1,2.815625,360.443853,21.673068,0.0,2,true,true,fine_grid,false,governance.selection=pressure_max_under_constraints;seed=continuation
-0.15,independent_oracle,3c5f6b3c9bd535cff7657364dadb2efc31f2ea48,41.0,1,2.821875,360.691028,21.674763,0.0,2,true,true,fine_grid,false,governance.selection=pressure_max_under_constraints;seed=continuation
-0.15,independent_oracle,3c5f6b3c9bd535cff7657364dadb2efc31f2ea48,41.0,1,2.828125,360.938126,21.676461,0.0,2,true,true,fine_grid,false,governance.selection=pressure_max_under_constraints;seed=continuation
-0.15,independent_oracle,3c5f6b3c9bd535cff7657364dadb2efc31f2ea48,41.0,1,2.834375,361.185141,21.678162,0.0,2,true,true,fine_grid,false,governance.selection=pressure_max_under_constraints;seed=continuation
-0.15,independent_oracle,3c5f6b3c9bd535cff7657364dadb2efc31f2ea48,41.0,1,2.840625,361.432069,21.679866,0.0,2,true,true,fine_grid,false,governance.selection=pressure_max_under_constraints;seed=continuation
-0.15,independent_oracle,3c5f6b3c9bd535cff7657364dadb2efc31f2ea48,41.0,1,2.846875,361.678903,21.681574,0.0,2,true,true,fine_grid,false,governance.selection=pressure_max_under_constraints;seed=continuation
-0.15,independent_oracle,3c5f6b3c9bd535cff7657364dadb2efc31f2ea48,41.0,1,2.853125,361.925641,21.683284,0.0,2,true,true,fine_grid,false,governance.selection=pressure_max_under_constraints;seed=continuation
-0.15,independent_oracle,3c5f6b3c9bd535cff7657364dadb2efc31f2ea48,41.0,1,2.859375,362.172276,21.684998,0.0,2,true,true,fine_grid,false,governance.selection=pressure_max_under_constraints;seed=continuation
-0.15,independent_oracle,3c5f6b3c9bd535cff7657364dadb2efc31f2ea48,41.0,1,2.865625,362.418805,21.686714,0.0,2,true,true,fine_grid,false,governance.selection=pressure_max_under_constraints;seed=continuation
-0.15,independent_oracle,3c5f6b3c9bd535cff7657364dadb2efc31f2ea48,41.0,1,2.871875,362.665223,21.688434,0.0,2,true,true,fine_grid,false,governance.selection=pressure_max_under_constraints;seed=continuation
-0.15,independent_oracle,3c5f6b3c9bd535cff7657364dadb2efc31f2ea48,41.0,1,2.878125,362.911526,21.690156,0.0,2,true,true,fine_grid,false,governance.selection=pressure_max_under_constraints;seed=continuation
-0.15,independent_oracle,3c5f6b3c9bd535cff7657364dadb2efc31f2ea48,41.0,1,2.884375,363.15771,21.691882,0.0,2,true,true,fine_grid,false,governance.selection=pressure_max_under_constraints;seed=continuation
-0.15,independent_oracle,3c5f6b3c9bd535cff7657364dadb2efc31f2ea48,41.0,1,2.890625,363.403771,21.69361,0.0,2,true,true,fine_grid,false,governance.selection=pressure_max_under_constraints;seed=continuation
-0.15,independent_oracle,3c5f6b3c9bd535cff7657364dadb2efc31f2ea48,41.0,1,2.896875,363.649704,21.695341,0.0,2,true,true,fine_grid,false,governance.selection=pressure_max_under_constraints;seed=continuation
-0.15,independent_oracle,3c5f6b3c9bd535cff7657364dadb2efc31f2ea48,41.0,1,2.903125,363.895507,21.697075,0.0,2,true,true,fine_grid,false,governance.selection=pressure_max_under_constraints;seed=continuation
-0.15,independent_oracle,3c5f6b3c9bd535cff7657364dadb2efc31f2ea48,41.0,1,2.909375,364.141176,21.698812,0.0,2,true,true,fine_grid,false,governance.selection=pressure_max_under_constraints;seed=continuation
-0.15,independent_oracle,3c5f6b3c9bd535cff7657364dadb2efc31f2ea48,41.0,1,2.915625,364.386707,21.700552,0.0,2,true,true,fine_grid,false,governance.selection=pressure_max_under_constraints;seed=continuation
-0.15,independent_oracle,3c5f6b3c9bd535cff7657364dadb2efc31f2ea48,41.0,1,2.921875,364.632096,21.702294,0.0,2,true,true,fine_grid,false,governance.selection=pressure_max_under_constraints;seed=continuation
-0.15,independent_oracle,3c5f6b3c9bd535cff7657364dadb2efc31f2ea48,41.0,1,2.928125,364.877341,21.704039,0.0,2,true,true,fine_grid,false,governance.selection=pressure_max_under_constraints;seed=continuation
-0.15,independent_oracle,3c5f6b3c9bd535cff7657364dadb2efc31f2ea48,41.0,1,2.934375,365.122439,21.705786,0.0,2,true,true,fine_grid,false,governance.selection=pressure_max_under_constraints;seed=continuation
-0.15,independent_oracle,3c5f6b3c9bd535cff7657364dadb2efc31f2ea48,41.0,1,2.940625,365.367385,21.707537,0.0,2,true,true,fine_grid,false,governance.selection=pressure_max_under_constraints;seed=continuation
-0.15,independent_oracle,3c5f6b3c9bd535cff7657364dadb2efc31f2ea48,41.0,1,2.946875,365.612178,21.709289,0.0,2,true,true,fine_grid,false,governance.selection=pressure_max_under_constraints;seed=continuation
-0.15,independent_oracle,3c5f6b3c9bd535cff7657364dadb2efc31f2ea48,41.0,1,2.953125,365.856814,21.711045,0.0,2,true,true,fine_grid,false,governance.selection=pressure_max_under_constraints;seed=continuation
-0.15,independent_oracle,3c5f6b3c9bd535cff7657364dadb2efc31f2ea48,41.0,1,2.959375,366.10129,21.712803,0.0,2,true,true,fine_grid,false,governance.selection=pressure_max_under_constraints;seed=continuation
-0.15,independent_oracle,3c5f6b3c9bd535cff7657364dadb2efc31f2ea48,41.0,1,2.965625,366.345604,21.714564,0.0,2,true,true,fine_grid,false,governance.selection=pressure_max_under_constraints;seed=continuation
-0.15,independent_oracle,3c5f6b3c9bd535cff7657364dadb2efc31f2ea48,41.0,1,2.971875,366.589753,21.716327,0.0,2,true,true,fine_grid,false,governance.selection=pressure_max_under_constraints;seed=continuation
-0.15,independent_oracle,3c5f6b3c9bd535cff7657364dadb2efc31f2ea48,41.0,1,2.978125,366.833734,21.718092,0.0,2,true,true,fine_grid,false,governance.selection=pressure_max_under_constraints;seed=continuation
-0.15,independent_oracle,3c5f6b3c9bd535cff7657364dadb2efc31f2ea48,41.0,1,2.984375,367.077545,21.71986,0.0,2,true,true,fine_grid,false,governance.selection=pressure_max_under_constraints;seed=continuation
-0.15,independent_oracle,3c5f6b3c9bd535cff7657364dadb2efc31f2ea48,41.0,1,2.990625,367.321184,21.721631,0.0,2,true,true,fine_grid,false,governance.selection=pressure_max_under_constraints;seed=continuation
-0.15,independent_oracle,3c5f6b3c9bd535cff7657364dadb2efc31f2ea48,41.0,1,2.996875,367.564648,21.723404,0.0,2,true,true,fine_grid,false,governance.selection=pressure_max_under_constraints;seed=continuation
-0.15,independent_oracle,3c5f6b3c9bd535cff7657364dadb2efc31f2ea48,41.0,1,3.003125,367.807935,21.725179,0.0,2,true,true,fine_grid,false,governance.selection=pressure_max_under_constraints;seed=continuation
-0.15,independent_oracle,3c5f6b3c9bd535cff7657364dadb2efc31f2ea48,41.0,1,3.009375,368.051043,21.726957,0.0,2,true,true,fine_grid,false,governance.selection=pressure_max_under_constraints;seed=continuation
-0.15,independent_oracle,3c5f6b3c9bd535cff7657364dadb2efc31f2ea48,41.0,1,3.015625,368.293969,21.728737,0.0,2,true,true,fine_grid,false,governance.selection=pressure_max_under_constraints;seed=continuation
-0.15,independent_oracle,3c5f6b3c9bd535cff7657364dadb2efc31f2ea48,41.0,1,3.021875,368.536711,21.73052,0.0,2,true,true,fine_grid,false,governance.selection=pressure_max_under_constraints;seed=continuation
-0.15,independent_oracle,3c5f6b3c9bd535cff7657364dadb2efc31f2ea48,41.0,1,3.028125,368.779268,21.732305,0.0,2,true,true,fine_grid,false,governance.selection=pressure_max_under_constraints;seed=continuation
-0.15,independent_oracle,3c5f6b3c9bd535cff7657364dadb2efc31f2ea48,41.0,1,3.034375,369.021638,21.734092,0.0,2,true,true,fine_grid,false,governance.selection=pressure_max_under_constraints;seed=continuation
-0.15,independent_oracle,3c5f6b3c9bd535cff7657364dadb2efc31f2ea48,41.0,1,3.040625,369.263819,21.735881,0.0,2,true,true,fine_grid,false,governance.selection=pressure_max_under_constraints;seed=continuation
-0.15,independent_oracle,3c5f6b3c9bd535cff7657364dadb2efc31f2ea48,41.0,1,3.046875,369.505808,21.737673,0.0,2,true,true,fine_grid,false,governance.selection=pressure_max_under_constraints;seed=continuation
-0.15,independent_oracle,3c5f6b3c9bd535cff7657364dadb2efc31f2ea48,41.0,1,3.053125,369.747604,21.739467,0.0,2,true,true,fine_grid,false,governance.selection=pressure_max_under_constraints;seed=continuation
-0.15,independent_oracle,3c5f6b3c9bd535cff7657364dadb2efc31f2ea48,41.0,1,3.059375,369.989206,21.741263,0.0,2,true,true,fine_grid,false,governance.selection=pressure_max_under_constraints;seed=continuation
-0.15,independent_oracle,3c5f6b3c9bd535cff7657364dadb2efc31f2ea48,41.0,1,3.065625,370.230612,21.743061,0.0,2,true,true,fine_grid,false,governance.selection=pressure_max_under_constraints;seed=continuation
-0.15,independent_oracle,3c5f6b3c9bd535cff7657364dadb2efc31f2ea48,41.0,1,3.071875,370.47182,21.744862,0.0,2,true,true,fine_grid,false,governance.selection=pressure_max_under_constraints;seed=continuation
-0.15,independent_oracle,3c5f6b3c9bd535cff7657364dadb2efc31f2ea48,41.0,1,3.078125,370.712829,21.746665,0.0,2,true,true,fine_grid,false,governance.selection=pressure_max_under_constraints;seed=continuation
-0.15,independent_oracle,3c5f6b3c9bd535cff7657364dadb2efc31f2ea48,41.0,1,3.084375,370.953637,21.74847,0.0,2,true,true,fine_grid,false,governance.selection=pressure_max_under_constraints;seed=continuation
-0.15,independent_oracle,3c5f6b3c9bd535cff7657364dadb2efc31f2ea48,41.0,1,3.090625,371.194243,21.750277,0.0,2,true,true,fine_grid,false,governance.selection=pressure_max_under_constraints;seed=continuation
-0.15,independent_oracle,3c5f6b3c9bd535cff7657364dadb2efc31f2ea48,41.0,1,3.096875,371.434645,21.752086,0.0,2,true,true,fine_grid,false,governance.selection=pressure_max_under_constraints;seed=continuation
-0.15,independent_oracle,3c5f6b3c9bd535cff7657364dadb2efc31f2ea48,41.0,1,3.103125,371.674842,21.753897,0.0,2,true,true,fine_grid,false,governance.selection=pressure_max_under_constraints;seed=continuation
-0.15,independent_oracle,3c5f6b3c9bd535cff7657364dadb2efc31f2ea48,41.0,1,3.109375,371.914833,21.75571,0.0,2,true,true,fine_grid,false,governance.selection=pressure_max_under_constraints;seed=continuation
-0.15,independent_oracle,3c5f6b3c9bd535cff7657364dadb2efc31f2ea48,41.0,1,3.115625,372.154616,21.757526,0.0,2,true,true,fine_grid,false,governance.selection=pressure_max_under_constraints;seed=continuation
-0.15,independent_oracle,3c5f6b3c9bd535cff7657364dadb2efc31f2ea48,41.0,1,3.121875,372.394191,21.759343,0.0,2,true,true,fine_grid,false,governance.selection=pressure_max_under_constraints;seed=continuation
-0.15,independent_oracle,3c5f6b3c9bd535cff7657364dadb2efc31f2ea48,41.0,1,3.128125,372.633556,21.761163,0.0,2,true,true,fine_grid,false,governance.selection=pressure_max_under_constraints;seed=continuation
-0.15,independent_oracle,3c5f6b3c9bd535cff7657364dadb2efc31f2ea48,41.0,1,3.134375,372.87271,21.762984,0.0,2,true,true,fine_grid,false,governance.selection=pressure_max_under_constraints;seed=continuation
-0.15,independent_oracle,3c5f6b3c9bd535cff7657364dadb2efc31f2ea48,41.0,1,3.140625,373.111652,21.764808,0.0,2,true,true,fine_grid,false,governance.selection=pressure_max_under_constraints;seed=continuation
-0.15,independent_oracle,3c5f6b3c9bd535cff7657364dadb2efc31f2ea48,41.0,1,3.146875,373.350381,21.766634,0.0,2,true,true,fine_grid,false,governance.selection=pressure_max_under_constraints;seed=continuation
-0.15,independent_oracle,3c5f6b3c9bd535cff7657364dadb2efc31f2ea48,41.0,1,3.153125,373.588896,21.768461,0.0,2,true,true,fine_grid,false,governance.selection=pressure_max_under_constraints;seed=continuation
-0.15,independent_oracle,3c5f6b3c9bd535cff7657364dadb2efc31f2ea48,41.0,1,3.159375,373.827195,21.770291,0.0,2,true,true,fine_grid,false,governance.selection=pressure_max_under_constraints;seed=continuation
-0.15,independent_oracle,3c5f6b3c9bd535cff7657364dadb2efc31f2ea48,41.0,1,3.165625,374.065279,21.772122,0.0,2,true,true,fine_grid,false,governance.selection=pressure_max_under_constraints;seed=continuation
-0.15,independent_oracle,3c5f6b3c9bd535cff7657364dadb2efc31f2ea48,41.0,1,3.171875,374.303146,21.773956,0.0,2,true,true,fine_grid,false,governance.selection=pressure_max_under_constraints;seed=continuation
-0.15,independent_oracle,3c5f6b3c9bd535cff7657364dadb2efc31f2ea48,41.0,1,3.178125,374.540795,21.775791,0.0,2,true,true,fine_grid,false,governance.selection=pressure_max_under_constraints;seed=continuation
-0.15,independent_oracle,3c5f6b3c9bd535cff7657364dadb2efc31f2ea48,41.0,1,3.184375,374.778225,21.777629,0.0,2,true,true,fine_grid,false,governance.selection=pressure_max_under_constraints;seed=continuation
-0.15,independent_oracle,3c5f6b3c9bd535cff7657364dadb2efc31f2ea48,41.0,1,3.190625,375.015436,21.779468,0.0,2,true,true,fine_grid,false,governance.selection=pressure_max_under_constraints;seed=continuation
-0.15,independent_oracle,3c5f6b3c9bd535cff7657364dadb2efc31f2ea48,41.0,1,3.196875,375.252427,21.781309,0.0,2,true,true,fine_grid,false,governance.selection=pressure_max_under_constraints;seed=continuation
-0.15,independent_oracle,3c5f6b3c9bd535cff7657364dadb2efc31f2ea48,41.0,1,3.203125,375.489197,21.783152,0.0,2,true,true,fine_grid,false,governance.selection=pressure_max_under_constraints;seed=continuation
-0.15,independent_oracle,3c5f6b3c9bd535cff7657364dadb2efc31f2ea48,41.0,1,3.209375,375.725746,21.784997,0.0,2,true,true,fine_grid,false,governance.selection=pressure_max_under_constraints;seed=continuation
-0.15,independent_oracle,3c5f6b3c9bd535cff7657364dadb2efc31f2ea48,41.0,1,3.215625,375.962072,21.786844,0.0,2,true,true,fine_grid,false,governance.selection=pressure_max_under_constraints;seed=continuation
-0.15,independent_oracle,3c5f6b3c9bd535cff7657364dadb2efc31f2ea48,41.0,1,3.221875,376.198175,21.788692,0.0,2,true,true,fine_grid,false,governance.selection=pressure_max_under_constraints;seed=continuation
-0.15,independent_oracle,3c5f6b3c9bd535cff7657364dadb2efc31f2ea48,41.0,1,3.228125,376.434055,21.790543,0.0,2,true,true,fine_grid,false,governance.selection=pressure_max_under_constraints;seed=continuation
-0.15,independent_oracle,3c5f6b3c9bd535cff7657364dadb2efc31f2ea48,41.0,1,3.234375,376.66971,21.792395,0.0,2,true,true,fine_grid,false,governance.selection=pressure_max_under_constraints;seed=continuation
-0.15,independent_oracle,3c5f6b3c9bd535cff7657364dadb2efc31f2ea48,41.0,1,3.240625,376.905141,21.794249,0.0,2,true,true,fine_grid,false,governance.selection=pressure_max_under_constraints;seed=continuation
-0.15,independent_oracle,3c5f6b3c9bd535cff7657364dadb2efc31f2ea48,41.0,1,3.246875,377.140346,21.796105,0.0,2,true,true,fine_grid,false,governance.selection=pressure_max_under_constraints;seed=continuation
-0.15,independent_oracle,3c5f6b3c9bd535cff7657364dadb2efc31f2ea48,41.0,1,3.253125,377.375326,21.797963,0.0,2,true,true,fine_grid,false,governance.selection=pressure_max_under_constraints;seed=continuation
-0.15,independent_oracle,3c5f6b3c9bd535cff7657364dadb2efc31f2ea48,41.0,1,3.259375,377.610079,21.799822,0.0,2,true,true,fine_grid,false,governance.selection=pressure_max_under_constraints;seed=continuation
-0.15,independent_oracle,3c5f6b3c9bd535cff7657364dadb2efc31f2ea48,41.0,1,3.265625,377.844606,21.801683,0.0,2,true,true,fine_grid,false,governance.selection=pressure_max_under_constraints;seed=continuation
-0.15,independent_oracle,3c5f6b3c9bd535cff7657364dadb2efc31f2ea48,41.0,1,3.271875,378.078905,21.803546,0.0,2,true,true,fine_grid,false,governance.selection=pressure_max_under_constraints;seed=continuation
-0.15,independent_oracle,3c5f6b3c9bd535cff7657364dadb2efc31f2ea48,41.0,1,3.278125,378.312977,21.805411,0.0,2,true,true,fine_grid,false,governance.selection=pressure_max_under_constraints;seed=continuation
-0.15,independent_oracle,3c5f6b3c9bd535cff7657364dadb2efc31f2ea48,41.0,1,3.284375,378.546821,21.807277,0.0,2,true,true,fine_grid,false,governance.selection=pressure_max_under_constraints;seed=continuation
-0.15,independent_oracle,3c5f6b3c9bd535cff7657364dadb2efc31f2ea48,41.0,1,3.290625,378.780436,21.809146,0.0,2,true,true,fine_grid,false,governance.selection=pressure_max_under_constraints;seed=continuation
-0.15,independent_oracle,3c5f6b3c9bd535cff7657364dadb2efc31f2ea48,41.0,1,3.296875,379.013822,21.811016,0.0,2,true,true,fine_grid,false,governance.selection=pressure_max_under_constraints;seed=continuation
-0.15,independent_oracle,3c5f6b3c9bd535cff7657364dadb2efc31f2ea48,41.0,1,3.303125,379.246979,21.812887,0.0,2,true,true,fine_grid,false,governance.selection=pressure_max_under_constraints;seed=continuation
-0.15,independent_oracle,3c5f6b3c9bd535cff7657364dadb2efc31f2ea48,41.0,1,3.309375,379.479906,21.81476,0.0,2,true,true,fine_grid,false,governance.selection=pressure_max_under_constraints;seed=continuation
-0.15,independent_oracle,3c5f6b3c9bd535cff7657364dadb2efc31f2ea48,41.0,1,3.315625,379.712604,21.816635,0.0,2,true,true,fine_grid,false,governance.selection=pressure_max_under_constraints;seed=continuation
-0.15,independent_oracle,3c5f6b3c9bd535cff7657364dadb2efc31f2ea48,41.0,1,3.321875,379.945072,21.818512,0.0,2,true,true,fine_grid,false,governance.selection=pressure_max_under_constraints;seed=continuation
-0.15,independent_oracle,3c5f6b3c9bd535cff7657364dadb2efc31f2ea48,41.0,1,3.328125,380.177309,21.820391,0.0,2,true,true,fine_grid,false,governance.selection=pressure_max_under_constraints;seed=continuation
-0.15,independent_oracle,3c5f6b3c9bd535cff7657364dadb2efc31f2ea48,41.0,1,3.334375,380.409315,21.822271,0.0,2,true,true,fine_grid,false,governance.selection=pressure_max_under_constraints;seed=continuation
-0.15,independent_oracle,3c5f6b3c9bd535cff7657364dadb2efc31f2ea48,41.0,1,3.340625,380.641091,21.824152,0.0,2,true,true,fine_grid,false,governance.selection=pressure_max_under_constraints;seed=continuation
-0.15,independent_oracle,3c5f6b3c9bd535cff7657364dadb2efc31f2ea48,41.0,1,3.346875,380.872635,21.826036,0.0,2,true,true,fine_grid,false,governance.selection=pressure_max_under_constraints;seed=continuation
-0.15,independent_oracle,3c5f6b3c9bd535cff7657364dadb2efc31f2ea48,41.0,1,3.353125,381.103948,21.82792,0.0,2,true,true,fine_grid,false,governance.selection=pressure_max_under_constraints;seed=continuation
-0.15,independent_oracle,3c5f6b3c9bd535cff7657364dadb2efc31f2ea48,41.0,1,3.359375,381.33503,21.829807,0.0,2,true,true,fine_grid,false,governance.selection=pressure_max_under_constraints;seed=continuation
-0.15,independent_oracle,3c5f6b3c9bd535cff7657364dadb2efc31f2ea48,41.0,1,3.365625,381.56588,21.831695,0.0,2,true,true,fine_grid,false,governance.selection=pressure_max_under_constraints;seed=continuation
-0.15,independent_oracle,3c5f6b3c9bd535cff7657364dadb2efc31f2ea48,41.0,1,3.371875,381.796498,21.833585,0.0,2,true,true,fine_grid,false,governance.selection=pressure_max_under_constraints;seed=continuation
-0.15,independent_oracle,3c5f6b3c9bd535cff7657364dadb2efc31f2ea48,41.0,1,3.378125,382.026883,21.835476,0.0,2,true,true,fine_grid,false,governance.selection=pressure_max_under_constraints;seed=continuation
-0.15,independent_oracle,3c5f6b3c9bd535cff7657364dadb2efc31f2ea48,41.0,1,3.384375,382.257037,21.837369,0.0,2,true,true,fine_grid,false,governance.selection=pressure_max_under_constraints;seed=continuation
-0.15,independent_oracle,3c5f6b3c9bd535cff7657364dadb2efc31f2ea48,41.0,1,3.390625,382.486958,21.839264,0.0,2,true,true,fine_grid,false,governance.selection=pressure_max_under_constraints;seed=continuation
-0.15,independent_oracle,3c5f6b3c9bd535cff7657364dadb2efc31f2ea48,41.0,1,3.396875,382.716647,21.84116,0.0,2,true,true,fine_grid,false,governance.selection=pressure_max_under_constraints;seed=continuation
-0.15,independent_oracle,3c5f6b3c9bd535cff7657364dadb2efc31f2ea48,41.0,1,3.403125,382.946104,21.843058,0.0,2,true,true,fine_grid,false,governance.selection=pressure_max_under_constraints;seed=continuation
-0.15,independent_oracle,3c5f6b3c9bd535cff7657364dadb2efc31f2ea48,41.0,1,3.409375,383.175327,21.844957,0.0,2,true,true,fine_grid,false,governance.selection=pressure_max_under_constraints;seed=continuation
-0.15,independent_oracle,3c5f6b3c9bd535cff7657364dadb2efc31f2ea48,41.0,1,3.415625,383.404319,21.846858,0.0,2,true,true,fine_grid,false,governance.selection=pressure_max_under_constraints;seed=continuation
-0.15,independent_oracle,3c5f6b3c9bd535cff7657364dadb2efc31f2ea48,41.0,1,3.421875,383.633077,21.84876,0.0,2,true,true,fine_grid,false,governance.selection=pressure_max_under_constraints;seed=continuation
-0.15,independent_oracle,3c5f6b3c9bd535cff7657364dadb2efc31f2ea48,41.0,1,3.428125,383.861602,21.850664,0.0,2,true,true,fine_grid,false,governance.selection=pressure_max_under_constraints;seed=continuation
-0.15,independent_oracle,3c5f6b3c9bd535cff7657364dadb2efc31f2ea48,41.0,1,3.434375,384.089895,21.85257,0.0,2,true,true,fine_grid,false,governance.selection=pressure_max_under_constraints;seed=continuation
-0.15,independent_oracle,3c5f6b3c9bd535cff7657364dadb2efc31f2ea48,41.0,1,3.440625,384.317955,21.854477,0.0,2,true,true,fine_grid,false,governance.selection=pressure_max_under_constraints;seed=continuation
-0.15,independent_oracle,3c5f6b3c9bd535cff7657364dadb2efc31f2ea48,41.0,1,3.446875,384.545782,21.856385,0.0,2,true,true,fine_grid,false,governance.selection=pressure_max_under_constraints;seed=continuation
-0.15,independent_oracle,3c5f6b3c9bd535cff7657364dadb2efc31f2ea48,41.0,1,3.453125,384.773376,21.858295,0.0,2,true,true,fine_grid,false,governance.selection=pressure_max_under_constraints;seed=continuation
-0.15,independent_oracle,3c5f6b3c9bd535cff7657364dadb2efc31f2ea48,41.0,1,3.459375,385.000737,21.860207,0.0,2,true,true,fine_grid,false,governance.selection=pressure_max_under_constraints;seed=continuation
-0.15,independent_oracle,3c5f6b3c9bd535cff7657364dadb2efc31f2ea48,41.0,1,3.465625,385.227865,21.86212,0.0,2,true,true,fine_grid,false,governance.selection=pressure_max_under_constraints;seed=continuation
-0.15,independent_oracle,3c5f6b3c9bd535cff7657364dadb2efc31f2ea48,41.0,1,3.471875,385.45476,21.864034,0.0,2,true,true,fine_grid,false,governance.selection=pressure_max_under_constraints;seed=continuation
-0.15,independent_oracle,3c5f6b3c9bd535cff7657364dadb2efc31f2ea48,41.0,1,3.478125,385.681422,21.86595,0.0,2,true,true,fine_grid,false,governance.selection=pressure_max_under_constraints;seed=continuation
-0.15,independent_oracle,3c5f6b3c9bd535cff7657364dadb2efc31f2ea48,41.0,1,3.484375,385.907852,21.867868,0.0,2,true,true,fine_grid,false,governance.selection=pressure_max_under_constraints;seed=continuation
-0.15,independent_oracle,3c5f6b3c9bd535cff7657364dadb2efc31f2ea48,41.0,1,3.490625,386.134049,21.869787,0.0,2,true,true,fine_grid,false,governance.selection=pressure_max_under_constraints;seed=continuation
-0.15,independent_oracle,3c5f6b3c9bd535cff7657364dadb2efc31f2ea48,41.0,1,3.496875,386.360013,21.871707,0.0,2,true,true,fine_grid,false,governance.selection=pressure_max_under_constraints;seed=continuation
-0.15,independent_oracle,3c5f6b3c9bd535cff7657364dadb2efc31f2ea48,41.0,1,3.503125,386.585744,21.873629,0.0,2,true,true,fine_grid,false,governance.selection=pressure_max_under_constraints;seed=continuation
-0.15,independent_oracle,3c5f6b3c9bd535cff7657364dadb2efc31f2ea48,41.0,1,3.509375,386.811243,21.875552,0.0,2,true,true,fine_grid,false,governance.selection=pressure_max_under_constraints;seed=continuation
-0.15,independent_oracle,3c5f6b3c9bd535cff7657364dadb2efc31f2ea48,41.0,1,3.515625,387.036509,21.877477,0.0,2,true,true,fine_grid,false,governance.selection=pressure_max_under_constraints;seed=continuation
-0.15,independent_oracle,3c5f6b3c9bd535cff7657364dadb2efc31f2ea48,41.0,1,3.521875,387.261543,21.879403,0.0,2,true,true,fine_grid,false,governance.selection=pressure_max_under_constraints;seed=continuation
-0.15,independent_oracle,3c5f6b3c9bd535cff7657364dadb2efc31f2ea48,41.0,1,3.528125,387.486345,21.881331,0.0,2,true,true,fine_grid,false,governance.selection=pressure_max_under_constraints;seed=continuation
-0.15,independent_oracle,3c5f6b3c9bd535cff7657364dadb2efc31f2ea48,41.0,1,3.534375,387.710914,21.88326,0.0,2,true,true,fine_grid,false,governance.selection=pressure_max_under_constraints;seed=continuation
-0.15,independent_oracle,3c5f6b3c9bd535cff7657364dadb2efc31f2ea48,41.0,1,3.540625,387.935251,21.88519,0.0,2,true,true,fine_grid,false,governance.selection=pressure_max_under_constraints;seed=continuation
-0.15,independent_oracle,3c5f6b3c9bd535cff7657364dadb2efc31f2ea48,41.0,1,3.546875,388.159356,21.887122,0.0,2,true,true,fine_grid,false,governance.selection=pressure_max_under_constraints;seed=continuation
-0.15,independent_oracle,3c5f6b3c9bd535cff7657364dadb2efc31f2ea48,41.0,1,3.553125,388.38323,21.889055,0.0,2,true,true,fine_grid,false,governance.selection=pressure_max_under_constraints;seed=continuation
-0.15,independent_oracle,3c5f6b3c9bd535cff7657364dadb2efc31f2ea48,41.0,1,3.559375,388.606871,21.89099,0.0,2,true,true,fine_grid,false,governance.selection=pressure_max_under_constraints;seed=continuation
-0.15,independent_oracle,3c5f6b3c9bd535cff7657364dadb2efc31f2ea48,41.0,1,3.565625,388.830281,21.892926,0.0,2,true,true,fine_grid,false,governance.selection=pressure_max_under_constraints;seed=continuation
-0.15,independent_oracle,3c5f6b3c9bd535cff7657364dadb2efc31f2ea48,41.0,1,3.571875,389.053459,21.894863,0.0,2,true,true,fine_grid,false,governance.selection=pressure_max_under_constraints;seed=continuation
-0.15,independent_oracle,3c5f6b3c9bd535cff7657364dadb2efc31f2ea48,41.0,1,3.578125,389.276406,21.896802,0.0,2,true,true,fine_grid,false,governance.selection=pressure_max_under_constraints;seed=continuation
-0.15,independent_oracle,3c5f6b3c9bd535cff7657364dadb2efc31f2ea48,41.0,1,3.584375,389.499122,21.898742,0.0,2,true,true,fine_grid,false,governance.selection=pressure_max_under_constraints;seed=continuation
-0.15,independent_oracle,3c5f6b3c9bd535cff7657364dadb2efc31f2ea48,41.0,1,3.590625,389.721606,21.900684,0.0,2,true,true,fine_grid,false,governance.selection=pressure_max_under_constraints;seed=continuation
-0.15,independent_oracle,3c5f6b3c9bd535cff7657364dadb2efc31f2ea48,41.0,1,3.596875,389.94386,21.902627,0.0,2,true,true,fine_grid,false,governance.selection=pressure_max_under_constraints;seed=continuation
-0.15,independent_oracle,3c5f6b3c9bd535cff7657364dadb2efc31f2ea48,41.0,1,3.603125,390.165883,21.904571,0.0,2,true,true,fine_grid,false,governance.selection=pressure_max_under_constraints;seed=continuation
-0.15,independent_oracle,3c5f6b3c9bd535cff7657364dadb2efc31f2ea48,41.0,1,3.609375,390.387675,21.906516,0.0,2,true,true,fine_grid,false,governance.selection=pressure_max_under_constraints;seed=continuation
-0.15,independent_oracle,3c5f6b3c9bd535cff7657364dadb2efc31f2ea48,41.0,1,3.615625,390.609237,21.908463,0.0,2,true,true,fine_grid,false,governance.selection=pressure_max_under_constraints;seed=continuation
-0.15,independent_oracle,3c5f6b3c9bd535cff7657364dadb2efc31f2ea48,41.0,1,3.621875,390.830569,21.910412,0.0,2,true,true,fine_grid,false,governance.selection=pressure_max_under_constraints;seed=continuation
-0.15,independent_oracle,3c5f6b3c9bd535cff7657364dadb2efc31f2ea48,41.0,1,3.628125,391.051671,21.912361,0.0,2,true,true,fine_grid,false,governance.selection=pressure_max_under_constraints;seed=continuation
-0.15,independent_oracle,3c5f6b3c9bd535cff7657364dadb2efc31f2ea48,41.0,1,3.634375,391.272542,21.914312,0.0,2,true,true,fine_grid,false,governance.selection=pressure_max_under_constraints;seed=continuation
-0.15,independent_oracle,3c5f6b3c9bd535cff7657364dadb2efc31f2ea48,41.0,1,3.640625,391.493184,21.916265,0.0,2,true,true,fine_grid,false,governance.selection=pressure_max_under_constraints;seed=continuation
-0.15,independent_oracle,3c5f6b3c9bd535cff7657364dadb2efc31f2ea48,41.0,1,3.646875,391.713597,21.918218,0.0,2,true,true,fine_grid,false,governance.selection=pressure_max_under_constraints;seed=continuation
-0.15,independent_oracle,3c5f6b3c9bd535cff7657364dadb2efc31f2ea48,41.0,1,3.653125,391.93378,21.920173,0.0,2,true,true,fine_grid,false,governance.selection=pressure_max_under_constraints;seed=continuation
-0.15,independent_oracle,3c5f6b3c9bd535cff7657364dadb2efc31f2ea48,41.0,1,3.659375,392.153735,21.922129,0.0,2,true,true,fine_grid,false,governance.selection=pressure_max_under_constraints;seed=continuation
-0.15,independent_oracle,3c5f6b3c9bd535cff7657364dadb2efc31f2ea48,41.0,1,3.665625,392.37346,21.924087,0.0,2,true,true,fine_grid,false,governance.selection=pressure_max_under_constraints;seed=continuation
-0.15,independent_oracle,3c5f6b3c9bd535cff7657364dadb2efc31f2ea48,41.0,1,3.671875,392.592957,21.926046,0.0,2,true,true,fine_grid,false,governance.selection=pressure_max_under_constraints;seed=continuation
-0.15,independent_oracle,3c5f6b3c9bd535cff7657364dadb2efc31f2ea48,41.0,1,3.678125,392.812225,21.928006,0.0,2,true,true,fine_grid,false,governance.selection=pressure_max_under_constraints;seed=continuation
-0.15,independent_oracle,3c5f6b3c9bd535cff7657364dadb2efc31f2ea48,41.0,1,3.684375,393.031265,21.929967,0.0,2,true,true,fine_grid,false,governance.selection=pressure_max_under_constraints;seed=continuation
-0.15,independent_oracle,3c5f6b3c9bd535cff7657364dadb2efc31f2ea48,41.0,1,3.690625,393.250076,21.93193,0.0,2,true,true,fine_grid,false,governance.selection=pressure_max_under_constraints;seed=continuation
-0.15,independent_oracle,3c5f6b3c9bd535cff7657364dadb2efc31f2ea48,41.0,1,3.696875,393.468661,21.933894,0.0,2,true,true,fine_grid,false,governance.selection=pressure_max_under_constraints;seed=continuation
-0.15,independent_oracle,3c5f6b3c9bd535cff7657364dadb2efc31f2ea48,41.0,1,3.703125,393.687017,21.935859,0.0,2,true,true,fine_grid,false,governance.selection=pressure_max_under_constraints;seed=continuation
-0.15,independent_oracle,3c5f6b3c9bd535cff7657364dadb2efc31f2ea48,41.0,1,3.709375,393.905146,21.937826,0.0,2,true,true,fine_grid,false,governance.selection=pressure_max_under_constraints;seed=continuation
-0.15,independent_oracle,3c5f6b3c9bd535cff7657364dadb2efc31f2ea48,41.0,1,3.715625,394.123048,21.939794,0.0,2,true,true,fine_grid,false,governance.selection=pressure_max_under_constraints;seed=continuation
-0.15,independent_oracle,3c5f6b3c9bd535cff7657364dadb2efc31f2ea48,41.0,1,3.721875,394.340723,21.941763,0.0,2,true,true,fine_grid,false,governance.selection=pressure_max_under_constraints;seed=continuation
-0.15,independent_oracle,3c5f6b3c9bd535cff7657364dadb2efc31f2ea48,41.0,1,3.728125,394.558171,21.943733,0.0,2,true,true,fine_grid,false,governance.selection=pressure_max_under_constraints;seed=continuation
-0.15,independent_oracle,3c5f6b3c9bd535cff7657364dadb2efc31f2ea48,41.0,1,3.734375,394.775393,21.945705,0.0,2,true,true,fine_grid,false,governance.selection=pressure_max_under_constraints;seed=continuation
-0.15,independent_oracle,3c5f6b3c9bd535cff7657364dadb2efc31f2ea48,41.0,1,3.740625,394.992389,21.947677,0.0,2,true,true,fine_grid,false,governance.selection=pressure_max_under_constraints;seed=continuation
-0.15,independent_oracle,3c5f6b3c9bd535cff7657364dadb2efc31f2ea48,41.0,1,3.746875,395.209159,21.949652,0.0,2,true,true,fine_grid,false,governance.selection=pressure_max_under_constraints;seed=continuation
-0.15,independent_oracle,3c5f6b3c9bd535cff7657364dadb2efc31f2ea48,41.0,1,3.753125,395.425703,21.951627,0.0,2,true,true,fine_grid,false,governance.selection=pressure_max_under_constraints;seed=continuation
-0.15,independent_oracle,3c5f6b3c9bd535cff7657364dadb2efc31f2ea48,41.0,1,3.759375,395.642021,21.953603,0.0,2,true,true,fine_grid,false,governance.selection=pressure_max_under_constraints;seed=continuation
-0.15,independent_oracle,3c5f6b3c9bd535cff7657364dadb2efc31f2ea48,41.0,1,3.765625,395.858115,21.955581,0.0,2,true,true,fine_grid,false,governance.selection=pressure_max_under_constraints;seed=continuation
-0.15,independent_oracle,3c5f6b3c9bd535cff7657364dadb2efc31f2ea48,41.0,1,3.771875,396.073983,21.95756,0.0,2,true,true,fine_grid,false,governance.selection=pressure_max_under_constraints;seed=continuation
-0.15,independent_oracle,3c5f6b3c9bd535cff7657364dadb2efc31f2ea48,41.0,1,3.778125,396.289627,21.95954,0.0,2,true,true,fine_grid,false,governance.selection=pressure_max_under_constraints;seed=continuation
-0.15,independent_oracle,3c5f6b3c9bd535cff7657364dadb2efc31f2ea48,41.0,1,3.784375,396.505046,21.961522,0.0,2,true,true,fine_grid,false,governance.selection=pressure_max_under_constraints;seed=continuation
-0.15,independent_oracle,3c5f6b3c9bd535cff7657364dadb2efc31f2ea48,41.0,1,3.790625,396.720241,21.963504,0.0,2,true,true,fine_grid,false,governance.selection=pressure_max_under_constraints;seed=continuation
-0.15,independent_oracle,3c5f6b3c9bd535cff7657364dadb2efc31f2ea48,41.0,1,3.796875,396.935212,21.965488,0.0,2,true,true,fine_grid,false,governance.selection=pressure_max_under_constraints;seed=continuation
-0.15,independent_oracle,3c5f6b3c9bd535cff7657364dadb2efc31f2ea48,41.0,1,3.803125,397.149959,21.967473,0.0,2,true,true,fine_grid,false,governance.selection=pressure_max_under_constraints;seed=continuation
-0.15,independent_oracle,3c5f6b3c9bd535cff7657364dadb2efc31f2ea48,41.0,1,3.809375,397.364483,21.969459,0.0,2,true,true,fine_grid,false,governance.selection=pressure_max_under_constraints;seed=continuation
-0.15,independent_oracle,3c5f6b3c9bd535cff7657364dadb2efc31f2ea48,41.0,1,3.815625,397.578783,21.971447,0.0,2,true,true,fine_grid,false,governance.selection=pressure_max_under_constraints;seed=continuation
-0.15,independent_oracle,3c5f6b3c9bd535cff7657364dadb2efc31f2ea48,41.0,1,3.821875,397.792861,21.973435,0.0,2,true,true,fine_grid,false,governance.selection=pressure_max_under_constraints;seed=continuation
-0.15,independent_oracle,3c5f6b3c9bd535cff7657364dadb2efc31f2ea48,41.0,1,3.828125,398.006716,21.975425,0.0,2,true,true,fine_grid,false,governance.selection=pressure_max_under_constraints;seed=continuation
-0.15,independent_oracle,3c5f6b3c9bd535cff7657364dadb2efc31f2ea48,41.0,1,3.834375,398.220348,21.977416,0.0,2,true,true,fine_grid,false,governance.selection=pressure_max_under_constraints;seed=continuation
-0.15,independent_oracle,3c5f6b3c9bd535cff7657364dadb2efc31f2ea48,41.0,1,3.840625,398.433758,21.979408,0.0,2,true,true,fine_grid,false,governance.selection=pressure_max_under_constraints;seed=continuation
-0.15,independent_oracle,3c5f6b3c9bd535cff7657364dadb2efc31f2ea48,41.0,1,3.846875,398.646947,21.981402,0.0,2,true,true,fine_grid,false,governance.selection=pressure_max_under_constraints;seed=continuation
-0.15,independent_oracle,3c5f6b3c9bd535cff7657364dadb2efc31f2ea48,41.0,1,3.853125,398.859913,21.983396,0.0,2,true,true,fine_grid,false,governance.selection=pressure_max_under_constraints;seed=continuation
-0.15,independent_oracle,3c5f6b3c9bd535cff7657364dadb2efc31f2ea48,41.0,1,3.859375,399.072659,21.985392,0.0,2,true,true,fine_grid,false,governance.selection=pressure_max_under_constraints;seed=continuation
-0.15,independent_oracle,3c5f6b3c9bd535cff7657364dadb2efc31f2ea48,41.0,1,3.865625,399.285183,21.987388,0.0,2,true,true,fine_grid,false,governance.selection=pressure_max_under_constraints;seed=continuation
-0.15,independent_oracle,3c5f6b3c9bd535cff7657364dadb2efc31f2ea48,41.0,1,3.871875,399.497487,21.989386,0.0,2,true,true,fine_grid,false,governance.selection=pressure_max_under_constraints;seed=continuation
-0.15,independent_oracle,3c5f6b3c9bd535cff7657364dadb2efc31f2ea48,41.0,1,3.878125,399.709569,21.991386,0.0,2,true,true,fine_grid,false,governance.selection=pressure_max_under_constraints;seed=continuation
-0.15,independent_oracle,3c5f6b3c9bd535cff7657364dadb2efc31f2ea48,41.0,1,3.884375,399.921432,21.993386,0.0,2,true,true,fine_grid,false,governance.selection=pressure_max_under_constraints;seed=continuation
-0.15,independent_oracle,3c5f6b3c9bd535cff7657364dadb2efc31f2ea48,41.0,1,3.890625,400.133074,21.995387,0.0,2,true,true,fine_grid,false,governance.selection=pressure_max_under_constraints;seed=continuation
-0.15,independent_oracle,3c5f6b3c9bd535cff7657364dadb2efc31f2ea48,41.0,1,3.896875,400.344497,21.99739,0.0,2,true,true,fine_grid,false,governance.selection=pressure_max_under_constraints;seed=continuation
-0.15,independent_oracle,3c5f6b3c9bd535cff7657364dadb2efc31f2ea48,41.0,1,3.903125,400.5557,21.999393,0.0,2,true,true,fine_grid,false,governance.selection=pressure_max_under_constraints;seed=continuation
-0.15,independent_oracle,3c5f6b3c9bd535cff7657364dadb2efc31f2ea48,41.0,1,3.909375,400.766684,22.001398,0.0,2,true,true,fine_grid,false,governance.selection=pressure_max_under_constraints;seed=continuation
-0.15,independent_oracle,3c5f6b3c9bd535cff7657364dadb2efc31f2ea48,41.0,1,3.915625,400.977449,22.003404,0.0,2,true,true,fine_grid,false,governance.selection=pressure_max_under_constraints;seed=continuation
-0.15,independent_oracle,3c5f6b3c9bd535cff7657364dadb2efc31f2ea48,41.0,1,3.921875,401.187996,22.005411,0.0,2,true,true,fine_grid,false,governance.selection=pressure_max_under_constraints;seed=continuation
-0.15,independent_oracle,3c5f6b3c9bd535cff7657364dadb2efc31f2ea48,41.0,1,3.928125,401.398323,22.007419,0.0,2,true,true,fine_grid,false,governance.selection=pressure_max_under_constraints;seed=continuation
-0.15,independent_oracle,3c5f6b3c9bd535cff7657364dadb2efc31f2ea48,41.0,1,3.934375,401.608433,22.009428,0.0,2,true,true,fine_grid,false,governance.selection=pressure_max_under_constraints;seed=continuation
-0.15,independent_oracle,3c5f6b3c9bd535cff7657364dadb2efc31f2ea48,41.0,1,3.940625,401.818325,22.011439,0.0,2,true,true,fine_grid,false,governance.selection=pressure_max_under_constraints;seed=continuation
-0.15,independent_oracle,3c5f6b3c9bd535cff7657364dadb2efc31f2ea48,41.0,1,3.946875,402.027999,22.01345,0.0,2,true,true,fine_grid,false,governance.selection=pressure_max_under_constraints;seed=continuation
-0.15,independent_oracle,3c5f6b3c9bd535cff7657364dadb2efc31f2ea48,41.0,1,3.953125,402.237456,22.015463,0.0,2,true,true,fine_grid,false,governance.selection=pressure_max_under_constraints;seed=continuation
-0.15,independent_oracle,3c5f6b3c9bd535cff7657364dadb2efc31f2ea48,41.0,1,3.959375,402.446696,22.017476,0.0,2,true,true,fine_grid,false,governance.selection=pressure_max_under_constraints;seed=continuation
-0.15,independent_oracle,3c5f6b3c9bd535cff7657364dadb2efc31f2ea48,41.0,1,3.965625,402.655718,22.019491,0.0,2,true,true,fine_grid,false,governance.selection=pressure_max_under_constraints;seed=continuation
-0.15,independent_oracle,3c5f6b3c9bd535cff7657364dadb2efc31f2ea48,41.0,1,3.971875,402.864525,22.021507,0.0,2,true,true,fine_grid,false,governance.selection=pressure_max_under_constraints;seed=continuation
-0.15,independent_oracle,3c5f6b3c9bd535cff7657364dadb2efc31f2ea48,41.0,1,3.978125,403.073115,22.023524,0.0,2,true,true,fine_grid,false,governance.selection=pressure_max_under_constraints;seed=continuation
-0.15,independent_oracle,3c5f6b3c9bd535cff7657364dadb2efc31f2ea48,41.0,1,3.984375,403.281489,22.025542,0.0,2,true,true,fine_grid,false,governance.selection=pressure_max_under_constraints;seed=continuation
-0.15,independent_oracle,3c5f6b3c9bd535cff7657364dadb2efc31f2ea48,41.0,1,3.990625,403.489647,22.027561,0.0,2,true,true,fine_grid,false,governance.selection=pressure_max_under_constraints;seed=continuation
-0.15,independent_oracle,3c5f6b3c9bd535cff7657364dadb2efc31f2ea48,41.0,1,3.996875,403.69759,22.029581,0.0,2,true,true,fine_grid,false,governance.selection=pressure_max_under_constraints;seed=continuation
