xi,method,calculation_sha,T_MeV,rho_level,rho,muq_MeV,pressure_fm4,residual_norm,iterations,converged,finite,sampling_role,cache_reused,solver_message
-0.35,independent_oracle,3c5f6b3c9bd535cff7657364dadb2efc31f2ea48,51.0,0,0.0,0.005123,21.608021,0.0,38,true,true,coarse_grid,false,governance.selection=pressure_max_under_constraints;seed=continuation
-0.35,independent_oracle,3c5f6b3c9bd535cff7657364dadb2efc31f2ea48,51.0,0,0.00625,310.957323,21.608277,0.0,4,true,true,coarse_grid,false,governance.selection=pressure_max_under_constraints;seed=continuation
-0.35,independent_oracle,3c5f6b3c9bd535cff7657364dadb2efc31f2ea48,51.0,0,0.0125,322.417271,21.608528,0.0,4,true,true,coarse_grid,false,governance.selection=pressure_max_under_constraints;seed=continuation
-0.35,independent_oracle,3c5f6b3c9bd535cff7657364dadb2efc31f2ea48,51.0,0,0.01875,328.986538,21.608774,0.0,4,true,true,coarse_grid,false,governance.selection=pressure_max_under_constraints;seed=continuation
-0.35,independent_oracle,3c5f6b3c9bd535cff7657364dadb2efc31f2ea48,51.0,0,0.025,333.553409,21.609015,0.0,3,true,true,coarse_grid,false,governance.selection=pressure_max_under_constraints;seed=continuation
-0.35,independent_oracle,3c5f6b3c9bd535cff7657364dadb2efc31f2ea48,51.0,0,0.03125,337.023039,21.609251,0.0,3,true,true,coarse_grid,false,governance.selection=pressure_max_under_constraints;seed=continuation
-0.35,independent_oracle,3c5f6b3c9bd535cff7657364dadb2efc31f2ea48,51.0,0,0.0375,339.79861,21.609483,0.0,3,true,true,coarse_grid,false,governance.selection=pressure_max_under_constraints;seed=continuation
-0.35,independent_oracle,3c5f6b3c9bd535cff7657364dadb2efc31f2ea48,51.0,0,0.04375,342.095191,21.609709,0.0,3,true,true,coarse_grid,false,governance.selection=pressure_max_under_constraints;seed=continuation
-0.35,independent_oracle,3c5f6b3c9bd535cff7657364dadb2efc31f2ea48,51.0,0,0.05,344.041157,21.609931,0.0,3,true,true,coarse_grid,false,governance.selection=pressure_max_under_constraints;seed=continuation
-0.35,independent_oracle,3c5f6b3c9bd535cff7657364dadb2efc31f2ea48,51.0,0,0.05625,345.719316,21.610147,0.0,3,true,true,coarse_grid,false,governance.selection=pressure_max_under_constraints;seed=continuation
-0.35,independent_oracle,3c5f6b3c9bd535cff7657364dadb2efc31f2ea48,51.0,0,0.0625,347.186205,21.610359,0.0,3,true,true,coarse_grid,false,governance.selection=pressure_max_under_constraints;seed=continuation
-0.35,independent_oracle,3c5f6b3c9bd535cff7657364dadb2efc31f2ea48,51.0,0,0.06875,348.482152,21.610566,0.0,3,true,true,coarse_grid,false,governance.selection=pressure_max_under_constraints;seed=continuation
-0.35,independent_oracle,3c5f6b3c9bd535cff7657364dadb2efc31f2ea48,51.0,0,0.075,349.636932,21.610767,0.0,3,true,true,coarse_grid,false,governance.selection=pressure_max_under_constraints;seed=continuation
-0.35,independent_oracle,3c5f6b3c9bd535cff7657364dadb2efc31f2ea48,51.0,0,0.08125,350.673159,21.610964,0.0,3,true,true,coarse_grid,false,governance.selection=pressure_max_under_constraints;seed=continuation
-0.35,independent_oracle,3c5f6b3c9bd535cff7657364dadb2efc31f2ea48,51.0,0,0.0875,351.608407,21.611156,0.0,3,true,true,coarse_grid,false,governance.selection=pressure_max_under_constraints;seed=continuation
-0.35,independent_oracle,3c5f6b3c9bd535cff7657364dadb2efc31f2ea48,51.0,0,0.09375,352.456612,21.611343,0.0,3,true,true,coarse_grid,false,governance.selection=pressure_max_under_constraints;seed=continuation
-0.35,independent_oracle,3c5f6b3c9bd535cff7657364dadb2efc31f2ea48,51.0,0,0.1,353.229005,21.611525,0.0,3,true,true,coarse_grid,false,governance.selection=pressure_max_under_constraints;seed=continuation
-0.35,independent_oracle,3c5f6b3c9bd535cff7657364dadb2efc31f2ea48,51.0,0,0.10625,353.934774,21.611702,0.0,3,true,true,coarse_grid,false,governance.selection=pressure_max_under_constraints;seed=continuation
-0.35,independent_oracle,3c5f6b3c9bd535cff7657364dadb2efc31f2ea48,51.0,0,0.1125,354.58153,21.611874,0.0,3,true,true,coarse_grid,false,governance.selection=pressure_max_under_constraints;seed=continuation
-0.35,independent_oracle,3c5f6b3c9bd535cff7657364dadb2efc31f2ea48,51.0,0,0.11875,355.175647,21.612041,0.0,3,true,true,coarse_grid,false,governance.selection=pressure_max_under_constraints;seed=continuation
-0.35,independent_oracle,3c5f6b3c9bd535cff7657364dadb2efc31f2ea48,51.0,0,0.125,355.722519,21.612203,0.0,3,true,true,coarse_grid,false,governance.selection=pressure_max_under_constraints;seed=continuation
-0.35,independent_oracle,3c5f6b3c9bd535cff7657364dadb2efc31f2ea48,51.0,0,0.13125,356.22675,21.61236,0.0,3,true,true,coarse_grid,false,governance.selection=pressure_max_under_constraints;seed=continuation
-0.35,independent_oracle,3c5f6b3c9bd535cff7657364dadb2efc31f2ea48,51.0,0,0.1375,356.692299,21.612512,0.0,3,true,true,coarse_grid,false,governance.selection=pressure_max_under_constraints;seed=continuation
-0.35,independent_oracle,3c5f6b3c9bd535cff7657364dadb2efc31f2ea48,51.0,0,0.14375,357.122599,21.612659,0.0,3,true,true,coarse_grid,false,governance.selection=pressure_max_under_constraints;seed=continuation
-0.35,independent_oracle,3c5f6b3c9bd535cff7657364dadb2efc31f2ea48,51.0,0,0.15,357.520644,21.612801,0.0,3,true,true,coarse_grid,false,governance.selection=pressure_max_under_constraints;seed=continuation
-0.35,independent_oracle,3c5f6b3c9bd535cff7657364dadb2efc31f2ea48,51.0,0,0.15625,357.88906,21.612939,0.0,3,true,true,coarse_grid,false,governance.selection=pressure_max_under_constraints;seed=continuation
-0.35,independent_oracle,3c5f6b3c9bd535cff7657364dadb2efc31f2ea48,51.0,0,0.1625,358.230165,21.613071,0.0,3,true,true,coarse_grid,false,governance.selection=pressure_max_under_constraints;seed=continuation
-0.35,independent_oracle,3c5f6b3c9bd535cff7657364dadb2efc31f2ea48,51.0,0,0.16875,358.546014,21.613198,0.0,3,true,true,coarse_grid,false,governance.selection=pressure_max_under_constraints;seed=continuation
-0.35,independent_oracle,3c5f6b3c9bd535cff7657364dadb2efc31f2ea48,51.0,0,0.175,358.838438,21.61332,0.0,3,true,true,coarse_grid,false,governance.selection=pressure_max_under_constraints;seed=continuation
-0.35,independent_oracle,3c5f6b3c9bd535cff7657364dadb2efc31f2ea48,51.0,0,0.18125,359.109074,21.613438,0.0,3,true,true,coarse_grid,false,governance.selection=pressure_max_under_constraints;seed=continuation
-0.35,independent_oracle,3c5f6b3c9bd535cff7657364dadb2efc31f2ea48,51.0,0,0.1875,359.359395,21.61355,0.0,3,true,true,coarse_grid,false,governance.selection=pressure_max_under_constraints;seed=continuation
-0.35,independent_oracle,3c5f6b3c9bd535cff7657364dadb2efc31f2ea48,51.0,0,0.19375,359.590725,21.613657,0.0,3,true,true,coarse_grid,false,governance.selection=pressure_max_under_constraints;seed=continuation
-0.35,independent_oracle,3c5f6b3c9bd535cff7657364dadb2efc31f2ea48,51.0,0,0.2,359.804267,21.613759,0.0,3,true,true,coarse_grid,false,governance.selection=pressure_max_under_constraints;seed=continuation
-0.35,independent_oracle,3c5f6b3c9bd535cff7657364dadb2efc31f2ea48,51.0,0,0.20625,360.001108,21.613857,0.0,3,true,true,coarse_grid,false,governance.selection=pressure_max_under_constraints;seed=continuation
-0.35,independent_oracle,3c5f6b3c9bd535cff7657364dadb2efc31f2ea48,51.0,0,0.2125,360.182241,21.613949,0.0,3,true,true,coarse_grid,false,governance.selection=pressure_max_under_constraints;seed=continuation
-0.35,independent_oracle,3c5f6b3c9bd535cff7657364dadb2efc31f2ea48,51.0,0,0.21875,360.348572,21.614036,0.0,3,true,true,coarse_grid,false,governance.selection=pressure_max_under_constraints;seed=continuation
-0.35,independent_oracle,3c5f6b3c9bd535cff7657364dadb2efc31f2ea48,51.0,0,0.225,360.500928,21.614118,0.0,3,true,true,coarse_grid,false,governance.selection=pressure_max_under_constraints;seed=continuation
-0.35,independent_oracle,3c5f6b3c9bd535cff7657364dadb2efc31f2ea48,51.0,0,0.23125,360.64007,21.614195,0.0,3,true,true,coarse_grid,false,governance.selection=pressure_max_under_constraints;seed=continuation
-0.35,independent_oracle,3c5f6b3c9bd535cff7657364dadb2efc31f2ea48,51.0,0,0.2375,360.7667,21.614268,0.0,3,true,true,coarse_grid,false,governance.selection=pressure_max_under_constraints;seed=continuation
-0.35,independent_oracle,3c5f6b3c9bd535cff7657364dadb2efc31f2ea48,51.0,0,0.24375,360.881461,21.614335,0.0,3,true,true,coarse_grid,false,governance.selection=pressure_max_under_constraints;seed=continuation
-0.35,independent_oracle,3c5f6b3c9bd535cff7657364dadb2efc31f2ea48,51.0,0,0.25,360.98495,21.614397,0.0,3,true,true,coarse_grid,false,governance.selection=pressure_max_under_constraints;seed=continuation
-0.35,independent_oracle,3c5f6b3c9bd535cff7657364dadb2efc31f2ea48,51.0,0,0.25625,361.07772,21.614454,0.0,3,true,true,coarse_grid,false,governance.selection=pressure_max_under_constraints;seed=continuation
-0.35,independent_oracle,3c5f6b3c9bd535cff7657364dadb2efc31f2ea48,51.0,0,0.2625,361.160282,21.614506,0.0,3,true,true,coarse_grid,false,governance.selection=pressure_max_under_constraints;seed=continuation
-0.35,independent_oracle,3c5f6b3c9bd535cff7657364dadb2efc31f2ea48,51.0,0,0.26875,361.233112,21.614553,0.0,3,true,true,coarse_grid,false,governance.selection=pressure_max_under_constraints;seed=continuation
-0.35,independent_oracle,3c5f6b3c9bd535cff7657364dadb2efc31f2ea48,51.0,0,0.275,361.296655,21.614595,0.0,3,true,true,coarse_grid,false,governance.selection=pressure_max_under_constraints;seed=continuation
-0.35,independent_oracle,3c5f6b3c9bd535cff7657364dadb2efc31f2ea48,51.0,0,0.28125,361.351322,21.614632,0.0,3,true,true,coarse_grid,false,governance.selection=pressure_max_under_constraints;seed=continuation
-0.35,independent_oracle,3c5f6b3c9bd535cff7657364dadb2efc31f2ea48,51.0,0,0.2875,361.397499,21.614664,0.0,3,true,true,coarse_grid,false,governance.selection=pressure_max_under_constraints;seed=continuation
-0.35,independent_oracle,3c5f6b3c9bd535cff7657364dadb2efc31f2ea48,51.0,0,0.29375,361.435549,21.614691,0.0,3,true,true,coarse_grid,false,governance.selection=pressure_max_under_constraints;seed=continuation
-0.35,independent_oracle,3c5f6b3c9bd535cff7657364dadb2efc31f2ea48,51.0,0,0.3,361.46581,21.614713,0.0,3,true,true,coarse_grid,false,governance.selection=pressure_max_under_constraints;seed=continuation
-0.35,independent_oracle,3c5f6b3c9bd535cff7657364dadb2efc31f2ea48,51.0,0,0.30625,361.488598,21.61473,0.0,3,true,true,coarse_grid,false,governance.selection=pressure_max_under_constraints;seed=continuation
-0.35,independent_oracle,3c5f6b3c9bd535cff7657364dadb2efc31f2ea48,51.0,0,0.3125,361.504212,21.614741,0.0,2,true,true,coarse_grid,false,governance.selection=pressure_max_under_constraints;seed=continuation
-0.35,independent_oracle,3c5f6b3c9bd535cff7657364dadb2efc31f2ea48,51.0,0,0.31875,361.512932,21.614748,0.0,2,true,true,coarse_grid,false,governance.selection=pressure_max_under_constraints;seed=continuation
-0.35,independent_oracle,3c5f6b3c9bd535cff7657364dadb2efc31f2ea48,51.0,0,0.325,361.515022,21.61475,0.0,2,true,true,coarse_grid,false,governance.selection=pressure_max_under_constraints;seed=continuation
-0.35,independent_oracle,3c5f6b3c9bd535cff7657364dadb2efc31f2ea48,51.0,0,0.33125,361.510732,21.614746,0.0,2,true,true,coarse_grid,false,governance.selection=pressure_max_under_constraints;seed=continuation
-0.35,independent_oracle,3c5f6b3c9bd535cff7657364dadb2efc31f2ea48,51.0,0,0.3375,361.500297,21.614738,0.0,2,true,true,coarse_grid,false,governance.selection=pressure_max_under_constraints;seed=continuation
-0.35,independent_oracle,3c5f6b3c9bd535cff7657364dadb2efc31f2ea48,51.0,0,0.34375,361.483938,21.614724,0.0,2,true,true,coarse_grid,false,governance.selection=pressure_max_under_constraints;seed=continuation
-0.35,independent_oracle,3c5f6b3c9bd535cff7657364dadb2efc31f2ea48,51.0,0,0.35,361.461865,21.614705,0.0,2,true,true,coarse_grid,false,governance.selection=pressure_max_under_constraints;seed=continuation
-0.35,independent_oracle,3c5f6b3c9bd535cff7657364dadb2efc31f2ea48,51.0,0,0.35625,361.434278,21.614682,0.0,2,true,true,coarse_grid,false,governance.selection=pressure_max_under_constraints;seed=continuation
-0.35,independent_oracle,3c5f6b3c9bd535cff7657364dadb2efc31f2ea48,51.0,0,0.3625,361.401365,21.614653,0.0,2,true,true,coarse_grid,false,governance.selection=pressure_max_under_constraints;seed=continuation
-0.35,independent_oracle,3c5f6b3c9bd535cff7657364dadb2efc31f2ea48,51.0,0,0.36875,361.363306,21.614619,0.0,2,true,true,coarse_grid,false,governance.selection=pressure_max_under_constraints;seed=continuation
-0.35,independent_oracle,3c5f6b3c9bd535cff7657364dadb2efc31f2ea48,51.0,0,0.375,361.320269,21.61458,0.0,2,true,true,coarse_grid,false,governance.selection=pressure_max_under_constraints;seed=continuation
-0.35,independent_oracle,3c5f6b3c9bd535cff7657364dadb2efc31f2ea48,51.0,0,0.38125,361.272417,21.614536,0.0,2,true,true,coarse_grid,false,governance.selection=pressure_max_under_constraints;seed=continuation
-0.35,independent_oracle,3c5f6b3c9bd535cff7657364dadb2efc31f2ea48,51.0,0,0.3875,361.219902,21.614487,0.0,2,true,true,coarse_grid,false,governance.selection=pressure_max_under_constraints;seed=continuation
-0.35,independent_oracle,3c5f6b3c9bd535cff7657364dadb2efc31f2ea48,51.0,0,0.39375,361.162872,21.614433,0.0,2,true,true,coarse_grid,false,governance.selection=pressure_max_under_constraints;seed=continuation
-0.35,independent_oracle,3c5f6b3c9bd535cff7657364dadb2efc31f2ea48,51.0,0,0.4,361.101466,21.614374,0.0,2,true,true,coarse_grid,false,governance.selection=pressure_max_under_constraints;seed=continuation
-0.35,independent_oracle,3c5f6b3c9bd535cff7657364dadb2efc31f2ea48,51.0,0,0.40625,361.035816,21.614309,0.0,2,true,true,coarse_grid,false,governance.selection=pressure_max_under_constraints;seed=continuation
-0.35,independent_oracle,3c5f6b3c9bd535cff7657364dadb2efc31f2ea48,51.0,0,0.4125,360.966049,21.61424,0.0,2,true,true,coarse_grid,false,governance.selection=pressure_max_under_constraints;seed=continuation
-0.35,independent_oracle,3c5f6b3c9bd535cff7657364dadb2efc31f2ea48,51.0,0,0.41875,360.892286,21.614165,0.0,2,true,true,coarse_grid,false,governance.selection=pressure_max_under_constraints;seed=continuation
-0.35,independent_oracle,3c5f6b3c9bd535cff7657364dadb2efc31f2ea48,51.0,0,0.425,360.814643,21.614085,0.0,2,true,true,coarse_grid,false,governance.selection=pressure_max_under_constraints;seed=continuation
-0.35,independent_oracle,3c5f6b3c9bd535cff7657364dadb2efc31f2ea48,51.0,0,0.43125,360.733231,21.614001,0.0,2,true,true,coarse_grid,false,governance.selection=pressure_max_under_constraints;seed=continuation
-0.35,independent_oracle,3c5f6b3c9bd535cff7657364dadb2efc31f2ea48,51.0,0,0.4375,360.648156,21.613911,0.0,2,true,true,coarse_grid,false,governance.selection=pressure_max_under_constraints;seed=continuation
-0.35,independent_oracle,3c5f6b3c9bd535cff7657364dadb2efc31f2ea48,51.0,0,0.44375,360.559518,21.613816,0.0,2,true,true,coarse_grid,false,governance.selection=pressure_max_under_constraints;seed=continuation
-0.35,independent_oracle,3c5f6b3c9bd535cff7657364dadb2efc31f2ea48,51.0,0,0.45,360.467415,21.613716,0.0,2,true,true,coarse_grid,false,governance.selection=pressure_max_under_constraints;seed=continuation
-0.35,independent_oracle,3c5f6b3c9bd535cff7657364dadb2efc31f2ea48,51.0,0,0.45625,360.37194,21.61361,0.0,2,true,true,coarse_grid,false,governance.selection=pressure_max_under_constraints;seed=continuation
-0.35,independent_oracle,3c5f6b3c9bd535cff7657364dadb2efc31f2ea48,51.0,0,0.4625,360.273183,21.6135,0.0,2,true,true,coarse_grid,false,governance.selection=pressure_max_under_constraints;seed=continuation
-0.35,independent_oracle,3c5f6b3c9bd535cff7657364dadb2efc31f2ea48,51.0,0,0.46875,360.171229,21.613385,0.0,2,true,true,coarse_grid,false,governance.selection=pressure_max_under_constraints;seed=continuation
-0.35,independent_oracle,3c5f6b3c9bd535cff7657364dadb2efc31f2ea48,51.0,0,0.475,360.06616,21.613264,0.0,2,true,true,coarse_grid,false,governance.selection=pressure_max_under_constraints;seed=continuation
-0.35,independent_oracle,3c5f6b3c9bd535cff7657364dadb2efc31f2ea48,51.0,0,0.48125,359.958057,21.613138,0.0,2,true,true,coarse_grid,false,governance.selection=pressure_max_under_constraints;seed=continuation
-0.35,independent_oracle,3c5f6b3c9bd535cff7657364dadb2efc31f2ea48,51.0,0,0.4875,359.846994,21.613007,0.0,2,true,true,coarse_grid,false,governance.selection=pressure_max_under_constraints;seed=continuation
-0.35,independent_oracle,3c5f6b3c9bd535cff7657364dadb2efc31f2ea48,51.0,0,0.49375,359.733045,21.612871,0.0,2,true,true,coarse_grid,false,governance.selection=pressure_max_under_constraints;seed=continuation
-0.35,independent_oracle,3c5f6b3c9bd535cff7657364dadb2efc31f2ea48,51.0,0,0.5,359.61628,21.61273,0.0,2,true,true,coarse_grid,false,governance.selection=pressure_max_under_constraints;seed=continuation
-0.35,independent_oracle,3c5f6b3c9bd535cff7657364dadb2efc31f2ea48,51.0,0,0.50625,359.496768,21.612584,0.0,2,true,true,coarse_grid,false,governance.selection=pressure_max_under_constraints;seed=continuation
-0.35,independent_oracle,3c5f6b3c9bd535cff7657364dadb2efc31f2ea48,51.0,0,0.5125,359.374573,21.612433,0.0,2,true,true,coarse_grid,false,governance.selection=pressure_max_under_constraints;seed=continuation
-0.35,independent_oracle,3c5f6b3c9bd535cff7657364dadb2efc31f2ea48,51.0,0,0.51875,359.249759,21.612276,0.0,2,true,true,coarse_grid,false,governance.selection=pressure_max_under_constraints;seed=continuation
-0.35,independent_oracle,3c5f6b3c9bd535cff7657364dadb2efc31f2ea48,51.0,0,0.525,359.122387,21.612114,0.0,2,true,true,coarse_grid,false,governance.selection=pressure_max_under_constraints;seed=continuation
-0.35,independent_oracle,3c5f6b3c9bd535cff7657364dadb2efc31f2ea48,51.0,0,0.53125,358.992514,21.611947,0.0,2,true,true,coarse_grid,false,governance.selection=pressure_max_under_constraints;seed=continuation
-0.35,independent_oracle,3c5f6b3c9bd535cff7657364dadb2efc31f2ea48,51.0,0,0.5375,358.860199,21.611775,0.0,2,true,true,coarse_grid,false,governance.selection=pressure_max_under_constraints;seed=continuation
-0.35,independent_oracle,3c5f6b3c9bd535cff7657364dadb2efc31f2ea48,51.0,0,0.54375,358.725494,21.611598,0.0,2,true,true,coarse_grid,false,governance.selection=pressure_max_under_constraints;seed=continuation
-0.35,independent_oracle,3c5f6b3c9bd535cff7657364dadb2efc31f2ea48,51.0,0,0.55,358.588454,21.611416,0.0,2,true,true,coarse_grid,false,governance.selection=pressure_max_under_constraints;seed=continuation
-0.35,independent_oracle,3c5f6b3c9bd535cff7657364dadb2efc31f2ea48,51.0,0,0.55625,358.449129,21.611229,0.0,2,true,true,coarse_grid,false,governance.selection=pressure_max_under_constraints;seed=continuation
-0.35,independent_oracle,3c5f6b3c9bd535cff7657364dadb2efc31f2ea48,51.0,0,0.5625,358.307568,21.611036,0.0,2,true,true,coarse_grid,false,governance.selection=pressure_max_under_constraints;seed=continuation
-0.35,independent_oracle,3c5f6b3c9bd535cff7657364dadb2efc31f2ea48,51.0,0,0.56875,358.163819,21.610838,0.0,2,true,true,coarse_grid,false,governance.selection=pressure_max_under_constraints;seed=continuation
-0.35,independent_oracle,3c5f6b3c9bd535cff7657364dadb2efc31f2ea48,51.0,0,0.575,358.017929,21.610635,0.0,2,true,true,coarse_grid,false,governance.selection=pressure_max_under_constraints;seed=continuation
-0.35,independent_oracle,3c5f6b3c9bd535cff7657364dadb2efc31f2ea48,51.0,0,0.58125,357.869941,21.610427,0.0,2,true,true,coarse_grid,false,governance.selection=pressure_max_under_constraints;seed=continuation
-0.35,independent_oracle,3c5f6b3c9bd535cff7657364dadb2efc31f2ea48,51.0,0,0.5875,357.719901,21.610214,0.0,2,true,true,coarse_grid,false,governance.selection=pressure_max_under_constraints;seed=continuation
-0.35,independent_oracle,3c5f6b3c9bd535cff7657364dadb2efc31f2ea48,51.0,0,0.59375,357.567848,21.609995,0.0,2,true,true,coarse_grid,false,governance.selection=pressure_max_under_constraints;seed=continuation
-0.35,independent_oracle,3c5f6b3c9bd535cff7657364dadb2efc31f2ea48,51.0,0,0.6,357.413824,21.609772,0.0,2,true,true,coarse_grid,false,governance.selection=pressure_max_under_constraints;seed=continuation
-0.35,independent_oracle,3c5f6b3c9bd535cff7657364dadb2efc31f2ea48,51.0,0,0.60625,357.257869,21.609543,0.0,2,true,true,coarse_grid,false,governance.selection=pressure_max_under_constraints;seed=continuation
-0.35,independent_oracle,3c5f6b3c9bd535cff7657364dadb2efc31f2ea48,51.0,0,0.6125,357.10002,21.609309,0.0,2,true,true,coarse_grid,false,governance.selection=pressure_max_under_constraints;seed=continuation
-0.35,independent_oracle,3c5f6b3c9bd535cff7657364dadb2efc31f2ea48,51.0,0,0.61875,356.940315,21.60907,0.0,2,true,true,coarse_grid,false,governance.selection=pressure_max_under_constraints;seed=continuation
-0.35,independent_oracle,3c5f6b3c9bd535cff7657364dadb2efc31f2ea48,51.0,0,0.625,356.77879,21.608825,0.0,2,true,true,coarse_grid,false,governance.selection=pressure_max_under_constraints;seed=continuation
-0.35,independent_oracle,3c5f6b3c9bd535cff7657364dadb2efc31f2ea48,51.0,0,0.63125,356.61548,21.608576,0.0,2,true,true,coarse_grid,false,governance.selection=pressure_max_under_constraints;seed=continuation
-0.35,independent_oracle,3c5f6b3c9bd535cff7657364dadb2efc31f2ea48,51.0,0,0.6375,356.450418,21.608321,0.0,2,true,true,coarse_grid,false,governance.selection=pressure_max_under_constraints;seed=continuation
-0.35,independent_oracle,3c5f6b3c9bd535cff7657364dadb2efc31f2ea48,51.0,0,0.64375,356.283638,21.608061,0.0,2,true,true,coarse_grid,false,governance.selection=pressure_max_under_constraints;seed=continuation
-0.35,independent_oracle,3c5f6b3c9bd535cff7657364dadb2efc31f2ea48,51.0,0,0.65,356.115171,21.607796,0.0,2,true,true,coarse_grid,false,governance.selection=pressure_max_under_constraints;seed=continuation
-0.35,independent_oracle,3c5f6b3c9bd535cff7657364dadb2efc31f2ea48,51.0,0,0.65625,355.94505,21.607526,0.0,2,true,true,coarse_grid,false,governance.selection=pressure_max_under_constraints;seed=continuation
-0.35,independent_oracle,3c5f6b3c9bd535cff7657364dadb2efc31f2ea48,51.0,0,0.6625,355.773304,21.60725,0.0,2,true,true,coarse_grid,false,governance.selection=pressure_max_under_constraints;seed=continuation
-0.35,independent_oracle,3c5f6b3c9bd535cff7657364dadb2efc31f2ea48,51.0,0,0.66875,355.599963,21.60697,0.0,2,true,true,coarse_grid,false,governance.selection=pressure_max_under_constraints;seed=continuation
-0.35,independent_oracle,3c5f6b3c9bd535cff7657364dadb2efc31f2ea48,51.0,0,0.675,355.425055,21.606684,0.0,2,true,true,coarse_grid,false,governance.selection=pressure_max_under_constraints;seed=continuation
-0.35,independent_oracle,3c5f6b3c9bd535cff7657364dadb2efc31f2ea48,51.0,0,0.68125,355.248609,21.606393,0.0,2,true,true,coarse_grid,false,governance.selection=pressure_max_under_constraints;seed=continuation
-0.35,independent_oracle,3c5f6b3c9bd535cff7657364dadb2efc31f2ea48,51.0,0,0.6875,355.070652,21.606097,0.0,2,true,true,coarse_grid,false,governance.selection=pressure_max_under_constraints;seed=continuation
-0.35,independent_oracle,3c5f6b3c9bd535cff7657364dadb2efc31f2ea48,51.0,0,0.69375,354.89121,21.605795,0.0,2,true,true,coarse_grid,false,governance.selection=pressure_max_under_constraints;seed=continuation
-0.35,independent_oracle,3c5f6b3c9bd535cff7657364dadb2efc31f2ea48,51.0,0,0.7,354.710309,21.605488,0.0,2,true,true,coarse_grid,false,governance.selection=pressure_max_under_constraints;seed=continuation
-0.35,independent_oracle,3c5f6b3c9bd535cff7657364dadb2efc31f2ea48,51.0,0,0.70625,354.527975,21.605177,0.0,2,true,true,coarse_grid,false,governance.selection=pressure_max_under_constraints;seed=continuation
-0.35,independent_oracle,3c5f6b3c9bd535cff7657364dadb2efc31f2ea48,51.0,0,0.7125,354.344232,21.60486,0.0,2,true,true,coarse_grid,false,governance.selection=pressure_max_under_constraints;seed=continuation
-0.35,independent_oracle,3c5f6b3c9bd535cff7657364dadb2efc31f2ea48,51.0,0,0.71875,354.159104,21.604537,0.0,2,true,true,coarse_grid,false,governance.selection=pressure_max_under_constraints;seed=continuation
-0.35,independent_oracle,3c5f6b3c9bd535cff7657364dadb2efc31f2ea48,51.0,0,0.725,353.972615,21.60421,0.0,2,true,true,coarse_grid,false,governance.selection=pressure_max_under_constraints;seed=continuation
-0.35,independent_oracle,3c5f6b3c9bd535cff7657364dadb2efc31f2ea48,51.0,0,0.73125,353.784788,21.603877,0.0,2,true,true,coarse_grid,false,governance.selection=pressure_max_under_constraints;seed=continuation
-0.35,independent_oracle,3c5f6b3c9bd535cff7657364dadb2efc31f2ea48,51.0,0,0.7375,353.595644,21.603539,0.0,2,true,true,coarse_grid,false,governance.selection=pressure_max_under_constraints;seed=continuation
-0.35,independent_oracle,3c5f6b3c9bd535cff7657364dadb2efc31f2ea48,51.0,0,0.74375,353.405205,21.603196,0.0,2,true,true,coarse_grid,false,governance.selection=pressure_max_under_constraints;seed=continuation
-0.35,independent_oracle,3c5f6b3c9bd535cff7657364dadb2efc31f2ea48,51.0,0,0.75,353.213494,21.602848,0.0,2,true,true,coarse_grid,false,governance.selection=pressure_max_under_constraints;seed=continuation
-0.35,independent_oracle,3c5f6b3c9bd535cff7657364dadb2efc31f2ea48,51.0,0,0.75625,353.020531,21.602494,0.0,2,true,true,coarse_grid,false,governance.selection=pressure_max_under_constraints;seed=continuation
-0.35,independent_oracle,3c5f6b3c9bd535cff7657364dadb2efc31f2ea48,51.0,0,0.7625,352.826336,21.602136,0.0,2,true,true,coarse_grid,false,governance.selection=pressure_max_under_constraints;seed=continuation
-0.35,independent_oracle,3c5f6b3c9bd535cff7657364dadb2efc31f2ea48,51.0,0,0.76875,352.630929,21.601772,0.0,2,true,true,coarse_grid,false,governance.selection=pressure_max_under_constraints;seed=continuation
-0.35,independent_oracle,3c5f6b3c9bd535cff7657364dadb2efc31f2ea48,51.0,0,0.775,352.43433,21.601403,0.0,2,true,true,coarse_grid,false,governance.selection=pressure_max_under_constraints;seed=continuation
-0.35,independent_oracle,3c5f6b3c9bd535cff7657364dadb2efc31f2ea48,51.0,0,0.78125,352.236557,21.601028,0.0,2,true,true,coarse_grid,false,governance.selection=pressure_max_under_constraints;seed=continuation
-0.35,independent_oracle,3c5f6b3c9bd535cff7657364dadb2efc31f2ea48,51.0,0,0.7875,352.03763,21.600649,0.0,2,true,true,coarse_grid,false,governance.selection=pressure_max_under_constraints;seed=continuation
-0.35,independent_oracle,3c5f6b3c9bd535cff7657364dadb2efc31f2ea48,51.0,0,0.79375,351.837568,21.600264,0.0,2,true,true,coarse_grid,false,governance.selection=pressure_max_under_constraints;seed=continuation
-0.35,independent_oracle,3c5f6b3c9bd535cff7657364dadb2efc31f2ea48,51.0,0,0.8,351.636387,21.599874,0.0,2,true,true,coarse_grid,false,governance.selection=pressure_max_under_constraints;seed=continuation
-0.35,independent_oracle,3c5f6b3c9bd535cff7657364dadb2efc31f2ea48,51.0,0,0.80625,351.434105,21.599479,0.0,2,true,true,coarse_grid,false,governance.selection=pressure_max_under_constraints;seed=continuation
-0.35,independent_oracle,3c5f6b3c9bd535cff7657364dadb2efc31f2ea48,51.0,0,0.8125,351.230741,21.599078,0.0,2,true,true,coarse_grid,false,governance.selection=pressure_max_under_constraints;seed=continuation
-0.35,independent_oracle,3c5f6b3c9bd535cff7657364dadb2efc31f2ea48,51.0,0,0.81875,351.02631,21.598673,0.0,2,true,true,coarse_grid,false,governance.selection=pressure_max_under_constraints;seed=continuation
-0.35,independent_oracle,3c5f6b3c9bd535cff7657364dadb2efc31f2ea48,51.0,0,0.825,350.820829,21.598262,0.0,2,true,true,coarse_grid,false,governance.selection=pressure_max_under_constraints;seed=continuation
-0.35,independent_oracle,3c5f6b3c9bd535cff7657364dadb2efc31f2ea48,51.0,0,0.83125,350.614316,21.597846,0.0,2,true,true,coarse_grid,false,governance.selection=pressure_max_under_constraints;seed=continuation
-0.35,independent_oracle,3c5f6b3c9bd535cff7657364dadb2efc31f2ea48,51.0,0,0.8375,350.406785,21.597425,0.0,2,true,true,coarse_grid,false,governance.selection=pressure_max_under_constraints;seed=continuation
-0.35,independent_oracle,3c5f6b3c9bd535cff7657364dadb2efc31f2ea48,51.0,0,0.84375,350.198252,21.596998,0.0,2,true,true,coarse_grid,false,governance.selection=pressure_max_under_constraints;seed=continuation
-0.35,independent_oracle,3c5f6b3c9bd535cff7657364dadb2efc31f2ea48,51.0,0,0.85,349.988733,21.596567,0.0,2,true,true,coarse_grid,false,governance.selection=pressure_max_under_constraints;seed=continuation
-0.35,independent_oracle,3c5f6b3c9bd535cff7657364dadb2efc31f2ea48,51.0,0,0.85625,349.778244,21.59613,0.0,2,true,true,coarse_grid,false,governance.selection=pressure_max_under_constraints;seed=continuation
-0.35,independent_oracle,3c5f6b3c9bd535cff7657364dadb2efc31f2ea48,51.0,0,0.8625,349.566799,21.595688,0.0,2,true,true,coarse_grid,false,governance.selection=pressure_max_under_constraints;seed=continuation
-0.35,independent_oracle,3c5f6b3c9bd535cff7657364dadb2efc31f2ea48,51.0,0,0.86875,349.354413,21.595241,0.0,2,true,true,coarse_grid,false,governance.selection=pressure_max_under_constraints;seed=continuation
-0.35,independent_oracle,3c5f6b3c9bd535cff7657364dadb2efc31f2ea48,51.0,0,0.875,349.1411,21.594788,0.0,2,true,true,coarse_grid,false,governance.selection=pressure_max_under_constraints;seed=continuation
-0.35,independent_oracle,3c5f6b3c9bd535cff7657364dadb2efc31f2ea48,51.0,0,0.88125,348.926876,21.594331,0.0,2,true,true,coarse_grid,false,governance.selection=pressure_max_under_constraints;seed=continuation
-0.35,independent_oracle,3c5f6b3c9bd535cff7657364dadb2efc31f2ea48,51.0,0,0.8875,348.711753,21.593868,0.0,2,true,true,coarse_grid,false,governance.selection=pressure_max_under_constraints;seed=continuation
-0.35,independent_oracle,3c5f6b3c9bd535cff7657364dadb2efc31f2ea48,51.0,0,0.89375,348.495745,21.5934,0.0,2,true,true,coarse_grid,false,governance.selection=pressure_max_under_constraints;seed=continuation
-0.35,independent_oracle,3c5f6b3c9bd535cff7657364dadb2efc31f2ea48,51.0,0,0.9,348.278867,21.592927,0.0,2,true,true,coarse_grid,false,governance.selection=pressure_max_under_constraints;seed=continuation
-0.35,independent_oracle,3c5f6b3c9bd535cff7657364dadb2efc31f2ea48,51.0,0,0.90625,348.061132,21.592448,0.0,2,true,true,coarse_grid,false,governance.selection=pressure_max_under_constraints;seed=continuation
-0.35,independent_oracle,3c5f6b3c9bd535cff7657364dadb2efc31f2ea48,51.0,0,0.9125,347.842554,21.591965,0.0,2,true,true,coarse_grid,false,governance.selection=pressure_max_under_constraints;seed=continuation
-0.35,independent_oracle,3c5f6b3c9bd535cff7657364dadb2efc31f2ea48,51.0,0,0.91875,347.623145,21.591476,0.0,2,true,true,coarse_grid,false,governance.selection=pressure_max_under_constraints;seed=continuation
-0.35,independent_oracle,3c5f6b3c9bd535cff7657364dadb2efc31f2ea48,51.0,0,0.925,347.402918,21.590982,0.0,2,true,true,coarse_grid,false,governance.selection=pressure_max_under_constraints;seed=continuation
-0.35,independent_oracle,3c5f6b3c9bd535cff7657364dadb2efc31f2ea48,51.0,0,0.93125,347.181886,21.590483,0.0,2,true,true,coarse_grid,false,governance.selection=pressure_max_under_constraints;seed=continuation
-0.35,independent_oracle,3c5f6b3c9bd535cff7657364dadb2efc31f2ea48,51.0,0,0.9375,346.960063,21.589979,0.0,2,true,true,coarse_grid,false,governance.selection=pressure_max_under_constraints;seed=continuation
-0.35,independent_oracle,3c5f6b3c9bd535cff7657364dadb2efc31f2ea48,51.0,0,0.94375,346.73746,21.58947,0.0,2,true,true,coarse_grid,false,governance.selection=pressure_max_under_constraints;seed=continuation
-0.35,independent_oracle,3c5f6b3c9bd535cff7657364dadb2efc31f2ea48,51.0,0,0.95,346.51409,21.588955,0.0,2,true,true,coarse_grid,false,governance.selection=pressure_max_under_constraints;seed=continuation
-0.35,independent_oracle,3c5f6b3c9bd535cff7657364dadb2efc31f2ea48,51.0,0,0.95625,346.289966,21.588436,0.0,2,true,true,coarse_grid,false,governance.selection=pressure_max_under_constraints;seed=continuation
-0.35,independent_oracle,3c5f6b3c9bd535cff7657364dadb2efc31f2ea48,51.0,0,0.9625,346.065099,21.587911,0.0,2,true,true,coarse_grid,false,governance.selection=pressure_max_under_constraints;seed=continuation
-0.35,independent_oracle,3c5f6b3c9bd535cff7657364dadb2efc31f2ea48,51.0,0,0.96875,345.839502,21.587381,0.0,2,true,true,coarse_grid,false,governance.selection=pressure_max_under_constraints;seed=continuation
-0.35,independent_oracle,3c5f6b3c9bd535cff7657364dadb2efc31f2ea48,51.0,0,0.975,345.613186,21.586846,0.0,2,true,true,coarse_grid,false,governance.selection=pressure_max_under_constraints;seed=continuation
-0.35,independent_oracle,3c5f6b3c9bd535cff7657364dadb2efc31f2ea48,51.0,0,0.98125,345.386165,21.586306,0.0,2,true,true,coarse_grid,false,governance.selection=pressure_max_under_constraints;seed=continuation
-0.35,independent_oracle,3c5f6b3c9bd535cff7657364dadb2efc31f2ea48,51.0,0,0.9875,345.158448,21.585761,0.0,2,true,true,coarse_grid,false,governance.selection=pressure_max_under_constraints;seed=continuation
-0.35,independent_oracle,3c5f6b3c9bd535cff7657364dadb2efc31f2ea48,51.0,0,0.99375,344.930049,21.58521,0.0,2,true,true,coarse_grid,false,governance.selection=pressure_max_under_constraints;seed=continuation
-0.35,independent_oracle,3c5f6b3c9bd535cff7657364dadb2efc31f2ea48,51.0,0,1.0,344.700979,21.584655,0.0,2,true,true,coarse_grid,false,governance.selection=pressure_max_under_constraints;seed=continuation
-0.35,independent_oracle,3c5f6b3c9bd535cff7657364dadb2efc31f2ea48,51.0,0,1.00625,344.471249,21.584094,0.0,2,true,true,coarse_grid,false,governance.selection=pressure_max_under_constraints;seed=continuation
-0.35,independent_oracle,3c5f6b3c9bd535cff7657364dadb2efc31f2ea48,51.0,0,1.0125,344.240872,21.583529,0.0,2,true,true,coarse_grid,false,governance.selection=pressure_max_under_constraints;seed=continuation
-0.35,independent_oracle,3c5f6b3c9bd535cff7657364dadb2efc31f2ea48,51.0,0,1.01875,344.009858,21.582958,0.0,2,true,true,coarse_grid,false,governance.selection=pressure_max_under_constraints;seed=continuation
-0.35,independent_oracle,3c5f6b3c9bd535cff7657364dadb2efc31f2ea48,51.0,0,1.025,343.77822,21.582382,0.0,2,true,true,coarse_grid,false,governance.selection=pressure_max_under_constraints;seed=continuation
-0.35,independent_oracle,3c5f6b3c9bd535cff7657364dadb2efc31f2ea48,51.0,0,1.03125,343.545968,21.581801,0.0,2,true,true,coarse_grid,false,governance.selection=pressure_max_under_constraints;seed=continuation
-0.35,independent_oracle,3c5f6b3c9bd535cff7657364dadb2efc31f2ea48,51.0,0,1.0375,343.313114,21.581215,0.0,2,true,true,coarse_grid,false,governance.selection=pressure_max_under_constraints;seed=continuation
-0.35,independent_oracle,3c5f6b3c9bd535cff7657364dadb2efc31f2ea48,51.0,0,1.04375,343.079669,21.580624,0.0,2,true,true,coarse_grid,false,governance.selection=pressure_max_under_constraints;seed=continuation
-0.35,independent_oracle,3c5f6b3c9bd535cff7657364dadb2efc31f2ea48,51.0,0,1.05,342.845646,21.580028,0.0,2,true,true,coarse_grid,false,governance.selection=pressure_max_under_constraints;seed=continuation
-0.35,independent_oracle,3c5f6b3c9bd535cff7657364dadb2efc31f2ea48,51.0,0,1.05625,342.611054,21.579427,0.0,2,true,true,coarse_grid,false,governance.selection=pressure_max_under_constraints;seed=continuation
-0.35,independent_oracle,3c5f6b3c9bd535cff7657364dadb2efc31f2ea48,51.0,0,1.0625,342.375906,21.578821,0.0,2,true,true,coarse_grid,false,governance.selection=pressure_max_under_constraints;seed=continuation
-0.35,independent_oracle,3c5f6b3c9bd535cff7657364dadb2efc31f2ea48,51.0,0,1.06875,342.140213,21.578211,0.0,2,true,true,coarse_grid,false,governance.selection=pressure_max_under_constraints;seed=continuation
-0.35,independent_oracle,3c5f6b3c9bd535cff7657364dadb2efc31f2ea48,51.0,0,1.075,341.903987,21.577595,0.0,2,true,true,coarse_grid,false,governance.selection=pressure_max_under_constraints;seed=continuation
-0.35,independent_oracle,3c5f6b3c9bd535cff7657364dadb2efc31f2ea48,51.0,0,1.08125,341.667238,21.576974,0.0,2,true,true,coarse_grid,false,governance.selection=pressure_max_under_constraints;seed=continuation
-0.35,independent_oracle,3c5f6b3c9bd535cff7657364dadb2efc31f2ea48,51.0,0,1.0875,341.429978,21.576348,0.0,2,true,true,coarse_grid,false,governance.selection=pressure_max_under_constraints;seed=continuation
-0.35,independent_oracle,3c5f6b3c9bd535cff7657364dadb2efc31f2ea48,51.0,0,1.09375,341.192219,21.575717,0.0,2,true,true,coarse_grid,false,governance.selection=pressure_max_under_constraints;seed=continuation
-0.35,independent_oracle,3c5f6b3c9bd535cff7657364dadb2efc31f2ea48,51.0,0,1.1,340.953972,21.575081,0.0,2,true,true,coarse_grid,false,governance.selection=pressure_max_under_constraints;seed=continuation
-0.35,independent_oracle,3c5f6b3c9bd535cff7657364dadb2efc31f2ea48,51.0,0,1.10625,340.715249,21.574441,0.0,2,true,true,coarse_grid,false,governance.selection=pressure_max_under_constraints;seed=continuation
-0.35,independent_oracle,3c5f6b3c9bd535cff7657364dadb2efc31f2ea48,51.0,0,1.1125,340.476062,21.573795,0.0,2,true,true,coarse_grid,false,governance.selection=pressure_max_under_constraints;seed=continuation
-0.35,independent_oracle,3c5f6b3c9bd535cff7657364dadb2efc31f2ea48,51.0,0,1.11875,340.236421,21.573145,0.0,2,true,true,coarse_grid,false,governance.selection=pressure_max_under_constraints;seed=continuation
-0.35,independent_oracle,3c5f6b3c9bd535cff7657364dadb2efc31f2ea48,51.0,0,1.125,339.996339,21.57249,0.0,2,true,true,coarse_grid,false,governance.selection=pressure_max_under_constraints;seed=continuation
-0.35,independent_oracle,3c5f6b3c9bd535cff7657364dadb2efc31f2ea48,51.0,0,1.13125,339.755828,21.57183,0.0,2,true,true,coarse_grid,false,governance.selection=pressure_max_under_constraints;seed=continuation
-0.35,independent_oracle,3c5f6b3c9bd535cff7657364dadb2efc31f2ea48,51.0,0,1.1375,339.5149,21.571165,0.0,2,true,true,coarse_grid,false,governance.selection=pressure_max_under_constraints;seed=continuation
-0.35,independent_oracle,3c5f6b3c9bd535cff7657364dadb2efc31f2ea48,51.0,0,1.14375,339.273566,21.570495,0.0,2,true,true,coarse_grid,false,governance.selection=pressure_max_under_constraints;seed=continuation
-0.35,independent_oracle,3c5f6b3c9bd535cff7657364dadb2efc31f2ea48,51.0,0,1.15,339.031839,21.569821,0.0,2,true,true,coarse_grid,false,governance.selection=pressure_max_under_constraints;seed=continuation
-0.35,independent_oracle,3c5f6b3c9bd535cff7657364dadb2efc31f2ea48,51.0,0,1.15625,338.789731,21.569142,0.0,2,true,true,coarse_grid,false,governance.selection=pressure_max_under_constraints;seed=continuation
-0.35,independent_oracle,3c5f6b3c9bd535cff7657364dadb2efc31f2ea48,51.0,0,1.1625,338.547254,21.568458,0.0,2,true,true,coarse_grid,false,governance.selection=pressure_max_under_constraints;seed=continuation
-0.35,independent_oracle,3c5f6b3c9bd535cff7657364dadb2efc31f2ea48,51.0,0,1.16875,338.304421,21.56777,0.0,2,true,true,coarse_grid,false,governance.selection=pressure_max_under_constraints;seed=continuation
-0.35,independent_oracle,3c5f6b3c9bd535cff7657364dadb2efc31f2ea48,51.0,0,1.175,338.061245,21.567076,0.0,2,true,true,coarse_grid,false,governance.selection=pressure_max_under_constraints;seed=continuation
-0.35,independent_oracle,3c5f6b3c9bd535cff7657364dadb2efc31f2ea48,51.0,0,1.18125,337.817738,21.566379,0.0,2,true,true,coarse_grid,false,governance.selection=pressure_max_under_constraints;seed=continuation
-0.35,independent_oracle,3c5f6b3c9bd535cff7657364dadb2efc31f2ea48,51.0,0,1.1875,337.573913,21.565676,0.0,2,true,true,coarse_grid,false,governance.selection=pressure_max_under_constraints;seed=continuation
-0.35,independent_oracle,3c5f6b3c9bd535cff7657364dadb2efc31f2ea48,51.0,0,1.19375,337.329784,21.564969,0.0,2,true,true,coarse_grid,false,governance.selection=pressure_max_under_constraints;seed=continuation
-0.35,independent_oracle,3c5f6b3c9bd535cff7657364dadb2efc31f2ea48,51.0,0,1.2,337.085363,21.564257,0.0,2,true,true,coarse_grid,false,governance.selection=pressure_max_under_constraints;seed=continuation
-0.35,independent_oracle,3c5f6b3c9bd535cff7657364dadb2efc31f2ea48,51.0,0,1.20625,336.840664,21.563541,0.0,2,true,true,coarse_grid,false,governance.selection=pressure_max_under_constraints;seed=continuation
-0.35,independent_oracle,3c5f6b3c9bd535cff7657364dadb2efc31f2ea48,51.0,0,1.2125,336.595701,21.562821,0.0,2,true,true,coarse_grid,false,governance.selection=pressure_max_under_constraints;seed=continuation
-0.35,independent_oracle,3c5f6b3c9bd535cff7657364dadb2efc31f2ea48,51.0,0,1.21875,336.350488,21.562096,0.0,2,true,true,coarse_grid,false,governance.selection=pressure_max_under_constraints;seed=continuation
-0.35,independent_oracle,3c5f6b3c9bd535cff7657364dadb2efc31f2ea48,51.0,0,1.225,336.105039,21.561366,0.0,2,true,true,coarse_grid,false,governance.selection=pressure_max_under_constraints;seed=continuation
-0.35,independent_oracle,3c5f6b3c9bd535cff7657364dadb2efc31f2ea48,51.0,0,1.23125,335.859367,21.560632,0.0,2,true,true,coarse_grid,false,governance.selection=pressure_max_under_constraints;seed=continuation
-0.35,independent_oracle,3c5f6b3c9bd535cff7657364dadb2efc31f2ea48,51.0,0,1.2375,335.613488,21.559894,0.0,2,true,true,coarse_grid,false,governance.selection=pressure_max_under_constraints;seed=continuation
-0.35,independent_oracle,3c5f6b3c9bd535cff7657364dadb2efc31f2ea48,51.0,0,1.24375,335.367417,21.559151,0.0,2,true,true,coarse_grid,false,governance.selection=pressure_max_under_constraints;seed=continuation
-0.35,independent_oracle,3c5f6b3c9bd535cff7657364dadb2efc31f2ea48,51.0,0,1.25,335.121168,21.558404,0.0,2,true,true,coarse_grid,false,governance.selection=pressure_max_under_constraints;seed=continuation
-0.35,independent_oracle,3c5f6b3c9bd535cff7657364dadb2efc31f2ea48,51.0,0,1.25625,334.874757,21.557653,0.0,2,true,true,coarse_grid,false,governance.selection=pressure_max_under_constraints;seed=continuation
-0.35,independent_oracle,3c5f6b3c9bd535cff7657364dadb2efc31f2ea48,51.0,0,1.2625,334.6282,21.556898,0.0,2,true,true,coarse_grid,false,governance.selection=pressure_max_under_constraints;seed=continuation
-0.35,independent_oracle,3c5f6b3c9bd535cff7657364dadb2efc31f2ea48,51.0,0,1.26875,334.381513,21.556138,0.0,2,true,true,coarse_grid,false,governance.selection=pressure_max_under_constraints;seed=continuation
-0.35,independent_oracle,3c5f6b3c9bd535cff7657364dadb2efc31f2ea48,51.0,0,1.275,334.134711,21.555375,0.0,2,true,true,coarse_grid,false,governance.selection=pressure_max_under_constraints;seed=continuation
-0.35,independent_oracle,3c5f6b3c9bd535cff7657364dadb2efc31f2ea48,51.0,0,1.28125,333.887811,21.554607,0.0,2,true,true,coarse_grid,false,governance.selection=pressure_max_under_constraints;seed=continuation
-0.35,independent_oracle,3c5f6b3c9bd535cff7657364dadb2efc31f2ea48,51.0,0,1.2875,333.640831,21.553836,0.0,2,true,true,coarse_grid,false,governance.selection=pressure_max_under_constraints;seed=continuation
-0.35,independent_oracle,3c5f6b3c9bd535cff7657364dadb2efc31f2ea48,51.0,0,1.29375,333.393788,21.55306,0.0,2,true,true,coarse_grid,false,governance.selection=pressure_max_under_constraints;seed=continuation
-0.35,independent_oracle,3c5f6b3c9bd535cff7657364dadb2efc31f2ea48,51.0,0,1.3,333.146699,21.552281,0.0,2,true,true,coarse_grid,false,governance.selection=pressure_max_under_constraints;seed=continuation
-0.35,independent_oracle,3c5f6b3c9bd535cff7657364dadb2efc31f2ea48,51.0,0,1.30625,332.899583,21.551497,0.0,2,true,true,coarse_grid,false,governance.selection=pressure_max_under_constraints;seed=continuation
-0.35,independent_oracle,3c5f6b3c9bd535cff7657364dadb2efc31f2ea48,51.0,0,1.3125,332.652457,21.55071,0.0,2,true,true,coarse_grid,false,governance.selection=pressure_max_under_constraints;seed=continuation
-0.35,independent_oracle,3c5f6b3c9bd535cff7657364dadb2efc31f2ea48,51.0,0,1.31875,332.405341,21.549919,0.0,2,true,true,coarse_grid,false,governance.selection=pressure_max_under_constraints;seed=continuation
-0.35,independent_oracle,3c5f6b3c9bd535cff7657364dadb2efc31f2ea48,51.0,0,1.325,332.158255,21.549125,0.0,2,true,true,coarse_grid,false,governance.selection=pressure_max_under_constraints;seed=continuation
-0.35,independent_oracle,3c5f6b3c9bd535cff7657364dadb2efc31f2ea48,51.0,0,1.33125,331.911218,21.548327,0.0,2,true,true,coarse_grid,false,governance.selection=pressure_max_under_constraints;seed=continuation
-0.35,independent_oracle,3c5f6b3c9bd535cff7657364dadb2efc31f2ea48,51.0,0,1.3375,331.66425,21.547525,0.0,2,true,true,coarse_grid,false,governance.selection=pressure_max_under_constraints;seed=continuation
-0.35,independent_oracle,3c5f6b3c9bd535cff7657364dadb2efc31f2ea48,51.0,0,1.34375,331.417372,21.54672,0.0,2,true,true,coarse_grid,false,governance.selection=pressure_max_under_constraints;seed=continuation
-0.35,independent_oracle,3c5f6b3c9bd535cff7657364dadb2efc31f2ea48,51.0,0,1.35,331.170606,21.545912,0.0,2,true,true,coarse_grid,false,governance.selection=pressure_max_under_constraints;seed=continuation
-0.35,independent_oracle,3c5f6b3c9bd535cff7657364dadb2efc31f2ea48,51.0,0,1.35625,330.923973,21.5451,0.0,2,true,true,coarse_grid,false,governance.selection=pressure_max_under_constraints;seed=continuation
-0.35,independent_oracle,3c5f6b3c9bd535cff7657364dadb2efc31f2ea48,51.0,0,1.3625,330.677495,21.544285,0.0,2,true,true,coarse_grid,false,governance.selection=pressure_max_under_constraints;seed=continuation
-0.35,independent_oracle,3c5f6b3c9bd535cff7657364dadb2efc31f2ea48,51.0,0,1.36875,330.431197,21.543467,0.0,2,true,true,coarse_grid,false,governance.selection=pressure_max_under_constraints;seed=continuation
-0.35,independent_oracle,3c5f6b3c9bd535cff7657364dadb2efc31f2ea48,51.0,0,1.375,330.1851,21.542645,0.0,2,true,true,coarse_grid,false,governance.selection=pressure_max_under_constraints;seed=continuation
-0.35,independent_oracle,3c5f6b3c9bd535cff7657364dadb2efc31f2ea48,51.0,0,1.38125,329.93923,21.541821,0.0,2,true,true,coarse_grid,false,governance.selection=pressure_max_under_constraints;seed=continuation
-0.35,independent_oracle,3c5f6b3c9bd535cff7657364dadb2efc31f2ea48,51.0,0,1.3875,329.693611,21.540994,0.0,2,true,true,coarse_grid,false,governance.selection=pressure_max_under_constraints;seed=continuation
-0.35,independent_oracle,3c5f6b3c9bd535cff7657364dadb2efc31f2ea48,51.0,0,1.39375,329.448269,21.540164,0.0,2,true,true,coarse_grid,false,governance.selection=pressure_max_under_constraints;seed=continuation
-0.35,independent_oracle,3c5f6b3c9bd535cff7657364dadb2efc31f2ea48,51.0,0,1.4,329.20323,21.539331,0.0,2,true,true,coarse_grid,false,governance.selection=pressure_max_under_constraints;seed=continuation
-0.35,independent_oracle,3c5f6b3c9bd535cff7657364dadb2efc31f2ea48,51.0,0,1.40625,328.95852,21.538496,0.0,2,true,true,coarse_grid,false,governance.selection=pressure_max_under_constraints;seed=continuation
-0.35,independent_oracle,3c5f6b3c9bd535cff7657364dadb2efc31f2ea48,51.0,0,1.4125,328.714168,21.537658,0.0,2,true,true,coarse_grid,false,governance.selection=pressure_max_under_constraints;seed=continuation
-0.35,independent_oracle,3c5f6b3c9bd535cff7657364dadb2efc31f2ea48,51.0,0,1.41875,328.470202,21.536818,0.0,2,true,true,coarse_grid,false,governance.selection=pressure_max_under_constraints;seed=continuation
-0.35,independent_oracle,3c5f6b3c9bd535cff7657364dadb2efc31f2ea48,51.0,0,1.425,328.226651,21.535976,0.0,2,true,true,coarse_grid,false,governance.selection=pressure_max_under_constraints;seed=continuation
-0.35,independent_oracle,3c5f6b3c9bd535cff7657364dadb2efc31f2ea48,51.0,0,1.43125,327.983545,21.535131,0.0,2,true,true,coarse_grid,false,governance.selection=pressure_max_under_constraints;seed=continuation
-0.35,independent_oracle,3c5f6b3c9bd535cff7657364dadb2efc31f2ea48,51.0,0,1.4375,327.740915,21.534285,0.0,2,true,true,coarse_grid,false,governance.selection=pressure_max_under_constraints;seed=continuation
-0.35,independent_oracle,3c5f6b3c9bd535cff7657364dadb2efc31f2ea48,51.0,0,1.44375,327.498793,21.533436,0.0,2,true,true,coarse_grid,false,governance.selection=pressure_max_under_constraints;seed=continuation
-0.35,independent_oracle,3c5f6b3c9bd535cff7657364dadb2efc31f2ea48,51.0,0,1.45,327.257211,21.532586,0.0,2,true,true,coarse_grid,false,governance.selection=pressure_max_under_constraints;seed=continuation
-0.35,independent_oracle,3c5f6b3c9bd535cff7657364dadb2efc31f2ea48,51.0,0,1.45625,327.016203,21.531734,0.0,2,true,true,coarse_grid,false,governance.selection=pressure_max_under_constraints;seed=continuation
-0.35,independent_oracle,3c5f6b3c9bd535cff7657364dadb2efc31f2ea48,51.0,0,1.4625,326.775803,21.530881,0.0,2,true,true,coarse_grid,false,governance.selection=pressure_max_under_constraints;seed=continuation
-0.35,independent_oracle,3c5f6b3c9bd535cff7657364dadb2efc31f2ea48,51.0,0,1.46875,326.536048,21.530026,0.0,2,true,true,coarse_grid,false,governance.selection=pressure_max_under_constraints;seed=continuation
-0.35,independent_oracle,3c5f6b3c9bd535cff7657364dadb2efc31f2ea48,51.0,0,1.475,326.296973,21.52917,0.0,2,true,true,coarse_grid,false,governance.selection=pressure_max_under_constraints;seed=continuation
-0.35,independent_oracle,3c5f6b3c9bd535cff7657364dadb2efc31f2ea48,51.0,0,1.48125,326.058617,21.528313,0.0,2,true,true,coarse_grid,false,governance.selection=pressure_max_under_constraints;seed=continuation
-0.35,independent_oracle,3c5f6b3c9bd535cff7657364dadb2efc31f2ea48,51.0,0,1.4875,325.821018,21.527455,0.0,2,true,true,coarse_grid,false,governance.selection=pressure_max_under_constraints;seed=continuation
-0.35,independent_oracle,3c5f6b3c9bd535cff7657364dadb2efc31f2ea48,51.0,0,1.49375,325.584215,21.526597,0.0,2,true,true,coarse_grid,false,governance.selection=pressure_max_under_constraints;seed=continuation
-0.35,independent_oracle,3c5f6b3c9bd535cff7657364dadb2efc31f2ea48,51.0,0,1.5,325.348251,21.525737,0.0,2,true,true,coarse_grid,false,governance.selection=pressure_max_under_constraints;seed=continuation
-0.35,independent_oracle,3c5f6b3c9bd535cff7657364dadb2efc31f2ea48,51.0,0,1.50625,325.113167,21.524878,0.0,2,true,true,coarse_grid,false,governance.selection=pressure_max_under_constraints;seed=continuation
-0.35,independent_oracle,3c5f6b3c9bd535cff7657364dadb2efc31f2ea48,51.0,0,1.5125,324.879007,21.524018,0.0,2,true,true,coarse_grid,false,governance.selection=pressure_max_under_constraints;seed=continuation
-0.35,independent_oracle,3c5f6b3c9bd535cff7657364dadb2efc31f2ea48,51.0,0,1.51875,324.645816,21.523158,0.0,2,true,true,coarse_grid,false,governance.selection=pressure_max_under_constraints;seed=continuation
-0.35,independent_oracle,3c5f6b3c9bd535cff7657364dadb2efc31f2ea48,51.0,0,1.525,324.413639,21.522299,0.0,2,true,true,coarse_grid,false,governance.selection=pressure_max_under_constraints;seed=continuation
-0.35,independent_oracle,3c5f6b3c9bd535cff7657364dadb2efc31f2ea48,51.0,0,1.53125,324.182524,21.52144,0.0,2,true,true,coarse_grid,false,governance.selection=pressure_max_under_constraints;seed=continuation
-0.35,independent_oracle,3c5f6b3c9bd535cff7657364dadb2efc31f2ea48,51.0,0,1.5375,323.952519,21.520581,0.0,2,true,true,coarse_grid,false,governance.selection=pressure_max_under_constraints;seed=continuation
-0.35,independent_oracle,3c5f6b3c9bd535cff7657364dadb2efc31f2ea48,51.0,0,1.54375,323.723676,21.519724,0.0,2,true,true,coarse_grid,false,governance.selection=pressure_max_under_constraints;seed=continuation
-0.35,independent_oracle,3c5f6b3c9bd535cff7657364dadb2efc31f2ea48,51.0,0,1.55,323.496045,21.518867,0.0,2,true,true,coarse_grid,false,governance.selection=pressure_max_under_constraints;seed=continuation
-0.35,independent_oracle,3c5f6b3c9bd535cff7657364dadb2efc31f2ea48,51.0,0,1.55625,323.269679,21.518012,0.0,2,true,true,coarse_grid,false,governance.selection=pressure_max_under_constraints;seed=continuation
-0.35,independent_oracle,3c5f6b3c9bd535cff7657364dadb2efc31f2ea48,51.0,0,1.5625,323.044634,21.517158,0.0,2,true,true,coarse_grid,false,governance.selection=pressure_max_under_constraints;seed=continuation
-0.35,independent_oracle,3c5f6b3c9bd535cff7657364dadb2efc31f2ea48,51.0,0,1.56875,322.820965,21.516306,0.0,2,true,true,coarse_grid,false,governance.selection=pressure_max_under_constraints;seed=continuation
-0.35,independent_oracle,3c5f6b3c9bd535cff7657364dadb2efc31f2ea48,51.0,0,1.575,322.59873,21.515457,0.0,2,true,true,coarse_grid,false,governance.selection=pressure_max_under_constraints;seed=continuation
-0.35,independent_oracle,3c5f6b3c9bd535cff7657364dadb2efc31f2ea48,51.0,0,1.58125,322.377988,21.514609,0.0,2,true,true,coarse_grid,false,governance.selection=pressure_max_under_constraints;seed=continuation
-0.35,independent_oracle,3c5f6b3c9bd535cff7657364dadb2efc31f2ea48,51.0,0,1.5875,322.1588,21.513765,0.0,2,true,true,coarse_grid,false,governance.selection=pressure_max_under_constraints;seed=continuation
-0.35,independent_oracle,3c5f6b3c9bd535cff7657364dadb2efc31f2ea48,51.0,0,1.59375,321.941228,21.512923,0.0,2,true,true,coarse_grid,false,governance.selection=pressure_max_under_constraints;seed=continuation
-0.35,independent_oracle,3c5f6b3c9bd535cff7657364dadb2efc31f2ea48,51.0,0,1.6,321.725338,21.512084,0.0,2,true,true,coarse_grid,false,governance.selection=pressure_max_under_constraints;seed=continuation
-0.35,independent_oracle,3c5f6b3c9bd535cff7657364dadb2efc31f2ea48,51.0,0,1.60625,321.511194,21.511249,0.0,2,true,true,coarse_grid,false,governance.selection=pressure_max_under_constraints;seed=continuation
-0.35,independent_oracle,3c5f6b3c9bd535cff7657364dadb2efc31f2ea48,51.0,0,1.6125,321.298865,21.510418,0.0,2,true,true,coarse_grid,false,governance.selection=pressure_max_under_constraints;seed=continuation
-0.35,independent_oracle,3c5f6b3c9bd535cff7657364dadb2efc31f2ea48,51.0,0,1.61875,321.08842,21.509591,0.0,2,true,true,coarse_grid,false,governance.selection=pressure_max_under_constraints;seed=continuation
-0.35,independent_oracle,3c5f6b3c9bd535cff7657364dadb2efc31f2ea48,51.0,0,1.625,320.879929,21.508768,0.0,2,true,true,coarse_grid,false,governance.selection=pressure_max_under_constraints;seed=continuation
-0.35,independent_oracle,3c5f6b3c9bd535cff7657364dadb2efc31f2ea48,51.0,0,1.63125,320.673466,21.507951,0.0,2,true,true,coarse_grid,false,governance.selection=pressure_max_under_constraints;seed=continuation
-0.35,independent_oracle,3c5f6b3c9bd535cff7657364dadb2efc31f2ea48,51.0,0,1.6375,320.469105,21.507138,0.0,2,true,true,coarse_grid,false,governance.selection=pressure_max_under_constraints;seed=continuation
-0.35,independent_oracle,3c5f6b3c9bd535cff7657364dadb2efc31f2ea48,51.0,0,1.64375,320.266923,21.506331,0.0,2,true,true,coarse_grid,false,governance.selection=pressure_max_under_constraints;seed=continuation
-0.35,independent_oracle,3c5f6b3c9bd535cff7657364dadb2efc31f2ea48,51.0,0,1.65,320.066998,21.50553,0.0,2,true,true,coarse_grid,false,governance.selection=pressure_max_under_constraints;seed=continuation
-0.35,independent_oracle,3c5f6b3c9bd535cff7657364dadb2efc31f2ea48,51.0,0,1.65625,319.869409,21.504736,0.0,2,true,true,coarse_grid,false,governance.selection=pressure_max_under_constraints;seed=continuation
-0.35,independent_oracle,3c5f6b3c9bd535cff7657364dadb2efc31f2ea48,51.0,0,1.6625,319.674238,21.503948,0.0,2,true,true,coarse_grid,false,governance.selection=pressure_max_under_constraints;seed=continuation
-0.35,independent_oracle,3c5f6b3c9bd535cff7657364dadb2efc31f2ea48,51.0,0,1.66875,319.481568,21.503167,0.0,2,true,true,coarse_grid,false,governance.selection=pressure_max_under_constraints;seed=continuation
-0.35,independent_oracle,3c5f6b3c9bd535cff7657364dadb2efc31f2ea48,51.0,0,1.675,319.291485,21.502394,0.0,2,true,true,coarse_grid,false,governance.selection=pressure_max_under_constraints;seed=continuation
-0.35,independent_oracle,3c5f6b3c9bd535cff7657364dadb2efc31f2ea48,51.0,0,1.68125,319.104073,21.501629,0.0,2,true,true,coarse_grid,false,governance.selection=pressure_max_under_constraints;seed=continuation
-0.35,independent_oracle,3c5f6b3c9bd535cff7657364dadb2efc31f2ea48,51.0,0,1.6875,318.919423,21.500873,0.0,2,true,true,coarse_grid,false,governance.selection=pressure_max_under_constraints;seed=continuation
-0.35,independent_oracle,3c5f6b3c9bd535cff7657364dadb2efc31f2ea48,51.0,0,1.69375,318.737622,21.500125,0.0,2,true,true,coarse_grid,false,governance.selection=pressure_max_under_constraints;seed=continuation
-0.35,independent_oracle,3c5f6b3c9bd535cff7657364dadb2efc31f2ea48,51.0,0,1.7,318.558763,21.499387,0.0,2,true,true,coarse_grid,false,governance.selection=pressure_max_under_constraints;seed=continuation
-0.35,independent_oracle,3c5f6b3c9bd535cff7657364dadb2efc31f2ea48,51.0,0,1.70625,318.382936,21.498658,0.0,2,true,true,coarse_grid,false,governance.selection=pressure_max_under_constraints;seed=continuation
-0.35,independent_oracle,3c5f6b3c9bd535cff7657364dadb2efc31f2ea48,51.0,0,1.7125,318.210237,21.49794,0.0,2,true,true,coarse_grid,false,governance.selection=pressure_max_under_constraints;seed=continuation
-0.35,independent_oracle,3c5f6b3c9bd535cff7657364dadb2efc31f2ea48,51.0,0,1.71875,318.040759,21.497233,0.0,2,true,true,coarse_grid,false,governance.selection=pressure_max_under_constraints;seed=continuation
-0.35,independent_oracle,3c5f6b3c9bd535cff7657364dadb2efc31f2ea48,51.0,0,1.725,317.874598,21.496537,0.0,2,true,true,coarse_grid,false,governance.selection=pressure_max_under_constraints;seed=continuation
-0.35,independent_oracle,3c5f6b3c9bd535cff7657364dadb2efc31f2ea48,51.0,0,1.73125,317.711851,21.495853,0.0,2,true,true,coarse_grid,false,governance.selection=pressure_max_under_constraints;seed=continuation
-0.35,independent_oracle,3c5f6b3c9bd535cff7657364dadb2efc31f2ea48,51.0,0,1.7375,317.552616,21.495181,0.0,2,true,true,coarse_grid,false,governance.selection=pressure_max_under_constraints;seed=continuation
-0.35,independent_oracle,3c5f6b3c9bd535cff7657364dadb2efc31f2ea48,51.0,0,1.74375,317.396991,21.494522,0.0,2,true,true,coarse_grid,false,governance.selection=pressure_max_under_constraints;seed=continuation
-0.35,independent_oracle,3c5f6b3c9bd535cff7657364dadb2efc31f2ea48,51.0,0,1.75,317.245073,21.493877,0.0,2,true,true,coarse_grid,false,governance.selection=pressure_max_under_constraints;seed=continuation
-0.35,independent_oracle,3c5f6b3c9bd535cff7657364dadb2efc31f2ea48,51.0,0,1.75625,317.096963,21.493245,0.0,2,true,true,coarse_grid,false,governance.selection=pressure_max_under_constraints;seed=continuation
-0.35,independent_oracle,3c5f6b3c9bd535cff7657364dadb2efc31f2ea48,51.0,0,1.7625,316.952759,21.492628,0.0,2,true,true,coarse_grid,false,governance.selection=pressure_max_under_constraints;seed=continuation
-0.35,independent_oracle,3c5f6b3c9bd535cff7657364dadb2efc31f2ea48,51.0,0,1.76875,316.812559,21.492026,0.0,2,true,true,coarse_grid,false,governance.selection=pressure_max_under_constraints;seed=continuation
-0.35,independent_oracle,3c5f6b3c9bd535cff7657364dadb2efc31f2ea48,51.0,0,1.775,316.676464,21.491439,0.0,2,true,true,coarse_grid,false,governance.selection=pressure_max_under_constraints;seed=continuation
-0.35,independent_oracle,3c5f6b3c9bd535cff7657364dadb2efc31f2ea48,51.0,0,1.78125,316.544569,21.490869,0.0,2,true,true,coarse_grid,false,governance.selection=pressure_max_under_constraints;seed=continuation
-0.35,independent_oracle,3c5f6b3c9bd535cff7657364dadb2efc31f2ea48,51.0,0,1.7875,316.416974,21.490315,0.0,2,true,true,coarse_grid,false,governance.selection=pressure_max_under_constraints;seed=continuation
-0.35,independent_oracle,3c5f6b3c9bd535cff7657364dadb2efc31f2ea48,51.0,0,1.79375,316.293774,21.489778,0.0,2,true,true,coarse_grid,false,governance.selection=pressure_max_under_constraints;seed=continuation
-0.35,independent_oracle,3c5f6b3c9bd535cff7657364dadb2efc31f2ea48,51.0,0,1.8,316.175065,21.489259,0.0,2,true,true,coarse_grid,false,governance.selection=pressure_max_under_constraints;seed=continuation
-0.35,independent_oracle,3c5f6b3c9bd535cff7657364dadb2efc31f2ea48,51.0,0,1.80625,316.060938,21.488759,0.0,2,true,true,coarse_grid,false,governance.selection=pressure_max_under_constraints;seed=continuation
-0.35,independent_oracle,3c5f6b3c9bd535cff7657364dadb2efc31f2ea48,51.0,0,1.8125,315.951487,21.488277,0.0,2,true,true,coarse_grid,false,governance.selection=pressure_max_under_constraints;seed=continuation
-0.35,independent_oracle,3c5f6b3c9bd535cff7657364dadb2efc31f2ea48,51.0,0,1.81875,315.846801,21.487815,0.0,2,true,true,coarse_grid,false,governance.selection=pressure_max_under_constraints;seed=continuation
-0.35,independent_oracle,3c5f6b3c9bd535cff7657364dadb2efc31f2ea48,51.0,0,1.825,315.746967,21.487372,0.0,2,true,true,coarse_grid,false,governance.selection=pressure_max_under_constraints;seed=continuation
-0.35,independent_oracle,3c5f6b3c9bd535cff7657364dadb2efc31f2ea48,51.0,0,1.83125,315.652069,21.48695,0.0,2,true,true,coarse_grid,false,governance.selection=pressure_max_under_constraints;seed=continuation
-0.35,independent_oracle,3c5f6b3c9bd535cff7657364dadb2efc31f2ea48,51.0,0,1.8375,315.562188,21.486549,0.0,2,true,true,coarse_grid,false,governance.selection=pressure_max_under_constraints;seed=continuation
-0.35,independent_oracle,3c5f6b3c9bd535cff7657364dadb2efc31f2ea48,51.0,0,1.84375,315.477403,21.48617,0.0,2,true,true,coarse_grid,false,governance.selection=pressure_max_under_constraints;seed=continuation
-0.35,independent_oracle,3c5f6b3c9bd535cff7657364dadb2efc31f2ea48,51.0,0,1.85,315.397788,21.485812,0.0,2,true,true,coarse_grid,false,governance.selection=pressure_max_under_constraints;seed=continuation
-0.35,independent_oracle,3c5f6b3c9bd535cff7657364dadb2efc31f2ea48,51.0,0,1.85625,315.323414,21.485477,0.0,2,true,true,coarse_grid,false,governance.selection=pressure_max_under_constraints;seed=continuation
-0.35,independent_oracle,3c5f6b3c9bd535cff7657364dadb2efc31f2ea48,51.0,0,1.8625,315.254348,21.485164,0.0,2,true,true,coarse_grid,false,governance.selection=pressure_max_under_constraints;seed=continuation
-0.35,independent_oracle,3c5f6b3c9bd535cff7657364dadb2efc31f2ea48,51.0,0,1.86875,315.190651,21.484875,0.0,2,true,true,coarse_grid,false,governance.selection=pressure_max_under_constraints;seed=continuation
-0.35,independent_oracle,3c5f6b3c9bd535cff7657364dadb2efc31f2ea48,51.0,0,1.875,315.132381,21.48461,0.0,2,true,true,coarse_grid,false,governance.selection=pressure_max_under_constraints;seed=continuation
-0.35,independent_oracle,3c5f6b3c9bd535cff7657364dadb2efc31f2ea48,51.0,0,1.88125,315.07959,21.484369,0.0,2,true,true,coarse_grid,false,governance.selection=pressure_max_under_constraints;seed=continuation
-0.35,independent_oracle,3c5f6b3c9bd535cff7657364dadb2efc31f2ea48,51.0,0,1.8875,315.032327,21.484152,0.0,2,true,true,coarse_grid,false,governance.selection=pressure_max_under_constraints;seed=continuation
-0.35,independent_oracle,3c5f6b3c9bd535cff7657364dadb2efc31f2ea48,51.0,0,1.89375,314.990632,21.48396,0.0,2,true,true,coarse_grid,false,governance.selection=pressure_max_under_constraints;seed=continuation
-0.35,independent_oracle,3c5f6b3c9bd535cff7657364dadb2efc31f2ea48,51.0,0,1.9,314.954542,21.483794,0.0,2,true,true,coarse_grid,false,governance.selection=pressure_max_under_constraints;seed=continuation
-0.35,independent_oracle,3c5f6b3c9bd535cff7657364dadb2efc31f2ea48,51.0,0,1.90625,314.924089,21.483653,0.0,2,true,true,coarse_grid,false,governance.selection=pressure_max_under_constraints;seed=continuation
-0.35,independent_oracle,3c5f6b3c9bd535cff7657364dadb2efc31f2ea48,51.0,0,1.9125,314.899297,21.483538,0.0,2,true,true,coarse_grid,false,governance.selection=pressure_max_under_constraints;seed=continuation
-0.35,independent_oracle,3c5f6b3c9bd535cff7657364dadb2efc31f2ea48,51.0,0,1.91875,314.880185,21.483449,0.0,2,true,true,coarse_grid,false,governance.selection=pressure_max_under_constraints;seed=continuation
-0.35,independent_oracle,3c5f6b3c9bd535cff7657364dadb2efc31f2ea48,51.0,0,1.925,314.866765,21.483386,0.0,2,true,true,coarse_grid,false,governance.selection=pressure_max_under_constraints;seed=continuation
-0.35,independent_oracle,3c5f6b3c9bd535cff7657364dadb2efc31f2ea48,51.0,0,1.93125,314.859046,21.48335,0.0,2,true,true,coarse_grid,false,governance.selection=pressure_max_under_constraints;seed=continuation
-0.35,independent_oracle,3c5f6b3c9bd535cff7657364dadb2efc31f2ea48,51.0,0,1.9375,314.857027,21.48334,0.0,2,true,true,coarse_grid,false,governance.selection=pressure_max_under_constraints;seed=continuation
-0.35,independent_oracle,3c5f6b3c9bd535cff7657364dadb2efc31f2ea48,51.0,0,1.94375,314.860703,21.483358,0.0,2,true,true,coarse_grid,false,governance.selection=pressure_max_under_constraints;seed=continuation
-0.35,independent_oracle,3c5f6b3c9bd535cff7657364dadb2efc31f2ea48,51.0,0,1.95,314.870062,21.483402,0.0,2,true,true,coarse_grid,false,governance.selection=pressure_max_under_constraints;seed=continuation
-0.35,independent_oracle,3c5f6b3c9bd535cff7657364dadb2efc31f2ea48,51.0,0,1.95625,314.885087,21.483473,0.0,2,true,true,coarse_grid,false,governance.selection=pressure_max_under_constraints;seed=continuation
-0.35,independent_oracle,3c5f6b3c9bd535cff7657364dadb2efc31f2ea48,51.0,0,1.9625,314.905755,21.483572,0.0,2,true,true,coarse_grid,false,governance.selection=pressure_max_under_constraints;seed=continuation
-0.35,independent_oracle,3c5f6b3c9bd535cff7657364dadb2efc31f2ea48,51.0,0,1.96875,314.932034,21.483698,0.0,2,true,true,coarse_grid,false,governance.selection=pressure_max_under_constraints;seed=continuation
-0.35,independent_oracle,3c5f6b3c9bd535cff7657364dadb2efc31f2ea48,51.0,0,1.975,314.963892,21.48385,0.0,2,true,true,coarse_grid,false,governance.selection=pressure_max_under_constraints;seed=continuation
-0.35,independent_oracle,3c5f6b3c9bd535cff7657364dadb2efc31f2ea48,51.0,0,1.98125,315.001286,21.48403,0.0,2,true,true,coarse_grid,false,governance.selection=pressure_max_under_constraints;seed=continuation
-0.35,independent_oracle,3c5f6b3c9bd535cff7657364dadb2efc31f2ea48,51.0,0,1.9875,315.044171,21.484237,0.0,2,true,true,coarse_grid,false,governance.selection=pressure_max_under_constraints;seed=continuation
-0.35,independent_oracle,3c5f6b3c9bd535cff7657364dadb2efc31f2ea48,51.0,0,1.99375,315.092495,21.484471,0.0,2,true,true,coarse_grid,false,governance.selection=pressure_max_under_constraints;seed=continuation
-0.35,independent_oracle,3c5f6b3c9bd535cff7657364dadb2efc31f2ea48,51.0,0,2.0,315.146202,21.484732,0.0,2,true,true,coarse_grid,false,governance.selection=pressure_max_under_constraints;seed=continuation
-0.35,independent_oracle,3c5f6b3c9bd535cff7657364dadb2efc31f2ea48,51.0,0,2.00625,315.205232,21.48502,0.0,2,true,true,coarse_grid,false,governance.selection=pressure_max_under_constraints;seed=continuation
-0.35,independent_oracle,3c5f6b3c9bd535cff7657364dadb2efc31f2ea48,51.0,0,2.0125,315.269518,21.485334,0.0,2,true,true,coarse_grid,false,governance.selection=pressure_max_under_constraints;seed=continuation
-0.35,independent_oracle,3c5f6b3c9bd535cff7657364dadb2efc31f2ea48,51.0,0,2.01875,315.338992,21.485675,0.0,2,true,true,coarse_grid,false,governance.selection=pressure_max_under_constraints;seed=continuation
-0.35,independent_oracle,3c5f6b3c9bd535cff7657364dadb2efc31f2ea48,51.0,0,2.025,315.41358,21.486042,0.0,2,true,true,coarse_grid,false,governance.selection=pressure_max_under_constraints;seed=continuation
-0.35,independent_oracle,3c5f6b3c9bd535cff7657364dadb2efc31f2ea48,51.0,0,2.03125,315.493205,21.486434,0.0,2,true,true,coarse_grid,false,governance.selection=pressure_max_under_constraints;seed=continuation
-0.35,independent_oracle,3c5f6b3c9bd535cff7657364dadb2efc31f2ea48,51.0,0,2.0375,315.577787,21.486853,0.0,2,true,true,coarse_grid,false,governance.selection=pressure_max_under_constraints;seed=continuation
-0.35,independent_oracle,3c5f6b3c9bd535cff7657364dadb2efc31f2ea48,51.0,0,2.04375,315.667242,21.487297,0.0,2,true,true,coarse_grid,false,governance.selection=pressure_max_under_constraints;seed=continuation
-0.35,independent_oracle,3c5f6b3c9bd535cff7657364dadb2efc31f2ea48,51.0,0,2.05,315.761485,21.487766,0.0,2,true,true,coarse_grid,false,governance.selection=pressure_max_under_constraints;seed=continuation
-0.35,independent_oracle,3c5f6b3c9bd535cff7657364dadb2efc31f2ea48,51.0,0,2.05625,315.860427,21.48826,0.0,2,true,true,coarse_grid,false,governance.selection=pressure_max_under_constraints;seed=continuation
-0.35,independent_oracle,3c5f6b3c9bd535cff7657364dadb2efc31f2ea48,51.0,0,2.0625,315.963977,21.488779,0.0,2,true,true,coarse_grid,false,governance.selection=pressure_max_under_constraints;seed=continuation
-0.35,independent_oracle,3c5f6b3c9bd535cff7657364dadb2efc31f2ea48,51.0,0,2.06875,316.072044,21.489322,0.0,2,true,true,coarse_grid,false,governance.selection=pressure_max_under_constraints;seed=continuation
-0.35,independent_oracle,3c5f6b3c9bd535cff7657364dadb2efc31f2ea48,51.0,0,2.075,316.184534,21.489889,0.0,2,true,true,coarse_grid,false,governance.selection=pressure_max_under_constraints;seed=continuation
-0.35,independent_oracle,3c5f6b3c9bd535cff7657364dadb2efc31f2ea48,51.0,0,2.08125,316.30135,21.49048,0.0,2,true,true,coarse_grid,false,governance.selection=pressure_max_under_constraints;seed=continuation
-0.35,independent_oracle,3c5f6b3c9bd535cff7657364dadb2efc31f2ea48,51.0,0,2.0875,316.422397,21.491093,0.0,2,true,true,coarse_grid,false,governance.selection=pressure_max_under_constraints;seed=continuation
-0.35,independent_oracle,3c5f6b3c9bd535cff7657364dadb2efc31f2ea48,51.0,0,2.09375,316.547578,21.49173,0.0,2,true,true,coarse_grid,false,governance.selection=pressure_max_under_constraints;seed=continuation
-0.35,independent_oracle,3c5f6b3c9bd535cff7657364dadb2efc31f2ea48,51.0,0,2.1,316.676796,21.492389,0.0,2,true,true,coarse_grid,false,governance.selection=pressure_max_under_constraints;seed=continuation
-0.35,independent_oracle,3c5f6b3c9bd535cff7657364dadb2efc31f2ea48,51.0,0,2.10625,316.809953,21.49307,0.0,2,true,true,coarse_grid,false,governance.selection=pressure_max_under_constraints;seed=continuation
-0.35,independent_oracle,3c5f6b3c9bd535cff7657364dadb2efc31f2ea48,51.0,0,2.1125,316.94695,21.493773,0.0,2,true,true,coarse_grid,false,governance.selection=pressure_max_under_constraints;seed=continuation
-0.35,independent_oracle,3c5f6b3c9bd535cff7657364dadb2efc31f2ea48,51.0,0,2.11875,317.08769,21.494498,0.0,2,true,true,coarse_grid,false,governance.selection=pressure_max_under_constraints;seed=continuation
-0.35,independent_oracle,3c5f6b3c9bd535cff7657364dadb2efc31f2ea48,51.0,0,2.125,317.232076,21.495243,0.0,2,true,true,coarse_grid,false,governance.selection=pressure_max_under_constraints;seed=continuation
-0.35,independent_oracle,3c5f6b3c9bd535cff7657364dadb2efc31f2ea48,51.0,0,2.13125,317.38001,21.496009,0.0,2,true,true,coarse_grid,false,governance.selection=pressure_max_under_constraints;seed=continuation
-0.35,independent_oracle,3c5f6b3c9bd535cff7657364dadb2efc31f2ea48,51.0,0,2.1375,317.531397,21.496795,0.0,2,true,true,coarse_grid,false,governance.selection=pressure_max_under_constraints;seed=continuation
-0.35,independent_oracle,3c5f6b3c9bd535cff7657364dadb2efc31f2ea48,51.0,0,2.14375,317.686141,21.4976,0.0,2,true,true,coarse_grid,false,governance.selection=pressure_max_under_constraints;seed=continuation
-0.35,independent_oracle,3c5f6b3c9bd535cff7657364dadb2efc31f2ea48,51.0,0,2.15,317.844147,21.498426,0.0,2,true,true,coarse_grid,false,governance.selection=pressure_max_under_constraints;seed=continuation
-0.35,independent_oracle,3c5f6b3c9bd535cff7657364dadb2efc31f2ea48,51.0,0,2.15625,318.005322,21.49927,0.0,2,true,true,coarse_grid,false,governance.selection=pressure_max_under_constraints;seed=continuation
-0.35,independent_oracle,3c5f6b3c9bd535cff7657364dadb2efc31f2ea48,51.0,0,2.1625,318.169575,21.500133,0.0,2,true,true,coarse_grid,false,governance.selection=pressure_max_under_constraints;seed=continuation
-0.35,independent_oracle,3c5f6b3c9bd535cff7657364dadb2efc31f2ea48,51.0,0,2.16875,318.336813,21.501014,0.0,2,true,true,coarse_grid,false,governance.selection=pressure_max_under_constraints;seed=continuation
-0.35,independent_oracle,3c5f6b3c9bd535cff7657364dadb2efc31f2ea48,51.0,0,2.175,318.506947,21.501912,0.0,2,true,true,coarse_grid,false,governance.selection=pressure_max_under_constraints;seed=continuation
-0.35,independent_oracle,3c5f6b3c9bd535cff7657364dadb2efc31f2ea48,51.0,0,2.18125,318.679889,21.502829,0.0,2,true,true,coarse_grid,false,governance.selection=pressure_max_under_constraints;seed=continuation
-0.35,independent_oracle,3c5f6b3c9bd535cff7657364dadb2efc31f2ea48,51.0,0,2.1875,318.855554,21.503762,0.0,2,true,true,coarse_grid,false,governance.selection=pressure_max_under_constraints;seed=continuation
-0.35,independent_oracle,3c5f6b3c9bd535cff7657364dadb2efc31f2ea48,51.0,0,2.19375,319.033855,21.504712,0.0,2,true,true,coarse_grid,false,governance.selection=pressure_max_under_constraints;seed=continuation
-0.35,independent_oracle,3c5f6b3c9bd535cff7657364dadb2efc31f2ea48,51.0,0,2.2,319.214709,21.505679,0.0,2,true,true,coarse_grid,false,governance.selection=pressure_max_under_constraints;seed=continuation
-0.35,independent_oracle,3c5f6b3c9bd535cff7657364dadb2efc31f2ea48,51.0,0,2.20625,319.398036,21.506661,0.0,2,true,true,coarse_grid,false,governance.selection=pressure_max_under_constraints;seed=continuation
-0.35,independent_oracle,3c5f6b3c9bd535cff7657364dadb2efc31f2ea48,51.0,0,2.2125,319.583754,21.507659,0.0,2,true,true,coarse_grid,false,governance.selection=pressure_max_under_constraints;seed=continuation
-0.35,independent_oracle,3c5f6b3c9bd535cff7657364dadb2efc31f2ea48,51.0,0,2.21875,319.771787,21.508673,0.0,2,true,true,coarse_grid,false,governance.selection=pressure_max_under_constraints;seed=continuation
-0.35,independent_oracle,3c5f6b3c9bd535cff7657364dadb2efc31f2ea48,51.0,0,2.225,319.962056,21.509701,0.0,2,true,true,coarse_grid,false,governance.selection=pressure_max_under_constraints;seed=continuation
-0.35,independent_oracle,3c5f6b3c9bd535cff7657364dadb2efc31f2ea48,51.0,0,2.23125,320.154489,21.510744,0.0,2,true,true,coarse_grid,false,governance.selection=pressure_max_under_constraints;seed=continuation
-0.35,independent_oracle,3c5f6b3c9bd535cff7657364dadb2efc31f2ea48,51.0,0,2.2375,320.349012,21.511801,0.0,2,true,true,coarse_grid,false,governance.selection=pressure_max_under_constraints;seed=continuation
-0.35,independent_oracle,3c5f6b3c9bd535cff7657364dadb2efc31f2ea48,51.0,0,2.24375,320.545554,21.512872,0.0,2,true,true,coarse_grid,false,governance.selection=pressure_max_under_constraints;seed=continuation
-0.35,independent_oracle,3c5f6b3c9bd535cff7657364dadb2efc31f2ea48,51.0,0,2.25,320.744046,21.513957,0.0,2,true,true,coarse_grid,false,governance.selection=pressure_max_under_constraints;seed=continuation
-0.35,independent_oracle,3c5f6b3c9bd535cff7657364dadb2efc31f2ea48,51.0,0,2.25625,320.944421,21.515056,0.0,2,true,true,coarse_grid,false,governance.selection=pressure_max_under_constraints;seed=continuation
-0.35,independent_oracle,3c5f6b3c9bd535cff7657364dadb2efc31f2ea48,51.0,0,2.2625,321.146612,21.516167,0.0,2,true,true,coarse_grid,false,governance.selection=pressure_max_under_constraints;seed=continuation
-0.35,independent_oracle,3c5f6b3c9bd535cff7657364dadb2efc31f2ea48,51.0,0,2.26875,321.350556,21.517291,0.0,2,true,true,coarse_grid,false,governance.selection=pressure_max_under_constraints;seed=continuation
-0.35,independent_oracle,3c5f6b3c9bd535cff7657364dadb2efc31f2ea48,51.0,0,2.275,321.556192,21.518427,0.0,2,true,true,coarse_grid,false,governance.selection=pressure_max_under_constraints;seed=continuation
-0.35,independent_oracle,3c5f6b3c9bd535cff7657364dadb2efc31f2ea48,51.0,0,2.28125,321.763457,21.519576,0.0,2,true,true,coarse_grid,false,governance.selection=pressure_max_under_constraints;seed=continuation
-0.35,independent_oracle,3c5f6b3c9bd535cff7657364dadb2efc31f2ea48,51.0,0,2.2875,321.972294,21.520736,0.0,2,true,true,coarse_grid,false,governance.selection=pressure_max_under_constraints;seed=continuation
-0.35,independent_oracle,3c5f6b3c9bd535cff7657364dadb2efc31f2ea48,51.0,0,2.29375,322.182646,21.521908,0.0,2,true,true,coarse_grid,false,governance.selection=pressure_max_under_constraints;seed=continuation
-0.35,independent_oracle,3c5f6b3c9bd535cff7657364dadb2efc31f2ea48,51.0,0,2.3,322.394457,21.523092,0.0,2,true,true,coarse_grid,false,governance.selection=pressure_max_under_constraints;seed=continuation
-0.35,independent_oracle,3c5f6b3c9bd535cff7657364dadb2efc31f2ea48,51.0,0,2.30625,322.607673,21.524286,0.0,2,true,true,coarse_grid,false,governance.selection=pressure_max_under_constraints;seed=continuation
-0.35,independent_oracle,3c5f6b3c9bd535cff7657364dadb2efc31f2ea48,51.0,0,2.3125,322.822242,21.525492,0.0,2,true,true,coarse_grid,false,governance.selection=pressure_max_under_constraints;seed=continuation
-0.35,independent_oracle,3c5f6b3c9bd535cff7657364dadb2efc31f2ea48,51.0,0,2.31875,323.038113,21.526708,0.0,2,true,true,coarse_grid,false,governance.selection=pressure_max_under_constraints;seed=continuation
-0.35,independent_oracle,3c5f6b3c9bd535cff7657364dadb2efc31f2ea48,51.0,0,2.325,323.255237,21.527934,0.0,2,true,true,coarse_grid,false,governance.selection=pressure_max_under_constraints;seed=continuation
-0.35,independent_oracle,3c5f6b3c9bd535cff7657364dadb2efc31f2ea48,51.0,0,2.33125,323.473567,21.52917,0.0,2,true,true,coarse_grid,false,governance.selection=pressure_max_under_constraints;seed=continuation
-0.35,independent_oracle,3c5f6b3c9bd535cff7657364dadb2efc31f2ea48,51.0,0,2.3375,323.693055,21.530417,0.0,2,true,true,coarse_grid,false,governance.selection=pressure_max_under_constraints;seed=continuation
-0.35,independent_oracle,3c5f6b3c9bd535cff7657364dadb2efc31f2ea48,51.0,0,2.34375,323.913657,21.531673,0.0,2,true,true,coarse_grid,false,governance.selection=pressure_max_under_constraints;seed=continuation
-0.35,independent_oracle,3c5f6b3c9bd535cff7657364dadb2efc31f2ea48,51.0,0,2.35,324.135331,21.532938,0.0,2,true,true,coarse_grid,false,governance.selection=pressure_max_under_constraints;seed=continuation
-0.35,independent_oracle,3c5f6b3c9bd535cff7657364dadb2efc31f2ea48,51.0,0,2.35625,324.358032,21.534213,0.0,2,true,true,coarse_grid,false,governance.selection=pressure_max_under_constraints;seed=continuation
-0.35,independent_oracle,3c5f6b3c9bd535cff7657364dadb2efc31f2ea48,51.0,0,2.3625,324.581721,21.535497,0.0,2,true,true,coarse_grid,false,governance.selection=pressure_max_under_constraints;seed=continuation
-0.35,independent_oracle,3c5f6b3c9bd535cff7657364dadb2efc31f2ea48,51.0,0,2.36875,324.806359,21.536789,0.0,2,true,true,coarse_grid,false,governance.selection=pressure_max_under_constraints;seed=continuation
-0.35,independent_oracle,3c5f6b3c9bd535cff7657364dadb2efc31f2ea48,51.0,0,2.375,325.031906,21.538091,0.0,2,true,true,coarse_grid,false,governance.selection=pressure_max_under_constraints;seed=continuation
-0.35,independent_oracle,3c5f6b3c9bd535cff7657364dadb2efc31f2ea48,51.0,0,2.38125,325.258325,21.5394,0.0,2,true,true,coarse_grid,false,governance.selection=pressure_max_under_constraints;seed=continuation
-0.35,independent_oracle,3c5f6b3c9bd535cff7657364dadb2efc31f2ea48,51.0,0,2.3875,325.485581,21.540719,0.0,2,true,true,coarse_grid,false,governance.selection=pressure_max_under_constraints;seed=continuation
-0.35,independent_oracle,3c5f6b3c9bd535cff7657364dadb2efc31f2ea48,51.0,0,2.39375,325.713639,21.542045,0.0,2,true,true,coarse_grid,false,governance.selection=pressure_max_under_constraints;seed=continuation
-0.35,independent_oracle,3c5f6b3c9bd535cff7657364dadb2efc31f2ea48,51.0,0,2.4,325.942465,21.543379,0.0,2,true,true,coarse_grid,false,governance.selection=pressure_max_under_constraints;seed=continuation
-0.35,independent_oracle,3c5f6b3c9bd535cff7657364dadb2efc31f2ea48,51.0,0,2.40625,326.172026,21.544721,0.0,2,true,true,coarse_grid,false,governance.selection=pressure_max_under_constraints;seed=continuation
-0.35,independent_oracle,3c5f6b3c9bd535cff7657364dadb2efc31f2ea48,51.0,0,2.4125,326.402291,21.54607,0.0,2,true,true,coarse_grid,false,governance.selection=pressure_max_under_constraints;seed=continuation
-0.35,independent_oracle,3c5f6b3c9bd535cff7657364dadb2efc31f2ea48,51.0,0,2.41875,326.633229,21.547427,0.0,2,true,true,coarse_grid,false,governance.selection=pressure_max_under_constraints;seed=continuation
-0.35,independent_oracle,3c5f6b3c9bd535cff7657364dadb2efc31f2ea48,51.0,0,2.425,326.864811,21.548792,0.0,2,true,true,coarse_grid,false,governance.selection=pressure_max_under_constraints;seed=continuation
-0.35,independent_oracle,3c5f6b3c9bd535cff7657364dadb2efc31f2ea48,51.0,0,2.43125,327.097007,21.550163,0.0,2,true,true,coarse_grid,false,governance.selection=pressure_max_under_constraints;seed=continuation
-0.35,independent_oracle,3c5f6b3c9bd535cff7657364dadb2efc31f2ea48,51.0,0,2.4375,327.329791,21.551542,0.0,2,true,true,coarse_grid,false,governance.selection=pressure_max_under_constraints;seed=continuation
-0.35,independent_oracle,3c5f6b3c9bd535cff7657364dadb2efc31f2ea48,51.0,0,2.44375,327.563135,21.552927,0.0,2,true,true,coarse_grid,false,governance.selection=pressure_max_under_constraints;seed=continuation
-0.35,independent_oracle,3c5f6b3c9bd535cff7657364dadb2efc31f2ea48,51.0,0,2.45,327.797013,21.554319,0.0,2,true,true,coarse_grid,false,governance.selection=pressure_max_under_constraints;seed=continuation
-0.35,independent_oracle,3c5f6b3c9bd535cff7657364dadb2efc31f2ea48,51.0,0,2.45625,328.0314,21.555718,0.0,2,true,true,coarse_grid,false,governance.selection=pressure_max_under_constraints;seed=continuation
-0.35,independent_oracle,3c5f6b3c9bd535cff7657364dadb2efc31f2ea48,51.0,0,2.4625,328.266272,21.557123,0.0,2,true,true,coarse_grid,false,governance.selection=pressure_max_under_constraints;seed=continuation
-0.35,independent_oracle,3c5f6b3c9bd535cff7657364dadb2efc31f2ea48,51.0,0,2.46875,328.501605,21.558534,0.0,2,true,true,coarse_grid,false,governance.selection=pressure_max_under_constraints;seed=continuation
-0.35,independent_oracle,3c5f6b3c9bd535cff7657364dadb2efc31f2ea48,51.0,0,2.475,328.737376,21.559952,0.0,2,true,true,coarse_grid,false,governance.selection=pressure_max_under_constraints;seed=continuation
-0.35,independent_oracle,3c5f6b3c9bd535cff7657364dadb2efc31f2ea48,51.0,0,2.48125,328.973564,21.561376,0.0,2,true,true,coarse_grid,false,governance.selection=pressure_max_under_constraints;seed=continuation
-0.35,independent_oracle,3c5f6b3c9bd535cff7657364dadb2efc31f2ea48,51.0,0,2.4875,329.210146,21.562805,0.0,2,true,true,coarse_grid,false,governance.selection=pressure_max_under_constraints;seed=continuation
-0.35,independent_oracle,3c5f6b3c9bd535cff7657364dadb2efc31f2ea48,51.0,0,2.49375,329.447103,21.564241,0.0,2,true,true,coarse_grid,false,governance.selection=pressure_max_under_constraints;seed=continuation
-0.35,independent_oracle,3c5f6b3c9bd535cff7657364dadb2efc31f2ea48,51.0,0,2.5,329.684414,21.565682,0.0,2,true,true,coarse_grid,false,governance.selection=pressure_max_under_constraints;seed=continuation
-0.35,independent_oracle,3c5f6b3c9bd535cff7657364dadb2efc31f2ea48,51.0,0,2.50625,329.92206,21.567129,0.0,2,true,true,coarse_grid,false,governance.selection=pressure_max_under_constraints;seed=continuation
-0.35,independent_oracle,3c5f6b3c9bd535cff7657364dadb2efc31f2ea48,51.0,0,2.5125,330.160022,21.568582,0.0,2,true,true,coarse_grid,false,governance.selection=pressure_max_under_constraints;seed=continuation
-0.35,independent_oracle,3c5f6b3c9bd535cff7657364dadb2efc31f2ea48,51.0,0,2.51875,330.398282,21.57004,0.0,2,true,true,coarse_grid,false,governance.selection=pressure_max_under_constraints;seed=continuation
-0.35,independent_oracle,3c5f6b3c9bd535cff7657364dadb2efc31f2ea48,51.0,0,2.525,330.636822,21.571503,0.0,2,true,true,coarse_grid,false,governance.selection=pressure_max_under_constraints;seed=continuation
-0.35,independent_oracle,3c5f6b3c9bd535cff7657364dadb2efc31f2ea48,51.0,0,2.53125,330.875626,21.572972,0.0,2,true,true,coarse_grid,false,governance.selection=pressure_max_under_constraints;seed=continuation
-0.35,independent_oracle,3c5f6b3c9bd535cff7657364dadb2efc31f2ea48,51.0,0,2.5375,331.114677,21.574445,0.0,2,true,true,coarse_grid,false,governance.selection=pressure_max_under_constraints;seed=continuation
-0.35,independent_oracle,3c5f6b3c9bd535cff7657364dadb2efc31f2ea48,51.0,0,2.54375,331.353959,21.575924,0.0,2,true,true,coarse_grid,false,governance.selection=pressure_max_under_constraints;seed=continuation
-0.35,independent_oracle,3c5f6b3c9bd535cff7657364dadb2efc31f2ea48,51.0,0,2.55,331.593457,21.577408,0.0,2,true,true,coarse_grid,false,governance.selection=pressure_max_under_constraints;seed=continuation
-0.35,independent_oracle,3c5f6b3c9bd535cff7657364dadb2efc31f2ea48,51.0,0,2.55625,331.833155,21.578897,0.0,2,true,true,coarse_grid,false,governance.selection=pressure_max_under_constraints;seed=continuation
-0.35,independent_oracle,3c5f6b3c9bd535cff7657364dadb2efc31f2ea48,51.0,0,2.5625,332.07304,21.58039,0.0,2,true,true,coarse_grid,false,governance.selection=pressure_max_under_constraints;seed=continuation
-0.35,independent_oracle,3c5f6b3c9bd535cff7657364dadb2efc31f2ea48,51.0,0,2.56875,332.313097,21.581888,0.0,2,true,true,coarse_grid,false,governance.selection=pressure_max_under_constraints;seed=continuation
-0.35,independent_oracle,3c5f6b3c9bd535cff7657364dadb2efc31f2ea48,51.0,0,2.575,332.553312,21.583391,0.0,2,true,true,coarse_grid,false,governance.selection=pressure_max_under_constraints;seed=continuation
-0.35,independent_oracle,3c5f6b3c9bd535cff7657364dadb2efc31f2ea48,51.0,0,2.58125,332.793674,21.584898,0.0,2,true,true,coarse_grid,false,governance.selection=pressure_max_under_constraints;seed=continuation
-0.35,independent_oracle,3c5f6b3c9bd535cff7657364dadb2efc31f2ea48,51.0,0,2.5875,333.034169,21.58641,0.0,2,true,true,coarse_grid,false,governance.selection=pressure_max_under_constraints;seed=continuation
-0.35,independent_oracle,3c5f6b3c9bd535cff7657364dadb2efc31f2ea48,51.0,0,2.59375,333.274785,21.587927,0.0,2,true,true,coarse_grid,false,governance.selection=pressure_max_under_constraints;seed=continuation
-0.35,independent_oracle,3c5f6b3c9bd535cff7657364dadb2efc31f2ea48,51.0,0,2.6,333.515509,21.589447,0.0,2,true,true,coarse_grid,false,governance.selection=pressure_max_under_constraints;seed=continuation
-0.35,independent_oracle,3c5f6b3c9bd535cff7657364dadb2efc31f2ea48,51.0,0,2.60625,333.756331,21.590972,0.0,2,true,true,coarse_grid,false,governance.selection=pressure_max_under_constraints;seed=continuation
-0.35,independent_oracle,3c5f6b3c9bd535cff7657364dadb2efc31f2ea48,51.0,0,2.6125,333.997239,21.592501,0.0,2,true,true,coarse_grid,false,governance.selection=pressure_max_under_constraints;seed=continuation
-0.35,independent_oracle,3c5f6b3c9bd535cff7657364dadb2efc31f2ea48,51.0,0,2.61875,334.238223,21.594035,0.0,2,true,true,coarse_grid,false,governance.selection=pressure_max_under_constraints;seed=continuation
-0.35,independent_oracle,3c5f6b3c9bd535cff7657364dadb2efc31f2ea48,51.0,0,2.625,334.479272,21.595572,0.0,2,true,true,coarse_grid,false,governance.selection=pressure_max_under_constraints;seed=continuation
-0.35,independent_oracle,3c5f6b3c9bd535cff7657364dadb2efc31f2ea48,51.0,0,2.63125,334.720377,21.597113,0.0,2,true,true,coarse_grid,false,governance.selection=pressure_max_under_constraints;seed=continuation
-0.35,independent_oracle,3c5f6b3c9bd535cff7657364dadb2efc31f2ea48,51.0,0,2.6375,334.961526,21.598659,0.0,2,true,true,coarse_grid,false,governance.selection=pressure_max_under_constraints;seed=continuation
-0.35,independent_oracle,3c5f6b3c9bd535cff7657364dadb2efc31f2ea48,51.0,0,2.64375,335.202711,21.600208,0.0,2,true,true,coarse_grid,false,governance.selection=pressure_max_under_constraints;seed=continuation
-0.35,independent_oracle,3c5f6b3c9bd535cff7657364dadb2efc31f2ea48,51.0,0,2.65,335.443923,21.601761,0.0,2,true,true,coarse_grid,false,governance.selection=pressure_max_under_constraints;seed=continuation
-0.35,independent_oracle,3c5f6b3c9bd535cff7657364dadb2efc31f2ea48,51.0,0,2.65625,335.685152,21.603318,0.0,2,true,true,coarse_grid,false,governance.selection=pressure_max_under_constraints;seed=continuation
-0.35,independent_oracle,3c5f6b3c9bd535cff7657364dadb2efc31f2ea48,51.0,0,2.6625,335.926391,21.604878,0.0,2,true,true,coarse_grid,false,governance.selection=pressure_max_under_constraints;seed=continuation
-0.35,independent_oracle,3c5f6b3c9bd535cff7657364dadb2efc31f2ea48,51.0,0,2.66875,336.167631,21.606443,0.0,2,true,true,coarse_grid,false,governance.selection=pressure_max_under_constraints;seed=continuation
-0.35,independent_oracle,3c5f6b3c9bd535cff7657364dadb2efc31f2ea48,51.0,0,2.675,336.408863,21.60801,0.0,2,true,true,coarse_grid,false,governance.selection=pressure_max_under_constraints;seed=continuation
-0.35,independent_oracle,3c5f6b3c9bd535cff7657364dadb2efc31f2ea48,51.0,0,2.68125,336.65008,21.609582,0.0,2,true,true,coarse_grid,false,governance.selection=pressure_max_under_constraints;seed=continuation
-0.35,independent_oracle,3c5f6b3c9bd535cff7657364dadb2efc31f2ea48,51.0,0,2.6875,336.891275,21.611157,0.0,2,true,true,coarse_grid,false,governance.selection=pressure_max_under_constraints;seed=continuation
-0.35,independent_oracle,3c5f6b3c9bd535cff7657364dadb2efc31f2ea48,51.0,0,2.69375,337.13244,21.612735,0.0,2,true,true,coarse_grid,false,governance.selection=pressure_max_under_constraints;seed=continuation
-0.35,independent_oracle,3c5f6b3c9bd535cff7657364dadb2efc31f2ea48,51.0,0,2.7,337.373568,21.614317,0.0,2,true,true,coarse_grid,false,governance.selection=pressure_max_under_constraints;seed=continuation
-0.35,independent_oracle,3c5f6b3c9bd535cff7657364dadb2efc31f2ea48,51.0,0,2.70625,337.614652,21.615902,0.0,2,true,true,coarse_grid,false,governance.selection=pressure_max_under_constraints;seed=continuation
-0.35,independent_oracle,3c5f6b3c9bd535cff7657364dadb2efc31f2ea48,51.0,0,2.7125,337.855685,21.617491,0.0,2,true,true,coarse_grid,false,governance.selection=pressure_max_under_constraints;seed=continuation
-0.35,independent_oracle,3c5f6b3c9bd535cff7657364dadb2efc31f2ea48,51.0,0,2.71875,338.096662,21.619083,0.0,2,true,true,coarse_grid,false,governance.selection=pressure_max_under_constraints;seed=continuation
-0.35,independent_oracle,3c5f6b3c9bd535cff7657364dadb2efc31f2ea48,51.0,0,2.725,338.337575,21.620678,0.0,2,true,true,coarse_grid,false,governance.selection=pressure_max_under_constraints;seed=continuation
-0.35,independent_oracle,3c5f6b3c9bd535cff7657364dadb2efc31f2ea48,51.0,0,2.73125,338.578419,21.622276,0.0,2,true,true,coarse_grid,false,governance.selection=pressure_max_under_constraints;seed=continuation
-0.35,independent_oracle,3c5f6b3c9bd535cff7657364dadb2efc31f2ea48,51.0,0,2.7375,338.819188,21.623877,0.0,2,true,true,coarse_grid,false,governance.selection=pressure_max_under_constraints;seed=continuation
-0.35,independent_oracle,3c5f6b3c9bd535cff7657364dadb2efc31f2ea48,51.0,0,2.74375,339.059877,21.625482,0.0,2,true,true,coarse_grid,false,governance.selection=pressure_max_under_constraints;seed=continuation
-0.35,independent_oracle,3c5f6b3c9bd535cff7657364dadb2efc31f2ea48,51.0,0,2.75,339.300479,21.62709,0.0,2,true,true,coarse_grid,false,governance.selection=pressure_max_under_constraints;seed=continuation
-0.35,independent_oracle,3c5f6b3c9bd535cff7657364dadb2efc31f2ea48,51.0,0,2.75625,339.54099,21.6287,0.0,2,true,true,coarse_grid,false,governance.selection=pressure_max_under_constraints;seed=continuation
-0.35,independent_oracle,3c5f6b3c9bd535cff7657364dadb2efc31f2ea48,51.0,0,2.7625,339.781404,21.630314,0.0,2,true,true,coarse_grid,false,governance.selection=pressure_max_under_constraints;seed=continuation
-0.35,independent_oracle,3c5f6b3c9bd535cff7657364dadb2efc31f2ea48,51.0,0,2.76875,340.021717,21.631931,0.0,2,true,true,coarse_grid,false,governance.selection=pressure_max_under_constraints;seed=continuation
-0.35,independent_oracle,3c5f6b3c9bd535cff7657364dadb2efc31f2ea48,51.0,0,2.775,340.261923,21.63355,0.0,2,true,true,coarse_grid,false,governance.selection=pressure_max_under_constraints;seed=continuation
-0.35,independent_oracle,3c5f6b3c9bd535cff7657364dadb2efc31f2ea48,51.0,0,2.78125,340.502018,21.635173,0.0,2,true,true,coarse_grid,false,governance.selection=pressure_max_under_constraints;seed=continuation
-0.35,independent_oracle,3c5f6b3c9bd535cff7657364dadb2efc31f2ea48,51.0,0,2.7875,340.741998,21.636798,0.0,2,true,true,coarse_grid,false,governance.selection=pressure_max_under_constraints;seed=continuation
-0.35,independent_oracle,3c5f6b3c9bd535cff7657364dadb2efc31f2ea48,51.0,0,2.79375,340.981857,21.638427,0.0,2,true,true,coarse_grid,false,governance.selection=pressure_max_under_constraints;seed=continuation
-0.35,independent_oracle,3c5f6b3c9bd535cff7657364dadb2efc31f2ea48,51.0,0,2.8,341.221592,21.640058,0.0,2,true,true,coarse_grid,false,governance.selection=pressure_max_under_constraints;seed=continuation
-0.35,independent_oracle,3c5f6b3c9bd535cff7657364dadb2efc31f2ea48,51.0,0,2.80625,341.461199,21.641691,0.0,2,true,true,coarse_grid,false,governance.selection=pressure_max_under_constraints;seed=continuation
-0.35,independent_oracle,3c5f6b3c9bd535cff7657364dadb2efc31f2ea48,51.0,0,2.8125,341.700674,21.643328,0.0,2,true,true,coarse_grid,false,governance.selection=pressure_max_under_constraints;seed=continuation
-0.35,independent_oracle,3c5f6b3c9bd535cff7657364dadb2efc31f2ea48,51.0,0,2.81875,341.940013,21.644967,0.0,2,true,true,coarse_grid,false,governance.selection=pressure_max_under_constraints;seed=continuation
-0.35,independent_oracle,3c5f6b3c9bd535cff7657364dadb2efc31f2ea48,51.0,0,2.825,342.179211,21.646609,0.0,2,true,true,coarse_grid,false,governance.selection=pressure_max_under_constraints;seed=continuation
-0.35,independent_oracle,3c5f6b3c9bd535cff7657364dadb2efc31f2ea48,51.0,0,2.83125,342.418266,21.648254,0.0,2,true,true,coarse_grid,false,governance.selection=pressure_max_under_constraints;seed=continuation
-0.35,independent_oracle,3c5f6b3c9bd535cff7657364dadb2efc31f2ea48,51.0,0,2.8375,342.657175,21.649901,0.0,2,true,true,coarse_grid,false,governance.selection=pressure_max_under_constraints;seed=continuation
-0.35,independent_oracle,3c5f6b3c9bd535cff7657364dadb2efc31f2ea48,51.0,0,2.84375,342.895933,21.651551,0.0,2,true,true,coarse_grid,false,governance.selection=pressure_max_under_constraints;seed=continuation
-0.35,independent_oracle,3c5f6b3c9bd535cff7657364dadb2efc31f2ea48,51.0,0,2.85,343.134537,21.653203,0.0,2,true,true,coarse_grid,false,governance.selection=pressure_max_under_constraints;seed=continuation
-0.35,independent_oracle,3c5f6b3c9bd535cff7657364dadb2efc31f2ea48,51.0,0,2.85625,343.372984,21.654858,0.0,2,true,true,coarse_grid,false,governance.selection=pressure_max_under_constraints;seed=continuation
-0.35,independent_oracle,3c5f6b3c9bd535cff7657364dadb2efc31f2ea48,51.0,0,2.8625,343.611272,21.656515,0.0,2,true,true,coarse_grid,false,governance.selection=pressure_max_under_constraints;seed=continuation
-0.35,independent_oracle,3c5f6b3c9bd535cff7657364dadb2efc31f2ea48,51.0,0,2.86875,343.849397,21.658175,0.0,2,true,true,coarse_grid,false,governance.selection=pressure_max_under_constraints;seed=continuation
-0.35,independent_oracle,3c5f6b3c9bd535cff7657364dadb2efc31f2ea48,51.0,0,2.875,344.087356,21.659837,0.0,2,true,true,coarse_grid,false,governance.selection=pressure_max_under_constraints;seed=continuation
-0.35,independent_oracle,3c5f6b3c9bd535cff7657364dadb2efc31f2ea48,51.0,0,2.88125,344.325147,21.661502,0.0,2,true,true,coarse_grid,false,governance.selection=pressure_max_under_constraints;seed=continuation
-0.35,independent_oracle,3c5f6b3c9bd535cff7657364dadb2efc31f2ea48,51.0,0,2.8875,344.562767,21.663169,0.0,2,true,true,coarse_grid,false,governance.selection=pressure_max_under_constraints;seed=continuation
-0.35,independent_oracle,3c5f6b3c9bd535cff7657364dadb2efc31f2ea48,51.0,0,2.89375,344.800213,21.664839,0.0,2,true,true,coarse_grid,false,governance.selection=pressure_max_under_constraints;seed=continuation
-0.35,independent_oracle,3c5f6b3c9bd535cff7657364dadb2efc31f2ea48,51.0,0,2.9,345.037483,21.666511,0.0,2,true,true,coarse_grid,false,governance.selection=pressure_max_under_constraints;seed=continuation
-0.35,independent_oracle,3c5f6b3c9bd535cff7657364dadb2efc31f2ea48,51.0,0,2.90625,345.274574,21.668185,0.0,2,true,true,coarse_grid,false,governance.selection=pressure_max_under_constraints;seed=continuation
-0.35,independent_oracle,3c5f6b3c9bd535cff7657364dadb2efc31f2ea48,51.0,0,2.9125,345.511485,21.669862,0.0,2,true,true,coarse_grid,false,governance.selection=pressure_max_under_constraints;seed=continuation
-0.35,independent_oracle,3c5f6b3c9bd535cff7657364dadb2efc31f2ea48,51.0,0,2.91875,345.748212,21.671541,0.0,2,true,true,coarse_grid,false,governance.selection=pressure_max_under_constraints;seed=continuation
-0.35,independent_oracle,3c5f6b3c9bd535cff7657364dadb2efc31f2ea48,51.0,0,2.925,345.984753,21.673222,0.0,2,true,true,coarse_grid,false,governance.selection=pressure_max_under_constraints;seed=continuation
-0.35,independent_oracle,3c5f6b3c9bd535cff7657364dadb2efc31f2ea48,51.0,0,2.93125,346.221107,21.674906,0.0,2,true,true,coarse_grid,false,governance.selection=pressure_max_under_constraints;seed=continuation
-0.35,independent_oracle,3c5f6b3c9bd535cff7657364dadb2efc31f2ea48,51.0,0,2.9375,346.457272,21.676591,0.0,2,true,true,coarse_grid,false,governance.selection=pressure_max_under_constraints;seed=continuation
-0.35,independent_oracle,3c5f6b3c9bd535cff7657364dadb2efc31f2ea48,51.0,0,2.94375,346.693244,21.678279,0.0,2,true,true,coarse_grid,false,governance.selection=pressure_max_under_constraints;seed=continuation
-0.35,independent_oracle,3c5f6b3c9bd535cff7657364dadb2efc31f2ea48,51.0,0,2.95,346.929024,21.679969,0.0,2,true,true,coarse_grid,false,governance.selection=pressure_max_under_constraints;seed=continuation
-0.35,independent_oracle,3c5f6b3c9bd535cff7657364dadb2efc31f2ea48,51.0,0,2.95625,347.164608,21.681662,0.0,2,true,true,coarse_grid,false,governance.selection=pressure_max_under_constraints;seed=continuation
-0.35,independent_oracle,3c5f6b3c9bd535cff7657364dadb2efc31f2ea48,51.0,0,2.9625,347.399994,21.683356,0.0,2,true,true,coarse_grid,false,governance.selection=pressure_max_under_constraints;seed=continuation
-0.35,independent_oracle,3c5f6b3c9bd535cff7657364dadb2efc31f2ea48,51.0,0,2.96875,347.635182,21.685053,0.0,2,true,true,coarse_grid,false,governance.selection=pressure_max_under_constraints;seed=continuation
-0.35,independent_oracle,3c5f6b3c9bd535cff7657364dadb2efc31f2ea48,51.0,0,2.975,347.87017,21.686752,0.0,2,true,true,coarse_grid,false,governance.selection=pressure_max_under_constraints;seed=continuation
-0.35,independent_oracle,3c5f6b3c9bd535cff7657364dadb2efc31f2ea48,51.0,0,2.98125,348.104955,21.688452,0.0,2,true,true,coarse_grid,false,governance.selection=pressure_max_under_constraints;seed=continuation
-0.35,independent_oracle,3c5f6b3c9bd535cff7657364dadb2efc31f2ea48,51.0,0,2.9875,348.339537,21.690155,0.0,2,true,true,coarse_grid,false,governance.selection=pressure_max_under_constraints;seed=continuation
-0.35,independent_oracle,3c5f6b3c9bd535cff7657364dadb2efc31f2ea48,51.0,0,2.99375,348.573913,21.69186,0.0,2,true,true,coarse_grid,false,governance.selection=pressure_max_under_constraints;seed=continuation
-0.35,independent_oracle,3c5f6b3c9bd535cff7657364dadb2efc31f2ea48,51.0,0,3.0,348.808083,21.693567,0.0,2,true,true,coarse_grid,false,governance.selection=pressure_max_under_constraints;seed=continuation
-0.35,independent_oracle,3c5f6b3c9bd535cff7657364dadb2efc31f2ea48,51.0,0,3.00625,349.042045,21.695277,0.0,2,true,true,coarse_grid,false,governance.selection=pressure_max_under_constraints;seed=continuation
-0.35,independent_oracle,3c5f6b3c9bd535cff7657364dadb2efc31f2ea48,51.0,0,3.0125,349.275797,21.696988,0.0,2,true,true,coarse_grid,false,governance.selection=pressure_max_under_constraints;seed=continuation
-0.35,independent_oracle,3c5f6b3c9bd535cff7657364dadb2efc31f2ea48,51.0,0,3.01875,349.509339,21.698701,0.0,2,true,true,coarse_grid,false,governance.selection=pressure_max_under_constraints;seed=continuation
-0.35,independent_oracle,3c5f6b3c9bd535cff7657364dadb2efc31f2ea48,51.0,0,3.025,349.742669,21.700416,0.0,2,true,true,coarse_grid,false,governance.selection=pressure_max_under_constraints;seed=continuation
-0.35,independent_oracle,3c5f6b3c9bd535cff7657364dadb2efc31f2ea48,51.0,0,3.03125,349.975785,21.702133,0.0,2,true,true,coarse_grid,false,governance.selection=pressure_max_under_constraints;seed=continuation
-0.35,independent_oracle,3c5f6b3c9bd535cff7657364dadb2efc31f2ea48,51.0,0,3.0375,350.208688,21.703852,0.0,2,true,true,coarse_grid,false,governance.selection=pressure_max_under_constraints;seed=continuation
-0.35,independent_oracle,3c5f6b3c9bd535cff7657364dadb2efc31f2ea48,51.0,0,3.04375,350.441375,21.705573,0.0,2,true,true,coarse_grid,false,governance.selection=pressure_max_under_constraints;seed=continuation
-0.35,independent_oracle,3c5f6b3c9bd535cff7657364dadb2efc31f2ea48,51.0,0,3.05,350.673846,21.707296,0.0,2,true,true,coarse_grid,false,governance.selection=pressure_max_under_constraints;seed=continuation
-0.35,independent_oracle,3c5f6b3c9bd535cff7657364dadb2efc31f2ea48,51.0,0,3.05625,350.906099,21.709021,0.0,2,true,true,coarse_grid,false,governance.selection=pressure_max_under_constraints;seed=continuation
-0.35,independent_oracle,3c5f6b3c9bd535cff7657364dadb2efc31f2ea48,51.0,0,3.0625,351.138134,21.710748,0.0,2,true,true,coarse_grid,false,governance.selection=pressure_max_under_constraints;seed=continuation
-0.35,independent_oracle,3c5f6b3c9bd535cff7657364dadb2efc31f2ea48,51.0,0,3.06875,351.369949,21.712477,0.0,2,true,true,coarse_grid,false,governance.selection=pressure_max_under_constraints;seed=continuation
-0.35,independent_oracle,3c5f6b3c9bd535cff7657364dadb2efc31f2ea48,51.0,0,3.075,351.601544,21.714207,0.0,2,true,true,coarse_grid,false,governance.selection=pressure_max_under_constraints;seed=continuation
-0.35,independent_oracle,3c5f6b3c9bd535cff7657364dadb2efc31f2ea48,51.0,0,3.08125,351.832918,21.71594,0.0,2,true,true,coarse_grid,false,governance.selection=pressure_max_under_constraints;seed=continuation
-0.35,independent_oracle,3c5f6b3c9bd535cff7657364dadb2efc31f2ea48,51.0,0,3.0875,352.06407,21.717674,0.0,2,true,true,coarse_grid,false,governance.selection=pressure_max_under_constraints;seed=continuation
-0.35,independent_oracle,3c5f6b3c9bd535cff7657364dadb2efc31f2ea48,51.0,0,3.09375,352.294999,21.71941,0.0,2,true,true,coarse_grid,false,governance.selection=pressure_max_under_constraints;seed=continuation
-0.35,independent_oracle,3c5f6b3c9bd535cff7657364dadb2efc31f2ea48,51.0,0,3.1,352.525705,21.721148,0.0,2,true,true,coarse_grid,false,governance.selection=pressure_max_under_constraints;seed=continuation
-0.35,independent_oracle,3c5f6b3c9bd535cff7657364dadb2efc31f2ea48,51.0,0,3.10625,352.756186,21.722888,0.0,2,true,true,coarse_grid,false,governance.selection=pressure_max_under_constraints;seed=continuation
-0.35,independent_oracle,3c5f6b3c9bd535cff7657364dadb2efc31f2ea48,51.0,0,3.1125,352.986442,21.724629,0.0,2,true,true,coarse_grid,false,governance.selection=pressure_max_under_constraints;seed=continuation
-0.35,independent_oracle,3c5f6b3c9bd535cff7657364dadb2efc31f2ea48,51.0,0,3.11875,353.216472,21.726373,0.0,2,true,true,coarse_grid,false,governance.selection=pressure_max_under_constraints;seed=continuation
-0.35,independent_oracle,3c5f6b3c9bd535cff7657364dadb2efc31f2ea48,51.0,0,3.125,353.446276,21.728118,0.0,2,true,true,coarse_grid,false,governance.selection=pressure_max_under_constraints;seed=continuation
-0.35,independent_oracle,3c5f6b3c9bd535cff7657364dadb2efc31f2ea48,51.0,0,3.13125,353.675853,21.729865,0.0,2,true,true,coarse_grid,false,governance.selection=pressure_max_under_constraints;seed=continuation
-0.35,independent_oracle,3c5f6b3c9bd535cff7657364dadb2efc31f2ea48,51.0,0,3.1375,353.905202,21.731613,0.0,2,true,true,coarse_grid,false,governance.selection=pressure_max_under_constraints;seed=continuation
-0.35,independent_oracle,3c5f6b3c9bd535cff7657364dadb2efc31f2ea48,51.0,0,3.14375,354.134324,21.733364,0.0,2,true,true,coarse_grid,false,governance.selection=pressure_max_under_constraints;seed=continuation
-0.35,independent_oracle,3c5f6b3c9bd535cff7657364dadb2efc31f2ea48,51.0,0,3.15,354.363216,21.735116,0.0,2,true,true,coarse_grid,false,governance.selection=pressure_max_under_constraints;seed=continuation
-0.35,independent_oracle,3c5f6b3c9bd535cff7657364dadb2efc31f2ea48,51.0,0,3.15625,354.591879,21.73687,0.0,2,true,true,coarse_grid,false,governance.selection=pressure_max_under_constraints;seed=continuation
-0.35,independent_oracle,3c5f6b3c9bd535cff7657364dadb2efc31f2ea48,51.0,0,3.1625,354.820313,21.738625,0.0,2,true,true,coarse_grid,false,governance.selection=pressure_max_under_constraints;seed=continuation
-0.35,independent_oracle,3c5f6b3c9bd535cff7657364dadb2efc31f2ea48,51.0,0,3.16875,355.048516,21.740382,0.0,2,true,true,coarse_grid,false,governance.selection=pressure_max_under_constraints;seed=continuation
-0.35,independent_oracle,3c5f6b3c9bd535cff7657364dadb2efc31f2ea48,51.0,0,3.175,355.276489,21.742141,0.0,2,true,true,coarse_grid,false,governance.selection=pressure_max_under_constraints;seed=continuation
-0.35,independent_oracle,3c5f6b3c9bd535cff7657364dadb2efc31f2ea48,51.0,0,3.18125,355.504231,21.743902,0.0,2,true,true,coarse_grid,false,governance.selection=pressure_max_under_constraints;seed=continuation
-0.35,independent_oracle,3c5f6b3c9bd535cff7657364dadb2efc31f2ea48,51.0,0,3.1875,355.731742,21.745664,0.0,2,true,true,coarse_grid,false,governance.selection=pressure_max_under_constraints;seed=continuation
-0.35,independent_oracle,3c5f6b3c9bd535cff7657364dadb2efc31f2ea48,51.0,0,3.19375,355.95902,21.747428,0.0,2,true,true,coarse_grid,false,governance.selection=pressure_max_under_constraints;seed=continuation
-0.35,independent_oracle,3c5f6b3c9bd535cff7657364dadb2efc31f2ea48,51.0,0,3.2,356.186067,21.749194,0.0,2,true,true,coarse_grid,false,governance.selection=pressure_max_under_constraints;seed=continuation
-0.35,independent_oracle,3c5f6b3c9bd535cff7657364dadb2efc31f2ea48,51.0,0,3.20625,356.412881,21.750961,0.0,2,true,true,coarse_grid,false,governance.selection=pressure_max_under_constraints;seed=continuation
-0.35,independent_oracle,3c5f6b3c9bd535cff7657364dadb2efc31f2ea48,51.0,0,3.2125,356.639462,21.75273,0.0,2,true,true,coarse_grid,false,governance.selection=pressure_max_under_constraints;seed=continuation
-0.35,independent_oracle,3c5f6b3c9bd535cff7657364dadb2efc31f2ea48,51.0,0,3.21875,356.865811,21.754501,0.0,2,true,true,coarse_grid,false,governance.selection=pressure_max_under_constraints;seed=continuation
-0.35,independent_oracle,3c5f6b3c9bd535cff7657364dadb2efc31f2ea48,51.0,0,3.225,357.091926,21.756273,0.0,2,true,true,coarse_grid,false,governance.selection=pressure_max_under_constraints;seed=continuation
-0.35,independent_oracle,3c5f6b3c9bd535cff7657364dadb2efc31f2ea48,51.0,0,3.23125,357.317807,21.758046,0.0,2,true,true,coarse_grid,false,governance.selection=pressure_max_under_constraints;seed=continuation
-0.35,independent_oracle,3c5f6b3c9bd535cff7657364dadb2efc31f2ea48,51.0,0,3.2375,357.543455,21.759822,0.0,2,true,true,coarse_grid,false,governance.selection=pressure_max_under_constraints;seed=continuation
-0.35,independent_oracle,3c5f6b3c9bd535cff7657364dadb2efc31f2ea48,51.0,0,3.24375,357.768869,21.761599,0.0,2,true,true,coarse_grid,false,governance.selection=pressure_max_under_constraints;seed=continuation
-0.35,independent_oracle,3c5f6b3c9bd535cff7657364dadb2efc31f2ea48,51.0,0,3.25,357.994049,21.763377,0.0,2,true,true,coarse_grid,false,governance.selection=pressure_max_under_constraints;seed=continuation
-0.35,independent_oracle,3c5f6b3c9bd535cff7657364dadb2efc31f2ea48,51.0,0,3.25625,358.218994,21.765157,0.0,2,true,true,coarse_grid,false,governance.selection=pressure_max_under_constraints;seed=continuation
-0.35,independent_oracle,3c5f6b3c9bd535cff7657364dadb2efc31f2ea48,51.0,0,3.2625,358.443704,21.766939,0.0,2,true,true,coarse_grid,false,governance.selection=pressure_max_under_constraints;seed=continuation
-0.35,independent_oracle,3c5f6b3c9bd535cff7657364dadb2efc31f2ea48,51.0,0,3.26875,358.66818,21.768722,0.0,2,true,true,coarse_grid,false,governance.selection=pressure_max_under_constraints;seed=continuation
-0.35,independent_oracle,3c5f6b3c9bd535cff7657364dadb2efc31f2ea48,51.0,0,3.275,358.892422,21.770507,0.0,2,true,true,coarse_grid,false,governance.selection=pressure_max_under_constraints;seed=continuation
-0.35,independent_oracle,3c5f6b3c9bd535cff7657364dadb2efc31f2ea48,51.0,0,3.28125,359.116428,21.772293,0.0,2,true,true,coarse_grid,false,governance.selection=pressure_max_under_constraints;seed=continuation
-0.35,independent_oracle,3c5f6b3c9bd535cff7657364dadb2efc31f2ea48,51.0,0,3.2875,359.340199,21.774081,0.0,2,true,true,coarse_grid,false,governance.selection=pressure_max_under_constraints;seed=continuation
-0.35,independent_oracle,3c5f6b3c9bd535cff7657364dadb2efc31f2ea48,51.0,0,3.29375,359.563735,21.77587,0.0,2,true,true,coarse_grid,false,governance.selection=pressure_max_under_constraints;seed=continuation
-0.35,independent_oracle,3c5f6b3c9bd535cff7657364dadb2efc31f2ea48,51.0,0,3.3,359.787036,21.777661,0.0,2,true,true,coarse_grid,false,governance.selection=pressure_max_under_constraints;seed=continuation
-0.35,independent_oracle,3c5f6b3c9bd535cff7657364dadb2efc31f2ea48,51.0,0,3.30625,360.010102,21.779453,0.0,2,true,true,coarse_grid,false,governance.selection=pressure_max_under_constraints;seed=continuation
-0.35,independent_oracle,3c5f6b3c9bd535cff7657364dadb2efc31f2ea48,51.0,0,3.3125,360.232932,21.781247,0.0,2,true,true,coarse_grid,false,governance.selection=pressure_max_under_constraints;seed=continuation
-0.35,independent_oracle,3c5f6b3c9bd535cff7657364dadb2efc31f2ea48,51.0,0,3.31875,360.455527,21.783042,0.0,2,true,true,coarse_grid,false,governance.selection=pressure_max_under_constraints;seed=continuation
-0.35,independent_oracle,3c5f6b3c9bd535cff7657364dadb2efc31f2ea48,51.0,0,3.325,360.677886,21.784839,0.0,2,true,true,coarse_grid,false,governance.selection=pressure_max_under_constraints;seed=continuation
-0.35,independent_oracle,3c5f6b3c9bd535cff7657364dadb2efc31f2ea48,51.0,0,3.33125,360.90001,21.786637,0.0,2,true,true,coarse_grid,false,governance.selection=pressure_max_under_constraints;seed=continuation
-0.35,independent_oracle,3c5f6b3c9bd535cff7657364dadb2efc31f2ea48,51.0,0,3.3375,361.121899,21.788437,0.0,2,true,true,coarse_grid,false,governance.selection=pressure_max_under_constraints;seed=continuation
-0.35,independent_oracle,3c5f6b3c9bd535cff7657364dadb2efc31f2ea48,51.0,0,3.34375,361.343553,21.790238,0.0,2,true,true,coarse_grid,false,governance.selection=pressure_max_under_constraints;seed=continuation
-0.35,independent_oracle,3c5f6b3c9bd535cff7657364dadb2efc31f2ea48,51.0,0,3.35,361.564971,21.792041,0.0,2,true,true,coarse_grid,false,governance.selection=pressure_max_under_constraints;seed=continuation
-0.35,independent_oracle,3c5f6b3c9bd535cff7657364dadb2efc31f2ea48,51.0,0,3.35625,361.786153,21.793845,0.0,2,true,true,coarse_grid,false,governance.selection=pressure_max_under_constraints;seed=continuation
-0.35,independent_oracle,3c5f6b3c9bd535cff7657364dadb2efc31f2ea48,51.0,0,3.3625,362.007101,21.79565,0.0,2,true,true,coarse_grid,false,governance.selection=pressure_max_under_constraints;seed=continuation
-0.35,independent_oracle,3c5f6b3c9bd535cff7657364dadb2efc31f2ea48,51.0,0,3.36875,362.227813,21.797457,0.0,2,true,true,coarse_grid,false,governance.selection=pressure_max_under_constraints;seed=continuation
-0.35,independent_oracle,3c5f6b3c9bd535cff7657364dadb2efc31f2ea48,51.0,0,3.375,362.44829,21.799266,0.0,2,true,true,coarse_grid,false,governance.selection=pressure_max_under_constraints;seed=continuation
-0.35,independent_oracle,3c5f6b3c9bd535cff7657364dadb2efc31f2ea48,51.0,0,3.38125,362.668532,21.801075,0.0,2,true,true,coarse_grid,false,governance.selection=pressure_max_under_constraints;seed=continuation
-0.35,independent_oracle,3c5f6b3c9bd535cff7657364dadb2efc31f2ea48,51.0,0,3.3875,362.888539,21.802887,0.0,2,true,true,coarse_grid,false,governance.selection=pressure_max_under_constraints;seed=continuation
-0.35,independent_oracle,3c5f6b3c9bd535cff7657364dadb2efc31f2ea48,51.0,0,3.39375,363.10831,21.804699,0.0,2,true,true,coarse_grid,false,governance.selection=pressure_max_under_constraints;seed=continuation
-0.35,independent_oracle,3c5f6b3c9bd535cff7657364dadb2efc31f2ea48,51.0,0,3.4,363.327847,21.806513,0.0,2,true,true,coarse_grid,false,governance.selection=pressure_max_under_constraints;seed=continuation
-0.35,independent_oracle,3c5f6b3c9bd535cff7657364dadb2efc31f2ea48,51.0,0,3.40625,363.54715,21.808329,0.0,2,true,true,coarse_grid,false,governance.selection=pressure_max_under_constraints;seed=continuation
-0.35,independent_oracle,3c5f6b3c9bd535cff7657364dadb2efc31f2ea48,51.0,0,3.4125,363.766217,21.810146,0.0,2,true,true,coarse_grid,false,governance.selection=pressure_max_under_constraints;seed=continuation
-0.35,independent_oracle,3c5f6b3c9bd535cff7657364dadb2efc31f2ea48,51.0,0,3.41875,363.985051,21.811964,0.0,2,true,true,coarse_grid,false,governance.selection=pressure_max_under_constraints;seed=continuation
-0.35,independent_oracle,3c5f6b3c9bd535cff7657364dadb2efc31f2ea48,51.0,0,3.425,364.203649,21.813783,0.0,2,true,true,coarse_grid,false,governance.selection=pressure_max_under_constraints;seed=continuation
-0.35,independent_oracle,3c5f6b3c9bd535cff7657364dadb2efc31f2ea48,51.0,0,3.43125,364.422014,21.815604,0.0,2,true,true,coarse_grid,false,governance.selection=pressure_max_under_constraints;seed=continuation
-0.35,independent_oracle,3c5f6b3c9bd535cff7657364dadb2efc31f2ea48,51.0,0,3.4375,364.640144,21.817426,0.0,2,true,true,coarse_grid,false,governance.selection=pressure_max_under_constraints;seed=continuation
-0.35,independent_oracle,3c5f6b3c9bd535cff7657364dadb2efc31f2ea48,51.0,0,3.44375,364.858041,21.81925,0.0,2,true,true,coarse_grid,false,governance.selection=pressure_max_under_constraints;seed=continuation
-0.35,independent_oracle,3c5f6b3c9bd535cff7657364dadb2efc31f2ea48,51.0,0,3.45,365.075704,21.821075,0.0,2,true,true,coarse_grid,false,governance.selection=pressure_max_under_constraints;seed=continuation
-0.35,independent_oracle,3c5f6b3c9bd535cff7657364dadb2efc31f2ea48,51.0,0,3.45625,365.293133,21.822901,0.0,2,true,true,coarse_grid,false,governance.selection=pressure_max_under_constraints;seed=continuation
-0.35,independent_oracle,3c5f6b3c9bd535cff7657364dadb2efc31f2ea48,51.0,0,3.4625,365.510329,21.824729,0.0,2,true,true,coarse_grid,false,governance.selection=pressure_max_under_constraints;seed=continuation
-0.35,independent_oracle,3c5f6b3c9bd535cff7657364dadb2efc31f2ea48,51.0,0,3.46875,365.727291,21.826558,0.0,2,true,true,coarse_grid,false,governance.selection=pressure_max_under_constraints;seed=continuation
-0.35,independent_oracle,3c5f6b3c9bd535cff7657364dadb2efc31f2ea48,51.0,0,3.475,365.94402,21.828389,0.0,2,true,true,coarse_grid,false,governance.selection=pressure_max_under_constraints;seed=continuation
-0.35,independent_oracle,3c5f6b3c9bd535cff7657364dadb2efc31f2ea48,51.0,0,3.48125,366.160517,21.83022,0.0,2,true,true,coarse_grid,false,governance.selection=pressure_max_under_constraints;seed=continuation
-0.35,independent_oracle,3c5f6b3c9bd535cff7657364dadb2efc31f2ea48,51.0,0,3.4875,366.37678,21.832053,0.0,2,true,true,coarse_grid,false,governance.selection=pressure_max_under_constraints;seed=continuation
-0.35,independent_oracle,3c5f6b3c9bd535cff7657364dadb2efc31f2ea48,51.0,0,3.49375,366.592812,21.833888,0.0,2,true,true,coarse_grid,false,governance.selection=pressure_max_under_constraints;seed=continuation
-0.35,independent_oracle,3c5f6b3c9bd535cff7657364dadb2efc31f2ea48,51.0,0,3.5,366.80861,21.835723,0.0,2,true,true,coarse_grid,false,governance.selection=pressure_max_under_constraints;seed=continuation
-0.35,independent_oracle,3c5f6b3c9bd535cff7657364dadb2efc31f2ea48,51.0,0,3.50625,367.024177,21.83756,0.0,2,true,true,coarse_grid,false,governance.selection=pressure_max_under_constraints;seed=continuation
-0.35,independent_oracle,3c5f6b3c9bd535cff7657364dadb2efc31f2ea48,51.0,0,3.5125,367.239512,21.839398,0.0,2,true,true,coarse_grid,false,governance.selection=pressure_max_under_constraints;seed=continuation
-0.35,independent_oracle,3c5f6b3c9bd535cff7657364dadb2efc31f2ea48,51.0,0,3.51875,367.454616,21.841238,0.0,2,true,true,coarse_grid,false,governance.selection=pressure_max_under_constraints;seed=continuation
-0.35,independent_oracle,3c5f6b3c9bd535cff7657364dadb2efc31f2ea48,51.0,0,3.525,367.669488,21.843079,0.0,2,true,true,coarse_grid,false,governance.selection=pressure_max_under_constraints;seed=continuation
-0.35,independent_oracle,3c5f6b3c9bd535cff7657364dadb2efc31f2ea48,51.0,0,3.53125,367.884128,21.844921,0.0,2,true,true,coarse_grid,false,governance.selection=pressure_max_under_constraints;seed=continuation
-0.35,independent_oracle,3c5f6b3c9bd535cff7657364dadb2efc31f2ea48,51.0,0,3.5375,368.098538,21.846764,0.0,2,true,true,coarse_grid,false,governance.selection=pressure_max_under_constraints;seed=continuation
-0.35,independent_oracle,3c5f6b3c9bd535cff7657364dadb2efc31f2ea48,51.0,0,3.54375,368.312717,21.848609,0.0,2,true,true,coarse_grid,false,governance.selection=pressure_max_under_constraints;seed=continuation
-0.35,independent_oracle,3c5f6b3c9bd535cff7657364dadb2efc31f2ea48,51.0,0,3.55,368.526666,21.850455,0.0,2,true,true,coarse_grid,false,governance.selection=pressure_max_under_constraints;seed=continuation
-0.35,independent_oracle,3c5f6b3c9bd535cff7657364dadb2efc31f2ea48,51.0,0,3.55625,368.740384,21.852302,0.0,2,true,true,coarse_grid,false,governance.selection=pressure_max_under_constraints;seed=continuation
-0.35,independent_oracle,3c5f6b3c9bd535cff7657364dadb2efc31f2ea48,51.0,0,3.5625,368.953872,21.85415,0.0,2,true,true,coarse_grid,false,governance.selection=pressure_max_under_constraints;seed=continuation
-0.35,independent_oracle,3c5f6b3c9bd535cff7657364dadb2efc31f2ea48,51.0,0,3.56875,369.167131,21.856,0.0,2,true,true,coarse_grid,false,governance.selection=pressure_max_under_constraints;seed=continuation
-0.35,independent_oracle,3c5f6b3c9bd535cff7657364dadb2efc31f2ea48,51.0,0,3.575,369.38016,21.857851,0.0,2,true,true,coarse_grid,false,governance.selection=pressure_max_under_constraints;seed=continuation
-0.35,independent_oracle,3c5f6b3c9bd535cff7657364dadb2efc31f2ea48,51.0,0,3.58125,369.59296,21.859703,0.0,2,true,true,coarse_grid,false,governance.selection=pressure_max_under_constraints;seed=continuation
-0.35,independent_oracle,3c5f6b3c9bd535cff7657364dadb2efc31f2ea48,51.0,0,3.5875,369.805531,21.861556,0.0,2,true,true,coarse_grid,false,governance.selection=pressure_max_under_constraints;seed=continuation
-0.35,independent_oracle,3c5f6b3c9bd535cff7657364dadb2efc31f2ea48,51.0,0,3.59375,370.017874,21.863411,0.0,2,true,true,coarse_grid,false,governance.selection=pressure_max_under_constraints;seed=continuation
-0.35,independent_oracle,3c5f6b3c9bd535cff7657364dadb2efc31f2ea48,51.0,0,3.6,370.229988,21.865267,0.0,2,true,true,coarse_grid,false,governance.selection=pressure_max_under_constraints;seed=continuation
-0.35,independent_oracle,3c5f6b3c9bd535cff7657364dadb2efc31f2ea48,51.0,0,3.60625,370.441874,21.867124,0.0,2,true,true,coarse_grid,false,governance.selection=pressure_max_under_constraints;seed=continuation
-0.35,independent_oracle,3c5f6b3c9bd535cff7657364dadb2efc31f2ea48,51.0,0,3.6125,370.653532,21.868982,0.0,2,true,true,coarse_grid,false,governance.selection=pressure_max_under_constraints;seed=continuation
-0.35,independent_oracle,3c5f6b3c9bd535cff7657364dadb2efc31f2ea48,51.0,0,3.61875,370.864962,21.870842,0.0,2,true,true,coarse_grid,false,governance.selection=pressure_max_under_constraints;seed=continuation
-0.35,independent_oracle,3c5f6b3c9bd535cff7657364dadb2efc31f2ea48,51.0,0,3.625,371.076165,21.872703,0.0,2,true,true,coarse_grid,false,governance.selection=pressure_max_under_constraints;seed=continuation
-0.35,independent_oracle,3c5f6b3c9bd535cff7657364dadb2efc31f2ea48,51.0,0,3.63125,371.287142,21.874565,0.0,2,true,true,coarse_grid,false,governance.selection=pressure_max_under_constraints;seed=continuation
-0.35,independent_oracle,3c5f6b3c9bd535cff7657364dadb2efc31f2ea48,51.0,0,3.6375,371.497891,21.876428,0.0,2,true,true,coarse_grid,false,governance.selection=pressure_max_under_constraints;seed=continuation
-0.35,independent_oracle,3c5f6b3c9bd535cff7657364dadb2efc31f2ea48,51.0,0,3.64375,371.708414,21.878292,0.0,2,true,true,coarse_grid,false,governance.selection=pressure_max_under_constraints;seed=continuation
-0.35,independent_oracle,3c5f6b3c9bd535cff7657364dadb2efc31f2ea48,51.0,0,3.65,371.918712,21.880158,0.0,2,true,true,coarse_grid,false,governance.selection=pressure_max_under_constraints;seed=continuation
-0.35,independent_oracle,3c5f6b3c9bd535cff7657364dadb2efc31f2ea48,51.0,0,3.65625,372.128783,21.882025,0.0,2,true,true,coarse_grid,false,governance.selection=pressure_max_under_constraints;seed=continuation
-0.35,independent_oracle,3c5f6b3c9bd535cff7657364dadb2efc31f2ea48,51.0,0,3.6625,372.338629,21.883892,0.0,2,true,true,coarse_grid,false,governance.selection=pressure_max_under_constraints;seed=continuation
-0.35,independent_oracle,3c5f6b3c9bd535cff7657364dadb2efc31f2ea48,51.0,0,3.66875,372.548249,21.885762,0.0,2,true,true,coarse_grid,false,governance.selection=pressure_max_under_constraints;seed=continuation
-0.35,independent_oracle,3c5f6b3c9bd535cff7657364dadb2efc31f2ea48,51.0,0,3.675,372.757645,21.887632,0.0,2,true,true,coarse_grid,false,governance.selection=pressure_max_under_constraints;seed=continuation
-0.35,independent_oracle,3c5f6b3c9bd535cff7657364dadb2efc31f2ea48,51.0,0,3.68125,372.966816,21.889503,0.0,2,true,true,coarse_grid,false,governance.selection=pressure_max_under_constraints;seed=continuation
-0.35,independent_oracle,3c5f6b3c9bd535cff7657364dadb2efc31f2ea48,51.0,0,3.6875,373.175763,21.891376,0.0,2,true,true,coarse_grid,false,governance.selection=pressure_max_under_constraints;seed=continuation
-0.35,independent_oracle,3c5f6b3c9bd535cff7657364dadb2efc31f2ea48,51.0,0,3.69375,373.384486,21.89325,0.0,2,true,true,coarse_grid,false,governance.selection=pressure_max_under_constraints;seed=continuation
-0.35,independent_oracle,3c5f6b3c9bd535cff7657364dadb2efc31f2ea48,51.0,0,3.7,373.592985,21.895125,0.0,2,true,true,coarse_grid,false,governance.selection=pressure_max_under_constraints;seed=continuation
-0.35,independent_oracle,3c5f6b3c9bd535cff7657364dadb2efc31f2ea48,51.0,0,3.70625,373.80126,21.897001,0.0,2,true,true,coarse_grid,false,governance.selection=pressure_max_under_constraints;seed=continuation
-0.35,independent_oracle,3c5f6b3c9bd535cff7657364dadb2efc31f2ea48,51.0,0,3.7125,374.009313,21.898878,0.0,2,true,true,coarse_grid,false,governance.selection=pressure_max_under_constraints;seed=continuation
-0.35,independent_oracle,3c5f6b3c9bd535cff7657364dadb2efc31f2ea48,51.0,0,3.71875,374.217143,21.900757,0.0,2,true,true,coarse_grid,false,governance.selection=pressure_max_under_constraints;seed=continuation
-0.35,independent_oracle,3c5f6b3c9bd535cff7657364dadb2efc31f2ea48,51.0,0,3.725,374.424751,21.902636,0.0,2,true,true,coarse_grid,false,governance.selection=pressure_max_under_constraints;seed=continuation
-0.35,independent_oracle,3c5f6b3c9bd535cff7657364dadb2efc31f2ea48,51.0,0,3.73125,374.632136,21.904517,0.0,2,true,true,coarse_grid,false,governance.selection=pressure_max_under_constraints;seed=continuation
-0.35,independent_oracle,3c5f6b3c9bd535cff7657364dadb2efc31f2ea48,51.0,0,3.7375,374.8393,21.906399,0.0,2,true,true,coarse_grid,false,governance.selection=pressure_max_under_constraints;seed=continuation
-0.35,independent_oracle,3c5f6b3c9bd535cff7657364dadb2efc31f2ea48,51.0,0,3.74375,375.046242,21.908282,0.0,2,true,true,coarse_grid,false,governance.selection=pressure_max_under_constraints;seed=continuation
-0.35,independent_oracle,3c5f6b3c9bd535cff7657364dadb2efc31f2ea48,51.0,0,3.75,375.252963,21.910166,0.0,2,true,true,coarse_grid,false,governance.selection=pressure_max_under_constraints;seed=continuation
-0.35,independent_oracle,3c5f6b3c9bd535cff7657364dadb2efc31f2ea48,51.0,0,3.75625,375.459464,21.912051,0.0,2,true,true,coarse_grid,false,governance.selection=pressure_max_under_constraints;seed=continuation
-0.35,independent_oracle,3c5f6b3c9bd535cff7657364dadb2efc31f2ea48,51.0,0,3.7625,375.665744,21.913937,0.0,2,true,true,coarse_grid,false,governance.selection=pressure_max_under_constraints;seed=continuation
-0.35,independent_oracle,3c5f6b3c9bd535cff7657364dadb2efc31f2ea48,51.0,0,3.76875,375.871803,21.915825,0.0,2,true,true,coarse_grid,false,governance.selection=pressure_max_under_constraints;seed=continuation
-0.35,independent_oracle,3c5f6b3c9bd535cff7657364dadb2efc31f2ea48,51.0,0,3.775,376.077643,21.917714,0.0,2,true,true,coarse_grid,false,governance.selection=pressure_max_under_constraints;seed=continuation
-0.35,independent_oracle,3c5f6b3c9bd535cff7657364dadb2efc31f2ea48,51.0,0,3.78125,376.283263,21.919603,0.0,2,true,true,coarse_grid,false,governance.selection=pressure_max_under_constraints;seed=continuation
-0.35,independent_oracle,3c5f6b3c9bd535cff7657364dadb2efc31f2ea48,51.0,0,3.7875,376.488665,21.921494,0.0,2,true,true,coarse_grid,false,governance.selection=pressure_max_under_constraints;seed=continuation
-0.35,independent_oracle,3c5f6b3c9bd535cff7657364dadb2efc31f2ea48,51.0,0,3.79375,376.693847,21.923386,0.0,2,true,true,coarse_grid,false,governance.selection=pressure_max_under_constraints;seed=continuation
-0.35,independent_oracle,3c5f6b3c9bd535cff7657364dadb2efc31f2ea48,51.0,0,3.8,376.898811,21.925279,0.0,2,true,true,coarse_grid,false,governance.selection=pressure_max_under_constraints;seed=continuation
-0.35,independent_oracle,3c5f6b3c9bd535cff7657364dadb2efc31f2ea48,51.0,0,3.80625,377.103556,21.927173,0.0,2,true,true,coarse_grid,false,governance.selection=pressure_max_under_constraints;seed=continuation
-0.35,independent_oracle,3c5f6b3c9bd535cff7657364dadb2efc31f2ea48,51.0,0,3.8125,377.308084,21.929068,0.0,2,true,true,coarse_grid,false,governance.selection=pressure_max_under_constraints;seed=continuation
-0.35,independent_oracle,3c5f6b3c9bd535cff7657364dadb2efc31f2ea48,51.0,0,3.81875,377.512394,21.930965,0.0,2,true,true,coarse_grid,false,governance.selection=pressure_max_under_constraints;seed=continuation
-0.35,independent_oracle,3c5f6b3c9bd535cff7657364dadb2efc31f2ea48,51.0,0,3.825,377.716487,21.932862,0.0,2,true,true,coarse_grid,false,governance.selection=pressure_max_under_constraints;seed=continuation
-0.35,independent_oracle,3c5f6b3c9bd535cff7657364dadb2efc31f2ea48,51.0,0,3.83125,377.920363,21.934761,0.0,2,true,true,coarse_grid,false,governance.selection=pressure_max_under_constraints;seed=continuation
-0.35,independent_oracle,3c5f6b3c9bd535cff7657364dadb2efc31f2ea48,51.0,0,3.8375,378.124023,21.93666,0.0,2,true,true,coarse_grid,false,governance.selection=pressure_max_under_constraints;seed=continuation
-0.35,independent_oracle,3c5f6b3c9bd535cff7657364dadb2efc31f2ea48,51.0,0,3.84375,378.327467,21.938561,0.0,2,true,true,coarse_grid,false,governance.selection=pressure_max_under_constraints;seed=continuation
-0.35,independent_oracle,3c5f6b3c9bd535cff7657364dadb2efc31f2ea48,51.0,0,3.85,378.530694,21.940463,0.0,2,true,true,coarse_grid,false,governance.selection=pressure_max_under_constraints;seed=continuation
-0.35,independent_oracle,3c5f6b3c9bd535cff7657364dadb2efc31f2ea48,51.0,0,3.85625,378.733706,21.942365,0.0,2,true,true,coarse_grid,false,governance.selection=pressure_max_under_constraints;seed=continuation
-0.35,independent_oracle,3c5f6b3c9bd535cff7657364dadb2efc31f2ea48,51.0,0,3.8625,378.936503,21.944269,0.0,2,true,true,coarse_grid,false,governance.selection=pressure_max_under_constraints;seed=continuation
-0.35,independent_oracle,3c5f6b3c9bd535cff7657364dadb2efc31f2ea48,51.0,0,3.86875,379.139085,21.946174,0.0,2,true,true,coarse_grid,false,governance.selection=pressure_max_under_constraints;seed=continuation
-0.35,independent_oracle,3c5f6b3c9bd535cff7657364dadb2efc31f2ea48,51.0,0,3.875,379.341452,21.94808,0.0,2,true,true,coarse_grid,false,governance.selection=pressure_max_under_constraints;seed=continuation
-0.35,independent_oracle,3c5f6b3c9bd535cff7657364dadb2efc31f2ea48,51.0,0,3.88125,379.543606,21.949987,0.0,2,true,true,coarse_grid,false,governance.selection=pressure_max_under_constraints;seed=continuation
-0.35,independent_oracle,3c5f6b3c9bd535cff7657364dadb2efc31f2ea48,51.0,0,3.8875,379.745545,21.951895,0.0,2,true,true,coarse_grid,false,governance.selection=pressure_max_under_constraints;seed=continuation
-0.35,independent_oracle,3c5f6b3c9bd535cff7657364dadb2efc31f2ea48,51.0,0,3.89375,379.947271,21.953804,0.0,2,true,true,coarse_grid,false,governance.selection=pressure_max_under_constraints;seed=continuation
-0.35,independent_oracle,3c5f6b3c9bd535cff7657364dadb2efc31f2ea48,51.0,0,3.9,380.148784,21.955715,0.0,2,true,true,coarse_grid,false,governance.selection=pressure_max_under_constraints;seed=continuation
-0.35,independent_oracle,3c5f6b3c9bd535cff7657364dadb2efc31f2ea48,51.0,0,3.90625,380.350083,21.957626,0.0,2,true,true,coarse_grid,false,governance.selection=pressure_max_under_constraints;seed=continuation
-0.35,independent_oracle,3c5f6b3c9bd535cff7657364dadb2efc31f2ea48,51.0,0,3.9125,380.551171,21.959538,0.0,2,true,true,coarse_grid,false,governance.selection=pressure_max_under_constraints;seed=continuation
-0.35,independent_oracle,3c5f6b3c9bd535cff7657364dadb2efc31f2ea48,51.0,0,3.91875,380.752046,21.961451,0.0,2,true,true,coarse_grid,false,governance.selection=pressure_max_under_constraints;seed=continuation
-0.35,independent_oracle,3c5f6b3c9bd535cff7657364dadb2efc31f2ea48,51.0,0,3.925,380.952709,21.963366,0.0,2,true,true,coarse_grid,false,governance.selection=pressure_max_under_constraints;seed=continuation
-0.35,independent_oracle,3c5f6b3c9bd535cff7657364dadb2efc31f2ea48,51.0,0,3.93125,381.153161,21.965281,0.0,2,true,true,coarse_grid,false,governance.selection=pressure_max_under_constraints;seed=continuation
-0.35,independent_oracle,3c5f6b3c9bd535cff7657364dadb2efc31f2ea48,51.0,0,3.9375,381.353401,21.967197,0.0,2,true,true,coarse_grid,false,governance.selection=pressure_max_under_constraints;seed=continuation
-0.35,independent_oracle,3c5f6b3c9bd535cff7657364dadb2efc31f2ea48,51.0,0,3.94375,381.553431,21.969115,0.0,2,true,true,coarse_grid,false,governance.selection=pressure_max_under_constraints;seed=continuation
-0.35,independent_oracle,3c5f6b3c9bd535cff7657364dadb2efc31f2ea48,51.0,0,3.95,381.75325,21.971033,0.0,2,true,true,coarse_grid,false,governance.selection=pressure_max_under_constraints;seed=continuation
-0.35,independent_oracle,3c5f6b3c9bd535cff7657364dadb2efc31f2ea48,51.0,0,3.95625,381.952859,21.972953,0.0,2,true,true,coarse_grid,false,governance.selection=pressure_max_under_constraints;seed=continuation
-0.35,independent_oracle,3c5f6b3c9bd535cff7657364dadb2efc31f2ea48,51.0,0,3.9625,382.152259,21.974873,0.0,2,true,true,coarse_grid,false,governance.selection=pressure_max_under_constraints;seed=continuation
-0.35,independent_oracle,3c5f6b3c9bd535cff7657364dadb2efc31f2ea48,51.0,0,3.96875,382.351448,21.976795,0.0,2,true,true,coarse_grid,false,governance.selection=pressure_max_under_constraints;seed=continuation
-0.35,independent_oracle,3c5f6b3c9bd535cff7657364dadb2efc31f2ea48,51.0,0,3.975,382.550429,21.978717,0.0,2,true,true,coarse_grid,false,governance.selection=pressure_max_under_constraints;seed=continuation
-0.35,independent_oracle,3c5f6b3c9bd535cff7657364dadb2efc31f2ea48,51.0,0,3.98125,382.749201,21.980641,0.0,2,true,true,coarse_grid,false,governance.selection=pressure_max_under_constraints;seed=continuation
-0.35,independent_oracle,3c5f6b3c9bd535cff7657364dadb2efc31f2ea48,51.0,0,3.9875,382.947764,21.982565,0.0,2,true,true,coarse_grid,false,governance.selection=pressure_max_under_constraints;seed=continuation
-0.35,independent_oracle,3c5f6b3c9bd535cff7657364dadb2efc31f2ea48,51.0,0,3.99375,383.146119,21.98449,0.0,2,true,true,coarse_grid,false,governance.selection=pressure_max_under_constraints;seed=continuation
-0.35,independent_oracle,3c5f6b3c9bd535cff7657364dadb2efc31f2ea48,51.0,0,4.0,383.344266,21.986417,0.0,4,true,true,coarse_grid,false,governance.selection=pressure_max_under_constraints;seed=continuation
-0.35,independent_oracle,3c5f6b3c9bd535cff7657364dadb2efc31f2ea48,51.0,1,0.003125,299.335567,21.608149,0.0,4,true,true,fine_grid,false,governance.selection=pressure_max_under_constraints;seed=continuation
-0.35,independent_oracle,3c5f6b3c9bd535cff7657364dadb2efc31f2ea48,51.0,1,0.009375,317.688463,21.608403,0.0,4,true,true,fine_grid,false,governance.selection=pressure_max_under_constraints;seed=continuation
-0.35,independent_oracle,3c5f6b3c9bd535cff7657364dadb2efc31f2ea48,51.0,1,0.015625,326.048902,21.608651,0.0,3,true,true,fine_grid,false,governance.selection=pressure_max_under_constraints;seed=continuation
-0.35,independent_oracle,3c5f6b3c9bd535cff7657364dadb2efc31f2ea48,51.0,1,0.021875,331.445248,21.608895,0.0,3,true,true,fine_grid,false,governance.selection=pressure_max_under_constraints;seed=continuation
-0.35,independent_oracle,3c5f6b3c9bd535cff7657364dadb2efc31f2ea48,51.0,1,0.028125,335.393826,21.609134,0.0,3,true,true,fine_grid,false,governance.selection=pressure_max_under_constraints;seed=continuation
-0.35,independent_oracle,3c5f6b3c9bd535cff7657364dadb2efc31f2ea48,51.0,1,0.034375,338.481375,21.609368,0.0,3,true,true,fine_grid,false,governance.selection=pressure_max_under_constraints;seed=continuation
-0.35,independent_oracle,3c5f6b3c9bd535cff7657364dadb2efc31f2ea48,51.0,1,0.040625,340.997356,21.609597,0.0,3,true,true,fine_grid,false,governance.selection=pressure_max_under_constraints;seed=continuation
-0.35,independent_oracle,3c5f6b3c9bd535cff7657364dadb2efc31f2ea48,51.0,1,0.046875,343.106047,21.609821,0.0,3,true,true,fine_grid,false,governance.selection=pressure_max_under_constraints;seed=continuation
-0.35,independent_oracle,3c5f6b3c9bd535cff7657364dadb2efc31f2ea48,51.0,1,0.053125,344.90971,21.61004,0.0,3,true,true,fine_grid,false,governance.selection=pressure_max_under_constraints;seed=continuation
-0.35,independent_oracle,3c5f6b3c9bd535cff7657364dadb2efc31f2ea48,51.0,1,0.059375,346.476349,21.610254,0.0,3,true,true,fine_grid,false,governance.selection=pressure_max_under_constraints;seed=continuation
-0.35,independent_oracle,3c5f6b3c9bd535cff7657364dadb2efc31f2ea48,51.0,1,0.065625,347.853485,21.610463,0.0,3,true,true,fine_grid,false,governance.selection=pressure_max_under_constraints;seed=continuation
-0.35,independent_oracle,3c5f6b3c9bd535cff7657364dadb2efc31f2ea48,51.0,1,0.071875,349.075636,21.610667,0.0,3,true,true,fine_grid,false,governance.selection=pressure_max_under_constraints;seed=continuation
-0.35,independent_oracle,3c5f6b3c9bd535cff7657364dadb2efc31f2ea48,51.0,1,0.078125,350.168667,21.610866,0.0,3,true,true,fine_grid,false,governance.selection=pressure_max_under_constraints;seed=continuation
-0.35,independent_oracle,3c5f6b3c9bd535cff7657364dadb2efc31f2ea48,51.0,1,0.084375,351.152462,21.611061,0.0,3,true,true,fine_grid,false,governance.selection=pressure_max_under_constraints;seed=continuation
-0.35,independent_oracle,3c5f6b3c9bd535cff7657364dadb2efc31f2ea48,51.0,1,0.090625,352.042634,21.61125,0.0,3,true,true,fine_grid,false,governance.selection=pressure_max_under_constraints;seed=continuation
-0.35,independent_oracle,3c5f6b3c9bd535cff7657364dadb2efc31f2ea48,51.0,1,0.096875,352.851669,21.611434,0.0,3,true,true,fine_grid,false,governance.selection=pressure_max_under_constraints;seed=continuation
-0.35,independent_oracle,3c5f6b3c9bd535cff7657364dadb2efc31f2ea48,51.0,1,0.103125,353.589709,21.611614,0.0,3,true,true,fine_grid,false,governance.selection=pressure_max_under_constraints;seed=continuation
-0.35,independent_oracle,3c5f6b3c9bd535cff7657364dadb2efc31f2ea48,51.0,1,0.109375,354.265104,21.611788,0.0,3,true,true,fine_grid,false,governance.selection=pressure_max_under_constraints;seed=continuation
-0.35,independent_oracle,3c5f6b3c9bd535cff7657364dadb2efc31f2ea48,51.0,1,0.115625,354.88481,21.611958,0.0,3,true,true,fine_grid,false,governance.selection=pressure_max_under_constraints;seed=continuation
-0.35,independent_oracle,3c5f6b3c9bd535cff7657364dadb2efc31f2ea48,51.0,1,0.121875,355.454684,21.612122,0.0,3,true,true,fine_grid,false,governance.selection=pressure_max_under_constraints;seed=continuation
-0.35,independent_oracle,3c5f6b3c9bd535cff7657364dadb2efc31f2ea48,51.0,1,0.128125,355.979703,21.612282,0.0,3,true,true,fine_grid,false,governance.selection=pressure_max_under_constraints;seed=continuation
-0.35,independent_oracle,3c5f6b3c9bd535cff7657364dadb2efc31f2ea48,51.0,1,0.134375,356.464134,21.612437,0.0,3,true,true,fine_grid,false,governance.selection=pressure_max_under_constraints;seed=continuation
-0.35,independent_oracle,3c5f6b3c9bd535cff7657364dadb2efc31f2ea48,51.0,1,0.140625,356.911659,21.612586,0.0,3,true,true,fine_grid,false,governance.selection=pressure_max_under_constraints;seed=continuation
-0.35,independent_oracle,3c5f6b3c9bd535cff7657364dadb2efc31f2ea48,51.0,1,0.146875,357.325482,21.612731,0.0,3,true,true,fine_grid,false,governance.selection=pressure_max_under_constraints;seed=continuation
-0.35,independent_oracle,3c5f6b3c9bd535cff7657364dadb2efc31f2ea48,51.0,1,0.153125,357.708404,21.612871,0.0,3,true,true,fine_grid,false,governance.selection=pressure_max_under_constraints;seed=continuation
-0.35,independent_oracle,3c5f6b3c9bd535cff7657364dadb2efc31f2ea48,51.0,1,0.159375,358.062892,21.613005,0.0,3,true,true,fine_grid,false,governance.selection=pressure_max_under_constraints;seed=continuation
-0.35,independent_oracle,3c5f6b3c9bd535cff7657364dadb2efc31f2ea48,51.0,1,0.165625,358.391127,21.613135,0.0,2,true,true,fine_grid,false,governance.selection=pressure_max_under_constraints;seed=continuation
-0.35,independent_oracle,3c5f6b3c9bd535cff7657364dadb2efc31f2ea48,51.0,1,0.171875,358.695048,21.61326,0.0,2,true,true,fine_grid,false,governance.selection=pressure_max_under_constraints;seed=continuation
-0.35,independent_oracle,3c5f6b3c9bd535cff7657364dadb2efc31f2ea48,51.0,1,0.178125,358.976384,21.61338,0.0,2,true,true,fine_grid,false,governance.selection=pressure_max_under_constraints;seed=continuation
-0.35,independent_oracle,3c5f6b3c9bd535cff7657364dadb2efc31f2ea48,51.0,1,0.184375,359.236688,21.613494,0.0,2,true,true,fine_grid,false,governance.selection=pressure_max_under_constraints;seed=continuation
-0.35,independent_oracle,3c5f6b3c9bd535cff7657364dadb2efc31f2ea48,51.0,1,0.190625,359.477356,21.613604,0.0,2,true,true,fine_grid,false,governance.selection=pressure_max_under_constraints;seed=continuation
-0.35,independent_oracle,3c5f6b3c9bd535cff7657364dadb2efc31f2ea48,51.0,1,0.196875,359.699649,21.613709,0.0,2,true,true,fine_grid,false,governance.selection=pressure_max_under_constraints;seed=continuation
-0.35,independent_oracle,3c5f6b3c9bd535cff7657364dadb2efc31f2ea48,51.0,1,0.203125,359.904711,21.613809,0.0,2,true,true,fine_grid,false,governance.selection=pressure_max_under_constraints;seed=continuation
-0.35,independent_oracle,3c5f6b3c9bd535cff7657364dadb2efc31f2ea48,51.0,1,0.209375,360.09358,21.613903,0.0,2,true,true,fine_grid,false,governance.selection=pressure_max_under_constraints;seed=continuation
-0.35,independent_oracle,3c5f6b3c9bd535cff7657364dadb2efc31f2ea48,51.0,1,0.215625,360.267203,21.613993,0.0,2,true,true,fine_grid,false,governance.selection=pressure_max_under_constraints;seed=continuation
-0.35,independent_oracle,3c5f6b3c9bd535cff7657364dadb2efc31f2ea48,51.0,1,0.221875,360.426447,21.614078,0.0,2,true,true,fine_grid,false,governance.selection=pressure_max_under_constraints;seed=continuation
-0.35,independent_oracle,3c5f6b3c9bd535cff7657364dadb2efc31f2ea48,51.0,1,0.228125,360.572106,21.614157,0.0,2,true,true,fine_grid,false,governance.selection=pressure_max_under_constraints;seed=continuation
-0.35,independent_oracle,3c5f6b3c9bd535cff7657364dadb2efc31f2ea48,51.0,1,0.234375,360.704908,21.614232,0.0,2,true,true,fine_grid,false,governance.selection=pressure_max_under_constraints;seed=continuation
-0.35,independent_oracle,3c5f6b3c9bd535cff7657364dadb2efc31f2ea48,51.0,1,0.240625,360.825526,21.614302,0.0,2,true,true,fine_grid,false,governance.selection=pressure_max_under_constraints;seed=continuation
-0.35,independent_oracle,3c5f6b3c9bd535cff7657364dadb2efc31f2ea48,51.0,1,0.246875,360.934579,21.614366,0.0,2,true,true,fine_grid,false,governance.selection=pressure_max_under_constraints;seed=continuation
-0.35,independent_oracle,3c5f6b3c9bd535cff7657364dadb2efc31f2ea48,51.0,1,0.253125,361.032642,21.614426,0.0,2,true,true,fine_grid,false,governance.selection=pressure_max_under_constraints;seed=continuation
-0.35,independent_oracle,3c5f6b3c9bd535cff7657364dadb2efc31f2ea48,51.0,1,0.259375,361.120246,21.614481,0.0,2,true,true,fine_grid,false,governance.selection=pressure_max_under_constraints;seed=continuation
-0.35,independent_oracle,3c5f6b3c9bd535cff7657364dadb2efc31f2ea48,51.0,1,0.265625,361.197885,21.61453,0.0,2,true,true,fine_grid,false,governance.selection=pressure_max_under_constraints;seed=continuation
-0.35,independent_oracle,3c5f6b3c9bd535cff7657364dadb2efc31f2ea48,51.0,1,0.271875,361.266018,21.614575,0.0,2,true,true,fine_grid,false,governance.selection=pressure_max_under_constraints;seed=continuation
-0.35,independent_oracle,3c5f6b3c9bd535cff7657364dadb2efc31f2ea48,51.0,1,0.278125,361.325073,21.614614,0.0,2,true,true,fine_grid,false,governance.selection=pressure_max_under_constraints;seed=continuation
-0.35,independent_oracle,3c5f6b3c9bd535cff7657364dadb2efc31f2ea48,51.0,1,0.284375,361.375448,21.614649,0.0,2,true,true,fine_grid,false,governance.selection=pressure_max_under_constraints;seed=continuation
-0.35,independent_oracle,3c5f6b3c9bd535cff7657364dadb2efc31f2ea48,51.0,1,0.290625,361.417519,21.614678,0.0,2,true,true,fine_grid,false,governance.selection=pressure_max_under_constraints;seed=continuation
-0.35,independent_oracle,3c5f6b3c9bd535cff7657364dadb2efc31f2ea48,51.0,1,0.296875,361.451633,21.614702,0.0,2,true,true,fine_grid,false,governance.selection=pressure_max_under_constraints;seed=continuation
-0.35,independent_oracle,3c5f6b3c9bd535cff7657364dadb2efc31f2ea48,51.0,1,0.303125,361.478119,21.614722,0.0,2,true,true,fine_grid,false,governance.selection=pressure_max_under_constraints;seed=continuation
-0.35,independent_oracle,3c5f6b3c9bd535cff7657364dadb2efc31f2ea48,51.0,1,0.309375,361.497283,21.614736,0.0,2,true,true,fine_grid,false,governance.selection=pressure_max_under_constraints;seed=continuation
-0.35,independent_oracle,3c5f6b3c9bd535cff7657364dadb2efc31f2ea48,51.0,1,0.315625,361.509416,21.614745,0.0,2,true,true,fine_grid,false,governance.selection=pressure_max_under_constraints;seed=continuation
-0.35,independent_oracle,3c5f6b3c9bd535cff7657364dadb2efc31f2ea48,51.0,1,0.321875,361.51479,21.614749,0.0,2,true,true,fine_grid,false,governance.selection=pressure_max_under_constraints;seed=continuation
-0.35,independent_oracle,3c5f6b3c9bd535cff7657364dadb2efc31f2ea48,51.0,1,0.328125,361.51366,21.614748,0.0,2,true,true,fine_grid,false,governance.selection=pressure_max_under_constraints;seed=continuation
-0.35,independent_oracle,3c5f6b3c9bd535cff7657364dadb2efc31f2ea48,51.0,1,0.334375,361.506268,21.614743,0.0,2,true,true,fine_grid,false,governance.selection=pressure_max_under_constraints;seed=continuation
-0.35,independent_oracle,3c5f6b3c9bd535cff7657364dadb2efc31f2ea48,51.0,1,0.340625,361.492844,21.614731,0.0,2,true,true,fine_grid,false,governance.selection=pressure_max_under_constraints;seed=continuation
-0.35,independent_oracle,3c5f6b3c9bd535cff7657364dadb2efc31f2ea48,51.0,1,0.346875,361.473603,21.614715,0.0,2,true,true,fine_grid,false,governance.selection=pressure_max_under_constraints;seed=continuation
-0.35,independent_oracle,3c5f6b3c9bd535cff7657364dadb2efc31f2ea48,51.0,1,0.353125,361.448749,21.614694,0.0,2,true,true,fine_grid,false,governance.selection=pressure_max_under_constraints;seed=continuation
-0.35,independent_oracle,3c5f6b3c9bd535cff7657364dadb2efc31f2ea48,51.0,1,0.359375,361.418476,21.614668,0.0,2,true,true,fine_grid,false,governance.selection=pressure_max_under_constraints;seed=continuation
-0.35,independent_oracle,3c5f6b3c9bd535cff7657364dadb2efc31f2ea48,51.0,1,0.365625,361.382968,21.614637,0.0,2,true,true,fine_grid,false,governance.selection=pressure_max_under_constraints;seed=continuation
-0.35,independent_oracle,3c5f6b3c9bd535cff7657364dadb2efc31f2ea48,51.0,1,0.371875,361.342399,21.6146,0.0,2,true,true,fine_grid,false,governance.selection=pressure_max_under_constraints;seed=continuation
-0.35,independent_oracle,3c5f6b3c9bd535cff7657364dadb2efc31f2ea48,51.0,1,0.378125,361.296935,21.614559,0.0,2,true,true,fine_grid,false,governance.selection=pressure_max_under_constraints;seed=continuation
-0.35,independent_oracle,3c5f6b3c9bd535cff7657364dadb2efc31f2ea48,51.0,1,0.384375,361.246733,21.614512,0.0,2,true,true,fine_grid,false,governance.selection=pressure_max_under_constraints;seed=continuation
-0.35,independent_oracle,3c5f6b3c9bd535cff7657364dadb2efc31f2ea48,51.0,1,0.390625,361.191943,21.614461,0.0,2,true,true,fine_grid,false,governance.selection=pressure_max_under_constraints;seed=continuation
-0.35,independent_oracle,3c5f6b3c9bd535cff7657364dadb2efc31f2ea48,51.0,1,0.396875,361.132708,21.614404,0.0,2,true,true,fine_grid,false,governance.selection=pressure_max_under_constraints;seed=continuation
-0.35,independent_oracle,3c5f6b3c9bd535cff7657364dadb2efc31f2ea48,51.0,1,0.403125,361.069163,21.614342,0.0,2,true,true,fine_grid,false,governance.selection=pressure_max_under_constraints;seed=continuation
-0.35,independent_oracle,3c5f6b3c9bd535cff7657364dadb2efc31f2ea48,51.0,1,0.409375,361.001439,21.614275,0.0,2,true,true,fine_grid,false,governance.selection=pressure_max_under_constraints;seed=continuation
-0.35,independent_oracle,3c5f6b3c9bd535cff7657364dadb2efc31f2ea48,51.0,1,0.415625,360.929659,21.614203,0.0,2,true,true,fine_grid,false,governance.selection=pressure_max_under_constraints;seed=continuation
-0.35,independent_oracle,3c5f6b3c9bd535cff7657364dadb2efc31f2ea48,51.0,1,0.421875,360.853943,21.614126,0.0,2,true,true,fine_grid,false,governance.selection=pressure_max_under_constraints;seed=continuation
-0.35,independent_oracle,3c5f6b3c9bd535cff7657364dadb2efc31f2ea48,51.0,1,0.428125,360.774402,21.614044,0.0,2,true,true,fine_grid,false,governance.selection=pressure_max_under_constraints;seed=continuation
-0.35,independent_oracle,3c5f6b3c9bd535cff7657364dadb2efc31f2ea48,51.0,1,0.434375,360.691145,21.613956,0.0,2,true,true,fine_grid,false,governance.selection=pressure_max_under_constraints;seed=continuation
-0.35,independent_oracle,3c5f6b3c9bd535cff7657364dadb2efc31f2ea48,51.0,1,0.440625,360.604276,21.613864,0.0,2,true,true,fine_grid,false,governance.selection=pressure_max_under_constraints;seed=continuation
-0.35,independent_oracle,3c5f6b3c9bd535cff7657364dadb2efc31f2ea48,51.0,1,0.446875,360.513894,21.613766,0.0,2,true,true,fine_grid,false,governance.selection=pressure_max_under_constraints;seed=continuation
-0.35,independent_oracle,3c5f6b3c9bd535cff7657364dadb2efc31f2ea48,51.0,1,0.453125,360.420093,21.613664,0.0,2,true,true,fine_grid,false,governance.selection=pressure_max_under_constraints;seed=continuation
-0.35,independent_oracle,3c5f6b3c9bd535cff7657364dadb2efc31f2ea48,51.0,1,0.459375,360.322966,21.613556,0.0,2,true,true,fine_grid,false,governance.selection=pressure_max_under_constraints;seed=continuation
-0.35,independent_oracle,3c5f6b3c9bd535cff7657364dadb2efc31f2ea48,51.0,1,0.465625,360.2226,21.613443,0.0,2,true,true,fine_grid,false,governance.selection=pressure_max_under_constraints;seed=continuation
-0.35,independent_oracle,3c5f6b3c9bd535cff7657364dadb2efc31f2ea48,51.0,1,0.471875,360.119079,21.613325,0.0,2,true,true,fine_grid,false,governance.selection=pressure_max_under_constraints;seed=continuation
-0.35,independent_oracle,3c5f6b3c9bd535cff7657364dadb2efc31f2ea48,51.0,1,0.478125,360.012483,21.613202,0.0,2,true,true,fine_grid,false,governance.selection=pressure_max_under_constraints;seed=continuation
-0.35,independent_oracle,3c5f6b3c9bd535cff7657364dadb2efc31f2ea48,51.0,1,0.484375,359.90289,21.613073,0.0,2,true,true,fine_grid,false,governance.selection=pressure_max_under_constraints;seed=continuation
-0.35,independent_oracle,3c5f6b3c9bd535cff7657364dadb2efc31f2ea48,51.0,1,0.490625,359.790375,21.61294,0.0,2,true,true,fine_grid,false,governance.selection=pressure_max_under_constraints;seed=continuation
-0.35,independent_oracle,3c5f6b3c9bd535cff7657364dadb2efc31f2ea48,51.0,1,0.496875,359.67501,21.612801,0.0,2,true,true,fine_grid,false,governance.selection=pressure_max_under_constraints;seed=continuation
-0.35,independent_oracle,3c5f6b3c9bd535cff7657364dadb2efc31f2ea48,51.0,1,0.503125,359.556863,21.612658,0.0,2,true,true,fine_grid,false,governance.selection=pressure_max_under_constraints;seed=continuation
-0.35,independent_oracle,3c5f6b3c9bd535cff7657364dadb2efc31f2ea48,51.0,1,0.509375,359.436002,21.612509,0.0,2,true,true,fine_grid,false,governance.selection=pressure_max_under_constraints;seed=continuation
-0.35,independent_oracle,3c5f6b3c9bd535cff7657364dadb2efc31f2ea48,51.0,1,0.515625,359.31249,21.612355,0.0,2,true,true,fine_grid,false,governance.selection=pressure_max_under_constraints;seed=continuation
-0.35,independent_oracle,3c5f6b3c9bd535cff7657364dadb2efc31f2ea48,51.0,1,0.521875,359.186389,21.612196,0.0,2,true,true,fine_grid,false,governance.selection=pressure_max_under_constraints;seed=continuation
-0.35,independent_oracle,3c5f6b3c9bd535cff7657364dadb2efc31f2ea48,51.0,1,0.528125,359.05776,21.612032,0.0,2,true,true,fine_grid,false,governance.selection=pressure_max_under_constraints;seed=continuation
-0.35,independent_oracle,3c5f6b3c9bd535cff7657364dadb2efc31f2ea48,51.0,1,0.534375,358.926659,21.611862,0.0,2,true,true,fine_grid,false,governance.selection=pressure_max_under_constraints;seed=continuation
-0.35,independent_oracle,3c5f6b3c9bd535cff7657364dadb2efc31f2ea48,51.0,1,0.540625,358.793142,21.611688,0.0,2,true,true,fine_grid,false,governance.selection=pressure_max_under_constraints;seed=continuation
-0.35,independent_oracle,3c5f6b3c9bd535cff7657364dadb2efc31f2ea48,51.0,1,0.546875,358.657263,21.611508,0.0,2,true,true,fine_grid,false,governance.selection=pressure_max_under_constraints;seed=continuation
-0.35,independent_oracle,3c5f6b3c9bd535cff7657364dadb2efc31f2ea48,51.0,1,0.553125,358.519074,21.611323,0.0,2,true,true,fine_grid,false,governance.selection=pressure_max_under_constraints;seed=continuation
-0.35,independent_oracle,3c5f6b3c9bd535cff7657364dadb2efc31f2ea48,51.0,1,0.559375,358.378625,21.611133,0.0,2,true,true,fine_grid,false,governance.selection=pressure_max_under_constraints;seed=continuation
-0.35,independent_oracle,3c5f6b3c9bd535cff7657364dadb2efc31f2ea48,51.0,1,0.565625,358.235964,21.610938,0.0,2,true,true,fine_grid,false,governance.selection=pressure_max_under_constraints;seed=continuation
-0.35,independent_oracle,3c5f6b3c9bd535cff7657364dadb2efc31f2ea48,51.0,1,0.571875,358.091139,21.610737,0.0,2,true,true,fine_grid,false,governance.selection=pressure_max_under_constraints;seed=continuation
-0.35,independent_oracle,3c5f6b3c9bd535cff7657364dadb2efc31f2ea48,51.0,1,0.578125,357.944194,21.610532,0.0,2,true,true,fine_grid,false,governance.selection=pressure_max_under_constraints;seed=continuation
-0.35,independent_oracle,3c5f6b3c9bd535cff7657364dadb2efc31f2ea48,51.0,1,0.584375,357.795175,21.610321,0.0,2,true,true,fine_grid,false,governance.selection=pressure_max_under_constraints;seed=continuation
-0.35,independent_oracle,3c5f6b3c9bd535cff7657364dadb2efc31f2ea48,51.0,1,0.590625,357.644123,21.610105,0.0,2,true,true,fine_grid,false,governance.selection=pressure_max_under_constraints;seed=continuation
-0.35,independent_oracle,3c5f6b3c9bd535cff7657364dadb2efc31f2ea48,51.0,1,0.596875,357.49108,21.609884,0.0,2,true,true,fine_grid,false,governance.selection=pressure_max_under_constraints;seed=continuation
-0.35,independent_oracle,3c5f6b3c9bd535cff7657364dadb2efc31f2ea48,51.0,1,0.603125,357.336086,21.609658,0.0,2,true,true,fine_grid,false,governance.selection=pressure_max_under_constraints;seed=continuation
-0.35,independent_oracle,3c5f6b3c9bd535cff7657364dadb2efc31f2ea48,51.0,1,0.609375,357.179179,21.609427,0.0,2,true,true,fine_grid,false,governance.selection=pressure_max_under_constraints;seed=continuation
-0.35,independent_oracle,3c5f6b3c9bd535cff7657364dadb2efc31f2ea48,51.0,1,0.615625,357.020398,21.60919,0.0,2,true,true,fine_grid,false,governance.selection=pressure_max_under_constraints;seed=continuation
-0.35,independent_oracle,3c5f6b3c9bd535cff7657364dadb2efc31f2ea48,51.0,1,0.621875,356.859778,21.608948,0.0,2,true,true,fine_grid,false,governance.selection=pressure_max_under_constraints;seed=continuation
-0.35,independent_oracle,3c5f6b3c9bd535cff7657364dadb2efc31f2ea48,51.0,1,0.628125,356.697356,21.608701,0.0,2,true,true,fine_grid,false,governance.selection=pressure_max_under_constraints;seed=continuation
-0.35,independent_oracle,3c5f6b3c9bd535cff7657364dadb2efc31f2ea48,51.0,1,0.634375,356.533166,21.608449,0.0,2,true,true,fine_grid,false,governance.selection=pressure_max_under_constraints;seed=continuation
-0.35,independent_oracle,3c5f6b3c9bd535cff7657364dadb2efc31f2ea48,51.0,1,0.640625,356.367241,21.608192,0.0,2,true,true,fine_grid,false,governance.selection=pressure_max_under_constraints;seed=continuation
-0.35,independent_oracle,3c5f6b3c9bd535cff7657364dadb2efc31f2ea48,51.0,1,0.646875,356.199613,21.607929,0.0,2,true,true,fine_grid,false,governance.selection=pressure_max_under_constraints;seed=continuation
-0.35,independent_oracle,3c5f6b3c9bd535cff7657364dadb2efc31f2ea48,51.0,1,0.653125,356.030316,21.607662,0.0,2,true,true,fine_grid,false,governance.selection=pressure_max_under_constraints;seed=continuation
-0.35,independent_oracle,3c5f6b3c9bd535cff7657364dadb2efc31f2ea48,51.0,1,0.659375,355.859378,21.607389,0.0,2,true,true,fine_grid,false,governance.selection=pressure_max_under_constraints;seed=continuation
-0.35,independent_oracle,3c5f6b3c9bd535cff7657364dadb2efc31f2ea48,51.0,1,0.665625,355.686831,21.607111,0.0,2,true,true,fine_grid,false,governance.selection=pressure_max_under_constraints;seed=continuation
-0.35,independent_oracle,3c5f6b3c9bd535cff7657364dadb2efc31f2ea48,51.0,1,0.671875,355.512703,21.606827,0.0,2,true,true,fine_grid,false,governance.selection=pressure_max_under_constraints;seed=continuation
-0.35,independent_oracle,3c5f6b3c9bd535cff7657364dadb2efc31f2ea48,51.0,1,0.678125,355.337023,21.606539,0.0,2,true,true,fine_grid,false,governance.selection=pressure_max_under_constraints;seed=continuation
-0.35,independent_oracle,3c5f6b3c9bd535cff7657364dadb2efc31f2ea48,51.0,1,0.684375,355.159818,21.606245,0.0,2,true,true,fine_grid,false,governance.selection=pressure_max_under_constraints;seed=continuation
-0.35,independent_oracle,3c5f6b3c9bd535cff7657364dadb2efc31f2ea48,51.0,1,0.690625,354.981115,21.605946,0.0,2,true,true,fine_grid,false,governance.selection=pressure_max_under_constraints;seed=continuation
-0.35,independent_oracle,3c5f6b3c9bd535cff7657364dadb2efc31f2ea48,51.0,1,0.696875,354.80094,21.605642,0.0,2,true,true,fine_grid,false,governance.selection=pressure_max_under_constraints;seed=continuation
-0.35,independent_oracle,3c5f6b3c9bd535cff7657364dadb2efc31f2ea48,51.0,1,0.703125,354.61932,21.605333,0.0,2,true,true,fine_grid,false,governance.selection=pressure_max_under_constraints;seed=continuation
-0.35,independent_oracle,3c5f6b3c9bd535cff7657364dadb2efc31f2ea48,51.0,1,0.709375,354.436278,21.605019,0.0,2,true,true,fine_grid,false,governance.selection=pressure_max_under_constraints;seed=continuation
-0.35,independent_oracle,3c5f6b3c9bd535cff7657364dadb2efc31f2ea48,51.0,1,0.715625,354.25184,21.604699,0.0,2,true,true,fine_grid,false,governance.selection=pressure_max_under_constraints;seed=continuation
-0.35,independent_oracle,3c5f6b3c9bd535cff7657364dadb2efc31f2ea48,51.0,1,0.721875,354.066029,21.604374,0.0,2,true,true,fine_grid,false,governance.selection=pressure_max_under_constraints;seed=continuation
-0.35,independent_oracle,3c5f6b3c9bd535cff7657364dadb2efc31f2ea48,51.0,1,0.728125,353.878867,21.604044,0.0,2,true,true,fine_grid,false,governance.selection=pressure_max_under_constraints;seed=continuation
-0.35,independent_oracle,3c5f6b3c9bd535cff7657364dadb2efc31f2ea48,51.0,1,0.734375,353.690379,21.603709,0.0,2,true,true,fine_grid,false,governance.selection=pressure_max_under_constraints;seed=continuation
-0.35,independent_oracle,3c5f6b3c9bd535cff7657364dadb2efc31f2ea48,51.0,1,0.740625,353.500585,21.603368,0.0,2,true,true,fine_grid,false,governance.selection=pressure_max_under_constraints;seed=continuation
-0.35,independent_oracle,3c5f6b3c9bd535cff7657364dadb2efc31f2ea48,51.0,1,0.746875,353.309508,21.603023,0.0,2,true,true,fine_grid,false,governance.selection=pressure_max_under_constraints;seed=continuation
-0.35,independent_oracle,3c5f6b3c9bd535cff7657364dadb2efc31f2ea48,51.0,1,0.753125,353.117168,21.602672,0.0,2,true,true,fine_grid,false,governance.selection=pressure_max_under_constraints;seed=continuation
-0.35,independent_oracle,3c5f6b3c9bd535cff7657364dadb2efc31f2ea48,51.0,1,0.759375,352.923586,21.602316,0.0,2,true,true,fine_grid,false,governance.selection=pressure_max_under_constraints;seed=continuation
-0.35,independent_oracle,3c5f6b3c9bd535cff7657364dadb2efc31f2ea48,51.0,1,0.765625,352.728782,21.601954,0.0,2,true,true,fine_grid,false,governance.selection=pressure_max_under_constraints;seed=continuation
-0.35,independent_oracle,3c5f6b3c9bd535cff7657364dadb2efc31f2ea48,51.0,1,0.771875,352.532777,21.601588,0.0,2,true,true,fine_grid,false,governance.selection=pressure_max_under_constraints;seed=continuation
-0.35,independent_oracle,3c5f6b3c9bd535cff7657364dadb2efc31f2ea48,51.0,1,0.778125,352.335589,21.601216,0.0,2,true,true,fine_grid,false,governance.selection=pressure_max_under_constraints;seed=continuation
-0.35,independent_oracle,3c5f6b3c9bd535cff7657364dadb2efc31f2ea48,51.0,1,0.784375,352.137237,21.600839,0.0,2,true,true,fine_grid,false,governance.selection=pressure_max_under_constraints;seed=continuation
-0.35,independent_oracle,3c5f6b3c9bd535cff7657364dadb2efc31f2ea48,51.0,1,0.790625,351.93774,21.600457,0.0,2,true,true,fine_grid,false,governance.selection=pressure_max_under_constraints;seed=continuation
-0.35,independent_oracle,3c5f6b3c9bd535cff7657364dadb2efc31f2ea48,51.0,1,0.796875,351.737116,21.60007,0.0,2,true,true,fine_grid,false,governance.selection=pressure_max_under_constraints;seed=continuation
-0.35,independent_oracle,3c5f6b3c9bd535cff7657364dadb2efc31f2ea48,51.0,1,0.803125,351.535382,21.599677,0.0,2,true,true,fine_grid,false,governance.selection=pressure_max_under_constraints;seed=continuation
-0.35,independent_oracle,3c5f6b3c9bd535cff7657364dadb2efc31f2ea48,51.0,1,0.809375,351.332557,21.599279,0.0,2,true,true,fine_grid,false,governance.selection=pressure_max_under_constraints;seed=continuation
-0.35,independent_oracle,3c5f6b3c9bd535cff7657364dadb2efc31f2ea48,51.0,1,0.815625,351.128657,21.598876,0.0,2,true,true,fine_grid,false,governance.selection=pressure_max_under_constraints;seed=continuation
-0.35,independent_oracle,3c5f6b3c9bd535cff7657364dadb2efc31f2ea48,51.0,1,0.821875,350.9237,21.598468,0.0,2,true,true,fine_grid,false,governance.selection=pressure_max_under_constraints;seed=continuation
-0.35,independent_oracle,3c5f6b3c9bd535cff7657364dadb2efc31f2ea48,51.0,1,0.828125,350.717701,21.598055,0.0,2,true,true,fine_grid,false,governance.selection=pressure_max_under_constraints;seed=continuation
-0.35,independent_oracle,3c5f6b3c9bd535cff7657364dadb2efc31f2ea48,51.0,1,0.834375,350.510676,21.597636,0.0,2,true,true,fine_grid,false,governance.selection=pressure_max_under_constraints;seed=continuation
-0.35,independent_oracle,3c5f6b3c9bd535cff7657364dadb2efc31f2ea48,51.0,1,0.840625,350.302642,21.597212,0.0,2,true,true,fine_grid,false,governance.selection=pressure_max_under_constraints;seed=continuation
-0.35,independent_oracle,3c5f6b3c9bd535cff7657364dadb2efc31f2ea48,51.0,1,0.846875,350.093615,21.596783,0.0,2,true,true,fine_grid,false,governance.selection=pressure_max_under_constraints;seed=continuation
-0.35,independent_oracle,3c5f6b3c9bd535cff7657364dadb2efc31f2ea48,51.0,1,0.853125,349.883609,21.596349,0.0,2,true,true,fine_grid,false,governance.selection=pressure_max_under_constraints;seed=continuation
-0.35,independent_oracle,3c5f6b3c9bd535cff7657364dadb2efc31f2ea48,51.0,1,0.859375,349.67264,21.59591,0.0,2,true,true,fine_grid,false,governance.selection=pressure_max_under_constraints;seed=continuation
-0.35,independent_oracle,3c5f6b3c9bd535cff7657364dadb2efc31f2ea48,51.0,1,0.865625,349.460723,21.595465,0.0,2,true,true,fine_grid,false,governance.selection=pressure_max_under_constraints;seed=continuation
-0.35,independent_oracle,3c5f6b3c9bd535cff7657364dadb2efc31f2ea48,51.0,1,0.871875,349.247872,21.595015,0.0,2,true,true,fine_grid,false,governance.selection=pressure_max_under_constraints;seed=continuation
-0.35,independent_oracle,3c5f6b3c9bd535cff7657364dadb2efc31f2ea48,51.0,1,0.878125,349.034101,21.59456,0.0,2,true,true,fine_grid,false,governance.selection=pressure_max_under_constraints;seed=continuation
-0.35,independent_oracle,3c5f6b3c9bd535cff7657364dadb2efc31f2ea48,51.0,1,0.884375,348.819425,21.5941,0.0,2,true,true,fine_grid,false,governance.selection=pressure_max_under_constraints;seed=continuation
-0.35,independent_oracle,3c5f6b3c9bd535cff7657364dadb2efc31f2ea48,51.0,1,0.890625,348.603859,21.593635,0.0,2,true,true,fine_grid,false,governance.selection=pressure_max_under_constraints;seed=continuation
-0.35,independent_oracle,3c5f6b3c9bd535cff7657364dadb2efc31f2ea48,51.0,1,0.896875,348.387414,21.593164,0.0,2,true,true,fine_grid,false,governance.selection=pressure_max_under_constraints;seed=continuation
-0.35,independent_oracle,3c5f6b3c9bd535cff7657364dadb2efc31f2ea48,51.0,1,0.903125,348.170106,21.592688,0.0,2,true,true,fine_grid,false,governance.selection=pressure_max_under_constraints;seed=continuation
-0.35,independent_oracle,3c5f6b3c9bd535cff7657364dadb2efc31f2ea48,51.0,1,0.909375,347.951948,21.592207,0.0,2,true,true,fine_grid,false,governance.selection=pressure_max_under_constraints;seed=continuation
-0.35,independent_oracle,3c5f6b3c9bd535cff7657364dadb2efc31f2ea48,51.0,1,0.915625,347.732952,21.591721,0.0,2,true,true,fine_grid,false,governance.selection=pressure_max_under_constraints;seed=continuation
-0.35,independent_oracle,3c5f6b3c9bd535cff7657364dadb2efc31f2ea48,51.0,1,0.921875,347.513133,21.59123,0.0,2,true,true,fine_grid,false,governance.selection=pressure_max_under_constraints;seed=continuation
-0.35,independent_oracle,3c5f6b3c9bd535cff7657364dadb2efc31f2ea48,51.0,1,0.928125,347.292502,21.590734,0.0,2,true,true,fine_grid,false,governance.selection=pressure_max_under_constraints;seed=continuation
-0.35,independent_oracle,3c5f6b3c9bd535cff7657364dadb2efc31f2ea48,51.0,1,0.934375,347.071073,21.590232,0.0,2,true,true,fine_grid,false,governance.selection=pressure_max_under_constraints;seed=continuation
-0.35,independent_oracle,3c5f6b3c9bd535cff7657364dadb2efc31f2ea48,51.0,1,0.940625,346.848858,21.589725,0.0,2,true,true,fine_grid,false,governance.selection=pressure_max_under_constraints;seed=continuation
-0.35,independent_oracle,3c5f6b3c9bd535cff7657364dadb2efc31f2ea48,51.0,1,0.946875,346.62587,21.589213,0.0,2,true,true,fine_grid,false,governance.selection=pressure_max_under_constraints;seed=continuation
-0.35,independent_oracle,3c5f6b3c9bd535cff7657364dadb2efc31f2ea48,51.0,1,0.953125,346.402122,21.588696,0.0,2,true,true,fine_grid,false,governance.selection=pressure_max_under_constraints;seed=continuation
-0.35,independent_oracle,3c5f6b3c9bd535cff7657364dadb2efc31f2ea48,51.0,1,0.959375,346.177624,21.588174,0.0,2,true,true,fine_grid,false,governance.selection=pressure_max_under_constraints;seed=continuation
-0.35,independent_oracle,3c5f6b3c9bd535cff7657364dadb2efc31f2ea48,51.0,1,0.965625,345.952391,21.587647,0.0,2,true,true,fine_grid,false,governance.selection=pressure_max_under_constraints;seed=continuation
-0.35,independent_oracle,3c5f6b3c9bd535cff7657364dadb2efc31f2ea48,51.0,1,0.971875,345.726433,21.587114,0.0,2,true,true,fine_grid,false,governance.selection=pressure_max_under_constraints;seed=continuation
-0.35,independent_oracle,3c5f6b3c9bd535cff7657364dadb2efc31f2ea48,51.0,1,0.978125,345.499763,21.586577,0.0,2,true,true,fine_grid,false,governance.selection=pressure_max_under_constraints;seed=continuation
-0.35,independent_oracle,3c5f6b3c9bd535cff7657364dadb2efc31f2ea48,51.0,1,0.984375,345.272392,21.586034,0.0,2,true,true,fine_grid,false,governance.selection=pressure_max_under_constraints;seed=continuation
-0.35,independent_oracle,3c5f6b3c9bd535cff7657364dadb2efc31f2ea48,51.0,1,0.990625,345.044333,21.585486,0.0,2,true,true,fine_grid,false,governance.selection=pressure_max_under_constraints;seed=continuation
-0.35,independent_oracle,3c5f6b3c9bd535cff7657364dadb2efc31f2ea48,51.0,1,0.996875,344.815597,21.584933,0.0,2,true,true,fine_grid,false,governance.selection=pressure_max_under_constraints;seed=continuation
-0.35,independent_oracle,3c5f6b3c9bd535cff7657364dadb2efc31f2ea48,51.0,1,1.003125,344.586196,21.584375,0.0,2,true,true,fine_grid,false,governance.selection=pressure_max_under_constraints;seed=continuation
-0.35,independent_oracle,3c5f6b3c9bd535cff7657364dadb2efc31f2ea48,51.0,1,1.009375,344.356141,21.583812,0.0,2,true,true,fine_grid,false,governance.selection=pressure_max_under_constraints;seed=continuation
-0.35,independent_oracle,3c5f6b3c9bd535cff7657364dadb2efc31f2ea48,51.0,1,1.015625,344.125444,21.583244,0.0,2,true,true,fine_grid,false,governance.selection=pressure_max_under_constraints;seed=continuation
-0.35,independent_oracle,3c5f6b3c9bd535cff7657364dadb2efc31f2ea48,51.0,1,1.021875,343.894116,21.582671,0.0,2,true,true,fine_grid,false,governance.selection=pressure_max_under_constraints;seed=continuation
-0.35,independent_oracle,3c5f6b3c9bd535cff7657364dadb2efc31f2ea48,51.0,1,1.028125,343.66217,21.582092,0.0,2,true,true,fine_grid,false,governance.selection=pressure_max_under_constraints;seed=continuation
-0.35,independent_oracle,3c5f6b3c9bd535cff7657364dadb2efc31f2ea48,51.0,1,1.034375,343.429615,21.581509,0.0,2,true,true,fine_grid,false,governance.selection=pressure_max_under_constraints;seed=continuation
-0.35,independent_oracle,3c5f6b3c9bd535cff7657364dadb2efc31f2ea48,51.0,1,1.040625,343.196465,21.58092,0.0,2,true,true,fine_grid,false,governance.selection=pressure_max_under_constraints;seed=continuation
-0.35,independent_oracle,3c5f6b3c9bd535cff7657364dadb2efc31f2ea48,51.0,1,1.046875,342.962729,21.580327,0.0,2,true,true,fine_grid,false,governance.selection=pressure_max_under_constraints;seed=continuation
-0.35,independent_oracle,3c5f6b3c9bd535cff7657364dadb2efc31f2ea48,51.0,1,1.053125,342.72842,21.579729,0.0,2,true,true,fine_grid,false,governance.selection=pressure_max_under_constraints;seed=continuation
-0.35,independent_oracle,3c5f6b3c9bd535cff7657364dadb2efc31f2ea48,51.0,1,1.059375,342.493549,21.579125,0.0,2,true,true,fine_grid,false,governance.selection=pressure_max_under_constraints;seed=continuation
-0.35,independent_oracle,3c5f6b3c9bd535cff7657364dadb2efc31f2ea48,51.0,1,1.065625,342.258127,21.578517,0.0,2,true,true,fine_grid,false,governance.selection=pressure_max_under_constraints;seed=continuation
-0.35,independent_oracle,3c5f6b3c9bd535cff7657364dadb2efc31f2ea48,51.0,1,1.071875,342.022166,21.577903,0.0,2,true,true,fine_grid,false,governance.selection=pressure_max_under_constraints;seed=continuation
-0.35,independent_oracle,3c5f6b3c9bd535cff7657364dadb2efc31f2ea48,51.0,1,1.078125,341.785677,21.577285,0.0,2,true,true,fine_grid,false,governance.selection=pressure_max_under_constraints;seed=continuation
-0.35,independent_oracle,3c5f6b3c9bd535cff7657364dadb2efc31f2ea48,51.0,1,1.084375,341.548671,21.576661,0.0,2,true,true,fine_grid,false,governance.selection=pressure_max_under_constraints;seed=continuation
-0.35,independent_oracle,3c5f6b3c9bd535cff7657364dadb2efc31f2ea48,51.0,1,1.090625,341.31116,21.576033,0.0,2,true,true,fine_grid,false,governance.selection=pressure_max_under_constraints;seed=continuation
-0.35,independent_oracle,3c5f6b3c9bd535cff7657364dadb2efc31f2ea48,51.0,1,1.096875,341.073156,21.5754,0.0,2,true,true,fine_grid,false,governance.selection=pressure_max_under_constraints;seed=continuation
-0.35,independent_oracle,3c5f6b3c9bd535cff7657364dadb2efc31f2ea48,51.0,1,1.103125,340.83467,21.574762,0.0,2,true,true,fine_grid,false,governance.selection=pressure_max_under_constraints;seed=continuation
-0.35,independent_oracle,3c5f6b3c9bd535cff7657364dadb2efc31f2ea48,51.0,1,1.109375,340.595713,21.574119,0.0,2,true,true,fine_grid,false,governance.selection=pressure_max_under_constraints;seed=continuation
-0.35,independent_oracle,3c5f6b3c9bd535cff7657364dadb2efc31f2ea48,51.0,1,1.115625,340.356297,21.573471,0.0,2,true,true,fine_grid,false,governance.selection=pressure_max_under_constraints;seed=continuation
-0.35,independent_oracle,3c5f6b3c9bd535cff7657364dadb2efc31f2ea48,51.0,1,1.121875,340.116434,21.572818,0.0,2,true,true,fine_grid,false,governance.selection=pressure_max_under_constraints;seed=continuation
-0.35,independent_oracle,3c5f6b3c9bd535cff7657364dadb2efc31f2ea48,51.0,1,1.128125,339.876137,21.57216,0.0,2,true,true,fine_grid,false,governance.selection=pressure_max_under_constraints;seed=continuation
-0.35,independent_oracle,3c5f6b3c9bd535cff7657364dadb2efc31f2ea48,51.0,1,1.134375,339.635415,21.571498,0.0,2,true,true,fine_grid,false,governance.selection=pressure_max_under_constraints;seed=continuation
-0.35,independent_oracle,3c5f6b3c9bd535cff7657364dadb2efc31f2ea48,51.0,1,1.140625,339.394283,21.570831,0.0,2,true,true,fine_grid,false,governance.selection=pressure_max_under_constraints;seed=continuation
-0.35,independent_oracle,3c5f6b3c9bd535cff7657364dadb2efc31f2ea48,51.0,1,1.146875,339.152751,21.570159,0.0,2,true,true,fine_grid,false,governance.selection=pressure_max_under_constraints;seed=continuation
-0.35,independent_oracle,3c5f6b3c9bd535cff7657364dadb2efc31f2ea48,51.0,1,1.153125,338.910831,21.569482,0.0,2,true,true,fine_grid,false,governance.selection=pressure_max_under_constraints;seed=continuation
-0.35,independent_oracle,3c5f6b3c9bd535cff7657364dadb2efc31f2ea48,51.0,1,1.159375,338.668538,21.568801,0.0,2,true,true,fine_grid,false,governance.selection=pressure_max_under_constraints;seed=continuation
-0.35,independent_oracle,3c5f6b3c9bd535cff7657364dadb2efc31f2ea48,51.0,1,1.165625,338.425881,21.568114,0.0,2,true,true,fine_grid,false,governance.selection=pressure_max_under_constraints;seed=continuation
-0.35,independent_oracle,3c5f6b3c9bd535cff7657364dadb2efc31f2ea48,51.0,1,1.171875,338.182875,21.567424,0.0,2,true,true,fine_grid,false,governance.selection=pressure_max_under_constraints;seed=continuation
-0.35,independent_oracle,3c5f6b3c9bd535cff7657364dadb2efc31f2ea48,51.0,1,1.178125,337.939532,21.566728,0.0,2,true,true,fine_grid,false,governance.selection=pressure_max_under_constraints;seed=continuation
-0.35,independent_oracle,3c5f6b3c9bd535cff7657364dadb2efc31f2ea48,51.0,1,1.184375,337.695864,21.566028,0.0,2,true,true,fine_grid,false,governance.selection=pressure_max_under_constraints;seed=continuation
-0.35,independent_oracle,3c5f6b3c9bd535cff7657364dadb2efc31f2ea48,51.0,1,1.190625,337.451886,21.565323,0.0,2,true,true,fine_grid,false,governance.selection=pressure_max_under_constraints;seed=continuation
-0.35,independent_oracle,3c5f6b3c9bd535cff7657364dadb2efc31f2ea48,51.0,1,1.196875,337.207609,21.564614,0.0,2,true,true,fine_grid,false,governance.selection=pressure_max_under_constraints;seed=continuation
-0.35,independent_oracle,3c5f6b3c9bd535cff7657364dadb2efc31f2ea48,51.0,1,1.203125,336.963047,21.5639,0.0,2,true,true,fine_grid,false,governance.selection=pressure_max_under_constraints;seed=continuation
-0.35,independent_oracle,3c5f6b3c9bd535cff7657364dadb2efc31f2ea48,51.0,1,1.209375,336.718215,21.563182,0.0,2,true,true,fine_grid,false,governance.selection=pressure_max_under_constraints;seed=continuation
-0.35,independent_oracle,3c5f6b3c9bd535cff7657364dadb2efc31f2ea48,51.0,1,1.215625,336.473125,21.562459,0.0,2,true,true,fine_grid,false,governance.selection=pressure_max_under_constraints;seed=continuation
-0.35,independent_oracle,3c5f6b3c9bd535cff7657364dadb2efc31f2ea48,51.0,1,1.221875,336.227792,21.561731,0.0,2,true,true,fine_grid,false,governance.selection=pressure_max_under_constraints;seed=continuation
-0.35,independent_oracle,3c5f6b3c9bd535cff7657364dadb2efc31f2ea48,51.0,1,1.228125,335.98223,21.561,0.0,2,true,true,fine_grid,false,governance.selection=pressure_max_under_constraints;seed=continuation
-0.35,independent_oracle,3c5f6b3c9bd535cff7657364dadb2efc31f2ea48,51.0,1,1.234375,335.736453,21.560264,0.0,2,true,true,fine_grid,false,governance.selection=pressure_max_under_constraints;seed=continuation
-0.35,independent_oracle,3c5f6b3c9bd535cff7657364dadb2efc31f2ea48,51.0,1,1.240625,335.490476,21.559523,0.0,2,true,true,fine_grid,false,governance.selection=pressure_max_under_constraints;seed=continuation
-0.35,independent_oracle,3c5f6b3c9bd535cff7657364dadb2efc31f2ea48,51.0,1,1.246875,335.244314,21.558778,0.0,2,true,true,fine_grid,false,governance.selection=pressure_max_under_constraints;seed=continuation
-0.35,independent_oracle,3c5f6b3c9bd535cff7657364dadb2efc31f2ea48,51.0,1,1.253125,334.997982,21.558029,0.0,2,true,true,fine_grid,false,governance.selection=pressure_max_under_constraints;seed=continuation
-0.35,independent_oracle,3c5f6b3c9bd535cff7657364dadb2efc31f2ea48,51.0,1,1.259375,334.751496,21.557276,0.0,2,true,true,fine_grid,false,governance.selection=pressure_max_under_constraints;seed=continuation
-0.35,independent_oracle,3c5f6b3c9bd535cff7657364dadb2efc31f2ea48,51.0,1,1.265625,334.504872,21.556519,0.0,2,true,true,fine_grid,false,governance.selection=pressure_max_under_constraints;seed=continuation
-0.35,independent_oracle,3c5f6b3c9bd535cff7657364dadb2efc31f2ea48,51.0,1,1.271875,334.258125,21.555757,0.0,2,true,true,fine_grid,false,governance.selection=pressure_max_under_constraints;seed=continuation
-0.35,independent_oracle,3c5f6b3c9bd535cff7657364dadb2efc31f2ea48,51.0,1,1.278125,334.011272,21.554992,0.0,2,true,true,fine_grid,false,governance.selection=pressure_max_under_constraints;seed=continuation
-0.35,independent_oracle,3c5f6b3c9bd535cff7657364dadb2efc31f2ea48,51.0,1,1.284375,333.76433,21.554222,0.0,2,true,true,fine_grid,false,governance.selection=pressure_max_under_constraints;seed=continuation
-0.35,independent_oracle,3c5f6b3c9bd535cff7657364dadb2efc31f2ea48,51.0,1,1.290625,333.517316,21.553448,0.0,2,true,true,fine_grid,false,governance.selection=pressure_max_under_constraints;seed=continuation
-0.35,independent_oracle,3c5f6b3c9bd535cff7657364dadb2efc31f2ea48,51.0,1,1.296875,333.270248,21.552671,0.0,2,true,true,fine_grid,false,governance.selection=pressure_max_under_constraints;seed=continuation
-0.35,independent_oracle,3c5f6b3c9bd535cff7657364dadb2efc31f2ea48,51.0,1,1.303125,333.023143,21.551889,0.0,2,true,true,fine_grid,false,governance.selection=pressure_max_under_constraints;seed=continuation
-0.35,independent_oracle,3c5f6b3c9bd535cff7657364dadb2efc31f2ea48,51.0,1,1.309375,332.77602,21.551104,0.0,2,true,true,fine_grid,false,governance.selection=pressure_max_under_constraints;seed=continuation
-0.35,independent_oracle,3c5f6b3c9bd535cff7657364dadb2efc31f2ea48,51.0,1,1.315625,332.528897,21.550315,0.0,2,true,true,fine_grid,false,governance.selection=pressure_max_under_constraints;seed=continuation
-0.35,independent_oracle,3c5f6b3c9bd535cff7657364dadb2efc31f2ea48,51.0,1,1.321875,332.281793,21.549523,0.0,2,true,true,fine_grid,false,governance.selection=pressure_max_under_constraints;seed=continuation
-0.35,independent_oracle,3c5f6b3c9bd535cff7657364dadb2efc31f2ea48,51.0,1,1.328125,332.034729,21.548726,0.0,2,true,true,fine_grid,false,governance.selection=pressure_max_under_constraints;seed=continuation
-0.35,independent_oracle,3c5f6b3c9bd535cff7657364dadb2efc31f2ea48,51.0,1,1.334375,331.787724,21.547926,0.0,2,true,true,fine_grid,false,governance.selection=pressure_max_under_constraints;seed=continuation
-0.35,independent_oracle,3c5f6b3c9bd535cff7657364dadb2efc31f2ea48,51.0,1,1.340625,331.540798,21.547123,0.0,2,true,true,fine_grid,false,governance.selection=pressure_max_under_constraints;seed=continuation
-0.35,independent_oracle,3c5f6b3c9bd535cff7657364dadb2efc31f2ea48,51.0,1,1.346875,331.293974,21.546316,0.0,2,true,true,fine_grid,false,governance.selection=pressure_max_under_constraints;seed=continuation
-0.35,independent_oracle,3c5f6b3c9bd535cff7657364dadb2efc31f2ea48,51.0,1,1.353125,331.047271,21.545506,0.0,2,true,true,fine_grid,false,governance.selection=pressure_max_under_constraints;seed=continuation
-0.35,independent_oracle,3c5f6b3c9bd535cff7657364dadb2efc31f2ea48,51.0,1,1.359375,330.800713,21.544693,0.0,2,true,true,fine_grid,false,governance.selection=pressure_max_under_constraints;seed=continuation
-0.35,independent_oracle,3c5f6b3c9bd535cff7657364dadb2efc31f2ea48,51.0,1,1.365625,330.554322,21.543876,0.0,2,true,true,fine_grid,false,governance.selection=pressure_max_under_constraints;seed=continuation
-0.35,independent_oracle,3c5f6b3c9bd535cff7657364dadb2efc31f2ea48,51.0,1,1.371875,330.308122,21.543056,0.0,2,true,true,fine_grid,false,governance.selection=pressure_max_under_constraints;seed=continuation
-0.35,independent_oracle,3c5f6b3c9bd535cff7657364dadb2efc31f2ea48,51.0,1,1.378125,330.062135,21.542234,0.0,2,true,true,fine_grid,false,governance.selection=pressure_max_under_constraints;seed=continuation
-0.35,independent_oracle,3c5f6b3c9bd535cff7657364dadb2efc31f2ea48,51.0,1,1.384375,329.816388,21.541408,0.0,2,true,true,fine_grid,false,governance.selection=pressure_max_under_constraints;seed=continuation
-0.35,independent_oracle,3c5f6b3c9bd535cff7657364dadb2efc31f2ea48,51.0,1,1.390625,329.570904,21.540579,0.0,2,true,true,fine_grid,false,governance.selection=pressure_max_under_constraints;seed=continuation
-0.35,independent_oracle,3c5f6b3c9bd535cff7657364dadb2efc31f2ea48,51.0,1,1.396875,329.32571,21.539748,0.0,2,true,true,fine_grid,false,governance.selection=pressure_max_under_constraints;seed=continuation
-0.35,independent_oracle,3c5f6b3c9bd535cff7657364dadb2efc31f2ea48,51.0,1,1.403125,329.080832,21.538914,0.0,2,true,true,fine_grid,false,governance.selection=pressure_max_under_constraints;seed=continuation
-0.35,independent_oracle,3c5f6b3c9bd535cff7657364dadb2efc31f2ea48,51.0,1,1.409375,328.836298,21.538078,0.0,2,true,true,fine_grid,false,governance.selection=pressure_max_under_constraints;seed=continuation
-0.35,independent_oracle,3c5f6b3c9bd535cff7657364dadb2efc31f2ea48,51.0,1,1.415625,328.592135,21.537239,0.0,2,true,true,fine_grid,false,governance.selection=pressure_max_under_constraints;seed=continuation
-0.35,independent_oracle,3c5f6b3c9bd535cff7657364dadb2efc31f2ea48,51.0,1,1.421875,328.348373,21.536397,0.0,2,true,true,fine_grid,false,governance.selection=pressure_max_under_constraints;seed=continuation
-0.35,independent_oracle,3c5f6b3c9bd535cff7657364dadb2efc31f2ea48,51.0,1,1.428125,328.10504,21.535554,0.0,2,true,true,fine_grid,false,governance.selection=pressure_max_under_constraints;seed=continuation
-0.35,independent_oracle,3c5f6b3c9bd535cff7657364dadb2efc31f2ea48,51.0,1,1.434375,327.862169,21.534708,0.0,2,true,true,fine_grid,false,governance.selection=pressure_max_under_constraints;seed=continuation
-0.35,independent_oracle,3c5f6b3c9bd535cff7657364dadb2efc31f2ea48,51.0,1,1.440625,327.619788,21.533861,0.0,2,true,true,fine_grid,false,governance.selection=pressure_max_under_constraints;seed=continuation
-0.35,independent_oracle,3c5f6b3c9bd535cff7657364dadb2efc31f2ea48,51.0,1,1.446875,327.377932,21.533011,0.0,2,true,true,fine_grid,false,governance.selection=pressure_max_under_constraints;seed=continuation
-0.35,independent_oracle,3c5f6b3c9bd535cff7657364dadb2efc31f2ea48,51.0,1,1.453125,327.136633,21.53216,0.0,2,true,true,fine_grid,false,governance.selection=pressure_max_under_constraints;seed=continuation
-0.35,independent_oracle,3c5f6b3c9bd535cff7657364dadb2efc31f2ea48,51.0,1,1.459375,326.895925,21.531308,0.0,2,true,true,fine_grid,false,governance.selection=pressure_max_under_constraints;seed=continuation
-0.35,independent_oracle,3c5f6b3c9bd535cff7657364dadb2efc31f2ea48,51.0,1,1.465625,326.655843,21.530454,0.0,2,true,true,fine_grid,false,governance.selection=pressure_max_under_constraints;seed=continuation
-0.35,independent_oracle,3c5f6b3c9bd535cff7657364dadb2efc31f2ea48,51.0,1,1.471875,326.416423,21.529598,0.0,2,true,true,fine_grid,false,governance.selection=pressure_max_under_constraints;seed=continuation
-0.35,independent_oracle,3c5f6b3c9bd535cff7657364dadb2efc31f2ea48,51.0,1,1.478125,326.177703,21.528742,0.0,2,true,true,fine_grid,false,governance.selection=pressure_max_under_constraints;seed=continuation
-0.35,independent_oracle,3c5f6b3c9bd535cff7657364dadb2efc31f2ea48,51.0,1,1.484375,325.93972,21.527884,0.0,2,true,true,fine_grid,false,governance.selection=pressure_max_under_constraints;seed=continuation
-0.35,independent_oracle,3c5f6b3c9bd535cff7657364dadb2efc31f2ea48,51.0,1,1.490625,325.702514,21.527026,0.0,2,true,true,fine_grid,false,governance.selection=pressure_max_under_constraints;seed=continuation
-0.35,independent_oracle,3c5f6b3c9bd535cff7657364dadb2efc31f2ea48,51.0,1,1.496875,325.466126,21.526167,0.0,2,true,true,fine_grid,false,governance.selection=pressure_max_under_constraints;seed=continuation
-0.35,independent_oracle,3c5f6b3c9bd535cff7657364dadb2efc31f2ea48,51.0,1,1.503125,325.230597,21.525308,0.0,2,true,true,fine_grid,false,governance.selection=pressure_max_under_constraints;seed=continuation
-0.35,independent_oracle,3c5f6b3c9bd535cff7657364dadb2efc31f2ea48,51.0,1,1.509375,324.995969,21.524448,0.0,2,true,true,fine_grid,false,governance.selection=pressure_max_under_constraints;seed=continuation
-0.35,independent_oracle,3c5f6b3c9bd535cff7657364dadb2efc31f2ea48,51.0,1,1.515625,324.762288,21.523588,0.0,2,true,true,fine_grid,false,governance.selection=pressure_max_under_constraints;seed=continuation
-0.35,independent_oracle,3c5f6b3c9bd535cff7657364dadb2efc31f2ea48,51.0,1,1.521875,324.529597,21.522729,0.0,2,true,true,fine_grid,false,governance.selection=pressure_max_under_constraints;seed=continuation
-0.35,independent_oracle,3c5f6b3c9bd535cff7657364dadb2efc31f2ea48,51.0,1,1.528125,324.297945,21.521869,0.0,2,true,true,fine_grid,false,governance.selection=pressure_max_under_constraints;seed=continuation
-0.35,independent_oracle,3c5f6b3c9bd535cff7657364dadb2efc31f2ea48,51.0,1,1.534375,324.067379,21.52101,0.0,2,true,true,fine_grid,false,governance.selection=pressure_max_under_constraints;seed=continuation
-0.35,independent_oracle,3c5f6b3c9bd535cff7657364dadb2efc31f2ea48,51.0,1,1.540625,323.837949,21.520152,0.0,2,true,true,fine_grid,false,governance.selection=pressure_max_under_constraints;seed=continuation
-0.35,independent_oracle,3c5f6b3c9bd535cff7657364dadb2efc31f2ea48,51.0,1,1.546875,323.609705,21.519295,0.0,2,true,true,fine_grid,false,governance.selection=pressure_max_under_constraints;seed=continuation
-0.35,independent_oracle,3c5f6b3c9bd535cff7657364dadb2efc31f2ea48,51.0,1,1.553125,323.3827,21.518439,0.0,2,true,true,fine_grid,false,governance.selection=pressure_max_under_constraints;seed=continuation
-0.35,independent_oracle,3c5f6b3c9bd535cff7657364dadb2efc31f2ea48,51.0,1,1.559375,323.156988,21.517585,0.0,2,true,true,fine_grid,false,governance.selection=pressure_max_under_constraints;seed=continuation
-0.35,independent_oracle,3c5f6b3c9bd535cff7657364dadb2efc31f2ea48,51.0,1,1.565625,322.932624,21.516732,0.0,2,true,true,fine_grid,false,governance.selection=pressure_max_under_constraints;seed=continuation
-0.35,independent_oracle,3c5f6b3c9bd535cff7657364dadb2efc31f2ea48,51.0,1,1.571875,322.709664,21.515881,0.0,2,true,true,fine_grid,false,governance.selection=pressure_max_under_constraints;seed=continuation
-0.35,independent_oracle,3c5f6b3c9bd535cff7657364dadb2efc31f2ea48,51.0,1,1.578125,322.488168,21.515033,0.0,2,true,true,fine_grid,false,governance.selection=pressure_max_under_constraints;seed=continuation
-0.35,independent_oracle,3c5f6b3c9bd535cff7657364dadb2efc31f2ea48,51.0,1,1.584375,322.268196,21.514187,0.0,2,true,true,fine_grid,false,governance.selection=pressure_max_under_constraints;seed=continuation
-0.35,independent_oracle,3c5f6b3c9bd535cff7657364dadb2efc31f2ea48,51.0,1,1.590625,322.049808,21.513343,0.0,2,true,true,fine_grid,false,governance.selection=pressure_max_under_constraints;seed=continuation
-0.35,independent_oracle,3c5f6b3c9bd535cff7657364dadb2efc31f2ea48,51.0,1,1.596875,321.833069,21.512503,0.0,2,true,true,fine_grid,false,governance.selection=pressure_max_under_constraints;seed=continuation
-0.35,independent_oracle,3c5f6b3c9bd535cff7657364dadb2efc31f2ea48,51.0,1,1.603125,321.618044,21.511666,0.0,2,true,true,fine_grid,false,governance.selection=pressure_max_under_constraints;seed=continuation
-0.35,independent_oracle,3c5f6b3c9bd535cff7657364dadb2efc31f2ea48,51.0,1,1.609375,321.404799,21.510833,0.0,2,true,true,fine_grid,false,governance.selection=pressure_max_under_constraints;seed=continuation
-0.35,independent_oracle,3c5f6b3c9bd535cff7657364dadb2efc31f2ea48,51.0,1,1.615625,321.193402,21.510004,0.0,2,true,true,fine_grid,false,governance.selection=pressure_max_under_constraints;seed=continuation
-0.35,independent_oracle,3c5f6b3c9bd535cff7657364dadb2efc31f2ea48,51.0,1,1.621875,320.983925,21.509179,0.0,2,true,true,fine_grid,false,governance.selection=pressure_max_under_constraints;seed=continuation
-0.35,independent_oracle,3c5f6b3c9bd535cff7657364dadb2efc31f2ea48,51.0,1,1.628125,320.776439,21.508359,0.0,2,true,true,fine_grid,false,governance.selection=pressure_max_under_constraints;seed=continuation
-0.35,independent_oracle,3c5f6b3c9bd535cff7657364dadb2efc31f2ea48,51.0,1,1.634375,320.571018,21.507544,0.0,2,true,true,fine_grid,false,governance.selection=pressure_max_under_constraints;seed=continuation
-0.35,independent_oracle,3c5f6b3c9bd535cff7657364dadb2efc31f2ea48,51.0,1,1.640625,320.367737,21.506734,0.0,2,true,true,fine_grid,false,governance.selection=pressure_max_under_constraints;seed=continuation
-0.35,independent_oracle,3c5f6b3c9bd535cff7657364dadb2efc31f2ea48,51.0,1,1.646875,320.166673,21.50593,0.0,2,true,true,fine_grid,false,governance.selection=pressure_max_under_constraints;seed=continuation
-0.35,independent_oracle,3c5f6b3c9bd535cff7657364dadb2efc31f2ea48,51.0,1,1.653125,319.967906,21.505132,0.0,2,true,true,fine_grid,false,governance.selection=pressure_max_under_constraints;seed=continuation
-0.35,independent_oracle,3c5f6b3c9bd535cff7657364dadb2efc31f2ea48,51.0,1,1.659375,319.771516,21.504341,0.0,2,true,true,fine_grid,false,governance.selection=pressure_max_under_constraints;seed=continuation
-0.35,independent_oracle,3c5f6b3c9bd535cff7657364dadb2efc31f2ea48,51.0,1,1.665625,319.577585,21.503557,0.0,2,true,true,fine_grid,false,governance.selection=pressure_max_under_constraints;seed=continuation
-0.35,independent_oracle,3c5f6b3c9bd535cff7657364dadb2efc31f2ea48,51.0,1,1.671875,319.386198,21.50278,0.0,2,true,true,fine_grid,false,governance.selection=pressure_max_under_constraints;seed=continuation
-0.35,independent_oracle,3c5f6b3c9bd535cff7657364dadb2efc31f2ea48,51.0,1,1.678125,319.197439,21.502011,0.0,2,true,true,fine_grid,false,governance.selection=pressure_max_under_constraints;seed=continuation
-0.35,independent_oracle,3c5f6b3c9bd535cff7657364dadb2efc31f2ea48,51.0,1,1.684375,319.011397,21.50125,0.0,2,true,true,fine_grid,false,governance.selection=pressure_max_under_constraints;seed=continuation
-0.35,independent_oracle,3c5f6b3c9bd535cff7657364dadb2efc31f2ea48,51.0,1,1.690625,318.828161,21.500498,0.0,2,true,true,fine_grid,false,governance.selection=pressure_max_under_constraints;seed=continuation
-0.35,independent_oracle,3c5f6b3c9bd535cff7657364dadb2efc31f2ea48,51.0,1,1.696875,318.647819,21.499755,0.0,2,true,true,fine_grid,false,governance.selection=pressure_max_under_constraints;seed=continuation
-0.35,independent_oracle,3c5f6b3c9bd535cff7657364dadb2efc31f2ea48,51.0,1,1.703125,318.470464,21.499021,0.0,2,true,true,fine_grid,false,governance.selection=pressure_max_under_constraints;seed=continuation
-0.35,independent_oracle,3c5f6b3c9bd535cff7657364dadb2efc31f2ea48,51.0,1,1.709375,318.29619,21.498298,0.0,2,true,true,fine_grid,false,governance.selection=pressure_max_under_constraints;seed=continuation
-0.35,independent_oracle,3c5f6b3c9bd535cff7657364dadb2efc31f2ea48,51.0,1,1.715625,318.125089,21.497585,0.0,2,true,true,fine_grid,false,governance.selection=pressure_max_under_constraints;seed=continuation
-0.35,independent_oracle,3c5f6b3c9bd535cff7657364dadb2efc31f2ea48,51.0,1,1.721875,317.957258,21.496884,0.0,2,true,true,fine_grid,false,governance.selection=pressure_max_under_constraints;seed=continuation
-0.35,independent_oracle,3c5f6b3c9bd535cff7657364dadb2efc31f2ea48,51.0,1,1.728125,317.792792,21.496193,0.0,2,true,true,fine_grid,false,governance.selection=pressure_max_under_constraints;seed=continuation
-0.35,independent_oracle,3c5f6b3c9bd535cff7657364dadb2efc31f2ea48,51.0,1,1.734375,317.631789,21.495515,0.0,2,true,true,fine_grid,false,governance.selection=pressure_max_under_constraints;seed=continuation
-0.35,independent_oracle,3c5f6b3c9bd535cff7657364dadb2efc31f2ea48,51.0,1,1.740625,317.474346,21.49485,0.0,2,true,true,fine_grid,false,governance.selection=pressure_max_under_constraints;seed=continuation
-0.35,independent_oracle,3c5f6b3c9bd535cff7657364dadb2efc31f2ea48,51.0,1,1.746875,317.320562,21.494198,0.0,2,true,true,fine_grid,false,governance.selection=pressure_max_under_constraints;seed=continuation
-0.35,independent_oracle,3c5f6b3c9bd535cff7657364dadb2efc31f2ea48,51.0,1,1.753125,317.170536,21.493559,0.0,2,true,true,fine_grid,false,governance.selection=pressure_max_under_constraints;seed=continuation
-0.35,independent_oracle,3c5f6b3c9bd535cff7657364dadb2efc31f2ea48,51.0,1,1.759375,317.024366,21.492935,0.0,2,true,true,fine_grid,false,governance.selection=pressure_max_under_constraints;seed=continuation
-0.35,independent_oracle,3c5f6b3c9bd535cff7657364dadb2efc31f2ea48,51.0,1,1.765625,316.882152,21.492325,0.0,2,true,true,fine_grid,false,governance.selection=pressure_max_under_constraints;seed=continuation
-0.35,independent_oracle,3c5f6b3c9bd535cff7657364dadb2efc31f2ea48,51.0,1,1.771875,316.743992,21.491731,0.0,2,true,true,fine_grid,false,governance.selection=pressure_max_under_constraints;seed=continuation
-0.35,independent_oracle,3c5f6b3c9bd535cff7657364dadb2efc31f2ea48,51.0,1,1.778125,316.609985,21.491152,0.0,2,true,true,fine_grid,false,governance.selection=pressure_max_under_constraints;seed=continuation
-0.35,independent_oracle,3c5f6b3c9bd535cff7657364dadb2efc31f2ea48,51.0,1,1.784375,316.480228,21.49059,0.0,2,true,true,fine_grid,false,governance.selection=pressure_max_under_constraints;seed=continuation
-0.35,independent_oracle,3c5f6b3c9bd535cff7657364dadb2efc31f2ea48,51.0,1,1.790625,316.354819,21.490044,0.0,2,true,true,fine_grid,false,governance.selection=pressure_max_under_constraints;seed=continuation
-0.35,independent_oracle,3c5f6b3c9bd535cff7657364dadb2efc31f2ea48,51.0,1,1.796875,316.233852,21.489517,0.0,2,true,true,fine_grid,false,governance.selection=pressure_max_under_constraints;seed=continuation
-0.35,independent_oracle,3c5f6b3c9bd535cff7657364dadb2efc31f2ea48,51.0,1,1.803125,316.117423,21.489007,0.0,2,true,true,fine_grid,false,governance.selection=pressure_max_under_constraints;seed=continuation
-0.35,independent_oracle,3c5f6b3c9bd535cff7657364dadb2efc31f2ea48,51.0,1,1.809375,316.005623,21.488516,0.0,2,true,true,fine_grid,false,governance.selection=pressure_max_under_constraints;seed=continuation
-0.35,independent_oracle,3c5f6b3c9bd535cff7657364dadb2efc31f2ea48,51.0,1,1.815625,315.898543,21.488044,0.0,2,true,true,fine_grid,false,governance.selection=pressure_max_under_constraints;seed=continuation
-0.35,independent_oracle,3c5f6b3c9bd535cff7657364dadb2efc31f2ea48,51.0,1,1.821875,315.796272,21.487591,0.0,2,true,true,fine_grid,false,governance.selection=pressure_max_under_constraints;seed=continuation
-0.35,independent_oracle,3c5f6b3c9bd535cff7657364dadb2efc31f2ea48,51.0,1,1.828125,315.698895,21.487159,0.0,2,true,true,fine_grid,false,governance.selection=pressure_max_under_constraints;seed=continuation
-0.35,independent_oracle,3c5f6b3c9bd535cff7657364dadb2efc31f2ea48,51.0,1,1.834375,315.606496,21.486747,0.0,2,true,true,fine_grid,false,governance.selection=pressure_max_under_constraints;seed=continuation
-0.35,independent_oracle,3c5f6b3c9bd535cff7657364dadb2efc31f2ea48,51.0,1,1.840625,315.519154,21.486357,0.0,2,true,true,fine_grid,false,governance.selection=pressure_max_under_constraints;seed=continuation
-0.35,independent_oracle,3c5f6b3c9bd535cff7657364dadb2efc31f2ea48,51.0,1,1.846875,315.436945,21.485988,0.0,2,true,true,fine_grid,false,governance.selection=pressure_max_under_constraints;seed=continuation
-0.35,independent_oracle,3c5f6b3c9bd535cff7657364dadb2efc31f2ea48,51.0,1,1.853125,315.359942,21.485642,0.0,2,true,true,fine_grid,false,governance.selection=pressure_max_under_constraints;seed=continuation
-0.35,independent_oracle,3c5f6b3c9bd535cff7657364dadb2efc31f2ea48,51.0,1,1.859375,315.288214,21.485318,0.0,2,true,true,fine_grid,false,governance.selection=pressure_max_under_constraints;seed=continuation
-0.35,independent_oracle,3c5f6b3c9bd535cff7657364dadb2efc31f2ea48,51.0,1,1.865625,315.221824,21.485017,0.0,2,true,true,fine_grid,false,governance.selection=pressure_max_under_constraints;seed=continuation
-0.35,independent_oracle,3c5f6b3c9bd535cff7657364dadb2efc31f2ea48,51.0,1,1.871875,315.160834,21.48474,0.0,2,true,true,fine_grid,false,governance.selection=pressure_max_under_constraints;seed=continuation
-0.35,independent_oracle,3c5f6b3c9bd535cff7657364dadb2efc31f2ea48,51.0,1,1.878125,315.105297,21.484486,0.0,2,true,true,fine_grid,false,governance.selection=pressure_max_under_constraints;seed=continuation
-0.35,independent_oracle,3c5f6b3c9bd535cff7657364dadb2efc31f2ea48,51.0,1,1.884375,315.055265,21.484257,0.0,2,true,true,fine_grid,false,governance.selection=pressure_max_under_constraints;seed=continuation
-0.35,independent_oracle,3c5f6b3c9bd535cff7657364dadb2efc31f2ea48,51.0,1,1.890625,315.010781,21.484053,0.0,2,true,true,fine_grid,false,governance.selection=pressure_max_under_constraints;seed=continuation
-0.35,independent_oracle,3c5f6b3c9bd535cff7657364dadb2efc31f2ea48,51.0,1,1.896875,314.971884,21.483874,0.0,2,true,true,fine_grid,false,governance.selection=pressure_max_under_constraints;seed=continuation
-0.35,independent_oracle,3c5f6b3c9bd535cff7657364dadb2efc31f2ea48,51.0,1,1.903125,314.938609,21.48372,0.0,2,true,true,fine_grid,false,governance.selection=pressure_max_under_constraints;seed=continuation
-0.35,independent_oracle,3c5f6b3c9bd535cff7657364dadb2efc31f2ea48,51.0,1,1.909375,314.910984,21.483592,0.0,2,true,true,fine_grid,false,governance.selection=pressure_max_under_constraints;seed=continuation
-0.35,independent_oracle,3c5f6b3c9bd535cff7657364dadb2efc31f2ea48,51.0,1,1.915625,314.88903,21.48349,0.0,2,true,true,fine_grid,false,governance.selection=pressure_max_under_constraints;seed=continuation
-0.35,independent_oracle,3c5f6b3c9bd535cff7657364dadb2efc31f2ea48,51.0,1,1.921875,314.872763,21.483414,0.0,2,true,true,fine_grid,false,governance.selection=pressure_max_under_constraints;seed=continuation
-0.35,independent_oracle,3c5f6b3c9bd535cff7657364dadb2efc31f2ea48,51.0,1,1.928125,314.862193,21.483365,0.0,2,true,true,fine_grid,false,governance.selection=pressure_max_under_constraints;seed=continuation
-0.35,independent_oracle,3c5f6b3c9bd535cff7657364dadb2efc31f2ea48,51.0,1,1.934375,314.857324,21.483342,0.0,2,true,true,fine_grid,false,governance.selection=pressure_max_under_constraints;seed=continuation
-0.35,independent_oracle,3c5f6b3c9bd535cff7657364dadb2efc31f2ea48,51.0,1,1.940625,314.858154,21.483346,0.0,2,true,true,fine_grid,false,governance.selection=pressure_max_under_constraints;seed=continuation
-0.35,independent_oracle,3c5f6b3c9bd535cff7657364dadb2efc31f2ea48,51.0,1,1.946875,314.864673,21.483377,0.0,2,true,true,fine_grid,false,governance.selection=pressure_max_under_constraints;seed=continuation
-0.35,independent_oracle,3c5f6b3c9bd535cff7657364dadb2efc31f2ea48,51.0,1,1.953125,314.876868,21.483434,0.0,2,true,true,fine_grid,false,governance.selection=pressure_max_under_constraints;seed=continuation
-0.35,independent_oracle,3c5f6b3c9bd535cff7657364dadb2efc31f2ea48,51.0,1,1.959375,314.894717,21.483519,0.0,2,true,true,fine_grid,false,governance.selection=pressure_max_under_constraints;seed=continuation
-0.35,independent_oracle,3c5f6b3c9bd535cff7657364dadb2efc31f2ea48,51.0,1,1.965625,314.918195,21.483631,0.0,2,true,true,fine_grid,false,governance.selection=pressure_max_under_constraints;seed=continuation
-0.35,independent_oracle,3c5f6b3c9bd535cff7657364dadb2efc31f2ea48,51.0,1,1.971875,314.947268,21.483771,0.0,2,true,true,fine_grid,false,governance.selection=pressure_max_under_constraints;seed=continuation
-0.35,independent_oracle,3c5f6b3c9bd535cff7657364dadb2efc31f2ea48,51.0,1,1.978125,314.981899,21.483937,0.0,2,true,true,fine_grid,false,governance.selection=pressure_max_under_constraints;seed=continuation
-0.35,independent_oracle,3c5f6b3c9bd535cff7657364dadb2efc31f2ea48,51.0,1,1.984375,315.022045,21.484131,0.0,2,true,true,fine_grid,false,governance.selection=pressure_max_under_constraints;seed=continuation
-0.35,independent_oracle,3c5f6b3c9bd535cff7657364dadb2efc31f2ea48,51.0,1,1.990625,315.067656,21.484351,0.0,2,true,true,fine_grid,false,governance.selection=pressure_max_under_constraints;seed=continuation
-0.35,independent_oracle,3c5f6b3c9bd535cff7657364dadb2efc31f2ea48,51.0,1,1.996875,315.118679,21.484598,0.0,2,true,true,fine_grid,false,governance.selection=pressure_max_under_constraints;seed=continuation
-0.35,independent_oracle,3c5f6b3c9bd535cff7657364dadb2efc31f2ea48,51.0,1,2.003125,315.175055,21.484873,0.0,2,true,true,fine_grid,false,governance.selection=pressure_max_under_constraints;seed=continuation
-0.35,independent_oracle,3c5f6b3c9bd535cff7657364dadb2efc31f2ea48,51.0,1,2.009375,315.236722,21.485174,0.0,2,true,true,fine_grid,false,governance.selection=pressure_max_under_constraints;seed=continuation
-0.35,independent_oracle,3c5f6b3c9bd535cff7657364dadb2efc31f2ea48,51.0,1,2.015625,315.303611,21.485501,0.0,2,true,true,fine_grid,false,governance.selection=pressure_max_under_constraints;seed=continuation
-0.35,independent_oracle,3c5f6b3c9bd535cff7657364dadb2efc31f2ea48,51.0,1,2.021875,315.375651,21.485855,0.0,2,true,true,fine_grid,false,governance.selection=pressure_max_under_constraints;seed=continuation
-0.35,independent_oracle,3c5f6b3c9bd535cff7657364dadb2efc31f2ea48,51.0,1,2.028125,315.452768,21.486235,0.0,2,true,true,fine_grid,false,governance.selection=pressure_max_under_constraints;seed=continuation
-0.35,independent_oracle,3c5f6b3c9bd535cff7657364dadb2efc31f2ea48,51.0,1,2.034375,315.534881,21.486641,0.0,2,true,true,fine_grid,false,governance.selection=pressure_max_under_constraints;seed=continuation
-0.35,independent_oracle,3c5f6b3c9bd535cff7657364dadb2efc31f2ea48,51.0,1,2.040625,315.62191,21.487072,0.0,2,true,true,fine_grid,false,governance.selection=pressure_max_under_constraints;seed=continuation
-0.35,independent_oracle,3c5f6b3c9bd535cff7657364dadb2efc31f2ea48,51.0,1,2.046875,315.71377,21.487529,0.0,2,true,true,fine_grid,false,governance.selection=pressure_max_under_constraints;seed=continuation
-0.35,independent_oracle,3c5f6b3c9bd535cff7657364dadb2efc31f2ea48,51.0,1,2.053125,315.810374,21.48801,0.0,2,true,true,fine_grid,false,governance.selection=pressure_max_under_constraints;seed=continuation
-0.35,independent_oracle,3c5f6b3c9bd535cff7657364dadb2efc31f2ea48,51.0,1,2.059375,315.911632,21.488517,0.0,2,true,true,fine_grid,false,governance.selection=pressure_max_under_constraints;seed=continuation
-0.35,independent_oracle,3c5f6b3c9bd535cff7657364dadb2efc31f2ea48,51.0,1,2.065625,316.017452,21.489048,0.0,2,true,true,fine_grid,false,governance.selection=pressure_max_under_constraints;seed=continuation
-0.35,independent_oracle,3c5f6b3c9bd535cff7657364dadb2efc31f2ea48,51.0,1,2.071875,316.127742,21.489603,0.0,2,true,true,fine_grid,false,governance.selection=pressure_max_under_constraints;seed=continuation
-0.35,independent_oracle,3c5f6b3c9bd535cff7657364dadb2efc31f2ea48,51.0,1,2.078125,316.242407,21.490181,0.0,2,true,true,fine_grid,false,governance.selection=pressure_max_under_constraints;seed=continuation
-0.35,independent_oracle,3c5f6b3c9bd535cff7657364dadb2efc31f2ea48,51.0,1,2.084375,316.361351,21.490784,0.0,2,true,true,fine_grid,false,governance.selection=pressure_max_under_constraints;seed=continuation
-0.35,independent_oracle,3c5f6b3c9bd535cff7657364dadb2efc31f2ea48,51.0,1,2.090625,316.484477,21.491409,0.0,2,true,true,fine_grid,false,governance.selection=pressure_max_under_constraints;seed=continuation
-0.35,independent_oracle,3c5f6b3c9bd535cff7657364dadb2efc31f2ea48,51.0,1,2.096875,316.611689,21.492057,0.0,2,true,true,fine_grid,false,governance.selection=pressure_max_under_constraints;seed=continuation
-0.35,independent_oracle,3c5f6b3c9bd535cff7657364dadb2efc31f2ea48,51.0,1,2.103125,316.742888,21.492727,0.0,2,true,true,fine_grid,false,governance.selection=pressure_max_under_constraints;seed=continuation
-0.35,independent_oracle,3c5f6b3c9bd535cff7657364dadb2efc31f2ea48,51.0,1,2.109375,316.877977,21.493419,0.0,2,true,true,fine_grid,false,governance.selection=pressure_max_under_constraints;seed=continuation
-0.35,independent_oracle,3c5f6b3c9bd535cff7657364dadb2efc31f2ea48,51.0,1,2.115625,317.016858,21.494133,0.0,2,true,true,fine_grid,false,governance.selection=pressure_max_under_constraints;seed=continuation
-0.35,independent_oracle,3c5f6b3c9bd535cff7657364dadb2efc31f2ea48,51.0,1,2.121875,317.159433,21.494868,0.0,2,true,true,fine_grid,false,governance.selection=pressure_max_under_constraints;seed=continuation
-0.35,independent_oracle,3c5f6b3c9bd535cff7657364dadb2efc31f2ea48,51.0,1,2.128125,317.305605,21.495623,0.0,2,true,true,fine_grid,false,governance.selection=pressure_max_under_constraints;seed=continuation
-0.35,independent_oracle,3c5f6b3c9bd535cff7657364dadb2efc31f2ea48,51.0,1,2.134375,317.455278,21.496399,0.0,2,true,true,fine_grid,false,governance.selection=pressure_max_under_constraints;seed=continuation
-0.35,independent_oracle,3c5f6b3c9bd535cff7657364dadb2efc31f2ea48,51.0,1,2.140625,317.608355,21.497195,0.0,2,true,true,fine_grid,false,governance.selection=pressure_max_under_constraints;seed=continuation
-0.35,independent_oracle,3c5f6b3c9bd535cff7657364dadb2efc31f2ea48,51.0,1,2.146875,317.764742,21.498011,0.0,2,true,true,fine_grid,false,governance.selection=pressure_max_under_constraints;seed=continuation
-0.35,independent_oracle,3c5f6b3c9bd535cff7657364dadb2efc31f2ea48,51.0,1,2.153125,317.924344,21.498845,0.0,2,true,true,fine_grid,false,governance.selection=pressure_max_under_constraints;seed=continuation
-0.35,independent_oracle,3c5f6b3c9bd535cff7657364dadb2efc31f2ea48,51.0,1,2.159375,318.08707,21.499699,0.0,2,true,true,fine_grid,false,governance.selection=pressure_max_under_constraints;seed=continuation
-0.35,independent_oracle,3c5f6b3c9bd535cff7657364dadb2efc31f2ea48,51.0,1,2.165625,318.252826,21.500571,0.0,2,true,true,fine_grid,false,governance.selection=pressure_max_under_constraints;seed=continuation
-0.35,independent_oracle,3c5f6b3c9bd535cff7657364dadb2efc31f2ea48,51.0,1,2.171875,318.421523,21.501461,0.0,2,true,true,fine_grid,false,governance.selection=pressure_max_under_constraints;seed=continuation
-0.35,independent_oracle,3c5f6b3c9bd535cff7657364dadb2efc31f2ea48,51.0,1,2.178125,318.593073,21.502368,0.0,2,true,true,fine_grid,false,governance.selection=pressure_max_under_constraints;seed=continuation
-0.35,independent_oracle,3c5f6b3c9bd535cff7657364dadb2efc31f2ea48,51.0,1,2.184375,318.767387,21.503293,0.0,2,true,true,fine_grid,false,governance.selection=pressure_max_under_constraints;seed=continuation
-0.35,independent_oracle,3c5f6b3c9bd535cff7657364dadb2efc31f2ea48,51.0,1,2.190625,318.94438,21.504235,0.0,2,true,true,fine_grid,false,governance.selection=pressure_max_under_constraints;seed=continuation
-0.35,independent_oracle,3c5f6b3c9bd535cff7657364dadb2efc31f2ea48,51.0,1,2.196875,319.123968,21.505193,0.0,2,true,true,fine_grid,false,governance.selection=pressure_max_under_constraints;seed=continuation
-0.35,independent_oracle,3c5f6b3c9bd535cff7657364dadb2efc31f2ea48,51.0,1,2.203125,319.306069,21.506168,0.0,2,true,true,fine_grid,false,governance.selection=pressure_max_under_constraints;seed=continuation
-0.35,independent_oracle,3c5f6b3c9bd535cff7657364dadb2efc31f2ea48,51.0,1,2.209375,319.490601,21.507158,0.0,2,true,true,fine_grid,false,governance.selection=pressure_max_under_constraints;seed=continuation
-0.35,independent_oracle,3c5f6b3c9bd535cff7657364dadb2efc31f2ea48,51.0,1,2.215625,319.677486,21.508164,0.0,2,true,true,fine_grid,false,governance.selection=pressure_max_under_constraints;seed=continuation
-0.35,independent_oracle,3c5f6b3c9bd535cff7657364dadb2efc31f2ea48,51.0,1,2.221875,319.866646,21.509185,0.0,2,true,true,fine_grid,false,governance.selection=pressure_max_under_constraints;seed=continuation
-0.35,independent_oracle,3c5f6b3c9bd535cff7657364dadb2efc31f2ea48,51.0,1,2.228125,320.058007,21.510221,0.0,2,true,true,fine_grid,false,governance.selection=pressure_max_under_constraints;seed=continuation
-0.35,independent_oracle,3c5f6b3c9bd535cff7657364dadb2efc31f2ea48,51.0,1,2.234375,320.251494,21.511271,0.0,2,true,true,fine_grid,false,governance.selection=pressure_max_under_constraints;seed=continuation
-0.35,independent_oracle,3c5f6b3c9bd535cff7657364dadb2efc31f2ea48,51.0,1,2.240625,320.447035,21.512335,0.0,2,true,true,fine_grid,false,governance.selection=pressure_max_under_constraints;seed=continuation
-0.35,independent_oracle,3c5f6b3c9bd535cff7657364dadb2efc31f2ea48,51.0,1,2.246875,320.644561,21.513413,0.0,2,true,true,fine_grid,false,governance.selection=pressure_max_under_constraints;seed=continuation
-0.35,independent_oracle,3c5f6b3c9bd535cff7657364dadb2efc31f2ea48,51.0,1,2.253125,320.844002,21.514505,0.0,2,true,true,fine_grid,false,governance.selection=pressure_max_under_constraints;seed=continuation
-0.35,independent_oracle,3c5f6b3c9bd535cff7657364dadb2efc31f2ea48,51.0,1,2.259375,321.045293,21.51561,0.0,2,true,true,fine_grid,false,governance.selection=pressure_max_under_constraints;seed=continuation
-0.35,independent_oracle,3c5f6b3c9bd535cff7657364dadb2efc31f2ea48,51.0,1,2.265625,321.248369,21.516727,0.0,2,true,true,fine_grid,false,governance.selection=pressure_max_under_constraints;seed=continuation
-0.35,independent_oracle,3c5f6b3c9bd535cff7657364dadb2efc31f2ea48,51.0,1,2.271875,321.453167,21.517857,0.0,2,true,true,fine_grid,false,governance.selection=pressure_max_under_constraints;seed=continuation
-0.35,independent_oracle,3c5f6b3c9bd535cff7657364dadb2efc31f2ea48,51.0,1,2.278125,321.659624,21.519,0.0,2,true,true,fine_grid,false,governance.selection=pressure_max_under_constraints;seed=continuation
-0.35,independent_oracle,3c5f6b3c9bd535cff7657364dadb2efc31f2ea48,51.0,1,2.284375,321.867683,21.520155,0.0,2,true,true,fine_grid,false,governance.selection=pressure_max_under_constraints;seed=continuation
-0.35,independent_oracle,3c5f6b3c9bd535cff7657364dadb2efc31f2ea48,51.0,1,2.290625,322.077285,21.521321,0.0,2,true,true,fine_grid,false,governance.selection=pressure_max_under_constraints;seed=continuation
-0.35,independent_oracle,3c5f6b3c9bd535cff7657364dadb2efc31f2ea48,51.0,1,2.296875,322.288373,21.522499,0.0,2,true,true,fine_grid,false,governance.selection=pressure_max_under_constraints;seed=continuation
-0.35,independent_oracle,3c5f6b3c9bd535cff7657364dadb2efc31f2ea48,51.0,1,2.303125,322.500893,21.523688,0.0,2,true,true,fine_grid,false,governance.selection=pressure_max_under_constraints;seed=continuation
-0.35,independent_oracle,3c5f6b3c9bd535cff7657364dadb2efc31f2ea48,51.0,1,2.309375,322.714791,21.524888,0.0,2,true,true,fine_grid,false,governance.selection=pressure_max_under_constraints;seed=continuation
-0.35,independent_oracle,3c5f6b3c9bd535cff7657364dadb2efc31f2ea48,51.0,1,2.315625,322.930018,21.526098,0.0,2,true,true,fine_grid,false,governance.selection=pressure_max_under_constraints;seed=continuation
-0.35,independent_oracle,3c5f6b3c9bd535cff7657364dadb2efc31f2ea48,51.0,1,2.321875,323.146521,21.527319,0.0,2,true,true,fine_grid,false,governance.selection=pressure_max_under_constraints;seed=continuation
-0.35,independent_oracle,3c5f6b3c9bd535cff7657364dadb2efc31f2ea48,51.0,1,2.328125,323.364254,21.528551,0.0,2,true,true,fine_grid,false,governance.selection=pressure_max_under_constraints;seed=continuation
-0.35,independent_oracle,3c5f6b3c9bd535cff7657364dadb2efc31f2ea48,51.0,1,2.334375,323.583169,21.529792,0.0,2,true,true,fine_grid,false,governance.selection=pressure_max_under_constraints;seed=continuation
-0.35,independent_oracle,3c5f6b3c9bd535cff7657364dadb2efc31f2ea48,51.0,1,2.340625,323.80322,21.531043,0.0,2,true,true,fine_grid,false,governance.selection=pressure_max_under_constraints;seed=continuation
-0.35,independent_oracle,3c5f6b3c9bd535cff7657364dadb2efc31f2ea48,51.0,1,2.346875,324.024363,21.532304,0.0,2,true,true,fine_grid,false,governance.selection=pressure_max_under_constraints;seed=continuation
-0.35,independent_oracle,3c5f6b3c9bd535cff7657364dadb2efc31f2ea48,51.0,1,2.353125,324.246555,21.533574,0.0,2,true,true,fine_grid,false,governance.selection=pressure_max_under_constraints;seed=continuation
-0.35,independent_oracle,3c5f6b3c9bd535cff7657364dadb2efc31f2ea48,51.0,1,2.359375,324.469756,21.534854,0.0,2,true,true,fine_grid,false,governance.selection=pressure_max_under_constraints;seed=continuation
-0.35,independent_oracle,3c5f6b3c9bd535cff7657364dadb2efc31f2ea48,51.0,1,2.365625,324.693924,21.536142,0.0,2,true,true,fine_grid,false,governance.selection=pressure_max_under_constraints;seed=continuation
-0.35,independent_oracle,3c5f6b3c9bd535cff7657364dadb2efc31f2ea48,51.0,1,2.371875,324.919021,21.537439,0.0,2,true,true,fine_grid,false,governance.selection=pressure_max_under_constraints;seed=continuation
-0.35,independent_oracle,3c5f6b3c9bd535cff7657364dadb2efc31f2ea48,51.0,1,2.378125,325.145008,21.538745,0.0,2,true,true,fine_grid,false,governance.selection=pressure_max_under_constraints;seed=continuation
-0.35,independent_oracle,3c5f6b3c9bd535cff7657364dadb2efc31f2ea48,51.0,1,2.384375,325.371851,21.540058,0.0,2,true,true,fine_grid,false,governance.selection=pressure_max_under_constraints;seed=continuation
-0.35,independent_oracle,3c5f6b3c9bd535cff7657364dadb2efc31f2ea48,51.0,1,2.390625,325.599512,21.541381,0.0,2,true,true,fine_grid,false,governance.selection=pressure_max_under_constraints;seed=continuation
-0.35,independent_oracle,3c5f6b3c9bd535cff7657364dadb2efc31f2ea48,51.0,1,2.396875,325.827958,21.542711,0.0,2,true,true,fine_grid,false,governance.selection=pressure_max_under_constraints;seed=continuation
-0.35,independent_oracle,3c5f6b3c9bd535cff7657364dadb2efc31f2ea48,51.0,1,2.403125,326.057155,21.544049,0.0,2,true,true,fine_grid,false,governance.selection=pressure_max_under_constraints;seed=continuation
-0.35,independent_oracle,3c5f6b3c9bd535cff7657364dadb2efc31f2ea48,51.0,1,2.409375,326.287072,21.545395,0.0,2,true,true,fine_grid,false,governance.selection=pressure_max_under_constraints;seed=continuation
-0.35,independent_oracle,3c5f6b3c9bd535cff7657364dadb2efc31f2ea48,51.0,1,2.415625,326.517678,21.546748,0.0,2,true,true,fine_grid,false,governance.selection=pressure_max_under_constraints;seed=continuation
-0.35,independent_oracle,3c5f6b3c9bd535cff7657364dadb2efc31f2ea48,51.0,1,2.421875,326.748941,21.548109,0.0,2,true,true,fine_grid,false,governance.selection=pressure_max_under_constraints;seed=continuation
-0.35,independent_oracle,3c5f6b3c9bd535cff7657364dadb2efc31f2ea48,51.0,1,2.428125,326.980834,21.549477,0.0,2,true,true,fine_grid,false,governance.selection=pressure_max_under_constraints;seed=continuation
-0.35,independent_oracle,3c5f6b3c9bd535cff7657364dadb2efc31f2ea48,51.0,1,2.434375,327.213327,21.550852,0.0,2,true,true,fine_grid,false,governance.selection=pressure_max_under_constraints;seed=continuation
-0.35,independent_oracle,3c5f6b3c9bd535cff7657364dadb2efc31f2ea48,51.0,1,2.440625,327.446394,21.552233,0.0,2,true,true,fine_grid,false,governance.selection=pressure_max_under_constraints;seed=continuation
-0.35,independent_oracle,3c5f6b3c9bd535cff7657364dadb2efc31f2ea48,51.0,1,2.446875,327.680008,21.553622,0.0,2,true,true,fine_grid,false,governance.selection=pressure_max_under_constraints;seed=continuation
-0.35,independent_oracle,3c5f6b3c9bd535cff7657364dadb2efc31f2ea48,51.0,1,2.453125,327.914144,21.555018,0.0,2,true,true,fine_grid,false,governance.selection=pressure_max_under_constraints;seed=continuation
-0.35,independent_oracle,3c5f6b3c9bd535cff7657364dadb2efc31f2ea48,51.0,1,2.459375,328.148777,21.556419,0.0,2,true,true,fine_grid,false,governance.selection=pressure_max_under_constraints;seed=continuation
-0.35,independent_oracle,3c5f6b3c9bd535cff7657364dadb2efc31f2ea48,51.0,1,2.465625,328.383882,21.557828,0.0,2,true,true,fine_grid,false,governance.selection=pressure_max_under_constraints;seed=continuation
-0.35,independent_oracle,3c5f6b3c9bd535cff7657364dadb2efc31f2ea48,51.0,1,2.471875,328.619437,21.559242,0.0,2,true,true,fine_grid,false,governance.selection=pressure_max_under_constraints;seed=continuation
-0.35,independent_oracle,3c5f6b3c9bd535cff7657364dadb2efc31f2ea48,51.0,1,2.478125,328.855419,21.560663,0.0,2,true,true,fine_grid,false,governance.selection=pressure_max_under_constraints;seed=continuation
-0.35,independent_oracle,3c5f6b3c9bd535cff7657364dadb2efc31f2ea48,51.0,1,2.484375,329.091807,21.56209,0.0,2,true,true,fine_grid,false,governance.selection=pressure_max_under_constraints;seed=continuation
-0.35,independent_oracle,3c5f6b3c9bd535cff7657364dadb2efc31f2ea48,51.0,1,2.490625,329.328579,21.563522,0.0,2,true,true,fine_grid,false,governance.selection=pressure_max_under_constraints;seed=continuation
-0.35,independent_oracle,3c5f6b3c9bd535cff7657364dadb2efc31f2ea48,51.0,1,2.496875,329.565716,21.564961,0.0,2,true,true,fine_grid,false,governance.selection=pressure_max_under_constraints;seed=continuation
-0.35,independent_oracle,3c5f6b3c9bd535cff7657364dadb2efc31f2ea48,51.0,1,2.503125,329.803197,21.566405,0.0,2,true,true,fine_grid,false,governance.selection=pressure_max_under_constraints;seed=continuation
-0.35,independent_oracle,3c5f6b3c9bd535cff7657364dadb2efc31f2ea48,51.0,1,2.509375,330.041003,21.567855,0.0,2,true,true,fine_grid,false,governance.selection=pressure_max_under_constraints;seed=continuation
-0.35,independent_oracle,3c5f6b3c9bd535cff7657364dadb2efc31f2ea48,51.0,1,2.515625,330.279116,21.56931,0.0,2,true,true,fine_grid,false,governance.selection=pressure_max_under_constraints;seed=continuation
-0.35,independent_oracle,3c5f6b3c9bd535cff7657364dadb2efc31f2ea48,51.0,1,2.521875,330.517518,21.570771,0.0,2,true,true,fine_grid,false,governance.selection=pressure_max_under_constraints;seed=continuation
-0.35,independent_oracle,3c5f6b3c9bd535cff7657364dadb2efc31f2ea48,51.0,1,2.528125,330.756192,21.572237,0.0,2,true,true,fine_grid,false,governance.selection=pressure_max_under_constraints;seed=continuation
-0.35,independent_oracle,3c5f6b3c9bd535cff7657364dadb2efc31f2ea48,51.0,1,2.534375,330.995122,21.573708,0.0,2,true,true,fine_grid,false,governance.selection=pressure_max_under_constraints;seed=continuation
-0.35,independent_oracle,3c5f6b3c9bd535cff7657364dadb2efc31f2ea48,51.0,1,2.540625,331.23429,21.575184,0.0,2,true,true,fine_grid,false,governance.selection=pressure_max_under_constraints;seed=continuation
-0.35,independent_oracle,3c5f6b3c9bd535cff7657364dadb2efc31f2ea48,51.0,1,2.546875,331.473682,21.576665,0.0,2,true,true,fine_grid,false,governance.selection=pressure_max_under_constraints;seed=continuation
-0.35,independent_oracle,3c5f6b3c9bd535cff7657364dadb2efc31f2ea48,51.0,1,2.553125,331.713282,21.578152,0.0,2,true,true,fine_grid,false,governance.selection=pressure_max_under_constraints;seed=continuation
-0.35,independent_oracle,3c5f6b3c9bd535cff7657364dadb2efc31f2ea48,51.0,1,2.559375,331.953075,21.579643,0.0,2,true,true,fine_grid,false,governance.selection=pressure_max_under_constraints;seed=continuation
-0.35,independent_oracle,3c5f6b3c9bd535cff7657364dadb2efc31f2ea48,51.0,1,2.565625,332.193047,21.581139,0.0,2,true,true,fine_grid,false,governance.selection=pressure_max_under_constraints;seed=continuation
-0.35,independent_oracle,3c5f6b3c9bd535cff7657364dadb2efc31f2ea48,51.0,1,2.571875,332.433186,21.582639,0.0,2,true,true,fine_grid,false,governance.selection=pressure_max_under_constraints;seed=continuation
-0.35,independent_oracle,3c5f6b3c9bd535cff7657364dadb2efc31f2ea48,51.0,1,2.578125,332.673476,21.584144,0.0,2,true,true,fine_grid,false,governance.selection=pressure_max_under_constraints;seed=continuation
-0.35,independent_oracle,3c5f6b3c9bd535cff7657364dadb2efc31f2ea48,51.0,1,2.584375,332.913906,21.585654,0.0,2,true,true,fine_grid,false,governance.selection=pressure_max_under_constraints;seed=continuation
-0.35,independent_oracle,3c5f6b3c9bd535cff7657364dadb2efc31f2ea48,51.0,1,2.590625,333.154462,21.587168,0.0,2,true,true,fine_grid,false,governance.selection=pressure_max_under_constraints;seed=continuation
-0.35,independent_oracle,3c5f6b3c9bd535cff7657364dadb2efc31f2ea48,51.0,1,2.596875,333.395134,21.588686,0.0,2,true,true,fine_grid,false,governance.selection=pressure_max_under_constraints;seed=continuation
-0.35,independent_oracle,3c5f6b3c9bd535cff7657364dadb2efc31f2ea48,51.0,1,2.603125,333.635909,21.590209,0.0,2,true,true,fine_grid,false,governance.selection=pressure_max_under_constraints;seed=continuation
-0.35,independent_oracle,3c5f6b3c9bd535cff7657364dadb2efc31f2ea48,51.0,1,2.609375,333.876775,21.591736,0.0,2,true,true,fine_grid,false,governance.selection=pressure_max_under_constraints;seed=continuation
-0.35,independent_oracle,3c5f6b3c9bd535cff7657364dadb2efc31f2ea48,51.0,1,2.615625,334.117723,21.593267,0.0,2,true,true,fine_grid,false,governance.selection=pressure_max_under_constraints;seed=continuation
-0.35,independent_oracle,3c5f6b3c9bd535cff7657364dadb2efc31f2ea48,51.0,1,2.621875,334.35874,21.594803,0.0,2,true,true,fine_grid,false,governance.selection=pressure_max_under_constraints;seed=continuation
-0.35,independent_oracle,3c5f6b3c9bd535cff7657364dadb2efc31f2ea48,51.0,1,2.628125,334.599818,21.596342,0.0,2,true,true,fine_grid,false,governance.selection=pressure_max_under_constraints;seed=continuation
-0.35,independent_oracle,3c5f6b3c9bd535cff7657364dadb2efc31f2ea48,51.0,1,2.634375,334.840946,21.597885,0.0,2,true,true,fine_grid,false,governance.selection=pressure_max_under_constraints;seed=continuation
-0.35,independent_oracle,3c5f6b3c9bd535cff7657364dadb2efc31f2ea48,51.0,1,2.640625,335.082115,21.599433,0.0,2,true,true,fine_grid,false,governance.selection=pressure_max_under_constraints;seed=continuation
-0.35,independent_oracle,3c5f6b3c9bd535cff7657364dadb2efc31f2ea48,51.0,1,2.646875,335.323314,21.600984,0.0,2,true,true,fine_grid,false,governance.selection=pressure_max_under_constraints;seed=continuation
-0.35,independent_oracle,3c5f6b3c9bd535cff7657364dadb2efc31f2ea48,51.0,1,2.653125,335.564536,21.602539,0.0,2,true,true,fine_grid,false,governance.selection=pressure_max_under_constraints;seed=continuation
-0.35,independent_oracle,3c5f6b3c9bd535cff7657364dadb2efc31f2ea48,51.0,1,2.659375,335.805771,21.604098,0.0,2,true,true,fine_grid,false,governance.selection=pressure_max_under_constraints;seed=continuation
-0.35,independent_oracle,3c5f6b3c9bd535cff7657364dadb2efc31f2ea48,51.0,1,2.665625,336.047011,21.60566,0.0,2,true,true,fine_grid,false,governance.selection=pressure_max_under_constraints;seed=continuation
-0.35,independent_oracle,3c5f6b3c9bd535cff7657364dadb2efc31f2ea48,51.0,1,2.671875,336.288248,21.607226,0.0,2,true,true,fine_grid,false,governance.selection=pressure_max_under_constraints;seed=continuation
-0.35,independent_oracle,3c5f6b3c9bd535cff7657364dadb2efc31f2ea48,51.0,1,2.678125,336.529474,21.608796,0.0,2,true,true,fine_grid,false,governance.selection=pressure_max_under_constraints;seed=continuation
-0.35,independent_oracle,3c5f6b3c9bd535cff7657364dadb2efc31f2ea48,51.0,1,2.684375,336.770681,21.610369,0.0,2,true,true,fine_grid,false,governance.selection=pressure_max_under_constraints;seed=continuation
-0.35,independent_oracle,3c5f6b3c9bd535cff7657364dadb2efc31f2ea48,51.0,1,2.690625,337.011861,21.611946,0.0,2,true,true,fine_grid,false,governance.selection=pressure_max_under_constraints;seed=continuation
-0.35,independent_oracle,3c5f6b3c9bd535cff7657364dadb2efc31f2ea48,51.0,1,2.696875,337.253009,21.613526,0.0,2,true,true,fine_grid,false,governance.selection=pressure_max_under_constraints;seed=continuation
-0.35,independent_oracle,3c5f6b3c9bd535cff7657364dadb2efc31f2ea48,51.0,1,2.703125,337.494115,21.615109,0.0,2,true,true,fine_grid,false,governance.selection=pressure_max_under_constraints;seed=continuation
-0.35,independent_oracle,3c5f6b3c9bd535cff7657364dadb2efc31f2ea48,51.0,1,2.709375,337.735175,21.616696,0.0,2,true,true,fine_grid,false,governance.selection=pressure_max_under_constraints;seed=continuation
-0.35,independent_oracle,3c5f6b3c9bd535cff7657364dadb2efc31f2ea48,51.0,1,2.715625,337.976181,21.618286,0.0,2,true,true,fine_grid,false,governance.selection=pressure_max_under_constraints;seed=continuation
-0.35,independent_oracle,3c5f6b3c9bd535cff7657364dadb2efc31f2ea48,51.0,1,2.721875,338.217127,21.61988,0.0,2,true,true,fine_grid,false,governance.selection=pressure_max_under_constraints;seed=continuation
-0.35,independent_oracle,3c5f6b3c9bd535cff7657364dadb2efc31f2ea48,51.0,1,2.728125,338.458006,21.621476,0.0,2,true,true,fine_grid,false,governance.selection=pressure_max_under_constraints;seed=continuation
-0.35,independent_oracle,3c5f6b3c9bd535cff7657364dadb2efc31f2ea48,51.0,1,2.734375,338.698814,21.623076,0.0,2,true,true,fine_grid,false,governance.selection=pressure_max_under_constraints;seed=continuation
-0.35,independent_oracle,3c5f6b3c9bd535cff7657364dadb2efc31f2ea48,51.0,1,2.740625,338.939543,21.624679,0.0,2,true,true,fine_grid,false,governance.selection=pressure_max_under_constraints;seed=continuation
-0.35,independent_oracle,3c5f6b3c9bd535cff7657364dadb2efc31f2ea48,51.0,1,2.746875,339.180189,21.626285,0.0,2,true,true,fine_grid,false,governance.selection=pressure_max_under_constraints;seed=continuation
-0.35,independent_oracle,3c5f6b3c9bd535cff7657364dadb2efc31f2ea48,51.0,1,2.753125,339.420746,21.627895,0.0,2,true,true,fine_grid,false,governance.selection=pressure_max_under_constraints;seed=continuation
-0.35,independent_oracle,3c5f6b3c9bd535cff7657364dadb2efc31f2ea48,51.0,1,2.759375,339.66121,21.629507,0.0,2,true,true,fine_grid,false,governance.selection=pressure_max_under_constraints;seed=continuation
-0.35,independent_oracle,3c5f6b3c9bd535cff7657364dadb2efc31f2ea48,51.0,1,2.765625,339.901574,21.631122,0.0,2,true,true,fine_grid,false,governance.selection=pressure_max_under_constraints;seed=continuation
-0.35,independent_oracle,3c5f6b3c9bd535cff7657364dadb2efc31f2ea48,51.0,1,2.771875,340.141834,21.63274,0.0,2,true,true,fine_grid,false,governance.selection=pressure_max_under_constraints;seed=continuation
-0.35,independent_oracle,3c5f6b3c9bd535cff7657364dadb2efc31f2ea48,51.0,1,2.778125,340.381985,21.634361,0.0,2,true,true,fine_grid,false,governance.selection=pressure_max_under_constraints;seed=continuation
-0.35,independent_oracle,3c5f6b3c9bd535cff7657364dadb2efc31f2ea48,51.0,1,2.784375,340.622023,21.635985,0.0,2,true,true,fine_grid,false,governance.selection=pressure_max_under_constraints;seed=continuation
-0.35,independent_oracle,3c5f6b3c9bd535cff7657364dadb2efc31f2ea48,51.0,1,2.790625,340.861943,21.637612,0.0,2,true,true,fine_grid,false,governance.selection=pressure_max_under_constraints;seed=continuation
-0.35,independent_oracle,3c5f6b3c9bd535cff7657364dadb2efc31f2ea48,51.0,1,2.796875,341.101741,21.639242,0.0,2,true,true,fine_grid,false,governance.selection=pressure_max_under_constraints;seed=continuation
-0.35,independent_oracle,3c5f6b3c9bd535cff7657364dadb2efc31f2ea48,51.0,1,2.803125,341.341412,21.640874,0.0,2,true,true,fine_grid,false,governance.selection=pressure_max_under_constraints;seed=continuation
-0.35,independent_oracle,3c5f6b3c9bd535cff7657364dadb2efc31f2ea48,51.0,1,2.809375,341.580953,21.642509,0.0,2,true,true,fine_grid,false,governance.selection=pressure_max_under_constraints;seed=continuation
-0.35,independent_oracle,3c5f6b3c9bd535cff7657364dadb2efc31f2ea48,51.0,1,2.815625,341.820361,21.644147,0.0,2,true,true,fine_grid,false,governance.selection=pressure_max_under_constraints;seed=continuation
-0.35,independent_oracle,3c5f6b3c9bd535cff7657364dadb2efc31f2ea48,51.0,1,2.821875,342.05963,21.645788,0.0,2,true,true,fine_grid,false,governance.selection=pressure_max_under_constraints;seed=continuation
-0.35,independent_oracle,3c5f6b3c9bd535cff7657364dadb2efc31f2ea48,51.0,1,2.828125,342.298757,21.647431,0.0,2,true,true,fine_grid,false,governance.selection=pressure_max_under_constraints;seed=continuation
-0.35,independent_oracle,3c5f6b3c9bd535cff7657364dadb2efc31f2ea48,51.0,1,2.834375,342.537739,21.649077,0.0,2,true,true,fine_grid,false,governance.selection=pressure_max_under_constraints;seed=continuation
-0.35,independent_oracle,3c5f6b3c9bd535cff7657364dadb2efc31f2ea48,51.0,1,2.840625,342.776573,21.650725,0.0,2,true,true,fine_grid,false,governance.selection=pressure_max_under_constraints;seed=continuation
-0.35,independent_oracle,3c5f6b3c9bd535cff7657364dadb2efc31f2ea48,51.0,1,2.846875,343.015254,21.652376,0.0,2,true,true,fine_grid,false,governance.selection=pressure_max_under_constraints;seed=continuation
-0.35,independent_oracle,3c5f6b3c9bd535cff7657364dadb2efc31f2ea48,51.0,1,2.853125,343.25378,21.65403,0.0,2,true,true,fine_grid,false,governance.selection=pressure_max_under_constraints;seed=continuation
-0.35,independent_oracle,3c5f6b3c9bd535cff7657364dadb2efc31f2ea48,51.0,1,2.859375,343.492148,21.655686,0.0,2,true,true,fine_grid,false,governance.selection=pressure_max_under_constraints;seed=continuation
-0.35,independent_oracle,3c5f6b3c9bd535cff7657364dadb2efc31f2ea48,51.0,1,2.865625,343.730355,21.657345,0.0,2,true,true,fine_grid,false,governance.selection=pressure_max_under_constraints;seed=continuation
-0.35,independent_oracle,3c5f6b3c9bd535cff7657364dadb2efc31f2ea48,51.0,1,2.871875,343.968398,21.659006,0.0,2,true,true,fine_grid,false,governance.selection=pressure_max_under_constraints;seed=continuation
-0.35,independent_oracle,3c5f6b3c9bd535cff7657364dadb2efc31f2ea48,51.0,1,2.878125,344.206273,21.66067,0.0,2,true,true,fine_grid,false,governance.selection=pressure_max_under_constraints;seed=continuation
-0.35,independent_oracle,3c5f6b3c9bd535cff7657364dadb2efc31f2ea48,51.0,1,2.884375,344.443979,21.662336,0.0,2,true,true,fine_grid,false,governance.selection=pressure_max_under_constraints;seed=continuation
-0.35,independent_oracle,3c5f6b3c9bd535cff7657364dadb2efc31f2ea48,51.0,1,2.890625,344.681512,21.664004,0.0,2,true,true,fine_grid,false,governance.selection=pressure_max_under_constraints;seed=continuation
-0.35,independent_oracle,3c5f6b3c9bd535cff7657364dadb2efc31f2ea48,51.0,1,2.896875,344.91887,21.665675,0.0,2,true,true,fine_grid,false,governance.selection=pressure_max_under_constraints;seed=continuation
-0.35,independent_oracle,3c5f6b3c9bd535cff7657364dadb2efc31f2ea48,51.0,1,2.903125,345.156051,21.667348,0.0,2,true,true,fine_grid,false,governance.selection=pressure_max_under_constraints;seed=continuation
-0.35,independent_oracle,3c5f6b3c9bd535cff7657364dadb2efc31f2ea48,51.0,1,2.909375,345.393052,21.669023,0.0,2,true,true,fine_grid,false,governance.selection=pressure_max_under_constraints;seed=continuation
-0.35,independent_oracle,3c5f6b3c9bd535cff7657364dadb2efc31f2ea48,51.0,1,2.915625,345.629871,21.670701,0.0,2,true,true,fine_grid,false,governance.selection=pressure_max_under_constraints;seed=continuation
-0.35,independent_oracle,3c5f6b3c9bd535cff7657364dadb2efc31f2ea48,51.0,1,2.921875,345.866506,21.672381,0.0,2,true,true,fine_grid,false,governance.selection=pressure_max_under_constraints;seed=continuation
-0.35,independent_oracle,3c5f6b3c9bd535cff7657364dadb2efc31f2ea48,51.0,1,2.928125,346.102954,21.674064,0.0,2,true,true,fine_grid,false,governance.selection=pressure_max_under_constraints;seed=continuation
-0.35,independent_oracle,3c5f6b3c9bd535cff7657364dadb2efc31f2ea48,51.0,1,2.934375,346.339213,21.675748,0.0,2,true,true,fine_grid,false,governance.selection=pressure_max_under_constraints;seed=continuation
-0.35,independent_oracle,3c5f6b3c9bd535cff7657364dadb2efc31f2ea48,51.0,1,2.940625,346.575282,21.677435,0.0,2,true,true,fine_grid,false,governance.selection=pressure_max_under_constraints;seed=continuation
-0.35,independent_oracle,3c5f6b3c9bd535cff7657364dadb2efc31f2ea48,51.0,1,2.946875,346.811158,21.679124,0.0,2,true,true,fine_grid,false,governance.selection=pressure_max_under_constraints;seed=continuation
-0.35,independent_oracle,3c5f6b3c9bd535cff7657364dadb2efc31f2ea48,51.0,1,2.953125,347.04684,21.680815,0.0,2,true,true,fine_grid,false,governance.selection=pressure_max_under_constraints;seed=continuation
-0.35,independent_oracle,3c5f6b3c9bd535cff7657364dadb2efc31f2ea48,51.0,1,2.959375,347.282326,21.682509,0.0,2,true,true,fine_grid,false,governance.selection=pressure_max_under_constraints;seed=continuation
-0.35,independent_oracle,3c5f6b3c9bd535cff7657364dadb2efc31f2ea48,51.0,1,2.965625,347.517613,21.684204,0.0,2,true,true,fine_grid,false,governance.selection=pressure_max_under_constraints;seed=continuation
-0.35,independent_oracle,3c5f6b3c9bd535cff7657364dadb2efc31f2ea48,51.0,1,2.971875,347.752701,21.685902,0.0,2,true,true,fine_grid,false,governance.selection=pressure_max_under_constraints;seed=continuation
-0.35,independent_oracle,3c5f6b3c9bd535cff7657364dadb2efc31f2ea48,51.0,1,2.978125,347.987588,21.687602,0.0,2,true,true,fine_grid,false,governance.selection=pressure_max_under_constraints;seed=continuation
-0.35,independent_oracle,3c5f6b3c9bd535cff7657364dadb2efc31f2ea48,51.0,1,2.984375,348.222271,21.689304,0.0,2,true,true,fine_grid,false,governance.selection=pressure_max_under_constraints;seed=continuation
-0.35,independent_oracle,3c5f6b3c9bd535cff7657364dadb2efc31f2ea48,51.0,1,2.990625,348.456751,21.691008,0.0,2,true,true,fine_grid,false,governance.selection=pressure_max_under_constraints;seed=continuation
-0.35,independent_oracle,3c5f6b3c9bd535cff7657364dadb2efc31f2ea48,51.0,1,2.996875,348.691024,21.692714,0.0,2,true,true,fine_grid,false,governance.selection=pressure_max_under_constraints;seed=continuation
-0.35,independent_oracle,3c5f6b3c9bd535cff7657364dadb2efc31f2ea48,51.0,1,3.003125,348.92509,21.694422,0.0,2,true,true,fine_grid,false,governance.selection=pressure_max_under_constraints;seed=continuation
-0.35,independent_oracle,3c5f6b3c9bd535cff7657364dadb2efc31f2ea48,51.0,1,3.009375,349.158947,21.696132,0.0,2,true,true,fine_grid,false,governance.selection=pressure_max_under_constraints;seed=continuation
-0.35,independent_oracle,3c5f6b3c9bd535cff7657364dadb2efc31f2ea48,51.0,1,3.015625,349.392594,21.697844,0.0,2,true,true,fine_grid,false,governance.selection=pressure_max_under_constraints;seed=continuation
-0.35,independent_oracle,3c5f6b3c9bd535cff7657364dadb2efc31f2ea48,51.0,1,3.021875,349.62603,21.699558,0.0,2,true,true,fine_grid,false,governance.selection=pressure_max_under_constraints;seed=continuation
-0.35,independent_oracle,3c5f6b3c9bd535cff7657364dadb2efc31f2ea48,51.0,1,3.028125,349.859254,21.701274,0.0,2,true,true,fine_grid,false,governance.selection=pressure_max_under_constraints;seed=continuation
-0.35,independent_oracle,3c5f6b3c9bd535cff7657364dadb2efc31f2ea48,51.0,1,3.034375,350.092263,21.702992,0.0,2,true,true,fine_grid,false,governance.selection=pressure_max_under_constraints;seed=continuation
-0.35,independent_oracle,3c5f6b3c9bd535cff7657364dadb2efc31f2ea48,51.0,1,3.040625,350.325058,21.704712,0.0,2,true,true,fine_grid,false,governance.selection=pressure_max_under_constraints;seed=continuation
-0.35,independent_oracle,3c5f6b3c9bd535cff7657364dadb2efc31f2ea48,51.0,1,3.046875,350.557638,21.706435,0.0,2,true,true,fine_grid,false,governance.selection=pressure_max_under_constraints;seed=continuation
-0.35,independent_oracle,3c5f6b3c9bd535cff7657364dadb2efc31f2ea48,51.0,1,3.053125,350.79,21.708158,0.0,2,true,true,fine_grid,false,governance.selection=pressure_max_under_constraints;seed=continuation
-0.35,independent_oracle,3c5f6b3c9bd535cff7657364dadb2efc31f2ea48,51.0,1,3.059375,351.022144,21.709884,0.0,2,true,true,fine_grid,false,governance.selection=pressure_max_under_constraints;seed=continuation
-0.35,independent_oracle,3c5f6b3c9bd535cff7657364dadb2efc31f2ea48,51.0,1,3.065625,351.254069,21.711612,0.0,2,true,true,fine_grid,false,governance.selection=pressure_max_under_constraints;seed=continuation
-0.35,independent_oracle,3c5f6b3c9bd535cff7657364dadb2efc31f2ea48,51.0,1,3.071875,351.485774,21.713342,0.0,2,true,true,fine_grid,false,governance.selection=pressure_max_under_constraints;seed=continuation
-0.35,independent_oracle,3c5f6b3c9bd535cff7657364dadb2efc31f2ea48,51.0,1,3.078125,351.717259,21.715073,0.0,2,true,true,fine_grid,false,governance.selection=pressure_max_under_constraints;seed=continuation
-0.35,independent_oracle,3c5f6b3c9bd535cff7657364dadb2efc31f2ea48,51.0,1,3.084375,351.948522,21.716806,0.0,2,true,true,fine_grid,false,governance.selection=pressure_max_under_constraints;seed=continuation
-0.35,independent_oracle,3c5f6b3c9bd535cff7657364dadb2efc31f2ea48,51.0,1,3.090625,352.179563,21.718542,0.0,2,true,true,fine_grid,false,governance.selection=pressure_max_under_constraints;seed=continuation
-0.35,independent_oracle,3c5f6b3c9bd535cff7657364dadb2efc31f2ea48,51.0,1,3.096875,352.41038,21.720279,0.0,2,true,true,fine_grid,false,governance.selection=pressure_max_under_constraints;seed=continuation
-0.35,independent_oracle,3c5f6b3c9bd535cff7657364dadb2efc31f2ea48,51.0,1,3.103125,352.640973,21.722018,0.0,2,true,true,fine_grid,false,governance.selection=pressure_max_under_constraints;seed=continuation
-0.35,independent_oracle,3c5f6b3c9bd535cff7657364dadb2efc31f2ea48,51.0,1,3.109375,352.871342,21.723758,0.0,2,true,true,fine_grid,false,governance.selection=pressure_max_under_constraints;seed=continuation
-0.35,independent_oracle,3c5f6b3c9bd535cff7657364dadb2efc31f2ea48,51.0,1,3.115625,353.101485,21.725501,0.0,2,true,true,fine_grid,false,governance.selection=pressure_max_under_constraints;seed=continuation
-0.35,independent_oracle,3c5f6b3c9bd535cff7657364dadb2efc31f2ea48,51.0,1,3.121875,353.331403,21.727245,0.0,2,true,true,fine_grid,false,governance.selection=pressure_max_under_constraints;seed=continuation
-0.35,independent_oracle,3c5f6b3c9bd535cff7657364dadb2efc31f2ea48,51.0,1,3.128125,353.561093,21.728991,0.0,2,true,true,fine_grid,false,governance.selection=pressure_max_under_constraints;seed=continuation
-0.35,independent_oracle,3c5f6b3c9bd535cff7657364dadb2efc31f2ea48,51.0,1,3.134375,353.790556,21.730739,0.0,2,true,true,fine_grid,false,governance.selection=pressure_max_under_constraints;seed=continuation
-0.35,independent_oracle,3c5f6b3c9bd535cff7657364dadb2efc31f2ea48,51.0,1,3.140625,354.019792,21.732488,0.0,2,true,true,fine_grid,false,governance.selection=pressure_max_under_constraints;seed=continuation
-0.35,independent_oracle,3c5f6b3c9bd535cff7657364dadb2efc31f2ea48,51.0,1,3.146875,354.248798,21.73424,0.0,2,true,true,fine_grid,false,governance.selection=pressure_max_under_constraints;seed=continuation
-0.35,independent_oracle,3c5f6b3c9bd535cff7657364dadb2efc31f2ea48,51.0,1,3.153125,354.477576,21.735993,0.0,2,true,true,fine_grid,false,governance.selection=pressure_max_under_constraints;seed=continuation
-0.35,independent_oracle,3c5f6b3c9bd535cff7657364dadb2efc31f2ea48,51.0,1,3.159375,354.706125,21.737747,0.0,2,true,true,fine_grid,false,governance.selection=pressure_max_under_constraints;seed=continuation
-0.35,independent_oracle,3c5f6b3c9bd535cff7657364dadb2efc31f2ea48,51.0,1,3.165625,354.934443,21.739504,0.0,2,true,true,fine_grid,false,governance.selection=pressure_max_under_constraints;seed=continuation
-0.35,independent_oracle,3c5f6b3c9bd535cff7657364dadb2efc31f2ea48,51.0,1,3.171875,355.162532,21.741262,0.0,2,true,true,fine_grid,false,governance.selection=pressure_max_under_constraints;seed=continuation
-0.35,independent_oracle,3c5f6b3c9bd535cff7657364dadb2efc31f2ea48,51.0,1,3.178125,355.390389,21.743022,0.0,2,true,true,fine_grid,false,governance.selection=pressure_max_under_constraints;seed=continuation
-0.35,independent_oracle,3c5f6b3c9bd535cff7657364dadb2efc31f2ea48,51.0,1,3.184375,355.618015,21.744783,0.0,2,true,true,fine_grid,false,governance.selection=pressure_max_under_constraints;seed=continuation
-0.35,independent_oracle,3c5f6b3c9bd535cff7657364dadb2efc31f2ea48,51.0,1,3.190625,355.84541,21.746546,0.0,2,true,true,fine_grid,false,governance.selection=pressure_max_under_constraints;seed=continuation
-0.35,independent_oracle,3c5f6b3c9bd535cff7657364dadb2efc31f2ea48,51.0,1,3.196875,356.072573,21.748311,0.0,2,true,true,fine_grid,false,governance.selection=pressure_max_under_constraints;seed=continuation
-0.35,independent_oracle,3c5f6b3c9bd535cff7657364dadb2efc31f2ea48,51.0,1,3.203125,356.299503,21.750077,0.0,2,true,true,fine_grid,false,governance.selection=pressure_max_under_constraints;seed=continuation
-0.35,independent_oracle,3c5f6b3c9bd535cff7657364dadb2efc31f2ea48,51.0,1,3.209375,356.526201,21.751845,0.0,2,true,true,fine_grid,false,governance.selection=pressure_max_under_constraints;seed=continuation
-0.35,independent_oracle,3c5f6b3c9bd535cff7657364dadb2efc31f2ea48,51.0,1,3.215625,356.752666,21.753615,0.0,2,true,true,fine_grid,false,governance.selection=pressure_max_under_constraints;seed=continuation
-0.35,independent_oracle,3c5f6b3c9bd535cff7657364dadb2efc31f2ea48,51.0,1,3.221875,356.978898,21.755386,0.0,2,true,true,fine_grid,false,governance.selection=pressure_max_under_constraints;seed=continuation
-0.35,independent_oracle,3c5f6b3c9bd535cff7657364dadb2efc31f2ea48,51.0,1,3.228125,357.204896,21.757159,0.0,2,true,true,fine_grid,false,governance.selection=pressure_max_under_constraints;seed=continuation
-0.35,independent_oracle,3c5f6b3c9bd535cff7657364dadb2efc31f2ea48,51.0,1,3.234375,357.430661,21.758934,0.0,2,true,true,fine_grid,false,governance.selection=pressure_max_under_constraints;seed=continuation
-0.35,independent_oracle,3c5f6b3c9bd535cff7657364dadb2efc31f2ea48,51.0,1,3.240625,357.656191,21.76071,0.0,2,true,true,fine_grid,false,governance.selection=pressure_max_under_constraints;seed=continuation
-0.35,independent_oracle,3c5f6b3c9bd535cff7657364dadb2efc31f2ea48,51.0,1,3.246875,357.881488,21.762488,0.0,2,true,true,fine_grid,false,governance.selection=pressure_max_under_constraints;seed=continuation
-0.35,independent_oracle,3c5f6b3c9bd535cff7657364dadb2efc31f2ea48,51.0,1,3.253125,358.10655,21.764267,0.0,2,true,true,fine_grid,false,governance.selection=pressure_max_under_constraints;seed=continuation
-0.35,independent_oracle,3c5f6b3c9bd535cff7657364dadb2efc31f2ea48,51.0,1,3.259375,358.331378,21.766048,0.0,2,true,true,fine_grid,false,governance.selection=pressure_max_under_constraints;seed=continuation
-0.35,independent_oracle,3c5f6b3c9bd535cff7657364dadb2efc31f2ea48,51.0,1,3.265625,358.555972,21.76783,0.0,2,true,true,fine_grid,false,governance.selection=pressure_max_under_constraints;seed=continuation
-0.35,independent_oracle,3c5f6b3c9bd535cff7657364dadb2efc31f2ea48,51.0,1,3.271875,358.78033,21.769614,0.0,2,true,true,fine_grid,false,governance.selection=pressure_max_under_constraints;seed=continuation
-0.35,independent_oracle,3c5f6b3c9bd535cff7657364dadb2efc31f2ea48,51.0,1,3.278125,359.004454,21.7714,0.0,2,true,true,fine_grid,false,governance.selection=pressure_max_under_constraints;seed=continuation
-0.35,independent_oracle,3c5f6b3c9bd535cff7657364dadb2efc31f2ea48,51.0,1,3.284375,359.228343,21.773187,0.0,2,true,true,fine_grid,false,governance.selection=pressure_max_under_constraints;seed=continuation
-0.35,independent_oracle,3c5f6b3c9bd535cff7657364dadb2efc31f2ea48,51.0,1,3.290625,359.451996,21.774975,0.0,2,true,true,fine_grid,false,governance.selection=pressure_max_under_constraints;seed=continuation
-0.35,independent_oracle,3c5f6b3c9bd535cff7657364dadb2efc31f2ea48,51.0,1,3.296875,359.675415,21.776765,0.0,2,true,true,fine_grid,false,governance.selection=pressure_max_under_constraints;seed=continuation
-0.35,independent_oracle,3c5f6b3c9bd535cff7657364dadb2efc31f2ea48,51.0,1,3.303125,359.898598,21.778557,0.0,2,true,true,fine_grid,false,governance.selection=pressure_max_under_constraints;seed=continuation
-0.35,independent_oracle,3c5f6b3c9bd535cff7657364dadb2efc31f2ea48,51.0,1,3.309375,360.121546,21.78035,0.0,2,true,true,fine_grid,false,governance.selection=pressure_max_under_constraints;seed=continuation
-0.35,independent_oracle,3c5f6b3c9bd535cff7657364dadb2efc31f2ea48,51.0,1,3.315625,360.344259,21.782144,0.0,2,true,true,fine_grid,false,governance.selection=pressure_max_under_constraints;seed=continuation
-0.35,independent_oracle,3c5f6b3c9bd535cff7657364dadb2efc31f2ea48,51.0,1,3.321875,360.566736,21.78394,0.0,2,true,true,fine_grid,false,governance.selection=pressure_max_under_constraints;seed=continuation
-0.35,independent_oracle,3c5f6b3c9bd535cff7657364dadb2efc31f2ea48,51.0,1,3.328125,360.788978,21.785738,0.0,2,true,true,fine_grid,false,governance.selection=pressure_max_under_constraints;seed=continuation
-0.35,independent_oracle,3c5f6b3c9bd535cff7657364dadb2efc31f2ea48,51.0,1,3.334375,361.010984,21.787537,0.0,2,true,true,fine_grid,false,governance.selection=pressure_max_under_constraints;seed=continuation
-0.35,independent_oracle,3c5f6b3c9bd535cff7657364dadb2efc31f2ea48,51.0,1,3.340625,361.232755,21.789337,0.0,2,true,true,fine_grid,false,governance.selection=pressure_max_under_constraints;seed=continuation
-0.35,independent_oracle,3c5f6b3c9bd535cff7657364dadb2efc31f2ea48,51.0,1,3.346875,361.454291,21.791139,0.0,2,true,true,fine_grid,false,governance.selection=pressure_max_under_constraints;seed=continuation
-0.35,independent_oracle,3c5f6b3c9bd535cff7657364dadb2efc31f2ea48,51.0,1,3.353125,361.675591,21.792943,0.0,2,true,true,fine_grid,false,governance.selection=pressure_max_under_constraints;seed=continuation
-0.35,independent_oracle,3c5f6b3c9bd535cff7657364dadb2efc31f2ea48,51.0,1,3.359375,361.896656,21.794747,0.0,2,true,true,fine_grid,false,governance.selection=pressure_max_under_constraints;seed=continuation
-0.35,independent_oracle,3c5f6b3c9bd535cff7657364dadb2efc31f2ea48,51.0,1,3.365625,362.117486,21.796554,0.0,2,true,true,fine_grid,false,governance.selection=pressure_max_under_constraints;seed=continuation
-0.35,independent_oracle,3c5f6b3c9bd535cff7657364dadb2efc31f2ea48,51.0,1,3.371875,362.338081,21.798361,0.0,2,true,true,fine_grid,false,governance.selection=pressure_max_under_constraints;seed=continuation
-0.35,independent_oracle,3c5f6b3c9bd535cff7657364dadb2efc31f2ea48,51.0,1,3.378125,362.55844,21.80017,0.0,2,true,true,fine_grid,false,governance.selection=pressure_max_under_constraints;seed=continuation
-0.35,independent_oracle,3c5f6b3c9bd535cff7657364dadb2efc31f2ea48,51.0,1,3.384375,362.778564,21.801981,0.0,2,true,true,fine_grid,false,governance.selection=pressure_max_under_constraints;seed=continuation
-0.35,independent_oracle,3c5f6b3c9bd535cff7657364dadb2efc31f2ea48,51.0,1,3.390625,362.998454,21.803793,0.0,2,true,true,fine_grid,false,governance.selection=pressure_max_under_constraints;seed=continuation
-0.35,independent_oracle,3c5f6b3c9bd535cff7657364dadb2efc31f2ea48,51.0,1,3.396875,363.218108,21.805606,0.0,2,true,true,fine_grid,false,governance.selection=pressure_max_under_constraints;seed=continuation
-0.35,independent_oracle,3c5f6b3c9bd535cff7657364dadb2efc31f2ea48,51.0,1,3.403125,363.437528,21.807421,0.0,2,true,true,fine_grid,false,governance.selection=pressure_max_under_constraints;seed=continuation
-0.35,independent_oracle,3c5f6b3c9bd535cff7657364dadb2efc31f2ea48,51.0,1,3.409375,363.656713,21.809237,0.0,2,true,true,fine_grid,false,governance.selection=pressure_max_under_constraints;seed=continuation
-0.35,independent_oracle,3c5f6b3c9bd535cff7657364dadb2efc31f2ea48,51.0,1,3.415625,363.875663,21.811054,0.0,2,true,true,fine_grid,false,governance.selection=pressure_max_under_constraints;seed=continuation
-0.35,independent_oracle,3c5f6b3c9bd535cff7657364dadb2efc31f2ea48,51.0,1,3.421875,364.094379,21.812873,0.0,2,true,true,fine_grid,false,governance.selection=pressure_max_under_constraints;seed=continuation
-0.35,independent_oracle,3c5f6b3c9bd535cff7657364dadb2efc31f2ea48,51.0,1,3.428125,364.312861,21.814694,0.0,2,true,true,fine_grid,false,governance.selection=pressure_max_under_constraints;seed=continuation
-0.35,independent_oracle,3c5f6b3c9bd535cff7657364dadb2efc31f2ea48,51.0,1,3.434375,364.531108,21.816515,0.0,2,true,true,fine_grid,false,governance.selection=pressure_max_under_constraints;seed=continuation
-0.35,independent_oracle,3c5f6b3c9bd535cff7657364dadb2efc31f2ea48,51.0,1,3.440625,364.749122,21.818338,0.0,2,true,true,fine_grid,false,governance.selection=pressure_max_under_constraints;seed=continuation
-0.35,independent_oracle,3c5f6b3c9bd535cff7657364dadb2efc31f2ea48,51.0,1,3.446875,364.966902,21.820162,0.0,2,true,true,fine_grid,false,governance.selection=pressure_max_under_constraints;seed=continuation
-0.35,independent_oracle,3c5f6b3c9bd535cff7657364dadb2efc31f2ea48,51.0,1,3.453125,365.184447,21.821988,0.0,2,true,true,fine_grid,false,governance.selection=pressure_max_under_constraints;seed=continuation
-0.35,independent_oracle,3c5f6b3c9bd535cff7657364dadb2efc31f2ea48,51.0,1,3.459375,365.40176,21.823815,0.0,2,true,true,fine_grid,false,governance.selection=pressure_max_under_constraints;seed=continuation
-0.35,independent_oracle,3c5f6b3c9bd535cff7657364dadb2efc31f2ea48,51.0,1,3.465625,365.618839,21.825644,0.0,2,true,true,fine_grid,false,governance.selection=pressure_max_under_constraints;seed=continuation
-0.35,independent_oracle,3c5f6b3c9bd535cff7657364dadb2efc31f2ea48,51.0,1,3.471875,365.835685,21.827473,0.0,2,true,true,fine_grid,false,governance.selection=pressure_max_under_constraints;seed=continuation
-0.35,independent_oracle,3c5f6b3c9bd535cff7657364dadb2efc31f2ea48,51.0,1,3.478125,366.052298,21.829304,0.0,2,true,true,fine_grid,false,governance.selection=pressure_max_under_constraints;seed=continuation
-0.35,independent_oracle,3c5f6b3c9bd535cff7657364dadb2efc31f2ea48,51.0,1,3.484375,366.268678,21.831137,0.0,2,true,true,fine_grid,false,governance.selection=pressure_max_under_constraints;seed=continuation
-0.35,independent_oracle,3c5f6b3c9bd535cff7657364dadb2efc31f2ea48,51.0,1,3.490625,366.484825,21.83297,0.0,2,true,true,fine_grid,false,governance.selection=pressure_max_under_constraints;seed=continuation
-0.35,independent_oracle,3c5f6b3c9bd535cff7657364dadb2efc31f2ea48,51.0,1,3.496875,366.70074,21.834805,0.0,2,true,true,fine_grid,false,governance.selection=pressure_max_under_constraints;seed=continuation
-0.35,independent_oracle,3c5f6b3c9bd535cff7657364dadb2efc31f2ea48,51.0,1,3.503125,366.916423,21.836642,0.0,2,true,true,fine_grid,false,governance.selection=pressure_max_under_constraints;seed=continuation
-0.35,independent_oracle,3c5f6b3c9bd535cff7657364dadb2efc31f2ea48,51.0,1,3.509375,367.131874,21.838479,0.0,2,true,true,fine_grid,false,governance.selection=pressure_max_under_constraints;seed=continuation
-0.35,independent_oracle,3c5f6b3c9bd535cff7657364dadb2efc31f2ea48,51.0,1,3.515625,367.347093,21.840318,0.0,2,true,true,fine_grid,false,governance.selection=pressure_max_under_constraints;seed=continuation
-0.35,independent_oracle,3c5f6b3c9bd535cff7657364dadb2efc31f2ea48,51.0,1,3.521875,367.56208,21.842158,0.0,2,true,true,fine_grid,false,governance.selection=pressure_max_under_constraints;seed=continuation
-0.35,independent_oracle,3c5f6b3c9bd535cff7657364dadb2efc31f2ea48,51.0,1,3.528125,367.776837,21.844,0.0,2,true,true,fine_grid,false,governance.selection=pressure_max_under_constraints;seed=continuation
-0.35,independent_oracle,3c5f6b3c9bd535cff7657364dadb2efc31f2ea48,51.0,1,3.534375,367.991362,21.845842,0.0,2,true,true,fine_grid,false,governance.selection=pressure_max_under_constraints;seed=continuation
-0.35,independent_oracle,3c5f6b3c9bd535cff7657364dadb2efc31f2ea48,51.0,1,3.540625,368.205656,21.847686,0.0,2,true,true,fine_grid,false,governance.selection=pressure_max_under_constraints;seed=continuation
-0.35,independent_oracle,3c5f6b3c9bd535cff7657364dadb2efc31f2ea48,51.0,1,3.546875,368.41972,21.849532,0.0,2,true,true,fine_grid,false,governance.selection=pressure_max_under_constraints;seed=continuation
-0.35,independent_oracle,3c5f6b3c9bd535cff7657364dadb2efc31f2ea48,51.0,1,3.553125,368.633554,21.851378,0.0,2,true,true,fine_grid,false,governance.selection=pressure_max_under_constraints;seed=continuation
-0.35,independent_oracle,3c5f6b3c9bd535cff7657364dadb2efc31f2ea48,51.0,1,3.559375,368.847157,21.853226,0.0,2,true,true,fine_grid,false,governance.selection=pressure_max_under_constraints;seed=continuation
-0.35,independent_oracle,3c5f6b3c9bd535cff7657364dadb2efc31f2ea48,51.0,1,3.565625,369.06053,21.855075,0.0,2,true,true,fine_grid,false,governance.selection=pressure_max_under_constraints;seed=continuation
-0.35,independent_oracle,3c5f6b3c9bd535cff7657364dadb2efc31f2ea48,51.0,1,3.571875,369.273674,21.856925,0.0,2,true,true,fine_grid,false,governance.selection=pressure_max_under_constraints;seed=continuation
-0.35,independent_oracle,3c5f6b3c9bd535cff7657364dadb2efc31f2ea48,51.0,1,3.578125,369.486589,21.858777,0.0,2,true,true,fine_grid,false,governance.selection=pressure_max_under_constraints;seed=continuation
-0.35,independent_oracle,3c5f6b3c9bd535cff7657364dadb2efc31f2ea48,51.0,1,3.584375,369.699274,21.86063,0.0,2,true,true,fine_grid,false,governance.selection=pressure_max_under_constraints;seed=continuation
-0.35,independent_oracle,3c5f6b3c9bd535cff7657364dadb2efc31f2ea48,51.0,1,3.590625,369.911731,21.862484,0.0,2,true,true,fine_grid,false,governance.selection=pressure_max_under_constraints;seed=continuation
-0.35,independent_oracle,3c5f6b3c9bd535cff7657364dadb2efc31f2ea48,51.0,1,3.596875,370.123959,21.864339,0.0,2,true,true,fine_grid,false,governance.selection=pressure_max_under_constraints;seed=continuation
-0.35,independent_oracle,3c5f6b3c9bd535cff7657364dadb2efc31f2ea48,51.0,1,3.603125,370.335959,21.866195,0.0,2,true,true,fine_grid,false,governance.selection=pressure_max_under_constraints;seed=continuation
-0.35,independent_oracle,3c5f6b3c9bd535cff7657364dadb2efc31f2ea48,51.0,1,3.609375,370.547731,21.868053,0.0,2,true,true,fine_grid,false,governance.selection=pressure_max_under_constraints;seed=continuation
-0.35,independent_oracle,3c5f6b3c9bd535cff7657364dadb2efc31f2ea48,51.0,1,3.615625,370.759275,21.869912,0.0,2,true,true,fine_grid,false,governance.selection=pressure_max_under_constraints;seed=continuation
-0.35,independent_oracle,3c5f6b3c9bd535cff7657364dadb2efc31f2ea48,51.0,1,3.621875,370.970592,21.871772,0.0,2,true,true,fine_grid,false,governance.selection=pressure_max_under_constraints;seed=continuation
-0.35,independent_oracle,3c5f6b3c9bd535cff7657364dadb2efc31f2ea48,51.0,1,3.628125,371.181682,21.873634,0.0,2,true,true,fine_grid,false,governance.selection=pressure_max_under_constraints;seed=continuation
-0.35,independent_oracle,3c5f6b3c9bd535cff7657364dadb2efc31f2ea48,51.0,1,3.634375,371.392545,21.875496,0.0,2,true,true,fine_grid,false,governance.selection=pressure_max_under_constraints;seed=continuation
-0.35,independent_oracle,3c5f6b3c9bd535cff7657364dadb2efc31f2ea48,51.0,1,3.640625,371.603181,21.87736,0.0,2,true,true,fine_grid,false,governance.selection=pressure_max_under_constraints;seed=continuation
-0.35,independent_oracle,3c5f6b3c9bd535cff7657364dadb2efc31f2ea48,51.0,1,3.646875,371.813591,21.879225,0.0,2,true,true,fine_grid,false,governance.selection=pressure_max_under_constraints;seed=continuation
-0.35,independent_oracle,3c5f6b3c9bd535cff7657364dadb2efc31f2ea48,51.0,1,3.653125,372.023775,21.881091,0.0,2,true,true,fine_grid,false,governance.selection=pressure_max_under_constraints;seed=continuation
-0.35,independent_oracle,3c5f6b3c9bd535cff7657364dadb2efc31f2ea48,51.0,1,3.659375,372.233734,21.882958,0.0,2,true,true,fine_grid,false,governance.selection=pressure_max_under_constraints;seed=continuation
-0.35,independent_oracle,3c5f6b3c9bd535cff7657364dadb2efc31f2ea48,51.0,1,3.665625,372.443467,21.884827,0.0,2,true,true,fine_grid,false,governance.selection=pressure_max_under_constraints;seed=continuation
-0.35,independent_oracle,3c5f6b3c9bd535cff7657364dadb2efc31f2ea48,51.0,1,3.671875,372.652975,21.886697,0.0,2,true,true,fine_grid,false,governance.selection=pressure_max_under_constraints;seed=continuation
-0.35,independent_oracle,3c5f6b3c9bd535cff7657364dadb2efc31f2ea48,51.0,1,3.678125,372.862258,21.888567,0.0,2,true,true,fine_grid,false,governance.selection=pressure_max_under_constraints;seed=continuation
-0.35,independent_oracle,3c5f6b3c9bd535cff7657364dadb2efc31f2ea48,51.0,1,3.684375,373.071317,21.89044,0.0,2,true,true,fine_grid,false,governance.selection=pressure_max_under_constraints;seed=continuation
-0.35,independent_oracle,3c5f6b3c9bd535cff7657364dadb2efc31f2ea48,51.0,1,3.690625,373.280152,21.892313,0.0,2,true,true,fine_grid,false,governance.selection=pressure_max_under_constraints;seed=continuation
-0.35,independent_oracle,3c5f6b3c9bd535cff7657364dadb2efc31f2ea48,51.0,1,3.696875,373.488763,21.894187,0.0,2,true,true,fine_grid,false,governance.selection=pressure_max_under_constraints;seed=continuation
-0.35,independent_oracle,3c5f6b3c9bd535cff7657364dadb2efc31f2ea48,51.0,1,3.703125,373.69715,21.896063,0.0,2,true,true,fine_grid,false,governance.selection=pressure_max_under_constraints;seed=continuation
-0.35,independent_oracle,3c5f6b3c9bd535cff7657364dadb2efc31f2ea48,51.0,1,3.709375,373.905315,21.897939,0.0,2,true,true,fine_grid,false,governance.selection=pressure_max_under_constraints;seed=continuation
-0.35,independent_oracle,3c5f6b3c9bd535cff7657364dadb2efc31f2ea48,51.0,1,3.715625,374.113256,21.899817,0.0,2,true,true,fine_grid,false,governance.selection=pressure_max_under_constraints;seed=continuation
-0.35,independent_oracle,3c5f6b3c9bd535cff7657364dadb2efc31f2ea48,51.0,1,3.721875,374.320975,21.901696,0.0,2,true,true,fine_grid,false,governance.selection=pressure_max_under_constraints;seed=continuation
-0.35,independent_oracle,3c5f6b3c9bd535cff7657364dadb2efc31f2ea48,51.0,1,3.728125,374.528471,21.903576,0.0,2,true,true,fine_grid,false,governance.selection=pressure_max_under_constraints;seed=continuation
-0.35,independent_oracle,3c5f6b3c9bd535cff7657364dadb2efc31f2ea48,51.0,1,3.734375,374.735746,21.905458,0.0,2,true,true,fine_grid,false,governance.selection=pressure_max_under_constraints;seed=continuation
-0.35,independent_oracle,3c5f6b3c9bd535cff7657364dadb2efc31f2ea48,51.0,1,3.740625,374.942799,21.90734,0.0,2,true,true,fine_grid,false,governance.selection=pressure_max_under_constraints;seed=continuation
-0.35,independent_oracle,3c5f6b3c9bd535cff7657364dadb2efc31f2ea48,51.0,1,3.746875,375.14963,21.909224,0.0,2,true,true,fine_grid,false,governance.selection=pressure_max_under_constraints;seed=continuation
-0.35,independent_oracle,3c5f6b3c9bd535cff7657364dadb2efc31f2ea48,51.0,1,3.753125,375.356241,21.911108,0.0,2,true,true,fine_grid,false,governance.selection=pressure_max_under_constraints;seed=continuation
-0.35,independent_oracle,3c5f6b3c9bd535cff7657364dadb2efc31f2ea48,51.0,1,3.759375,375.562631,21.912994,0.0,2,true,true,fine_grid,false,governance.selection=pressure_max_under_constraints;seed=continuation
-0.35,independent_oracle,3c5f6b3c9bd535cff7657364dadb2efc31f2ea48,51.0,1,3.765625,375.768801,21.914881,0.0,2,true,true,fine_grid,false,governance.selection=pressure_max_under_constraints;seed=continuation
-0.35,independent_oracle,3c5f6b3c9bd535cff7657364dadb2efc31f2ea48,51.0,1,3.771875,375.974751,21.916769,0.0,2,true,true,fine_grid,false,governance.selection=pressure_max_under_constraints;seed=continuation
-0.35,independent_oracle,3c5f6b3c9bd535cff7657364dadb2efc31f2ea48,51.0,1,3.778125,376.180481,21.918658,0.0,2,true,true,fine_grid,false,governance.selection=pressure_max_under_constraints;seed=continuation
-0.35,independent_oracle,3c5f6b3c9bd535cff7657364dadb2efc31f2ea48,51.0,1,3.784375,376.385991,21.920549,0.0,2,true,true,fine_grid,false,governance.selection=pressure_max_under_constraints;seed=continuation
-0.35,independent_oracle,3c5f6b3c9bd535cff7657364dadb2efc31f2ea48,51.0,1,3.790625,376.591283,21.92244,0.0,2,true,true,fine_grid,false,governance.selection=pressure_max_under_constraints;seed=continuation
-0.35,independent_oracle,3c5f6b3c9bd535cff7657364dadb2efc31f2ea48,51.0,1,3.796875,376.796356,21.924332,0.0,2,true,true,fine_grid,false,governance.selection=pressure_max_under_constraints;seed=continuation
-0.35,independent_oracle,3c5f6b3c9bd535cff7657364dadb2efc31f2ea48,51.0,1,3.803125,377.001211,21.926226,0.0,2,true,true,fine_grid,false,governance.selection=pressure_max_under_constraints;seed=continuation
-0.35,independent_oracle,3c5f6b3c9bd535cff7657364dadb2efc31f2ea48,51.0,1,3.809375,377.205847,21.928121,0.0,2,true,true,fine_grid,false,governance.selection=pressure_max_under_constraints;seed=continuation
-0.35,independent_oracle,3c5f6b3c9bd535cff7657364dadb2efc31f2ea48,51.0,1,3.815625,377.410266,21.930016,0.0,2,true,true,fine_grid,false,governance.selection=pressure_max_under_constraints;seed=continuation
-0.35,independent_oracle,3c5f6b3c9bd535cff7657364dadb2efc31f2ea48,51.0,1,3.821875,377.614468,21.931913,0.0,2,true,true,fine_grid,false,governance.selection=pressure_max_under_constraints;seed=continuation
-0.35,independent_oracle,3c5f6b3c9bd535cff7657364dadb2efc31f2ea48,51.0,1,3.828125,377.818452,21.933811,0.0,2,true,true,fine_grid,false,governance.selection=pressure_max_under_constraints;seed=continuation
-0.35,independent_oracle,3c5f6b3c9bd535cff7657364dadb2efc31f2ea48,51.0,1,3.834375,378.02222,21.93571,0.0,2,true,true,fine_grid,false,governance.selection=pressure_max_under_constraints;seed=continuation
-0.35,independent_oracle,3c5f6b3c9bd535cff7657364dadb2efc31f2ea48,51.0,1,3.840625,378.225772,21.93761,0.0,2,true,true,fine_grid,false,governance.selection=pressure_max_under_constraints;seed=continuation
-0.35,independent_oracle,3c5f6b3c9bd535cff7657364dadb2efc31f2ea48,51.0,1,3.846875,378.429107,21.939512,0.0,2,true,true,fine_grid,false,governance.selection=pressure_max_under_constraints;seed=continuation
-0.35,independent_oracle,3c5f6b3c9bd535cff7657364dadb2efc31f2ea48,51.0,1,3.853125,378.632227,21.941414,0.0,2,true,true,fine_grid,false,governance.selection=pressure_max_under_constraints;seed=continuation
-0.35,independent_oracle,3c5f6b3c9bd535cff7657364dadb2efc31f2ea48,51.0,1,3.859375,378.835131,21.943317,0.0,2,true,true,fine_grid,false,governance.selection=pressure_max_under_constraints;seed=continuation
-0.35,independent_oracle,3c5f6b3c9bd535cff7657364dadb2efc31f2ea48,51.0,1,3.865625,379.037821,21.945222,0.0,2,true,true,fine_grid,false,governance.selection=pressure_max_under_constraints;seed=continuation
-0.35,independent_oracle,3c5f6b3c9bd535cff7657364dadb2efc31f2ea48,51.0,1,3.871875,379.240295,21.947127,0.0,2,true,true,fine_grid,false,governance.selection=pressure_max_under_constraints;seed=continuation
-0.35,independent_oracle,3c5f6b3c9bd535cff7657364dadb2efc31f2ea48,51.0,1,3.878125,379.442556,21.949033,0.0,2,true,true,fine_grid,false,governance.selection=pressure_max_under_constraints;seed=continuation
-0.35,independent_oracle,3c5f6b3c9bd535cff7657364dadb2efc31f2ea48,51.0,1,3.884375,379.644602,21.950941,0.0,2,true,true,fine_grid,false,governance.selection=pressure_max_under_constraints;seed=continuation
-0.35,independent_oracle,3c5f6b3c9bd535cff7657364dadb2efc31f2ea48,51.0,1,3.890625,379.846435,21.95285,0.0,2,true,true,fine_grid,false,governance.selection=pressure_max_under_constraints;seed=continuation
-0.35,independent_oracle,3c5f6b3c9bd535cff7657364dadb2efc31f2ea48,51.0,1,3.896875,380.048054,21.954759,0.0,2,true,true,fine_grid,false,governance.selection=pressure_max_under_constraints;seed=continuation
-0.35,independent_oracle,3c5f6b3c9bd535cff7657364dadb2efc31f2ea48,51.0,1,3.903125,380.24946,21.95667,0.0,2,true,true,fine_grid,false,governance.selection=pressure_max_under_constraints;seed=continuation
-0.35,independent_oracle,3c5f6b3c9bd535cff7657364dadb2efc31f2ea48,51.0,1,3.909375,380.450654,21.958582,0.0,2,true,true,fine_grid,false,governance.selection=pressure_max_under_constraints;seed=continuation
-0.35,independent_oracle,3c5f6b3c9bd535cff7657364dadb2efc31f2ea48,51.0,1,3.915625,380.651635,21.960495,0.0,2,true,true,fine_grid,false,governance.selection=pressure_max_under_constraints;seed=continuation
-0.35,independent_oracle,3c5f6b3c9bd535cff7657364dadb2efc31f2ea48,51.0,1,3.921875,380.852404,21.962408,0.0,2,true,true,fine_grid,false,governance.selection=pressure_max_under_constraints;seed=continuation
-0.35,independent_oracle,3c5f6b3c9bd535cff7657364dadb2efc31f2ea48,51.0,1,3.928125,381.052961,21.964323,0.0,2,true,true,fine_grid,false,governance.selection=pressure_max_under_constraints;seed=continuation
-0.35,independent_oracle,3c5f6b3c9bd535cff7657364dadb2efc31f2ea48,51.0,1,3.934375,381.253308,21.966239,0.0,2,true,true,fine_grid,false,governance.selection=pressure_max_under_constraints;seed=continuation
-0.35,independent_oracle,3c5f6b3c9bd535cff7657364dadb2efc31f2ea48,51.0,1,3.940625,381.453443,21.968156,0.0,2,true,true,fine_grid,false,governance.selection=pressure_max_under_constraints;seed=continuation
-0.35,independent_oracle,3c5f6b3c9bd535cff7657364dadb2efc31f2ea48,51.0,1,3.946875,381.653367,21.970074,0.0,2,true,true,fine_grid,false,governance.selection=pressure_max_under_constraints;seed=continuation
-0.35,independent_oracle,3c5f6b3c9bd535cff7657364dadb2efc31f2ea48,51.0,1,3.953125,381.853081,21.971993,0.0,2,true,true,fine_grid,false,governance.selection=pressure_max_under_constraints;seed=continuation
-0.35,independent_oracle,3c5f6b3c9bd535cff7657364dadb2efc31f2ea48,51.0,1,3.959375,382.052585,21.973913,0.0,2,true,true,fine_grid,false,governance.selection=pressure_max_under_constraints;seed=continuation
-0.35,independent_oracle,3c5f6b3c9bd535cff7657364dadb2efc31f2ea48,51.0,1,3.965625,382.25188,21.975834,0.0,2,true,true,fine_grid,false,governance.selection=pressure_max_under_constraints;seed=continuation
-0.35,independent_oracle,3c5f6b3c9bd535cff7657364dadb2efc31f2ea48,51.0,1,3.971875,382.450965,21.977756,0.0,2,true,true,fine_grid,false,governance.selection=pressure_max_under_constraints;seed=continuation
-0.35,independent_oracle,3c5f6b3c9bd535cff7657364dadb2efc31f2ea48,51.0,1,3.978125,382.649841,21.979679,0.0,2,true,true,fine_grid,false,governance.selection=pressure_max_under_constraints;seed=continuation
-0.35,independent_oracle,3c5f6b3c9bd535cff7657364dadb2efc31f2ea48,51.0,1,3.984375,382.848508,21.981603,0.0,2,true,true,fine_grid,false,governance.selection=pressure_max_under_constraints;seed=continuation
-0.35,independent_oracle,3c5f6b3c9bd535cff7657364dadb2efc31f2ea48,51.0,1,3.990625,383.046967,21.983528,0.0,2,true,true,fine_grid,false,governance.selection=pressure_max_under_constraints;seed=continuation
-0.35,independent_oracle,3c5f6b3c9bd535cff7657364dadb2efc31f2ea48,51.0,1,3.996875,383.245218,21.985454,0.0,2,true,true,fine_grid,false,governance.selection=pressure_max_under_constraints;seed=continuation
