xi,method,calculation_sha,T_MeV,rho_level,rho,muq_MeV,pressure_fm4,residual_norm,iterations,converged,finite,sampling_role,cache_reused,solver_message
-0.1,production_hybrid,3c5f6b3c9bd535cff7657364dadb2efc31f2ea48,41.0,0,0.0,7.513177,21.608021,0.0,51,true,true,coarse_grid,false,governance.selection=pressure_max_under_constraints;seed=continuation
-0.1,production_hybrid,3c5f6b3c9bd535cff7657364dadb2efc31f2ea48,41.0,0,0.05,356.970548,21.609558,0.0,4,true,true,coarse_grid,false,governance.selection=pressure_max_under_constraints;seed=continuation
-0.1,production_hybrid,3c5f6b3c9bd535cff7657364dadb2efc31f2ea48,41.0,0,0.1,364.375513,21.610842,0.0,4,true,true,coarse_grid,false,governance.selection=pressure_max_under_constraints;seed=continuation
-0.1,production_hybrid,3c5f6b3c9bd535cff7657364dadb2efc31f2ea48,41.0,0,0.15,367.841084,21.611873,0.0,4,true,true,coarse_grid,false,governance.selection=pressure_max_under_constraints;seed=continuation
-0.1,production_hybrid,3c5f6b3c9bd535cff7657364dadb2efc31f2ea48,41.0,0,0.2,369.689767,21.612649,0.0,3,true,true,coarse_grid,false,governance.selection=pressure_max_under_constraints;seed=continuation
-0.1,production_hybrid,3c5f6b3c9bd535cff7657364dadb2efc31f2ea48,41.0,0,0.25,370.649823,21.613167,0.0,3,true,true,coarse_grid,false,governance.selection=pressure_max_under_constraints;seed=continuation
-0.1,production_hybrid,3c5f6b3c9bd535cff7657364dadb2efc31f2ea48,41.0,0,0.3,371.046,21.613428,0.0,3,true,true,coarse_grid,false,governance.selection=pressure_max_under_constraints;seed=continuation
-0.1,production_hybrid,3c5f6b3c9bd535cff7657364dadb2efc31f2ea48,41.0,0,0.35,371.051854,21.613429,0.0,3,true,true,coarse_grid,false,governance.selection=pressure_max_under_constraints;seed=continuation
-0.1,production_hybrid,3c5f6b3c9bd535cff7657364dadb2efc31f2ea48,41.0,0,0.4,370.771293,21.613171,0.0,3,true,true,coarse_grid,false,governance.selection=pressure_max_under_constraints;seed=continuation
-0.1,production_hybrid,3c5f6b3c9bd535cff7657364dadb2efc31f2ea48,41.0,0,0.45,370.271636,21.612652,0.0,3,true,true,coarse_grid,false,governance.selection=pressure_max_under_constraints;seed=continuation
-0.1,production_hybrid,3c5f6b3c9bd535cff7657364dadb2efc31f2ea48,41.0,0,0.5,369.59914,21.611873,0.0,3,true,true,coarse_grid,false,governance.selection=pressure_max_under_constraints;seed=continuation
-0.1,production_hybrid,3c5f6b3c9bd535cff7657364dadb2efc31f2ea48,41.0,0,0.55,368.787089,21.610835,0.0,3,true,true,coarse_grid,false,governance.selection=pressure_max_under_constraints;seed=continuation
-0.1,production_hybrid,3c5f6b3c9bd535cff7657364dadb2efc31f2ea48,41.0,0,0.6,367.860357,21.609538,0.0,3,true,true,coarse_grid,false,governance.selection=pressure_max_under_constraints;seed=continuation
-0.1,production_hybrid,3c5f6b3c9bd535cff7657364dadb2efc31f2ea48,41.0,0,0.65,366.838143,21.607983,0.0,3,true,true,coarse_grid,false,governance.selection=pressure_max_under_constraints;seed=continuation
-0.1,production_hybrid,3c5f6b3c9bd535cff7657364dadb2efc31f2ea48,41.0,0,0.7,365.735691,21.606172,0.0,3,true,true,coarse_grid,false,governance.selection=pressure_max_under_constraints;seed=continuation
-0.1,production_hybrid,3c5f6b3c9bd535cff7657364dadb2efc31f2ea48,41.0,0,0.75,364.56543,21.604108,0.0,3,true,true,coarse_grid,false,governance.selection=pressure_max_under_constraints;seed=continuation
-0.1,production_hybrid,3c5f6b3c9bd535cff7657364dadb2efc31f2ea48,41.0,0,0.8,363.337748,21.601793,0.0,3,true,true,coarse_grid,false,governance.selection=pressure_max_under_constraints;seed=continuation
-0.1,production_hybrid,3c5f6b3c9bd535cff7657364dadb2efc31f2ea48,41.0,0,0.85,362.061544,21.599231,0.0,3,true,true,coarse_grid,false,governance.selection=pressure_max_under_constraints;seed=continuation
-0.1,production_hybrid,3c5f6b3c9bd535cff7657364dadb2efc31f2ea48,41.0,0,0.9,360.744633,21.596428,0.0,3,true,true,coarse_grid,false,governance.selection=pressure_max_under_constraints;seed=continuation
-0.1,production_hybrid,3c5f6b3c9bd535cff7657364dadb2efc31f2ea48,41.0,0,0.95,359.394055,21.593388,0.0,3,true,true,coarse_grid,false,governance.selection=pressure_max_under_constraints;seed=continuation
-0.1,production_hybrid,3c5f6b3c9bd535cff7657364dadb2efc31f2ea48,41.0,0,1.0,358.016315,21.590121,0.0,3,true,true,coarse_grid,false,governance.selection=pressure_max_under_constraints;seed=continuation
-0.1,production_hybrid,3c5f6b3c9bd535cff7657364dadb2efc31f2ea48,41.0,0,1.05,356.617598,21.586633,0.0,3,true,true,coarse_grid,false,governance.selection=pressure_max_under_constraints;seed=continuation
-0.1,production_hybrid,3c5f6b3c9bd535cff7657364dadb2efc31f2ea48,41.0,0,1.1,355.203936,21.582936,0.0,3,true,true,coarse_grid,false,governance.selection=pressure_max_under_constraints;seed=continuation
-0.1,production_hybrid,3c5f6b3c9bd535cff7657364dadb2efc31f2ea48,41.0,0,1.15,353.781386,21.579043,0.0,3,true,true,coarse_grid,false,governance.selection=pressure_max_under_constraints;seed=continuation
-0.1,production_hybrid,3c5f6b3c9bd535cff7657364dadb2efc31f2ea48,41.0,0,1.2,352.356183,21.57497,0.0,3,true,true,coarse_grid,false,governance.selection=pressure_max_under_constraints;seed=continuation
-0.1,production_hybrid,3c5f6b3c9bd535cff7657364dadb2efc31f2ea48,41.0,0,1.25,350.934917,21.570735,0.0,3,true,true,coarse_grid,false,governance.selection=pressure_max_under_constraints;seed=continuation
-0.1,production_hybrid,3c5f6b3c9bd535cff7657364dadb2efc31f2ea48,41.0,0,1.3,349.52471,21.566361,0.0,3,true,true,coarse_grid,false,governance.selection=pressure_max_under_constraints;seed=continuation
-0.1,production_hybrid,3c5f6b3c9bd535cff7657364dadb2efc31f2ea48,41.0,0,1.35,348.13342,21.561877,0.0,3,true,true,coarse_grid,false,governance.selection=pressure_max_under_constraints;seed=continuation
-0.1,production_hybrid,3c5f6b3c9bd535cff7657364dadb2efc31f2ea48,41.0,0,1.4,346.769867,21.557317,0.0,3,true,true,coarse_grid,false,governance.selection=pressure_max_under_constraints;seed=continuation
-0.1,production_hybrid,3c5f6b3c9bd535cff7657364dadb2efc31f2ea48,41.0,0,1.45,345.44409,21.552722,0.0,3,true,true,coarse_grid,false,governance.selection=pressure_max_under_constraints;seed=continuation
-0.1,production_hybrid,3c5f6b3c9bd535cff7657364dadb2efc31f2ea48,41.0,0,1.5,344.167639,21.548142,0.0,3,true,true,coarse_grid,false,governance.selection=pressure_max_under_constraints;seed=continuation
-0.1,production_hybrid,3c5f6b3c9bd535cff7657364dadb2efc31f2ea48,41.0,0,1.55,342.953886,21.543641,0.0,3,true,true,coarse_grid,false,governance.selection=pressure_max_under_constraints;seed=continuation
-0.1,production_hybrid,3c5f6b3c9bd535cff7657364dadb2efc31f2ea48,41.0,0,1.6,341.818343,21.539291,0.0,3,true,true,coarse_grid,false,governance.selection=pressure_max_under_constraints;seed=continuation
-0.1,production_hybrid,3c5f6b3c9bd535cff7657364dadb2efc31f2ea48,41.0,0,1.65,340.778932,21.535183,0.0,3,true,true,coarse_grid,false,governance.selection=pressure_max_under_constraints;seed=continuation
-0.1,production_hybrid,3c5f6b3c9bd535cff7657364dadb2efc31f2ea48,41.0,0,1.7,339.856149,21.531425,0.0,3,true,true,coarse_grid,false,governance.selection=pressure_max_under_constraints;seed=continuation
-0.1,production_hybrid,3c5f6b3c9bd535cff7657364dadb2efc31f2ea48,41.0,0,1.75,339.072959,21.52814,0.0,3,true,true,coarse_grid,false,governance.selection=pressure_max_under_constraints;seed=continuation
-0.1,production_hybrid,3c5f6b3c9bd535cff7657364dadb2efc31f2ea48,41.0,0,1.8,338.454273,21.525471,0.0,3,true,true,coarse_grid,false,governance.selection=pressure_max_under_constraints;seed=continuation
-0.1,production_hybrid,3c5f6b3c9bd535cff7657364dadb2efc31f2ea48,41.0,0,1.85,338.025782,21.52357,0.0,3,true,true,coarse_grid,false,governance.selection=pressure_max_under_constraints;seed=continuation
-0.1,production_hybrid,3c5f6b3c9bd535cff7657364dadb2efc31f2ea48,41.0,0,1.9,337.811992,21.522598,0.0,3,true,true,coarse_grid,false,governance.selection=pressure_max_under_constraints;seed=continuation
-0.1,production_hybrid,3c5f6b3c9bd535cff7657364dadb2efc31f2ea48,41.0,0,1.95,337.833524,21.522701,0.0,3,true,true,coarse_grid,false,governance.selection=pressure_max_under_constraints;seed=continuation
-0.1,production_hybrid,3c5f6b3c9bd535cff7657364dadb2efc31f2ea48,41.0,0,2.0,338.104077,21.524003,0.0,3,true,true,coarse_grid,false,governance.selection=pressure_max_under_constraints;seed=continuation
-0.1,production_hybrid,3c5f6b3c9bd535cff7657364dadb2efc31f2ea48,41.0,0,2.05,338.627839,21.526586,0.0,3,true,true,coarse_grid,false,governance.selection=pressure_max_under_constraints;seed=continuation
-0.1,production_hybrid,3c5f6b3c9bd535cff7657364dadb2efc31f2ea48,41.0,0,2.1,339.398282,21.530477,0.0,3,true,true,coarse_grid,false,governance.selection=pressure_max_under_constraints;seed=continuation
-0.1,production_hybrid,3c5f6b3c9bd535cff7657364dadb2efc31f2ea48,41.0,0,2.15,340.398868,21.535651,0.0,3,true,true,coarse_grid,false,governance.selection=pressure_max_under_constraints;seed=continuation
-0.1,production_hybrid,3c5f6b3c9bd535cff7657364dadb2efc31f2ea48,41.0,0,2.2,341.605481,21.542037,0.0,3,true,true,coarse_grid,false,governance.selection=pressure_max_under_constraints;seed=continuation
-0.1,production_hybrid,3c5f6b3c9bd535cff7657364dadb2efc31f2ea48,41.0,0,2.25,342.989752,21.549531,0.0,3,true,true,coarse_grid,false,governance.selection=pressure_max_under_constraints;seed=continuation
-0.1,production_hybrid,3c5f6b3c9bd535cff7657364dadb2efc31f2ea48,41.0,0,2.3,344.522291,21.558013,0.0,3,true,true,coarse_grid,false,governance.selection=pressure_max_under_constraints;seed=continuation
-0.1,production_hybrid,3c5f6b3c9bd535cff7657364dadb2efc31f2ea48,41.0,0,2.35,346.175143,21.567362,0.0,3,true,true,coarse_grid,false,governance.selection=pressure_max_under_constraints;seed=continuation
-0.1,production_hybrid,3c5f6b3c9bd535cff7657364dadb2efc31f2ea48,41.0,0,2.4,347.923265,21.577462,0.0,3,true,true,coarse_grid,false,governance.selection=pressure_max_under_constraints;seed=continuation
-0.1,production_hybrid,3c5f6b3c9bd535cff7657364dadb2efc31f2ea48,41.0,0,2.45,349.745146,21.58821,0.0,3,true,true,coarse_grid,false,governance.selection=pressure_max_under_constraints;seed=continuation
-0.1,production_hybrid,3c5f6b3c9bd535cff7657364dadb2efc31f2ea48,41.0,0,2.5,351.622844,21.599515,0.0,3,true,true,coarse_grid,false,governance.selection=pressure_max_under_constraints;seed=continuation
-0.1,production_hybrid,3c5f6b3c9bd535cff7657364dadb2efc31f2ea48,41.0,0,2.55,353.541687,21.611301,0.0,3,true,true,coarse_grid,false,governance.selection=pressure_max_under_constraints;seed=continuation
-0.1,production_hybrid,3c5f6b3c9bd535cff7657364dadb2efc31f2ea48,41.0,0,2.6,355.489836,21.623504,0.0,3,true,true,coarse_grid,false,governance.selection=pressure_max_under_constraints;seed=continuation
-0.1,production_hybrid,3c5f6b3c9bd535cff7657364dadb2efc31f2ea48,41.0,0,2.65,357.457819,21.63607,0.0,3,true,true,coarse_grid,false,governance.selection=pressure_max_under_constraints;seed=continuation
-0.1,production_hybrid,3c5f6b3c9bd535cff7657364dadb2efc31f2ea48,41.0,0,2.7,359.438096,21.648956,0.0,3,true,true,coarse_grid,false,governance.selection=pressure_max_under_constraints;seed=continuation
-0.1,production_hybrid,3c5f6b3c9bd535cff7657364dadb2efc31f2ea48,41.0,0,2.75,361.424683,21.662124,0.0,3,true,true,coarse_grid,false,governance.selection=pressure_max_under_constraints;seed=continuation
-0.1,production_hybrid,3c5f6b3c9bd535cff7657364dadb2efc31f2ea48,41.0,0,2.8,363.412844,21.675545,0.0,3,true,true,coarse_grid,false,governance.selection=pressure_max_under_constraints;seed=continuation
-0.1,production_hybrid,3c5f6b3c9bd535cff7657364dadb2efc31f2ea48,41.0,0,2.85,365.398831,21.689192,0.0,3,true,true,coarse_grid,false,governance.selection=pressure_max_under_constraints;seed=continuation
-0.1,production_hybrid,3c5f6b3c9bd535cff7657364dadb2efc31f2ea48,41.0,0,2.9,367.379683,21.703045,0.0,3,true,true,coarse_grid,false,governance.selection=pressure_max_under_constraints;seed=continuation
-0.1,production_hybrid,3c5f6b3c9bd535cff7657364dadb2efc31f2ea48,41.0,0,2.95,369.353065,21.717086,0.0,3,true,true,coarse_grid,false,governance.selection=pressure_max_under_constraints;seed=continuation
-0.1,production_hybrid,3c5f6b3c9bd535cff7657364dadb2efc31f2ea48,41.0,0,3.0,371.317139,21.731299,0.0,3,true,true,coarse_grid,false,governance.selection=pressure_max_under_constraints;seed=continuation
-0.1,production_hybrid,3c5f6b3c9bd535cff7657364dadb2efc31f2ea48,41.0,0,3.05,373.270463,21.745672,0.0,3,true,true,coarse_grid,false,governance.selection=pressure_max_under_constraints;seed=continuation
-0.1,production_hybrid,3c5f6b3c9bd535cff7657364dadb2efc31f2ea48,41.0,0,3.1,375.211911,21.760194,0.0,3,true,true,coarse_grid,false,governance.selection=pressure_max_under_constraints;seed=continuation
-0.1,production_hybrid,3c5f6b3c9bd535cff7657364dadb2efc31f2ea48,41.0,0,3.15,377.140614,21.774855,0.0,3,true,true,coarse_grid,false,governance.selection=pressure_max_under_constraints;seed=continuation
-0.1,production_hybrid,3c5f6b3c9bd535cff7657364dadb2efc31f2ea48,41.0,0,3.2,379.055902,21.789647,0.0,3,true,true,coarse_grid,false,governance.selection=pressure_max_under_constraints;seed=continuation
-0.1,production_hybrid,3c5f6b3c9bd535cff7657364dadb2efc31f2ea48,41.0,0,3.25,380.957271,21.804563,0.0,3,true,true,coarse_grid,false,governance.selection=pressure_max_under_constraints;seed=continuation
-0.1,production_hybrid,3c5f6b3c9bd535cff7657364dadb2efc31f2ea48,41.0,0,3.3,382.844349,21.819596,0.0,3,true,true,coarse_grid,false,governance.selection=pressure_max_under_constraints;seed=continuation
-0.1,production_hybrid,3c5f6b3c9bd535cff7657364dadb2efc31f2ea48,41.0,0,3.35,384.716867,21.834741,0.0,3,true,true,coarse_grid,false,governance.selection=pressure_max_under_constraints;seed=continuation
-0.1,production_hybrid,3c5f6b3c9bd535cff7657364dadb2efc31f2ea48,41.0,0,3.4,386.574646,21.849993,0.0,3,true,true,coarse_grid,false,governance.selection=pressure_max_under_constraints;seed=continuation
-0.1,production_hybrid,3c5f6b3c9bd535cff7657364dadb2efc31f2ea48,41.0,0,3.45,388.417572,21.865347,0.0,3,true,true,coarse_grid,false,governance.selection=pressure_max_under_constraints;seed=continuation
-0.1,production_hybrid,3c5f6b3c9bd535cff7657364dadb2efc31f2ea48,41.0,0,3.5,390.245589,21.880799,0.0,3,true,true,coarse_grid,false,governance.selection=pressure_max_under_constraints;seed=continuation
-0.1,production_hybrid,3c5f6b3c9bd535cff7657364dadb2efc31f2ea48,41.0,0,3.55,392.058683,21.896345,0.0,3,true,true,coarse_grid,false,governance.selection=pressure_max_under_constraints;seed=continuation
-0.1,production_hybrid,3c5f6b3c9bd535cff7657364dadb2efc31f2ea48,41.0,0,3.6,393.856876,21.911983,0.0,3,true,true,coarse_grid,false,governance.selection=pressure_max_under_constraints;seed=continuation
-0.1,production_hybrid,3c5f6b3c9bd535cff7657364dadb2efc31f2ea48,41.0,0,3.65,395.64022,21.927708,0.0,3,true,true,coarse_grid,false,governance.selection=pressure_max_under_constraints;seed=continuation
-0.1,production_hybrid,3c5f6b3c9bd535cff7657364dadb2efc31f2ea48,41.0,0,3.7,397.408785,21.943518,0.0,3,true,true,coarse_grid,false,governance.selection=pressure_max_under_constraints;seed=continuation
-0.1,production_hybrid,3c5f6b3c9bd535cff7657364dadb2efc31f2ea48,41.0,0,3.75,399.16266,21.95941,0.0,3,true,true,coarse_grid,false,governance.selection=pressure_max_under_constraints;seed=continuation
-0.1,production_hybrid,3c5f6b3c9bd535cff7657364dadb2efc31f2ea48,41.0,0,3.8,400.901946,21.975381,0.0,3,true,true,coarse_grid,false,governance.selection=pressure_max_under_constraints;seed=continuation
-0.1,production_hybrid,3c5f6b3c9bd535cff7657364dadb2efc31f2ea48,41.0,0,3.85,402.626752,21.991429,0.0,3,true,true,coarse_grid,false,governance.selection=pressure_max_under_constraints;seed=continuation
-0.1,production_hybrid,3c5f6b3c9bd535cff7657364dadb2efc31f2ea48,41.0,0,3.9,404.337193,22.007551,0.0,3,true,true,coarse_grid,false,governance.selection=pressure_max_under_constraints;seed=continuation
-0.1,production_hybrid,3c5f6b3c9bd535cff7657364dadb2efc31f2ea48,41.0,0,3.95,406.033387,22.023746,0.0,3,true,true,coarse_grid,false,governance.selection=pressure_max_under_constraints;seed=continuation
-0.1,production_hybrid,3c5f6b3c9bd535cff7657364dadb2efc31f2ea48,41.0,0,4.0,407.715454,22.04001,0.0,5,true,true,coarse_grid,false,governance.selection=pressure_max_under_constraints;seed=continuation
-0.1,production_hybrid,3c5f6b3c9bd535cff7657364dadb2efc31f2ea48,41.0,1,0.025,348.528494,21.608821,0.0,4,true,true,fine_grid,false,governance.selection=pressure_max_under_constraints;seed=continuation
-0.1,production_hybrid,3c5f6b3c9bd535cff7657364dadb2efc31f2ea48,41.0,1,0.075,361.478882,21.610232,0.0,4,true,true,fine_grid,false,governance.selection=pressure_max_under_constraints;seed=continuation
-0.1,production_hybrid,3c5f6b3c9bd535cff7657364dadb2efc31f2ea48,41.0,1,0.125,366.388183,21.61139,0.0,3,true,true,fine_grid,false,governance.selection=pressure_max_under_constraints;seed=continuation
-0.1,production_hybrid,3c5f6b3c9bd535cff7657364dadb2efc31f2ea48,41.0,1,0.175,368.907186,21.612293,0.0,3,true,true,fine_grid,false,governance.selection=pressure_max_under_constraints;seed=continuation
-0.1,production_hybrid,3c5f6b3c9bd535cff7657364dadb2efc31f2ea48,41.0,1,0.225,370.255469,21.61294,0.0,3,true,true,fine_grid,false,governance.selection=pressure_max_under_constraints;seed=continuation
-0.1,production_hybrid,3c5f6b3c9bd535cff7657364dadb2efc31f2ea48,41.0,1,0.275,370.905327,21.61333,0.0,3,true,true,fine_grid,false,governance.selection=pressure_max_under_constraints;seed=continuation
-0.1,production_hybrid,3c5f6b3c9bd535cff7657364dadb2efc31f2ea48,41.0,1,0.325,371.090103,21.613461,0.0,3,true,true,fine_grid,false,governance.selection=pressure_max_under_constraints;seed=continuation
-0.1,production_hybrid,3c5f6b3c9bd535cff7657364dadb2efc31f2ea48,41.0,1,0.375,370.942543,21.613332,0.0,3,true,true,fine_grid,false,governance.selection=pressure_max_under_constraints;seed=continuation
-0.1,production_hybrid,3c5f6b3c9bd535cff7657364dadb2efc31f2ea48,41.0,1,0.425,370.545585,21.612944,0.0,3,true,true,fine_grid,false,governance.selection=pressure_max_under_constraints;seed=continuation
-0.1,production_hybrid,3c5f6b3c9bd535cff7657364dadb2efc31f2ea48,41.0,1,0.475,369.954674,21.612295,0.0,3,true,true,fine_grid,false,governance.selection=pressure_max_under_constraints;seed=continuation
-0.1,production_hybrid,3c5f6b3c9bd535cff7657364dadb2efc31f2ea48,41.0,1,0.525,369.208845,21.611387,0.0,3,true,true,fine_grid,false,governance.selection=pressure_max_under_constraints;seed=continuation
-0.1,production_hybrid,3c5f6b3c9bd535cff7657364dadb2efc31f2ea48,41.0,1,0.575,368.336749,21.610219,0.0,3,true,true,fine_grid,false,governance.selection=pressure_max_under_constraints;seed=continuation
-0.1,production_hybrid,3c5f6b3c9bd535cff7657364dadb2efc31f2ea48,41.0,1,0.625,367.360156,21.608792,0.0,2,true,true,fine_grid,false,governance.selection=pressure_max_under_constraints;seed=continuation
-0.1,production_hybrid,3c5f6b3c9bd535cff7657364dadb2efc31f2ea48,41.0,1,0.675,366.296115,21.607109,0.0,2,true,true,fine_grid,false,governance.selection=pressure_max_under_constraints;seed=continuation
-0.1,production_hybrid,3c5f6b3c9bd535cff7657364dadb2efc31f2ea48,41.0,1,0.725,365.158347,21.605171,0.0,2,true,true,fine_grid,false,governance.selection=pressure_max_under_constraints;seed=continuation
-0.1,production_hybrid,3c5f6b3c9bd535cff7657364dadb2efc31f2ea48,41.0,1,0.775,363.958181,21.602981,0.0,3,true,true,fine_grid,false,governance.selection=pressure_max_under_constraints;seed=continuation
-0.1,production_hybrid,3c5f6b3c9bd535cff7657364dadb2efc31f2ea48,41.0,1,0.825,362.705201,21.600542,0.0,3,true,true,fine_grid,false,governance.selection=pressure_max_under_constraints;seed=continuation
-0.1,production_hybrid,3c5f6b3c9bd535cff7657364dadb2efc31f2ea48,41.0,1,0.875,361.407722,21.597859,0.0,3,true,true,fine_grid,false,governance.selection=pressure_max_under_constraints;seed=continuation
-0.1,production_hybrid,3c5f6b3c9bd535cff7657364dadb2efc31f2ea48,41.0,1,0.925,360.073136,21.594937,0.0,3,true,true,fine_grid,false,governance.selection=pressure_max_under_constraints;seed=continuation
-0.1,production_hybrid,3c5f6b3c9bd535cff7657364dadb2efc31f2ea48,41.0,1,0.975,358.708188,21.591783,0.0,3,true,true,fine_grid,false,governance.selection=pressure_max_under_constraints;seed=continuation
-0.1,production_hybrid,3c5f6b3c9bd535cff7657364dadb2efc31f2ea48,41.0,1,1.025,357.3192,21.588404,0.0,3,true,true,fine_grid,false,governance.selection=pressure_max_under_constraints;seed=continuation
-0.1,production_hybrid,3c5f6b3c9bd535cff7657364dadb2efc31f2ea48,41.0,1,1.075,355.912259,21.58481,0.0,3,true,true,fine_grid,false,governance.selection=pressure_max_under_constraints;seed=continuation
-0.1,production_hybrid,3c5f6b3c9bd535cff7657364dadb2efc31f2ea48,41.0,1,1.125,354.493389,21.581013,0.0,3,true,true,fine_grid,false,governance.selection=pressure_max_under_constraints;seed=continuation
-0.1,production_hybrid,3c5f6b3c9bd535cff7657364dadb2efc31f2ea48,41.0,1,1.175,353.068714,21.577028,0.0,3,true,true,fine_grid,false,governance.selection=pressure_max_under_constraints;seed=continuation
-0.1,production_hybrid,3c5f6b3c9bd535cff7657364dadb2efc31f2ea48,41.0,1,1.225,351.644627,21.572871,0.0,2,true,true,fine_grid,false,governance.selection=pressure_max_under_constraints;seed=continuation
-0.1,production_hybrid,3c5f6b3c9bd535cff7657364dadb2efc31f2ea48,41.0,1,1.275,350.22796,21.568564,0.0,3,true,true,fine_grid,false,governance.selection=pressure_max_under_constraints;seed=continuation
-0.1,production_hybrid,3c5f6b3c9bd535cff7657364dadb2efc31f2ea48,41.0,1,1.325,348.826174,21.564131,0.0,2,true,true,fine_grid,false,governance.selection=pressure_max_under_constraints;seed=continuation
-0.1,production_hybrid,3c5f6b3c9bd535cff7657364dadb2efc31f2ea48,41.0,1,1.375,347.447581,21.559604,0.0,3,true,true,fine_grid,false,governance.selection=pressure_max_under_constraints;seed=continuation
-0.1,production_hybrid,3c5f6b3c9bd535cff7657364dadb2efc31f2ea48,41.0,1,1.425,346.101573,21.555021,0.0,3,true,true,fine_grid,false,governance.selection=pressure_max_under_constraints;seed=continuation
-0.1,production_hybrid,3c5f6b3c9bd535cff7657364dadb2efc31f2ea48,41.0,1,1.475,344.798909,21.550426,0.0,3,true,true,fine_grid,false,governance.selection=pressure_max_under_constraints;seed=continuation
-0.1,production_hybrid,3c5f6b3c9bd535cff7657364dadb2efc31f2ea48,41.0,1,1.525,343.55201,21.545877,0.0,3,true,true,fine_grid,false,governance.selection=pressure_max_under_constraints;seed=continuation
-0.1,production_hybrid,3c5f6b3c9bd535cff7657364dadb2efc31f2ea48,41.0,1,1.575,342.375277,21.541441,0.0,3,true,true,fine_grid,false,governance.selection=pressure_max_under_constraints;seed=continuation
-0.1,production_hybrid,3c5f6b3c9bd535cff7657364dadb2efc31f2ea48,41.0,1,1.625,341.285401,21.537201,0.0,3,true,true,fine_grid,false,governance.selection=pressure_max_under_constraints;seed=continuation
-0.1,production_hybrid,3c5f6b3c9bd535cff7657364dadb2efc31f2ea48,41.0,1,1.675,340.301581,21.533253,0.0,3,true,true,fine_grid,false,governance.selection=pressure_max_under_constraints;seed=continuation
-0.1,production_hybrid,3c5f6b3c9bd535cff7657364dadb2efc31f2ea48,41.0,1,1.725,339.445583,21.529715,0.0,3,true,true,fine_grid,false,governance.selection=pressure_max_under_constraints;seed=continuation
-0.1,production_hybrid,3c5f6b3c9bd535cff7657364dadb2efc31f2ea48,41.0,1,1.775,338.741447,21.526719,0.0,3,true,true,fine_grid,false,governance.selection=pressure_max_under_constraints;seed=continuation
-0.1,production_hybrid,3c5f6b3c9bd535cff7657364dadb2efc31f2ea48,41.0,1,1.825,338.214665,21.524414,0.0,3,true,true,fine_grid,false,governance.selection=pressure_max_under_constraints;seed=continuation
-0.1,production_hybrid,3c5f6b3c9bd535cff7657364dadb2efc31f2ea48,41.0,1,1.875,337.890634,21.522958,0.0,3,true,true,fine_grid,false,governance.selection=pressure_max_under_constraints;seed=continuation
-0.1,production_hybrid,3c5f6b3c9bd535cff7657364dadb2efc31f2ea48,41.0,1,1.925,337.79229,21.522506,0.0,3,true,true,fine_grid,false,governance.selection=pressure_max_under_constraints;seed=continuation
-0.1,production_hybrid,3c5f6b3c9bd535cff7657364dadb2efc31f2ea48,41.0,1,1.975,337.937166,21.523196,0.0,3,true,true,fine_grid,false,governance.selection=pressure_max_under_constraints;seed=continuation
-0.1,production_hybrid,3c5f6b3c9bd535cff7657364dadb2efc31f2ea48,41.0,1,2.025,338.334462,21.525131,0.0,3,true,true,fine_grid,false,governance.selection=pressure_max_under_constraints;seed=continuation
-0.1,production_hybrid,3c5f6b3c9bd535cff7657364dadb2efc31f2ea48,41.0,1,2.075,338.983046,21.528368,0.0,3,true,true,fine_grid,false,governance.selection=pressure_max_under_constraints;seed=continuation
-0.1,production_hybrid,3c5f6b3c9bd535cff7657364dadb2efc31f2ea48,41.0,1,2.125,339.871174,21.532907,0.0,3,true,true,fine_grid,false,governance.selection=pressure_max_under_constraints;seed=continuation
-0.1,production_hybrid,3c5f6b3c9bd535cff7657364dadb2efc31f2ea48,41.0,1,2.175,340.978135,21.538699,0.0,3,true,true,fine_grid,false,governance.selection=pressure_max_under_constraints;seed=continuation
-0.1,production_hybrid,3c5f6b3c9bd535cff7657364dadb2efc31f2ea48,41.0,1,2.225,342.277256,21.545653,0.0,3,true,true,fine_grid,false,governance.selection=pressure_max_under_constraints;seed=continuation
-0.1,production_hybrid,3c5f6b3c9bd535cff7657364dadb2efc31f2ea48,41.0,1,2.275,343.739291,21.553656,0.0,3,true,true,fine_grid,false,governance.selection=pressure_max_under_constraints;seed=continuation
-0.1,production_hybrid,3c5f6b3c9bd535cff7657364dadb2efc31f2ea48,41.0,1,2.325,345.335322,21.562587,0.0,3,true,true,fine_grid,false,governance.selection=pressure_max_under_constraints;seed=continuation
-0.1,production_hybrid,3c5f6b3c9bd535cff7657364dadb2efc31f2ea48,41.0,1,2.375,347.038725,21.572325,0.0,3,true,true,fine_grid,false,governance.selection=pressure_max_under_constraints;seed=continuation
-0.1,production_hybrid,3c5f6b3c9bd535cff7657364dadb2efc31f2ea48,41.0,1,2.425,348.826188,21.582761,0.0,3,true,true,fine_grid,false,governance.selection=pressure_max_under_constraints;seed=continuation
-0.1,production_hybrid,3c5f6b3c9bd535cff7657364dadb2efc31f2ea48,41.0,1,2.475,350.678007,21.593798,0.0,3,true,true,fine_grid,false,governance.selection=pressure_max_under_constraints;seed=continuation
-0.1,production_hybrid,3c5f6b3c9bd535cff7657364dadb2efc31f2ea48,41.0,1,2.525,352.577923,21.605352,0.0,3,true,true,fine_grid,false,governance.selection=pressure_max_under_constraints;seed=continuation
-0.1,production_hybrid,3c5f6b3c9bd535cff7657364dadb2efc31f2ea48,41.0,1,2.575,354.512741,21.617354,0.0,3,true,true,fine_grid,false,governance.selection=pressure_max_under_constraints;seed=continuation
-0.1,production_hybrid,3c5f6b3c9bd535cff7657364dadb2efc31f2ea48,41.0,1,2.625,356.471861,21.629745,0.0,3,true,true,fine_grid,false,governance.selection=pressure_max_under_constraints;seed=continuation
-0.1,production_hybrid,3c5f6b3c9bd535cff7657364dadb2efc31f2ea48,41.0,1,2.675,358.446827,21.642476,0.0,3,true,true,fine_grid,false,governance.selection=pressure_max_under_constraints;seed=continuation
-0.1,production_hybrid,3c5f6b3c9bd535cff7657364dadb2efc31f2ea48,41.0,1,2.725,360.430923,21.655507,0.0,3,true,true,fine_grid,false,governance.selection=pressure_max_under_constraints;seed=continuation
-0.1,production_hybrid,3c5f6b3c9bd535cff7657364dadb2efc31f2ea48,41.0,1,2.775,362.418822,21.668805,0.0,3,true,true,fine_grid,false,governance.selection=pressure_max_under_constraints;seed=continuation
-0.1,production_hybrid,3c5f6b3c9bd535cff7657364dadb2efc31f2ea48,41.0,1,2.825,364.406311,21.682342,0.0,3,true,true,fine_grid,false,governance.selection=pressure_max_under_constraints;seed=continuation
-0.1,production_hybrid,3c5f6b3c9bd535cff7657364dadb2efc31f2ea48,41.0,1,2.875,366.390058,21.696094,0.0,3,true,true,fine_grid,false,governance.selection=pressure_max_under_constraints;seed=continuation
-0.1,production_hybrid,3c5f6b3c9bd535cff7657364dadb2efc31f2ea48,41.0,1,2.925,368.367433,21.710043,0.0,3,true,true,fine_grid,false,governance.selection=pressure_max_under_constraints;seed=continuation
-0.1,production_hybrid,3c5f6b3c9bd535cff7657364dadb2efc31f2ea48,41.0,1,2.975,370.336364,21.724172,0.0,3,true,true,fine_grid,false,governance.selection=pressure_max_under_constraints;seed=continuation
-0.1,production_hybrid,3c5f6b3c9bd535cff7657364dadb2efc31f2ea48,41.0,1,3.025,372.295221,21.738467,0.0,3,true,true,fine_grid,false,governance.selection=pressure_max_under_constraints;seed=continuation
-0.1,production_hybrid,3c5f6b3c9bd535cff7657364dadb2efc31f2ea48,41.0,1,3.075,374.242731,21.752915,0.0,3,true,true,fine_grid,false,governance.selection=pressure_max_under_constraints;seed=continuation
-0.1,production_hybrid,3c5f6b3c9bd535cff7657364dadb2efc31f2ea48,41.0,1,3.125,376.177902,21.767508,0.0,3,true,true,fine_grid,false,governance.selection=pressure_max_under_constraints;seed=continuation
-0.1,production_hybrid,3c5f6b3c9bd535cff7657364dadb2efc31f2ea48,41.0,1,3.175,378.09997,21.782235,0.0,3,true,true,fine_grid,false,governance.selection=pressure_max_under_constraints;seed=continuation
-0.1,production_hybrid,3c5f6b3c9bd535cff7657364dadb2efc31f2ea48,41.0,1,3.225,380.008353,21.79709,0.0,3,true,true,fine_grid,false,governance.selection=pressure_max_under_constraints;seed=continuation
-0.1,production_hybrid,3c5f6b3c9bd535cff7657364dadb2efc31f2ea48,41.0,1,3.275,381.902615,21.812066,0.0,2,true,true,fine_grid,false,governance.selection=pressure_max_under_constraints;seed=continuation
-0.1,production_hybrid,3c5f6b3c9bd535cff7657364dadb2efc31f2ea48,41.0,1,3.325,383.782441,21.827155,0.0,2,true,true,fine_grid,false,governance.selection=pressure_max_under_constraints;seed=continuation
-0.1,production_hybrid,3c5f6b3c9bd535cff7657364dadb2efc31f2ea48,41.0,1,3.375,385.647608,21.842354,0.0,2,true,true,fine_grid,false,governance.selection=pressure_max_under_constraints;seed=continuation
-0.1,production_hybrid,3c5f6b3c9bd535cff7657364dadb2efc31f2ea48,41.0,1,3.425,387.49797,21.857658,0.0,2,true,true,fine_grid,false,governance.selection=pressure_max_under_constraints;seed=continuation
-0.1,production_hybrid,3c5f6b3c9bd535cff7657364dadb2efc31f2ea48,41.0,1,3.475,389.333446,21.873061,0.0,2,true,true,fine_grid,false,governance.selection=pressure_max_under_constraints;seed=continuation
-0.1,production_hybrid,3c5f6b3c9bd535cff7657364dadb2efc31f2ea48,41.0,1,3.525,391.154,21.888561,0.0,2,true,true,fine_grid,false,governance.selection=pressure_max_under_constraints;seed=continuation
-0.1,production_hybrid,3c5f6b3c9bd535cff7657364dadb2efc31f2ea48,41.0,1,3.575,392.959639,21.904153,0.0,2,true,true,fine_grid,false,governance.selection=pressure_max_under_constraints;seed=continuation
-0.1,production_hybrid,3c5f6b3c9bd535cff7657364dadb2efc31f2ea48,41.0,1,3.625,394.7504,21.919835,0.0,2,true,true,fine_grid,false,governance.selection=pressure_max_under_constraints;seed=continuation
-0.1,production_hybrid,3c5f6b3c9bd535cff7657364dadb2efc31f2ea48,41.0,1,3.675,396.526345,21.935602,0.0,2,true,true,fine_grid,false,governance.selection=pressure_max_under_constraints;seed=continuation
-0.1,production_hybrid,3c5f6b3c9bd535cff7657364dadb2efc31f2ea48,41.0,1,3.725,398.287553,21.951454,0.0,2,true,true,fine_grid,false,governance.selection=pressure_max_under_constraints;seed=continuation
-0.1,production_hybrid,3c5f6b3c9bd535cff7657364dadb2efc31f2ea48,41.0,1,3.775,400.03412,21.967386,0.0,2,true,true,fine_grid,false,governance.selection=pressure_max_under_constraints;seed=continuation
-0.1,production_hybrid,3c5f6b3c9bd535cff7657364dadb2efc31f2ea48,41.0,1,3.825,401.766152,21.983395,0.0,2,true,true,fine_grid,false,governance.selection=pressure_max_under_constraints;seed=continuation
-0.1,production_hybrid,3c5f6b3c9bd535cff7657364dadb2efc31f2ea48,41.0,1,3.875,403.483761,21.999481,0.0,2,true,true,fine_grid,false,governance.selection=pressure_max_under_constraints;seed=continuation
-0.1,production_hybrid,3c5f6b3c9bd535cff7657364dadb2efc31f2ea48,41.0,1,3.925,405.187064,22.01564,0.0,2,true,true,fine_grid,false,governance.selection=pressure_max_under_constraints;seed=continuation
-0.1,production_hybrid,3c5f6b3c9bd535cff7657364dadb2efc31f2ea48,41.0,1,3.975,406.876179,22.031869,0.0,2,true,true,fine_grid,false,governance.selection=pressure_max_under_constraints;seed=continuation
-0.1,production_hybrid,3c5f6b3c9bd535cff7657364dadb2efc31f2ea48,41.0,2,0.0125,339.570166,21.608428,0.0,4,true,true,stage_b_grid,false,governance.selection=pressure_max_under_constraints;seed=continuation
-0.1,production_hybrid,3c5f6b3c9bd535cff7657364dadb2efc31f2ea48,41.0,2,0.0375,353.554634,21.609197,0.0,4,true,true,stage_b_grid,false,governance.selection=pressure_max_under_constraints;seed=continuation
-0.1,production_hybrid,3c5f6b3c9bd535cff7657364dadb2efc31f2ea48,41.0,2,0.0625,359.50392,21.609903,0.0,3,true,true,stage_b_grid,false,governance.selection=pressure_max_under_constraints;seed=continuation
-0.1,production_hybrid,3c5f6b3c9bd535cff7657364dadb2efc31f2ea48,41.0,2,0.0875,363.068342,21.610545,0.0,3,true,true,stage_b_grid,false,governance.selection=pressure_max_under_constraints;seed=continuation
-0.1,production_hybrid,3c5f6b3c9bd535cff7657364dadb2efc31f2ea48,41.0,2,0.1125,365.466973,21.611124,0.0,3,true,true,stage_b_grid,false,governance.selection=pressure_max_under_constraints;seed=continuation
-0.1,production_hybrid,3c5f6b3c9bd535cff7657364dadb2efc31f2ea48,41.0,2,0.1375,367.171571,21.61164,0.0,3,true,true,stage_b_grid,false,governance.selection=pressure_max_under_constraints;seed=continuation
-0.1,production_hybrid,3c5f6b3c9bd535cff7657364dadb2efc31f2ea48,41.0,2,0.1625,368.414909,21.612091,0.0,3,true,true,stage_b_grid,false,governance.selection=pressure_max_under_constraints;seed=continuation
-0.1,production_hybrid,3c5f6b3c9bd535cff7657364dadb2efc31f2ea48,41.0,2,0.1875,369.329126,21.612479,0.0,3,true,true,stage_b_grid,false,governance.selection=pressure_max_under_constraints;seed=continuation
-0.1,production_hybrid,3c5f6b3c9bd535cff7657364dadb2efc31f2ea48,41.0,2,0.2125,369.996506,21.612803,0.0,3,true,true,stage_b_grid,false,governance.selection=pressure_max_under_constraints;seed=continuation
-0.1,production_hybrid,3c5f6b3c9bd535cff7657364dadb2efc31f2ea48,41.0,2,0.2375,370.471793,21.613062,0.0,3,true,true,stage_b_grid,false,governance.selection=pressure_max_under_constraints;seed=continuation
-0.1,production_hybrid,3c5f6b3c9bd535cff7657364dadb2efc31f2ea48,41.0,2,0.2625,370.79327,21.613257,0.0,3,true,true,stage_b_grid,false,governance.selection=pressure_max_under_constraints;seed=continuation
-0.1,production_hybrid,3c5f6b3c9bd535cff7657364dadb2efc31f2ea48,41.0,2,0.2875,370.988765,21.613387,0.0,3,true,true,stage_b_grid,false,governance.selection=pressure_max_under_constraints;seed=continuation
-0.1,production_hybrid,3c5f6b3c9bd535cff7657364dadb2efc31f2ea48,41.0,2,0.3125,371.079154,21.613452,0.0,3,true,true,stage_b_grid,false,governance.selection=pressure_max_under_constraints;seed=continuation
-0.1,production_hybrid,3c5f6b3c9bd535cff7657364dadb2efc31f2ea48,41.0,2,0.3375,371.080508,21.613453,0.0,3,true,true,stage_b_grid,false,governance.selection=pressure_max_under_constraints;seed=continuation
-0.1,production_hybrid,3c5f6b3c9bd535cff7657364dadb2efc31f2ea48,41.0,2,0.3625,371.005467,21.613389,0.0,3,true,true,stage_b_grid,false,governance.selection=pressure_max_under_constraints;seed=continuation
-0.1,production_hybrid,3c5f6b3c9bd535cff7657364dadb2efc31f2ea48,41.0,2,0.3875,370.86416,21.61326,0.0,3,true,true,stage_b_grid,false,governance.selection=pressure_max_under_constraints;seed=continuation
-0.1,production_hybrid,3c5f6b3c9bd535cff7657364dadb2efc31f2ea48,41.0,2,0.4125,370.664832,21.613065,0.0,3,true,true,stage_b_grid,false,governance.selection=pressure_max_under_constraints;seed=continuation
-0.1,production_hybrid,3c5f6b3c9bd535cff7657364dadb2efc31f2ea48,41.0,2,0.4375,370.414293,21.612806,0.0,3,true,true,stage_b_grid,false,governance.selection=pressure_max_under_constraints;seed=continuation
-0.1,production_hybrid,3c5f6b3c9bd535cff7657364dadb2efc31f2ea48,41.0,2,0.4625,370.118238,21.612482,0.0,2,true,true,stage_b_grid,false,governance.selection=pressure_max_under_constraints;seed=continuation
-0.1,production_hybrid,3c5f6b3c9bd535cff7657364dadb2efc31f2ea48,41.0,2,0.4875,369.781477,21.612092,0.0,2,true,true,stage_b_grid,false,governance.selection=pressure_max_under_constraints;seed=continuation
-0.1,production_hybrid,3c5f6b3c9bd535cff7657364dadb2efc31f2ea48,41.0,2,0.5125,369.40812,21.611638,0.0,2,true,true,stage_b_grid,false,governance.selection=pressure_max_under_constraints;seed=continuation
-0.1,production_hybrid,3c5f6b3c9bd535cff7657364dadb2efc31f2ea48,41.0,2,0.5375,369.001711,21.611119,0.0,2,true,true,stage_b_grid,false,governance.selection=pressure_max_under_constraints;seed=continuation
-0.1,production_hybrid,3c5f6b3c9bd535cff7657364dadb2efc31f2ea48,41.0,2,0.5625,368.565326,21.610535,0.0,2,true,true,stage_b_grid,false,governance.selection=pressure_max_under_constraints;seed=continuation
-0.1,production_hybrid,3c5f6b3c9bd535cff7657364dadb2efc31f2ea48,41.0,2,0.5875,368.101663,21.609886,0.0,2,true,true,stage_b_grid,false,governance.selection=pressure_max_under_constraints;seed=continuation
-0.1,production_hybrid,3c5f6b3c9bd535cff7657364dadb2efc31f2ea48,41.0,2,0.6125,367.613103,21.609173,0.0,2,true,true,stage_b_grid,false,governance.selection=pressure_max_under_constraints;seed=continuation
-0.1,production_hybrid,3c5f6b3c9bd535cff7657364dadb2efc31f2ea48,41.0,2,0.6375,367.101759,21.608396,0.0,2,true,true,stage_b_grid,false,governance.selection=pressure_max_under_constraints;seed=continuation
-0.1,production_hybrid,3c5f6b3c9bd535cff7657364dadb2efc31f2ea48,41.0,2,0.6625,366.569526,21.607554,0.0,2,true,true,stage_b_grid,false,governance.selection=pressure_max_under_constraints;seed=continuation
-0.1,production_hybrid,3c5f6b3c9bd535cff7657364dadb2efc31f2ea48,41.0,2,0.6875,366.018107,21.606649,0.0,2,true,true,stage_b_grid,false,governance.selection=pressure_max_under_constraints;seed=continuation
-0.1,production_hybrid,3c5f6b3c9bd535cff7657364dadb2efc31f2ea48,41.0,2,0.7125,365.449047,21.60568,0.0,2,true,true,stage_b_grid,false,governance.selection=pressure_max_under_constraints;seed=continuation
-0.1,production_hybrid,3c5f6b3c9bd535cff7657364dadb2efc31f2ea48,41.0,2,0.7375,364.863755,21.604647,0.0,2,true,true,stage_b_grid,false,governance.selection=pressure_max_under_constraints;seed=continuation
-0.1,production_hybrid,3c5f6b3c9bd535cff7657364dadb2efc31f2ea48,41.0,2,0.7625,364.263523,21.603552,0.0,2,true,true,stage_b_grid,false,governance.selection=pressure_max_under_constraints;seed=continuation
-0.1,production_hybrid,3c5f6b3c9bd535cff7657364dadb2efc31f2ea48,41.0,2,0.7875,363.649544,21.602395,0.0,2,true,true,stage_b_grid,false,governance.selection=pressure_max_under_constraints;seed=continuation
-0.1,production_hybrid,3c5f6b3c9bd535cff7657364dadb2efc31f2ea48,41.0,2,0.8125,363.022925,21.601175,0.0,2,true,true,stage_b_grid,false,governance.selection=pressure_max_under_constraints;seed=continuation
-0.1,production_hybrid,3c5f6b3c9bd535cff7657364dadb2efc31f2ea48,41.0,2,0.8375,362.384701,21.599894,0.0,2,true,true,stage_b_grid,false,governance.selection=pressure_max_under_constraints;seed=continuation
-0.1,production_hybrid,3c5f6b3c9bd535cff7657364dadb2efc31f2ea48,41.0,2,0.8625,361.735847,21.598553,0.0,2,true,true,stage_b_grid,false,governance.selection=pressure_max_under_constraints;seed=continuation
-0.1,production_hybrid,3c5f6b3c9bd535cff7657364dadb2efc31f2ea48,41.0,2,0.8875,361.077282,21.597151,0.0,2,true,true,stage_b_grid,false,governance.selection=pressure_max_under_constraints;seed=continuation
-0.1,production_hybrid,3c5f6b3c9bd535cff7657364dadb2efc31f2ea48,41.0,2,0.9125,360.409883,21.59569,0.0,2,true,true,stage_b_grid,false,governance.selection=pressure_max_under_constraints;seed=continuation
-0.1,production_hybrid,3c5f6b3c9bd535cff7657364dadb2efc31f2ea48,41.0,2,0.9375,359.734493,21.59417,0.0,2,true,true,stage_b_grid,false,governance.selection=pressure_max_under_constraints;seed=continuation
-0.1,production_hybrid,3c5f6b3c9bd535cff7657364dadb2efc31f2ea48,41.0,2,0.9625,359.05192,21.592593,0.0,2,true,true,stage_b_grid,false,governance.selection=pressure_max_under_constraints;seed=continuation
-0.1,production_hybrid,3c5f6b3c9bd535cff7657364dadb2efc31f2ea48,41.0,2,0.9875,358.362955,21.590959,0.0,2,true,true,stage_b_grid,false,governance.selection=pressure_max_under_constraints;seed=continuation
-0.1,production_hybrid,3c5f6b3c9bd535cff7657364dadb2efc31f2ea48,41.0,2,1.0125,357.668366,21.589269,0.0,2,true,true,stage_b_grid,false,governance.selection=pressure_max_under_constraints;seed=continuation
-0.1,production_hybrid,3c5f6b3c9bd535cff7657364dadb2efc31f2ea48,41.0,2,1.0375,356.968913,21.587525,0.0,2,true,true,stage_b_grid,false,governance.selection=pressure_max_under_constraints;seed=continuation
-0.1,production_hybrid,3c5f6b3c9bd535cff7657364dadb2efc31f2ea48,41.0,2,1.0625,356.265349,21.585728,0.0,2,true,true,stage_b_grid,false,governance.selection=pressure_max_under_constraints;seed=continuation
-0.1,production_hybrid,3c5f6b3c9bd535cff7657364dadb2efc31f2ea48,41.0,2,1.0875,355.558423,21.583879,0.0,2,true,true,stage_b_grid,false,governance.selection=pressure_max_under_constraints;seed=continuation
-0.1,production_hybrid,3c5f6b3c9bd535cff7657364dadb2efc31f2ea48,41.0,2,1.1125,354.848893,21.581981,0.0,2,true,true,stage_b_grid,false,governance.selection=pressure_max_under_constraints;seed=continuation
-0.1,production_hybrid,3c5f6b3c9bd535cff7657364dadb2efc31f2ea48,41.0,2,1.1375,354.13752,21.580034,0.0,2,true,true,stage_b_grid,false,governance.selection=pressure_max_under_constraints;seed=continuation
-0.1,production_hybrid,3c5f6b3c9bd535cff7657364dadb2efc31f2ea48,41.0,2,1.1625,353.425083,21.578041,0.0,2,true,true,stage_b_grid,false,governance.selection=pressure_max_under_constraints;seed=continuation
-0.1,production_hybrid,3c5f6b3c9bd535cff7657364dadb2efc31f2ea48,41.0,2,1.1875,352.712379,21.576004,0.0,2,true,true,stage_b_grid,false,governance.selection=pressure_max_under_constraints;seed=continuation
-0.1,production_hybrid,3c5f6b3c9bd535cff7657364dadb2efc31f2ea48,41.0,2,1.2125,352.000229,21.573925,0.0,2,true,true,stage_b_grid,false,governance.selection=pressure_max_under_constraints;seed=continuation
-0.1,production_hybrid,3c5f6b3c9bd535cff7657364dadb2efc31f2ea48,41.0,2,1.2375,351.289485,21.571807,0.0,2,true,true,stage_b_grid,false,governance.selection=pressure_max_under_constraints;seed=continuation
-0.1,production_hybrid,3c5f6b3c9bd535cff7657364dadb2efc31f2ea48,41.0,2,1.2625,350.581035,21.569653,0.0,2,true,true,stage_b_grid,false,governance.selection=pressure_max_under_constraints;seed=continuation
-0.1,production_hybrid,3c5f6b3c9bd535cff7657364dadb2efc31f2ea48,41.0,2,1.2875,349.87581,21.567466,0.0,2,true,true,stage_b_grid,false,governance.selection=pressure_max_under_constraints;seed=continuation
-0.1,production_hybrid,3c5f6b3c9bd535cff7657364dadb2efc31f2ea48,41.0,2,1.3125,349.174788,21.565249,0.0,2,true,true,stage_b_grid,false,governance.selection=pressure_max_under_constraints;seed=continuation
-0.1,production_hybrid,3c5f6b3c9bd535cff7657364dadb2efc31f2ea48,41.0,2,1.3375,348.479006,21.563007,0.0,2,true,true,stage_b_grid,false,governance.selection=pressure_max_under_constraints;seed=continuation
-0.1,production_hybrid,3c5f6b3c9bd535cff7657364dadb2efc31f2ea48,41.0,2,1.3625,347.789562,21.560743,0.0,2,true,true,stage_b_grid,false,governance.selection=pressure_max_under_constraints;seed=continuation
-0.1,production_hybrid,3c5f6b3c9bd535cff7657364dadb2efc31f2ea48,41.0,2,1.3875,347.107629,21.558462,0.0,2,true,true,stage_b_grid,false,governance.selection=pressure_max_under_constraints;seed=continuation
-0.1,production_hybrid,3c5f6b3c9bd535cff7657364dadb2efc31f2ea48,41.0,2,1.4125,346.434458,21.556169,0.0,2,true,true,stage_b_grid,false,governance.selection=pressure_max_under_constraints;seed=continuation
-0.1,production_hybrid,3c5f6b3c9bd535cff7657364dadb2efc31f2ea48,41.0,2,1.4375,345.771389,21.553871,0.0,2,true,true,stage_b_grid,false,governance.selection=pressure_max_under_constraints;seed=continuation
-0.1,production_hybrid,3c5f6b3c9bd535cff7657364dadb2efc31f2ea48,41.0,2,1.4625,345.119864,21.551573,0.0,2,true,true,stage_b_grid,false,governance.selection=pressure_max_under_constraints;seed=continuation
-0.1,production_hybrid,3c5f6b3c9bd535cff7657364dadb2efc31f2ea48,41.0,2,1.4875,344.48143,21.549283,0.0,2,true,true,stage_b_grid,false,governance.selection=pressure_max_under_constraints;seed=continuation
-0.1,production_hybrid,3c5f6b3c9bd535cff7657364dadb2efc31f2ea48,41.0,2,1.5125,343.857756,21.547007,0.0,2,true,true,stage_b_grid,false,governance.selection=pressure_max_under_constraints;seed=continuation
-0.1,production_hybrid,3c5f6b3c9bd535cff7657364dadb2efc31f2ea48,41.0,2,1.5375,343.250638,21.544755,0.0,2,true,true,stage_b_grid,false,governance.selection=pressure_max_under_constraints;seed=continuation
-0.1,production_hybrid,3c5f6b3c9bd535cff7657364dadb2efc31f2ea48,41.0,2,1.5625,342.662011,21.542536,0.0,2,true,true,stage_b_grid,false,governance.selection=pressure_max_under_constraints;seed=continuation
-0.1,production_hybrid,3c5f6b3c9bd535cff7657364dadb2efc31f2ea48,41.0,2,1.5875,342.093959,21.540359,0.0,2,true,true,stage_b_grid,false,governance.selection=pressure_max_under_constraints;seed=continuation
-0.1,production_hybrid,3c5f6b3c9bd535cff7657364dadb2efc31f2ea48,41.0,2,1.6125,341.548721,21.538237,0.0,2,true,true,stage_b_grid,false,governance.selection=pressure_max_under_constraints;seed=continuation
-0.1,production_hybrid,3c5f6b3c9bd535cff7657364dadb2efc31f2ea48,41.0,2,1.6375,341.028696,21.536182,0.0,2,true,true,stage_b_grid,false,governance.selection=pressure_max_under_constraints;seed=continuation
-0.1,production_hybrid,3c5f6b3c9bd535cff7657364dadb2efc31f2ea48,41.0,2,1.6625,340.536446,21.534206,0.0,3,true,true,stage_b_grid,false,governance.selection=pressure_max_under_constraints;seed=continuation
-0.1,production_hybrid,3c5f6b3c9bd535cff7657364dadb2efc31f2ea48,41.0,2,1.6875,340.074694,21.532325,0.0,3,true,true,stage_b_grid,false,governance.selection=pressure_max_under_constraints;seed=continuation
-0.1,production_hybrid,3c5f6b3c9bd535cff7657364dadb2efc31f2ea48,41.0,2,1.7125,339.646318,21.530554,0.0,3,true,true,stage_b_grid,false,governance.selection=pressure_max_under_constraints;seed=continuation
-0.1,production_hybrid,3c5f6b3c9bd535cff7657364dadb2efc31f2ea48,41.0,2,1.7375,339.254332,21.528909,0.0,3,true,true,stage_b_grid,false,governance.selection=pressure_max_under_constraints;seed=continuation
-0.1,production_hybrid,3c5f6b3c9bd535cff7657364dadb2efc31f2ea48,41.0,2,1.7625,338.901863,21.527409,0.0,3,true,true,stage_b_grid,false,governance.selection=pressure_max_under_constraints;seed=continuation
-0.1,production_hybrid,3c5f6b3c9bd535cff7657364dadb2efc31f2ea48,41.0,2,1.7875,338.592115,21.526072,0.0,3,true,true,stage_b_grid,false,governance.selection=pressure_max_under_constraints;seed=continuation
-0.1,production_hybrid,3c5f6b3c9bd535cff7657364dadb2efc31f2ea48,41.0,2,1.8125,338.328324,21.524917,0.0,3,true,true,stage_b_grid,false,governance.selection=pressure_max_under_constraints;seed=continuation
-0.1,production_hybrid,3c5f6b3c9bd535cff7657364dadb2efc31f2ea48,41.0,2,1.8375,338.11369,21.523965,0.0,3,true,true,stage_b_grid,false,governance.selection=pressure_max_under_constraints;seed=continuation
-0.1,production_hybrid,3c5f6b3c9bd535cff7657364dadb2efc31f2ea48,41.0,2,1.8625,337.951311,21.523234,0.0,3,true,true,stage_b_grid,false,governance.selection=pressure_max_under_constraints;seed=continuation
-0.1,production_hybrid,3c5f6b3c9bd535cff7657364dadb2efc31f2ea48,41.0,2,1.8875,337.844088,21.522745,0.0,3,true,true,stage_b_grid,false,governance.selection=pressure_max_under_constraints;seed=continuation
-0.1,production_hybrid,3c5f6b3c9bd535cff7657364dadb2efc31f2ea48,41.0,2,1.9125,337.794637,21.522517,0.0,2,true,true,stage_b_grid,false,governance.selection=pressure_max_under_constraints;seed=continuation
-0.1,production_hybrid,3c5f6b3c9bd535cff7657364dadb2efc31f2ea48,41.0,2,1.9375,337.805185,21.522567,0.0,2,true,true,stage_b_grid,false,governance.selection=pressure_max_under_constraints;seed=continuation
-0.1,production_hybrid,3c5f6b3c9bd535cff7657364dadb2efc31f2ea48,41.0,2,1.9625,337.877476,21.52291,0.0,2,true,true,stage_b_grid,false,governance.selection=pressure_max_under_constraints;seed=continuation
-0.1,production_hybrid,3c5f6b3c9bd535cff7657364dadb2efc31f2ea48,41.0,2,1.9875,338.012684,21.52356,0.0,3,true,true,stage_b_grid,false,governance.selection=pressure_max_under_constraints;seed=continuation
-0.1,production_hybrid,3c5f6b3c9bd535cff7657364dadb2efc31f2ea48,41.0,2,2.0125,338.211349,21.524527,0.0,3,true,true,stage_b_grid,false,governance.selection=pressure_max_under_constraints;seed=continuation
-0.1,production_hybrid,3c5f6b3c9bd535cff7657364dadb2efc31f2ea48,41.0,2,2.0375,338.473333,21.525818,0.0,3,true,true,stage_b_grid,false,governance.selection=pressure_max_under_constraints;seed=continuation
-0.1,production_hybrid,3c5f6b3c9bd535cff7657364dadb2efc31f2ea48,41.0,2,2.0625,338.797812,21.527436,0.0,3,true,true,stage_b_grid,false,governance.selection=pressure_max_under_constraints;seed=continuation
-0.1,production_hybrid,3c5f6b3c9bd535cff7657364dadb2efc31f2ea48,41.0,2,2.0875,339.183296,21.529382,0.0,3,true,true,stage_b_grid,false,governance.selection=pressure_max_under_constraints;seed=continuation
-0.1,production_hybrid,3c5f6b3c9bd535cff7657364dadb2efc31f2ea48,41.0,2,2.1125,339.62769,21.531652,0.0,3,true,true,stage_b_grid,false,governance.selection=pressure_max_under_constraints;seed=continuation
-0.1,production_hybrid,3c5f6b3c9bd535cff7657364dadb2efc31f2ea48,41.0,2,2.1375,340.128365,21.534241,0.0,3,true,true,stage_b_grid,false,governance.selection=pressure_max_under_constraints;seed=continuation
-0.1,production_hybrid,3c5f6b3c9bd535cff7657364dadb2efc31f2ea48,41.0,2,2.1625,340.682269,21.537138,0.0,3,true,true,stage_b_grid,false,governance.selection=pressure_max_under_constraints;seed=continuation
-0.1,production_hybrid,3c5f6b3c9bd535cff7657364dadb2efc31f2ea48,41.0,2,2.1875,341.286024,21.540332,0.0,3,true,true,stage_b_grid,false,governance.selection=pressure_max_under_constraints;seed=continuation
-0.1,production_hybrid,3c5f6b3c9bd535cff7657364dadb2efc31f2ea48,41.0,2,2.2125,341.936046,21.543811,0.0,3,true,true,stage_b_grid,false,governance.selection=pressure_max_under_constraints;seed=continuation
-0.1,production_hybrid,3c5f6b3c9bd535cff7657364dadb2efc31f2ea48,41.0,2,2.2375,342.628645,21.54756,0.0,3,true,true,stage_b_grid,false,governance.selection=pressure_max_under_constraints;seed=continuation
-0.1,production_hybrid,3c5f6b3c9bd535cff7657364dadb2efc31f2ea48,41.0,2,2.2625,343.360118,21.551564,0.0,3,true,true,stage_b_grid,false,governance.selection=pressure_max_under_constraints;seed=continuation
-0.1,production_hybrid,3c5f6b3c9bd535cff7657364dadb2efc31f2ea48,41.0,2,2.2875,344.126826,21.555807,0.0,3,true,true,stage_b_grid,false,governance.selection=pressure_max_under_constraints;seed=continuation
-0.1,production_hybrid,3c5f6b3c9bd535cff7657364dadb2efc31f2ea48,41.0,2,2.3125,344.92526,21.560274,0.0,3,true,true,stage_b_grid,false,governance.selection=pressure_max_under_constraints;seed=continuation
-0.1,production_hybrid,3c5f6b3c9bd535cff7657364dadb2efc31f2ea48,41.0,2,2.3375,345.752078,21.56495,0.0,3,true,true,stage_b_grid,false,governance.selection=pressure_max_under_constraints;seed=continuation
-0.1,production_hybrid,3c5f6b3c9bd535cff7657364dadb2efc31f2ea48,41.0,2,2.3625,346.604144,21.569821,0.0,3,true,true,stage_b_grid,false,governance.selection=pressure_max_under_constraints;seed=continuation
-0.1,production_hybrid,3c5f6b3c9bd535cff7657364dadb2efc31f2ea48,41.0,2,2.3875,347.478542,21.574873,0.0,3,true,true,stage_b_grid,false,governance.selection=pressure_max_under_constraints;seed=continuation
-0.1,production_hybrid,3c5f6b3c9bd535cff7657364dadb2efc31f2ea48,41.0,2,2.4125,348.372581,21.580092,0.0,3,true,true,stage_b_grid,false,governance.selection=pressure_max_under_constraints;seed=continuation
-0.1,production_hybrid,3c5f6b3c9bd535cff7657364dadb2efc31f2ea48,41.0,2,2.4375,349.283801,21.585468,0.0,3,true,true,stage_b_grid,false,governance.selection=pressure_max_under_constraints;seed=continuation
-0.1,production_hybrid,3c5f6b3c9bd535cff7657364dadb2efc31f2ea48,41.0,2,2.4625,350.209964,21.590987,0.0,3,true,true,stage_b_grid,false,governance.selection=pressure_max_under_constraints;seed=continuation
-0.1,production_hybrid,3c5f6b3c9bd535cff7657364dadb2efc31f2ea48,41.0,2,2.4875,351.149041,21.596641,0.0,3,true,true,stage_b_grid,false,governance.selection=pressure_max_under_constraints;seed=continuation
-0.1,production_hybrid,3c5f6b3c9bd535cff7657364dadb2efc31f2ea48,41.0,2,2.5125,352.099205,21.602419,0.0,3,true,true,stage_b_grid,false,governance.selection=pressure_max_under_constraints;seed=continuation
-0.1,production_hybrid,3c5f6b3c9bd535cff7657364dadb2efc31f2ea48,41.0,2,2.5375,353.05881,21.608313,0.0,3,true,true,stage_b_grid,false,governance.selection=pressure_max_under_constraints;seed=continuation
-0.1,production_hybrid,3c5f6b3c9bd535cff7657364dadb2efc31f2ea48,41.0,2,2.5625,354.026384,21.614315,0.0,3,true,true,stage_b_grid,false,governance.selection=pressure_max_under_constraints;seed=continuation
-0.1,production_hybrid,3c5f6b3c9bd535cff7657364dadb2efc31f2ea48,41.0,2,2.5875,355.000606,21.620417,0.0,3,true,true,stage_b_grid,false,governance.selection=pressure_max_under_constraints;seed=continuation
-0.1,production_hybrid,3c5f6b3c9bd535cff7657364dadb2efc31f2ea48,41.0,2,2.6125,355.980297,21.626613,0.0,3,true,true,stage_b_grid,false,governance.selection=pressure_max_under_constraints;seed=continuation
-0.1,production_hybrid,3c5f6b3c9bd535cff7657364dadb2efc31f2ea48,41.0,2,2.6375,356.964406,21.632897,0.0,3,true,true,stage_b_grid,false,governance.selection=pressure_max_under_constraints;seed=continuation
-0.1,production_hybrid,3c5f6b3c9bd535cff7657364dadb2efc31f2ea48,41.0,2,2.6625,357.951993,21.639263,0.0,3,true,true,stage_b_grid,false,governance.selection=pressure_max_under_constraints;seed=continuation
-0.1,production_hybrid,3c5f6b3c9bd535cff7657364dadb2efc31f2ea48,41.0,2,2.6875,358.942225,21.645707,0.0,2,true,true,stage_b_grid,false,governance.selection=pressure_max_under_constraints;seed=continuation
-0.1,production_hybrid,3c5f6b3c9bd535cff7657364dadb2efc31f2ea48,41.0,2,2.7125,359.934355,21.652223,0.0,2,true,true,stage_b_grid,false,governance.selection=pressure_max_under_constraints;seed=continuation
-0.1,production_hybrid,3c5f6b3c9bd535cff7657364dadb2efc31f2ea48,41.0,2,2.7375,360.927722,21.658808,0.0,2,true,true,stage_b_grid,false,governance.selection=pressure_max_under_constraints;seed=continuation
-0.1,production_hybrid,3c5f6b3c9bd535cff7657364dadb2efc31f2ea48,41.0,2,2.7625,361.921738,21.665457,0.0,2,true,true,stage_b_grid,false,governance.selection=pressure_max_under_constraints;seed=continuation
-0.1,production_hybrid,3c5f6b3c9bd535cff7657364dadb2efc31f2ea48,41.0,2,2.7875,362.915876,21.672168,0.0,2,true,true,stage_b_grid,false,governance.selection=pressure_max_under_constraints;seed=continuation
-0.1,production_hybrid,3c5f6b3c9bd535cff7657364dadb2efc31f2ea48,41.0,2,2.8125,363.909672,21.678936,0.0,2,true,true,stage_b_grid,false,governance.selection=pressure_max_under_constraints;seed=continuation
-0.1,production_hybrid,3c5f6b3c9bd535cff7657364dadb2efc31f2ea48,41.0,2,2.8375,364.902712,21.68576,0.0,2,true,true,stage_b_grid,false,governance.selection=pressure_max_under_constraints;seed=continuation
-0.1,production_hybrid,3c5f6b3c9bd535cff7657364dadb2efc31f2ea48,41.0,2,2.8625,365.894626,21.692637,0.0,2,true,true,stage_b_grid,false,governance.selection=pressure_max_under_constraints;seed=continuation
-0.1,production_hybrid,3c5f6b3c9bd535cff7657364dadb2efc31f2ea48,41.0,2,2.8875,366.885089,21.699564,0.0,2,true,true,stage_b_grid,false,governance.selection=pressure_max_under_constraints;seed=continuation
-0.1,production_hybrid,3c5f6b3c9bd535cff7657364dadb2efc31f2ea48,41.0,2,2.9125,367.873808,21.706538,0.0,2,true,true,stage_b_grid,false,governance.selection=pressure_max_under_constraints;seed=continuation
-0.1,production_hybrid,3c5f6b3c9bd535cff7657364dadb2efc31f2ea48,41.0,2,2.9375,368.860528,21.713559,0.0,2,true,true,stage_b_grid,false,governance.selection=pressure_max_under_constraints;seed=continuation
-0.1,production_hybrid,3c5f6b3c9bd535cff7657364dadb2efc31f2ea48,41.0,2,2.9625,369.845019,21.720624,0.0,2,true,true,stage_b_grid,false,governance.selection=pressure_max_under_constraints;seed=continuation
-0.1,production_hybrid,3c5f6b3c9bd535cff7657364dadb2efc31f2ea48,41.0,2,2.9875,370.827078,21.727731,0.0,2,true,true,stage_b_grid,false,governance.selection=pressure_max_under_constraints;seed=continuation
-0.1,production_hybrid,3c5f6b3c9bd535cff7657364dadb2efc31f2ea48,41.0,2,3.0125,371.806526,21.734878,0.0,2,true,true,stage_b_grid,false,governance.selection=pressure_max_under_constraints;seed=continuation
-0.1,production_hybrid,3c5f6b3c9bd535cff7657364dadb2efc31f2ea48,41.0,2,3.0375,372.783206,21.742065,0.0,2,true,true,stage_b_grid,false,governance.selection=pressure_max_under_constraints;seed=continuation
-0.1,production_hybrid,3c5f6b3c9bd535cff7657364dadb2efc31f2ea48,41.0,2,3.0625,373.756976,21.749289,0.0,2,true,true,stage_b_grid,false,governance.selection=pressure_max_under_constraints;seed=continuation
-0.1,production_hybrid,3c5f6b3c9bd535cff7657364dadb2efc31f2ea48,41.0,2,3.0875,374.727714,21.75655,0.0,2,true,true,stage_b_grid,false,governance.selection=pressure_max_under_constraints;seed=continuation
-0.1,production_hybrid,3c5f6b3c9bd535cff7657364dadb2efc31f2ea48,41.0,2,3.1125,375.695311,21.763847,0.0,2,true,true,stage_b_grid,false,governance.selection=pressure_max_under_constraints;seed=continuation
-0.1,production_hybrid,3c5f6b3c9bd535cff7657364dadb2efc31f2ea48,41.0,2,3.1375,376.659673,21.771177,0.0,2,true,true,stage_b_grid,false,governance.selection=pressure_max_under_constraints;seed=continuation
-0.1,production_hybrid,3c5f6b3c9bd535cff7657364dadb2efc31f2ea48,41.0,2,3.1625,377.620716,21.778541,0.0,2,true,true,stage_b_grid,false,governance.selection=pressure_max_under_constraints;seed=continuation
-0.1,production_hybrid,3c5f6b3c9bd535cff7657364dadb2efc31f2ea48,41.0,2,3.1875,378.578368,21.785938,0.0,2,true,true,stage_b_grid,false,governance.selection=pressure_max_under_constraints;seed=continuation
-0.1,production_hybrid,3c5f6b3c9bd535cff7657364dadb2efc31f2ea48,41.0,2,3.2125,379.532566,21.793365,0.0,2,true,true,stage_b_grid,false,governance.selection=pressure_max_under_constraints;seed=continuation
-0.1,production_hybrid,3c5f6b3c9bd535cff7657364dadb2efc31f2ea48,41.0,2,3.2375,380.483256,21.800823,0.0,2,true,true,stage_b_grid,false,governance.selection=pressure_max_under_constraints;seed=continuation
-0.1,production_hybrid,3c5f6b3c9bd535cff7657364dadb2efc31f2ea48,41.0,2,3.2625,381.430393,21.808311,0.0,2,true,true,stage_b_grid,false,governance.selection=pressure_max_under_constraints;seed=continuation
-0.1,production_hybrid,3c5f6b3c9bd535cff7657364dadb2efc31f2ea48,41.0,2,3.2875,382.373935,21.815827,0.0,2,true,true,stage_b_grid,false,governance.selection=pressure_max_under_constraints;seed=continuation
-0.1,production_hybrid,3c5f6b3c9bd535cff7657364dadb2efc31f2ea48,41.0,2,3.3125,383.313852,21.823372,0.0,2,true,true,stage_b_grid,false,governance.selection=pressure_max_under_constraints;seed=continuation
-0.1,production_hybrid,3c5f6b3c9bd535cff7657364dadb2efc31f2ea48,41.0,2,3.3375,384.250114,21.830945,0.0,2,true,true,stage_b_grid,false,governance.selection=pressure_max_under_constraints;seed=continuation
-0.1,production_hybrid,3c5f6b3c9bd535cff7657364dadb2efc31f2ea48,41.0,2,3.3625,385.182699,21.838544,0.0,2,true,true,stage_b_grid,false,governance.selection=pressure_max_under_constraints;seed=continuation
-0.1,production_hybrid,3c5f6b3c9bd535cff7657364dadb2efc31f2ea48,41.0,2,3.3875,386.11159,21.84617,0.0,2,true,true,stage_b_grid,false,governance.selection=pressure_max_under_constraints;seed=continuation
-0.1,production_hybrid,3c5f6b3c9bd535cff7657364dadb2efc31f2ea48,41.0,2,3.4125,387.036773,21.853822,0.0,2,true,true,stage_b_grid,false,governance.selection=pressure_max_under_constraints;seed=continuation
-0.1,production_hybrid,3c5f6b3c9bd535cff7657364dadb2efc31f2ea48,41.0,2,3.4375,387.958237,21.861499,0.0,2,true,true,stage_b_grid,false,governance.selection=pressure_max_under_constraints;seed=continuation
-0.1,production_hybrid,3c5f6b3c9bd535cff7657364dadb2efc31f2ea48,41.0,2,3.4625,388.875975,21.869201,0.0,2,true,true,stage_b_grid,false,governance.selection=pressure_max_under_constraints;seed=continuation
-0.1,production_hybrid,3c5f6b3c9bd535cff7657364dadb2efc31f2ea48,41.0,2,3.4875,389.789984,21.876927,0.0,2,true,true,stage_b_grid,false,governance.selection=pressure_max_under_constraints;seed=continuation
-0.1,production_hybrid,3c5f6b3c9bd535cff7657364dadb2efc31f2ea48,41.0,2,3.5125,390.700261,21.884677,0.0,2,true,true,stage_b_grid,false,governance.selection=pressure_max_under_constraints;seed=continuation
-0.1,production_hybrid,3c5f6b3c9bd535cff7657364dadb2efc31f2ea48,41.0,2,3.5375,391.606807,21.89245,0.0,2,true,true,stage_b_grid,false,governance.selection=pressure_max_under_constraints;seed=continuation
-0.1,production_hybrid,3c5f6b3c9bd535cff7657364dadb2efc31f2ea48,41.0,2,3.5625,392.509626,21.900246,0.0,2,true,true,stage_b_grid,false,governance.selection=pressure_max_under_constraints;seed=continuation
-0.1,production_hybrid,3c5f6b3c9bd535cff7657364dadb2efc31f2ea48,41.0,2,3.5875,393.408722,21.908065,0.0,2,true,true,stage_b_grid,false,governance.selection=pressure_max_under_constraints;seed=continuation
-0.1,production_hybrid,3c5f6b3c9bd535cff7657364dadb2efc31f2ea48,41.0,2,3.6125,394.304102,21.915906,0.0,2,true,true,stage_b_grid,false,governance.selection=pressure_max_under_constraints;seed=continuation
-0.1,production_hybrid,3c5f6b3c9bd535cff7657364dadb2efc31f2ea48,41.0,2,3.6375,395.195773,21.923769,0.0,2,true,true,stage_b_grid,false,governance.selection=pressure_max_under_constraints;seed=continuation
-0.1,production_hybrid,3c5f6b3c9bd535cff7657364dadb2efc31f2ea48,41.0,2,3.6625,396.083743,21.931653,0.0,2,true,true,stage_b_grid,false,governance.selection=pressure_max_under_constraints;seed=continuation
-0.1,production_hybrid,3c5f6b3c9bd535cff7657364dadb2efc31f2ea48,41.0,2,3.6875,396.968025,21.939558,0.0,2,true,true,stage_b_grid,false,governance.selection=pressure_max_under_constraints;seed=continuation
-0.1,production_hybrid,3c5f6b3c9bd535cff7657364dadb2efc31f2ea48,41.0,2,3.7125,397.848627,21.947483,0.0,2,true,true,stage_b_grid,false,governance.selection=pressure_max_under_constraints;seed=continuation
-0.1,production_hybrid,3c5f6b3c9bd535cff7657364dadb2efc31f2ea48,41.0,2,3.7375,398.725563,21.955429,0.0,2,true,true,stage_b_grid,false,governance.selection=pressure_max_under_constraints;seed=continuation
-0.1,production_hybrid,3c5f6b3c9bd535cff7657364dadb2efc31f2ea48,41.0,2,3.7625,399.598845,21.963395,0.0,2,true,true,stage_b_grid,false,governance.selection=pressure_max_under_constraints;seed=continuation
-0.1,production_hybrid,3c5f6b3c9bd535cff7657364dadb2efc31f2ea48,41.0,2,3.7875,400.468487,21.971381,0.0,2,true,true,stage_b_grid,false,governance.selection=pressure_max_under_constraints;seed=continuation
-0.1,production_hybrid,3c5f6b3c9bd535cff7657364dadb2efc31f2ea48,41.0,2,3.8125,401.334501,21.979386,0.0,2,true,true,stage_b_grid,false,governance.selection=pressure_max_under_constraints;seed=continuation
-0.1,production_hybrid,3c5f6b3c9bd535cff7657364dadb2efc31f2ea48,41.0,2,3.8375,402.196902,21.98741,0.0,2,true,true,stage_b_grid,false,governance.selection=pressure_max_under_constraints;seed=continuation
-0.1,production_hybrid,3c5f6b3c9bd535cff7657364dadb2efc31f2ea48,41.0,2,3.8625,403.055704,21.995453,0.0,2,true,true,stage_b_grid,false,governance.selection=pressure_max_under_constraints;seed=continuation
-0.1,production_hybrid,3c5f6b3c9bd535cff7657364dadb2efc31f2ea48,41.0,2,3.8875,403.910923,22.003514,0.0,2,true,true,stage_b_grid,false,governance.selection=pressure_max_under_constraints;seed=continuation
-0.1,production_hybrid,3c5f6b3c9bd535cff7657364dadb2efc31f2ea48,41.0,2,3.9125,404.762573,22.011593,0.0,2,true,true,stage_b_grid,false,governance.selection=pressure_max_under_constraints;seed=continuation
-0.1,production_hybrid,3c5f6b3c9bd535cff7657364dadb2efc31f2ea48,41.0,2,3.9375,405.610668,22.019691,0.0,2,true,true,stage_b_grid,false,governance.selection=pressure_max_under_constraints;seed=continuation
-0.1,production_hybrid,3c5f6b3c9bd535cff7657364dadb2efc31f2ea48,41.0,2,3.9625,406.455224,22.027805,0.0,2,true,true,stage_b_grid,false,governance.selection=pressure_max_under_constraints;seed=continuation
-0.1,production_hybrid,3c5f6b3c9bd535cff7657364dadb2efc31f2ea48,41.0,2,3.9875,407.296255,22.035938,0.0,2,true,true,stage_b_grid,false,governance.selection=pressure_max_under_constraints;seed=continuation
-0.1,production_hybrid,3c5f6b3c9bd535cff7657364dadb2efc31f2ea48,41.0,3,0.00625,330.354295,21.608227,0.0,4,true,true,stage_b_grid,false,governance.selection=pressure_max_under_constraints;seed=continuation
-0.1,production_hybrid,3c5f6b3c9bd535cff7657364dadb2efc31f2ea48,41.0,3,0.01875,344.854247,21.608626,0.0,4,true,true,stage_b_grid,false,governance.selection=pressure_max_under_constraints;seed=continuation
-0.1,production_hybrid,3c5f6b3c9bd535cff7657364dadb2efc31f2ea48,41.0,3,0.03125,351.32058,21.609011,0.0,3,true,true,stage_b_grid,false,governance.selection=pressure_max_under_constraints;seed=continuation
-0.1,production_hybrid,3c5f6b3c9bd535cff7657364dadb2efc31f2ea48,41.0,3,0.04375,355.403555,21.609379,0.0,3,true,true,stage_b_grid,false,governance.selection=pressure_max_under_constraints;seed=continuation
-0.1,production_hybrid,3c5f6b3c9bd535cff7657364dadb2efc31f2ea48,41.0,3,0.05625,358.322185,21.609732,0.0,3,true,true,stage_b_grid,false,governance.selection=pressure_max_under_constraints;seed=continuation
-0.1,production_hybrid,3c5f6b3c9bd535cff7657364dadb2efc31f2ea48,41.0,3,0.06875,360.548173,21.610069,0.0,3,true,true,stage_b_grid,false,governance.selection=pressure_max_under_constraints;seed=continuation
-0.1,production_hybrid,3c5f6b3c9bd535cff7657364dadb2efc31f2ea48,41.0,3,0.08125,362.314228,21.61039,0.0,3,true,true,stage_b_grid,false,governance.selection=pressure_max_under_constraints;seed=continuation
-0.1,production_hybrid,3c5f6b3c9bd535cff7657364dadb2efc31f2ea48,41.0,3,0.09375,363.752427,21.610696,0.0,3,true,true,stage_b_grid,false,governance.selection=pressure_max_under_constraints;seed=continuation
-0.1,production_hybrid,3c5f6b3c9bd535cff7657364dadb2efc31f2ea48,41.0,3,0.10625,364.944989,21.610985,0.0,3,true,true,stage_b_grid,false,governance.selection=pressure_max_under_constraints;seed=continuation
-0.1,production_hybrid,3c5f6b3c9bd535cff7657364dadb2efc31f2ea48,41.0,3,0.11875,365.946592,21.611259,0.0,3,true,true,stage_b_grid,false,governance.selection=pressure_max_under_constraints;seed=continuation
-0.1,production_hybrid,3c5f6b3c9bd535cff7657364dadb2efc31f2ea48,41.0,3,0.13125,366.795447,21.611517,0.0,3,true,true,stage_b_grid,false,governance.selection=pressure_max_under_constraints;seed=continuation
-0.1,production_hybrid,3c5f6b3c9bd535cff7657364dadb2efc31f2ea48,41.0,3,0.14375,367.519314,21.611758,0.0,3,true,true,stage_b_grid,false,governance.selection=pressure_max_under_constraints;seed=continuation
-0.1,production_hybrid,3c5f6b3c9bd535cff7657364dadb2efc31f2ea48,41.0,3,0.15625,368.138994,21.611984,0.0,3,true,true,stage_b_grid,false,governance.selection=pressure_max_under_constraints;seed=continuation
-0.1,production_hybrid,3c5f6b3c9bd535cff7657364dadb2efc31f2ea48,41.0,3,0.16875,368.670482,21.612194,0.0,3,true,true,stage_b_grid,false,governance.selection=pressure_max_under_constraints;seed=continuation
-0.1,production_hybrid,3c5f6b3c9bd535cff7657364dadb2efc31f2ea48,41.0,3,0.18125,369.126339,21.612388,0.0,3,true,true,stage_b_grid,false,governance.selection=pressure_max_under_constraints;seed=continuation
-0.1,production_hybrid,3c5f6b3c9bd535cff7657364dadb2efc31f2ea48,41.0,3,0.19375,369.516613,21.612566,0.0,3,true,true,stage_b_grid,false,governance.selection=pressure_max_under_constraints;seed=continuation
-0.1,production_hybrid,3c5f6b3c9bd535cff7657364dadb2efc31f2ea48,41.0,3,0.20625,369.849465,21.612728,0.0,3,true,true,stage_b_grid,false,governance.selection=pressure_max_under_constraints;seed=continuation
-0.1,production_hybrid,3c5f6b3c9bd535cff7657364dadb2efc31f2ea48,41.0,3,0.21875,370.131618,21.612873,0.0,3,true,true,stage_b_grid,false,governance.selection=pressure_max_under_constraints;seed=continuation
-0.1,production_hybrid,3c5f6b3c9bd535cff7657364dadb2efc31f2ea48,41.0,3,0.23125,370.368673,21.613003,0.0,3,true,true,stage_b_grid,false,governance.selection=pressure_max_under_constraints;seed=continuation
-0.1,production_hybrid,3c5f6b3c9bd535cff7657364dadb2efc31f2ea48,41.0,3,0.24375,370.56535,21.613117,0.0,3,true,true,stage_b_grid,false,governance.selection=pressure_max_under_constraints;seed=continuation
-0.1,production_hybrid,3c5f6b3c9bd535cff7657364dadb2efc31f2ea48,41.0,3,0.25625,370.725659,21.613214,0.0,3,true,true,stage_b_grid,false,governance.selection=pressure_max_under_constraints;seed=continuation
-0.1,production_hybrid,3c5f6b3c9bd535cff7657364dadb2efc31f2ea48,41.0,3,0.26875,370.85304,21.613295,0.0,3,true,true,stage_b_grid,false,governance.selection=pressure_max_under_constraints;seed=continuation
-0.1,production_hybrid,3c5f6b3c9bd535cff7657364dadb2efc31f2ea48,41.0,3,0.28125,370.950465,21.61336,0.0,2,true,true,stage_b_grid,false,governance.selection=pressure_max_under_constraints;seed=continuation
-0.1,production_hybrid,3c5f6b3c9bd535cff7657364dadb2efc31f2ea48,41.0,3,0.29375,371.020519,21.613409,0.0,2,true,true,stage_b_grid,false,governance.selection=pressure_max_under_constraints;seed=continuation
-0.1,production_hybrid,3c5f6b3c9bd535cff7657364dadb2efc31f2ea48,41.0,3,0.30625,371.065465,21.613442,0.0,2,true,true,stage_b_grid,false,governance.selection=pressure_max_under_constraints;seed=continuation
-0.1,production_hybrid,3c5f6b3c9bd535cff7657364dadb2efc31f2ea48,41.0,3,0.31875,371.087296,21.613459,0.0,2,true,true,stage_b_grid,false,governance.selection=pressure_max_under_constraints;seed=continuation
-0.1,production_hybrid,3c5f6b3c9bd535cff7657364dadb2efc31f2ea48,41.0,3,0.33125,371.087777,21.613459,0.0,2,true,true,stage_b_grid,false,governance.selection=pressure_max_under_constraints;seed=continuation
-0.1,production_hybrid,3c5f6b3c9bd535cff7657364dadb2efc31f2ea48,41.0,3,0.34375,371.068477,21.613443,0.0,2,true,true,stage_b_grid,false,governance.selection=pressure_max_under_constraints;seed=continuation
-0.1,production_hybrid,3c5f6b3c9bd535cff7657364dadb2efc31f2ea48,41.0,3,0.35625,371.0308,21.613411,0.0,2,true,true,stage_b_grid,false,governance.selection=pressure_max_under_constraints;seed=continuation
-0.1,production_hybrid,3c5f6b3c9bd535cff7657364dadb2efc31f2ea48,41.0,3,0.36875,370.976003,21.613363,0.0,2,true,true,stage_b_grid,false,governance.selection=pressure_max_under_constraints;seed=continuation
-0.1,production_hybrid,3c5f6b3c9bd535cff7657364dadb2efc31f2ea48,41.0,3,0.38125,370.905221,21.613298,0.0,2,true,true,stage_b_grid,false,governance.selection=pressure_max_under_constraints;seed=continuation
-0.1,production_hybrid,3c5f6b3c9bd535cff7657364dadb2efc31f2ea48,41.0,3,0.39375,370.819479,21.613217,0.0,2,true,true,stage_b_grid,false,governance.selection=pressure_max_under_constraints;seed=continuation
-0.1,production_hybrid,3c5f6b3c9bd535cff7657364dadb2efc31f2ea48,41.0,3,0.40625,370.71971,21.61312,0.0,2,true,true,stage_b_grid,false,governance.selection=pressure_max_under_constraints;seed=continuation
-0.1,production_hybrid,3c5f6b3c9bd535cff7657364dadb2efc31f2ea48,41.0,3,0.41875,370.606759,21.613007,0.0,2,true,true,stage_b_grid,false,governance.selection=pressure_max_under_constraints;seed=continuation
-0.1,production_hybrid,3c5f6b3c9bd535cff7657364dadb2efc31f2ea48,41.0,3,0.43125,370.481401,21.612877,0.0,2,true,true,stage_b_grid,false,governance.selection=pressure_max_under_constraints;seed=continuation
-0.1,production_hybrid,3c5f6b3c9bd535cff7657364dadb2efc31f2ea48,41.0,3,0.44375,370.344345,21.612731,0.0,2,true,true,stage_b_grid,false,governance.selection=pressure_max_under_constraints;seed=continuation
-0.1,production_hybrid,3c5f6b3c9bd535cff7657364dadb2efc31f2ea48,41.0,3,0.45625,370.196242,21.612569,0.0,2,true,true,stage_b_grid,false,governance.selection=pressure_max_under_constraints;seed=continuation
-0.1,production_hybrid,3c5f6b3c9bd535cff7657364dadb2efc31f2ea48,41.0,3,0.46875,370.037692,21.612391,0.0,2,true,true,stage_b_grid,false,governance.selection=pressure_max_under_constraints;seed=continuation
-0.1,production_hybrid,3c5f6b3c9bd535cff7657364dadb2efc31f2ea48,41.0,3,0.48125,369.869248,21.612196,0.0,2,true,true,stage_b_grid,false,governance.selection=pressure_max_under_constraints;seed=continuation
-0.1,production_hybrid,3c5f6b3c9bd535cff7657364dadb2efc31f2ea48,41.0,3,0.49375,369.691421,21.611985,0.0,2,true,true,stage_b_grid,false,governance.selection=pressure_max_under_constraints;seed=continuation
-0.1,production_hybrid,3c5f6b3c9bd535cff7657364dadb2efc31f2ea48,41.0,3,0.50625,369.504688,21.611758,0.0,2,true,true,stage_b_grid,false,governance.selection=pressure_max_under_constraints;seed=continuation
-0.1,production_hybrid,3c5f6b3c9bd535cff7657364dadb2efc31f2ea48,41.0,3,0.51875,369.309489,21.611514,0.0,2,true,true,stage_b_grid,false,governance.selection=pressure_max_under_constraints;seed=continuation
-0.1,production_hybrid,3c5f6b3c9bd535cff7657364dadb2efc31f2ea48,41.0,3,0.53125,369.106236,21.611255,0.0,2,true,true,stage_b_grid,false,governance.selection=pressure_max_under_constraints;seed=continuation
-0.1,production_hybrid,3c5f6b3c9bd535cff7657364dadb2efc31f2ea48,41.0,3,0.54375,368.895313,21.610979,0.0,2,true,true,stage_b_grid,false,governance.selection=pressure_max_under_constraints;seed=continuation
-0.1,production_hybrid,3c5f6b3c9bd535cff7657364dadb2efc31f2ea48,41.0,3,0.55625,368.677079,21.610687,0.0,2,true,true,stage_b_grid,false,governance.selection=pressure_max_under_constraints;seed=continuation
-0.1,production_hybrid,3c5f6b3c9bd535cff7657364dadb2efc31f2ea48,41.0,3,0.56875,368.45187,21.610379,0.0,2,true,true,stage_b_grid,false,governance.selection=pressure_max_under_constraints;seed=continuation
-0.1,production_hybrid,3c5f6b3c9bd535cff7657364dadb2efc31f2ea48,41.0,3,0.58125,368.220001,21.610055,0.0,2,true,true,stage_b_grid,false,governance.selection=pressure_max_under_constraints;seed=continuation
-0.1,production_hybrid,3c5f6b3c9bd535cff7657364dadb2efc31f2ea48,41.0,3,0.59375,367.981771,21.609714,0.0,2,true,true,stage_b_grid,false,governance.selection=pressure_max_under_constraints;seed=continuation
-0.1,production_hybrid,3c5f6b3c9bd535cff7657364dadb2efc31f2ea48,41.0,3,0.60625,367.737457,21.609358,0.0,2,true,true,stage_b_grid,false,governance.selection=pressure_max_under_constraints;seed=continuation
-0.1,production_hybrid,3c5f6b3c9bd535cff7657364dadb2efc31f2ea48,41.0,3,0.61875,367.487325,21.608985,0.0,2,true,true,stage_b_grid,false,governance.selection=pressure_max_under_constraints;seed=continuation
-0.1,production_hybrid,3c5f6b3c9bd535cff7657364dadb2efc31f2ea48,41.0,3,0.63125,367.231624,21.608596,0.0,2,true,true,stage_b_grid,false,governance.selection=pressure_max_under_constraints;seed=continuation
-0.1,production_hybrid,3c5f6b3c9bd535cff7657364dadb2efc31f2ea48,41.0,3,0.64375,366.97059,21.608191,0.0,2,true,true,stage_b_grid,false,governance.selection=pressure_max_under_constraints;seed=continuation
-0.1,production_hybrid,3c5f6b3c9bd535cff7657364dadb2efc31f2ea48,41.0,3,0.65625,366.704447,21.60777,0.0,2,true,true,stage_b_grid,false,governance.selection=pressure_max_under_constraints;seed=continuation
-0.1,production_hybrid,3c5f6b3c9bd535cff7657364dadb2efc31f2ea48,41.0,3,0.66875,366.433407,21.607334,0.0,2,true,true,stage_b_grid,false,governance.selection=pressure_max_under_constraints;seed=continuation
-0.1,production_hybrid,3c5f6b3c9bd535cff7657364dadb2efc31f2ea48,41.0,3,0.68125,366.157674,21.606881,0.0,2,true,true,stage_b_grid,false,governance.selection=pressure_max_under_constraints;seed=continuation
-0.1,production_hybrid,3c5f6b3c9bd535cff7657364dadb2efc31f2ea48,41.0,3,0.69375,365.877439,21.606412,0.0,2,true,true,stage_b_grid,false,governance.selection=pressure_max_under_constraints;seed=continuation
-0.1,production_hybrid,3c5f6b3c9bd535cff7657364dadb2efc31f2ea48,41.0,3,0.70625,365.592887,21.605928,0.0,2,true,true,stage_b_grid,false,governance.selection=pressure_max_under_constraints;seed=continuation
-0.1,production_hybrid,3c5f6b3c9bd535cff7657364dadb2efc31f2ea48,41.0,3,0.71875,365.304194,21.605427,0.0,2,true,true,stage_b_grid,false,governance.selection=pressure_max_under_constraints;seed=continuation
-0.1,production_hybrid,3c5f6b3c9bd535cff7657364dadb2efc31f2ea48,41.0,3,0.73125,365.011528,21.604911,0.0,2,true,true,stage_b_grid,false,governance.selection=pressure_max_under_constraints;seed=continuation
-0.1,production_hybrid,3c5f6b3c9bd535cff7657364dadb2efc31f2ea48,41.0,3,0.74375,364.71505,21.604379,0.0,2,true,true,stage_b_grid,false,governance.selection=pressure_max_under_constraints;seed=continuation
-0.1,production_hybrid,3c5f6b3c9bd535cff7657364dadb2efc31f2ea48,41.0,3,0.75625,364.414915,21.603832,0.0,2,true,true,stage_b_grid,false,governance.selection=pressure_max_under_constraints;seed=continuation
-0.1,production_hybrid,3c5f6b3c9bd535cff7657364dadb2efc31f2ea48,41.0,3,0.76875,364.111273,21.603269,0.0,2,true,true,stage_b_grid,false,governance.selection=pressure_max_under_constraints;seed=continuation
-0.1,production_hybrid,3c5f6b3c9bd535cff7657364dadb2efc31f2ea48,41.0,3,0.78125,363.804266,21.60269,0.0,2,true,true,stage_b_grid,false,governance.selection=pressure_max_under_constraints;seed=continuation
-0.1,production_hybrid,3c5f6b3c9bd535cff7657364dadb2efc31f2ea48,41.0,3,0.79375,363.494032,21.602095,0.0,2,true,true,stage_b_grid,false,governance.selection=pressure_max_under_constraints;seed=continuation
-0.1,production_hybrid,3c5f6b3c9bd535cff7657364dadb2efc31f2ea48,41.0,3,0.80625,363.180707,21.601486,0.0,2,true,true,stage_b_grid,false,governance.selection=pressure_max_under_constraints;seed=continuation
-0.1,production_hybrid,3c5f6b3c9bd535cff7657364dadb2efc31f2ea48,41.0,3,0.81875,362.864418,21.600861,0.0,2,true,true,stage_b_grid,false,governance.selection=pressure_max_under_constraints;seed=continuation
-0.1,production_hybrid,3c5f6b3c9bd535cff7657364dadb2efc31f2ea48,41.0,3,0.83125,362.545291,21.60022,0.0,2,true,true,stage_b_grid,false,governance.selection=pressure_max_under_constraints;seed=continuation
-0.1,production_hybrid,3c5f6b3c9bd535cff7657364dadb2efc31f2ea48,41.0,3,0.84375,362.223447,21.599565,0.0,2,true,true,stage_b_grid,false,governance.selection=pressure_max_under_constraints;seed=continuation
-0.1,production_hybrid,3c5f6b3c9bd535cff7657364dadb2efc31f2ea48,41.0,3,0.85625,361.899006,21.598894,0.0,2,true,true,stage_b_grid,false,governance.selection=pressure_max_under_constraints;seed=continuation
-0.1,production_hybrid,3c5f6b3c9bd535cff7657364dadb2efc31f2ea48,41.0,3,0.86875,361.572081,21.598208,0.0,2,true,true,stage_b_grid,false,governance.selection=pressure_max_under_constraints;seed=continuation
-0.1,production_hybrid,3c5f6b3c9bd535cff7657364dadb2efc31f2ea48,41.0,3,0.88125,361.242785,21.597507,0.0,2,true,true,stage_b_grid,false,governance.selection=pressure_max_under_constraints;seed=continuation
-0.1,production_hybrid,3c5f6b3c9bd535cff7657364dadb2efc31f2ea48,41.0,3,0.89375,360.911227,21.596791,0.0,2,true,true,stage_b_grid,false,governance.selection=pressure_max_under_constraints;seed=continuation
-0.1,production_hybrid,3c5f6b3c9bd535cff7657364dadb2efc31f2ea48,41.0,3,0.90625,360.577515,21.59606,0.0,2,true,true,stage_b_grid,false,governance.selection=pressure_max_under_constraints;seed=continuation
-0.1,production_hybrid,3c5f6b3c9bd535cff7657364dadb2efc31f2ea48,41.0,3,0.91875,360.241753,21.595315,0.0,2,true,true,stage_b_grid,false,governance.selection=pressure_max_under_constraints;seed=continuation
-0.1,production_hybrid,3c5f6b3c9bd535cff7657364dadb2efc31f2ea48,41.0,3,0.93125,359.904045,21.594555,0.0,2,true,true,stage_b_grid,false,governance.selection=pressure_max_under_constraints;seed=continuation
-0.1,production_hybrid,3c5f6b3c9bd535cff7657364dadb2efc31f2ea48,41.0,3,0.94375,359.564492,21.593781,0.0,2,true,true,stage_b_grid,false,governance.selection=pressure_max_under_constraints;seed=continuation
-0.1,production_hybrid,3c5f6b3c9bd535cff7657364dadb2efc31f2ea48,41.0,3,0.95625,359.223193,21.592992,0.0,2,true,true,stage_b_grid,false,governance.selection=pressure_max_under_constraints;seed=continuation
-0.1,production_hybrid,3c5f6b3c9bd535cff7657364dadb2efc31f2ea48,41.0,3,0.96875,358.880248,21.592189,0.0,2,true,true,stage_b_grid,false,governance.selection=pressure_max_under_constraints;seed=continuation
-0.1,production_hybrid,3c5f6b3c9bd535cff7657364dadb2efc31f2ea48,41.0,3,0.98125,358.535753,21.591372,0.0,2,true,true,stage_b_grid,false,governance.selection=pressure_max_under_constraints;seed=continuation
-0.1,production_hybrid,3c5f6b3c9bd535cff7657364dadb2efc31f2ea48,41.0,3,0.99375,358.189805,21.590541,0.0,2,true,true,stage_b_grid,false,governance.selection=pressure_max_under_constraints;seed=continuation
-0.1,production_hybrid,3c5f6b3c9bd535cff7657364dadb2efc31f2ea48,41.0,3,1.00625,357.842499,21.589696,0.0,2,true,true,stage_b_grid,false,governance.selection=pressure_max_under_constraints;seed=continuation
-0.1,production_hybrid,3c5f6b3c9bd535cff7657364dadb2efc31f2ea48,41.0,3,1.01875,357.493929,21.588838,0.0,2,true,true,stage_b_grid,false,governance.selection=pressure_max_under_constraints;seed=continuation
-0.1,production_hybrid,3c5f6b3c9bd535cff7657364dadb2efc31f2ea48,41.0,3,1.03125,357.144191,21.587966,0.0,2,true,true,stage_b_grid,false,governance.selection=pressure_max_under_constraints;seed=continuation
-0.1,production_hybrid,3c5f6b3c9bd535cff7657364dadb2efc31f2ea48,41.0,3,1.04375,356.793378,21.587081,0.0,2,true,true,stage_b_grid,false,governance.selection=pressure_max_under_constraints;seed=continuation
-0.1,production_hybrid,3c5f6b3c9bd535cff7657364dadb2efc31f2ea48,41.0,3,1.05625,356.441584,21.586182,0.0,2,true,true,stage_b_grid,false,governance.selection=pressure_max_under_constraints;seed=continuation
-0.1,production_hybrid,3c5f6b3c9bd535cff7657364dadb2efc31f2ea48,41.0,3,1.06875,356.088903,21.585271,0.0,2,true,true,stage_b_grid,false,governance.selection=pressure_max_under_constraints;seed=continuation
-0.1,production_hybrid,3c5f6b3c9bd535cff7657364dadb2efc31f2ea48,41.0,3,1.08125,355.735429,21.584346,0.0,2,true,true,stage_b_grid,false,governance.selection=pressure_max_under_constraints;seed=continuation
-0.1,production_hybrid,3c5f6b3c9bd535cff7657364dadb2efc31f2ea48,41.0,3,1.09375,355.381255,21.583409,0.0,2,true,true,stage_b_grid,false,governance.selection=pressure_max_under_constraints;seed=continuation
-0.1,production_hybrid,3c5f6b3c9bd535cff7657364dadb2efc31f2ea48,41.0,3,1.10625,355.026478,21.58246,0.0,2,true,true,stage_b_grid,false,governance.selection=pressure_max_under_constraints;seed=continuation
-0.1,production_hybrid,3c5f6b3c9bd535cff7657364dadb2efc31f2ea48,41.0,3,1.11875,354.671192,21.581499,0.0,2,true,true,stage_b_grid,false,governance.selection=pressure_max_under_constraints;seed=continuation
-0.1,production_hybrid,3c5f6b3c9bd535cff7657364dadb2efc31f2ea48,41.0,3,1.13125,354.315494,21.580525,0.0,2,true,true,stage_b_grid,false,governance.selection=pressure_max_under_constraints;seed=continuation
-0.1,production_hybrid,3c5f6b3c9bd535cff7657364dadb2efc31f2ea48,41.0,3,1.14375,353.95948,21.57954,0.0,2,true,true,stage_b_grid,false,governance.selection=pressure_max_under_constraints;seed=continuation
-0.1,production_hybrid,3c5f6b3c9bd535cff7657364dadb2efc31f2ea48,41.0,3,1.15625,353.603249,21.578544,0.0,2,true,true,stage_b_grid,false,governance.selection=pressure_max_under_constraints;seed=continuation
-0.1,production_hybrid,3c5f6b3c9bd535cff7657364dadb2efc31f2ea48,41.0,3,1.16875,353.246901,21.577536,0.0,2,true,true,stage_b_grid,false,governance.selection=pressure_max_under_constraints;seed=continuation
-0.1,production_hybrid,3c5f6b3c9bd535cff7657364dadb2efc31f2ea48,41.0,3,1.18125,352.890536,21.576517,0.0,2,true,true,stage_b_grid,false,governance.selection=pressure_max_under_constraints;seed=continuation
-0.1,production_hybrid,3c5f6b3c9bd535cff7657364dadb2efc31f2ea48,41.0,3,1.19375,352.534257,21.575488,0.0,2,true,true,stage_b_grid,false,governance.selection=pressure_max_under_constraints;seed=continuation
-0.1,production_hybrid,3c5f6b3c9bd535cff7657364dadb2efc31f2ea48,41.0,3,1.20625,352.178169,21.574449,0.0,2,true,true,stage_b_grid,false,governance.selection=pressure_max_under_constraints;seed=continuation
-0.1,production_hybrid,3c5f6b3c9bd535cff7657364dadb2efc31f2ea48,41.0,3,1.21875,351.822378,21.573399,0.0,2,true,true,stage_b_grid,false,governance.selection=pressure_max_under_constraints;seed=continuation
-0.1,production_hybrid,3c5f6b3c9bd535cff7657364dadb2efc31f2ea48,41.0,3,1.23125,351.466992,21.57234,0.0,2,true,true,stage_b_grid,false,governance.selection=pressure_max_under_constraints;seed=continuation
-0.1,production_hybrid,3c5f6b3c9bd535cff7657364dadb2efc31f2ea48,41.0,3,1.24375,351.112122,21.571272,0.0,2,true,true,stage_b_grid,false,governance.selection=pressure_max_under_constraints;seed=continuation
-0.1,production_hybrid,3c5f6b3c9bd535cff7657364dadb2efc31f2ea48,41.0,3,1.25625,350.757883,21.570195,0.0,2,true,true,stage_b_grid,false,governance.selection=pressure_max_under_constraints;seed=continuation
-0.1,production_hybrid,3c5f6b3c9bd535cff7657364dadb2efc31f2ea48,41.0,3,1.26875,350.404389,21.569109,0.0,2,true,true,stage_b_grid,false,governance.selection=pressure_max_under_constraints;seed=continuation
-0.1,production_hybrid,3c5f6b3c9bd535cff7657364dadb2efc31f2ea48,41.0,3,1.28125,350.051761,21.568016,0.0,2,true,true,stage_b_grid,false,governance.selection=pressure_max_under_constraints;seed=continuation
-0.1,production_hybrid,3c5f6b3c9bd535cff7657364dadb2efc31f2ea48,41.0,3,1.29375,349.700121,21.566914,0.0,2,true,true,stage_b_grid,false,governance.selection=pressure_max_under_constraints;seed=continuation
-0.1,production_hybrid,3c5f6b3c9bd535cff7657364dadb2efc31f2ea48,41.0,3,1.30625,349.349594,21.565806,0.0,2,true,true,stage_b_grid,false,governance.selection=pressure_max_under_constraints;seed=continuation
-0.1,production_hybrid,3c5f6b3c9bd535cff7657364dadb2efc31f2ea48,41.0,3,1.31875,349.000309,21.564691,0.0,2,true,true,stage_b_grid,false,governance.selection=pressure_max_under_constraints;seed=continuation
-0.1,production_hybrid,3c5f6b3c9bd535cff7657364dadb2efc31f2ea48,41.0,3,1.33125,348.652401,21.56357,0.0,2,true,true,stage_b_grid,false,governance.selection=pressure_max_under_constraints;seed=continuation
-0.1,production_hybrid,3c5f6b3c9bd535cff7657364dadb2efc31f2ea48,41.0,3,1.34375,348.306006,21.562443,0.0,2,true,true,stage_b_grid,false,governance.selection=pressure_max_under_constraints;seed=continuation
-0.1,production_hybrid,3c5f6b3c9bd535cff7657364dadb2efc31f2ea48,41.0,3,1.35625,347.961266,21.56131,0.0,2,true,true,stage_b_grid,false,governance.selection=pressure_max_under_constraints;seed=continuation
-0.1,production_hybrid,3c5f6b3c9bd535cff7657364dadb2efc31f2ea48,41.0,3,1.36875,347.618327,21.560174,0.0,2,true,true,stage_b_grid,false,governance.selection=pressure_max_under_constraints;seed=continuation
-0.1,production_hybrid,3c5f6b3c9bd535cff7657364dadb2efc31f2ea48,41.0,3,1.38125,347.277341,21.559033,0.0,2,true,true,stage_b_grid,false,governance.selection=pressure_max_under_constraints;seed=continuation
-0.1,production_hybrid,3c5f6b3c9bd535cff7657364dadb2efc31f2ea48,41.0,3,1.39375,346.938464,21.55789,0.0,2,true,true,stage_b_grid,false,governance.selection=pressure_max_under_constraints;seed=continuation
-0.1,production_hybrid,3c5f6b3c9bd535cff7657364dadb2efc31f2ea48,41.0,3,1.40625,346.601858,21.556743,0.0,2,true,true,stage_b_grid,false,governance.selection=pressure_max_under_constraints;seed=continuation
-0.1,production_hybrid,3c5f6b3c9bd535cff7657364dadb2efc31f2ea48,41.0,3,1.41875,346.267689,21.555595,0.0,2,true,true,stage_b_grid,false,governance.selection=pressure_max_under_constraints;seed=continuation
-0.1,production_hybrid,3c5f6b3c9bd535cff7657364dadb2efc31f2ea48,41.0,3,1.43125,345.936132,21.554446,0.0,2,true,true,stage_b_grid,false,governance.selection=pressure_max_under_constraints;seed=continuation
-0.1,production_hybrid,3c5f6b3c9bd535cff7657364dadb2efc31f2ea48,41.0,3,1.44375,345.607367,21.553296,0.0,2,true,true,stage_b_grid,false,governance.selection=pressure_max_under_constraints;seed=continuation
-0.1,production_hybrid,3c5f6b3c9bd535cff7657364dadb2efc31f2ea48,41.0,3,1.45625,345.28158,21.552147,0.0,2,true,true,stage_b_grid,false,governance.selection=pressure_max_under_constraints;seed=continuation
-0.1,production_hybrid,3c5f6b3c9bd535cff7657364dadb2efc31f2ea48,41.0,3,1.46875,344.958965,21.550999,0.0,2,true,true,stage_b_grid,false,governance.selection=pressure_max_under_constraints;seed=continuation
-0.1,production_hybrid,3c5f6b3c9bd535cff7657364dadb2efc31f2ea48,41.0,3,1.48125,344.639722,21.549854,0.0,2,true,true,stage_b_grid,false,governance.selection=pressure_max_under_constraints;seed=continuation
-0.1,production_hybrid,3c5f6b3c9bd535cff7657364dadb2efc31f2ea48,41.0,3,1.49375,344.32406,21.548712,0.0,2,true,true,stage_b_grid,false,governance.selection=pressure_max_under_constraints;seed=continuation
-0.1,production_hybrid,3c5f6b3c9bd535cff7657364dadb2efc31f2ea48,41.0,3,1.50625,344.012195,21.547574,0.0,2,true,true,stage_b_grid,false,governance.selection=pressure_max_under_constraints;seed=continuation
-0.1,production_hybrid,3c5f6b3c9bd535cff7657364dadb2efc31f2ea48,41.0,3,1.51875,343.704351,21.546441,0.0,2,true,true,stage_b_grid,false,governance.selection=pressure_max_under_constraints;seed=continuation
-0.1,production_hybrid,3c5f6b3c9bd535cff7657364dadb2efc31f2ea48,41.0,3,1.53125,343.400762,21.545315,0.0,2,true,true,stage_b_grid,false,governance.selection=pressure_max_under_constraints;seed=continuation
-0.1,production_hybrid,3c5f6b3c9bd535cff7657364dadb2efc31f2ea48,41.0,3,1.54375,343.101669,21.544197,0.0,2,true,true,stage_b_grid,false,governance.selection=pressure_max_under_constraints;seed=continuation
-0.1,production_hybrid,3c5f6b3c9bd535cff7657364dadb2efc31f2ea48,41.0,3,1.55625,342.807323,21.543087,0.0,2,true,true,stage_b_grid,false,governance.selection=pressure_max_under_constraints;seed=continuation
-0.1,production_hybrid,3c5f6b3c9bd535cff7657364dadb2efc31f2ea48,41.0,3,1.56875,342.517985,21.541987,0.0,2,true,true,stage_b_grid,false,governance.selection=pressure_max_under_constraints;seed=continuation
-0.1,production_hybrid,3c5f6b3c9bd535cff7657364dadb2efc31f2ea48,41.0,3,1.58125,342.233924,21.540899,0.0,2,true,true,stage_b_grid,false,governance.selection=pressure_max_under_constraints;seed=continuation
-0.1,production_hybrid,3c5f6b3c9bd535cff7657364dadb2efc31f2ea48,41.0,3,1.59375,341.95542,21.539823,0.0,2,true,true,stage_b_grid,false,governance.selection=pressure_max_under_constraints;seed=continuation
-0.1,production_hybrid,3c5f6b3c9bd535cff7657364dadb2efc31f2ea48,41.0,3,1.60625,341.682764,21.538762,0.0,2,true,true,stage_b_grid,false,governance.selection=pressure_max_under_constraints;seed=continuation
-0.1,production_hybrid,3c5f6b3c9bd535cff7657364dadb2efc31f2ea48,41.0,3,1.61875,341.416254,21.537717,0.0,2,true,true,stage_b_grid,false,governance.selection=pressure_max_under_constraints;seed=continuation
-0.1,production_hybrid,3c5f6b3c9bd535cff7657364dadb2efc31f2ea48,41.0,3,1.63125,341.156201,21.536689,0.0,2,true,true,stage_b_grid,false,governance.selection=pressure_max_under_constraints;seed=continuation
-0.1,production_hybrid,3c5f6b3c9bd535cff7657364dadb2efc31f2ea48,41.0,3,1.64375,340.902926,21.53568,0.0,2,true,true,stage_b_grid,false,governance.selection=pressure_max_under_constraints;seed=continuation
-0.1,production_hybrid,3c5f6b3c9bd535cff7657364dadb2efc31f2ea48,41.0,3,1.65625,340.656758,21.534692,0.0,2,true,true,stage_b_grid,false,governance.selection=pressure_max_under_constraints;seed=continuation
-0.1,production_hybrid,3c5f6b3c9bd535cff7657364dadb2efc31f2ea48,41.0,3,1.66875,340.418039,21.533727,0.0,2,true,true,stage_b_grid,false,governance.selection=pressure_max_under_constraints;seed=continuation
-0.1,production_hybrid,3c5f6b3c9bd535cff7657364dadb2efc31f2ea48,41.0,3,1.68125,340.187118,21.532786,0.0,2,true,true,stage_b_grid,false,governance.selection=pressure_max_under_constraints;seed=continuation
-0.1,production_hybrid,3c5f6b3c9bd535cff7657364dadb2efc31f2ea48,41.0,3,1.69375,339.964356,21.531871,0.0,2,true,true,stage_b_grid,false,governance.selection=pressure_max_under_constraints;seed=continuation
-0.1,production_hybrid,3c5f6b3c9bd535cff7657364dadb2efc31f2ea48,41.0,3,1.70625,339.750121,21.530986,0.0,2,true,true,stage_b_grid,false,governance.selection=pressure_max_under_constraints;seed=continuation
-0.1,production_hybrid,3c5f6b3c9bd535cff7657364dadb2efc31f2ea48,41.0,3,1.71875,339.54479,21.53013,0.0,2,true,true,stage_b_grid,false,governance.selection=pressure_max_under_constraints;seed=continuation
-0.1,production_hybrid,3c5f6b3c9bd535cff7657364dadb2efc31f2ea48,41.0,3,1.73125,339.348748,21.529308,0.0,2,true,true,stage_b_grid,false,governance.selection=pressure_max_under_constraints;seed=continuation
-0.1,production_hybrid,3c5f6b3c9bd535cff7657364dadb2efc31f2ea48,41.0,3,1.74375,339.162386,21.52852,0.0,2,true,true,stage_b_grid,false,governance.selection=pressure_max_under_constraints;seed=continuation
-0.1,production_hybrid,3c5f6b3c9bd535cff7657364dadb2efc31f2ea48,41.0,3,1.75625,338.986101,21.52777,0.0,2,true,true,stage_b_grid,false,governance.selection=pressure_max_under_constraints;seed=continuation
-0.1,production_hybrid,3c5f6b3c9bd535cff7657364dadb2efc31f2ea48,41.0,3,1.76875,338.820295,21.527059,0.0,2,true,true,stage_b_grid,false,governance.selection=pressure_max_under_constraints;seed=continuation
-0.1,production_hybrid,3c5f6b3c9bd535cff7657364dadb2efc31f2ea48,41.0,3,1.78125,338.66537,21.52639,0.0,2,true,true,stage_b_grid,false,governance.selection=pressure_max_under_constraints;seed=continuation
-0.1,production_hybrid,3c5f6b3c9bd535cff7657364dadb2efc31f2ea48,41.0,3,1.79375,338.521733,21.525765,0.0,2,true,true,stage_b_grid,false,governance.selection=pressure_max_under_constraints;seed=continuation
-0.1,production_hybrid,3c5f6b3c9bd535cff7657364dadb2efc31f2ea48,41.0,3,1.80625,338.389787,21.525188,0.0,2,true,true,stage_b_grid,false,governance.selection=pressure_max_under_constraints;seed=continuation
-0.1,production_hybrid,3c5f6b3c9bd535cff7657364dadb2efc31f2ea48,41.0,3,1.81875,338.269934,21.524659,0.0,2,true,true,stage_b_grid,false,governance.selection=pressure_max_under_constraints;seed=continuation
-0.1,production_hybrid,3c5f6b3c9bd535cff7657364dadb2efc31f2ea48,41.0,3,1.83125,338.162568,21.524183,0.0,2,true,true,stage_b_grid,false,governance.selection=pressure_max_under_constraints;seed=continuation
-0.1,production_hybrid,3c5f6b3c9bd535cff7657364dadb2efc31f2ea48,41.0,3,1.84375,338.068079,21.52376,0.0,2,true,true,stage_b_grid,false,governance.selection=pressure_max_under_constraints;seed=continuation
-0.1,production_hybrid,3c5f6b3c9bd535cff7657364dadb2efc31f2ea48,41.0,3,1.85625,337.986844,21.523395,0.0,2,true,true,stage_b_grid,false,governance.selection=pressure_max_under_constraints;seed=continuation
-0.1,production_hybrid,3c5f6b3c9bd535cff7657364dadb2efc31f2ea48,41.0,3,1.86875,337.919227,21.523089,0.0,2,true,true,stage_b_grid,false,governance.selection=pressure_max_under_constraints;seed=continuation
-0.1,production_hybrid,3c5f6b3c9bd535cff7657364dadb2efc31f2ea48,41.0,3,1.88125,337.865574,21.522844,0.0,2,true,true,stage_b_grid,false,governance.selection=pressure_max_under_constraints;seed=continuation
-0.1,production_hybrid,3c5f6b3c9bd535cff7657364dadb2efc31f2ea48,41.0,3,1.89375,337.826215,21.522663,0.0,2,true,true,stage_b_grid,false,governance.selection=pressure_max_under_constraints;seed=continuation
-0.1,production_hybrid,3c5f6b3c9bd535cff7657364dadb2efc31f2ea48,41.0,3,1.90625,337.801454,21.522549,0.0,2,true,true,stage_b_grid,false,governance.selection=pressure_max_under_constraints;seed=continuation
-0.1,production_hybrid,3c5f6b3c9bd535cff7657364dadb2efc31f2ea48,41.0,3,1.91875,337.791572,21.522503,0.0,2,true,true,stage_b_grid,false,governance.selection=pressure_max_under_constraints;seed=continuation
-0.1,production_hybrid,3c5f6b3c9bd535cff7657364dadb2efc31f2ea48,41.0,3,1.93125,337.796818,21.522527,0.0,2,true,true,stage_b_grid,false,governance.selection=pressure_max_under_constraints;seed=continuation
-0.1,production_hybrid,3c5f6b3c9bd535cff7657364dadb2efc31f2ea48,41.0,3,1.94375,337.817413,21.522625,0.0,2,true,true,stage_b_grid,false,governance.selection=pressure_max_under_constraints;seed=continuation
-0.1,production_hybrid,3c5f6b3c9bd535cff7657364dadb2efc31f2ea48,41.0,3,1.95625,337.85354,21.522796,0.0,2,true,true,stage_b_grid,false,governance.selection=pressure_max_under_constraints;seed=continuation
-0.1,production_hybrid,3c5f6b3c9bd535cff7657364dadb2efc31f2ea48,41.0,3,1.96875,337.905347,21.523043,0.0,2,true,true,stage_b_grid,false,governance.selection=pressure_max_under_constraints;seed=continuation
-0.1,production_hybrid,3c5f6b3c9bd535cff7657364dadb2efc31f2ea48,41.0,3,1.98125,337.972942,21.523368,0.0,2,true,true,stage_b_grid,false,governance.selection=pressure_max_under_constraints;seed=continuation
-0.1,production_hybrid,3c5f6b3c9bd535cff7657364dadb2efc31f2ea48,41.0,3,1.99375,338.056395,21.523772,0.0,2,true,true,stage_b_grid,false,governance.selection=pressure_max_under_constraints;seed=continuation
-0.1,production_hybrid,3c5f6b3c9bd535cff7657364dadb2efc31f2ea48,41.0,3,2.00625,338.15573,21.524255,0.0,2,true,true,stage_b_grid,false,governance.selection=pressure_max_under_constraints;seed=continuation
-0.1,production_hybrid,3c5f6b3c9bd535cff7657364dadb2efc31f2ea48,41.0,3,2.01875,338.27093,21.524819,0.0,2,true,true,stage_b_grid,false,governance.selection=pressure_max_under_constraints;seed=continuation
-0.1,production_hybrid,3c5f6b3c9bd535cff7657364dadb2efc31f2ea48,41.0,3,2.03125,338.401935,21.525464,0.0,2,true,true,stage_b_grid,false,governance.selection=pressure_max_under_constraints;seed=continuation
-0.1,production_hybrid,3c5f6b3c9bd535cff7657364dadb2efc31f2ea48,41.0,3,2.04375,338.548641,21.526191,0.0,2,true,true,stage_b_grid,false,governance.selection=pressure_max_under_constraints;seed=continuation
-0.1,production_hybrid,3c5f6b3c9bd535cff7657364dadb2efc31f2ea48,41.0,3,2.05625,338.710904,21.527001,0.0,2,true,true,stage_b_grid,false,governance.selection=pressure_max_under_constraints;seed=continuation
-0.1,production_hybrid,3c5f6b3c9bd535cff7657364dadb2efc31f2ea48,41.0,3,2.06875,338.888536,21.527892,0.0,2,true,true,stage_b_grid,false,governance.selection=pressure_max_under_constraints;seed=continuation
-0.1,production_hybrid,3c5f6b3c9bd535cff7657364dadb2efc31f2ea48,41.0,3,2.08125,339.081311,21.528865,0.0,2,true,true,stage_b_grid,false,governance.selection=pressure_max_under_constraints;seed=continuation
-0.1,production_hybrid,3c5f6b3c9bd535cff7657364dadb2efc31f2ea48,41.0,3,2.09375,339.288966,21.529919,0.0,2,true,true,stage_b_grid,false,governance.selection=pressure_max_under_constraints;seed=continuation
-0.1,production_hybrid,3c5f6b3c9bd535cff7657364dadb2efc31f2ea48,41.0,3,2.10625,339.511204,21.531055,0.0,2,true,true,stage_b_grid,false,governance.selection=pressure_max_under_constraints;seed=continuation
-0.1,production_hybrid,3c5f6b3c9bd535cff7657364dadb2efc31f2ea48,41.0,3,2.11875,339.747695,21.53227,0.0,2,true,true,stage_b_grid,false,governance.selection=pressure_max_under_constraints;seed=continuation
-0.1,production_hybrid,3c5f6b3c9bd535cff7657364dadb2efc31f2ea48,41.0,3,2.13125,339.998081,21.533564,0.0,2,true,true,stage_b_grid,false,governance.selection=pressure_max_under_constraints;seed=continuation
-0.1,production_hybrid,3c5f6b3c9bd535cff7657364dadb2efc31f2ea48,41.0,3,2.14375,340.261978,21.534936,0.0,2,true,true,stage_b_grid,false,governance.selection=pressure_max_under_constraints;seed=continuation
-0.1,production_hybrid,3c5f6b3c9bd535cff7657364dadb2efc31f2ea48,41.0,3,2.15625,340.538983,21.536385,0.0,2,true,true,stage_b_grid,false,governance.selection=pressure_max_under_constraints;seed=continuation
-0.1,production_hybrid,3c5f6b3c9bd535cff7657364dadb2efc31f2ea48,41.0,3,2.16875,340.828671,21.537909,0.0,2,true,true,stage_b_grid,false,governance.selection=pressure_max_under_constraints;seed=continuation
-0.1,production_hybrid,3c5f6b3c9bd535cff7657364dadb2efc31f2ea48,41.0,3,2.18125,341.130605,21.539507,0.0,2,true,true,stage_b_grid,false,governance.selection=pressure_max_under_constraints;seed=continuation
-0.1,production_hybrid,3c5f6b3c9bd535cff7657364dadb2efc31f2ea48,41.0,3,2.19375,341.444335,21.541176,0.0,2,true,true,stage_b_grid,false,governance.selection=pressure_max_under_constraints;seed=continuation
-0.1,production_hybrid,3c5f6b3c9bd535cff7657364dadb2efc31f2ea48,41.0,3,2.20625,341.769404,21.542916,0.0,2,true,true,stage_b_grid,false,governance.selection=pressure_max_under_constraints;seed=continuation
-0.1,production_hybrid,3c5f6b3c9bd535cff7657364dadb2efc31f2ea48,41.0,3,2.21875,342.105349,21.544724,0.0,2,true,true,stage_b_grid,false,governance.selection=pressure_max_under_constraints;seed=continuation
-0.1,production_hybrid,3c5f6b3c9bd535cff7657364dadb2efc31f2ea48,41.0,3,2.23125,342.451707,21.546598,0.0,2,true,true,stage_b_grid,false,governance.selection=pressure_max_under_constraints;seed=continuation
-0.1,production_hybrid,3c5f6b3c9bd535cff7657364dadb2efc31f2ea48,41.0,3,2.24375,342.808013,21.548538,0.0,2,true,true,stage_b_grid,false,governance.selection=pressure_max_under_constraints;seed=continuation
-0.1,production_hybrid,3c5f6b3c9bd535cff7657364dadb2efc31f2ea48,41.0,3,2.25625,343.173806,21.55054,0.0,2,true,true,stage_b_grid,false,governance.selection=pressure_max_under_constraints;seed=continuation
-0.1,production_hybrid,3c5f6b3c9bd535cff7657364dadb2efc31f2ea48,41.0,3,2.26875,343.548631,21.552603,0.0,2,true,true,stage_b_grid,false,governance.selection=pressure_max_under_constraints;seed=continuation
-0.1,production_hybrid,3c5f6b3c9bd535cff7657364dadb2efc31f2ea48,41.0,3,2.28125,343.932041,21.554724,0.0,2,true,true,stage_b_grid,false,governance.selection=pressure_max_under_constraints;seed=continuation
-0.1,production_hybrid,3c5f6b3c9bd535cff7657364dadb2efc31f2ea48,41.0,3,2.29375,344.323594,21.556903,0.0,2,true,true,stage_b_grid,false,governance.selection=pressure_max_under_constraints;seed=continuation
-0.1,production_hybrid,3c5f6b3c9bd535cff7657364dadb2efc31f2ea48,41.0,3,2.30625,344.722863,21.559137,0.0,2,true,true,stage_b_grid,false,governance.selection=pressure_max_under_constraints;seed=continuation
-0.1,production_hybrid,3c5f6b3c9bd535cff7657364dadb2efc31f2ea48,41.0,3,2.31875,345.12943,21.561424,0.0,2,true,true,stage_b_grid,false,governance.selection=pressure_max_under_constraints;seed=continuation
-0.1,production_hybrid,3c5f6b3c9bd535cff7657364dadb2efc31f2ea48,41.0,3,2.33125,345.542888,21.563762,0.0,2,true,true,stage_b_grid,false,governance.selection=pressure_max_under_constraints;seed=continuation
-0.1,production_hybrid,3c5f6b3c9bd535cff7657364dadb2efc31f2ea48,41.0,3,2.34375,345.962846,21.56615,0.0,2,true,true,stage_b_grid,false,governance.selection=pressure_max_under_constraints;seed=continuation
-0.1,production_hybrid,3c5f6b3c9bd535cff7657364dadb2efc31f2ea48,41.0,3,2.35625,346.388924,21.568586,0.0,2,true,true,stage_b_grid,false,governance.selection=pressure_max_under_constraints;seed=continuation
-0.1,production_hybrid,3c5f6b3c9bd535cff7657364dadb2efc31f2ea48,41.0,3,2.36875,346.820759,21.571068,0.0,2,true,true,stage_b_grid,false,governance.selection=pressure_max_under_constraints;seed=continuation
-0.1,production_hybrid,3c5f6b3c9bd535cff7657364dadb2efc31f2ea48,41.0,3,2.38125,347.258,21.573594,0.0,2,true,true,stage_b_grid,false,governance.selection=pressure_max_under_constraints;seed=continuation
-0.1,production_hybrid,3c5f6b3c9bd535cff7657364dadb2efc31f2ea48,41.0,3,2.39375,347.70031,21.576162,0.0,2,true,true,stage_b_grid,false,governance.selection=pressure_max_under_constraints;seed=continuation
-0.1,production_hybrid,3c5f6b3c9bd535cff7657364dadb2efc31f2ea48,41.0,3,2.40625,348.147368,21.578772,0.0,2,true,true,stage_b_grid,false,governance.selection=pressure_max_under_constraints;seed=continuation
-0.1,production_hybrid,3c5f6b3c9bd535cff7657364dadb2efc31f2ea48,41.0,3,2.41875,348.598866,21.581422,0.0,2,true,true,stage_b_grid,false,governance.selection=pressure_max_under_constraints;seed=continuation
-0.1,production_hybrid,3c5f6b3c9bd535cff7657364dadb2efc31f2ea48,41.0,3,2.43125,349.054511,21.58411,0.0,2,true,true,stage_b_grid,false,governance.selection=pressure_max_under_constraints;seed=continuation
-0.1,production_hybrid,3c5f6b3c9bd535cff7657364dadb2efc31f2ea48,41.0,3,2.44375,349.514024,21.586834,0.0,2,true,true,stage_b_grid,false,governance.selection=pressure_max_under_constraints;seed=continuation
-0.1,production_hybrid,3c5f6b3c9bd535cff7657364dadb2efc31f2ea48,41.0,3,2.45625,349.977137,21.589594,0.0,2,true,true,stage_b_grid,false,governance.selection=pressure_max_under_constraints;seed=continuation
-0.1,production_hybrid,3c5f6b3c9bd535cff7657364dadb2efc31f2ea48,41.0,3,2.46875,350.443597,21.592388,0.0,2,true,true,stage_b_grid,false,governance.selection=pressure_max_under_constraints;seed=continuation
-0.1,production_hybrid,3c5f6b3c9bd535cff7657364dadb2efc31f2ea48,41.0,3,2.48125,350.913164,21.595215,0.0,2,true,true,stage_b_grid,false,governance.selection=pressure_max_under_constraints;seed=continuation
-0.1,production_hybrid,3c5f6b3c9bd535cff7657364dadb2efc31f2ea48,41.0,3,2.49375,351.38561,21.598074,0.0,2,true,true,stage_b_grid,false,governance.selection=pressure_max_under_constraints;seed=continuation
-0.1,production_hybrid,3c5f6b3c9bd535cff7657364dadb2efc31f2ea48,41.0,3,2.50625,351.860717,21.600963,0.0,2,true,true,stage_b_grid,false,governance.selection=pressure_max_under_constraints;seed=continuation
-0.1,production_hybrid,3c5f6b3c9bd535cff7657364dadb2efc31f2ea48,41.0,3,2.51875,352.338281,21.603882,0.0,2,true,true,stage_b_grid,false,governance.selection=pressure_max_under_constraints;seed=continuation
-0.1,production_hybrid,3c5f6b3c9bd535cff7657364dadb2efc31f2ea48,41.0,3,2.53125,352.818107,21.606829,0.0,2,true,true,stage_b_grid,false,governance.selection=pressure_max_under_constraints;seed=continuation
-0.1,production_hybrid,3c5f6b3c9bd535cff7657364dadb2efc31f2ea48,41.0,3,2.54375,353.300011,21.609804,0.0,2,true,true,stage_b_grid,false,governance.selection=pressure_max_under_constraints;seed=continuation
-0.1,production_hybrid,3c5f6b3c9bd535cff7657364dadb2efc31f2ea48,41.0,3,2.55625,353.783818,21.612805,0.0,2,true,true,stage_b_grid,false,governance.selection=pressure_max_under_constraints;seed=continuation
-0.1,production_hybrid,3c5f6b3c9bd535cff7657364dadb2efc31f2ea48,41.0,3,2.56875,354.269365,21.615831,0.0,2,true,true,stage_b_grid,false,governance.selection=pressure_max_under_constraints;seed=continuation
-0.1,production_hybrid,3c5f6b3c9bd535cff7657364dadb2efc31f2ea48,41.0,3,2.58125,354.756494,21.618883,0.0,2,true,true,stage_b_grid,false,governance.selection=pressure_max_under_constraints;seed=continuation
-0.1,production_hybrid,3c5f6b3c9bd535cff7657364dadb2efc31f2ea48,41.0,3,2.59375,355.245059,21.621958,0.0,2,true,true,stage_b_grid,false,governance.selection=pressure_max_under_constraints;seed=continuation
-0.1,production_hybrid,3c5f6b3c9bd535cff7657364dadb2efc31f2ea48,41.0,3,2.60625,355.734921,21.625056,0.0,2,true,true,stage_b_grid,false,governance.selection=pressure_max_under_constraints;seed=continuation
-0.1,production_hybrid,3c5f6b3c9bd535cff7657364dadb2efc31f2ea48,41.0,3,2.61875,356.225949,21.628176,0.0,2,true,true,stage_b_grid,false,governance.selection=pressure_max_under_constraints;seed=continuation
-0.1,production_hybrid,3c5f6b3c9bd535cff7657364dadb2efc31f2ea48,41.0,3,2.63125,356.718018,21.631318,0.0,2,true,true,stage_b_grid,false,governance.selection=pressure_max_under_constraints;seed=continuation
-0.1,production_hybrid,3c5f6b3c9bd535cff7657364dadb2efc31f2ea48,41.0,3,2.64375,357.211011,21.634481,0.0,2,true,true,stage_b_grid,false,governance.selection=pressure_max_under_constraints;seed=continuation
-0.1,production_hybrid,3c5f6b3c9bd535cff7657364dadb2efc31f2ea48,41.0,3,2.65625,357.704818,21.637664,0.0,2,true,true,stage_b_grid,false,governance.selection=pressure_max_under_constraints;seed=continuation
-0.1,production_hybrid,3c5f6b3c9bd535cff7657364dadb2efc31f2ea48,41.0,3,2.66875,358.199334,21.640867,0.0,2,true,true,stage_b_grid,false,governance.selection=pressure_max_under_constraints;seed=continuation
-0.1,production_hybrid,3c5f6b3c9bd535cff7657364dadb2efc31f2ea48,41.0,3,2.68125,358.694461,21.644089,0.0,2,true,true,stage_b_grid,false,governance.selection=pressure_max_under_constraints;seed=continuation
-0.1,production_hybrid,3c5f6b3c9bd535cff7657364dadb2efc31f2ea48,41.0,3,2.69375,359.190106,21.647329,0.0,2,true,true,stage_b_grid,false,governance.selection=pressure_max_under_constraints;seed=continuation
-0.1,production_hybrid,3c5f6b3c9bd535cff7657364dadb2efc31f2ea48,41.0,3,2.70625,359.686182,21.650587,0.0,2,true,true,stage_b_grid,false,governance.selection=pressure_max_under_constraints;seed=continuation
-0.1,production_hybrid,3c5f6b3c9bd535cff7657364dadb2efc31f2ea48,41.0,3,2.71875,360.182605,21.653863,0.0,2,true,true,stage_b_grid,false,governance.selection=pressure_max_under_constraints;seed=continuation
-0.1,production_hybrid,3c5f6b3c9bd535cff7657364dadb2efc31f2ea48,41.0,3,2.73125,360.679298,21.657155,0.0,2,true,true,stage_b_grid,false,governance.selection=pressure_max_under_constraints;seed=continuation
-0.1,production_hybrid,3c5f6b3c9bd535cff7657364dadb2efc31f2ea48,41.0,3,2.74375,361.176187,21.660464,0.0,2,true,true,stage_b_grid,false,governance.selection=pressure_max_under_constraints;seed=continuation
-0.1,production_hybrid,3c5f6b3c9bd535cff7657364dadb2efc31f2ea48,41.0,3,2.75625,361.673203,21.663789,0.0,2,true,true,stage_b_grid,false,governance.selection=pressure_max_under_constraints;seed=continuation
-0.1,production_hybrid,3c5f6b3c9bd535cff7657364dadb2efc31f2ea48,41.0,3,2.76875,362.17028,21.667129,0.0,2,true,true,stage_b_grid,false,governance.selection=pressure_max_under_constraints;seed=continuation
-0.1,production_hybrid,3c5f6b3c9bd535cff7657364dadb2efc31f2ea48,41.0,3,2.78125,362.667356,21.670484,0.0,2,true,true,stage_b_grid,false,governance.selection=pressure_max_under_constraints;seed=continuation
-0.1,production_hybrid,3c5f6b3c9bd535cff7657364dadb2efc31f2ea48,41.0,3,2.79375,363.164374,21.673854,0.0,2,true,true,stage_b_grid,false,governance.selection=pressure_max_under_constraints;seed=continuation
-0.1,production_hybrid,3c5f6b3c9bd535cff7657364dadb2efc31f2ea48,41.0,3,2.80625,363.661279,21.677239,0.0,2,true,true,stage_b_grid,false,governance.selection=pressure_max_under_constraints;seed=continuation
-0.1,production_hybrid,3c5f6b3c9bd535cff7657364dadb2efc31f2ea48,41.0,3,2.81875,364.158018,21.680637,0.0,2,true,true,stage_b_grid,false,governance.selection=pressure_max_under_constraints;seed=continuation
-0.1,production_hybrid,3c5f6b3c9bd535cff7657364dadb2efc31f2ea48,41.0,3,2.83125,364.654544,21.684049,0.0,2,true,true,stage_b_grid,false,governance.selection=pressure_max_under_constraints;seed=continuation
-0.1,production_hybrid,3c5f6b3c9bd535cff7657364dadb2efc31f2ea48,41.0,3,2.84375,365.150809,21.687475,0.0,2,true,true,stage_b_grid,false,governance.selection=pressure_max_under_constraints;seed=continuation
-0.1,production_hybrid,3c5f6b3c9bd535cff7657364dadb2efc31f2ea48,41.0,3,2.85625,365.646772,21.690913,0.0,2,true,true,stage_b_grid,false,governance.selection=pressure_max_under_constraints;seed=continuation
-0.1,production_hybrid,3c5f6b3c9bd535cff7657364dadb2efc31f2ea48,41.0,3,2.86875,366.14239,21.694364,0.0,2,true,true,stage_b_grid,false,governance.selection=pressure_max_under_constraints;seed=continuation
-0.1,production_hybrid,3c5f6b3c9bd535cff7657364dadb2efc31f2ea48,41.0,3,2.88125,366.637626,21.697827,0.0,2,true,true,stage_b_grid,false,governance.selection=pressure_max_under_constraints;seed=continuation
-0.1,production_hybrid,3c5f6b3c9bd535cff7657364dadb2efc31f2ea48,41.0,3,2.89375,367.132443,21.701303,0.0,2,true,true,stage_b_grid,false,governance.selection=pressure_max_under_constraints;seed=continuation
-0.1,production_hybrid,3c5f6b3c9bd535cff7657364dadb2efc31f2ea48,41.0,3,2.90625,367.626806,21.70479,0.0,2,true,true,stage_b_grid,false,governance.selection=pressure_max_under_constraints;seed=continuation
-0.1,production_hybrid,3c5f6b3c9bd535cff7657364dadb2efc31f2ea48,41.0,3,2.91875,368.120685,21.708289,0.0,2,true,true,stage_b_grid,false,governance.selection=pressure_max_under_constraints;seed=continuation
-0.1,production_hybrid,3c5f6b3c9bd535cff7657364dadb2efc31f2ea48,41.0,3,2.93125,368.614049,21.7118,0.0,2,true,true,stage_b_grid,false,governance.selection=pressure_max_under_constraints;seed=continuation
-0.1,production_hybrid,3c5f6b3c9bd535cff7657364dadb2efc31f2ea48,41.0,3,2.94375,369.106868,21.715321,0.0,2,true,true,stage_b_grid,false,governance.selection=pressure_max_under_constraints;seed=continuation
-0.1,production_hybrid,3c5f6b3c9bd535cff7657364dadb2efc31f2ea48,41.0,3,2.95625,369.599116,21.718853,0.0,2,true,true,stage_b_grid,false,governance.selection=pressure_max_under_constraints;seed=continuation
-0.1,production_hybrid,3c5f6b3c9bd535cff7657364dadb2efc31f2ea48,41.0,3,2.96875,370.090769,21.722396,0.0,2,true,true,stage_b_grid,false,governance.selection=pressure_max_under_constraints;seed=continuation
-0.1,production_hybrid,3c5f6b3c9bd535cff7657364dadb2efc31f2ea48,41.0,3,2.98125,370.581801,21.72595,0.0,2,true,true,stage_b_grid,false,governance.selection=pressure_max_under_constraints;seed=continuation
-0.1,production_hybrid,3c5f6b3c9bd535cff7657364dadb2efc31f2ea48,41.0,3,2.99375,371.072191,21.729514,0.0,2,true,true,stage_b_grid,false,governance.selection=pressure_max_under_constraints;seed=continuation
-0.1,production_hybrid,3c5f6b3c9bd535cff7657364dadb2efc31f2ea48,41.0,3,3.00625,371.561918,21.733087,0.0,2,true,true,stage_b_grid,false,governance.selection=pressure_max_under_constraints;seed=continuation
-0.1,production_hybrid,3c5f6b3c9bd535cff7657364dadb2efc31f2ea48,41.0,3,3.01875,372.050962,21.736671,0.0,2,true,true,stage_b_grid,false,governance.selection=pressure_max_under_constraints;seed=continuation
-0.1,production_hybrid,3c5f6b3c9bd535cff7657364dadb2efc31f2ea48,41.0,3,3.03125,372.539303,21.740265,0.0,2,true,true,stage_b_grid,false,governance.selection=pressure_max_under_constraints;seed=continuation
-0.1,production_hybrid,3c5f6b3c9bd535cff7657364dadb2efc31f2ea48,41.0,3,3.04375,373.026926,21.743867,0.0,2,true,true,stage_b_grid,false,governance.selection=pressure_max_under_constraints;seed=continuation
-0.1,production_hybrid,3c5f6b3c9bd535cff7657364dadb2efc31f2ea48,41.0,3,3.05625,373.513813,21.74748,0.0,2,true,true,stage_b_grid,false,governance.selection=pressure_max_under_constraints;seed=continuation
-0.1,production_hybrid,3c5f6b3c9bd535cff7657364dadb2efc31f2ea48,41.0,3,3.06875,373.999949,21.751101,0.0,2,true,true,stage_b_grid,false,governance.selection=pressure_max_under_constraints;seed=continuation
-0.1,production_hybrid,3c5f6b3c9bd535cff7657364dadb2efc31f2ea48,41.0,3,3.08125,374.48532,21.754732,0.0,2,true,true,stage_b_grid,false,governance.selection=pressure_max_under_constraints;seed=continuation
-0.1,production_hybrid,3c5f6b3c9bd535cff7657364dadb2efc31f2ea48,41.0,3,3.09375,374.969912,21.758371,0.0,2,true,true,stage_b_grid,false,governance.selection=pressure_max_under_constraints;seed=continuation
-0.1,production_hybrid,3c5f6b3c9bd535cff7657364dadb2efc31f2ea48,41.0,3,3.10625,375.453712,21.762019,0.0,2,true,true,stage_b_grid,false,governance.selection=pressure_max_under_constraints;seed=continuation
-0.1,production_hybrid,3c5f6b3c9bd535cff7657364dadb2efc31f2ea48,41.0,3,3.11875,375.936708,21.765676,0.0,2,true,true,stage_b_grid,false,governance.selection=pressure_max_under_constraints;seed=continuation
-0.1,production_hybrid,3c5f6b3c9bd535cff7657364dadb2efc31f2ea48,41.0,3,3.13125,376.418891,21.769342,0.0,2,true,true,stage_b_grid,false,governance.selection=pressure_max_under_constraints;seed=continuation
-0.1,production_hybrid,3c5f6b3c9bd535cff7657364dadb2efc31f2ea48,41.0,3,3.14375,376.900248,21.773015,0.0,2,true,true,stage_b_grid,false,governance.selection=pressure_max_under_constraints;seed=continuation
-0.1,production_hybrid,3c5f6b3c9bd535cff7657364dadb2efc31f2ea48,41.0,3,3.15625,377.38077,21.776697,0.0,2,true,true,stage_b_grid,false,governance.selection=pressure_max_under_constraints;seed=continuation
-0.1,production_hybrid,3c5f6b3c9bd535cff7657364dadb2efc31f2ea48,41.0,3,3.16875,377.860449,21.780387,0.0,2,true,true,stage_b_grid,false,governance.selection=pressure_max_under_constraints;seed=continuation
-0.1,production_hybrid,3c5f6b3c9bd535cff7657364dadb2efc31f2ea48,41.0,3,3.18125,378.339276,21.784086,0.0,2,true,true,stage_b_grid,false,governance.selection=pressure_max_under_constraints;seed=continuation
-0.1,production_hybrid,3c5f6b3c9bd535cff7657364dadb2efc31f2ea48,41.0,3,3.19375,378.817243,21.787791,0.0,2,true,true,stage_b_grid,false,governance.selection=pressure_max_under_constraints;seed=continuation
-0.1,production_hybrid,3c5f6b3c9bd535cff7657364dadb2efc31f2ea48,41.0,3,3.20625,379.294343,21.791505,0.0,2,true,true,stage_b_grid,false,governance.selection=pressure_max_under_constraints;seed=continuation
-0.1,production_hybrid,3c5f6b3c9bd535cff7657364dadb2efc31f2ea48,41.0,3,3.21875,379.770569,21.795227,0.0,2,true,true,stage_b_grid,false,governance.selection=pressure_max_under_constraints;seed=continuation
-0.1,production_hybrid,3c5f6b3c9bd535cff7657364dadb2efc31f2ea48,41.0,3,3.23125,380.245915,21.798956,0.0,2,true,true,stage_b_grid,false,governance.selection=pressure_max_under_constraints;seed=continuation
-0.1,production_hybrid,3c5f6b3c9bd535cff7657364dadb2efc31f2ea48,41.0,3,3.24375,380.720375,21.802692,0.0,2,true,true,stage_b_grid,false,governance.selection=pressure_max_under_constraints;seed=continuation
-0.1,production_hybrid,3c5f6b3c9bd535cff7657364dadb2efc31f2ea48,41.0,3,3.25625,381.193944,21.806436,0.0,2,true,true,stage_b_grid,false,governance.selection=pressure_max_under_constraints;seed=continuation
-0.1,production_hybrid,3c5f6b3c9bd535cff7657364dadb2efc31f2ea48,41.0,3,3.26875,381.666616,21.810187,0.0,2,true,true,stage_b_grid,false,governance.selection=pressure_max_under_constraints;seed=continuation
-0.1,production_hybrid,3c5f6b3c9bd535cff7657364dadb2efc31f2ea48,41.0,3,3.28125,382.138388,21.813946,0.0,2,true,true,stage_b_grid,false,governance.selection=pressure_max_under_constraints;seed=continuation
-0.1,production_hybrid,3c5f6b3c9bd535cff7657364dadb2efc31f2ea48,41.0,3,3.29375,382.609256,21.817711,0.0,2,true,true,stage_b_grid,false,governance.selection=pressure_max_under_constraints;seed=continuation
-0.1,production_hybrid,3c5f6b3c9bd535cff7657364dadb2efc31f2ea48,41.0,3,3.30625,383.079214,21.821484,0.0,2,true,true,stage_b_grid,false,governance.selection=pressure_max_under_constraints;seed=continuation
-0.1,production_hybrid,3c5f6b3c9bd535cff7657364dadb2efc31f2ea48,41.0,3,3.31875,383.548261,21.825263,0.0,2,true,true,stage_b_grid,false,governance.selection=pressure_max_under_constraints;seed=continuation
-0.1,production_hybrid,3c5f6b3c9bd535cff7657364dadb2efc31f2ea48,41.0,3,3.33125,384.016392,21.829049,0.0,2,true,true,stage_b_grid,false,governance.selection=pressure_max_under_constraints;seed=continuation
-0.1,production_hybrid,3c5f6b3c9bd535cff7657364dadb2efc31f2ea48,41.0,3,3.34375,384.483606,21.832842,0.0,2,true,true,stage_b_grid,false,governance.selection=pressure_max_under_constraints;seed=continuation
-0.1,production_hybrid,3c5f6b3c9bd535cff7657364dadb2efc31f2ea48,41.0,3,3.35625,384.949899,21.836642,0.0,2,true,true,stage_b_grid,false,governance.selection=pressure_max_under_constraints;seed=continuation
-0.1,production_hybrid,3c5f6b3c9bd535cff7657364dadb2efc31f2ea48,41.0,3,3.36875,385.415269,21.840449,0.0,2,true,true,stage_b_grid,false,governance.selection=pressure_max_under_constraints;seed=continuation
-0.1,production_hybrid,3c5f6b3c9bd535cff7657364dadb2efc31f2ea48,41.0,3,3.38125,385.879715,21.844261,0.0,2,true,true,stage_b_grid,false,governance.selection=pressure_max_under_constraints;seed=continuation
-0.1,production_hybrid,3c5f6b3c9bd535cff7657364dadb2efc31f2ea48,41.0,3,3.39375,386.343234,21.848081,0.0,2,true,true,stage_b_grid,false,governance.selection=pressure_max_under_constraints;seed=continuation
-0.1,production_hybrid,3c5f6b3c9bd535cff7657364dadb2efc31f2ea48,41.0,3,3.40625,386.805826,21.851907,0.0,2,true,true,stage_b_grid,false,governance.selection=pressure_max_under_constraints;seed=continuation
-0.1,production_hybrid,3c5f6b3c9bd535cff7657364dadb2efc31f2ea48,41.0,3,3.41875,387.267488,21.855739,0.0,2,true,true,stage_b_grid,false,governance.selection=pressure_max_under_constraints;seed=continuation
-0.1,production_hybrid,3c5f6b3c9bd535cff7657364dadb2efc31f2ea48,41.0,3,3.43125,387.72822,21.859578,0.0,2,true,true,stage_b_grid,false,governance.selection=pressure_max_under_constraints;seed=continuation
-0.1,production_hybrid,3c5f6b3c9bd535cff7657364dadb2efc31f2ea48,41.0,3,3.44375,388.188021,21.863422,0.0,2,true,true,stage_b_grid,false,governance.selection=pressure_max_under_constraints;seed=continuation
-0.1,production_hybrid,3c5f6b3c9bd535cff7657364dadb2efc31f2ea48,41.0,3,3.45625,388.64689,21.867273,0.0,2,true,true,stage_b_grid,false,governance.selection=pressure_max_under_constraints;seed=continuation
-0.1,production_hybrid,3c5f6b3c9bd535cff7657364dadb2efc31f2ea48,41.0,3,3.46875,389.104827,21.87113,0.0,2,true,true,stage_b_grid,false,governance.selection=pressure_max_under_constraints;seed=continuation
-0.1,production_hybrid,3c5f6b3c9bd535cff7657364dadb2efc31f2ea48,41.0,3,3.48125,389.561831,21.874993,0.0,2,true,true,stage_b_grid,false,governance.selection=pressure_max_under_constraints;seed=continuation
-0.1,production_hybrid,3c5f6b3c9bd535cff7657364dadb2efc31f2ea48,41.0,3,3.49375,390.017903,21.878862,0.0,2,true,true,stage_b_grid,false,governance.selection=pressure_max_under_constraints;seed=continuation
-0.1,production_hybrid,3c5f6b3c9bd535cff7657364dadb2efc31f2ea48,41.0,3,3.50625,390.473041,21.882737,0.0,2,true,true,stage_b_grid,false,governance.selection=pressure_max_under_constraints;seed=continuation
-0.1,production_hybrid,3c5f6b3c9bd535cff7657364dadb2efc31f2ea48,41.0,3,3.51875,390.927247,21.886618,0.0,2,true,true,stage_b_grid,false,governance.selection=pressure_max_under_constraints;seed=continuation
-0.1,production_hybrid,3c5f6b3c9bd535cff7657364dadb2efc31f2ea48,41.0,3,3.53125,391.38052,21.890505,0.0,2,true,true,stage_b_grid,false,governance.selection=pressure_max_under_constraints;seed=continuation
-0.1,production_hybrid,3c5f6b3c9bd535cff7657364dadb2efc31f2ea48,41.0,3,3.54375,391.832861,21.894397,0.0,2,true,true,stage_b_grid,false,governance.selection=pressure_max_under_constraints;seed=continuation
-0.1,production_hybrid,3c5f6b3c9bd535cff7657364dadb2efc31f2ea48,41.0,3,3.55625,392.284271,21.898295,0.0,2,true,true,stage_b_grid,false,governance.selection=pressure_max_under_constraints;seed=continuation
-0.1,production_hybrid,3c5f6b3c9bd535cff7657364dadb2efc31f2ea48,41.0,3,3.56875,392.734749,21.902199,0.0,2,true,true,stage_b_grid,false,governance.selection=pressure_max_under_constraints;seed=continuation
-0.1,production_hybrid,3c5f6b3c9bd535cff7657364dadb2efc31f2ea48,41.0,3,3.58125,393.184297,21.906108,0.0,2,true,true,stage_b_grid,false,governance.selection=pressure_max_under_constraints;seed=continuation
-0.1,production_hybrid,3c5f6b3c9bd535cff7657364dadb2efc31f2ea48,41.0,3,3.59375,393.632915,21.910023,0.0,2,true,true,stage_b_grid,false,governance.selection=pressure_max_under_constraints;seed=continuation
-0.1,production_hybrid,3c5f6b3c9bd535cff7657364dadb2efc31f2ea48,41.0,3,3.60625,394.080605,21.913944,0.0,2,true,true,stage_b_grid,false,governance.selection=pressure_max_under_constraints;seed=continuation
-0.1,production_hybrid,3c5f6b3c9bd535cff7657364dadb2efc31f2ea48,41.0,3,3.61875,394.527367,21.91787,0.0,2,true,true,stage_b_grid,false,governance.selection=pressure_max_under_constraints;seed=continuation
-0.1,production_hybrid,3c5f6b3c9bd535cff7657364dadb2efc31f2ea48,41.0,3,3.63125,394.973202,21.921801,0.0,2,true,true,stage_b_grid,false,governance.selection=pressure_max_under_constraints;seed=continuation
-0.1,production_hybrid,3c5f6b3c9bd535cff7657364dadb2efc31f2ea48,41.0,3,3.64375,395.418112,21.925738,0.0,2,true,true,stage_b_grid,false,governance.selection=pressure_max_under_constraints;seed=continuation
-0.1,production_hybrid,3c5f6b3c9bd535cff7657364dadb2efc31f2ea48,41.0,3,3.65625,395.862097,21.92968,0.0,2,true,true,stage_b_grid,false,governance.selection=pressure_max_under_constraints;seed=continuation
-0.1,production_hybrid,3c5f6b3c9bd535cff7657364dadb2efc31f2ea48,41.0,3,3.66875,396.305159,21.933627,0.0,2,true,true,stage_b_grid,false,governance.selection=pressure_max_under_constraints;seed=continuation
-0.1,production_hybrid,3c5f6b3c9bd535cff7657364dadb2efc31f2ea48,41.0,3,3.68125,396.7473,21.937579,0.0,2,true,true,stage_b_grid,false,governance.selection=pressure_max_under_constraints;seed=continuation
-0.1,production_hybrid,3c5f6b3c9bd535cff7657364dadb2efc31f2ea48,41.0,3,3.69375,397.18852,21.941537,0.0,2,true,true,stage_b_grid,false,governance.selection=pressure_max_under_constraints;seed=continuation
-0.1,production_hybrid,3c5f6b3c9bd535cff7657364dadb2efc31f2ea48,41.0,3,3.70625,397.628821,21.9455,0.0,2,true,true,stage_b_grid,false,governance.selection=pressure_max_under_constraints;seed=continuation
-0.1,production_hybrid,3c5f6b3c9bd535cff7657364dadb2efc31f2ea48,41.0,3,3.71875,398.068205,21.949468,0.0,2,true,true,stage_b_grid,false,governance.selection=pressure_max_under_constraints;seed=continuation
-0.1,production_hybrid,3c5f6b3c9bd535cff7657364dadb2efc31f2ea48,41.0,3,3.73125,398.506672,21.953441,0.0,2,true,true,stage_b_grid,false,governance.selection=pressure_max_under_constraints;seed=continuation
-0.1,production_hybrid,3c5f6b3c9bd535cff7657364dadb2efc31f2ea48,41.0,3,3.74375,398.944226,21.957419,0.0,2,true,true,stage_b_grid,false,governance.selection=pressure_max_under_constraints;seed=continuation
-0.1,production_hybrid,3c5f6b3c9bd535cff7657364dadb2efc31f2ea48,41.0,3,3.75625,399.380867,21.961402,0.0,2,true,true,stage_b_grid,false,governance.selection=pressure_max_under_constraints;seed=continuation
-0.1,production_hybrid,3c5f6b3c9bd535cff7657364dadb2efc31f2ea48,41.0,3,3.76875,399.816597,21.96539,0.0,2,true,true,stage_b_grid,false,governance.selection=pressure_max_under_constraints;seed=continuation
-0.1,production_hybrid,3c5f6b3c9bd535cff7657364dadb2efc31f2ea48,41.0,3,3.78125,400.251417,21.969383,0.0,2,true,true,stage_b_grid,false,governance.selection=pressure_max_under_constraints;seed=continuation
-0.1,production_hybrid,3c5f6b3c9bd535cff7657364dadb2efc31f2ea48,41.0,3,3.79375,400.68533,21.97338,0.0,2,true,true,stage_b_grid,false,governance.selection=pressure_max_under_constraints;seed=continuation
-0.1,production_hybrid,3c5f6b3c9bd535cff7657364dadb2efc31f2ea48,41.0,3,3.80625,401.118336,21.977383,0.0,2,true,true,stage_b_grid,false,governance.selection=pressure_max_under_constraints;seed=continuation
-0.1,production_hybrid,3c5f6b3c9bd535cff7657364dadb2efc31f2ea48,41.0,3,3.81875,401.550439,21.98139,0.0,2,true,true,stage_b_grid,false,governance.selection=pressure_max_under_constraints;seed=continuation
-0.1,production_hybrid,3c5f6b3c9bd535cff7657364dadb2efc31f2ea48,41.0,3,3.83125,401.98164,21.985402,0.0,2,true,true,stage_b_grid,false,governance.selection=pressure_max_under_constraints;seed=continuation
-0.1,production_hybrid,3c5f6b3c9bd535cff7657364dadb2efc31f2ea48,41.0,3,3.84375,402.411939,21.989419,0.0,2,true,true,stage_b_grid,false,governance.selection=pressure_max_under_constraints;seed=continuation
-0.1,production_hybrid,3c5f6b3c9bd535cff7657364dadb2efc31f2ea48,41.0,3,3.85625,402.84134,21.99344,0.0,2,true,true,stage_b_grid,false,governance.selection=pressure_max_under_constraints;seed=continuation
-0.1,production_hybrid,3c5f6b3c9bd535cff7657364dadb2efc31f2ea48,41.0,3,3.86875,403.269844,21.997466,0.0,2,true,true,stage_b_grid,false,governance.selection=pressure_max_under_constraints;seed=continuation
-0.1,production_hybrid,3c5f6b3c9bd535cff7657364dadb2efc31f2ea48,41.0,3,3.88125,403.697454,22.001497,0.0,2,true,true,stage_b_grid,false,governance.selection=pressure_max_under_constraints;seed=continuation
-0.1,production_hybrid,3c5f6b3c9bd535cff7657364dadb2efc31f2ea48,41.0,3,3.89375,404.124169,22.005532,0.0,2,true,true,stage_b_grid,false,governance.selection=pressure_max_under_constraints;seed=continuation
-0.1,production_hybrid,3c5f6b3c9bd535cff7657364dadb2efc31f2ea48,41.0,3,3.90625,404.549994,22.009572,0.0,2,true,true,stage_b_grid,false,governance.selection=pressure_max_under_constraints;seed=continuation
-0.1,production_hybrid,3c5f6b3c9bd535cff7657364dadb2efc31f2ea48,41.0,3,3.91875,404.974929,22.013616,0.0,2,true,true,stage_b_grid,false,governance.selection=pressure_max_under_constraints;seed=continuation
-0.1,production_hybrid,3c5f6b3c9bd535cff7657364dadb2efc31f2ea48,41.0,3,3.93125,405.398976,22.017665,0.0,2,true,true,stage_b_grid,false,governance.selection=pressure_max_under_constraints;seed=continuation
-0.1,production_hybrid,3c5f6b3c9bd535cff7657364dadb2efc31f2ea48,41.0,3,3.94375,405.822138,22.021718,0.0,2,true,true,stage_b_grid,false,governance.selection=pressure_max_under_constraints;seed=continuation
-0.1,production_hybrid,3c5f6b3c9bd535cff7657364dadb2efc31f2ea48,41.0,3,3.95625,406.244416,22.025775,0.0,2,true,true,stage_b_grid,false,governance.selection=pressure_max_under_constraints;seed=continuation
-0.1,production_hybrid,3c5f6b3c9bd535cff7657364dadb2efc31f2ea48,41.0,3,3.96875,406.665812,22.029837,0.0,2,true,true,stage_b_grid,false,governance.selection=pressure_max_under_constraints;seed=continuation
-0.1,production_hybrid,3c5f6b3c9bd535cff7657364dadb2efc31f2ea48,41.0,3,3.98125,407.086327,22.033903,0.0,2,true,true,stage_b_grid,false,governance.selection=pressure_max_under_constraints;seed=continuation
-0.1,production_hybrid,3c5f6b3c9bd535cff7657364dadb2efc31f2ea48,41.0,3,3.99375,407.505964,22.037973,0.0,2,true,true,stage_b_grid,false,governance.selection=pressure_max_under_constraints;seed=continuation
-0.1,production_hybrid,3c5f6b3c9bd535cff7657364dadb2efc31f2ea48,41.0,4,0.009375,335.767098,21.608328,0.0,4,true,true,stage_c_guard,false,governance.selection=pressure_max_under_constraints;seed=continuation
-0.1,production_hybrid,3c5f6b3c9bd535cff7657364dadb2efc31f2ea48,41.0,4,0.015625,342.491174,21.608528,0.0,3,true,true,stage_c_guard,false,governance.selection=pressure_max_under_constraints;seed=continuation
-0.1,production_hybrid,3c5f6b3c9bd535cff7657364dadb2efc31f2ea48,41.0,4,0.021875,346.832286,21.608724,0.0,3,true,true,stage_c_guard,false,governance.selection=pressure_max_under_constraints;seed=continuation
-0.1,production_hybrid,3c5f6b3c9bd535cff7657364dadb2efc31f2ea48,41.0,4,0.028125,350.009441,21.608916,0.0,3,true,true,stage_c_guard,false,governance.selection=pressure_max_under_constraints;seed=continuation
-0.1,production_hybrid,3c5f6b3c9bd535cff7657364dadb2efc31f2ea48,41.0,4,0.034375,352.494332,21.609104,0.0,3,true,true,stage_c_guard,false,governance.selection=pressure_max_under_constraints;seed=continuation
-0.1,production_hybrid,3c5f6b3c9bd535cff7657364dadb2efc31f2ea48,41.0,4,0.071875,361.026473,21.610151,0.0,3,true,true,stage_c_guard,false,governance.selection=pressure_max_under_constraints;seed=continuation
-0.1,production_hybrid,3c5f6b3c9bd535cff7657364dadb2efc31f2ea48,41.0,4,0.328125,371.089569,21.61346,0.0,2,true,true,stage_c_guard,false,governance.selection=pressure_max_under_constraints;seed=continuation
-0.1,production_hybrid,3c5f6b3c9bd535cff7657364dadb2efc31f2ea48,41.0,4,1.071875,356.000605,21.585041,0.0,2,true,true,stage_c_guard,false,governance.selection=pressure_max_under_constraints;seed=continuation
-0.1,production_hybrid,3c5f6b3c9bd535cff7657364dadb2efc31f2ea48,41.0,4,1.171875,353.157807,21.577282,0.0,2,true,true,stage_c_guard,false,governance.selection=pressure_max_under_constraints;seed=continuation
-0.1,production_hybrid,3c5f6b3c9bd535cff7657364dadb2efc31f2ea48,41.0,4,1.178125,352.979623,21.576773,0.0,2,true,true,stage_c_guard,false,governance.selection=pressure_max_under_constraints;seed=continuation
-0.1,production_hybrid,3c5f6b3c9bd535cff7657364dadb2efc31f2ea48,41.0,4,1.921875,337.791456,21.522502,0.0,2,true,true,stage_c_guard,false,governance.selection=pressure_max_under_constraints;seed=continuation
-0.1,production_hybrid,3c5f6b3c9bd535cff7657364dadb2efc31f2ea48,41.0,4,2.540625,353.17935,21.609058,0.0,2,true,true,stage_c_guard,false,governance.selection=pressure_max_under_constraints;seed=continuation
