process,s,sigma
uu_to_uu,10.0,0.47650100770075243
uu_to_uu,10.4,0.4788690978534724
uu_to_uu,10.8,0.48239539983382673
uu_to_uu,11.2,0.4869712076011866
uu_to_uu,11.6,0.49250113285717617
uu_to_uu,12.0,0.4989010906313896
