sqrt_s_NN_GeV,background_p,channel,q_inv_fm,route,bound,unitary,landau,shell_inv_fm2,gap_count,contour_count,contour_passed,static_passed,root_nodes_stable,levinson_residual,threshold_phase_over_pi,threshold_offset,threshold_phase_at_1e7_over_pi,threshold_limit_change,threshold_limit_passed,upper_phase,branch_passed,reference_boundary_passed,failed_gates,passed,status,production_authorized
200.0,48,pi_plus,0.019251120011914757,direct_finite_q,0.6719727351870594,-0.0020238375023004717,1.5818940663514896e-12,1.2578357634865167e-5,1,1,true,true,true,-4.9969527404769565e-9,0.9999999950030473,1.0e-10,0.9999950032407343,4.497254858430166e-8,true,0.0,true,true,,true,conditional_window,false
200.0,48,pi_plus,0.1010857761147621,direct_finite_q,0.4099024859136544,-0.002075154104377299,4.6223983499834025e-10,0.00021111869231292435,1,1,true,true,true,-5.145296522179876e-9,0.9999999948547035,1.0e-10,0.9999948549081382,4.630764012788059e-8,true,0.0,true,true,,true,conditional_window,false
200.0,48,pi_plus,0.2469017919890688,direct_finite_q,0.23099788240746516,-0.002164650247015655,5.403024400302175e-9,0.0007067044858970588,1,1,true,true,true,-5.4398238136244e-9,0.9999999945601762,1.0e-10,0.9999945604036866,4.8958383240751394e-8,true,0.0,true,true,,true,conditional_window,false
200.0,48,pi_plus,0.4543378919823957,direct_finite_q,0.12977530698090387,-0.002286190319553414,2.134530419515943e-8,0.0013332185910265228,1,1,true,true,true,-5.937033420444493e-9,0.9999999940629666,1.0e-10,0.9999940632354531,5.3433263236256634e-8,true,0.0,true,true,,true,conditional_window,false
200.0,48,pi_plus,0.7199920561043887,direct_finite_q,0.07331868046779812,-0.00242885087469632,5.018407637817318e-8,0.0018617008981995065,1,1,true,true,true,-6.744312663897745e-9,0.9999999932556873,1.0e-10,0.9999932560302893,6.069876530186961e-8,true,0.0,true,true,,true,conditional_window,false
200.0,48,pi_plus,1.0395032336857826,direct_finite_q,0.04166923774524174,-0.00257586140439068,8.59659405806113e-8,0.0021400606602908494,1,1,true,true,true,-8.069013346378995e-9,0.9999999919309867,1.0e-10,0.9999919314694593,7.26210516253419e-8,true,0.0,true,true,,true,conditional_window,false
200.0,48,pi_plus,1.4076253922520978,direct_finite_q,0.023896213021456093,-0.0027044359832630676,1.1776183460311305e-7,0.002127228942902774,1,1,true,true,true,-1.034293783952478e-8,0.9999999896570622,1.0e-10,0.9999896578375059,9.308632860284911e-8,true,0.0,true,true,,true,conditional_window,false
200.0,48,pi_plus,1.8183141144446417,direct_finite_q,0.013923018350633117,-0.0027860968686065062,1.3631839865657468e-7,0.0018654282626656196,1,1,true,true,true,-1.4586156837914643e-8,0.9999999854138432,1.0e-10,0.9999854153367761,1.312751932508511e-7,true,0.0,true,true,,true,conditional_window,false
200.0,48,pi_plus,2.2648259694958197,direct_finite_q,0.008317610115169261,-0.0027868978587477734,1.3901792864490226e-7,0.001437248657680041,1,1,true,true,true,-2.3729079479117843e-8,0.9999999762709205,1.0e-10,0.9999762747022184,2.1356115428362638e-7,true,0.0,true,true,,true,conditional_window,false
200.0,48,pi_plus,2.7398292812153464,direct_finite_q,0.005137144288953699,-0.0026691532927814606,1.2945130243420266e-7,0.0009386066233091395,1,1,true,true,true,-4.971642153517308e-8,0.9999999502835785,1.0e-10,0.999950299190221,4.4744541701222634e-7,true,0.0,true,true,,true,conditional_window,false
200.0,48,pi_plus,3.2355245301055344,direct_finite_q,0.003287702201885976,-0.002401981029864123,1.1338050099433406e-7,0.00046979919544751377,1,1,true,true,true,-2.2662143905893828e-7,0.9999997733785609,1.0e-10,0.9997736765424527,2.039545909078742e-6,true,0.0,true,true,,true,conditional_window,false
200.0,48,pi_plus,3.7437724285495775,direct_finite_q,0.0,0.00020250444379551135,9.534263062057573e-8,0.00014385604801020807,0,0,true,true,true,2.1670623199739577e-7,2.1670623199739577e-7,1.0e-10,0.00021695005103663189,1.950396503847563e-6,true,0.0,true,true,,true,conditional_window,false
200.0,48,pi_plus,4.256227571450422,direct_finite_q,0.0,3.302294480552363e-5,7.784926288977831e-8,3.0377942290776813e-5,0,0,true,true,true,1.2208603033613198e-7,1.2208603033613198e-7,1.0e-10,0.000122152278135657,1.0987861217871578e-6,true,0.0,true,true,,true,conditional_window,false
200.0,48,pi_plus,4.764475469894466,direct_finite_q,0.0,3.7256746120019757e-6,6.209166012657513e-8,4.355957383109905e-6,0,0,true,true,true,1.229450358738404e-7,1.229450358738404e-7,1.0e-10,0.00012299832214677625,1.1065161466355278e-6,true,0.0,true,true,,true,conditional_window,false
200.0,48,pi_plus,5.260170718784654,direct_finite_q,0.0,2.3582717034859545e-7,4.8607509493758176e-8,3.987057368375526e-7,0,0,true,true,true,1.6637782688055837e-7,1.6637782688055837e-7,1.0e-10,0.00016643842828058996,1.497417424542871e-6,true,0.0,true,true,,true,conditional_window,false
200.0,48,pi_plus,5.73517403050418,direct_finite_q,0.0,3.2090139517519986e-9,3.7555499352796824e-8,6.792751424524674e-8,0,0,true,true,true,3.4639328455129936e-7,3.4639328455129936e-7,1.0e-10,0.0001766979616875438,3.1175931150224092e-6,true,0.0,true,true,,true,conditional_window,false
200.0,48,pi_plus,6.181685885555359,direct_finite_q,0.0,-1.5664519096890198e-10,2.8825778208128193e-8,5.55007286599045e-8,0,0,true,true,true,-1.1906371704021652e-11,-1.1906371704021652e-11,1.0e-10,-1.190636931842015e-8,1.0715734515143817e-10,true,0.0,true,true,,true,conditional_window,false
200.0,48,pi_plus,6.592374607747902,direct_finite_q,0.0,-9.347373552264942e-11,2.204251266632064e-8,4.8324739721476774e-8,0,0,true,true,true,-9.931785919926956e-12,-9.931785919926956e-12,1.0e-10,-9.931784128321281e-9,8.938607315078576e-11,true,0.0,true,true,,true,conditional_window,false
200.0,48,pi_plus,6.960496766314217,direct_finite_q,0.0,-5.894069352289606e-11,1.6979108766616216e-8,4.152937581563215e-8,0,0,true,true,true,-8.42218537065619e-12,-8.42218537065619e-12,1.0e-10,-8.422183979807952e-9,7.579966824344507e-11,true,0.0,true,true,,true,conditional_window,false
200.0,48,pi_plus,7.280007943895612,direct_finite_q,0.0,-3.9549469875012873e-11,1.3351917322807639e-8,3.574285794524008e-8,0,0,true,true,true,-7.28740935638349e-12,-7.28740935638349e-12,1.0e-10,-7.287408171659091e-9,6.558668413820896e-11,true,0.0,true,true,,true,conditional_window,false
200.0,48,pi_plus,7.545662108017604,direct_finite_q,0.0,-2.840900146376166e-11,1.0838378067559788e-8,3.118095536923286e-8,0,0,true,true,true,-6.454424033171153e-12,-6.454424033171153e-12,1.0e-10,-6.454423038074587e-9,5.808981624420424e-11,true,0.0,true,true,,true,conditional_window,false
200.0,48,pi_plus,7.753098208010931,direct_finite_q,0.0,-2.1952976366533133e-11,9.163042027268723e-9,2.783676538398307e-8,0,0,true,true,true,-5.867113260089794e-12,-5.867113260089794e-12,1.0e-10,-5.867112390259752e-9,5.2804019295895095e-11,true,0.0,true,true,,true,conditional_window,false
200.0,48,pi_plus,7.898914223885238,direct_finite_q,0.0,-1.83192390095425e-11,8.122713775414357e-9,2.5616844353911952e-8,0,0,true,true,true,-5.484854816507504e-12,-5.484854816507504e-12,1.0e-10,-5.484854024464109e-9,4.9363693309304936e-11,true,0.0,true,true,,true,conditional_window,false
200.0,48,pi_plus,7.980748879988085,direct_finite_q,0.0,-1.6551833998727162e-11,7.585015819212128e-9,2.4421104324099784e-8,0,0,true,true,true,-5.280773331633518e-12,-5.280773331633518e-12,1.0e-10,-5.280772579910732e-9,4.752695994829999e-11,true,0.0,true,true,,true,conditional_window,false
200.0,48,pi_minus,0.019251120011914757,direct_finite_q,0.6840393995546734,-0.002046066498216526,1.2270571365751546e-13,1.280449311492952e-5,1,1,true,true,true,-4.996387303890515e-9,0.9999999950036127,1.0e-10,0.9999950038061787,4.4967459131379375e-8,true,0.0,true,true,,true,conditional_window,false
200.0,48,pi_minus,0.1010857761147621,direct_finite_q,0.41609501956043726,-0.0020979546243297268,2.894875051892305e-10,0.00021431255856492367,1,1,true,true,true,-5.1447360815970455e-9,0.9999999948552639,1.0e-10,0.9999948554685534,4.6302596050871765e-8,true,0.0,true,true,,true,conditional_window,false
200.0,48,pi_minus,0.2469017919890688,direct_finite_q,0.23404218296259324,-0.0021884463673688065,4.4644524601189134e-9,0.0007160326909828356,1,1,true,true,true,-5.4392796933200316e-9,0.9999999945607203,1.0e-10,0.9999945609477421,4.895348631740583e-8,true,0.0,true,true,,true,conditional_window,false
200.0,48,pi_minus,0.4543378919823957,direct_finite_q,0.1313457600886908,-0.002311342335886373,1.925085891720014e-8,0.0013493785665641964,1,1,true,true,true,-5.936532265771177e-9,0.9999999940634677,1.0e-10,0.9999940637365801,5.3428752644286375e-8,true,0.0,true,true,,true,conditional_window,false
200.0,48,pi_minus,0.7199920561043887,direct_finite_q,0.07416287551463593,-0.00245560358768703,4.7029999638810386e-8,0.0018831683807228991,1,1,true,true,true,-6.743910874185133e-9,0.9999999932560891,1.0e-10,0.9999932564320314,6.069514922323377e-8,true,0.0,true,true,,true,conditional_window,false
200.0,48,pi_minus,1.0395032336857826,direct_finite_q,0.04213596368750782,-0.0026042773834870784,8.219764471330456e-8,0.002164054489168172,1,1,true,true,true,-8.068828605267697e-9,0.9999999919311714,1.0e-10,0.9999919316541137,7.261938953814436e-8,true,0.0,true,true,,true,conditional_window,false
200.0,48,pi_minus,1.4076253922520978,direct_finite_q,0.024160116623407057,-0.0027343299962131144,1.1393142441101646e-7,0.002150718292353464,1,1,true,true,true,-1.03432318265817e-8,0.9999999896567682,1.0e-10,0.9999896575434916,9.308897510706006e-8,true,0.0,true,true,,true,conditional_window,false
200.0,48,pi_minus,1.8183141144446417,direct_finite_q,0.014075865003182328,-0.0028169671148503203,1.3286663697546625e-7,0.001885858415832104,1,1,true,true,true,-1.4587608787586248e-8,0.9999999854123912,1.0e-10,0.9999854138850599,1.3128826193800026e-7,true,0.0,true,true,,true,conditional_window,false
200.0,48,pi_minus,2.2648259694958197,direct_finite_q,0.00840882179001188,-0.002817854257125316,1.3616933832602522e-7,0.0014529058715137529,1,1,true,true,true,-2.373399676791621e-8,0.9999999762660032,1.0e-10,0.9999762697865467,2.136054092282542e-7,true,0.0,true,true,,true,conditional_window,false
200.0,48,pi_minus,2.7398292812153464,direct_finite_q,0.005193572940094701,-0.0026988670851584543,1.272346669886241e-7,0.000948765229163894,1,1,true,true,true,-4.973758827020447e-8,0.9999999502624117,1.0e-10,0.9999502780366909,4.476359164055516e-7,true,0.0,true,true,,true,conditional_window,false
200.0,48,pi_minus,3.2355245301055344,direct_finite_q,0.003323913631128263,-0.002428745001121992,1.1171390833904005e-7,0.00047480873722207745,1,1,true,true,true,-2.2698335289117466e-7,0.9999997730166471,1.0e-10,0.9997733155806229,2.04280298239288e-6,true,0.0,true,true,,true,conditional_window,false
200.0,48,pi_minus,3.7437724285495775,direct_finite_q,0.0,0.00020462333443080583,9.411206271128405e-8,0.00014535969326915377,0,0,true,true,true,2.1646877171059086e-7,2.1646877171059086e-7,1.0e-10,0.00021671205640670595,1.94825927273973e-6,true,0.0,true,true,,true,conditional_window,false
200.0,48,pi_minus,4.256227571450422,direct_finite_q,0.0,3.3365827029956444e-5,7.694984324604814e-8,3.069179379194773e-5,0,0,true,true,true,1.2203729743236962e-7,1.2203729743236962e-7,1.0e-10,0.00012210349233396313,1.0983475161954144e-6,true,0.0,true,true,,true,conditional_window,false
200.0,48,pi_minus,4.764475469894466,direct_finite_q,0.0,3.76408245770275e-6,6.143873077512659e-8,4.39937579776518e-6,0,0,true,true,true,1.2291626503645531e-7,1.2291626503645531e-7,1.0e-10,0.00012296952636273016,1.1062572040334621e-6,true,0.0,true,true,,true,conditional_window,false
200.0,48,pi_minus,5.260170718784654,direct_finite_q,0.0,2.3823023175151924e-7,4.813541652139365e-8,4.0141246792724564e-7,0,0,true,true,true,1.6635135507369337e-7,1.6635135507369337e-7,1.0e-10,0.0001664119371826376,1.4971791728769267e-6,true,0.0,true,true,,true,conditional_window,false
200.0,48,pi_minus,5.73517403050418,direct_finite_q,0.0,3.2361435777547735e-9,3.7214221780478775e-8,6.740403714792384e-8,0,0,true,true,true,3.463529620007582e-7,3.463529620007582e-7,1.0e-10,0.0001766773909631139,3.117230199598754e-6,true,0.0,true,true,,true,conditional_window,false
200.0,48,pi_minus,6.181685885555359,direct_finite_q,0.0,-1.6126014219940857e-10,2.8577841349366285e-8,5.5011812253867126e-8,0,0,true,true,true,-1.1972465479303227e-11,-1.1972465479303227e-11,1.0e-10,-1.1972463072424847e-8,1.0775218912691269e-10,true,0.0,true,true,,true,conditional_window,false
200.0,48,pi_minus,6.592374607747902,direct_finite_q,0.0,-9.622775474870458e-11,2.1861216339320878e-8,4.7919519925518865e-8,0,0,true,true,true,-9.986703810177431e-12,-9.986703810177431e-12,1.0e-10,-9.98670200309221e-9,8.988033416161207e-11,true,0.0,true,true,,true,conditional_window,false
200.0,48,pi_minus,6.960496766314217,direct_finite_q,0.0,-6.06773701456982e-11,1.6844365760058647e-8,4.1194395924799434e-8,0,0,true,true,true,-8.468626602086395e-12,-8.468626602086395e-12,1.0e-10,-8.468625199568141e-9,7.621763932529246e-11,true,0.0,true,true,,true,conditional_window,false
200.0,48,pi_minus,7.280007943895612,direct_finite_q,0.0,-4.071486090807678e-11,1.3248889702339923e-8,3.5463106360089983e-8,0,0,true,true,true,-7.327514542786746e-12,-7.327514542786746e-12,1.0e-10,-7.327513348549218e-9,6.594763081507231e-11,true,0.0,true,true,,true,conditional_window,false
200.0,48,pi_minus,7.545662108017604,direct_finite_q,0.0,-2.924616767513983e-11,1.075651620342671e-8,3.094241307938146e-8,0,0,true,true,true,-6.489896698176586e-12,-6.489896698176586e-12,1.0e-10,-6.489895695263138e-9,5.840907022865274e-11,true,0.0,true,true,,true,conditional_window,false
200.0,48,pi_minus,7.753098208010931,direct_finite_q,0.0,-2.259993089772183e-11,9.094903449884343e-9,2.762729726666316e-8,0,0,true,true,true,-5.8993286252182195e-12,-5.8993286252182195e-12,1.0e-10,-5.899327748671337e-9,5.3093957581554937e-11,true,0.0,true,true,,true,conditional_window,false
200.0,48,pi_minus,7.898914223885238,direct_finite_q,0.0,-1.8859112178435965e-11,8.062934930164997e-9,2.542618542011907e-8,0,0,true,true,true,-5.514953947319921e-12,-5.514953947319921e-12,1.0e-10,-5.5149531492332475e-9,4.963458548618328e-11,true,0.0,true,true,,true,conditional_window,false
200.0,48,pi_minus,7.980748879988085,direct_finite_q,0.0,-1.7039625337674684e-11,7.529506556686142e-9,2.4240419062605577e-8,0,0,true,true,true,-5.3097438393225755e-12,-5.3097438393225755e-12,1.0e-10,-5.309743081902465e-9,4.778769451709975e-11,true,0.0,true,true,,true,conditional_window,false
200.0,48,K_plus,0.019251120011914757,direct_finite_q,0.05322336149454363,-0.0008451566121652555,2.2281523714641923e-8,9.834064595419702e-7,1,1,true,true,true,-6.021072862516519e-9,0.9999999939789271,1.0e-10,0.999993979203632,5.4189617516046814e-8,true,0.0,true,true,,true,conditional_window,false
200.0,48,K_plus,0.1010857761147621,direct_finite_q,0.04701538457304298,-0.0008640409007270997,1.7022946740062833e-8,2.3891029726176174e-5,1,1,true,true,true,-6.193411561383755e-9,0.9999999938065884,1.0e-10,0.999993806880119,5.574066320953567e-8,true,0.0,true,true,,true,conditional_window,false
200.0,48,K_plus,0.2469017919890688,direct_finite_q,0.0379397306403578,-0.0008969997616611687,1.104239955568989e-8,0.00011439890535265606,1,1,true,true,true,-6.532216101362565e-9,0.9999999934677839,1.0e-10,0.9999934681064775,5.878989957338488e-8,true,0.0,true,true,,true,conditional_window,false
200.0,48,K_plus,0.4543378919823957,direct_finite_q,0.028316566567319665,-0.0009417998534767177,7.208483045306689e-9,0.00028627189805368377,1,1,true,true,true,-7.0958662279352325e-9,0.9999999929041338,1.0e-10,0.9999929045109937,6.386274250825939e-8,true,0.0,true,true,,true,conditional_window,false
200.0,48,K_plus,0.7199920561043887,direct_finite_q,0.019831465721984663,-0.0009944897003094414,5.930456799578594e-9,0.0004946943954465825,1,1,true,true,true,-7.994105821751418e-9,0.9999999920058942,1.0e-10,0.9999920063666299,7.194688556432247e-8,true,0.0,true,true,,true,conditional_window,false
200.0,48,K_plus,1.0395032336857826,direct_finite_q,0.013233344586904635,-0.0010489629416405846,6.481772065646345e-9,0.0006669997529447495,1,1,true,true,true,-9.4351449986263e-9,0.999999990564855,1.0e-10,0.9999905655011223,8.491621232658636e-8,true,0.0,true,true,,true,conditional_window,false
200.0,48,K_plus,1.4076253922520978,direct_finite_q,0.008546893821449738,-0.0010966728841064705,8.660803047879721e-9,0.0007478493160709294,1,1,true,true,true,-1.1840168512300409e-8,0.9999999881598315,1.0e-10,0.999988160823049,1.0656137274773478e-7,true,0.0,true,true,,true,conditional_window,false
200.0,48,K_plus,1.8183141144446417,direct_finite_q,0.005428645600416342,-0.0011266149928305757,1.182764811321972e-8,0.0007205809370555363,1,1,true,true,true,-1.615613687278028e-8,0.9999999838438631,1.0e-10,0.9999838456437095,1.4540496857135664e-7,true,0.0,true,true,,true,conditional_window,false
200.0,48,K_plus,2.2648259694958197,direct_finite_q,0.003443949805300634,-0.0011257446579737507,1.482657245177341e-8,0.0006024133321294863,1,1,true,true,true,-2.4867912395976077e-8,0.9999999751320876,1.0e-10,0.9999751360934253,2.2381060864769687e-7,true,0.0,true,true,,true,conditional_window,false
200.0,48,K_plus,2.7398292812153464,direct_finite_q,0.002212130375821323,-0.0010808552052815493,1.6741271760256266e-8,0.0004302213380261948,1,1,true,true,true,-4.628077576729339e-8,0.9999999537192242,1.0e-10,0.9999537320951596,4.1652498167100816e-7,true,0.0,true,true,,true,conditional_window,false
200.0,48,K_plus,3.2355245301055344,direct_finite_q,0.0014517773329578178,-0.000983666210963863,1.7273317424433602e-8,0.0002482702247920606,1,1,true,true,true,-1.255022848978271e-7,0.9999998744977151,1.0e-10,0.999874582356197,1.1295067447667931e-6,true,0.0,true,true,,true,conditional_window,false
200.0,48,K_plus,3.7437724285495775,direct_finite_q,0.0009745276822499232,-0.0008373660933992218,1.6603236906540392e-8,9.740342245673331e-5,1,1,true,true,true,-1.9592428661785455e-5,0.9999804075713382,1.0e-10,0.982018912298184,0.00017602476473665935,true,0.0,true,true,,true,conditional_window,false
200.0,48,K_plus,4.256227571450422,direct_finite_q,0.0,2.421037993745203e-5,1.510225078344026e-8,2.223270832595265e-5,0,0,true,true,true,3.618653424682063e-7,3.618653424682063e-7,1.0e-10,0.0003622892379786735,3.2568787127085045e-6,true,0.0,true,true,,true,conditional_window,false
200.0,48,K_plus,4.764475469894466,direct_finite_q,0.0,3.0285213382491145e-6,1.31530510644064e-8,3.49794656302829e-6,0,0,true,true,true,5.620133232941486e-7,5.620133232941486e-7,1.0e-10,0.0003390427228611301,5.058273099466994e-6,true,0.0,true,true,,true,conditional_window,false
200.0,48,K_plus,5.260170718784654,direct_finite_q,0.0,2.217101839236663e-7,1.1076806910932171e-8,3.263086932941741e-7,0,0,true,true,true,-3.633993535844119e-9,-3.633993535844119e-9,1.0e-10,-1.6420740125790513e-6,3.27059364095809e-8,true,0.0,true,true,,true,conditional_window,false
200.0,48,K_plus,5.73517403050418,direct_finite_q,0.0,3.6690269296319124e-9,9.104334207947243e-9,2.1284754809908852e-8,0,0,true,true,true,-8.762566777405525e-10,-8.762566777405525e-10,1.0e-10,-8.762549417911281e-7,7.886309631204781e-9,true,0.0,true,true,,true,conditional_window,false
200.0,48,K_plus,6.181685885555359,direct_finite_q,0.0,-4.369278200369351e-11,7.3705196603708284e-9,1.418404352412615e-8,0,0,true,true,true,-1.6447239054725676e-11,-1.6447239054725676e-11,1.0e-10,-1.6447235023995256e-8,1.480251511417861e-10,true,0.0,true,true,,true,conditional_window,false
200.0,48,K_plus,6.592374607747902,direct_finite_q,0.0,-2.6240353805332238e-11,5.89630222054903e-9,1.2923992378605804e-8,0,0,true,true,true,-1.428940874311278e-11,-1.428940874311278e-11,1.0e-10,-1.4289405553103571e-8,1.2860467842347506e-10,true,0.0,true,true,,true,conditional_window,false
200.0,48,K_plus,6.960496766314217,direct_finite_q,0.0,-1.6615619234857418e-11,4.713899492751115e-9,1.1529156593082327e-8,0,0,true,true,true,-1.2575888230790536e-11,-1.2575888230790536e-11,1.0e-10,-1.2575885529273744e-8,1.1318299387235481e-10,true,0.0,true,true,,true,conditional_window,false
200.0,48,K_plus,7.280007943895612,direct_finite_q,0.0,-1.1179718674517413e-11,3.819587451894113e-9,1.0225331669755107e-8,0,0,true,true,true,-1.1243544322541331e-11,-1.1243544322541331e-11,1.0e-10,-1.1243542058346641e-8,1.0119189873929212e-10,true,0.0,true,true,,true,conditional_window,false
200.0,48,K_plus,7.545662108017604,direct_finite_q,0.0,-8.044923574134352e-12,3.1738634880813236e-9,9.131686387206043e-9,0,0,true,true,true,-1.0236712530486068e-11,-1.0236712530486068e-11,1.0e-10,-1.0236710572895958e-8,9.213041263883992e-11,true,0.0,true,true,,true,conditional_window,false
200.0,48,K_plus,7.753098208010931,direct_finite_q,0.0,-6.2237978827987895e-12,2.730209813679066e-9,8.295177873088072e-9,0,0,true,true,true,-9.509803907486957e-12,-9.509803907486957e-12,1.0e-10,-9.509802158496678e-9,8.558823505045198e-11,true,0.0,true,true,,true,conditional_window,false
200.0,48,K_plus,7.898914223885238,direct_finite_q,0.0,-5.1972137232912e-12,2.4488086608916632e-9,7.723910012322602e-9,0,0,true,true,true,-9.028173684611325e-12,-9.028173684611325e-12,1.0e-10,-9.028172067944566e-9,8.125356305613916e-11,true,0.0,true,true,,true,conditional_window,false
200.0,48,K_plus,7.980748879988085,direct_finite_q,0.0,-4.6974417890259754e-12,2.3014517811831688e-9,7.410919499485701e-9,0,0,true,true,true,-8.76805026309292e-12,-8.76805026309292e-12,1.0e-10,-8.76804871594165e-9,7.891245226846972e-11,true,0.0,true,true,,true,conditional_window,false
200.0,48,K_minus,0.019251120011914757,direct_finite_q,0.04929535395955591,-0.0007843078394107124,2.83065434061561e-8,9.10800279689589e-7,1,1,true,true,true,-6.025962062672363e-9,0.9999999939740379,1.0e-10,0.9999939743149153,5.423361999531191e-8,true,0.0,true,true,,true,conditional_window,false
200.0,48,K_minus,0.1010857761147621,direct_finite_q,0.04356415123460128,-0.0008018264060246826,2.1630740777585004e-8,2.2136649386492855e-5,1,1,true,true,true,-6.198273116986286e-9,0.9999999938017269,1.0e-10,0.9999938020189381,5.578441802960957e-8,true,0.0,true,true,,true,conditional_window,false
200.0,48,K_minus,0.2469017919890688,direct_finite_q,0.035176158828831676,-0.0008323849335849989,1.4053131065110867e-8,0.00010606373997170589,1,1,true,true,true,-6.5369831769857e-9,0.9999999934630168,1.0e-10,0.9999934633398475,5.8832803418384005e-8,true,0.0,true,true,,true,conditional_window,false
200.0,48,K_minus,0.4543378919823957,direct_finite_q,0.026270171900264046,-0.000873914647041281,9.216631106574114e-9,0.00026558164193176483,1,1,true,true,true,-7.1003768420396796e-9,0.9999999928996232,1.0e-10,0.9999929000008412,6.390333826006567e-8,true,0.0,true,true,,true,conditional_window,false
200.0,48,K_minus,0.7199920561043887,direct_finite_q,0.01840743467798999,-0.0009227412779207402,7.647383676605925e-9,0.00045918096838517023,1,1,true,true,true,-7.998008588749883e-9,0.9999999920019914,1.0e-10,0.9999920024644384,7.198200920713879e-8,true,0.0,true,true,,true,conditional_window,false
200.0,48,K_minus,1.0395032336857826,direct_finite_q,0.01228703096142916,-0.0009731841976931686,8.438272744338065e-9,0.0006193448982348003,1,1,true,true,true,-9.437694514780048e-9,0.9999999905623055,1.0e-10,0.99999056295192,8.49391582616383e-8,true,0.0,true,true,,true,conditional_window,false
200.0,48,K_minus,1.4076253922520978,direct_finite_q,0.007936788834394479,-0.0010173129899102764,1.1161120099680143e-8,0.0006945737116598904,1,1,true,true,true,-1.1839707547700584e-8,0.9999999881602925,1.0e-10,0.9999881612839346,1.0655722417356627e-7,true,0.0,true,true,,true,conditional_window,false
200.0,48,K_minus,1.8183141144446417,direct_finite_q,0.005041000179449458,-0.0010449135548903947,1.4819349744004145e-8,0.0006693366154265388,1,1,true,true,true,-1.6148512638203272e-8,0.9999999838514874,1.0e-10,0.9999838532661007,1.4533635213280667e-7,true,0.0,true,true,,true,conditional_window,false
200.0,48,K_minus,2.2648259694958197,direct_finite_q,0.0031975216701826273,-0.0010439090899844758,1.8012884623560787e-8,0.0005596430866622034,1,1,true,true,true,-2.484040984018776e-8,0.9999999751595902,1.0e-10,0.9999751635871172,2.2356308713917844e-7,true,0.0,true,true,,true,conditional_window,false
200.0,48,K_minus,2.7398292812153464,direct_finite_q,0.0020533217742982573,-0.0010020881050742054,1.980183351816788e-8,0.0003997833540583247,1,1,true,true,true,-4.6179209567398516e-8,0.9999999538207904,1.0e-10,0.9999538336048184,4.15610895768517e-7,true,0.0,true,true,,true,conditional_window,false
200.0,48,K_minus,3.2355245301055344,direct_finite_q,0.0013471467818999066,-0.0009118461391823356,1.99947092216462e-8,0.00023087074741254385,1,1,true,true,true,-1.248677816700905e-7,0.9999998751322183,1.0e-10,0.9998752160060873,1.1237963546984899e-6,true,0.0,true,true,,true,conditional_window,false
200.0,48,K_minus,3.7437724285495775,direct_finite_q,0.0009040410667830661,-0.0007761716662882765,1.8894968750159064e-8,9.080712816473973e-5,1,1,true,true,true,-1.2605190427228408e-5,0.9999873948095728,1.0e-10,0.9880791051168236,0.00011331953259941512,true,0.0,true,true,,true,conditional_window,false
200.0,48,K_minus,4.256227571450422,direct_finite_q,0.0,2.258747888569239e-5,1.695969207343475e-8,2.074501080582969e-5,0,0,true,true,true,3.6391354642896526e-7,3.6391354642896526e-7,1.0e-10,0.00036434225640033627,3.2753135772459735e-6,true,0.0,true,true,,true,conditional_window,false
200.0,48,K_minus,4.764475469894466,direct_finite_q,0.0,2.828674880596267e-6,1.4618080405158045e-8,3.2698065498266956e-6,0,0,true,true,true,5.63539510613108e-7,5.63539510613108e-7,1.0e-10,0.0003399636557685428,5.072009618504469e-6,true,0.0,true,true,,true,conditional_window,false
200.0,48,K_minus,5.260170718784654,direct_finite_q,0.0,2.0742640915079227e-7,1.2211100467558099e-8,3.0787643461087456e-7,0,0,true,true,true,-3.3892458888877657e-9,-3.3892458888877657e-9,1.0e-10,-1.5314812151319843e-6,3.050320830449471e-8,true,0.0,true,true,,true,conditional_window,false
200.0,48,K_minus,5.73517403050418,direct_finite_q,0.0,3.4583421118508716e-9,9.97332617997128e-9,2.2381717951931675e-8,0,0,true,true,true,-8.173490025269121e-10,-8.173490025269121e-10,1.0e-10,-8.17347492266683e-7,7.356140615558215e-9,true,0.0,true,true,,true,conditional_window,false
200.0,48,K_minus,6.181685885555359,direct_finite_q,0.0,-3.333550696985189e-11,8.034372209699415e-9,1.5489249945938226e-8,0,0,true,true,true,-1.534360100137041e-11,-1.534360100137041e-11,1.0e-10,-1.5343597411282415e-8,1.380924087070945e-10,true,0.0,true,true,,true,conditional_window,false
200.0,48,K_minus,6.592374607747902,direct_finite_q,0.0,-2.001684904590828e-11,6.402879809110578e-9,1.405301581520161e-8,0,0,true,true,true,-1.333167317292352e-11,-1.333167317292352e-11,1.0e-10,-1.3331670206505462e-8,1.1998505832605722e-10,true,0.0,true,true,,true,conditional_window,false
200.0,48,K_minus,6.960496766314217,direct_finite_q,0.0,-1.2673141256847644e-11,5.1038477922185515e-9,1.2495934113032395e-8,0,0,true,true,true,-1.1733133083305468e-11,-1.1733133083305468e-11,1.0e-10,-1.1733130662026181e-8,1.0559819757152463e-10,true,0.0,true,true,,true,conditional_window,false
200.0,48,K_minus,7.280007943895612,direct_finite_q,0.0,-8.526166392809475e-12,4.126294836458711e-9,1.1055946038412897e-8,0,0,true,true,true,-1.0489749319233712e-11,-1.0489749319233712e-11,1.0e-10,-1.0489747286111903e-8,9.44077437307325e-11,true,0.0,true,true,,true,conditional_window,false
200.0,48,K_minus,7.545662108017604,direct_finite_q,0.0,-6.134929156345308e-12,3.4229987107526278e-9,9.855817017169204e-9,0,0,true,true,true,-9.549938263850889e-12,-9.549938263850889e-12,1.0e-10,-9.549936503319147e-9,8.594944425670891e-11,true,0.0,true,true,,true,conditional_window,false
200.0,48,K_minus,7.753098208010931,direct_finite_q,0.0,-4.745891933307484e-12,2.9410041053938224e-9,8.941596623744369e-9,0,0,true,true,true,-8.871331594339865e-12,-8.871331594339865e-12,1.0e-10,-8.871330019515255e-9,7.984198424731127e-11,true,0.0,true,true,,true,conditional_window,false
200.0,48,K_minus,7.898914223885238,direct_finite_q,0.0,-3.962919965709428e-12,2.6358039185189865e-9,8.318876989679653e-9,0,0,true,true,true,-8.421674618228998e-12,-8.421674618228998e-12,1.0e-10,-8.421673161324207e-9,7.579507147238765e-11,true,0.0,true,true,,true,conditional_window,false
200.0,48,K_minus,7.980748879988085,direct_finite_q,0.0,-3.581767963882862e-12,2.4761461624218143e-9,7.978204447174785e-9,0,0,true,true,true,-8.178811738718984e-12,-8.178811738718984e-12,1.0e-10,-8.178810343802814e-9,7.360930556201948e-11,true,0.0,true,true,,true,conditional_window,false
7.7,48,pi_plus,0.019251120011914757,direct_finite_q,0.46574924789594646,-0.0005796480508378661,1.3190553506751124e-12,8.733605813730086e-6,1,1,true,true,true,-5.105432299146173e-9,0.9999999948945677,1.0e-10,0.9999948947692086,4.594886309932056e-8,true,0.0,true,true,,true,conditional_window,false
7.7,48,pi_plus,0.1010857761147621,direct_finite_q,0.2725897157697511,-0.0005951116838253235,1.5110302324005032e-10,0.0001408025912408995,1,1,true,true,true,-5.2519086857216735e-9,0.9999999947480913,1.0e-10,0.9999947483039359,4.726714915739458e-8,true,0.0,true,true,,true,conditional_window,false
7.7,48,pi_plus,0.2469017919890688,direct_finite_q,0.14409526561563898,-0.000621744187520824,8.810904500317857e-10,0.0004430885255261265,1,1,true,true,true,-5.5418051259081835e-9,0.9999999944581949,1.0e-10,0.9999944584304332,4.987621343357157e-8,true,0.0,true,true,,true,conditional_window,false
7.7,48,pi_plus,0.4543378919823957,direct_finite_q,0.07472237721609885,-0.0006570806365295996,2.4098188847584386e-9,0.0007745384046555866,1,1,true,true,true,-6.028669452540214e-9,0.9999999939713305,1.0e-10,0.9999939716071439,5.425798558861567e-8,true,0.0,true,true,,true,conditional_window,false
7.7,48,pi_plus,0.7199920561043887,direct_finite_q,0.03850550814831129,-0.0006969070208152723,4.5111023717789535e-9,0.000992924734789999,1,1,true,true,true,-6.81315848183317e-9,0.9999999931868415,1.0e-10,0.9999931871905618,6.131837693405475e-8,true,0.0,true,true,,true,conditional_window,false
7.7,48,pi_plus,1.0395032336857826,direct_finite_q,0.01979128408104621,-0.0007350833515938821,6.406735654347401e-9,0.0010431779847605046,1,1,true,true,true,-8.0863937768072e-9,0.9999999919136062,1.0e-10,0.999991914089915,7.277747441445197e-8,true,0.0,true,true,,true,conditional_window,false
7.7,48,pi_plus,1.4076253922520978,direct_finite_q,0.01021038153719624,-0.0007638558455734479,7.2520446046632095e-9,0.0009482369782162014,1,1,true,true,true,-1.0236682279618492e-8,0.9999999897633177,1.0e-10,0.9999897640752611,9.213003066134154e-8,true,0.0,true,true,,true,conditional_window,false
7.7,48,pi_plus,1.8183141144446417,direct_finite_q,0.005340839602766592,-0.0007745518295370893,6.803701712854413e-9,0.000764842484622732,1,1,true,true,true,-1.4147618410120799e-8,0.9999999858523816,1.0e-10,0.9999858537832081,1.273283612417072e-7,true,0.0,true,true,,true,conditional_window,false
7.7,48,pi_plus,2.2648259694958197,direct_finite_q,0.002867576818752207,-0.0007581619684135755,5.515376891122787e-9,0.0005481546038252139,1,1,true,true,true,-2.220327111057685e-8,0.9999999777967289,1.0e-10,0.9999778000330765,1.9982894942916767e-7,true,0.0,true,true,,true,conditional_window,false
7.7,48,pi_plus,2.7398292812153464,direct_finite_q,0.0015981280460024949,-0.0007061685427993459,4.037302023460484e-9,0.00033920665732704923,1,1,true,true,true,-4.295833155865125e-8,0.9999999570416684,1.0e-10,0.9999570533106995,3.8662321127329344e-7,true,0.0,true,true,,true,conditional_window,false
7.7,48,pi_plus,3.2355245301055344,direct_finite_q,0.0009288330304764212,-0.0006138836869525549,2.7772968581496933e-9,0.0001670337339457621,1,1,true,true,true,-1.365201620640022e-7,0.9999998634798379,1.0e-10,0.9998635880577876,1.2286643835949291e-6,true,0.0,true,true,,true,conditional_window,false
7.7,48,pi_plus,3.7437724285495775,direct_finite_q,0.0,7.318397140615488e-5,1.8483823153693335e-9,5.196561650372328e-5,0,0,true,true,true,4.3293608915950203e-7,4.3293608915950203e-7,1.0e-10,0.00043391250271425597,3.896586315902076e-6,true,0.0,true,true,,true,conditional_window,false
7.7,48,pi_plus,4.256227571450422,direct_finite_q,0.0,1.1430134281678439e-5,1.2105633772809036e-9,1.0491009167071523e-5,0,0,true,true,true,1.516152606339005e-7,1.516152606339005e-7,1.0e-10,0.00015171795872589525,1.364555664353225e-6,true,0.0,true,true,,true,conditional_window,false
7.7,48,pi_plus,4.764475469894466,direct_finite_q,0.0,1.2276764020176738e-6,7.873829902222598e-10,1.412741840372635e-6,0,0,true,true,true,1.3955582765339602e-7,1.3955582765339602e-7,1.0e-10,0.00013962510354514554,1.2560164463466892e-6,true,0.0,true,true,,true,conditional_window,false
7.7,48,pi_plus,5.260170718784654,direct_finite_q,0.0,7.428304427225382e-8,5.117799591203591e-10,1.048434934985195e-7,0,0,true,true,true,1.812619067535727e-7,1.812619067535727e-7,1.0e-10,0.00018133537080965482,1.6313774202182884e-6,true,0.0,true,true,,true,conditional_window,false
7.7,48,pi_plus,5.73517403050418,direct_finite_q,0.0,1.0566406117325823e-9,3.3441214941879374e-10,2.317966009873982e-9,0,0,true,true,true,3.6834767338881535e-7,3.6834767338881535e-7,1.0e-10,0.00019032662444097337,3.3151900720703525e-6,true,0.0,true,true,,true,conditional_window,false
7.7,48,pi_plus,6.181685885555359,direct_finite_q,0.0,-5.008239774659218e-13,2.2111437929192915e-10,4.270869671878932e-10,0,0,true,true,true,-2.1900401609459937e-12,-2.1900401609459937e-12,1.0e-10,-2.1900399370433105e-9,1.9710361442233497e-11,true,0.0,true,true,,true,conditional_window,false
7.7,48,pi_plus,6.592374607747902,direct_finite_q,0.0,-2.7306730608594417e-13,1.4825734782636079e-10,3.2581389379094294e-10,0,0,true,true,true,-1.7420357242510096e-12,-1.7420357242510096e-12,1.0e-10,-1.7420355540542506e-9,1.5678321514281404e-11,true,0.0,true,true,,true,conditional_window,false
7.7,48,pi_plus,6.960496766314217,direct_finite_q,0.0,-1.5885317317596728e-13,1.0189646252752504e-10,2.497078867780011e-10,0,0,true,true,true,-1.4175285148520292e-12,-1.4175285148520292e-12,1.0e-10,-1.4175283810143393e-9,1.2757756631031245e-11,true,0.0,true,true,,true,conditional_window,false
7.7,48,pi_plus,7.280007943895612,direct_finite_q,0.0,-9.940141509680269e-14,7.276483571161531e-11,1.9510205278901427e-10,0,0,true,true,true,-1.1842655390469984e-12,-1.1842655390469984e-12,1.0e-10,-1.1842654195083707e-9,1.0658389849579894e-11,true,0.0,true,true,,true,conditional_window,false
7.7,48,pi_plus,7.545662108017604,direct_finite_q,0.0,-6.737569489839316e-14,5.4604858585476477e-11,1.5731134932614154e-10,0,0,true,true,true,-1.0191583081981369e-12,-1.0191583081981369e-12,1.0e-10,-1.0191582070262256e-9,9.17242477241631e-12,true,0.0,true,true,,true,conditional_window,false
7.7,48,pi_plus,7.753098208010931,direct_finite_q,0.0,-4.975771151952841e-14,4.3458365655745754e-11,1.3218941728496445e-10,0,0,true,true,true,-9.060213489742644e-13,-9.060213489742644e-13,1.0e-10,-9.060212600693195e-10,8.154192139686708e-12,true,0.0,true,true,,true,conditional_window,false
7.7,48,pi_plus,7.898914223885238,direct_finite_q,0.0,-4.021966468804522e-14,3.6939505451505864e-11,1.1663342110572352e-10,0,0,true,true,true,-8.339061142713944e-13,-8.339061142713944e-13,1.0e-10,-8.339060330504886e-10,7.505155027525294e-12,true,0.0,true,true,,true,conditional_window,false
7.7,48,pi_plus,7.980748879988085,direct_finite_q,0.0,-3.569533546839428e-14,3.369576005530474e-11,1.086106710271802e-10,0,0,true,true,true,-7.959131034342218e-13,-7.959131034342218e-13,1.0e-10,-7.959130262192595e-10,7.163217930071908e-12,true,0.0,true,true,,true,conditional_window,false
7.7,48,pi_minus,0.019251120011914757,direct_finite_q,0.5677177343707145,-0.0006613346813121019,0.0,1.06465406825279e-5,1,1,true,true,true,-5.09763742329028e-9,0.9999999949023626,1.0e-10,0.999994902563543,4.587870868588461e-8,true,0.0,true,true,,true,conditional_window,false
7.7,48,pi_minus,0.1010857761147621,direct_finite_q,0.3229597190724802,-0.000678990155323902,1.760235843277765e-13,0.0001668340512336848,1,1,true,true,true,-5.244035983231754e-9,0.999999994755964,1.0e-10,0.9999947561761496,4.719629360834885e-8,true,0.0,true,true,,true,conditional_window,false
7.7,48,pi_minus,0.2469017919890688,direct_finite_q,0.16760351877849,-0.0007093944920167391,8.152914094797103e-11,0.0005154182478758722,1,1,true,true,true,-5.5338674753713235e-9,0.9999999944661325,1.0e-10,0.9999944663674972,4.980477393468632e-8,true,0.0,true,true,,true,conditional_window,false
7.7,48,pi_minus,0.4543378919823957,direct_finite_q,0.08606807812944313,-0.000749746174584398,6.790085878198422e-10,0.0008922170861090879,1,1,true,true,true,-6.020823284380583e-9,0.9999999939791767,1.0e-10,0.9999939794526082,5.418737020678789e-8,true,0.0,true,true,,true,conditional_window,false
7.7,48,pi_minus,0.7199920561043887,direct_finite_q,0.04413077848770018,-0.0007952506906379072,2.0324435520279193e-9,0.0011380721064999661,1,1,true,true,true,-6.805797592157603e-9,0.9999999931942024,1.0e-10,0.9999931945506736,6.125212937263153e-8,true,0.0,true,true,,true,conditional_window,false
7.7,48,pi_minus,1.0395032336857826,direct_finite_q,0.022625970838885356,-0.0008389140578776739,3.6757238521082482e-9,0.0011926708005785753,1,1,true,true,true,-8.080287217104853e-9,0.9999999919197128,1.0e-10,0.9999919201957119,7.272251570177815e-8,true,0.0,true,true,,true,conditional_window,false
7.7,48,pi_minus,1.4076253922520978,direct_finite_q,0.011659038630105574,-0.0008718963310701226,4.78277129388647e-9,0.0010828069740955201,1,1,true,true,true,-1.0233262792702646e-8,0.9999999897667372,1.0e-10,0.9999897674941788,9.209925589695967e-8,true,0.0,true,true,,true,conditional_window,false
7.7,48,pi_minus,1.8183141144446417,direct_finite_q,0.006095691742923442,-0.0008842947521656147,4.89177326776594e-9,0.0008728962832006768,1,1,true,true,true,-1.414989703185654e-8,0.999999985850103,1.0e-10,0.9999858515049237,1.2734886974100926e-7,true,0.0,true,true,,true,conditional_window,false
7.7,48,pi_minus,2.2648259694958197,direct_finite_q,0.003272550506883302,-0.0008657907961586507,4.195529955363733e-9,0.0006254223847347347,1,1,true,true,true,-2.2219670547940495e-8,0.9999999777803295,1.0e-10,0.999977783638592,1.99976542998482e-7,true,0.0,true,true,,true,conditional_window,false
7.7,48,pi_minus,2.7398292812153464,direct_finite_q,0.0018240132891934001,-0.0008065892373098258,3.1918702250940162e-9,0.0003869195082029229,1,1,true,true,true,-4.302591016802637e-8,0.9999999569740898,1.0e-10,0.9999569857686805,3.872314137610832e-7,true,0.0,true,true,,true,conditional_window,false
7.7,48,pi_minus,3.2355245301055344,direct_finite_q,0.0010603070026609094,-0.0007012586432005172,2.2571581422686674e-9,0.00019042121390717664,1,1,true,true,true,-1.3707795454287464e-7,0.9999998629220455,1.0e-10,0.999863031150917,1.2336843773023526e-6,true,0.0,true,true,,true,conditional_window,false
7.7,48,pi_minus,3.7437724285495775,direct_finite_q,0.0,8.334389196776524e-5,1.533568039734026e-9,5.9179448057717736e-5,0,0,true,true,true,4.2912397745387254e-7,4.2912397745387254e-7,1.0e-10,0.0004300832541335558,3.862274478652859e-6,true,0.0,true,true,,true,conditional_window,false
7.7,48,pi_minus,4.256227571450422,direct_finite_q,0.0,1.3013181502981312e-5,1.0206050209764454e-9,1.1943661526073753e-5,0,0,true,true,true,1.513259318163063e-7,1.513259318163063e-7,1.0e-10,0.00015142823814871914,1.3619516351422088e-6,true,0.0,true,true,,true,conditional_window,false
7.7,48,pi_minus,4.764475469894466,direct_finite_q,0.0,1.3975593950740008e-6,6.723122088158061e-10,1.6079761239371018e-6,0,0,true,true,true,1.394191540756282e-7,1.394191540756282e-7,1.0e-10,0.0001394882942844,1.2547863567412217e-6,true,0.0,true,true,,true,conditional_window,false
7.7,48,pi_minus,5.260170718784654,direct_finite_q,0.0,8.455183439105698e-8,4.414428511065512e-10,1.1913915436703096e-7,0,0,true,true,true,1.8114990130372996e-7,1.8114990130372996e-7,1.0e-10,0.00018122327455873273,1.6303693461377103e-6,true,0.0,true,true,,true,conditional_window,false
7.7,48,pi_minus,5.73517403050418,direct_finite_q,0.0,1.202327164195512e-9,2.907964873750485e-10,2.4880507551811336e-9,0,0,true,true,true,3.681891206395839e-7,3.681891206395839e-7,1.0e-10,0.00019024469031164227,3.31376304480954e-6,true,0.0,true,true,,true,conditional_window,false
7.7,48,pi_minus,6.181685885555359,direct_finite_q,0.0,-7.701074743885027e-13,1.9351268939367496e-10,3.731314000290508e-10,0,0,true,true,true,-2.350917226772241e-12,-2.350917226772241e-12,1.0e-10,-2.3509169825264273e-9,2.1158255033709137e-11,true,0.0,true,true,,true,conditional_window,false
7.7,48,pi_minus,6.592374607747902,direct_finite_q,0.0,-4.1988909260888074e-13,1.3040711248072457e-10,2.861901496987218e-10,0,0,true,true,true,-1.8681847759143494e-12,-1.8681847759143494e-12,1.0e-10,-1.8681845909560992e-9,1.6813662978651492e-11,true,0.0,true,true,,true,conditional_window,false
7.7,48,pi_minus,6.960496766314217,direct_finite_q,0.0,-2.4426676098121903e-13,8.998193792175533e-11,2.2025487302231535e-10,0,0,true,true,true,-1.5191782598821052e-12,-1.5191782598821052e-12,1.0e-10,-1.519178114843302e-9,1.3672604335907808e-11,true,0.0,true,true,,true,conditional_window,false
7.7,48,pi_minus,7.280007943895612,direct_finite_q,0.0,-1.5285047281119624e-13,6.445158154996182e-11,1.7263798869887038e-10,0,0,true,true,true,-1.2686249772835803e-12,-1.2686249772835803e-12,1.0e-10,-1.2686248481131e-9,1.1417624793435276e-11,true,0.0,true,true,,true,conditional_window,false
7.7,48,pi_minus,7.545662108017604,direct_finite_q,0.0,-1.0360614023856219e-13,4.847648597609693e-11,1.3952978015207998e-10,0,0,true,true,true,-1.0914325870162136e-12,-1.0914325870162136e-12,1.0e-10,-1.0914324778426765e-9,9.822893281576635e-12,true,0.0,true,true,,true,conditional_window,false
7.7,48,pi_minus,7.753098208010931,direct_finite_q,0.0,-7.651531818955331e-14,3.864410206556953e-11,1.1744736953495398e-10,0,0,true,true,true,-9.700843859516424e-13,-9.700843859516424e-13,1.0e-10,-9.700842901061487e-10,8.730759472323323e-12,true,0.0,true,true,,true,conditional_window,false
7.7,48,pi_minus,7.898914223885238,direct_finite_q,0.0,-6.184855852277033e-14,3.288292280435647e-11,1.0374277149353647e-10,0,0,true,true,true,-8.927637470445473e-13,-8.927637470445473e-13,1.0e-10,-8.927636595360224e-10,8.034873722348327e-12,true,0.0,true,true,,true,conditional_window,false
7.7,48,pi_minus,7.980748879988085,direct_finite_q,0.0,-5.489119385386398e-14,3.001289157669986e-11,9.666524860529872e-11,0,0,true,true,true,-8.520370418899286e-13,-8.520370418899286e-13,1.0e-10,-8.520369587240729e-10,7.66833337604997e-12,true,0.0,true,true,,true,conditional_window,false
7.7,48,K_plus,0.019251120011914757,direct_finite_q,0.05273624679690452,-0.00038172912165405226,1.139624519759695e-11,9.829613117325123e-7,1,1,true,true,true,-6.07067174307474e-9,0.9999999939293283,1.0e-10,0.9999939296089029,5.46360055384305e-8,true,0.0,true,true,,true,conditional_window,false
7.7,48,K_plus,0.1010857761147621,direct_finite_q,0.045313842582440436,-0.0003908211220815312,8.679813554468423e-12,2.3255159222567036e-5,1,1,true,true,true,-6.240610250785039e-9,0.9999999937593897,1.0e-10,0.9999937596852359,5.616545159032459e-8,true,0.0,true,true,,true,conditional_window,false
7.7,48,K_plus,0.2469017919890688,direct_finite_q,0.03488599674283442,-0.000406522918418086,5.653572861966117e-12,0.00010648277796760959,1,1,true,true,true,-6.574173982976106e-9,0.999999993425826,1.0e-10,0.9999934261520166,5.916752075232165e-8,true,0.0,true,true,,true,conditional_window,false
7.7,48,K_plus,0.4543378919823957,direct_finite_q,0.024446857959308187,-0.00042748323942002833,3.73882640068387e-12,0.0002511827864480542,1,1,true,true,true,-7.127614942703531e-9,0.9999999928723851,1.0e-10,0.9999928727648176,6.414848113775631e-8,true,0.0,true,true,,true,conditional_window,false
7.7,48,K_plus,0.7199920561043887,direct_finite_q,0.015873722285048315,-0.00045139209924701095,3.2111991594558738e-12,0.00040501925035648343,1,1,true,true,true,-8.005885065998086e-9,0.9999999919941149,1.0e-10,0.9999919945879395,7.205289712716328e-8,true,0.0,true,true,,true,conditional_window,false
7.7,48,K_plus,1.0395032336857826,direct_finite_q,0.009727169125983025,-0.00047482526879996445,3.57263897520895e-12,0.000506493309712476,1,1,true,true,true,-9.40587907560797e-9,0.9999999905941209,1.0e-10,0.99999059476164,8.465281999156542e-8,true,0.0,true,true,,true,conditional_window,false
7.7,48,K_plus,1.4076253922520978,direct_finite_q,0.005731292329281707,-0.0004932658277435524,4.912616715354024e-12,0.0005257897745037625,1,1,true,true,true,-1.1719525794262609e-8,0.9999999882804742,1.0e-10,0.9999882814435792,1.0547559202205907e-7,true,0.0,true,true,,true,conditional_window,false
7.7,48,K_plus,1.8183141144446417,direct_finite_q,0.0033089872133986857,-0.0005013328897206311,8.246093406493637e-12,0.0004702748101358397,1,1,true,true,true,-1.5807564590630818e-8,0.9999999841924354,1.0e-10,0.999984194136788,1.4226782973351698e-7,true,0.0,true,true,,true,conditional_window,false
7.7,48,K_plus,2.2648259694958197,direct_finite_q,0.001907021075188631,-0.0004931681858745607,1.372860552022051e-11,0.00036740423603125703,1,1,true,true,true,-2.3847854468961316e-8,0.9999999761521455,1.0e-10,0.9999761558248211,2.1463013574354857e-7,true,0.0,true,true,,true,conditional_window,false
7.7,48,K_plus,2.7398292812153464,direct_finite_q,0.00111523444806601,-0.000463453444169139,1.9580842522135625e-11,0.00024786715178723846,1,1,true,true,true,-4.2669002331408024e-8,0.9999999573309977,1.0e-10,0.9999573419392102,3.8401932140618824e-7,true,0.0,true,true,,true,conditional_window,false
7.7,48,K_plus,3.2355245301055344,direct_finite_q,0.0006694025258055734,-0.000409926035626352,2.3526420925095436e-11,0.00013761244357567831,1,1,true,true,true,-1.0421279006411766e-7,0.9999998957872099,1.0e-10,0.999895845751715,9.379055665887841e-7,true,0.0,true,true,,true,conditional_window,false
7.7,48,K_plus,3.7437724285495775,direct_finite_q,0.00041348105341508626,-0.0003362908905452553,2.4521427683425895e-11,5.480891909687421e-5,1,1,true,true,true,-8.222957731396363e-7,0.9999991777042269,1.0e-10,0.9991807757700623,7.4001177486562855e-6,true,0.0,true,true,,true,conditional_window,false
7.7,48,K_plus,4.256227571450422,direct_finite_q,0.0,1.3111255123495001e-5,2.2924140088730678e-11,1.203275205622518e-5,0,0,true,true,true,4.59070401593693e-7,4.59070401593693e-7,1.0e-10,0.00045977329067584084,4.1317811519369945e-6,true,0.0,true,true,,true,conditional_window,false
7.7,48,K_plus,4.764475469894466,direct_finite_q,0.0,1.541641688537542e-6,1.976046317635494e-11,1.7729213178871357e-6,0,0,true,true,true,5.667584411622043e-7,5.667584411622043e-7,1.0e-10,0.0003889433698655184,5.100989573176769e-6,true,0.0,true,true,,true,conditional_window,false
7.7,48,K_plus,5.260170718784654,direct_finite_q,0.0,1.0745169375474897e-7,1.6059738309026768e-11,1.50642705968465e-7,0,0,true,true,true,-1.5276399017498924e-9,-1.5276399017498924e-9,1.0e-10,-5.609138496317963e-7,1.3748758328711188e-8,true,0.0,true,true,,true,conditional_window,false
7.7,48,K_plus,5.73517403050418,direct_finite_q,0.0,1.7880138798637925e-9,1.2539647776569456e-11,3.0003332674272834e-9,0,0,true,true,true,-2.9207339548861024e-10,-2.9207339548861024e-10,1.0e-10,-2.9207322065432096e-7,2.6286605100486993e-9,true,0.0,true,true,,true,conditional_window,false
7.7,48,K_plus,6.181685885555359,direct_finite_q,0.0,-6.290656944859139e-13,9.562361607009092e-12,1.7294015559620507e-11,0,0,true,true,true,-4.870202960430013e-12,-4.870202960430013e-12,1.0e-10,-4.870202331973252e-9,4.38318266130254e-11,true,0.0,true,true,,true,conditional_window,false
7.7,48,K_plus,6.592374607747902,direct_finite_q,0.0,-3.461633338016252e-13,7.183896634277836e-12,1.505449432534101e-11,0,0,true,true,true,-4.03658517502882e-12,-4.03658517502882e-12,1.0e-10,-4.0365846522769825e-9,3.632926655407535e-11,true,0.0,true,true,,true,conditional_window,false
7.7,48,K_plus,6.960496766314217,direct_finite_q,0.0,-2.027269235148925e-13,5.4006621778142815e-12,1.2757970589216393e-11,0,0,true,true,true,-3.414344634304638e-12,-3.414344634304638e-12,1.0e-10,-3.4143442135715868e-9,3.0729101693587426e-11,true,0.0,true,true,,true,conditional_window,false
7.7,48,K_plus,7.280007943895612,direct_finite_q,0.0,-1.2747531511803083e-13,4.1349140006313425e-12,1.0759717072346953e-11,0,0,true,true,true,-2.9540624875426405e-12,-2.9540624875426405e-12,1.0e-10,-2.954062137234444e-9,2.6586562376540297e-11,true,0.0,true,true,,true,conditional_window,false
7.7,48,K_plus,7.545662108017604,direct_finite_q,0.0,-8.671107530569442e-14,3.2712194438261682e-12,9.185596434610869e-12,0,0,true,true,true,-2.6196593734092705e-12,-2.6196593734092705e-12,1.0e-10,-2.6196590715798656e-9,2.3576934351762435e-11,true,0.0,true,true,,true,conditional_window,false
7.7,48,K_plus,7.753098208010931,direct_finite_q,0.0,-6.419631749338393e-14,2.7051194883173395e-12,8.042231980673624e-12,0,0,true,true,true,-2.3853641124846646e-12,-2.3853641124846646e-12,1.0e-10,-2.38536384327542e-9,2.146827700496476e-11,true,0.0,true,true,,true,conditional_window,false
7.7,48,K_plus,7.898914223885238,direct_finite_q,0.0,-5.197502506065828e-14,2.358726740682386e-12,7.291315766620464e-12,0,0,true,true,true,-2.2334214929819816e-12,-2.2334214929819816e-12,1.0e-10,-2.2334212443347578e-9,2.010079343035242e-11,true,0.0,true,true,,true,conditional_window,false
7.7,48,K_plus,7.980748879988085,direct_finite_q,0.0,-4.616815529879507e-14,2.181544255896697e-12,6.890201581955521e-12,0,0,true,true,true,-2.1524539612839367e-12,-2.1524539612839367e-12,1.0e-10,-2.1524537234035483e-9,1.9372085645531357e-11,true,0.0,true,true,,true,conditional_window,false
7.7,48,K_minus,0.019251120011914757,direct_finite_q,0.01518099563901453,-0.0001131861684434966,8.628922505473402e-10,2.8289964772410487e-7,1,1,true,true,true,-6.120878914828154e-9,0.9999999938791211,1.0e-10,0.9999938794061968,5.50878711827656e-8,true,0.0,true,true,,true,conditional_window,false
7.7,48,K_minus,0.1010857761147621,direct_finite_q,0.013109922067408833,-0.00011587372383274717,6.673951940149665e-10,6.726588479900905e-6,1,1,true,true,true,-6.291302367955609e-9,0.9999999937086976,1.0e-10,0.9999937089979339,5.662167982481877e-8,true,0.0,true,true,,true,conditional_window,false
7.7,48,K_minus,0.2469017919890688,direct_finite_q,0.010164176305382137,-0.00012051260124601302,4.694495011286068e-10,3.101779532506818e-5,1,1,true,true,true,-6.625424098238852e-9,0.9999999933745759,1.0e-10,0.9999933749070508,5.962877044654693e-8,true,0.0,true,true,,true,conditional_window,false
7.7,48,K_minus,0.4543378919823957,direct_finite_q,0.007172422538510626,-0.00012669570884766285,3.622608406110433e-10,7.368074352407648e-5,1,1,true,true,true,-7.178875494062709e-9,0.9999999928211245,1.0e-10,0.9999928215098275,6.460982441096821e-8,true,0.0,true,true,,true,conditional_window,false
7.7,48,K_minus,0.7199920561043887,direct_finite_q,0.004683042086703371,-0.00013372990633684658,3.533646773188852e-10,0.0001194734602013566,1,1,true,true,true,-8.05549760229951e-9,0.9999999919445024,1.0e-10,0.9999919449812126,7.249940954457451e-8,true,0.0,true,true,,true,conditional_window,false
7.7,48,K_minus,1.0395032336857826,direct_finite_q,0.0028802682474744867,-0.00014059059193698267,4.024226480572944e-10,0.00014997590102639675,1,1,true,true,true,-9.450198512617192e-9,0.9999999905498015,1.0e-10,0.9999905504482779,8.505169363688374e-8,true,0.0,true,true,,true,conditional_window,false
7.7,48,K_minus,1.4076253922520978,direct_finite_q,0.001700386886598381,-0.00014593225233814648,4.693818654087076e-10,0.00015603521620473953,1,1,true,true,true,-1.1750951434130741e-8,0.9999999882490486,1.0e-10,0.9999882500232943,1.0575842037334346e-7,true,0.0,true,true,,true,conditional_window,false
7.7,48,K_minus,1.8183141144446417,direct_finite_q,0.000982303978171968,-0.00014816102603989356,5.092806339834024e-10,0.00013971686381816014,1,1,true,true,true,-1.580887032393008e-8,0.9999999841911297,1.0e-10,0.9999841928312112,1.4227958223645996e-7,true,0.0,true,true,,true,conditional_window,false
7.7,48,K_minus,2.2648259694958197,direct_finite_q,0.0005658789587026924,-0.00014556335465995912,4.945348560250215e-10,0.00010922346642794746,1,1,true,true,true,-2.377155161603639e-8,0.9999999762284484,1.0e-10,0.9999762321041598,2.1394341341807867e-7,true,0.0,true,true,,true,conditional_window,false
7.7,48,K_minus,2.7398292812153464,direct_finite_q,0.0003305559624179206,-0.0001366104673497,4.3280265654441086e-10,7.375609753960759e-5,1,1,true,true,true,-4.233615957804915e-8,0.9999999576638404,1.0e-10,0.9999576746120292,3.810237620621552e-7,true,0.0,true,true,,true,conditional_window,false
7.7,48,K_minus,3.2355245301055344,direct_finite_q,0.0001981111466181998,-0.00012070270642483512,3.493885496326398e-10,4.105347546285882e-5,1,1,true,true,true,-1.024372264790685e-7,0.9999998975627735,1.0e-10,0.9998976193380522,9.219258165489178e-7,true,0.0,true,true,,true,conditional_window,false
7.7,48,K_minus,3.7437724285495775,direct_finite_q,0.00012219148437960143,-9.898931139610002e-5,2.662292929233502e-10,1.647489994056161e-5,1,1,true,true,true,-7.504036744210296e-7,0.9999992495963256,1.0e-10,0.9992521549787517,6.753179856204519e-6,true,0.0,true,true,,true,conditional_window,false
7.7,48,K_minus,4.256227571450422,direct_finite_q,0.0,3.968732151434746e-6,1.949065452155353e-10,3.6424454614117644e-6,0,0,true,true,true,4.728427371432865e-7,4.728427371432865e-7,1.0e-10,0.00047358845962304144,4.255741157350326e-6,true,0.0,true,true,,true,conditional_window,false
7.7,48,K_minus,4.764475469894466,direct_finite_q,0.0,4.684045264726829e-7,1.38892544608333e-10,5.388281690963483e-7,0,0,true,true,true,5.734658663162481e-7,5.734658663162481e-7,1.0e-10,0.00039354787239098503,5.161360295051814e-6,true,0.0,true,true,,true,conditional_window,false
7.7,48,K_minus,5.260170718784654,direct_finite_q,0.0,3.283756335883104e-8,9.736583467735134e-11,4.6166470344151983e-8,0,0,true,true,true,-4.335474286832733e-10,-4.335474286832733e-10,1.0e-10,-1.5918855247131163e-7,3.901926818750553e-9,true,0.0,true,true,,true,conditional_window,false
7.7,48,K_minus,5.73517403050418,direct_finite_q,0.0,5.543293968046591e-10,6.779936529434355e-11,1.0366776621160359e-9,0,0,true,true,true,-8.543963668873453e-11,-8.543963668873453e-11,1.0e-10,-8.543962270365718e-8,7.689567264989273e-10,true,0.0,true,true,,true,conditional_window,false
7.7,48,K_minus,6.181685885555359,direct_finite_q,0.0,-3.306757671387429e-15,4.733521521302578e-11,9.163009591408836e-11,0,0,true,true,true,-1.456742740978675e-12,-1.456742740978675e-12,1.0e-10,-1.456742590287461e-9,1.3110684666056553e-11,true,0.0,true,true,,true,conditional_window,false
7.7,48,K_minus,6.592374607747902,direct_finite_q,0.0,-1.8153048201986632e-15,3.3226752005760896e-11,7.315064788930725e-11,0,0,true,true,true,-1.226958031686515e-12,-1.226958031686515e-12,1.0e-10,-1.226957907611105e-9,1.1042622283228068e-11,true,0.0,true,true,,true,conditional_window,false
7.7,48,K_minus,6.960496766314217,direct_finite_q,0.0,-1.060758702944972e-15,2.3712655837662764e-11,5.819846108905641e-11,0,0,true,true,true,-1.049367969682285e-12,-1.049367969682285e-12,1.0e-10,-1.049367865444166e-9,9.444311725714633e-12,true,0.0,true,true,,true,conditional_window,false
7.7,48,K_minus,7.280007943895612,direct_finite_q,0.0,-6.657390644966659e-16,1.7454135035121563e-11,4.686145098996419e-11,0,0,true,true,true,-9.146869828488445e-13,-9.146869828488445e-13,1.0e-10,-9.146868932295396e-10,8.232182844556727e-12,true,0.0,true,true,,true,conditional_window,false
7.7,48,K_minus,7.545662108017604,direct_finite_q,0.0,-4.521463390072095e-16,1.341139431637868e-11,3.868336594735407e-11,0,0,true,true,true,-8.151171455975487e-13,-8.151171455975487e-13,1.0e-10,-8.151170665503094e-10,7.336054309518313e-12,true,0.0,true,true,,true,conditional_window,false
7.7,48,K_minus,7.753098208010931,direct_finite_q,0.0,-3.343546038293499e-16,1.0862688762892173e-11,3.30784230956982e-11,0,0,true,true,true,-7.445219525474741e-13,-7.445219525474741e-13,1.0e-10,-7.445218808746046e-10,6.700697572210293e-12,true,0.0,true,true,,true,conditional_window,false
7.7,48,K_minus,7.898914223885238,direct_finite_q,0.0,-2.7048338754059063e-16,9.343648007145772e-12,2.953309426025684e-11,0,0,true,true,true,-6.983867730077573e-13,-6.983867730077573e-13,1.0e-10,-6.983867060998535e-10,6.28548095643906e-12,true,0.0,true,true,,true,conditional_window,false
7.7,48,K_minus,7.980748879988085,direct_finite_q,0.0,-2.4015858439018345e-16,8.578854363190736e-12,2.7680548240197357e-11,0,0,true,true,true,-6.736919773446152e-13,-6.736919773446152e-13,1.0e-10,-6.736919129696261e-10,6.063227795514659e-12,true,0.0,true,true,,true,conditional_window,false
3.0,48,pi_plus,0.019251120011914757,direct_finite_q,0.16724774501302198,-5.006768934544664e-6,2.1490027541923896e-14,3.1399991562542042e-6,1,1,true,true,true,-5.148899639983995e-9,0.9999999948511004,1.0e-10,0.9999948513052657,4.6340067791190925e-8,true,0.0,true,true,,true,conditional_window,false
3.0,48,pi_plus,0.1010857761147621,direct_finite_q,0.07720030809135751,-5.167640774973531e-6,2.46778344544772e-12,3.996136554798226e-5,1,1,true,true,true,-5.29511701152785e-9,0.999999994704883,1.0e-10,0.99999470509893,4.765602412830027e-8,true,0.0,true,true,,true,conditional_window,false
3.0,48,pi_plus,0.2469017919890688,direct_finite_q,0.029041254405246297,-5.428095977600004e-6,1.5688352290716085e-11,8.967118996375375e-5,1,1,true,true,true,-5.584373408140664e-9,0.9999999944156266,1.0e-10,0.9999944158656783,5.0259326935690276e-8,true,0.0,true,true,,true,conditional_window,false
3.0,48,pi_plus,0.4543378919823957,direct_finite_q,0.010053458692674775,-5.7309897424731764e-6,4.280810848780019e-11,0.00010507418622200502,1,1,true,true,true,-6.069692859433928e-9,0.9999999939303071,1.0e-10,0.9999939305872658,5.4627196250110763e-8,true,0.0,true,true,,true,conditional_window,false
3.0,48,pi_plus,0.7199920561043887,direct_finite_q,0.0033153926832849567,-5.985324302579839e-6,6.913124046923739e-11,8.69112319105768e-5,1,1,true,true,true,-6.850167877381352e-9,0.9999999931498321,1.0e-10,0.9999931501846727,6.165146144189793e-8,true,0.0,true,true,,true,conditional_window,false
3.0,48,pi_plus,1.0395032336857826,direct_finite_q,0.001062692438742314,-6.077303421986435e-6,7.169885072318768e-11,5.7841401200578155e-5,1,1,true,true,true,-8.112490013090223e-9,0.99999999188751,1.0e-10,0.9999918879963978,7.301234056657184e-8,true,0.0,true,true,,true,conditional_window,false
3.0,48,pi_plus,1.4076253922520978,direct_finite_q,0.00033802977731108415,-5.9050281710015696e-6,4.979287503063208e-11,3.3338476413398896e-5,1,1,true,true,true,-1.0232817149180562e-8,0.9999999897671829,1.0e-10,0.999989767893783,9.20956539541224e-8,true,0.0,true,true,,true,conditional_window,false
3.0,48,pi_plus,1.8183141144446417,direct_finite_q,0.00010925921978253824,-5.423602198305833e-6,2.472998204212024e-11,1.7392200464073864e-5,1,1,true,true,true,-1.4059536757038416e-8,0.9999999859404632,1.0e-10,0.9999859419713011,1.2653450553642085e-7,true,0.0,true,true,,true,conditional_window,false
3.0,48,pi_plus,2.2648259694958197,direct_finite_q,3.679186632294195e-5,-4.664725325943693e-6,9.768431268977988e-12,8.348570956307871e-6,1,1,true,true,true,-2.1846873865527527e-8,0.9999999781531261,1.0e-10,0.9999781565173023,1.9661964324017368e-7,true,0.0,true,true,,true,conditional_window,false
3.0,48,pi_plus,2.7398292812153464,direct_finite_q,1.318907349933181e-5,-3.711839386942788e-6,3.4368617640317795e-12,3.6041182445137315e-6,1,1,true,true,true,-4.144295406849352e-8,0.9999999585570459,1.0e-10,0.9999585678781736,3.729849373868474e-7,true,0.0,true,true,,true,conditional_window,false
3.0,48,pi_plus,3.2355245301055344,direct_finite_q,5.08338758659373e-6,-2.672025427451383e-6,1.1586837832850534e-12,1.2788579350624792e-6,1,1,true,true,true,-1.2315479258617756e-7,0.9999998768452074,1.0e-10,0.9998769343807739,1.1083693928369511e-6,true,0.0,true,true,,true,conditional_window,false
3.0,48,pi_plus,3.7437724285495775,direct_finite_q,0.0,4.013515438763004e-7,3.8566759092052677e-13,2.849800755664005e-7,0,0,true,true,true,5.949507921628105e-7,5.949507921628105e-7,1.0e-10,0.0005967920304963282,5.3548146954479945e-6,true,0.0,true,true,,true,conditional_window,false
3.0,48,pi_plus,4.256227571450422,direct_finite_q,0.0,4.322445470850625e-8,1.2840013884322337e-13,3.9668954421559154e-8,0,0,true,true,true,1.6226003334286058e-7,1.6226003334286058e-7,1.0e-10,0.00016237638935062384,1.4603483254065295e-6,true,0.0,true,true,,true,conditional_window,false
3.0,48,pi_plus,4.764475469894466,direct_finite_q,0.0,3.2042506774364255e-9,4.328080379514114e-14,3.6849601908534145e-9,0,0,true,true,true,1.4479803079226917e-7,1.4479803079226917e-7,1.0e-10,0.00014487280401333585,1.3031973622819549e-6,true,0.0,true,true,,true,conditional_window,false
3.0,48,pi_plus,5.260170718784654,direct_finite_q,0.0,1.3510173189836276e-10,1.498385892860346e-14,1.8939958286710737e-10,0,0,true,true,true,1.8559484800248942e-7,1.8559484800248942e-7,1.0e-10,0.00018567236517275868,1.6703749053601275e-6,true,0.0,true,true,,true,conditional_window,false
3.0,48,pi_plus,5.73517403050418,direct_finite_q,0.0,1.3701662226489417e-12,5.410722600674385e-15,2.29217804824005e-12,0,0,true,true,true,3.739295578783386e-7,3.739295578783386e-7,1.0e-10,0.00019418016855856626,3.365399183725764e-6,true,0.0,true,true,,true,conditional_window,false
3.0,48,pi_plus,6.181685885555359,direct_finite_q,0.0,-2.3787596463277637e-19,2.068897989215354e-15,4.004730229071708e-15,0,0,true,true,true,-1.403831619874015e-14,-1.403831619874015e-14,1.0e-10,-1.4038190389971561e-11,1.2634372363076973e-13,true,0.0,true,true,,true,conditional_window,false
3.0,48,pi_plus,6.592374607747902,direct_finite_q,0.0,-8.560817384727704e-20,8.441200227862662e-16,1.858292908892811e-15,0,0,true,true,true,-9.215031303873199e-15,-9.215031303873199e-15,1.0e-10,-9.214948720964931e-12,8.293454512805361e-14,true,0.0,true,true,,true,conditional_window,false
3.0,48,pi_plus,6.960496766314217,direct_finite_q,0.0,-3.427312943400762e-20,3.734683813354916e-16,9.16568047969134e-16,0,0,true,true,true,-6.3180315319654244e-15,-6.3180315319654244e-15,1.0e-10,-6.318030970247597e-12,5.686228378762236e-14,true,0.0,true,true,,true,conditional_window,false
3.0,48,pi_plus,7.280007943895612,direct_finite_q,0.0,-1.5490985505159493e-20,1.8259800385772678e-16,4.902223926631615e-16,0,0,true,true,true,-4.548308214054834e-15,-4.548308214054834e-15,1.0e-10,-4.548307809767851e-12,4.093477392645692e-14,true,0.0,true,true,,true,conditional_window,false
3.0,48,pi_plus,7.545662108017604,direct_finite_q,0.0,-8.006687970900575e-21,1.0023830026385462e-16,2.8911056928337886e-16,0,0,true,true,true,-3.4569584492968638e-15,-3.4569584492968638e-15,1.0e-10,-3.456958142059909e-12,3.111262604364931e-14,true,0.0,true,true,,true,conditional_window,false
3.0,48,pi_plus,7.753098208010931,direct_finite_q,0.0,-4.783171594367852e-21,6.258441004608891e-17,1.905696773570515e-16,0,0,true,true,true,-2.7880448322776546e-15,-2.7880448322776546e-15,1.0e-10,-2.788044584511898e-12,2.5092403490483444e-14,true,0.0,true,true,,true,conditional_window,false
3.0,48,pi_plus,7.898914223885238,direct_finite_q,0.0,-3.3302007446320818e-21,4.4884267176972384e-17,1.4186229110802637e-16,0,0,true,true,true,-2.395812749624963e-15,-2.395812749624963e-15,1.0e-10,-2.3958125367267904e-12,2.156231474661275e-14,true,0.0,true,true,,true,conditional_window,false
3.0,48,pi_plus,7.980748879988085,direct_finite_q,0.0,-2.717953521405144e-21,3.722842249232504e-17,1.201158935097457e-16,0,0,true,true,true,-2.200016032456931e-15,-2.200016032456931e-15,1.0e-10,-2.2000158369628663e-12,1.9800144292102074e-14,true,0.0,true,true,,true,conditional_window,false
3.0,48,pi_minus,0.019251120011914757,direct_finite_q,0.1898652025045417,-5.575341221898797e-6,0.0,3.564633510301674e-6,1,1,true,true,true,-5.143540815488734e-9,0.9999999948564592,1.0e-10,0.9999948566635382,4.629183969765503e-8,true,0.0,true,true,,true,conditional_window,false
3.0,48,pi_minus,0.1010857761147621,direct_finite_q,0.08673568642457408,-5.754481606668812e-6,4.501290589527862e-14,4.4897211067764714e-5,1,1,true,true,true,-5.289673699060415e-9,0.9999999947103263,1.0e-10,0.9999947105420297,4.760703213620888e-8,true,0.0,true,true,,true,conditional_window,false
3.0,48,pi_minus,0.2469017919890688,direct_finite_q,0.03244931127210113,-6.044543518071885e-6,3.3045088637523415e-12,0.00010019437027901169,1,1,true,true,true,-5.578863371269449e-9,0.9999999944211366,1.0e-10,0.9999944213751822,5.0209737282034744e-8,true,0.0,true,true,,true,conditional_window,false
3.0,48,pi_minus,0.4543378919823957,direct_finite_q,0.011209110352913035,-6.381931904101862e-6,1.8276037956509542e-11,0.00011715261440309258,1,1,true,true,true,-6.064284852058677e-9,0.9999999939357151,1.0e-10,0.9999939359946886,5.457852514064723e-8,true,0.0,true,true,,true,conditional_window,false
3.0,48,pi_minus,0.7199920561043887,direct_finite_q,0.0036937295452117535,-6.665381330417943e-6,3.975891104599821e-11,9.682920553980279e-5,1,1,true,true,true,-6.845223610163487e-9,0.9999999931547764,1.0e-10,0.9999931551284847,6.160696265474453e-8,true,0.0,true,true,,true,conditional_window,false
3.0,48,pi_minus,1.0395032336857826,direct_finite_q,0.0011836877951311715,-6.7682351226459626e-6,4.772572349214394e-11,6.442712423553844e-5,1,1,true,true,true,-8.108532956185854e-9,0.999999991891467,1.0e-10,0.9999918919529661,7.297672725969255e-8,true,0.0,true,true,,true,conditional_window,false
3.0,48,pi_minus,1.4076253922520978,direct_finite_q,0.000376499316447668,-6.5770181669289604e-6,3.5677846550392063e-11,3.713256897735369e-5,1,1,true,true,true,-1.0230466696015128e-8,0.9999999897695333,1.0e-10,0.9999897702892272,9.207409191375187e-8,true,0.0,true,true,,true,conditional_window,false
3.0,48,pi_minus,1.8183141144446417,direct_finite_q,0.00012169644574773935,-6.041595852903416e-6,1.8303394011386046e-11,1.9371890109397394e-5,1,1,true,true,true,-1.4059029940227674e-8,0.9999999859409701,1.0e-10,0.999985942228386,1.265321913648346e-7,true,0.0,true,true,,true,conditional_window,false
3.0,48,pi_minus,2.2648259694958197,direct_finite_q,4.098240093862604e-5,-5.196985517281942e-6,7.28991083553067e-12,9.299210592551552e-6,1,1,true,true,true,-2.1849396847350988e-8,0.9999999781506032,1.0e-10,0.9999781536070638,1.9664584295334374e-7,true,0.0,true,true,,true,conditional_window,false
3.0,48,pi_minus,2.7398292812153464,direct_finite_q,1.46924273501504e-5,-4.135832709584922e-6,2.5594537491655255e-12,4.0145901557125856e-6,1,1,true,true,true,-4.145335685823426e-8,0.9999999585466431,1.0e-10,0.9999585574800472,3.730785618907468e-7,true,0.0,true,true,,true,conditional_window,false
3.0,48,pi_minus,3.2355245301055344,direct_finite_q,5.66323485828434e-6,-2.977364682197549e-6,8.602593080833063e-13,1.4244421245000296e-6,1,1,true,true,true,-1.232143335139213e-7,0.9999998767856665,1.0e-10,0.9998768727397632,1.108924942726248e-6,true,0.0,true,true,,true,conditional_window,false
3.0,48,pi_minus,3.7437724285495775,direct_finite_q,0.0,4.469838073322406e-7,2.8603921795558265e-13,3.173812091815221e-7,0,0,true,true,true,5.94101412934139e-7,5.94101412934139e-7,1.0e-10,0.0005959480017016511,5.347264470022436e-6,true,0.0,true,true,,true,conditional_window,false
3.0,48,pi_minus,4.256227571450422,direct_finite_q,0.0,4.8139212908338346e-8,9.527623353404475e-14,4.417939711435265e-8,0,0,true,true,true,1.622227736117423e-7,1.622227736117423e-7,1.0e-10,0.00016234196167408114,1.4600389167652571e-6,true,0.0,true,true,,true,conditional_window,false
3.0,48,pi_minus,4.764475469894466,direct_finite_q,0.0,3.568852518092907e-9,3.215045801617153e-14,4.104242026714614e-9,0,0,true,true,true,1.4478367562438546e-7,1.4478367562438546e-7,1.0e-10,0.0001448584365872829,1.3030681627798124e-6,true,0.0,true,true,,true,conditional_window,false
3.0,48,pi_minus,5.260170718784654,direct_finite_q,0.0,1.5047981509685366e-10,1.114371214845363e-14,2.1095039695085187e-10,0,0,true,true,true,1.8558368941768014e-7,1.8558368941768014e-7,1.0e-10,0.0001856612005618384,1.6702744755386564e-6,true,0.0,true,true,,true,conditional_window,false
3.0,48,pi_minus,5.73517403050418,direct_finite_q,0.0,1.5262519281570095e-12,4.0283293078616945e-15,2.549966271192192e-12,0,0,true,true,true,3.739074697534375e-7,3.739074697534375e-7,1.0e-10,0.00019417214691460225,3.36526016443112e-6,true,0.0,true,true,,true,conditional_window,false
3.0,48,pi_minus,6.181685885555359,direct_finite_q,0.0,-4.04445444377918e-19,1.5416629825420971e-15,2.9837306838341834e-15,0,0,true,true,true,-1.4866717129590774e-14,-1.4866717129590774e-14,1.0e-10,-1.486684798254597e-11,1.3380164256319573e-13,true,0.0,true,true,,true,conditional_window,false
3.0,48,pi_minus,6.592374607747902,direct_finite_q,0.0,-1.4555516946637346e-19,6.294504978626295e-16,1.3855275238686876e-15,0,0,true,true,true,-9.74787952908673e-15,-9.74787952908673e-15,1.0e-10,-9.747965327915793e-12,8.773169497554543e-14,true,0.0,true,true,,true,conditional_window,false
3.0,48,pi_minus,6.960496766314217,direct_finite_q,0.0,-5.827245585123529e-20,2.786513861686427e-16,6.83787422739855e-16,0,0,true,true,true,-6.679253526148799e-15,-6.679253526148799e-15,1.0e-10,-6.679253050907984e-12,6.011328173526302e-14,true,0.0,true,true,,true,conditional_window,false
3.0,48,pi_minus,7.280007943895612,direct_finite_q,0.0,-2.6338271436298286e-20,1.363010636351294e-16,3.6588893906864755e-16,0,0,true,true,true,-4.8065931291704245e-15,-4.8065931291704245e-15,1.0e-10,-4.806592701891666e-12,4.325933816249165e-14,true,0.0,true,true,,true,conditional_window,false
3.0,48,pi_minus,7.545662108017604,direct_finite_q,0.0,-1.361342175024063e-20,7.484897899021164e-17,2.1585984007566931e-16,0,0,true,true,true,-3.6524864832969165e-15,-3.6524864832969165e-15,1.0e-10,-3.652486158659902e-12,3.28723783496462e-14,true,0.0,true,true,,true,conditional_window,false
3.0,48,pi_minus,7.753098208010931,direct_finite_q,0.0,-8.132625785420426e-21,4.6744337110654426e-17,1.4232273112521028e-16,0,0,true,true,true,-2.945368458988587e-15,-2.945368458988587e-15,1.0e-10,-2.9453681972252547e-12,2.650831613087928e-14,true,0.0,true,true,,true,conditional_window,false
3.0,48,pi_minus,7.898914223885238,direct_finite_q,0.0,-5.6622096073299094e-21,3.3529860053536224e-17,1.0596524569479338e-16,0,0,true,true,true,-2.5308234519936595e-15,-2.5308234519936595e-15,1.0e-10,-2.5308232270845312e-12,2.2777411067928987e-14,true,0.0,true,true,,true,conditional_window,false
3.0,48,pi_minus,7.980748879988085,direct_finite_q,0.0,-4.6211655410495946e-21,2.781328981537345e-17,8.973001649194365e-17,0,0,true,true,true,-2.323912477785639e-15,-2.323912477785639e-15,1.0e-10,-2.3239122712700145e-12,2.091521230005865e-14,true,0.0,true,true,,true,conditional_window,false
3.0,48,K_plus,0.019251120011914757,direct_finite_q,0.011967540913034314,-4.45759809840228e-6,1.726167613213043e-20,2.2460808708040092e-7,1,1,true,true,true,-6.104182270760816e-9,0.9999999938958177,1.0e-10,0.9999938961011782,5.49376014240633e-8,true,0.0,true,true,,true,conditional_window,false
3.0,48,K_plus,0.1010857761147621,direct_finite_q,0.009253796624839829,-4.58601998859529e-6,1.396766654362132e-20,4.788009761256017e-6,1,1,true,true,true,-6.273645936083483e-9,0.9999999937263541,1.0e-10,0.9999937266525947,5.6462772245033556e-8,true,0.0,true,true,,true,conditional_window,false
3.0,48,K_plus,0.2469017919890688,direct_finite_q,0.005925839514133354,-4.795983004822908e-6,1.2033921654580671e-20,1.828592764405396e-5,1,1,true,true,true,-6.606182600954469e-9,0.9999999933938174,1.0e-10,0.9999933941465905,5.94555965947565e-8,true,0.0,true,true,,true,conditional_window,false
3.0,48,K_plus,0.4543378919823957,direct_finite_q,0.003219490712457836,-5.0465245118161285e-6,1.2887730713752399e-20,3.361507355209423e-5,1,1,true,true,true,-7.1575805282719784e-9,0.9999999928424195,1.0e-10,0.999992842802335,6.441816998154065e-8,true,0.0,true,true,,true,conditional_window,false
3.0,48,K_plus,0.7199920561043887,direct_finite_q,0.0015269735611816288,-5.272439829552976e-6,1.888350321635169e-20,3.996271898495133e-5,1,1,true,true,true,-8.03153987760652e-9,0.9999999919684601,1.0e-10,0.9999919689356848,7.228379196802887e-8,true,0.0,true,true,,true,conditional_window,false
3.0,48,K_plus,1.0395032336857826,direct_finite_q,0.0006521420132853226,-5.389707643595287e-6,3.172811376895769e-20,3.540461971350664e-5,1,1,true,true,true,-9.42166422657209e-9,0.9999999905783358,1.0e-10,0.999990579061891,8.47941335910007e-8,true,0.0,true,true,,true,conditional_window,false
3.0,48,K_plus,1.4076253922520978,direct_finite_q,0.00025914629907219195,-5.3153910183677285e-6,4.768676759788522e-20,2.5479385364572682e-5,1,1,true,true,true,-1.171057784077334e-8,0.9999999882894222,1.0e-10,0.9999882904936317,1.0539412345679425e-7,true,0.0,true,true,,true,conditional_window,false
3.0,48,K_plus,1.8183141144446417,direct_finite_q,9.910812345520092e-5,-4.996758518468652e-6,6.597995055849131e-20,1.576340925377213e-5,1,1,true,true,true,-1.573268892940405e-8,0.9999999842673111,1.0e-10,0.9999842691352319,1.4159269395671465e-7,true,0.0,true,true,,true,conditional_window,false
3.0,48,K_plus,2.2648259694958197,direct_finite_q,3.770790084403371e-5,-4.4302458708772815e-6,1.1384655251267053e-19,8.647541322023441e-6,1,1,true,true,true,-2.3576620766796452e-8,0.9999999764233792,1.0e-10,0.9999764269743178,2.121890461724427e-7,true,0.0,true,true,,true,conditional_window,false
3.0,48,K_plus,2.7398292812153464,direct_finite_q,1.4699076583971404e-5,-3.656988881765238e-6,2.107816597230828e-19,4.199218341655774e-6,1,1,true,true,true,-4.1673605122305446e-8,0.9999999583263949,1.0e-10,0.9999583368331968,3.7506082478486274e-7,true,0.0,true,true,,true,conditional_window,false
3.0,48,K_plus,3.2355245301055344,direct_finite_q,5.993545883272689e-6,-2.7572027588047187e-6,2.969438604343694e-19,1.7163830330811919e-6,1,1,true,true,true,-9.891085650526321e-8,0.9999999010891435,1.0e-10,0.9999011428062147,8.901812003977843e-7,true,0.0,true,true,,true,conditional_window,false
3.0,48,K_plus,3.7437724285495775,direct_finite_q,2.5709000243793915e-6,-1.8549261027375049e-6,3.010549068274944e-19,5.08377529229866e-7,1,1,true,true,true,-6.288539876608823e-7,0.9999993711460123,1.0e-10,0.9993729540255126,5.659316923511712e-6,true,0.0,true,true,,true,conditional_window,false
3.0,48,K_plus,4.256227571450422,direct_finite_q,0.0,8.57510764608461e-8,2.3466170959277025e-19,7.869724353810833e-8,0,0,true,true,true,5.040685320418377e-7,5.040685320418377e-7,1.0e-10,0.0005049184943298655,4.536754940178696e-6,true,0.0,true,true,,true,conditional_window,false
3.0,48,K_plus,4.764475469894466,direct_finite_q,0.0,7.024772186306029e-9,1.5161765844943843e-19,8.078536549476619e-9,0,0,true,true,true,5.731101607897718e-7,5.731101607897718e-7,1.0e-10,0.0004084472667877508,5.158160886511775e-6,true,0.0,true,true,,true,conditional_window,false
3.0,48,K_plus,5.260170718784654,direct_finite_q,0.0,3.5150601765944485e-10,8.645199835836197e-20,4.927228490066247e-10,0,0,true,true,true,-3.5314642484659464e-11,-3.5314642484659464e-11,1.0e-10,-1.2193200478621365e-8,3.178317849073351e-10,true,0.0,true,true,,true,conditional_window,false
3.0,48,K_plus,5.73517403050418,direct_finite_q,0.0,4.3346123010668234e-12,4.576338558819845e-20,7.2229352951473975e-12,0,0,true,true,true,-4.966779746163851e-12,-4.966779746163851e-12,1.0e-10,-4.966735683655465e-9,4.470062072424229e-11,true,0.0,true,true,,true,conditional_window,false
3.0,48,K_plus,6.181685885555359,direct_finite_q,0.0,-9.28762650602698e-19,2.3443114915147455e-20,-1.752612953821515e-18,0,0,true,true,true,-6.632257966185137e-14,-6.632257966185137e-14,1.0e-10,-6.632198525462281e-11,5.968979154325659e-13,true,0.0,true,true,,true,conditional_window,false
3.0,48,K_plus,6.592374607747902,direct_finite_q,0.0,-3.432935792655341e-19,1.1961481475356064e-20,-7.294869464473231e-19,0,0,true,true,true,-4.6345635644303264e-14,-4.6345635644303264e-14,1.0e-10,-4.634563150401718e-11,4.17110720795728e-13,true,0.0,true,true,,true,conditional_window,false
3.0,48,K_plus,6.960496766314217,direct_finite_q,0.0,-1.404096422817602e-19,6.273972293862848e-21,-3.29226673467115e-19,0,0,true,true,true,-3.3950344743270347e-14,-3.3950344743270347e-14,1.0e-10,-3.395034171473519e-11,3.055531026877975e-13,true,0.0,true,true,,true,conditional_window,false
3.0,48,K_plus,7.280007943895612,direct_finite_q,0.0,-6.454336980622676e-20,3.4867391227646805e-21,-1.6393315608787189e-19,0,0,true,true,true,-2.6041242683939977e-14,-2.6041242683939977e-14,1.0e-10,-2.6041240363105628e-11,2.3437118415448146e-13,true,0.0,true,true,,true,conditional_window,false
3.0,48,K_plus,7.545662108017604,direct_finite_q,0.0,-3.379627891997186e-20,2.103791659683281e-21,-9.141580561061904e-20,0,0,true,true,true,-2.0933727241238354e-14,-2.0933727241238354e-14,1.0e-10,-2.0933725376724418e-11,1.884035451705026e-13,true,0.0,true,true,,true,conditional_window,false
3.0,48,K_plus,7.753098208010931,direct_finite_q,0.0,-2.0383414337420216e-20,1.4047164011367751e-21,-5.779459742749844e-20,0,0,true,true,true,-1.766803264185112e-14,-1.766803264185112e-14,1.0e-10,-1.766803106881676e-11,1.5901229377619552e-13,true,0.0,true,true,,true,conditional_window,false
3.0,48,K_plus,7.898914223885238,direct_finite_q,0.0,-1.4282931955326358e-20,1.052686187757981e-21,-4.1818934785244097e-20,0,0,true,true,true,-1.568688663481607e-14,-1.568688663481607e-14,1.0e-10,-1.568688523849954e-11,1.4118197971297417e-13,true,0.0,true,true,,true,conditional_window,false
3.0,48,K_plus,7.980748879988085,direct_finite_q,0.0,-1.1697822442210638e-20,8.939066102230528e-22,-3.486091182533688e-20,0,0,true,true,true,-1.4675045261390752e-14,-1.4675045261390752e-14,1.0e-10,-1.4675043955298345e-11,1.3207540735219033e-13,true,0.0,true,true,,true,conditional_window,false
3.0,48,K_minus,0.019251120011914757,direct_finite_q,0.00029399033887391596,-1.1079473854980638e-7,7.137847626226105e-14,5.5176178681232095e-9,1,1,true,true,true,-6.1424243469332396e-9,0.9999999938575757,1.0e-10,0.9999938578082668,5.5282268946624425e-8,true,0.0,true,true,,true,conditional_window,false
3.0,48,K_minus,0.1010857761147621,direct_finite_q,0.00022792318176382434,-1.139861265354847e-7,5.692494814057122e-14,1.1792926978175582e-7,1,1,true,true,true,-6.3126091021104e-9,0.9999999936873909,1.0e-10,0.999993687693064,5.6813439707303777e-8,true,0.0,true,true,,true,conditional_window,false
3.0,48,K_minus,0.2469017919890688,direct_finite_q,0.00014642584207873397,-1.1920249262260447e-7,4.8588083575948245e-14,4.518380268849126e-7,1,1,true,true,true,-6.645978101182948e-9,0.9999999933540219,1.0e-10,0.9999933543549051,5.981375574756042e-8,true,0.0,true,true,,true,conditional_window,false
3.0,48,K_minus,0.4543378919823957,direct_finite_q,7.976052193389787e-5,-1.2542236236558028e-7,5.634452099375683e-14,8.32784635476889e-7,1,1,true,true,true,-7.197647033940768e-9,0.999999992802353,1.0e-10,0.9999928026761284,6.477934387610862e-8,true,0.0,true,true,,true,conditional_window,false
3.0,48,K_minus,0.7199920561043887,direct_finite_q,3.789008938974224e-5,-1.310200793729922e-7,7.739312306125563e-14,9.916238201465445e-7,1,1,true,true,true,-8.070475954191636e-9,0.999999991929524,1.0e-10,0.999991929932653,7.263486003883098e-8,true,0.0,true,true,,true,conditional_window,false
3.0,48,K_minus,1.0395032336857826,direct_finite_q,1.6194408248116723e-5,-1.3390181418714594e-7,9.714093391427934e-14,8.791868558932201e-7,1,1,true,true,true,-9.45680067587773e-9,0.9999999905431993,1.0e-10,0.9999905437627323,8.511186845923515e-8,true,0.0,true,true,,true,conditional_window,false
3.0,48,K_minus,1.4076253922520978,direct_finite_q,6.436738724235569e-6,-1.32002837721462e-7,9.889910912883081e-14,6.328653946278627e-7,1,1,true,true,true,-1.1738274019457151e-8,0.999999988261726,1.0e-10,0.9999882625938419,1.0564526231617038e-7,true,0.0,true,true,,true,conditional_window,false
3.0,48,K_minus,1.8183141144446417,direct_finite_q,2.4614555411904025e-6,-1.2401805535408008e-7,7.987936379310046e-14,3.9151472277856634e-7,1,1,true,true,true,-1.5747809944954838e-8,0.99999998425219,1.0e-10,0.9999842537378105,1.417312998439311e-7,true,0.0,true,true,,true,conditional_window,false
3.0,48,K_minus,2.2648259694958197,direct_finite_q,9.36238026484122e-7,-1.0987641102219228e-7,5.2109156685478404e-14,2.1473858879243428e-7,1,1,true,true,true,-2.357034933897495e-8,0.9999999764296507,1.0e-10,0.999976433243492,2.1213260277684359e-7,true,0.0,true,true,,true,conditional_window,false
3.0,48,K_minus,2.7398292812153464,direct_finite_q,3.647928178230458e-7,-9.062962655452505e-8,2.8429244607550316e-14,1.0426209715144864e-7,1,1,true,true,true,-4.161785149836561e-8,0.9999999583821485,1.0e-10,0.9999583925583095,3.745590452116526e-7,true,0.0,true,true,,true,conditional_window,false
3.0,48,K_minus,3.2355245301055344,direct_finite_q,1.486643789115101e-7,-6.829339462455216e-8,1.3517626525667289e-14,4.262447202852119e-8,1,1,true,true,true,-9.864353589517094e-8,0.9999999013564641,1.0e-10,0.9999014080892515,8.877911529336386e-7,true,0.0,true,true,,true,conditional_window,false
3.0,48,K_minus,3.7437724285495775,direct_finite_q,6.37393662977077e-8,-4.59443780686211e-8,5.833940950030945e-15,1.2635341652769253e-8,1,1,true,true,true,-6.224363643392294e-7,0.9999993775636357,1.0e-10,0.9993793240425852,5.601664798534282e-6,true,0.0,true,true,,true,conditional_window,false
3.0,48,K_minus,4.256227571450422,direct_finite_q,0.0,2.1336611710272676e-9,2.36919900749046e-15,1.958149637104314e-9,0,0,true,true,true,5.060165831151018e-7,5.060165831151018e-7,1.0e-10,0.0005068821690465663,4.554369530089081e-6,true,0.0,true,true,,true,conditional_window,false
3.0,48,K_minus,4.764475469894466,direct_finite_q,0.0,1.7480209439501417e-10,9.336759343268016e-16,2.0102469001808943e-10,0,0,true,true,true,5.738477162091009e-7,5.738477162091009e-7,1.0e-10,0.0004089730932784759,5.16479932170538e-6,true,0.0,true,true,,true,conditional_window,false
3.0,48,K_minus,5.260170718784654,direct_finite_q,0.0,8.747994458080349e-12,3.6668790485617077e-16,1.226299753168026e-11,0,0,true,true,true,-6.840846139074901e-13,-6.840846139074901e-13,1.0e-10,-2.3619597062325423e-10,6.15676158338595e-12,true,0.0,true,true,,true,conditional_window,false
3.0,48,K_minus,5.73517403050418,direct_finite_q,0.0,1.0831061023433612e-13,1.469084771871166e-16,1.8072703560179665e-13,0,0,true,true,true,-1.0838794574625512e-13,-1.0838794574625512e-13,1.0e-10,-1.0838890871184244e-10,9.755001768718295e-13,true,0.0,true,true,,true,conditional_window,false
3.0,48,K_minus,6.181685885555359,direct_finite_q,0.0,-1.8166011866084593e-27,6.127811289982488e-17,1.1862862803377306e-16,0,0,true,true,true,-1.5552649878904815e-15,-1.5552649878904815e-15,1.0e-10,-1.5552786495684008e-12,1.39975092138573e-14,true,0.0,true,true,,true,conditional_window,false
3.0,48,K_minus,6.592374607747902,direct_finite_q,0.0,-6.63527548541368e-28,2.6867070206462427e-17,5.915266626786524e-17,0,0,true,true,true,-1.135075563176279e-15,-1.135075563176279e-15,1.0e-10,-1.135075462350596e-12,1.0215680068585039e-14,true,0.0,true,true,,true,conditional_window,false
3.0,48,K_minus,6.960496766314217,direct_finite_q,0.0,-2.6870186964802178e-28,1.2599850263008559e-17,3.092545620832906e-17,0,0,true,true,true,-8.52462374255919e-16,-8.52462374255919e-16,1.0e-10,-8.524622985365164e-13,7.672161368302484e-15,true,0.0,true,true,,true,conditional_window,false
3.0,48,K_minus,7.280007943895612,direct_finite_q,0.0,-1.2252323970327562e-28,6.452609196768275e-18,1.732484381740184e-17,0,0,true,true,true,-6.63087559508619e-16,-6.63087559508619e-16,1.0e-10,-6.630875006116329e-13,5.967788035577129e-15,true,0.0,true,true,,true,conditional_window,false
3.0,48,K_minus,7.545662108017604,direct_finite_q,0.0,-6.375018483400751e-29,3.671545681621524e-18,1.0590437524174841e-17,0,0,true,true,true,-5.371661368271688e-16,-5.371661368271688e-16,1.0e-10,-5.371660891155389e-13,4.8344952314442545e-15,true,0.0,true,true,,true,conditional_window,false
3.0,48,K_minus,7.753098208010931,direct_finite_q,0.0,-3.8267620925769363e-29,2.353843149794331e-18,7.16800581917407e-18,0,0,true,true,true,-4.552557029273701e-16,-4.552557029273701e-16,1.0e-10,-4.55255662491508e-13,4.0973013263461575e-15,true,0.0,true,true,,true,conditional_window,false
3.0,48,K_minus,7.898914223885238,direct_finite_q,0.0,-2.672871344434649e-29,1.718535200001275e-18,5.43204659357516e-18,0,0,true,true,true,-4.0507186425313997e-16,-4.0507186425313997e-16,1.0e-10,-4.050718282748327e-13,3.645646778278132e-15,true,0.0,true,true,,true,conditional_window,false
3.0,48,K_minus,7.980748879988085,direct_finite_q,0.0,-2.1852283107399354e-29,1.4393843606531405e-18,4.644450406599011e-18,0,0,true,true,true,-3.793070005552444e-16,-3.793070005552444e-16,1.0e-10,-3.793069668654679e-13,3.4137630049970934e-15,true,0.0,true,true,,true,conditional_window,false
130.0,48,pi_plus,0.019251120011914757,direct_finite_q,0.6682192789559551,-0.0020085570221896666,2.2156495431841342e-12,1.2508173010855206e-5,1,1,true,true,true,-4.998270131117977e-9,0.9999999950017299,1.0e-10,0.9999950019235977,4.498440357178437e-8,true,0.0,true,true,,true,conditional_window,false
130.0,48,pi_plus,0.1010857761147621,direct_finite_q,0.4078065177284252,-0.002059483976945829,5.058213312662545e-10,0.00021004179098329468,1,1,true,true,true,-5.146592374494219e-9,0.9999999948534076,1.0e-10,0.9999948536123747,4.6319302868502555e-8,true,0.0,true,true,,true,conditional_window,false
130.0,48,pi_plus,0.2469017919890688,direct_finite_q,0.22986217296434422,-0.002148293007114215,5.559983806153646e-9,0.0007032475968506385,1,1,true,true,true,-5.4410643768321165e-9,0.9999999945589356,1.0e-10,0.9999945591632953,4.896954755311527e-8,true,0.0,true,true,,true,conditional_window,false
130.0,48,pi_plus,0.4543378919823957,direct_finite_q,0.12913089229871724,-0.0022688860911972766,2.1501290596435135e-8,0.0013266605805106288,1,1,true,true,true,-5.938146085959772e-9,0.9999999940618539,1.0e-10,0.9999940621228866,5.3443277177331724e-8,true,0.0,true,true,,true,conditional_window,false
130.0,48,pi_plus,0.7199920561043887,direct_finite_q,0.07293965073900822,-0.0024104093403401073,5.005995686734349e-8,0.0018522311741903704,1,1,true,true,true,-6.7451395580064855e-9,0.9999999932548604,1.0e-10,0.9999932552034492,6.070620751710826e-8,true,0.0,true,true,,true,conditional_window,false
130.0,48,pi_plus,1.0395032336857826,direct_finite_q,0.04144129477308478,-0.0025562013339776885,8.529730741896774e-8,0.0021286587672671256,1,1,true,true,true,-8.069194756821219e-9,0.9999999919308052,1.0e-10,0.9999919312880929,7.262268388600443e-8,true,0.0,true,true,,true,conditional_window,false
130.0,48,pi_plus,1.4076253922520978,direct_finite_q,0.023756863341312166,-0.002683634205080419,1.1645643934358717e-7,0.0021153290487485863,1,1,true,true,true,-1.034157537382896e-8,0.9999999896584246,1.0e-10,0.9999896591996469,9.30740673525151e-8,true,0.0,true,true,,true,conditional_window,false
130.0,48,pi_plus,1.8183141144446417,direct_finite_q,0.01383629941549876,-0.002764439775904629,1.344923511341211e-7,0.0018545302671420026,1,1,true,true,true,-1.4580573193256896e-8,0.9999999854194268,1.0e-10,0.9999854208544916,1.3122552401264954e-7,true,0.0,true,true,,true,conditional_window,false
130.0,48,pi_plus,2.2648259694958197,direct_finite_q,0.008262360355265305,-0.0027649423223381586,1.369099672896929e-7,0.001428596263081708,1,1,true,true,true,-2.370966623033155e-8,0.9999999762903338,1.0e-10,0.9999762941092138,2.1338643595448264e-7,true,0.0,true,true,,true,conditional_window,false
130.0,48,pi_plus,2.7398292812153464,direct_finite_q,0.005100894608366447,-0.002647793208244284,1.273013946295209e-7,0.0009329434104772841,1,1,true,true,true,-4.962530253393993e-8,0.9999999503746975,1.0e-10,0.9999503902517463,4.466253557980925e-7,true,0.0,true,true,,true,conditional_window,false
130.0,48,pi_plus,3.2355245301055344,direct_finite_q,0.003263210803720883,-0.0023824452360250736,1.1135786606681569e-7,0.0004671699356710016,1,1,true,true,true,-2.2491879414499039e-7,0.9999997750812059,1.0e-10,0.9997753747302733,2.0242228091491533e-6,true,0.0,true,true,,true,conditional_window,false
130.0,48,pi_plus,3.7437724285495775,direct_finite_q,0.0,0.00020150498631089063,9.353939477226726e-8,0.00014314510249138323,0,0,true,true,true,2.179374217493504e-7,2.179374217493504e-7,1.0e-10,0.00021818402690700604,1.961477672735651e-6,true,0.0,true,true,,true,conditional_window,false
130.0,48,pi_plus,4.256227571450422,direct_finite_q,0.0,3.286431947113961e-5,7.630342253614245e-8,3.0230946702309363e-5,0,0,true,true,true,1.2235289717693166e-7,1.2235289717693166e-7,1.0e-10,0.00012241943858236912,1.1011879755250266e-6,true,0.0,true,true,,true,conditional_window,false
130.0,48,pi_plus,4.764475469894466,direct_finite_q,0.0,3.7080471123453304e-6,6.080723308169456e-8,4.334208536738228e-6,0,0,true,true,true,1.2310827287809926e-7,1.2310827287809926e-7,1.0e-10,0.00012316170581669567,1.107985308856848e-6,true,0.0,true,true,,true,conditional_window,false
130.0,48,pi_plus,5.260170718784654,direct_finite_q,0.0,2.3474278788948798e-7,4.756673773726166e-8,3.9572680621666125e-7,0,0,true,true,true,1.665304530220447e-7,1.665304530220447e-7,1.0e-10,0.00016659117907476037,1.498791091876198e-6,true,0.0,true,true,,true,conditional_window,false
130.0,48,pi_plus,5.73517403050418,direct_finite_q,0.0,3.2028345869854442e-9,3.672763625956897e-8,6.65377164443189e-8,0,0,true,true,true,3.466297943329332e-7,3.466297943329332e-7,1.0e-10,0.00017683976475002842,3.119721779963476e-6,true,0.0,true,true,,true,conditional_window,false
130.0,48,pi_plus,6.181685885555359,direct_finite_q,0.0,-1.511960020601173e-10,2.8174599870644156e-8,5.425065813138813e-8,0,0,true,true,true,-1.1796951527409187e-11,-1.1796951527409187e-11,1.0e-10,-1.1796949176780752e-8,1.0617256356530564e-10,true,0.0,true,true,,true,conditional_window,false
130.0,48,pi_plus,6.592374607747902,direct_finite_q,0.0,-9.019511754076356e-11,2.1534189981380608e-8,4.721279476750511e-8,0,0,true,true,true,-9.839090804184253e-12,-9.839090804184253e-12,1.0e-10,-9.83908903851851e-9,8.855181711148943e-11,true,0.0,true,true,,true,conditional_window,false
130.0,48,pi_plus,6.960496766314217,direct_finite_q,0.0,-5.685816539331328e-11,1.658073786330919e-8,4.0556713558790774e-8,0,0,true,true,true,-8.342520515799749e-12,-8.342520515799749e-12,1.0e-10,-8.342519144825471e-9,7.508268455147747e-11,true,0.0,true,true,,true,conditional_window,false
130.0,48,pi_plus,7.280007943895612,direct_finite_q,0.0,-3.8143274734906e-11,1.303417174925421e-8,3.489350690641477e-8,0,0,true,true,true,-7.21769316024904e-12,-7.21769316024904e-12,1.0e-10,-7.217691991946074e-9,6.495923837431693e-11,true,0.0,true,true,,true,conditional_window,false
130.0,48,pi_plus,7.545662108017604,direct_finite_q,0.0,-2.7393657302810882e-11,1.0577518482984298e-8,3.043144428240382e-8,0,0,true,true,true,-6.3921033173271285e-12,-6.3921033173271285e-12,1.0e-10,-6.392102335867755e-9,5.752892980265182e-11,true,0.0,true,true,,true,conditional_window,false
130.0,48,pi_plus,7.753098208010931,direct_finite_q,0.0,-2.1165204406788672e-11,8.940612371917037e-9,2.7161813737315034e-8,0,0,true,true,true,-5.810058373330106e-12,-5.810058373330106e-12,1.0e-10,-5.810057515312694e-9,5.229052531592678e-11,true,0.0,true,true,,true,conditional_window,false
130.0,48,pi_plus,7.898914223885238,direct_finite_q,0.0,-1.7660008865326484e-11,7.924377665914554e-9,2.499201570964096e-8,0,0,true,true,true,-5.431251888179235e-12,-5.431251888179235e-12,1.0e-10,-5.431251106822904e-9,4.888126695511384e-11,true,0.0,true,true,,true,conditional_window,false
130.0,48,pi_plus,7.980748879988085,direct_finite_q,0.0,-1.5955265239609133e-11,7.399207309365127e-9,2.382348238334496e-8,0,0,true,true,true,-5.2290217348391955e-12,-5.2290217348391955e-12,1.0e-10,-5.229020993222654e-9,4.7061195577860726e-11,true,0.0,true,true,,true,conditional_window,false
130.0,48,pi_minus,0.019251120011914757,direct_finite_q,0.6865488404474022,-0.002042202924116649,3.651247877561339e-14,1.2851680657945364e-5,1,1,true,true,true,-4.997411040541522e-9,0.999999995002589,1.0e-10,0.999995002782455,4.497667341032856e-8,true,0.0,true,true,,true,conditional_window,false
130.0,48,pi_minus,0.1010857761147621,direct_finite_q,0.4172109801307543,-0.0020939944906473106,2.479254437409021e-10,0.00021489230437163827,1,1,true,true,true,-5.145740944456634e-9,0.9999999948542591,1.0e-10,0.9999948544637304,4.631164013480599e-8,true,0.0,true,true,,true,conditional_window,false
130.0,48,pi_minus,0.2469017919890688,direct_finite_q,0.23448439242944016,-0.0021843102612140227,4.159106170990523e-9,0.0007174111367290465,1,1,true,true,true,-5.440237593745678e-9,0.9999999945597624,1.0e-10,0.9999945599900855,4.896210576195058e-8,true,0.0,true,true,,true,conditional_window,false
130.0,48,pi_minus,0.4543378919823957,direct_finite_q,0.13151470943770144,-0.002306955512724383,1.8375625562887266e-8,0.0013511912216968125,1,1,true,true,true,-5.937383806831065e-9,0.9999999940626162,1.0e-10,0.9999940628849887,5.3436417639710715e-8,true,0.0,true,true,,true,conditional_window,false
130.0,48,pi_minus,0.7199920561043887,direct_finite_q,0.07422067226670788,-0.002450900019608255,4.535365200912076e-8,0.0018848097120620153,1,1,true,true,true,-6.744527381030707e-9,0.9999999932554726,1.0e-10,0.9999932558155514,6.070069808961005e-8,true,0.0,true,true,,true,conditional_window,false
130.0,48,pi_minus,1.0395032336857826,direct_finite_q,0.042149276069940504,-0.0025992076141176696,7.967570690358056e-8,0.0021650606298500735,1,1,true,true,true,-8.068910428704612e-9,0.9999999919310896,1.0e-10,0.9999919315723764,7.26201250237447e-8,true,0.0,true,true,,true,conditional_window,false
130.0,48,pi_minus,1.4076253922520978,direct_finite_q,0.024157024589904305,-0.002728874395400825,1.1074385021596516e-7,0.0021509552257724263,1,1,true,true,true,-1.0342013911923686e-8,0.9999999896579861,1.0e-10,0.9999896587612059,9.307801392612185e-8,true,0.0,true,true,,true,conditional_window,false
130.0,48,pi_minus,1.8183141144446417,direct_finite_q,0.014067966210958578,-0.0028111531215565043,1.293464722907216e-7,0.001885508627806364,1,1,true,true,true,-1.4582823837372416e-8,0.9999999854171762,1.0e-10,0.9999854186690621,1.312451968035393e-7,true,0.0,true,true,,true,conditional_window,false
130.0,48,pi_minus,2.2648259694958197,direct_finite_q,0.008400548328175042,-0.00281178097095399,1.3266526916726362e-7,0.0014523332226422671,1,1,true,true,true,-2.371707508164178e-8,0.9999999762829249,1.0e-10,0.9999762867027306,2.1345311508183664e-7,true,0.0,true,true,,true,conditional_window,false
130.0,48,pi_minus,2.7398292812153464,direct_finite_q,0.00518634853378951,-0.002692745890578678,1.240001563980181e-7,0.0009483444564392433,1,1,true,true,true,-4.9657150724691235e-8,0.9999999503428493,1.0e-10,0.9999503584236561,4.469119852656162e-7,true,0.0,true,true,,true,conditional_window,false
130.0,48,pi_minus,3.2355245301055344,direct_finite_q,0.0033180259648203556,-0.0024229298997484267,1.0887721894824772e-7,0.00047476874823986387,1,1,true,true,true,-2.254575551807747e-7,0.9999997745424448,1.0e-10,0.9997748373764382,2.0290714341462653e-6,true,0.0,true,true,,true,conditional_window,false
130.0,48,pi_minus,3.7437724285495775,direct_finite_q,0.0,0.0002047212315424563,9.170881874488036e-8,0.00014542749872273577,0,0,true,true,true,2.175749556363036e-7,2.175749556363036e-7,1.0e-10,0.00021782074072874464,1.958215341857747e-6,true,0.0,true,true,,true,conditional_window,false
130.0,48,pi_minus,4.256227571450422,direct_finite_q,0.0,3.3384867407436545e-5,7.496621492789454e-8,3.070744746299378e-5,0,0,true,true,true,1.2227900193091937e-7,1.2227900193091937e-7,1.0e-10,0.00012234546295400206,1.1005229039394068e-6,true,0.0,true,true,,true,conditional_window,false
130.0,48,pi_minus,4.764475469894466,direct_finite_q,0.0,3.7663630541177025e-6,5.9837043502517e-8,4.400156547969544e-6,0,0,true,true,true,1.2306471993344083e-7,1.2306471993344083e-7,1.0e-10,0.00012311811505661378,1.107593324676653e-6,true,0.0,true,true,,true,conditional_window,false
130.0,48,pi_minus,5.260170718784654,direct_finite_q,0.0,2.38392361631341e-7,4.686562388490309e-8,3.9985980389974403e-7,0,0,true,true,true,1.6649041356525128e-7,1.6649041356525128e-7,1.0e-10,0.00016655111040755902,1.4984307285835026e-6,true,0.0,true,true,,true,conditional_window,false
130.0,48,pi_minus,5.73517403050418,direct_finite_q,0.0,3.2443497598525733e-9,3.622102889510916e-8,6.57627150053531e-8,0,0,true,true,true,3.4656883653277454e-7,3.4656883653277454e-7,1.0e-10,0.00017680866306642987,3.1191731408986678e-6,true,0.0,true,true,,true,conditional_window,false
130.0,48,pi_minus,6.181685885555359,direct_finite_q,0.0,-1.58026287408008e-10,2.780671015191709e-8,5.352523566196239e-8,0,0,true,true,true,-1.1896727588423305e-11,-1.1896727588423305e-11,1.0e-10,-1.189672520586185e-8,1.070705481113475e-10,true,0.0,true,true,,true,conditional_window,false
130.0,48,pi_minus,6.592374607747902,direct_finite_q,0.0,-9.426994199809093e-11,2.126528245373678e-8,4.661177523514943e-8,0,0,true,true,true,-9.921980574445784e-12,-9.921980574445784e-12,1.0e-10,-9.921978785548107e-9,8.929782504170497e-11,true,0.0,true,true,,true,conditional_window,false
130.0,48,pi_minus,6.960496766314217,direct_finite_q,0.0,-5.942705218582558e-11,1.6380943286999146e-8,4.0060026512052564e-8,0,0,true,true,true,-8.412605507812369e-12,-8.412605507812369e-12,1.0e-10,-8.412604119322941e-9,7.571344947805743e-11,true,0.0,true,true,,true,conditional_window,false
130.0,48,pi_minus,7.280007943895612,direct_finite_q,0.0,-3.986672024761328e-11,1.2881449505584103e-8,3.447883008936003e-8,0,0,true,true,true,-7.278208798416805e-12,-7.278208798416805e-12,1.0e-10,-7.27820761583216e-9,6.550387911668047e-11,true,0.0,true,true,,true,conditional_window,false
130.0,48,pi_minus,7.545662108017604,direct_finite_q,0.0,-2.8631467358409294e-11,1.0456198399966878e-8,3.007793057938662e-8,0,0,true,true,true,-6.445623484554262e-12,-6.445623484554262e-12,1.0e-10,-6.4456224913587575e-9,5.801061130679756e-11,true,0.0,true,true,,true,conditional_window,false
130.0,48,pi_minus,7.753098208010931,direct_finite_q,0.0,-2.2121629518337787e-11,8.839648350657613e-9,2.685144201490198e-8,0,0,true,true,true,-5.858660319071812e-12,-5.858660319071812e-12,1.0e-10,-5.858659450969107e-9,5.2727942826860076e-11,true,0.0,true,true,,true,conditional_window,false
130.0,48,pi_minus,7.898914223885238,direct_finite_q,0.0,-1.8458046999182164e-11,7.835811141919784e-9,2.470954697388022e-8,0,0,true,true,true,-5.476658774164111e-12,-5.476658774164111e-12,1.0e-10,-5.476657983733319e-9,4.9289928928329346e-11,true,0.0,true,true,,true,conditional_window,false
130.0,48,pi_minus,7.980748879988085,direct_finite_q,0.0,-1.667627405597468e-11,7.3169718114963766e-9,2.355580726352169e-8,0,0,true,true,true,-5.27272472826991e-12,-5.27272472826991e-12,1.0e-10,-5.272723978098092e-9,4.745452251813615e-11,true,0.0,true,true,,true,conditional_window,false
130.0,48,K_plus,0.019251120011914757,direct_finite_q,0.05419339328019637,-0.0008573306817766337,2.031248374242602e-8,1.0013902971003316e-6,1,1,true,true,true,-6.02059635479435e-9,0.9999999939794036,1.0e-10,0.9999939796801318,5.4185328573398355e-8,true,0.0,true,true,,true,conditional_window,false
130.0,48,K_plus,0.1010857761147621,direct_finite_q,0.04786170137881804,-0.0008764910547895776,1.551739352748615e-8,2.4322694073540925e-5,1,1,true,true,true,-6.192917845204704e-9,0.9999999938070822,1.0e-10,0.9999938073738757,5.5736218914460774e-8,true,0.0,true,true,,true,conditional_window,false
130.0,48,K_plus,0.2469017919890688,direct_finite_q,0.03860936570843986,-0.0009099332147260651,1.0062693693740482e-8,0.00011642699047616095,1,1,true,true,true,-6.531690521782707e-9,0.9999999934683095,1.0e-10,0.9999934686320208,5.878516916974664e-8,true,0.0,true,true,,true,conditional_window,false
130.0,48,K_plus,0.4543378919823957,direct_finite_q,0.02880456739020955,-0.0009553872572798069,6.562842660512423e-9,0.000291233073093915,1,1,true,true,true,-7.095290910363872e-9,0.9999999929047091,1.0e-10,0.9999929050861925,6.38575652720279e-8,true,0.0,true,true,,true,conditional_window,false
130.0,48,K_plus,0.7199920561043887,direct_finite_q,0.02016462912775425,-0.001008845803172214,5.3893564529172615e-9,0.0005030668575903011,1,1,true,true,true,-7.993451012211494e-9,0.999999992006549,1.0e-10,0.9999920070213524,7.19409922085347e-8,true,0.0,true,true,,true,conditional_window,false
130.0,48,K_plus,1.0395032336857826,direct_finite_q,0.013450046509908489,-0.0010641119925477646,5.875743300628917e-9,0.0006780331598151731,1,1,true,true,true,-9.43434208533489e-9,0.9999999905656579,1.0e-10,0.999990566303883,8.490898638906604e-8,true,0.0,true,true,,true,conditional_window,false
130.0,48,K_plus,1.4076253922520978,direct_finite_q,0.008683416714747044,-0.0011125110523679859,7.871702722592909e-9,0.0007599634929242898,1,1,true,true,true,-1.1839026758941884e-8,0.9999999881609732,1.0e-10,0.9999881619645442,1.0655109757710186e-7,true,0.0,true,true,,true,conditional_window,false
130.0,48,K_plus,1.8183141144446417,direct_finite_q,0.005513325010291824,-0.0011428778223906923,1.0834223751174283e-8,0.000732040370209278,1,1,true,true,true,-1.615405387234148e-8,0.9999999838459461,1.0e-10,0.9999838477260494,1.4538622308885404e-7,true,0.0,true,true,,true,conditional_window,false
130.0,48,K_plus,2.2648259694958197,direct_finite_q,0.003496483095532707,-0.001141972700139805,1.3697993950468987e-8,0.0006118473314206391,1,1,true,true,true,-2.486267225432215e-8,0.9999999751373277,1.0e-10,0.9999751413317703,2.2376344823102805e-7,true,0.0,true,true,,true,conditional_window,false
130.0,48,K_plus,2.7398292812153464,direct_finite_q,0.002245180770943387,-0.001096395578971033,1.5580378654372282e-8,0.0004368798187683975,1,1,true,true,true,-4.626172644961457e-8,0.9999999537382736,1.0e-10,0.9999537511338801,4.163535395959023e-7,true,0.0,true,true,,true,conditional_window,false
130.0,48,K_plus,3.2355245301055344,direct_finite_q,0.001473057748948852,-0.0009977441964335936,1.6168229394116493e-8,0.00025208942205081757,1,1,true,true,true,-1.2537398286216472e-7,0.9999998746260171,1.0e-10,0.9998747104881018,1.1283520537193149e-6,true,0.0,true,true,,true,conditional_window,false
130.0,48,K_plus,3.7437724285495775,direct_finite_q,0.0009885633358729274,-0.0008492590885325833,1.560945866417899e-8,9.892411222141531e-5,1,1,true,true,true,-1.7595286049498782e-5,0.9999824047139505,1.0e-10,0.9837139233623857,0.00015810984720993914,true,0.0,true,true,,true,conditional_window,false
130.0,48,K_plus,4.256227571450422,direct_finite_q,0.0,2.4582650287795535e-5,1.4245514044268894e-8,2.257356967498137e-5,0,0,true,true,true,3.6217949214413286e-7,3.6217949214413286e-7,1.0e-10,0.0003626042633366422,3.2597062285336075e-6,true,0.0,true,true,,true,conditional_window,false
130.0,48,K_plus,4.764475469894466,direct_finite_q,0.0,3.073931925866862e-6,1.2437841138183063e-8,3.549346556179629e-6,0,0,true,true,true,5.616156391667713e-7,5.616156391667713e-7,1.0e-10,0.0003392615916565634,5.054693812193186e-6,true,0.0,true,true,,true,conditional_window,false
130.0,48,K_plus,5.260170718784654,direct_finite_q,0.0,2.2495299880709416e-7,1.0493995877649472e-8,3.300373483078689e-7,0,0,true,true,true,-3.6774866567373084e-9,-3.6774866567373084e-9,1.0e-10,-1.6581352754630786e-6,3.3097374370226284e-8,true,0.0,true,true,,true,conditional_window,false
130.0,48,K_plus,5.73517403050418,direct_finite_q,0.0,3.7189348857170244e-9,8.637209056317744e-9,2.058952936266818e-8,0,0,true,true,true,-8.851782373128732e-10,-8.851782373128732e-10,1.0e-10,-8.85176467161891e-7,7.966603657795388e-9,true,0.0,true,true,,true,conditional_window,false
130.0,48,K_plus,6.181685885555359,direct_finite_q,0.0,-4.540537005297442e-11,6.999439636299796e-9,1.3462352303142145e-8,0,0,true,true,true,-1.6600896475870308e-11,-1.6600896475870308e-11,1.0e-10,-1.660089238181518e-8,1.4940806792549848e-10,true,0.0,true,true,,true,conditional_window,false
130.0,48,K_plus,6.592374607747902,direct_finite_q,0.0,-2.7262107204730297e-11,5.603561603151392e-9,1.2277221913917644e-8,0,0,true,true,true,-1.4420580839461573e-11,-1.4420580839461573e-11,1.0e-10,-1.4420577601145766e-8,1.297852272857304e-10,true,0.0,true,true,,true,conditional_window,false
130.0,48,K_plus,6.960496766314217,direct_finite_q,0.0,-1.7258707682888387e-11,4.482220160003974e-9,1.0958937367213375e-8,0,0,true,true,true,-1.2689730391352452e-11,-1.2689730391352452e-11,1.0e-10,-1.268972765085781e-8,1.1420757331368386e-10,true,0.0,true,true,,true,conditional_window,false
130.0,48,K_plus,7.280007943895612,direct_finite_q,0.0,-1.1610112812222341e-11,3.6332046617785726e-9,9.723750194481289e-9,0,0,true,true,true,-1.1344218604447802e-11,-1.1344218604447802e-11,1.0e-10,-1.1344216308501461e-8,1.0209796727350395e-10,true,0.0,true,true,,true,conditional_window,false
130.0,48,K_plus,7.545662108017604,direct_finite_q,0.0,-8.353243470883954e-12,3.0197558813247882e-9,8.686279366350093e-9,0,0,true,true,true,-1.0327607089705716e-11,-1.0327607089705716e-11,1.0e-10,-1.0327605105300447e-8,9.294846366939534e-11,true,0.0,true,true,,true,conditional_window,false
130.0,48,K_plus,7.753098208010931,direct_finite_q,0.0,-6.461476390919332e-12,2.598079504591895e-9,7.892086228917246e-9,0,0,true,true,true,-9.593726266844e-12,-9.593726266844e-12,1.0e-10,-9.593724494328887e-9,8.634353628258898e-11,true,0.0,true,true,,true,conditional_window,false
130.0,48,K_plus,7.898914223885238,direct_finite_q,0.0,-5.39519144748717e-12,2.3305387448857976e-9,7.349449763504923e-9,0,0,true,true,true,-9.107516326653274e-12,-9.107516326653274e-12,1.0e-10,-9.107514688517537e-9,8.196764683265325e-11,true,0.0,true,true,,true,conditional_window,false
130.0,48,K_plus,7.980748879988085,direct_finite_q,0.0,-4.8761273587185546e-12,2.1904149779965296e-9,7.052061340329441e-9,0,0,true,true,true,-8.84493244566833e-12,-8.84493244566833e-12,1.0e-10,-8.844930878117733e-9,7.960439190989491e-11,true,0.0,true,true,,true,conditional_window,false
130.0,48,K_minus,0.019251120011914757,direct_finite_q,0.04822239267304812,-0.0007651464122502426,2.9249193783573045e-8,8.910150995135729e-7,1,1,true,true,true,-6.028012533576543e-9,0.9999999939719875,1.0e-10,0.9999939722646659,5.425207371493175e-8,true,0.0,true,true,,true,conditional_window,false
130.0,48,K_minus,0.1010857761147621,direct_finite_q,0.04261602401921703,-0.0007822345974417095,2.235201361850915e-8,2.1655977756457418e-5,1,1,true,true,true,-6.200293056757289e-9,0.9999999937997069,1.0e-10,0.9999937999993159,5.580259610115702e-8,true,0.0,true,true,,true,conditional_window,false
130.0,48,K_minus,0.2469017919890688,direct_finite_q,0.03440967489591225,-0.0008120408383062899,1.4529411115544376e-8,0.00010375944170021161,1,1,true,true,true,-6.538924179899652e-9,0.9999999934610758,1.0e-10,0.9999934613991112,5.8850271731484535e-8,true,0.0,true,true,,true,conditional_window,false
130.0,48,K_minus,0.4543378919823957,direct_finite_q,0.02569551610776552,-0.0008525423310391094,9.543780037222345e-9,0.00025979567936001074,1,1,true,true,true,-7.10213876597976e-9,0.9999999928978612,1.0e-10,0.9999928982391366,6.391919509212759e-8,true,0.0,true,true,,true,conditional_window,false
130.0,48,K_minus,0.7199920561043887,direct_finite_q,0.018001772475920736,-0.0009001495409018311,7.939445914879458e-9,0.00044912082880859,1,1,true,true,true,-7.999382378720554e-9,0.9999999920006176,1.0e-10,0.9999920010907338,7.199437393151845e-8,true,0.0,true,true,,true,conditional_window,false
130.0,48,K_minus,1.0395032336857826,direct_finite_q,0.012013249245031698,-0.0009493137898174333,8.781626906980866e-9,0.0006056642316073908,1,1,true,true,true,-9.43823197374627e-9,0.999999990561768,1.0e-10,0.9999905624144935,8.494399567327182e-8,true,0.0,true,true,,true,conditional_window,false
130.0,48,K_minus,1.4076253922520978,direct_finite_q,0.007757432501534369,-0.000992292695690141,1.1584171344364042e-8,0.0006790816005721818,1,1,true,true,true,-1.1838373836781102e-8,0.9999999881616262,1.0e-10,0.999988162617455,1.0654522019476649e-7,true,0.0,true,true,,true,conditional_window,false
130.0,48,K_minus,1.8183141144446417,direct_finite_q,0.004925208911120178,-0.0010191205639761853,1.5275134702005557e-8,0.0006542622139952433,1,1,true,true,true,-1.6142593484147483e-8,0.9999999838574065,1.0e-10,0.9999838591839504,1.4528307967954596e-7,true,0.0,true,true,,true,conditional_window,false
130.0,48,K_minus,2.2648259694958197,direct_finite_q,0.0031227654661402596,-0.0010180221525592189,1.8426609199603117e-8,0.0005469440120101892,1,1,true,true,true,-2.482123562241867e-8,0.9999999751787644,1.0e-10,0.9999751827552046,2.2339051914771534e-7,true,0.0,true,true,,true,conditional_window,false
130.0,48,K_minus,2.7398292812153464,direct_finite_q,0.0020044381454227818,-0.000977104501258564,2.0121111296909646e-8,0.0003906944855774005,1,1,true,true,true,-4.610871806587369e-8,0.9999999538912819,1.0e-10,0.9999539040574159,4.149764767459568e-7,true,0.0,true,true,,true,conditional_window,false
130.0,48,K_minus,3.2355245301055344,direct_finite_q,0.0013145062132204756,-0.0008889868416640512,2.0204461742311887e-8,0.00022568339638033547,1,1,true,true,true,-1.2442033048287726e-7,0.9999998755796695,1.0e-10,0.9998756628606787,1.1197693920774171e-6,true,0.0,true,true,,true,conditional_window,false
130.0,48,K_minus,3.7437724285495775,direct_finite_q,0.0008817888187586767,-0.0007566055273538196,1.9007236728345836e-8,8.889993519780532e-5,1,1,true,true,true,-1.0044120163033021e-5,0.999989955879837,1.0e-10,0.990394543523977,9.031631071146835e-5,true,0.0,true,true,,true,conditional_window,false
130.0,48,K_minus,4.256227571450422,direct_finite_q,0.0,2.211684884789103e-5,1.6998369300276584e-8,2.0313130012742844e-5,0,0,true,true,true,3.6528771859699887e-7,3.6528771859699887e-7,1.0e-10,0.0003657198153318185,3.287681831817033e-6,true,0.0,true,true,,true,conditional_window,false
130.0,48,K_minus,4.764475469894466,direct_finite_q,0.0,2.7702713972330267e-6,1.4608282786589798e-8,3.2026308731127796e-6,0,0,true,true,true,5.639230436354924e-7,5.639230436354924e-7,1.0e-10,0.00034065581371630753,5.075461712753104e-6,true,0.0,true,true,,true,conditional_window,false
130.0,48,K_minus,5.260170718784654,direct_finite_q,0.0,2.0324238310712807e-7,1.2173822653499157e-8,3.019592304712755e-7,0,0,true,true,true,-3.306938292779476e-9,-3.306938292779476e-9,1.0e-10,-1.4910595244244187e-6,2.9762440173828935e-8,true,0.0,true,true,,true,conditional_window,false
130.0,48,K_minus,5.73517403050418,direct_finite_q,0.0,3.3976672411086594e-9,9.923673850187156e-9,2.2197875391874553e-8,0,0,true,true,true,-7.96156780821221e-10,-7.96156780821221e-10,1.0e-10,-7.961553490127265e-7,7.1654106412785585e-9,true,0.0,true,true,,true,conditional_window,false
130.0,48,K_minus,6.181685885555359,direct_finite_q,0.0,-3.006747283964256e-11,7.98188721139386e-9,1.5393970560526567e-8,0,0,true,true,true,-1.493454127213768e-11,-1.493454127213768e-11,1.0e-10,-1.493453783912673e-8,1.3441087116006123e-10,true,0.0,true,true,,true,conditional_window,false
130.0,48,K_minus,6.592374607747902,direct_finite_q,0.0,-1.804848268191481e-11,6.353027632727878e-9,1.3947591032671393e-8,0,0,true,true,true,-1.2974810707215829e-11,-1.2974810707215829e-11,1.0e-10,-1.2974807866664018e-8,1.1677329614685254e-10,true,0.0,true,true,,true,conditional_window,false
130.0,48,K_minus,6.960496766314217,direct_finite_q,0.0,-1.1423553742446565e-11,5.058976723123599e-9,1.2388868220166108e-8,0,0,true,true,true,-1.1417747367475205e-11,-1.1417747367475205e-11,1.0e-10,-1.1417745047380745e-8,1.027597261385072e-10,true,0.0,true,true,,true,conditional_window,false
130.0,48,K_minus,7.280007943895612,direct_finite_q,0.0,-7.683533230635326e-12,4.086734768335919e-9,1.0951992196910797e-8,0,0,true,true,true,-1.0206664203209939e-11,-1.0206664203209939e-11,1.0e-10,-1.0206662253900922e-8,9.185997769410126e-11,true,0.0,true,true,,true,conditional_window,false
130.0,48,K_minus,7.545662108017604,direct_finite_q,0.0,-5.527466506599143e-12,3.3880801366776737e-9,9.756847887148876e-9,0,0,true,true,true,-9.291310418281669e-12,-9.291310418281669e-12,1.0e-10,-9.291308729487044e-9,8.362179365288973e-11,true,0.0,true,true,,true,conditional_window,false
130.0,48,K_minus,7.753098208010931,direct_finite_q,0.0,-4.275277956243075e-12,2.9096730494138897e-9,8.847619322035983e-9,0,0,true,true,true,-8.630396279458491e-12,-8.630396279458491e-12,1.0e-10,-8.6303947682144e-9,7.76735664188323e-11,true,0.0,true,true,,true,conditional_window,false
130.0,48,K_minus,7.898914223885238,direct_finite_q,0.0,-3.569542073424073e-12,2.6069203490298454e-9,8.228823525417591e-9,0,0,true,true,true,-8.192481583188886e-12,-8.192481583188886e-12,1.0e-10,-8.192480184719358e-9,7.373233416195009e-11,true,0.0,true,true,,true,conditional_window,false
130.0,48,K_minus,7.980748879988085,direct_finite_q,0.0,-3.2260220038025597e-12,2.448599945362002e-9,7.890469163946209e-9,0,0,true,true,true,-7.955967974595664e-12,-7.955967974595664e-12,1.0e-10,-7.955966635421675e-9,7.160371168955799e-11,true,0.0,true,true,,true,conditional_window,false
62.4,48,pi_plus,0.019251120011914757,direct_finite_q,0.6557637930150912,-0.0019416518815065533,3.963852613571174e-12,1.2275576165917841e-5,1,1,true,true,true,-5.004751946202646e-9,0.999999994995248,1.0e-10,0.9999949954422389,4.5042740033529903e-8,true,0.0,true,true,,true,conditional_window,false
62.4,48,pi_plus,0.1010857761147621,direct_finite_q,0.4005125871814882,-0.001990876371762854,6.131819865132315e-10,0.00020630148083821523,1,1,true,true,true,-5.152966942034709e-9,0.9999999948470331,1.0e-10,0.9999948472383751,4.6376673148414854e-8,true,0.0,true,true,,true,conditional_window,false
62.4,48,pi_plus,0.2469017919890688,direct_finite_q,0.22571560252814546,-0.0020766842342777626,5.755458819192666e-9,0.000690662914748176,1,1,true,true,true,-5.4471628319063825e-9,0.9999999945528372,1.0e-10,0.9999945530652926,4.902443389050034e-8,true,0.0,true,true,,true,conditional_window,false
62.4,48,pi_plus,0.4543378919823957,direct_finite_q,0.12668034287108587,-0.0021931379389102026,2.0974768589839774e-8,0.0013018260733380555,1,1,true,true,true,-5.943610825731582e-9,0.9999999940563892,1.0e-10,0.9999940566586428,5.3492459295914075e-8,true,0.0,true,true,,true,conditional_window,false
62.4,48,pi_plus,0.7199920561043887,direct_finite_q,0.07144921170887564,-0.00232966519088003,4.7481876806481624e-8,0.0018152098809761856,1,1,true,true,true,-6.749190095689528e-9,0.9999999932508099,1.0e-10,0.9999932511533806,6.074266133857138e-8,true,0.0,true,true,,true,conditional_window,false
62.4,48,pi_plus,1.0395032336857826,direct_finite_q,0.040520018828718814,-0.002470085132482335,7.962708934988822e-8,0.002082940006637522,1,1,true,true,true,-8.070046519925711e-9,0.9999999919299535,1.0e-10,0.9999919304363568,7.263034972957669e-8,true,0.0,true,true,,true,conditional_window,false
62.4,48,pi_plus,1.4076253922520978,direct_finite_q,0.02318083233000031,-0.002592444057264276,1.0757741071217985e-7,0.002066660139479775,1,1,true,true,true,-1.0334757161167829e-8,0.9999999896652428,1.0e-10,0.9999896660167744,9.30127031440708e-8,true,0.0,true,true,,true,conditional_window,false
62.4,48,pi_plus,1.8183141144446417,direct_finite_q,0.013471158746049351,-0.002669385700694998,1.2325748959248433e-7,0.0018092895821137727,1,1,true,true,true,-1.4553111160608978e-8,0.9999999854468888,1.0e-10,0.9999854483754075,1.3097778354061105e-7,true,0.0,true,true,,true,conditional_window,false
62.4,48,pi_plus,2.2648259694958197,direct_finite_q,0.008026199162578813,-0.0026684196553538233,1.2465016081814128e-7,0.0013923065684108235,1,1,true,true,true,-2.3612830690744602e-8,0.9999999763871693,1.0e-10,0.9999763909136433,2.1251491986807006e-7,true,0.0,true,true,,true,conditional_window,false
62.4,48,pi_plus,2.7398292812153464,direct_finite_q,0.0049440471344047755,-0.002553689632255768,1.1523184725588373e-7,0.0009090778139553595,1,1,true,true,true,-4.917192919506874e-8,0.9999999508280708,1.0e-10,0.9999508433412414,4.4254503887748527e-7,true,0.0,true,true,,true,conditional_window,false
62.4,48,pi_plus,3.2355245301055344,direct_finite_q,0.0031561965866316096,-0.0022961567468862145,1.0027108450529464e-7,0.000456172239939354,1,1,true,true,true,-2.167003738673401e-7,0.9999997832996261,1.0e-10,0.9997835721087563,1.950260349539993e-6,true,0.0,true,true,,true,conditional_window,false
62.4,48,pi_plus,3.7437724285495775,direct_finite_q,0.0,0.00019741210606817472,8.382224957011185e-8,0.00014023205180552738,0,0,true,true,true,2.2439008020332733e-7,2.2439008020332733e-7,1.0e-10,0.0002246515472559834,2.0195540583004774e-6,true,0.0,true,true,,true,conditional_window,false
62.4,48,pi_plus,4.256227571450422,direct_finite_q,0.0,3.221513162862015e-5,6.80777667664231e-8,2.9627611650258036e-5,0,0,true,true,true,1.2372439635617607e-7,1.2372439635617607e-7,1.0e-10,0.00012379245732363148,1.1135317380960706e-6,true,0.0,true,true,,true,conditional_window,false
62.4,48,pi_plus,4.764475469894466,direct_finite_q,0.0,3.6357440926448704e-6,5.4037965789261584e-8,4.2432748603758475e-6,0,0,true,true,true,1.2394378138438904e-7,1.2394378138438904e-7,1.0e-10,0.00012399796871951805,1.1155050354412897e-6,true,0.0,true,true,,true,conditional_window,false
62.4,48,pi_plus,5.260170718784654,direct_finite_q,0.0,2.3028974854052176e-7,4.212226678288477e-8,3.8185299117927256e-7,0,0,true,true,true,1.6731003120637213e-7,1.6731003120637213e-7,1.0e-10,0.0001673713974084241,1.505807459865948e-6,true,0.0,true,true,,true,conditional_window,false
62.4,48,pi_plus,5.73517403050418,direct_finite_q,0.0,3.1799637921241725e-9,3.2422101703326436e-8,5.932512411064574e-8,0,0,true,true,true,3.4783551070480705e-7,3.4783551070480705e-7,1.0e-10,0.00017756559303671216,3.130573620936256e-6,true,0.0,true,true,,true,conditional_window,false
62.4,48,pi_plus,6.181685885555359,direct_finite_q,0.0,-1.2741384788117667e-10,2.4803491279368736e-8,4.7770550895141315e-8,0,0,true,true,true,-1.1266925788792576e-11,-1.1266925788792576e-11,1.0e-10,-1.1266923604122458e-8,1.0140233193368322e-10,true,0.0,true,true,,true,conditional_window,false
62.4,48,pi_plus,6.592374607747902,direct_finite_q,0.0,-7.588411099970506e-11,1.8912236960838213e-8,4.147160391123555e-8,0,0,true,true,true,-9.389465267825048e-12,-9.389465267825048e-12,1.0e-10,-9.389463625499053e-9,8.450518729552e-11,true,0.0,true,true,,true,conditional_window,false
62.4,48,pi_plus,6.960496766314217,direct_finite_q,0.0,-4.776706471156878e-11,1.4531857548343529e-8,3.555019279027793e-8,0,0,true,true,true,-7.955671999482759e-12,-7.955671999482759e-12,1.0e-10,-7.955670723174715e-9,7.160104791283914e-11,true,0.0,true,true,,true,conditional_window,false
62.4,48,pi_plus,7.280007943895612,direct_finite_q,0.0,-3.20041624555572e-11,1.140369493370775e-8,3.053226385601454e-8,0,0,true,true,true,-6.8788559859181404e-12,-6.8788559859181404e-12,1.0e-10,-6.8788548960133005e-9,6.190970381156321e-11,true,0.0,true,true,,true,conditional_window,false
62.4,48,pi_plus,7.545662108017604,direct_finite_q,0.0,-2.2960653697913905e-11,9.241286745021002e-9,2.6589920163054305e-8,0,0,true,true,true,-6.089001722523671e-12,-6.089001722523671e-12,1.0e-10,-6.089000806256964e-9,5.480101545435183e-11,true,0.0,true,true,,true,conditional_window,false
62.4,48,pi_plus,7.753098208010931,direct_finite_q,0.0,-1.772565139952347e-11,7.802704706092093e-9,2.3707091601225688e-8,0,0,true,true,true,-5.532425797623957e-12,-5.532425797623957e-12,1.0e-10,-5.532424996135894e-9,4.9791832138677315e-11,true,0.0,true,true,,true,conditional_window,false
62.4,48,pi_plus,7.898914223885238,direct_finite_q,0.0,-1.4781612478677054e-11,6.910607372774589e-9,2.179672946568569e-8,0,0,true,true,true,-5.17032632638738e-12,-5.17032632638738e-12,1.0e-10,-5.170325596211638e-9,4.6532936902594755e-11,true,0.0,true,true,,true,conditional_window,false
62.4,48,pi_plus,7.980748879988085,direct_finite_q,0.0,-1.3350430152460543e-11,6.449914902852656e-9,2.0768812903609754e-8,0,0,true,true,true,-4.9770600351750165e-12,-4.9770600351750165e-12,1.0e-10,-4.977059341977499e-9,4.4793540284237323e-11,true,0.0,true,true,,true,conditional_window,false
62.4,48,pi_minus,0.019251120011914757,direct_finite_q,0.6922340701889405,-0.0020073394219040624,3.2170077710610096e-17,1.295907598133897e-5,1,1,true,true,true,-5.003041869677816e-9,0.9999999949969581,1.0e-10,0.9999949971520471,4.5027350672327163e-8,true,0.0,true,true,,true,conditional_window,false
62.4,48,pi_minus,0.1010857761147621,direct_finite_q,0.4192020352755348,-0.002058233169036748,1.4492489480203716e-10,0.00021594152002330665,1,1,true,true,true,-5.151270299208477e-9,0.9999999948487297,1.0e-10,0.999994848934699,4.636140507236397e-8,true,0.0,true,true,,true,conditional_window,false
62.4,48,pi_minus,0.2469017919890688,direct_finite_q,0.23488973335731753,-0.002146979993490524,3.214591789734533e-9,0.000718778232940886,1,1,true,true,true,-5.445512374357975e-9,0.9999999945544876,1.0e-10,0.9999945547157,4.900957886248409e-8,true,0.0,true,true,,true,conditional_window,false
62.4,48,pi_minus,0.4543378919823957,direct_finite_q,0.13140497587231342,-0.0022674365340535946,1.5309672168254053e-8,0.0013504569200816126,1,1,true,true,true,-5.942083602938908e-9,0.9999999940579164,1.0e-10,0.9999940581857053,5.347871463487662e-8,true,0.0,true,true,,true,conditional_window,false
62.4,48,pi_minus,0.7199920561043887,direct_finite_q,0.07398391374448618,-0.002408675534004072,3.895900461451401e-8,0.0018797007162961823,1,1,true,true,true,-6.747951308838651e-9,0.9999999932520487,1.0e-10,0.9999932523918666,6.07315139891658e-8,true,0.0,true,true,,true,conditional_window,false
62.4,48,pi_minus,1.0395032336857826,direct_finite_q,0.04191819657631986,-0.0025539867776563133,6.945861577707743e-8,0.0021548857657606693,1,1,true,true,true,-8.069440449176568e-9,0.9999999919305596,1.0e-10,0.9999919310423055,7.262489571440892e-8,true,0.0,true,true,,true,conditional_window,false
62.4,48,pi_minus,1.4076253922520978,direct_finite_q,0.023969434535528206,-0.0026806720330187005,9.726143591819289e-8,0.0021369622244068512,1,1,true,true,true,-1.03355448644038e-8,0.9999999896644551,1.0e-10,0.9999896652291829,9.301979252977679e-8,true,0.0,true,true,,true,conditional_window,false
62.4,48,pi_minus,1.8183141144446417,direct_finite_q,0.013926678286408608,-0.0027604437418720217,1.1398500917671236e-7,0.0018703343837358874,1,1,true,true,true,-1.4557257177472138e-8,0.9999999854427428,1.0e-10,0.9999854442302927,1.3101509710134407e-7,true,0.0,true,true,,true,conditional_window,false
62.4,48,pi_minus,2.2648259694958197,direct_finite_q,0.008297281867109289,-0.002759669180137001,1.1702140680999686e-7,0.0014390360895932654,1,1,true,true,true,-2.3626956946465327e-8,0.999999976373043,1.0e-10,0.9999763767917031,2.1264205709917912e-7,true,0.0,true,true,,true,conditional_window,false
62.4,48,pi_minus,2.7398292812153464,direct_finite_q,0.005111293367751047,-0.0026412044060036047,1.0931612190971472e-7,0.0009393968057220578,1,1,true,true,true,-4.923223051456205e-8,0.9999999507677695,1.0e-10,0.9999507830774,4.430877448388306e-7,true,0.0,true,true,,true,conditional_window,false
62.4,48,pi_minus,3.2355245301055344,direct_finite_q,0.003263243060447826,-0.0023749169689829654,9.583977097532846e-8,0.00047117140251961117,1,1,true,true,true,-2.1766701852055093e-7,0.9999997823329815,1.0e-10,0.9997826078988945,1.9589597676479515e-6,true,0.0,true,true,,true,conditional_window,false
62.4,48,pi_minus,3.7437724285495775,direct_finite_q,0.0,0.00020378270467530824,8.056271198820377e-8,0.00014475318310109593,0,0,true,true,true,2.2365009969143883e-7,2.2365009969143883e-7,1.0e-10,0.00022390984410605635,2.01289394833296e-6,true,0.0,true,true,,true,conditional_window,false
62.4,48,pi_minus,4.256227571450422,direct_finite_q,0.0,3.324708556034274e-5,6.570429877769265e-8,3.0572499432900816e-5,0,0,true,true,true,1.2357876268153608e-7,1.2357876268153608e-7,1.0e-10,0.00012364666345467996,1.112221006387542e-6,true,0.0,true,true,,true,conditional_window,false
62.4,48,pi_minus,4.764475469894466,direct_finite_q,0.0,3.7514148012331966e-6,5.232112485010326e-8,4.37432259549425e-6,0,0,true,true,true,1.2385870226408023e-7,1.2385870226408023e-7,1.0e-10,0.00012391281520256444,1.1147393082569783e-6,true,0.0,true,true,,true,conditional_window,false
62.4,48,pi_minus,5.260170718784654,direct_finite_q,0.0,2.375375156751269e-7,4.0885071513150014e-8,3.902782981268165e-7,0,0,true,true,true,1.6723215749173835e-7,1.6723215749173835e-7,1.0e-10,0.00016729346655684903,1.5051065804447115e-6,true,0.0,true,true,,true,conditional_window,false
62.4,48,pi_minus,5.73517403050418,direct_finite_q,0.0,3.2654572436234805e-9,3.1530443422636443e-8,5.798177990070134e-8,0,0,true,true,true,3.4771726927790927e-7,3.4771726927790927e-7,1.0e-10,0.00017750522611579444,3.129509411366576e-6,true,0.0,true,true,,true,conditional_window,false
62.4,48,pi_minus,6.181685885555359,direct_finite_q,0.0,-1.392424983912383e-10,2.4157500877432797e-8,4.649707545675715e-8,0,0,true,true,true,-1.1458969616953034e-11,-1.1458969616953034e-11,1.0e-10,-1.145896737269943e-8,1.031307263814313e-10,true,0.0,true,true,,true,conditional_window,false
62.4,48,pi_minus,6.592374607747902,direct_finite_q,0.0,-8.292935805203052e-11,1.8441022389011084e-8,4.041862927578758e-8,0,0,true,true,true,-9.548848656078911e-12,-9.548848656078911e-12,1.0e-10,-9.548846970407868e-9,8.593963778586415e-11,true,0.0,true,true,,true,conditional_window,false
62.4,48,pi_minus,6.960496766314217,direct_finite_q,0.0,-5.2202122240421514e-11,1.4182386706089212e-8,3.46815553717858e-8,0,0,true,true,true,-8.09032191458005e-12,-8.09032191458005e-12,1.0e-10,-8.090320605587072e-9,7.281289714589277e-11,true,0.0,true,true,,true,conditional_window,false
62.4,48,pi_minus,7.280007943895612,direct_finite_q,0.0,-3.4975859761272133e-11,1.1136970107227303e-8,2.9808145904609656e-8,0,0,true,true,true,-6.995041247820561e-12,-6.995041247820561e-12,1.0e-10,-6.995040131227306e-9,6.295537116657833e-11,true,0.0,true,true,,true,conditional_window,false
62.4,48,pi_minus,7.545662108017604,direct_finite_q,0.0,-2.5092747151552158e-11,9.029675366301313e-9,2.597338503464174e-8,0,0,true,true,true,-6.1916998288292096e-12,-6.1916998288292096e-12,1.0e-10,-6.191698890621586e-9,5.572529840945228e-11,true,0.0,true,true,,true,conditional_window,false
62.4,48,pi_minus,7.753098208010931,direct_finite_q,0.0,-1.9371721437352318e-11,7.626771631037199e-9,2.3166321352570625e-8,0,0,true,true,true,-5.625647533399983e-12,-5.625647533399983e-12,1.0e-10,-5.625646713049853e-9,5.0630827759300365e-11,true,0.0,true,true,,true,conditional_window,false
62.4,48,pi_minus,7.898914223885238,direct_finite_q,0.0,-1.6154302822993323e-11,6.756382615250674e-9,2.130490795008675e-8,0,0,true,true,true,-5.257394585534458e-12,-5.257394585534458e-12,1.0e-10,-5.257393838382001e-9,4.7316551233729734e-11,true,0.0,true,true,,true,conditional_window,false
62.4,48,pi_minus,7.980748879988085,direct_finite_q,0.0,-1.4590225880968386e-11,6.306773130805464e-9,2.03029380132732e-8,0,0,true,true,true,-5.060847618226238e-12,-5.060847618226238e-12,1.0e-10,-5.0608469090204375e-9,4.5547628530596795e-11,true,0.0,true,true,,true,conditional_window,false
62.4,48,K_plus,0.019251120011914757,direct_finite_q,0.056886625329481265,-0.0008829659524761893,1.4376605456763458e-8,1.051474582273333e-6,1,1,true,true,true,-6.021057208371872e-9,0.9999999939789428,1.0e-10,0.9999939792192893,5.4189476299418956e-8,true,0.0,true,true,,true,conditional_window,false
62.4,48,K_plus,0.1010857761147621,direct_finite_q,0.050194309149903825,-0.0009027249714752306,1.0979566302711738e-8,2.5516625023174663e-5,1,1,true,true,true,-6.19327022999272e-9,0.9999999938067298,1.0e-10,0.9999938070213803,5.573939155309503e-8,true,0.0,true,true,,true,conditional_window,false
62.4,48,K_plus,0.2469017919890688,direct_finite_q,0.04043173991790205,-0.0009371914663175628,7.1147347803514025e-9,0.00012197082855800836,1,1,true,true,true,-6.531816754140607e-9,0.9999999934681832,1.0e-10,0.9999934685057327,5.8786305546594823e-8,true,0.0,true,true,,true,conditional_window,false
62.4,48,K_plus,0.4543378919823957,direct_finite_q,0.030109646866014153,-0.0009840301560661662,4.629966469900755e-9,0.0003045813976995114,1,1,true,true,true,-7.094997811485371e-9,0.9999999929050022,1.0e-10,0.9999929053792594,6.385492696658013e-8,true,0.0,true,true,,true,conditional_window,false
62.4,48,K_plus,0.7199920561043887,direct_finite_q,0.02103650598297284,-0.001039097108386501,3.785049010538e-9,0.0005251694773235409,1,1,true,true,true,-7.99236699045025e-9,0.999999992007633,1.0e-10,0.9999920081052206,7.193123582170981e-8,true,0.0,true,true,,true,conditional_window,false
62.4,48,K_plus,1.0395032336857826,direct_finite_q,0.014002890060885663,-0.0010959833553241117,4.097629632506714e-9,0.0007065522065819627,1,1,true,true,true,-9.431653458236156e-9,0.9999999905683465,1.0e-10,0.9999905689920635,8.488478887040746e-8,true,0.0,true,true,,true,conditional_window,false
62.4,48,K_plus,1.4076253922520978,direct_finite_q,0.00902181169923074,-0.0011457347285876262,5.531796142871828e-9,0.0007905961601818187,1,1,true,true,true,-1.183272502203181e-8,0.999999988167275,1.0e-10,0.9999881682651843,1.0649438136059006e-7,true,0.0,true,true,,true,conditional_window,false
62.4,48,K_plus,1.8183141144446417,direct_finite_q,0.005716660204166604,-0.001176839238878172,7.79972467234917e-9,0.0007604095298485768,1,1,true,true,true,-1.6138461456094433e-8,0.9999999838615385,1.0e-10,0.9999838633148823,1.452458916447044e-7,true,0.0,true,true,,true,conditional_window,false
62.4,48,K_plus,2.2648259694958197,direct_finite_q,0.003618405709611208,-0.0011756382617590588,1.012713995934915e-8,0.0006347809074075738,1,1,true,true,true,-2.4818488930655747e-8,0.9999999751815111,1.0e-10,0.9999751855006753,2.2336579973537302e-7,true,0.0,true,true,,true,conditional_window,false
62.4,48,K_plus,2.7398292812153464,direct_finite_q,0.002319207294757681,-0.0011283482963826811,1.1780127848411673e-8,0.0004528787083109139,1,1,true,true,true,-4.610059334275718e-8,0.9999999538994067,1.0e-10,0.9999539121775578,4.14903356217904e-7,true,0.0,true,true,,true,conditional_window,false
62.4,48,K_plus,3.2355245301055344,direct_finite_q,0.0015190354215057844,-0.0010263576336677993,1.2438031571306971e-8,0.00026129650402454985,1,1,true,true,true,-1.2432413543095322e-7,0.9999998756758646,1.0e-10,0.9998757589410179,1.1189036561190455e-6,true,0.0,true,true,,true,conditional_window,false
62.4,48,K_plus,3.7437724285495775,direct_finite_q,0.0010178412511971477,-0.0008730625784242681,1.2164027294437964e-8,0.00010280878345228824,1,1,true,true,true,-9.574677606205562e-6,0.9999904253223938,1.0e-10,0.9908248338902793,8.609867991634209e-5,true,0.0,true,true,,true,conditional_window,false
62.4,48,K_plus,4.256227571450422,direct_finite_q,0.0,2.5528383826656788e-5,1.1206417644449795e-8,2.3438718629164817e-5,0,0,true,true,true,3.6510769929312426e-7,3.6510769929312426e-7,1.0e-10,0.00036554010133924285,3.2860616265316026e-6,true,0.0,true,true,,true,conditional_window,false
62.4,48,K_plus,4.764475469894466,direct_finite_q,0.0,3.187969302727468e-6,9.8513215959511e-9,3.677515812124e-6,0,0,true,true,true,5.605269957129769e-7,5.605269957129769e-7,1.0e-10,0.00034099063826185244,5.044895873717781e-6,true,0.0,true,true,,true,conditional_window,false
62.4,48,K_plus,5.260170718784654,direct_finite_q,0.0,2.330889159871261e-7,8.352146812950164e-9,3.384395211578981e-7,0,0,true,true,true,-3.7516854345567564e-9,-3.7516854345567564e-9,1.0e-10,-1.6726898085189785e-6,3.3765163170021715e-8,true,0.0,true,true,,true,conditional_window,false
62.4,48,K_plus,5.73517403050418,direct_finite_q,0.0,3.851816496332795e-9,6.8976765436540096e-9,1.7912303678145578e-8,0,0,true,true,true,-8.947335649142702e-10,-8.947335649142702e-10,1.0e-10,-8.947317634876866e-7,8.052601596259582e-9,true,0.0,true,true,,true,conditional_window,false
62.4,48,K_plus,6.181685885555359,direct_finite_q,0.0,-4.7121785521338114e-11,5.602669992822017e-9,1.075501562694154e-8,0,0,true,true,true,-1.6707966477099953e-11,-1.6707966477099953e-11,1.0e-10,-1.670796233847383e-8,1.5037169793192265e-10,true,0.0,true,true,,true,conditional_window,false
62.4,48,K_plus,6.592374607747902,direct_finite_q,0.0,-2.825121320142292e-11,4.492132997978452e-9,9.82803511702316e-9,0,0,true,true,true,-1.4501352464106776e-11,-1.4501352464106776e-11,1.0e-10,-1.450134919571422e-8,1.3051217190449335e-10,true,0.0,true,true,,true,conditional_window,false
62.4,48,K_plus,6.960496766314217,direct_finite_q,0.0,-1.7861260701741223e-11,3.596584747100291e-9,8.783727913626085e-9,0,0,true,true,true,-1.275196162113056e-11,-1.275196162113056e-11,1.0e-10,-1.2751958859068675e-8,1.1476765437962092e-10,true,0.0,true,true,,true,conditional_window,false
62.4,48,K_plus,7.280007943895612,direct_finite_q,0.0,-1.2001623775931435e-11,2.916921338853265e-9,7.799524011460014e-9,0,0,true,true,true,-1.139345107075244e-11,-1.139345107075244e-11,1.0e-10,-1.1393448759063588e-8,1.0254105946878238e-10,true,0.0,true,true,,true,conditional_window,false
62.4,48,K_plus,7.545662108017604,direct_finite_q,0.0,-8.626607837483468e-12,2.425114583177961e-9,6.970270058005918e-9,0,0,true,true,true,-1.0367834749361988e-11,-1.0367834749361988e-11,1.0e-10,-1.0367832752903152e-8,9.33105126052114e-11,true,0.0,true,true,,true,conditional_window,false
62.4,48,K_plus,7.753098208010931,direct_finite_q,0.0,-6.667899684355941e-12,2.086748471665988e-9,6.334334403658308e-9,0,0,true,true,true,-9.627890364429872e-12,-9.627890364429872e-12,1.0e-10,-9.627888582170995e-9,8.665101315999991e-11,true,0.0,true,true,,true,conditional_window,false
62.4,48,K_plus,7.898914223885238,direct_finite_q,0.0,-5.5645909320636785e-12,1.8719516934039676e-9,5.899385536255109e-9,0,0,true,true,true,-9.137865620478912e-12,-9.137865620478912e-12,1.0e-10,-9.137863973975656e-9,8.224079047635589e-11,true,0.0,true,true,,true,conditional_window,false
62.4,48,K_plus,7.980748879988085,direct_finite_q,0.0,-5.02773351469969e-12,1.7594202548124566e-9,5.660884807239383e-9,0,0,true,true,true,-8.873288877272853e-12,-8.873288877272853e-12,1.0e-10,-8.873287302048897e-9,7.985959979367426e-11,true,0.0,true,true,,true,conditional_window,false
62.4,48,K_minus,0.019251120011914757,direct_finite_q,0.04496072875334589,-0.000702153431590586,3.004350103999261e-8,8.309597472689549e-7,1,1,true,true,true,-6.035710375940084e-9,0.9999999939642896,1.0e-10,0.9999939645674544,5.4321354677373175e-8,true,0.0,true,true,,true,conditional_window,false
62.4,48,K_minus,0.1010857761147621,direct_finite_q,0.03972324996181586,-0.0007178330130741018,2.2961690437733496e-8,2.0191823390341996e-5,1,1,true,true,true,-6.207851677153542e-9,0.9999999937921483,1.0e-10,0.9999937924413611,5.587062378369596e-8,true,0.0,true,true,,true,conditional_window,false
62.4,48,K_minus,0.2469017919890688,direct_finite_q,0.0320569588189704,-0.0007451745120392539,1.4955036088236334e-8,9.670006523332317e-5,1,1,true,true,true,-6.5461367437791296e-9,0.9999999934538633,1.0e-10,0.99999345418711,5.8915185721669316e-8,true,0.0,true,true,,true,conditional_window,false
62.4,48,K_minus,0.4543378919823957,direct_finite_q,0.023918037113890445,-0.0007823047999044596,9.878016430344028e-9,0.00024194219280049015,1,1,true,true,true,-7.108588717663622e-9,0.9999999928914113,1.0e-10,0.999992891789808,6.397724473851985e-8,true,0.0,true,true,,true,conditional_window,false
62.4,48,K_minus,0.7199920561043887,direct_finite_q,0.01673616046858115,-0.0008259077084232657,8.288252038540855e-9,0.00041783322778252325,1,1,true,true,true,-8.004206963896365e-9,0.999999991995793,1.0e-10,0.9999919962666405,7.203779542946173e-8,true,0.0,true,true,,true,conditional_window,false
62.4,48,K_minus,1.0395032336857826,direct_finite_q,0.011151376599677685,-0.0008708635912100281,9.228585813457773e-9,0.000562778017309079,1,1,true,true,true,-9.439574899516856e-9,0.9999999905604251,1.0e-10,0.9999905610717205,8.495608149834541e-8,true,0.0,true,true,,true,conditional_window,false
62.4,48,K_minus,1.4076253922520978,direct_finite_q,0.007187746243772316,-0.0009100422547276817,1.2076040021275173e-8,0.0006301531521832764,1,1,true,true,true,-1.1831914781268438e-8,0.9999999881680852,1.0e-10,0.9999881690753147,1.0648708884345841e-7,true,0.0,true,true,,true,conditional_window,false
62.4,48,K_minus,1.8183141144446417,direct_finite_q,0.0045542587572230415,-0.0009342887941406273,1.5616584682789126e-8,0.0006063381848027343,1,1,true,true,true,-1.6116897372242533e-8,0.9999999838831026,1.0e-10,0.9999838848742055,1.4505181561162135e-7,true,0.0,true,true,,true,conditional_window,false
62.4,48,K_minus,2.2648259694958197,direct_finite_q,0.0028813597665077913,-0.000932817519175532,1.843888019548028e-8,0.0005063535596509079,1,1,true,true,true,-2.4739514548066666e-8,0.9999999752604855,1.0e-10,0.9999752644497214,2.2265503383009112e-7,true,0.0,true,true,,true,conditional_window,false
62.4,48,K_minus,2.7398292812153464,direct_finite_q,0.001845438345938459,-0.0008947819537928249,1.9749287096288852e-8,0.00036153459361504416,1,1,true,true,true,-4.580907209117413e-8,0.9999999541909279,1.0e-10,0.9999542035378739,4.122796895204314e-7,true,0.0,true,true,,true,conditional_window,false
62.4,48,K_minus,3.2355245301055344,direct_finite_q,0.0012076588815709156,-0.0008135460174021601,1.950928896543931e-8,0.00020902669852165275,1,1,true,true,true,-1.2252863901274225e-7,0.999999877471361,1.0e-10,0.9998775520559514,1.1027445772179694e-6,true,0.0,true,true,,true,conditional_window,false
62.4,48,K_minus,3.7437724285495775,direct_finite_q,0.0008085410584097543,-0.0006919007476278518,1.810514768030742e-8,8.283334834057006e-5,1,1,true,true,true,-5.350584844743267e-6,0.9999946494151553,1.0e-10,0.9947761627121581,4.813232856138691e-5,true,0.0,true,true,,true,conditional_window,false
62.4,48,K_minus,4.256227571450422,direct_finite_q,0.0,2.061874369957109e-5,1.60099453818186e-8,1.8937350992704507e-5,0,0,true,true,true,3.7125940686389633e-7,3.7125940686389633e-7,1.0e-10,0.0003717065098897771,3.3414301324019526e-6,true,0.0,true,true,,true,conditional_window,false
62.4,48,K_minus,4.764475469894466,direct_finite_q,0.0,2.583210529024023e-6,1.3630648988350513e-8,2.986385296622368e-6,0,0,true,true,true,5.650053082758457e-7,5.650053082758457e-7,1.0e-10,0.00034371568767003536,5.085203140042035e-6,true,0.0,true,true,,true,conditional_window,false
62.4,48,K_minus,5.260170718784654,direct_finite_q,0.0,1.8978380535480662e-7,1.1271158991833906e-8,2.8182838938312445e-7,0,0,true,true,true,-3.027338319759012e-9,-3.027338319759012e-9,1.0e-10,-1.3497396995866371e-6,2.7246041173468752e-8,true,0.0,true,true,,true,conditional_window,false
62.4,48,K_minus,5.73517403050418,direct_finite_q,0.0,3.2006909027238796e-9,9.128752773811607e-9,2.054503765853561e-8,0,0,true,true,true,-7.223984123187972e-10,-7.223984123187972e-10,1.0e-10,-7.223972384552556e-7,6.501585393815409e-9,true,0.0,true,true,,true,conditional_window,false
62.4,48,K_minus,6.181685885555359,direct_finite_q,0.0,-2.0480708942077468e-11,7.3033721633906815e-9,1.4098988700877717e-8,0,0,true,true,true,-1.3496975741579894e-11,-1.3496975741579894e-11,1.0e-10,-1.3496972833886241e-8,1.2147278143803928e-10,true,0.0,true,true,,true,conditional_window,false
62.4,48,K_minus,6.592374607747902,direct_finite_q,0.0,-1.2272823118390444e-11,5.787340020612798e-9,1.2714844603121274e-8,0,0,true,true,true,-1.1718551766628473e-11,-1.1718551766628473e-11,1.0e-10,-1.1718445372193115e-8,1.0546602899532876e-10,true,0.0,true,true,,true,conditional_window,false
62.4,48,K_minus,6.960496766314217,direct_finite_q,0.0,-7.756113632573317e-12,4.591814413750901e-9,1.1251252297494358e-8,0,0,true,true,true,-1.0305821000234602e-11,-1.0305821000234602e-11,1.0e-10,-1.0305819020935375e-8,9.275238886461729e-11,true,0.0,true,true,,true,conditional_window,false
62.4,48,K_minus,7.280007943895612,direct_finite_q,0.0,-5.209951788941546e-12,3.698487207812312e-9,9.916213687360574e-9,0,0,true,true,true,-9.207490692470658e-12,-9.207490692470658e-12,1.0e-10,-9.207489026121452e-9,8.286741612254999e-11,true,0.0,true,true,,true,conditional_window,false
62.4,48,K_minus,7.545662108017604,direct_finite_q,0.0,-3.743925389983101e-12,3.0591529983342876e-9,8.813214298367283e-9,0,0,true,true,true,-8.377665724202063e-12,-8.377665724202063e-12,1.0e-10,-8.377664278079118e-9,7.53989914270543e-11,true,0.0,true,true,,true,conditional_window,false
62.4,48,K_minus,7.753098208010931,direct_finite_q,0.0,-2.8933308009439664e-12,2.6226715252565415e-9,7.977840556091916e-9,0,0,true,true,true,-7.778705708193047e-12,-7.778705708193047e-12,1.0e-10,-7.778704412362396e-9,7.000835129551442e-11,true,0.0,true,true,,true,conditional_window,false
62.4,48,K_minus,7.898914223885238,direct_finite_q,0.0,-2.414290766329688e-12,2.3470276704887633e-9,7.410991129399402e-9,0,0,true,true,true,-7.381946751067009e-12,-7.381946751067009e-12,1.0e-10,-7.381945550795179e-9,6.64375206891726e-11,true,0.0,true,true,,true,conditional_window,false
62.4,48,K_minus,7.980748879988085,direct_finite_q,0.0,-2.1812254386747134e-12,2.2030686049876095e-9,7.101586320099751e-9,0,0,true,true,true,-7.167699267992898e-12,-7.167699267992898e-12,1.0e-10,-7.1676981179986815e-9,6.450929334554305e-11,true,0.0,true,true,,true,conditional_window,false
39.0,48,pi_plus,0.019251120011914757,direct_finite_q,0.6403371333503302,-0.0018372648213645364,5.098076537521907e-12,1.1987898963595223e-5,1,1,true,true,true,-5.015196480329109e-9,0.9999999949848035,1.0e-10,0.9999949849984611,4.513674083238761e-8,true,0.0,true,true,,true,conditional_window,false
39.0,48,pi_plus,0.1010857761147621,direct_finite_q,0.3909958674718614,-0.0018838313312580634,6.727035034189901e-10,0.00020143040418034571,1,1,true,true,true,-5.163236616034794e-9,0.9999999948367634,1.0e-10,0.999994836969502,4.646909978474221e-8,true,0.0,true,true,,true,conditional_window,false
39.0,48,pi_plus,0.2469017919890688,direct_finite_q,0.22003912010615126,-0.0019649895576762102,5.526076218046927e-9,0.0006734772092680057,1,1,true,true,true,-5.456985641139056e-9,0.9999999945430144,1.0e-10,0.9999945432432933,4.9112838609414496e-8,true,0.0,true,true,,true,conditional_window,false
39.0,48,pi_plus,0.4543378919823957,direct_finite_q,0.1231988870907462,-0.002075025629517714,1.9024180348730965e-8,0.0012666538640491284,1,1,true,true,true,-5.952412007736996e-9,0.999999994047588,1.0e-10,0.9999940478581436,5.3571670374144987e-8,true,0.0,true,true,,true,conditional_window,false
39.0,48,pi_plus,0.7199920561043887,direct_finite_q,0.06927190220694149,-0.00220380583416147,4.18544869026122e-8,0.0017613348135267733,1,1,true,true,true,-6.7557162086728795e-9,0.9999999932442838,1.0e-10,0.999993244627748,6.080139713662692e-8,true,0.0,true,true,,true,conditional_window,false
39.0,48,pi_plus,1.0395032336857826,direct_finite_q,0.03914572261183071,-0.0023358907658444982,6.899250049883683e-8,0.002015053567664357,1,1,true,true,true,-8.071427526346042e-9,0.9999999919285725,1.0e-10,0.9999919290554249,7.264277863048192e-8,true,0.0,true,true,,true,conditional_window,false
39.0,48,pi_plus,1.4076253922520978,direct_finite_q,0.022307991224103943,-0.0024503490035782975,9.20625886640247e-8,0.001993306757423992,1,1,true,true,true,-1.0323791932442816e-8,0.9999999896762081,1.0e-10,0.9999896769801805,9.29140163279824e-8,true,0.0,true,true,,true,conditional_window,false
39.0,48,pi_plus,1.8183141144446417,direct_finite_q,0.012911412903284911,-0.0025212596618755623,1.0440002736114086e-7,0.0017403411752045816,1,1,true,true,true,-1.4508817036684718e-8,0.999999985491183,1.0e-10,0.9999854926601877,1.3057913762300794e-7,true,0.0,true,true,,true,conditional_window,false
39.0,48,pi_plus,2.2648259694958197,direct_finite_q,0.007661097153168754,-0.002517970870432489,1.0459432493678118e-7,0.0013365215059165214,1,1,true,true,true,-2.3457338738097633e-8,0.9999999765426613,1.0e-10,0.9999765463556605,2.1111550054587365e-7,true,0.0,true,true,,true,conditional_window,false
39.0,48,pi_plus,2.7398292812153464,direct_finite_q,0.004700091406646672,-0.0024069352632078585,9.583756854103209e-8,0.0008721055329745594,1,1,true,true,true,-4.845094703220809e-8,0.999999951549053,1.0e-10,0.9999515638772702,4.360562678453217e-7,true,0.0,true,true,,true,conditional_window,false
39.0,48,pi_plus,3.2355245301055344,direct_finite_q,0.002989023581162784,-0.0021614432618418046,8.269227530671796e-8,0.00043894812619602893,1,1,true,true,true,-2.044905779152728e-7,0.9999997955094221,1.0e-10,0.9997957520867263,1.8403768961916647e-6,true,0.0,true,true,,true,conditional_window,false
39.0,48,pi_plus,3.7437724285495775,direct_finite_q,0.0,0.00019096015114333735,6.857601448317601e-8,0.00013564001339835485,0,0,true,true,true,2.3583049600162965e-7,2.3583049600162965e-7,1.0e-10,0.00023611938349703528,2.1225223377549283e-6,true,0.0,true,true,,true,conditional_window,false
39.0,48,pi_plus,4.256227571450422,direct_finite_q,0.0,3.118138066052715e-5,5.5281315169955356e-8,2.8667152603439412e-5,0,0,true,true,true,1.260439542739821e-7,1.260439542739821e-7,1.0e-10,0.00012611462461227104,1.1344082228441616e-6,true,0.0,true,true,,true,conditional_window,false
39.0,48,pi_plus,4.764475469894466,direct_finite_q,0.0,3.5194214868136657e-6,4.358128499538512e-8,4.097477804822683e-6,0,0,true,true,true,1.2534209882651296e-7,1.2534209882651296e-7,1.0e-10,0.00012539756105390344,1.1280901458515362e-6,true,0.0,true,true,,true,conditional_window,false
39.0,48,pi_plus,5.260170718784654,direct_finite_q,0.0,2.2303483163262372e-7,3.37615307597045e-8,3.599637812856835e-7,0,0,true,true,true,1.6860787910810092e-7,1.6860787910810092e-7,1.0e-10,0.00016867031987679492,1.5174883664085249e-6,true,0.0,true,true,,true,conditional_window,false
39.0,48,pi_plus,5.73517403050418,direct_finite_q,0.0,3.130278074591332e-9,2.584306346884487e-8,4.827942028206545e-8,0,0,true,true,true,3.498324121328997e-7,3.498324121328997e-7,1.0e-10,0.00017877259439768282,3.148546389663125e-6,true,0.0,true,true,,true,conditional_window,false
39.0,48,pi_plus,6.181685885555359,direct_finite_q,0.0,-9.540909033162185e-11,1.9673723236619434e-8,3.790176355877668e-8,0,0,true,true,true,-1.040838018274169e-11,-1.040838018274169e-11,1.0e-10,-1.0408378254818408e-8,9.367542150346902e-11,true,0.0,true,true,,true,conditional_window,false
39.0,48,pi_plus,6.592374607747902,direct_finite_q,0.0,-5.664970395848387e-11,1.4936410225838962e-8,3.276045737605501e-8,0,0,true,true,true,-8.660706392843634e-12,-8.660706392843634e-12,1.0e-10,-8.660704941729097e-9,7.794635743782282e-11,true,0.0,true,true,,true,conditional_window,false
39.0,48,pi_plus,6.960496766314217,direct_finite_q,0.0,-3.556248492267213e-11,1.1434135126562905e-8,2.7977003830666935e-8,0,0,true,true,true,-7.328377248732015e-12,-7.328377248732015e-12,1.0e-10,-7.328376119483815e-9,6.595539516857267e-11,true,0.0,true,true,,true,conditional_window,false
39.0,48,pi_plus,7.280007943895612,direct_finite_q,0.0,-2.3770912607547767e-11,8.944525043635103e-9,2.3951655422404082e-8,0,0,true,true,true,-6.329230201364117e-12,-6.329230201364117e-12,1.0e-10,-6.329229233677875e-9,5.696307176003603e-11,true,0.0,true,true,,true,conditional_window,false
39.0,48,pi_plus,7.545662108017604,direct_finite_q,0.0,-1.7020544128196235e-11,7.2298176535127414e-9,2.0805046099569796e-8,0,0,true,true,true,-5.597223987361681e-12,-5.597223987361681e-12,1.0e-10,-5.597223172903929e-9,5.0375015845384146e-11,true,0.0,true,true,,true,conditional_window,false
39.0,48,pi_plus,7.753098208010931,direct_finite_q,0.0,-1.3119823069334397e-11,6.092297830686133e-9,1.8512526350325475e-8,0,0,true,true,true,-5.081896005247598e-12,-5.081896005247598e-12,1.0e-10,-5.081895292163313e-9,4.573706401352435e-11,true,0.0,true,true,,true,conditional_window,false
39.0,48,pi_plus,7.898914223885238,direct_finite_q,0.0,-1.0929030060888324e-11,5.38833378486248e-9,1.6997215524609273e-8,0,0,true,true,true,-4.746862646452616e-12,-4.746862646452616e-12,1.0e-10,-4.746861996396613e-9,4.272176378865801e-11,true,0.0,true,true,,true,conditional_window,false
39.0,48,pi_plus,7.980748879988085,direct_finite_q,0.0,-9.86492040250823e-12,5.025266137776516e-9,1.6183156396859596e-8,0,0,true,true,true,-4.568120974042414e-12,-4.568120974042414e-12,1.0e-10,-4.568120356684937e-9,4.111308873913457e-11,true,0.0,true,true,,true,conditional_window,false
39.0,48,pi_minus,0.019251120011914757,direct_finite_q,0.6950887432964163,-0.001932500634957395,0.0,1.3014077860483622e-5,1,1,true,true,true,-5.012616988153695e-9,0.999999994987383,1.0e-10,0.9999949875778066,4.511352490358271e-8,true,0.0,true,true,,true,conditional_window,false
39.0,48,pi_minus,0.1010857761147621,direct_finite_q,0.4189948339001323,-0.0019815159991577774,7.227123341701893e-11,0.00021587397263744918,1,1,true,true,true,-5.160673444137842e-9,0.9999999948393266,1.0e-10,0.9999948395323291,4.644603256453842e-8,true,0.0,true,true,,true,conditional_window,false
39.0,48,pi_minus,0.2469017919890688,direct_finite_q,0.23375209310807876,-0.0020669288612871228,2.2738114446013446e-9,0.0007155120831190483,1,1,true,true,true,-5.454484086619971e-9,0.9999999945455159,1.0e-10,0.9999945457447024,4.9090324098935356e-8,true,0.0,true,true,,true,conditional_window,false
39.0,48,pi_minus,0.4543378919823957,direct_finite_q,0.1302427613312864,-0.0021827487298960806,1.1782405792529645e-8,0.0013391886394813887,1,1,true,true,true,-5.950082315742122e-9,0.9999999940499177,1.0e-10,0.9999940501876801,5.3550702602746936e-8,true,0.0,true,true,,true,conditional_window,false
39.0,48,pi_minus,0.7199920561043887,direct_finite_q,0.07303936397247729,-0.0023183428756169,3.09765973217975e-8,0.0018572671667748618,1,1,true,true,true,-6.7537956338625804e-9,0.9999999932462044,1.0e-10,0.9999932465480456,6.078411287162395e-8,true,0.0,true,true,,true,conditional_window,false
39.0,48,pi_minus,1.0395032336857826,direct_finite_q,0.04121667209055873,-0.0024574670989466153,5.604372908544771e-8,0.0021217657600326543,1,1,true,true,true,-8.070409229787856e-9,0.9999999919295908,1.0e-10,0.99999193007345,7.263361538176563e-8,true,0.0,true,true,,true,conditional_window,false
39.0,48,pi_minus,1.4076253922520978,direct_finite_q,0.023471560229367888,-0.002578120131885583,7.89682047484858e-8,0.0020972781761620716,1,1,true,true,true,-1.0324759713853382e-8,0.9999999896752403,1.0e-10,0.999989676012514,9.292272666571205e-8,true,0.0,true,true,,true,conditional_window,false
39.0,48,pi_minus,1.8183141144446417,direct_finite_q,0.013580772321183354,-0.0026530209594987967,9.267942848662091e-8,0.0018303855012331844,1,1,true,true,true,-1.451454290091192e-8,0.9999999854854571,1.0e-10,0.9999854869355782,1.3063067066625284e-7,true,0.0,true,true,,true,conditional_window,false
39.0,48,pi_minus,2.2648259694958197,direct_finite_q,0.008057758762820395,-0.0026498748154236565,9.500001161889396e-8,0.0014053190182442311,1,1,true,true,true,-2.3477066513066802e-8,0.9999999765229335,1.0e-10,0.9999765266341479,2.1129304914460992e-7,true,0.0,true,true,,true,conditional_window,false
39.0,48,pi_minus,2.7398292812153464,direct_finite_q,0.004943790562829702,-0.002533285739338667,8.843962575454054e-8,0.0009167294915371136,1,1,true,true,true,-4.853424706574572e-8,0.9999999514657529,1.0e-10,0.9999514806282768,4.3680596006459713e-7,true,0.0,true,true,,true,conditional_window,false
39.0,48,pi_minus,3.2355245301055344,direct_finite_q,0.003144386833622551,-0.0022750072420093196,7.718404453453687e-8,0.00046111329990130727,1,1,true,true,true,-2.0571812076042306e-7,0.9999997942818792,1.0e-10,0.999794527464271,1.8514243209092734e-6,true,0.0,true,true,,true,conditional_window,false
39.0,48,pi_minus,3.7437724285495775,direct_finite_q,0.0,0.00020042838946309217,6.454915648828628e-8,0.00014236008000078485,0,0,true,true,true,2.3466879189209227e-7,2.3466879189209227e-7,1.0e-10,0.0002349548385910645,2.1120665302664634e-6,true,0.0,true,true,,true,conditional_window,false
39.0,48,pi_minus,4.256227571450422,direct_finite_q,0.0,3.27168128354366e-5,5.2366784335394255e-8,3.007360625089826e-5,0,0,true,true,true,1.2582904091112877e-7,1.2582904091112877e-7,1.0e-10,0.00012589947036574674,1.1324739595282466e-6,true,0.0,true,true,,true,conditional_window,false
39.0,48,pi_minus,4.764475469894466,direct_finite_q,0.0,3.6916322968547835e-6,4.148516154884869e-8,4.293110869750599e-6,0,0,true,true,true,1.2521844577160006e-7,1.2521844577160006e-7,1.0e-10,0.00012527379857882142,1.1269772461572108e-6,true,0.0,true,true,,true,conditional_window,false
39.0,48,pi_minus,5.260170718784654,direct_finite_q,0.0,2.338429054826497e-7,3.2259118468343776e-8,3.730079735429881e-7,0,0,true,true,true,1.6849555167164367e-7,1.6849555167164367e-7,1.0e-10,0.00016855790923517335,1.5164773962295713e-6,true,0.0,true,true,,true,conditional_window,false
39.0,48,pi_minus,5.73517403050418,direct_finite_q,0.0,3.264403400108435e-9,2.4765542692182733e-8,4.670740328120494e-8,0,0,true,true,true,3.4966264712991457e-7,3.4966264712991457e-7,1.0e-10,0.0001786858311432757,3.147018451573012e-6,true,0.0,true,true,,true,conditional_window,false
39.0,48,pi_minus,6.181685885555359,direct_finite_q,0.0,-1.0928192875744303e-10,1.889649578272591e-8,3.6370268251942406e-8,0,0,true,true,true,-1.0680156223462675e-11,-1.0680156223462675e-11,1.0e-10,-1.0680154215717538e-8,9.612140586247677e-11,true,0.0,true,true,,true,conditional_window,false
39.0,48,pi_minus,6.592374607747902,direct_finite_q,0.0,-6.488725335569266e-11,1.4371681554008795e-8,3.149896963632716e-8,0,0,true,true,true,-8.8858382820496e-12,-8.8858382820496e-12,1.0e-10,-8.885836772877401e-9,7.997254443551858e-11,true,0.0,true,true,,true,conditional_window,false
39.0,48,pi_minus,6.960496766314217,direct_finite_q,0.0,-4.0733984794374556e-11,1.1016751283916698e-8,2.693987112923501e-8,0,0,true,true,true,-7.518273766247518e-12,-7.518273766247518e-12,1.0e-10,-7.518272593206998e-9,6.76644638225291e-11,true,0.0,true,true,,true,conditional_window,false
39.0,48,pi_minus,7.280007943895612,direct_finite_q,0.0,-2.722789140137606e-11,8.626901915447831e-9,2.3089575829979074e-8,0,0,true,true,true,-6.4928736978664044e-12,-6.4928736978664044e-12,1.0e-10,-6.49287269433157e-9,5.843586322581374e-11,true,0.0,true,true,,true,conditional_window,false
39.0,48,pi_minus,7.545662108017604,direct_finite_q,0.0,-1.949595579448141e-11,6.978431053409775e-9,2.007279052968597e-8,0,0,true,true,true,-5.7417209745383355e-12,-5.7417209745383355e-12,1.0e-10,-5.741720130586888e-9,5.167548872783076e-11,true,0.0,true,true,,true,conditional_window,false
39.0,48,pi_minus,7.753098208010931,direct_finite_q,0.0,-1.502802794687735e-11,5.8836824554650355e-9,1.7871432551285892e-8,0,0,true,true,true,-5.212955956096275e-12,-5.212955956096275e-12,1.0e-10,-5.212955217639549e-9,4.691660356939632e-11,true,0.0,true,true,,true,conditional_window,false
39.0,48,pi_minus,7.898914223885238,direct_finite_q,0.0,-1.2518616062062768e-11,5.205698521916505e-9,1.641490684499067e-8,0,0,true,true,true,-4.869204547797336e-12,-4.869204547797336e-12,1.0e-10,-4.869203874892865e-9,4.3822840899219754e-11,true,0.0,true,true,,true,conditional_window,false
39.0,48,pi_minus,7.980748879988085,direct_finite_q,0.0,-1.1299748395455874e-11,4.855877601877451e-9,1.563196196708483e-8,0,0,true,true,true,-4.685817347869496e-12,-4.685817347869496e-12,1.0e-10,-4.6858167089601875e-9,4.2172356102151414e-11,true,0.0,true,true,,true,conditional_window,false
39.0,48,K_plus,0.019251120011914757,direct_finite_q,0.059390813951591286,-0.0008915392632758238,8.859316462146472e-9,1.0983299060371015e-6,1,1,true,true,true,-6.0242622001993595e-9,0.9999999939757378,1.0e-10,0.9999939760145249,5.4218321385936086e-8,true,0.0,true,true,,true,conditional_window,false
39.0,48,K_plus,0.1010857761147621,direct_finite_q,0.05233037261939742,-0.000911513696491439,6.763211803609689e-9,2.6617842466330553e-5,1,1,true,true,true,-6.1962766029211025e-9,0.9999999938037234,1.0e-10,0.9999938040152944,5.5766448178375274e-8,true,0.0,true,true,,true,conditional_window,false
39.0,48,K_plus,0.2469017919890688,direct_finite_q,0.04205571205074381,-0.0009463578025475359,4.379933385019874e-9,0.00012695781637399453,1,1,true,true,true,-6.534390473156293e-9,0.9999999934656095,1.0e-10,0.9999934659321774,5.8809469314302945e-8,true,0.0,true,true,,true,conditional_window,false
39.0,48,K_plus,0.4543378919823957,direct_finite_q,0.031227800203106865,-0.0009936784467260273,2.845429100433065e-9,0.00031617357864982467,1,1,true,true,true,-7.0967310916714155e-9,0.9999999929032689,1.0e-10,0.9999929036461003,6.387052638574982e-8,true,0.0,true,true,,true,conditional_window,false
39.0,48,K_plus,0.7199920561043887,direct_finite_q,0.02174560955702523,-0.0010492563475098715,2.318843541683581e-9,0.0005435250249783372,1,1,true,true,true,-7.992457473626757e-9,0.9999999920075425,1.0e-10,0.9999920080147824,7.193204891284438e-8,true,0.0,true,true,,true,conditional_window,false
39.0,48,K_plus,1.0395032336857826,direct_finite_q,0.014423698954185363,-0.00110657865870891,2.4939368439785114e-9,0.0007290080977282735,1,1,true,true,true,-9.428358982432883e-9,0.999999990571641,1.0e-10,0.9999905722859683,8.485513860880297e-8,true,0.0,true,true,,true,conditional_window,false
39.0,48,K_plus,1.4076253922520978,direct_finite_q,0.009258928954789613,-0.0011565585254759722,3.3932338986254383e-9,0.0008133111391964084,1,1,true,true,true,-1.1821843726167458e-8,0.9999999881781563,1.0e-10,0.9999881791444424,1.0639645024429398e-7,true,0.0,true,true,,true,conditional_window,false
39.0,48,K_plus,1.8183141144446417,direct_finite_q,0.005845249404975037,-0.001187524420159389,4.9167139475511575e-9,0.0007801576640685376,1,1,true,true,true,-1.6108408940063157e-8,0.9999999838915911,1.0e-10,0.9999838933604878,1.4497541996039446e-7,true,0.0,true,true,,true,conditional_window,false
39.0,48,K_plus,2.2648259694958197,direct_finite_q,0.0036863234550262467,-0.0011856928764725214,6.581179769483306e-9,0.0006498163163127343,1,1,true,true,true,-2.4730720582510912e-8,0.9999999752692794,1.0e-10,0.9999752732404339,2.2257588834196564e-7,true,0.0,true,true,,true,conditional_window,false
39.0,48,K_plus,2.7398292812153464,direct_finite_q,0.0023544455446361306,-0.0011371850155995008,7.85138333828082e-9,0.0004629175068728875,1,1,true,true,true,-4.57817178611819e-8,0.9999999542182821,1.0e-10,0.9999542308771355,4.120335038448792e-7,true,0.0,true,true,,true,conditional_window,false
39.0,48,K_plus,3.2355245301055344,direct_finite_q,0.0015370265848215344,-0.0010334378961921592,8.448321040965232e-9,0.0002670809454148888,1,1,true,true,true,-1.2228964929583697e-7,0.9999998777103507,1.0e-10,0.9998777907533317,1.1005937199053724e-6,true,0.0,true,true,,true,conditional_window,false
39.0,48,K_plus,3.7437724285495775,direct_finite_q,0.0010267945704279457,-0.0008780196784664302,8.37473963739066e-9,0.00010564360967616482,1,1,true,true,true,-5.023205489895766e-6,0.9999949767945101,1.0e-10,0.995088737704181,4.51886259736376e-5,true,0.0,true,true,,true,conditional_window,false
39.0,48,K_plus,4.256227571450422,direct_finite_q,0.0,2.6209680824707926e-5,7.787999993162414e-9,2.4060835317754802e-5,0,0,true,true,true,3.7128463451901007e-7,3.7128463451901007e-7,1.0e-10,0.0003717330504543765,3.3416572962659737e-6,true,0.0,true,true,,true,conditional_window,false
39.0,48,K_plus,4.764475469894466,direct_finite_q,0.0,3.2669215808502516e-6,6.8892689249308e-9,3.7649050964197235e-6,0,0,true,true,true,5.596628651070761e-7,5.596628651070761e-7,1.0e-10,0.0003444711173183139,5.037118958339806e-6,true,0.0,true,true,,true,conditional_window,false
39.0,48,K_plus,5.260170718784654,direct_finite_q,0.0,2.3866038381827094e-7,5.8642527392043955e-9,3.427619144318763e-7,0,0,true,true,true,-3.737750672301209e-9,-3.737750672301209e-9,1.0e-10,-1.635548777183759e-6,3.3639750402746665e-8,true,0.0,true,true,,true,conditional_window,false
39.0,48,K_plus,5.73517403050418,direct_finite_q,0.0,3.957261074104266e-9,4.854500059962414e-9,1.4683384675495042e-8,0,0,true,true,true,-8.774113024399496e-10,-8.774113024399496e-10,1.0e-10,-8.774095817451248e-7,7.896701253634917e-9,true,0.0,true,true,,true,conditional_window,false
39.0,48,K_plus,6.181685885555359,direct_finite_q,0.0,-4.334970079171674e-11,3.947877845632153e-9,7.558797016360618e-9,0,0,true,true,true,-1.6264200730340024e-11,-1.6264200730340024e-11,1.0e-10,-1.6264196773826337e-8,1.463778062300308e-10,true,0.0,true,true,,true,conditional_window,false
39.0,48,K_plus,6.592374607747902,direct_finite_q,0.0,-2.5915600402735776e-11,3.166654516895497e-9,6.9148991512179915e-9,0,0,true,true,true,-1.4094193902036547e-11,-1.4094193902036547e-11,1.0e-10,-1.4094190782706732e-8,1.2684774486092312e-10,true,0.0,true,true,,true,conditional_window,false
39.0,48,K_plus,6.960496766314217,direct_finite_q,0.0,-1.6342706517608462e-11,2.5350829278554287e-9,6.182072706489595e-9,0,0,true,true,true,-1.2377664944771645e-11,-1.2377664944771645e-11,1.0e-10,-1.2377662309964591e-8,1.1139898430454794e-10,true,0.0,true,true,,true,conditional_window,false
39.0,48,K_plus,7.280007943895612,direct_finite_q,0.0,-1.0956844329837674e-11,2.0551913985352268e-9,5.48863929279255e-9,0,0,true,true,true,-1.1047047551479687e-11,-1.1047047551479687e-11,1.0e-10,-1.1047045348168473e-8,9.942342780536733e-11,true,0.0,true,true,,true,conditional_window,false
39.0,48,K_plus,7.545662108017604,direct_finite_q,0.0,-7.861026873699464e-12,1.7077827506010343e-9,4.903361246885975e-9,0,0,true,true,true,-1.0043888457917198e-11,-1.0043888457917198e-11,1.0e-10,-1.0043886556190256e-8,9.039499599074312e-11,true,0.0,true,true,,true,conditional_window,false
39.0,48,K_plus,7.753098208010931,direct_finite_q,0.0,-6.067340442260526e-12,1.4687459684657542e-9,4.454200322710751e-9,0,0,true,true,true,-9.320908438744325e-12,-9.320908438744325e-12,1.0e-10,-9.320906741737424e-9,8.388817583633467e-11,true,0.0,true,true,,true,conditional_window,false
39.0,48,K_plus,7.898914223885238,direct_finite_q,0.0,-5.058234871623638e-12,1.3170171385784752e-9,4.146916451811379e-9,0,0,true,true,true,-8.842476629817855e-12,-8.842476629817855e-12,1.0e-10,-8.842475062470559e-9,7.958228956725632e-11,true,0.0,true,true,,true,conditional_window,false
39.0,48,K_plus,7.980748879988085,direct_finite_q,0.0,-4.567617148724044e-12,1.2375366864131548e-9,3.978411779156518e-9,0,0,true,true,true,-8.584279726811768e-12,-8.584279726811768e-12,1.0e-10,-8.58427822751563e-9,7.725851744603045e-11,true,0.0,true,true,,true,conditional_window,false
39.0,48,K_minus,0.019251120011914757,direct_finite_q,0.04136497458759021,-0.0006270023854010609,2.768221368613276e-8,7.648600268538992e-7,1,1,true,true,true,-6.046047329455462e-9,0.9999999939539527,1.0e-10,0.9999939542315227,5.441438590180598e-8,true,0.0,true,true,,true,conditional_window,false
39.0,48,K_minus,0.1010857761147621,direct_finite_q,0.03652018269861846,-0.0006410130450071821,2.1160692560227602e-8,1.8573467854083654e-5,1,1,true,true,true,-6.2179781323834504e-9,0.9999999937820219,1.0e-10,0.9999937823157513,5.596176222469833e-8,true,0.0,true,true,,true,conditional_window,false
39.0,48,K_minus,0.2469017919890688,direct_finite_q,0.02943335446176555,-0.0006654310027359449,1.3822373281325424e-8,8.88438696373091e-5,1,1,true,true,true,-6.5557512751723834e-9,0.9999999934442487,1.0e-10,0.9999934445735448,5.900171560961724e-8,true,0.0,true,true,,true,conditional_window,false
39.0,48,K_minus,0.4543378919823957,direct_finite_q,0.021918377828083275,-0.0006985616440406589,9.200715956150034e-9,0.00022190647880778643,1,1,true,true,true,-7.117093248076856e-9,0.9999999928829068,1.0e-10,0.999992883286078,6.405378570575618e-8,true,0.0,true,true,,true,conditional_window,false
39.0,48,K_minus,0.7199920561043887,direct_finite_q,0.015298639621429744,-0.0007374095640081587,7.801945481402813e-9,0.0003824053544298366,1,1,true,true,true,-8.010369922928362e-9,0.9999999919896301,1.0e-10,0.9999919901043633,7.209326147594674e-8,true,0.0,true,true,,true,conditional_window,false
39.0,48,K_minus,1.0395032336857826,direct_finite_q,0.01016295620294914,-0.0007773622498843336,8.739352124916645e-9,0.0005137881863093995,1,1,true,true,true,-9.440739301425083e-9,0.9999999905592607,1.0e-10,0.9999905599074443,8.496656008311997e-8,true,0.0,true,true,,true,conditional_window,false
39.0,48,K_minus,1.4076253922520978,direct_finite_q,0.006528388273194419,-0.0008120139797855186,1.1333309245284822e-8,0.0005738071592320474,1,1,true,true,true,-1.1821864043248809e-8,0.999999988178136,1.0e-10,0.9999881791241436,1.063966327374537e-7,true,0.0,true,true,,true,conditional_window,false
39.0,48,K_minus,1.8183141144446417,direct_finite_q,0.0041213008882987285,-0.0008331685683288656,1.4373775682465677e-8,0.0005507560330762794,1,1,true,true,true,-1.6079091946785695e-8,0.999999983920908,1.0e-10,0.9999839226711564,1.447115667983397e-7,true,0.0,true,true,,true,conditional_window,false
39.0,48,K_minus,2.2648259694958197,direct_finite_q,0.002597505862877517,-0.0008312154794110526,1.6609826222127103e-8,0.0004589930607850357,1,1,true,true,true,-2.462061143848615e-8,0.9999999753793886,1.0e-10,0.9999753833142939,2.215849121766551e-7,true,0.0,true,true,,true,conditional_window,false
39.0,48,K_minus,2.7398292812153464,direct_finite_q,0.0016572894749526748,-0.0007965494034021594,1.7438034887363784e-8,0.00032733925136699786,1,1,true,true,true,-4.537512976465763e-8,0.9999999546248702,1.0e-10,0.9999546372426114,4.083742448678145e-7,true,0.0,true,true,,true,conditional_window,false
39.0,48,K_minus,3.2355245301055344,direct_finite_q,0.0010805451186460084,-0.0007234141032417002,1.692610644769361e-8,0.000189412136949988,1,1,true,true,true,-1.198327307383451e-7,0.9999998801672693,1.0e-10,0.9998802444746652,1.078481974798255e-6,true,0.0,true,true,,true,conditional_window,false
39.0,48,K_minus,3.7437724285495775,direct_finite_q,0.0007210012757077612,-0.0006144638225959132,1.5471180655075407e-8,7.565794052916776e-5,1,1,true,true,true,-3.159199024049819e-6,0.999996840800976,1.0e-10,0.9968853911534941,2.8424790869849123e-5,true,0.0,true,true,,true,conditional_window,false
39.0,48,K_minus,4.256227571450422,direct_finite_q,0.0,1.8846257656405345e-5,1.3503208192040182e-8,1.730836807052018e-5,0,0,true,true,true,3.8043068463722984e-7,3.8043068463722984e-7,1.0e-10,0.00038090147594912614,3.423976514680503e-6,true,0.0,true,true,,true,conditional_window,false
39.0,48,K_minus,4.764475469894466,direct_finite_q,0.0,2.3598248157391283e-6,1.1368070388278362e-8,2.72688820192172e-6,0,0,true,true,true,5.66103722641124e-7,5.66103722641124e-7,1.0e-10,0.0003484365122093132,5.095090222164942e-6,true,0.0,true,true,,true,conditional_window,false
39.0,48,K_minus,5.260170718784654,direct_finite_q,0.0,1.7356231781916317e-7,9.310049304606802e-9,2.563409705234304e-7,0,0,true,true,true,-2.684017210533308e-9,-2.684017210533308e-9,1.0e-10,-1.1744609025400976e-6,2.4156152027365947e-8,true,0.0,true,true,,true,conditional_window,false
39.0,48,K_minus,5.73517403050418,direct_finite_q,0.0,2.954947753808096e-9,7.47841481409592e-9,1.7385523020044013e-8,0,0,true,true,true,-6.308546015670577e-10,-6.308546015670577e-10,1.0e-10,-6.308537128215524e-7,5.6776911733475934e-9,true,0.0,true,true,,true,conditional_window,false
39.0,48,K_minus,6.181685885555359,direct_finite_q,0.0,-1.1951284246744619e-11,5.941098294435408e-9,1.14782675569647e-8,0,0,true,true,true,-1.170663705402189e-11,-1.170663705402189e-11,1.0e-10,-1.1706634742480879e-8,1.0535973330852312e-10,true,0.0,true,true,,true,conditional_window,false
39.0,48,K_minus,6.592374607747902,direct_finite_q,0.0,-7.13945209304164e-12,4.6798063193333805e-9,1.0287712864170866e-8,0,0,true,true,true,-1.0152119500705075e-11,-1.0152119500705075e-11,1.0e-10,-1.0152117565565454e-8,9.13690753728329e-11,true,0.0,true,true,,true,conditional_window,false
39.0,48,K_minus,6.960496766314217,direct_finite_q,0.0,-4.499470734025095e-12,3.694459307445117e-9,9.056749799492277e-9,0,0,true,true,true,-8.918466289524148e-12,-8.918466289524148e-12,1.0e-10,-8.918464700652571e-9,8.026619650275276e-11,true,0.0,true,true,,true,conditional_window,false
39.0,48,K_minus,7.280007943895612,direct_finite_q,0.0,-3.015168829693574e-12,2.9634066339132024e-9,7.948462119417105e-9,0,0,true,true,true,-7.960089856676229e-12,-7.960089856676229e-12,1.0e-10,-7.960088515488838e-9,7.164080862810899e-11,true,0.0,true,true,,true,conditional_window,false
39.0,48,K_minus,7.545662108017604,direct_finite_q,0.0,-2.1624336055178203e-12,2.443043513071915e-9,7.04063106333505e-9,0,0,true,true,true,-7.2365593607506645e-12,-7.2365593607506645e-12,1.0e-10,-7.236558194220787e-9,6.512903417903534e-11,true,0.0,true,true,,true,conditional_window,false
39.0,48,K_minus,7.753098208010931,direct_finite_q,0.0,-1.6685595859664904e-12,2.089228276452999e-9,6.357110158307275e-9,0,0,true,true,true,-6.714662920154155e-12,-6.714662920154155e-12,1.0e-10,-6.714661873027862e-9,6.043196622310252e-11,true,0.0,true,true,,true,conditional_window,false
39.0,48,K_minus,7.898914223885238,direct_finite_q,0.0,-1.3907929300905768e-12,1.8664290489051167e-9,5.895122023340895e-9,0,0,true,true,true,-6.369126818636479e-12,-6.369126818636479e-12,1.0e-10,-6.369125847532815e-9,5.7322141315300005e-11,true,0.0,true,true,,true,conditional_window,false
39.0,48,K_minus,7.980748879988085,direct_finite_q,0.0,-1.255766676546495e-12,1.750276969857748e-9,5.6435532165310695e-9,0,0,true,true,true,-6.182601651461314e-12,-6.182601651461314e-12,1.0e-10,-6.182600720392433e-9,5.564341481375568e-11,true,0.0,true,true,,true,conditional_window,false
27.0,48,pi_plus,0.019251120011914757,direct_finite_q,0.6213016727193531,-0.001691508271402284,5.4009602867079465e-12,1.163324287808703e-5,1,1,true,true,true,-5.029151317614833e-9,0.9999999949708487,1.0e-10,0.9999949710446073,4.5262334575649235e-8,true,0.0,true,true,,true,conditional_window,false
27.0,48,pi_plus,0.1010857761147621,direct_finite_q,0.37879371641357384,-0.0017344398433736736,6.636461822139019e-10,0.00019519109003971404,1,1,true,true,true,-5.17695575297239e-9,0.9999999948230442,1.0e-10,0.9999948232513233,4.659257259278426e-8,true,0.0,true,true,,true,conditional_window,false
27.0,48,pi_plus,0.2469017919890688,direct_finite_q,0.21251810093725307,-0.0018091724410079458,4.886974255198565e-9,0.0006507312924731976,1,1,true,true,true,-5.470106700933286e-9,0.9999999945298933,1.0e-10,0.9999945301232976,4.923092779856572e-8,true,0.0,true,true,,true,conditional_window,false
27.0,48,pi_plus,0.4543378919823957,direct_finite_q,0.1184785558661225,-0.001910340081279617,1.593989242468603e-8,0.001219013133890612,1,1,true,true,true,-5.96417260023685e-9,0.9999999940358274,1.0e-10,0.9999940360985037,5.3677515841352434e-8,true,0.0,true,true,,true,conditional_window,false
27.0,48,pi_plus,0.7199920561043887,direct_finite_q,0.06627377503226135,-0.002028451619954775,3.40670233257177e-8,0.001687203308855405,1,1,true,true,true,-6.764455440233519e-9,0.9999999932355446,1.0e-10,0.9999932358893493,6.088004956809778e-8,true,0.0,true,true,,true,conditional_window,false
27.0,48,pi_plus,1.0395032336857826,direct_finite_q,0.03723432843491284,-0.002149057657832462,5.510452144624179e-8,0.0019206466053956054,1,1,true,true,true,-8.073339774483657e-9,0.9999999919266602,1.0e-10,0.9999919271431623,7.265998967204821e-8,true,0.0,true,true,,true,conditional_window,false
27.0,48,pi_plus,1.4076253922520978,direct_finite_q,0.02108671827718351,-0.0022527069971160557,7.243578191469475e-8,0.0018905533635131281,1,1,true,true,true,-1.0309332165725493e-8,0.9999999896906678,1.0e-10,0.9999896914374684,9.278387933905578e-8,true,0.0,true,true,,true,conditional_window,false
27.0,48,pi_plus,1.8183141144446417,direct_finite_q,0.01212582858731504,-0.00231541988029912,8.102244348140803e-8,0.0016432315553956763,1,1,true,true,true,-1.4450250218622784e-8,0.9999999855497498,1.0e-10,0.9999855512144754,1.3005203970366946e-7,true,0.0,true,true,,true,conditional_window,false
27.0,48,pi_plus,2.2648259694958197,direct_finite_q,0.007148245684512546,-0.002309125587526255,8.008906784130265e-8,0.001257516000096843,1,1,true,true,true,-2.325252734802774e-8,0.9999999767474727,1.0e-10,0.999976751101817,2.092722083839356e-7,true,0.0,true,true,,true,conditional_window,false
27.0,48,pi_plus,2.7398292812153464,direct_finite_q,0.00435763185387117,-0.00220341713930385,7.241118328858264e-8,0.0008192583011125025,1,1,true,true,true,-4.7515483991844576e-8,0.999999952484516,1.0e-10,0.9999524987713398,4.2763718707822105e-7,true,0.0,true,true,,true,conditional_window,false
27.0,48,pi_plus,3.2355245301055344,direct_finite_q,0.002754671085391154,-0.001974695359939412,6.166616548734603e-8,0.0004136900485051919,1,1,true,true,true,-1.9006285489897579e-7,0.9999998099371451,1.0e-10,0.9998101467993717,1.7105326024037413e-6,true,0.0,true,true,,true,conditional_window,false
27.0,48,pi_plus,3.7437724285495775,direct_finite_q,0.0,0.00018117519281414014,5.049886169395225e-8,0.00012867936468386777,0,0,true,true,true,2.532780092903165e-7,2.532780092903165e-7,1.0e-10,0.0002536113505042181,2.2795573119423665e-6,true,0.0,true,true,,true,conditional_window,false
27.0,48,pi_plus,4.256227571450422,direct_finite_q,0.0,2.9587682543648045e-5,4.02285627473376e-8,2.719073663085343e-5,0,0,true,true,true,1.2932710625805737e-7,1.2932710625805737e-7,1.0e-10,0.00012940155410496378,1.1639572615613004e-6,true,0.0,true,true,,true,conditional_window,false
27.0,48,pi_plus,4.764475469894466,direct_finite_q,0.0,3.3374799013811695e-6,3.136856912189272e-8,3.874199016883874e-6,0,0,true,true,true,1.2728930415136165e-7,1.2728930415136165e-7,1.0e-10,0.00012734656677771487,1.1456153515329455e-6,true,0.0,true,true,,true,conditional_window,false
27.0,48,pi_plus,5.260170718784654,direct_finite_q,0.0,2.1147819154497214e-7,2.4059272788112162e-8,3.301641639543403e-7,0,0,true,true,true,1.7040035618758414e-7,1.7040035618758414e-7,1.0e-10,0.00017046429769888713,1.5336210442459232e-6,true,0.0,true,true,,true,conditional_window,false
27.0,48,pi_plus,5.73517403050418,direct_finite_q,0.0,3.018431993122732e-9,1.8251878751900785e-8,3.544355663807675e-8,0,0,true,true,true,3.5256678905675315e-7,3.5256678905675315e-7,1.0e-10,0.00018043372944857514,3.173156687837636e-6,true,0.0,true,true,,true,conditional_window,false
27.0,48,pi_plus,6.181685885555359,direct_finite_q,0.0,-6.201178257569958e-11,1.3784470270631788e-8,2.6565381123892415e-8,0,0,true,true,true,-9.234164989830808e-12,-9.234164989830808e-12,1.0e-10,-9.234163388912717e-9,8.310748479731789e-11,true,0.0,true,true,,true,conditional_window,false
27.0,48,pi_plus,6.592374607747902,direct_finite_q,0.0,-3.6635906659588105e-11,1.0392059471297386e-8,2.2799319370863003e-8,0,0,true,true,true,-7.664104443712508e-12,-7.664104443712508e-12,1.0e-10,-7.664103236697201e-9,6.897693991683539e-11,true,0.0,true,true,,true,conditional_window,false
27.0,48,pi_plus,6.960496766314217,direct_finite_q,0.0,-2.2896077629306906e-11,7.907005799446222e-9,1.9350999008673255e-8,0,0,true,true,true,-6.470683080302475e-12,-6.470683080302475e-12,1.0e-10,-6.4706821392470335e-9,5.823614766812481e-11,true,0.0,true,true,,true,conditional_window,false
27.0,48,pi_plus,7.280007943895612,direct_finite_q,0.0,-1.5245282379291255e-11,6.153543949822673e-9,1.6480940109204753e-8,0,0,true,true,true,-5.5778879521470044e-12,-5.5778879521470044e-12,1.0e-10,-5.5778871416470185e-9,5.02009915287386e-11,true,0.0,true,true,,true,conditional_window,false
27.0,48,pi_plus,7.545662108017604,direct_finite_q,0.0,-1.088099922225243e-11,4.952994766900481e-9,1.4255344106668993e-8,0,0,true,true,true,-4.9250989716194e-12,-4.9250989716194e-12,1.0e-10,-4.92509828839095e-9,4.432589071292085e-11,true,0.0,true,true,,true,conditional_window,false
27.0,48,pi_plus,7.753098208010931,direct_finite_q,0.0,-8.366337575231012e-12,4.160204453494706e-9,1.2643323230039211e-8,0,0,true,true,true,-4.466256712163383e-12,-4.466256712163383e-12,1.0e-10,-4.466256113237164e-9,4.0196310383429514e-11,true,0.0,true,true,,true,conditional_window,false
27.0,48,pi_plus,7.898914223885238,direct_finite_q,0.0,-6.957042537383032e-12,3.6712068587630398e-9,1.1582175176005585e-8,0,0,true,true,true,-4.168287622686455e-12,-4.168287622686455e-12,1.0e-10,-4.168287076227419e-9,3.751458858148845e-11,true,0.0,true,true,,true,conditional_window,false
27.0,48,pi_plus,7.980748879988085,direct_finite_q,0.0,-6.273468367962923e-12,3.419537803838012e-9,1.101355368607107e-8,0,0,true,true,true,-4.009435520131685e-12,-4.009435520131685e-12,1.0e-10,-4.009435000911007e-9,3.6084919660187654e-11,true,0.0,true,true,,true,conditional_window,false
27.0,48,pi_minus,0.019251120011914757,direct_finite_q,0.6937887236883011,-0.001810993933471061,0.0,1.2991951162659243e-5,1,1,true,true,true,-5.0256812045290644e-9,0.9999999949743188,1.0e-10,0.9999949745144452,4.5231103649047055e-8,true,0.0,true,true,,true,conditional_window,false
27.0,48,pi_minus,0.1010857761147621,direct_finite_q,0.4157479270961149,-0.0018569702243497212,3.0166431077324474e-11,0.000214257629802767,1,1,true,true,true,-5.173500294830546e-9,0.9999999948264997,1.0e-10,0.9999948267064506,4.656147397725682e-8,true,0.0,true,true,,true,conditional_window,false
27.0,48,pi_minus,0.2469017919890688,direct_finite_q,0.230554592049464,-0.0019370401577241026,1.464337099204422e-9,0.0007060383894919757,1,1,true,true,true,-5.466718633329037e-9,0.9999999945332814,1.0e-10,0.9999945335111228,4.920043476064964e-8,true,0.0,true,true,,true,conditional_window,false
27.0,48,pi_minus,0.4543378919823957,direct_finite_q,0.12770571492156288,-0.0020454572796632783,8.334041293930733e-9,0.0013140931484195712,1,1,true,true,true,-5.96098825855762e-9,0.9999999940390117,1.0e-10,0.9999940392826075,5.364885635787071e-8,true,0.0,true,true,,true,conditional_window,false
27.0,48,pi_minus,0.7199920561043887,direct_finite_q,0.07118526444182299,-0.0021720629221692544,2.2671954396462673e-8,0.0018124164107628155,1,1,true,true,true,-6.7617714760714875e-9,0.9999999932382285,1.0e-10,0.9999932385730411,6.085589403276098e-8,true,0.0,true,true,,true,conditional_window,false
27.0,48,pi_minus,1.0395032336857826,direct_finite_q,0.03991925882434537,-0.002301417152352206,4.159288127905384e-8,0.0020592842728229103,1,1,true,true,true,-8.071770585260651e-9,0.9999999919282294,1.0e-10,0.9999919287122261,7.264586645432467e-8,true,0.0,true,true,,true,conditional_window,false
27.0,48,pi_minus,1.4076253922520978,direct_finite_q,0.02258608908504244,-0.0024126999034805594,5.884786219610611e-8,0.002024997902796303,1,1,true,true,true,-1.0310213238717836e-8,0.9999999896897868,1.0e-10,0.9999896905565208,9.279180909798761e-8,true,0.0,true,true,,true,conditional_window,false
27.0,48,pi_minus,1.8183141144446417,direct_finite_q,0.012982802437546721,-0.002480214017185727,6.894786183112003e-8,0.0017591678375798734,1,1,true,true,true,-1.4456952524000144e-8,0.9999999855430475,1.0e-10,0.9999855445136724,1.3011235885252442e-7,true,0.0,true,true,,true,conditional_window,false
27.0,48,pi_minus,2.2648259694958197,direct_finite_q,0.007652733418614328,-0.0024738463040196762,7.029023664221274e-8,0.0013458054120521403,1,1,true,true,true,-2.327611581254274e-8,0.9999999767238842,1.0e-10,0.9999767275208561,2.0948450206880215e-7,true,0.0,true,true,,true,conditional_window,false
27.0,48,pi_minus,2.7398292812153464,direct_finite_q,0.004665553141305482,-0.00236090942455403,6.492826638789613e-8,0.0008764624113968714,1,1,true,true,true,-4.7613781695154955e-8,0.9999999523862183,1.0e-10,0.999952400532778,4.2852185624250033e-7,true,0.0,true,true,,true,conditional_window,false
27.0,48,pi_minus,3.2355245301055344,direct_finite_q,0.0029497654414359716,-0.002115961398151453,5.615135345191771e-8,0.0004422347801188551,1,1,true,true,true,-1.9136656137508368e-7,0.9999998086334386,1.0e-10,0.9998088459772884,1.7222655057792605e-6,true,0.0,true,true,,true,conditional_window,false
27.0,48,pi_minus,3.7437724285495775,direct_finite_q,0.0,0.00019346521008922746,4.650877529258131e-8,0.00013740306251340488,0,0,true,true,true,2.5163604491727717e-7,2.5163604491727717e-7,1.0e-10,0.0002519650754362294,2.2647789188150073e-6,true,0.0,true,true,,true,conditional_window,false
27.0,48,pi_minus,4.256227571450422,direct_finite_q,0.0,3.1581562174185975e-5,3.736976028676159e-8,2.9017977261095134e-5,0,0,true,true,true,1.2904998170012246e-7,1.2904998170012246e-7,1.0e-10,0.0001291241107069214,1.1614630835768176e-6,true,0.0,true,true,,true,conditional_window,false
27.0,48,pi_minus,4.764475469894466,direct_finite_q,0.0,3.561135872684164e-6,2.933224188891768e-8,4.129063138762888e-6,0,0,true,true,true,1.2713332874550348e-7,1.2713332874550348e-7,1.0e-10,0.00012719045106588577,1.14421154443249e-6,true,0.0,true,true,,true,conditional_window,false
27.0,48,pi_minus,5.260170718784654,direct_finite_q,0.0,2.2553373129706474e-7,2.2612724988868882e-8,3.4783879290649867e-7,0,0,true,true,true,1.7026021613003272e-7,1.7026021613003272e-7,1.0e-10,0.00017032405246596646,1.5323597543959134e-6,true,0.0,true,true,,true,conditional_window,false
27.0,48,pi_minus,5.73517403050418,direct_finite_q,0.0,3.2024207983489968e-9,1.7222883241886617e-8,3.403548868083208e-8,0,0,true,true,true,3.523564265322469e-7,3.523564265322469e-7,1.0e-10,0.00018032605920818514,3.1712633587971235e-6,true,0.0,true,true,,true,conditional_window,false
27.0,48,pi_minus,6.181685885555359,direct_finite_q,0.0,-7.46369748787009e-11,1.3047674642292497e-8,2.5114573330240057e-8,0,0,true,true,true,-9.563088679182024e-12,-9.563088679182024e-12,1.0e-10,-9.56308698927576e-9,8.606779799340643e-11,true,0.0,true,true,,true,conditional_window,false
27.0,48,pi_minus,6.592374607747902,direct_finite_q,0.0,-4.409508725102218e-11,9.86019631128523e-9,2.1611904659092818e-8,0,0,true,true,true,-7.93572524136508e-12,-7.93572524136508e-12,1.0e-10,-7.935723969648085e-9,7.14215270901743e-11,true,0.0,true,true,,true,conditional_window,false
27.0,48,pi_minus,6.960496766314217,direct_finite_q,0.0,-2.755802110242648e-11,7.516158321878431e-9,1.838024864058733e-8,0,0,true,true,true,-6.6991942529493e-12,-6.6991942529493e-12,1.0e-10,-6.69919326307016e-9,6.029274821801342e-11,true,0.0,true,true,,true,conditional_window,false
27.0,48,pi_minus,7.280007943895612,direct_finite_q,0.0,-1.8349602069281468e-11,5.857565777221966e-9,1.567792270809682e-8,0,0,true,true,true,-5.774383470575126e-12,-5.774383470575126e-12,1.0e-10,-5.77438261995066e-9,5.1969451191674585e-11,true,0.0,true,true,,true,conditional_window,false
27.0,48,pi_minus,7.545662108017604,direct_finite_q,0.0,-1.309675681626779e-11,4.719673837470661e-9,1.3575947257242159e-8,0,0,true,true,true,-5.098304573428637e-12,-5.098304573428637e-12,1.0e-10,-5.098303857152132e-9,4.588474112693192e-11,true,0.0,true,true,,true,conditional_window,false
27.0,48,pi_minus,7.753098208010931,direct_finite_q,0.0,-1.0070104196545764e-11,3.967180369857651e-9,1.205033114220536e-8,0,0,true,true,true,-4.623148983725837e-12,-4.623148983725837e-12,1.0e-10,-4.623148356340628e-9,4.1608340825624e-11,true,0.0,true,true,,true,conditional_window,false
27.0,48,pi_minus,7.898914223885238,direct_finite_q,0.0,-8.373833199165188e-12,3.5025859204000816e-9,1.1044709974977537e-8,0,0,true,true,true,-4.314610289281072e-12,-4.314610289281072e-12,1.0e-10,-4.31460971717402e-9,3.8831492579213525e-11,true,0.0,true,true,,true,conditional_window,false
27.0,48,pi_minus,7.980748879988085,direct_finite_q,0.0,-7.551060538850724e-12,3.2633345408003474e-9,1.0505411426081432e-8,0,0,true,true,true,-4.150130903108017e-12,-4.150130903108017e-12,1.0e-10,-4.150130359683686e-9,3.7351178105469826e-11,true,0.0,true,true,,true,conditional_window,false
27.0,48,K_plus,0.019251120011914757,direct_finite_q,0.06150374362112086,-0.0008768365051143169,4.630962071601992e-9,1.1382763385153153e-6,1,1,true,true,true,-6.030051902250477e-9,0.9999999939699481,1.0e-10,0.9999939702252731,5.4270428766677466e-8,true,0.0,true,true,,true,conditional_window,false
27.0,48,K_plus,0.1010857761147621,direct_finite_q,0.05408342666933011,-0.0008965348890564911,3.5334497105839756e-9,2.7533092802475464e-5,1,1,true,true,true,-6.201780644587984e-9,0.9999999937982194,1.0e-10,0.9999937985116396,5.581598510550209e-8,true,0.0,true,true,,true,conditional_window,false
27.0,48,K_plus,0.2469017919890688,direct_finite_q,0.04332021376150119,-0.0009308747541717105,2.2871683394327635e-9,0.0001309107801209762,1,1,true,true,true,-6.53926490734591e-9,0.9999999934607351,1.0e-10,0.999993461058137,5.885333919977732e-8,true,0.0,true,true,,true,conditional_window,false
27.0,48,K_plus,0.4543378919823957,direct_finite_q,0.032028450288563305,-0.0009774655271908353,1.4839049006670882e-9,0.0003247159152472406,1,1,true,true,true,-7.100365961854038e-9,0.999999992899634,1.0e-10,0.9999929000114456,6.390324086441343e-8,true,0.0,true,true,,true,conditional_window,false
27.0,48,K_plus,0.7199920561043887,direct_finite_q,0.022192052427750013,-0.001032094546347091,1.2077526921887407e-9,0.0005557001220197853,1,1,true,true,true,-7.993647632709155e-9,0.9999999920063524,1.0e-10,0.9999920068245383,7.194276130372752e-8,true,0.0,true,true,,true,conditional_window,false
27.0,48,K_plus,1.0395032336857826,direct_finite_q,0.014639755772079556,-0.0010882750344229902,1.2923361121351785e-9,0.0007418374293235065,1,1,true,true,true,-9.424498736976261e-9,0.9999999905755013,1.0e-10,0.999990576145566,8.48203959257585e-8,true,0.0,true,true,,true,conditional_window,false
27.0,48,K_plus,1.4076253922520978,direct_finite_q,0.009343832048108949,-0.0011369899194033062,1.7718130695310357e-9,0.0008237977792833201,1,1,true,true,true,-1.1806699062866244e-8,0.9999999881933009,1.0e-10,0.9999881942863077,1.0626014877496273e-7,true,0.0,true,true,,true,conditional_window,false
27.0,48,K_plus,1.8183141144446417,direct_finite_q,0.005864315130562092,-0.0011667104966155474,2.646875863301897e-9,0.000786837021552972,1,1,true,true,true,-1.606496435879734e-8,0.9999999839350356,1.0e-10,0.9999839367951672,1.4458441981352962e-7,true,0.0,true,true,,true,conditional_window,false
27.0,48,K_plus,2.2648259694958197,direct_finite_q,0.0036767663214608776,-0.001163876948018616,3.668806611632949e-9,0.0006530011335895254,1,1,true,true,true,-2.4602965331688154e-8,0.9999999753970347,1.0e-10,0.9999754009541527,2.2142609817585653e-7,true,0.0,true,true,,true,conditional_window,false
27.0,48,K_plus,2.7398292812153464,direct_finite_q,0.002335029594509113,-0.0011149052522474614,4.503925592151047e-9,0.00046400531930832243,1,1,true,true,true,-4.532094122211561e-8,0.9999999546790588,1.0e-10,0.9999546914016715,4.078865531728315e-7,true,0.0,true,true,,true,conditional_window,false
27.0,48,K_plus,3.2355245301055344,direct_finite_q,0.0015161787326812904,-0.001011609662424208,4.9478399273815586e-9,0.00026759903084676816,1,1,true,true,true,-1.194196991294305e-7,0.9999998805803009,1.0e-10,0.9998806570038198,1.0747647743136571e-6,true,0.0,true,true,,true,conditional_window,false
27.0,48,K_plus,3.7437724285495775,direct_finite_q,0.0010078852972676524,-0.0008577681289571621,4.974168330483364e-9,0.00010659427888243333,1,1,true,true,true,-2.9548300254367277e-6,0.9999970451699746,1.0e-10,0.9970842527924536,2.65864673280271e-5,true,0.0,true,true,,true,conditional_window,false
27.0,48,K_plus,4.256227571450422,direct_finite_q,0.0,2.6421204405094806e-5,4.667396819595055e-9,2.4252095189101916e-5,0,0,true,true,true,3.8094693321440143e-7,3.8094693321440143e-7,1.0e-10,0.00038142079063830774,3.4286231700552525e-6,true,0.0,true,true,,true,conditional_window,false
27.0,48,K_plus,4.764475469894466,direct_finite_q,0.0,3.283784145246681e-6,4.1506152059591555e-9,3.781147691282707e-6,0,0,true,true,true,5.592756594898094e-7,5.592756594898094e-7,1.0e-10,0.0003497822654712827,5.033634877691005e-6,true,0.0,true,true,,true,conditional_window,false
27.0,48,K_plus,5.260170718784654,direct_finite_q,0.0,2.3953782931059803e-7,3.5423803442300252e-9,3.4073719194428386e-7,0,0,true,true,true,-3.615456190835812e-9,-3.615456190835812e-9,1.0e-10,-1.541970580568451e-6,3.253910050544774e-8,true,0.0,true,true,,true,conditional_window,false
27.0,48,K_plus,5.73517403050418,direct_finite_q,0.0,3.998972633163116e-9,2.934758166470371e-9,1.155394875307521e-8,0,0,true,true,true,-8.296477895505105e-10,-8.296477895505105e-10,1.0e-10,-8.296462657247073e-7,7.46682968857197e-9,true,0.0,true,true,,true,conditional_window,false
27.0,48,K_plus,6.181685885555359,direct_finite_q,0.0,-3.452435653988679e-11,2.38563478672103e-9,4.551527315348322e-9,0,0,true,true,true,-1.5216316694943574e-11,-1.5216316694943574e-11,1.0e-10,-1.5216313153084383e-8,1.3694684995420638e-10,true,0.0,true,true,,true,conditional_window,false
27.0,48,K_plus,6.592374607747902,direct_finite_q,0.0,-2.0541295492367688e-11,1.9112324169981713e-9,4.162695078747723e-9,0,0,true,true,true,-1.3152423398161518e-11,-1.3152423398161518e-11,1.0e-10,-1.3152420494351178e-8,1.1837181035926654e-10,true,0.0,true,true,,true,conditional_window,false
27.0,48,K_plus,6.960496766314217,direct_finite_q,0.0,-1.2898379365001331e-11,1.5275380310043625e-9,3.7175776887356608e-9,0,0,true,true,true,-1.1525562385360735e-11,-1.1525562385360735e-11,1.0e-10,-1.1525560030046775e-8,1.0373006129619688e-10,true,0.0,true,true,,true,conditional_window,false
27.0,48,K_plus,7.280007943895612,direct_finite_q,0.0,-8.615642743134021e-12,1.236170243815795e-9,3.2959057480146416e-9,0,0,true,true,true,-1.026802006439325e-11,-1.026802006439325e-11,1.0e-10,-1.0268018096273353e-8,9.241218044305475e-11,true,0.0,true,true,,true,conditional_window,false
27.0,48,K_plus,7.545662108017604,direct_finite_q,0.0,-6.162294221005045e-12,1.0254639496084194e-9,2.940137869968796e-9,0,0,true,true,true,-9.322068407470922e-12,-9.322068407470922e-12,1.0e-10,-9.322066709492548e-9,8.389861555478733e-11,true,0.0,true,true,,true,conditional_window,false
27.0,48,K_plus,7.753098208010931,direct_finite_q,0.0,-4.7447710539639715e-12,8.806532800403868e-10,2.6673473507057702e-9,0,0,true,true,true,-8.641477391086804e-12,-8.641477391086804e-12,1.0e-10,-8.641475876266425e-9,7.777329642317857e-11,true,0.0,true,true,,true,conditional_window,false
27.0,48,K_plus,7.898914223885238,direct_finite_q,0.0,-3.948936209503609e-12,7.888267888912369e-10,2.4808878317392297e-9,0,0,true,true,true,-8.191644043194396e-12,-8.191644043194396e-12,1.0e-10,-8.19164264428943e-9,7.372479630195911e-11,true,0.0,true,true,,true,conditional_window,false
27.0,48,K_plus,7.980748879988085,direct_finite_q,0.0,-3.5625237294978574e-12,7.407590646331018e-10,2.3787063885017333e-9,0,0,true,true,true,-7.949065716437144e-12,-7.949065716437144e-12,1.0e-10,-7.949064378343513e-9,7.154159136621643e-11,true,0.0,true,true,,true,conditional_window,false
27.0,48,K_minus,0.019251120011914757,direct_finite_q,0.037394008318024446,-0.0005405149077355929,2.250052796824797e-8,6.919284513032776e-7,1,1,true,true,true,-6.058649248963377e-9,0.9999999939413508,1.0e-10,0.9999939416306265,5.4527803774957045e-8,true,0.0,true,true,,true,conditional_window,false
27.0,48,K_minus,0.1010857761147621,direct_finite_q,0.03297158780666358,-0.0005526169625123616,1.7205903700314255e-8,1.678223557287047e-5,1,1,true,true,true,-6.230313265298548e-9,0.9999999937696867,1.0e-10,0.9999937699818243,5.607277715344805e-8,true,0.0,true,true,,true,conditional_window,false
27.0,48,K_minus,0.2469017919890688,direct_finite_q,0.026512041048451507,-0.000573693184664703,1.128878698885224e-8,8.010529836098804e-5,1,1,true,true,true,-6.5674412574878716e-9,0.9999999934325587,1.0e-10,0.9999934328846477,5.910692510724638e-8,true,0.0,true,true,,true,conditional_window,false
27.0,48,K_minus,0.4543378919823957,direct_finite_q,0.019678340541250883,-0.000602253534393941,7.595816632194971e-9,0.0001994883985107625,1,1,true,true,true,-7.127393897299328e-9,0.9999999928726061,1.0e-10,0.9999928729863794,6.414649194817953e-8,true,0.0,true,true,,true,conditional_window,false
27.0,48,K_minus,0.7199920561043887,direct_finite_q,0.013678258591707607,-0.0006356705663164047,6.525538967223511e-9,0.00034252293933408084,1,1,true,true,true,-8.017749908439953e-9,0.9999999919822501,1.0e-10,0.9999919827250944,7.21596814941127e-8,true,0.0,true,true,,true,conditional_window,false
27.0,48,K_minus,1.0395032336857826,direct_finite_q,0.009042289326439417,-0.0006699143011328671,7.344974044043316e-9,0.0004583223149420918,1,1,true,true,true,-9.44189015861241e-9,0.9999999905581098,1.0e-10,0.9999905587564949,8.497691851360655e-8,true,0.0,true,true,,true,conditional_window,false
27.0,48,K_minus,1.4076253922520978,direct_finite_q,0.005777016631053473,-0.0006994086073164907,9.424960765516343e-9,0.0005096880151483155,1,1,true,true,true,-1.1809027200548883e-8,0.9999999881909728,1.0e-10,0.9999881919585601,1.0628110170377227e-7,true,0.0,true,true,,true,conditional_window,false
27.0,48,K_minus,1.8183141144446417,direct_finite_q,0.0036258950805154316,-0.0007170560149587897,1.1717324344251462e-8,0.00048722495290057715,1,1,true,true,true,-1.603159649476993e-8,0.9999999839684035,1.0e-10,0.9999839701556664,1.4428411056828396e-7,true,0.0,true,true,,true,conditional_window,false
27.0,48,K_minus,2.2648259694958197,direct_finite_q,0.002271705365415031,-0.0007145877497700624,1.3242601474365465e-8,0.0004046364880982684,1,1,true,true,true,-2.447190339260885e-8,0.9999999755280966,1.0e-10,0.999975531974466,2.202465464994081e-7,true,0.0,true,true,,true,conditional_window,false
27.0,48,K_minus,2.7398292812153464,direct_finite_q,0.001440873612643957,-0.0006838090344938234,1.3609119768736919e-8,0.0002879108277156717,1,1,true,true,true,-4.483568916135994e-8,0.9999999551643108,1.0e-10,0.9999551763908657,4.035193254823087e-7,true,0.0,true,true,,true,conditional_window,false
27.0,48,K_minus,3.2355245301055344,direct_finite_q,0.0009341280214048412,-0.0006199477102146523,1.2953874079906657e-8,0.0001666312775019169,1,1,true,true,true,-1.1655858001002883e-7,0.99999988344142,1.0e-10,0.999883514492865,1.0490152936791156e-6,true,0.0,true,true,,true,conditional_window,false
27.0,48,K_minus,3.7437724285495775,direct_finite_q,0.0006200594331497856,-0.0005255143764683045,1.1634003465807467e-8,6.714001073154945e-5,1,1,true,true,true,-2.071642103862459e-6,0.9999979283578961,1.0e-10,0.9979476332626811,1.8641336451999677e-5,true,0.0,true,true,,true,conditional_window,false
27.0,48,K_minus,4.256227571450422,direct_finite_q,0.0,1.6735954981630424e-5,9.995968149621588e-9,1.536843891132008e-5,0,0,true,true,true,3.928716230614286e-7,3.928716230614286e-7,1.0e-10,0.0003933756264260293,3.5359517864226647e-6,true,0.0,true,true,,true,conditional_window,false
27.0,48,K_minus,4.764475469894466,direct_finite_q,0.0,2.0916784155643607e-6,8.298857149599097e-9,2.414988372632863e-6,0,0,true,true,true,5.67290033170925e-7,5.67290033170925e-7,1.0e-10,0.0003547959962088557,5.105768684611611e-6,true,0.0,true,true,,true,conditional_window,false
27.0,48,K_minus,5.260170718784654,direct_finite_q,0.0,1.5386333015094658e-7,6.713192986215037e-9,2.2508781633694812e-7,0,0,true,true,true,-2.2854023976431733e-9,-2.2854023976431733e-9,1.0e-10,-9.74710801167392e-7,2.0568619547934187e-8,true,0.0,true,true,,true,conditional_window,false
27.0,48,K_minus,5.73517403050418,direct_finite_q,0.0,2.642321647027308e-9,5.334346646875289e-9,1.3291836581383015e-8,0,0,true,true,true,-5.257857666631317e-10,-5.257857666631317e-10,1.0e-10,-5.257851557978148e-7,4.732071733824065e-9,true,0.0,true,true,,true,conditional_window,false
27.0,48,K_minus,6.181685885555359,direct_finite_q,0.0,-5.76569517772024e-12,4.197938858995972e-9,8.115650554244222e-9,0,0,true,true,true,-9.663412695416543e-12,-9.663412695416543e-12,1.0e-10,-9.663410985558549e-9,8.69707141376859e-11,true,0.0,true,true,,true,conditional_window,false
27.0,48,K_minus,6.592374607747902,direct_finite_q,0.0,-3.427042241469347e-12,3.279765670843044e-9,7.213446199889491e-9,0,0,true,true,true,-8.36471010342998e-12,-8.36471010342998e-12,1.0e-10,-8.364708658931668e-9,7.528239084023328e-11,true,0.0,true,true,,true,conditional_window,false
27.0,48,K_minus,6.960496766314217,direct_finite_q,0.0,-2.1501438899691808e-12,2.5711334003108374e-9,6.305390741929204e-9,0,0,true,true,true,-7.335597855741933e-12,-7.335597855741933e-12,1.0e-10,-7.335596665190658e-9,6.602038063201932e-11,true,0.0,true,true,,true,conditional_window,false
27.0,48,K_minus,7.280007943895612,direct_finite_q,0.0,-1.4352649238184655e-12,2.0503222767851194e-9,5.501130844628301e-9,0,0,true,true,true,-6.537242505638345e-12,-6.537242505638345e-12,1.0e-10,-6.537241497290356e-9,5.883518249545592e-11,true,0.0,true,true,,true,conditional_window,false
27.0,48,K_minus,7.545662108017604,direct_finite_q,0.0,-1.026039559251405e-12,1.6823197333150023e-9,4.84962938441632e-9,0,0,true,true,true,-5.935277739372651e-12,-5.935277739372651e-12,1.0e-10,-5.935276859866281e-9,5.341749960879907e-11,true,0.0,true,true,,true,conditional_window,false
27.0,48,K_minus,7.753098208010931,direct_finite_q,0.0,-7.897179655017706e-13,1.4334895973283822e-9,4.362907984530485e-9,0,0,true,true,true,-5.501526616527412e-12,-5.501526616527412e-12,1.0e-10,-5.501525825312122e-9,4.951373950962033e-11,true,0.0,true,true,,true,conditional_window,false
27.0,48,K_minus,7.898914223885238,direct_finite_q,0.0,-6.570927351764629e-13,1.2774226203698128e-9,4.035675169926482e-9,0,0,true,true,true,-5.214581499764298e-12,-5.214581499764298e-12,1.0e-10,-5.214580764866031e-9,4.6931233462735466e-11,true,0.0,true,true,,true,conditional_window,false
27.0,48,K_minus,7.980748879988085,direct_finite_q,0.0,-5.927106505151416e-13,1.1962625897648778e-9,3.858058770192102e-9,0,0,true,true,true,-5.059766530308148e-12,-5.059766530308148e-12,1.0e-10,-5.059765825103275e-9,4.5537898739690094e-11,true,0.0,true,true,,true,conditional_window,false
19.6,48,pi_plus,0.019251120011914757,direct_finite_q,0.5975409396749699,-0.0014992313533741376,4.916948364745552e-12,1.1190742754437592e-5,1,1,true,true,true,-5.045910245193852e-9,0.9999999949540898,1.0e-10,0.9999949542868812,4.541316510148138e-8,true,0.0,true,true,,true,conditional_window,false
19.6,48,pi_plus,0.1010857761147621,direct_finite_q,0.3631080474077458,-0.0015373932277602325,5.841560581917357e-10,0.00018717314356388632,1,1,true,true,true,-5.193428243011056e-9,0.9999999948065718,1.0e-10,0.9999948067801003,4.6740824607596637e-8,true,0.0,true,true,,true,conditional_window,false
19.6,48,pi_plus,0.2469017919890688,direct_finite_q,0.2026190314266292,-0.0016037480849500174,3.9441086244641465e-9,0.0006207944561346689,1,1,true,true,true,-5.485858434184365e-9,0.9999999945141416,1.0e-10,0.9999945143726757,4.937269430898763e-8,true,0.0,true,true,,true,conditional_window,false
19.6,48,pi_plus,0.4543378919823957,direct_finite_q,0.11217278606405184,-0.0016933791888777958,1.2230608144731758e-8,0.0011553393314962352,1,1,true,true,true,-5.978297523689946e-9,0.9999999940217025,1.0e-10,0.9999940219747747,5.380463978481081e-8,true,0.0,true,true,,true,conditional_window,false
19.6,48,pi_plus,0.7199920561043887,direct_finite_q,0.06223578318730706,-0.0017976313775242816,2.5377114998687145e-8,0.001587219630052353,1,1,true,true,true,-6.7749811316630826e-9,0.9999999932250189,1.0e-10,0.999993225364565,6.09747810463843e-8,true,0.0,true,true,,true,conditional_window,false
19.6,48,pi_plus,1.0395032336857826,direct_finite_q,0.034651216540384076,-0.0019034093131351174,4.0179175163950623e-8,0.0017926879792256388,1,1,true,true,true,-8.075745072666507e-9,0.9999999919242549,1.0e-10,0.9999919247379168,7.268163765807413e-8,true,0.0,true,true,,true,conditional_window,false
19.6,48,pi_plus,1.4076253922520978,direct_finite_q,0.01943630915518923,-0.0019931844534867797,5.181989469862355e-8,0.0017509349825979325,1,1,true,true,true,-1.029228002824567e-8,0.99999998970772,1.0e-10,0.9999897084867246,9.263041079049185e-8,true,0.0,true,true,,true,conditional_window,false
19.6,48,pi_plus,1.8183141144446417,direct_finite_q,0.011066867713028249,-0.002045583003642893,5.686467802135197e-8,0.0015110512884987967,1,1,true,true,true,-1.4380922563894671e-8,0.9999999856190774,1.0e-10,0.9999856205277049,1.2942809149119464e-7,true,0.0,true,true,,true,conditional_window,false
19.6,48,pi_plus,2.2648259694958197,direct_finite_q,0.006459861102071237,-0.002035858841635313,5.51034379630131e-8,0.001149636862812652,1,1,true,true,true,-2.301125900938672e-8,0.999999976988741,1.0e-10,0.9999769922942651,2.0710080299180056e-7,true,0.0,true,true,,true,conditional_window,false
19.6,48,pi_plus,2.7398292812153464,direct_finite_q,0.003900389019293417,-0.001937645964397992,4.881483556398289e-8,0.0007464341746335055,1,1,true,true,true,-4.643402828907739e-8,0.9999999535659717,1.0e-10,0.999953579583137,4.1790418312592144e-7,true,0.0,true,true,,true,conditional_window,false
19.6,48,pi_plus,3.2355245301055344,direct_finite_q,0.0024434836023355167,-0.0017311819269860142,4.073310336118855e-8,0.00037778825562990016,1,1,true,true,true,-1.7510164462830602e-7,0.9999998248983554,1.0e-10,0.9998250763235994,1.5758867148341753e-6,true,0.0,true,true,,true,conditional_window,false
19.6,48,pi_plus,3.7437724285495775,direct_finite_q,0.0,0.0001666252696187562,3.2703979767561354e-8,0.00011833555145436662,0,0,true,true,true,2.782946685469471e-7,2.782946685469471e-7,1.0e-10,0.00027869730419090793,2.504718707016982e-6,true,0.0,true,true,,true,conditional_window,false
19.6,48,pi_plus,4.256227571450422,direct_finite_q,0.0,2.717497225037963e-5,2.5570446834989823e-8,2.4963042113913934e-5,0,0,true,true,true,1.3356489090246696e-7,1.3356489090246696e-7,1.0e-10,0.0001336443603048516,1.2020982149570079e-6,true,0.0,true,true,,true,conditional_window,false
19.6,48,pi_plus,4.764475469894466,direct_finite_q,0.0,3.0582742466964694e-6,1.9596522472523037e-8,3.5395726499475043e-6,0,0,true,true,true,1.2974805192185002e-7,1.2974805192185002e-7,1.0e-10,0.00012980762947509432,1.1677445412477842e-6,true,0.0,true,true,,true,conditional_window,false
19.6,48,pi_plus,5.260170718784654,direct_finite_q,0.0,1.934447375958879e-7,1.4794679661681647e-8,2.9189918171131133e-7,0,0,true,true,true,1.7263843398488816e-7,1.7263843398488816e-7,1.0e-10,0.00017270427638391378,1.553764230087071e-6,true,0.0,true,true,,true,conditional_window,false
19.6,48,pi_plus,5.73517403050418,direct_finite_q,0.0,2.798907290993265e-9,1.106494945499597e-8,2.310189059713752e-8,0,0,true,true,true,3.5593798075831204e-7,3.5593798075831204e-7,1.0e-10,0.00018249707289748316,3.203498542678499e-6,true,0.0,true,true,,true,conditional_window,false
19.6,48,pi_plus,6.181685885555359,direct_finite_q,0.0,-3.363458217091242e-11,8.251475182488968e-9,1.5908961776263432e-8,0,0,true,true,true,-7.77174516886988e-12,-7.77174516886988e-12,1.0e-10,-7.771743936248086e-9,6.994570644106859e-11,true,0.0,true,true,,true,conditional_window,false
19.6,48,pi_plus,6.592374607747902,direct_finite_q,0.0,-1.9714468831509416e-11,6.151667748932353e-9,1.350059322321115e-8,0,0,true,true,true,-6.424075488483799e-12,-6.424075488483799e-12,1.0e-10,-6.4240745571675125e-9,5.781667934253415e-11,true,0.0,true,true,,true,conditional_window,false
19.6,48,pi_plus,6.960496766314217,direct_finite_q,0.0,-1.2234223088874317e-11,4.635436700038082e-9,1.1347328957228504e-8,0,0,true,true,true,-5.404494609384733e-12,-5.404494609384733e-12,1.0e-10,-5.4044938815453245e-9,4.864045144635979e-11,true,0.0,true,true,,true,conditional_window,false
19.6,48,pi_plus,7.280007943895612,direct_finite_q,0.0,-8.096541939467348e-12,3.577972879468486e-9,9.584890097989947e-9,0,0,true,true,true,-4.64471931632484e-12,-4.64471931632484e-12,1.0e-10,-4.6447186851673654e-9,4.180247381876942e-11,true,0.0,true,true,,true,conditional_window,false
19.6,48,pi_plus,7.545662108017604,direct_finite_q,0.0,-5.749518085864574e-12,2.8606855640506336e-9,8.2349572775781e-9,0,0,true,true,true,-4.09095427736882e-12,-4.09095427736882e-12,1.0e-10,-4.090953744305187e-9,3.681858847446816e-11,true,0.0,true,true,,true,conditional_window,false
19.6,48,pi_plus,7.753098208010931,direct_finite_q,0.0,-4.4033190595353775e-12,2.390435960348062e-9,7.266030389182e-9,0,0,true,true,true,-3.7026847958901916e-12,-3.7026847958901916e-12,1.0e-10,-3.702684327907243e-9,3.332416314510327e-11,true,0.0,true,true,,true,conditional_window,false
19.6,48,pi_plus,7.898914223885238,direct_finite_q,0.0,-3.651423742078554e-12,2.1019034786706407e-9,6.6322778419700635e-9,0,0,true,true,true,-3.4510047530293116e-12,-3.4510047530293116e-12,1.0e-10,-3.4510043256052873e-9,3.1059042761701373e-11,true,0.0,true,true,,true,conditional_window,false
19.6,48,pi_plus,7.980748879988085,direct_finite_q,0.0,-3.287515447011705e-12,1.9538975025198946e-9,6.294018189556682e-9,0,0,true,true,true,-3.316985742198836e-12,-3.316985742198836e-12,1.0e-10,-3.3169853358504134e-9,2.985287166540903e-11,true,0.0,true,true,,true,conditional_window,false
19.6,48,pi_minus,0.019251120011914757,direct_finite_q,0.6861358216783778,-0.0016340241361766752,0.0,1.28515897868152e-5,1,1,true,true,true,-5.041505990455164e-9,0.999999994958494,1.0e-10,0.9999949586908755,4.537352606052327e-8,true,0.0,true,true,,true,conditional_window,false
19.6,48,pi_minus,0.1010857761147621,direct_finite_q,0.40808270183758516,-0.0016756403780833426,1.0383456322667743e-11,0.00021038346519437732,1,1,true,true,true,-5.189029872454398e-9,0.9999999948109701,1.0e-10,0.9999948111779905,4.670124055489502e-8,true,0.0,true,true,,true,conditional_window,false
19.6,48,pi_minus,0.2469017919890688,direct_finite_q,0.2244596281938963,-0.0017480207720377394,8.541546614913456e-10,0.0006877990903150587,1,1,true,true,true,-5.481520348737945e-9,0.9999999945184797,1.0e-10,0.9999945187105486,4.9333650102433955e-8,true,0.0,true,true,,true,conditional_window,false
19.6,48,pi_minus,0.4543378919823957,direct_finite_q,0.12327797750717527,-0.0018458123481926274,5.3843102355547324e-9,0.0012698778095791249,1,1,true,true,true,-5.974172823108859e-9,0.9999999940258272,1.0e-10,0.9999940260991361,5.3767517198716686e-8,true,0.0,true,true,,true,conditional_window,false
19.6,48,pi_minus,0.7199920561043887,direct_finite_q,0.0681038198162496,-0.001959599788507342,1.5163042454617427e-8,0.0017370713909017864,1,1,true,true,true,-6.771410210326678e-9,0.9999999932285898,1.0e-10,0.9999932289350726,6.094264316694495e-8,true,0.0,true,true,,true,conditional_window,false
19.6,48,pi_minus,1.0395032336857826,direct_finite_q,0.03783219416755807,-0.002075124691828105,2.814621551221708e-8,0.0019574208430653862,1,1,true,true,true,-8.073429369481744e-9,0.9999999919265706,1.0e-10,0.9999919270534271,7.26607955539255e-8,true,0.0,true,true,,true,conditional_window,false
19.6,48,pi_minus,1.4076253922520978,direct_finite_q,0.02119634112813699,-0.0021732950103523618,3.98311292213323e-8,0.0019095252876493078,1,1,true,true,true,-1.0292719676563422e-8,0.9999999897072803,1.0e-10,0.9999897080472917,9.26343662696517e-8,true,0.0,true,true,,true,conditional_window,false
19.6,48,pi_minus,1.8183141144446417,direct_finite_q,0.012063043997955358,-0.002230803461687824,4.6339428833846814e-8,0.0016468825207910731,1,1,true,true,true,-1.4387828706219352e-8,0.9999999856121713,1.0e-10,0.999985613622958,1.2949024659756972e-7,true,0.0,true,true,,true,conditional_window,false
19.6,48,pi_minus,2.2648259694958197,direct_finite_q,0.007040487501957647,-0.0022205984420067466,4.668428094151641e-8,0.0012525099365133861,1,1,true,true,true,-2.3036558771671878e-8,0.9999999769634412,1.0e-10,0.9999769670022023,2.0732850088045833e-7,true,0.0,true,true,,true,conditional_window,false
19.6,48,pi_minus,2.7398292812153464,direct_finite_q,0.00425133107193259,-0.0021137983452893822,4.248751308885215e-8,0.0008129028937308945,1,1,true,true,true,-4.653809149157695e-8,0.9999999534619085,1.0e-10,0.9999534755810219,4.188407424037179e-7,true,0.0,true,true,,true,conditional_window,false
19.6,48,pi_minus,3.2355245301055344,direct_finite_q,0.002663788707666102,-0.0018886979397709483,3.614752329230461e-8,0.00041108579496723456,1,1,true,true,true,-1.76329878920356e-7,0.9999998236701211,1.0e-10,0.9998238505935468,1.5869404271549943e-6,true,0.0,true,true,,true,conditional_window,false
19.6,48,pi_minus,3.7437724285495775,direct_finite_q,0.0,0.0001810835628097485,2.9441747839920873e-8,0.0001285993511568131,0,0,true,true,true,2.761028470025209e-7,2.761028470025209e-7,1.0e-10,0.0002764991610982045,2.4849912667394435e-6,true,0.0,true,true,,true,conditional_window,false
19.6,48,pi_minus,4.256227571450422,direct_finite_q,0.0,2.9519184402265318e-5,2.3271207711458022e-8,2.711231065311801e-5,0,0,true,true,true,1.3323879545128017e-7,1.3323879545128017e-7,1.0e-10,0.00013331787712721565,1.1991632866551532e-6,true,0.0,true,true,,true,conditional_window,false
19.6,48,pi_minus,4.764475469894466,direct_finite_q,0.0,3.320864981637239e-6,1.798406085842335e-8,3.839699467405475e-6,0,0,true,true,true,1.295698066468747e-7,1.295698066468747e-7,1.0e-10,0.00012962922055272135,1.166140300619492e-6,true,0.0,true,true,,true,conditional_window,false
19.6,48,pi_minus,5.260170718784654,direct_finite_q,0.0,2.099458364500147e-7,1.3665664616790505e-8,3.1344696908128616e-7,0,0,true,true,true,1.7248063239970543e-7,1.7248063239970543e-7,1.0e-10,0.0001725463544343434,1.5523439823339089e-6,true,0.0,true,true,,true,conditional_window,false
19.6,48,pi_minus,5.73517403050418,direct_finite_q,0.0,3.025056028696306e-9,1.027234501531962e-8,2.2157983148086744e-8,0,0,true,true,true,3.557032867065428e-7,3.557032867065428e-7,1.0e-10,0.00018237672576717088,3.201386221435743e-6,true,0.0,true,true,,true,conditional_window,false
19.6,48,pi_minus,6.181685885555359,direct_finite_q,0.0,-4.2665544720953425e-11,7.690624126056449e-9,1.4805724113485876e-8,0,0,true,true,true,-8.125215169618625e-12,-8.125215169618625e-12,1.0e-10,-8.125213851727558e-9,7.312693644046777e-11,true,0.0,true,true,,true,conditional_window,false
19.6,48,pi_minus,6.592374607747902,direct_finite_q,0.0,-2.5008021379409715e-11,5.7510517315099e-9,1.2606910616828314e-8,0,0,true,true,true,-6.7145071872766885e-12,-6.7145071872766885e-12,1.0e-10,-6.714506194000944e-9,6.043056462668367e-11,true,0.0,true,true,,true,conditional_window,false
19.6,48,pi_minus,6.960496766314217,direct_finite_q,0.0,-1.551938641996783e-11,4.343738597656996e-9,1.0623313046265751e-8,0,0,true,true,true,-5.647809792762754e-12,-5.647809792762754e-12,1.0e-10,-5.647809018143789e-9,5.0830288093245484e-11,true,0.0,true,true,,true,conditional_window,false
19.6,48,pi_minus,7.280007943895612,direct_finite_q,0.0,-1.0270760092537732e-11,3.3588046204497744e-9,8.99059967526431e-9,0,0,true,true,true,-4.8532231869152144e-12,-4.8532231869152144e-12,1.0e-10,-4.853222517089938e-9,4.367900865149111e-11,true,0.0,true,true,,true,conditional_window,false
19.6,48,pi_minus,7.545662108017604,direct_finite_q,0.0,-7.293551856143884e-12,2.68902136814997e-9,7.735344554735779e-9,0,0,true,true,true,-4.274236588548835e-12,-4.274236588548835e-12,1.0e-10,-4.274236023588422e-9,3.846812927308013e-11,true,0.0,true,true,,true,conditional_window,false
19.6,48,pi_minus,7.753098208010931,direct_finite_q,0.0,-5.585884431116899e-12,2.2491235991966803e-9,6.832099834962517e-9,0,0,true,true,true,-3.868354914688999e-12,-3.868354914688999e-12,1.0e-10,-3.868354419200223e-9,3.4815194212648374e-11,true,0.0,true,true,,true,conditional_window,false
19.6,48,pi_minus,7.898914223885238,direct_finite_q,0.0,-4.6320744632566096e-12,1.9788822842758913e-9,6.240325555878405e-9,0,0,true,true,true,-3.605288738892677e-12,-3.605288738892677e-12,1.0e-10,-3.605288286653208e-9,3.2447598633043705e-11,true,0.0,true,true,,true,conditional_window,false
19.6,48,pi_minus,7.980748879988085,direct_finite_q,0.0,-4.1704395486940994e-12,1.8401567978474833e-9,5.924163011310749e-9,0,0,true,true,true,-3.4652160559926955e-12,-3.4652160559926955e-12,1.0e-10,-3.465215626211652e-9,3.1186944488234637e-11,true,0.0,true,true,,true,conditional_window,false
19.6,48,K_plus,0.019251120011914757,direct_finite_q,0.06286044574290339,-0.0008303061424777215,1.970167400432029e-9,1.164622118956797e-6,1,1,true,true,true,-6.038056055146512e-9,0.999999993961944,1.0e-10,0.999993962221776,5.434246592712686e-8,true,0.0,true,true,,true,conditional_window,false
19.6,48,K_plus,0.1010857761147621,direct_finite_q,0.05512124517219851,-0.0008490526940417749,1.5023286848393133e-9,2.8094915949589174e-5,1,1,true,true,true,-6.2094209773988496e-9,0.999999993790579,1.0e-10,0.9999937908720384,5.588474714277749e-8,true,0.0,true,true,,true,conditional_window,false
19.6,48,K_plus,0.2469017919890688,direct_finite_q,0.04394391677332855,-0.0008816965775561984,9.720830135165042e-10,0.0001329888315003774,1,1,true,true,true,-6.546100439486224e-9,0.9999999934538996,1.0e-10,0.9999934542231529,5.8914859184722024e-8,true,0.0,true,true,,true,conditional_window,false
19.6,48,K_plus,0.4543378919823957,direct_finite_q,0.03228884648917173,-0.0009259152744199034,6.301859303327669e-10,0.0003279780886320386,1,1,true,true,true,-7.105613208935324e-9,0.9999999928943868,1.0e-10,0.9999928947646712,6.39504657403238e-8,true,0.0,true,true,,true,conditional_window,false
19.6,48,K_plus,0.7199920561043887,direct_finite_q,0.022209694648100214,-0.0009776238103822198,5.137709043299992e-10,0.0005575939249713356,1,1,true,true,true,-7.995758166678968e-9,0.9999999920042418,1.0e-10,0.9999920047141062,7.196175614171716e-8,true,0.0,true,true,,true,conditional_window,false
19.6,48,K_plus,1.0395032336857826,direct_finite_q,0.014533233840761285,-0.001030561137940765,5.485961085959497e-10,0.0007391655312427548,1,1,true,true,true,-9.42013445026646e-9,0.9999999905798655,1.0e-10,0.999990580509045,8.478111734766429e-8,true,0.0,true,true,,true,conditional_window,false
19.6,48,K_plus,1.4076253922520978,direct_finite_q,0.009196167995998934,-0.0010760665369704346,7.572718448524889e-10,0.0008150907041035583,1,1,true,true,true,-1.1787913090088864e-8,0.9999999882120869,1.0e-10,0.9999882130687858,1.060910758596996e-7,true,0.0,true,true,,true,conditional_window,false
19.6,48,K_plus,1.8183141144446417,direct_finite_q,0.005720476028785527,-0.0011031360476374953,1.1696500887838065e-9,0.0007733926531959738,1,1,true,true,true,-1.601020871433434e-8,0.9999999839897913,1.0e-10,0.9999839915383252,1.4409162085451803e-7,true,0.0,true,true,,true,conditional_window,false
19.6,48,K_plus,2.2648259694958197,direct_finite_q,0.0035546969653661967,-0.0010989211184993309,1.6872167760657022e-9,0.0006381590806448207,1,1,true,true,true,-2.4441942914066317e-8,0.9999999755580571,1.0e-10,0.9999755619247275,2.1997690359696916e-7,true,0.0,true,true,,true,conditional_window,false
19.6,48,K_plus,2.7398292812153464,direct_finite_q,0.002237925593597761,-0.0010506851233948748,2.139341310063531e-9,0.0004514989444430039,1,1,true,true,true,-4.4745779748112113e-8,0.9999999552542203,1.0e-10,0.9999552662520992,4.027101475608629e-7,true,0.0,true,true,,true,conditional_window,false
19.6,48,K_plus,3.2355245301055344,direct_finite_q,0.0014411614383593872,-0.0009509776182164427,2.4036308459142077e-9,0.0002599685154440193,1,1,true,true,true,-1.1594063742403904e-7,0.9999998840593626,1.0e-10,0.9998841316958461,1.0434539339426946e-6,true,0.0,true,true,,true,conditional_window,false
19.6,48,K_plus,3.7437724285495775,direct_finite_q,0.0009507351723925154,-0.0008038277860296706,2.4508543292231564e-9,0.0001043133804269387,1,1,true,true,true,-1.933045378210707e-6,0.9999980669546218,1.0e-10,0.9980837696814945,1.7394408981337457e-5,true,0.0,true,true,,true,conditional_window,false
19.6,48,K_plus,4.256227571450422,direct_finite_q,0.0,2.5812190178900046e-5,2.3178917085083813e-9,2.369102187738927e-5,0,0,true,true,true,3.9431804792920235e-7,3.9431804792920235e-7,1.0e-10,0.00039482809977672915,3.548970591012214e-6,true,0.0,true,true,,true,conditional_window,false
19.6,48,K_plus,4.764475469894466,direct_finite_q,0.0,3.1939255166097666e-6,2.068231576119763e-9,3.675414891943716e-6,0,0,true,true,true,5.596234017798483e-7,5.596234017798483e-7,1.0e-10,0.0003569478791407705,5.036765933193363e-6,true,0.0,true,true,,true,conditional_window,false
19.6,48,K_plus,5.260170718784654,direct_finite_q,0.0,2.322543170054211e-7,1.7656082696814468e-9,3.2803695665097027e-7,0,0,true,true,true,-3.361892459091201e-9,-3.361892459091201e-9,1.0e-10,-1.3892383040732393e-6,3.025702771210453e-8,true,0.0,true,true,,true,conditional_window,false
19.6,48,K_plus,5.73517403050418,direct_finite_q,0.0,3.911602582757155e-9,1.460092183505842e-9,8.951066581622361e-9,0,0,true,true,true,-7.486848197642037e-10,-7.486848197642037e-10,1.0e-10,-7.486835941203505e-7,6.73816303957229e-9,true,0.0,true,true,,true,conditional_window,false
19.6,48,K_plus,6.181685885555359,direct_finite_q,0.0,-2.2881462305869063e-11,1.1832045770561882e-9,2.2462757527766254e-9,0,0,true,true,true,-1.3537571348451673e-11,-1.3537571348451673e-11,1.0e-10,-1.3537568425111799e-8,1.218381418983379e-10,true,0.0,true,true,,true,conditional_window,false
19.6,48,K_plus,6.592374607747902,direct_finite_q,0.0,-1.3510624515243524e-11,9.442943867503093e-10,2.0492871322886283e-9,0,0,true,true,true,-1.1654027309614171e-11,-1.1654027309614171e-11,1.0e-10,-1.1654025118399831e-8,1.0488624561047184e-10,true,0.0,true,true,,true,conditional_window,false
19.6,48,K_plus,6.960496766314217,direct_finite_q,0.0,-8.426064432365983e-12,7.516483479770055e-10,1.824187407272891e-9,0,0,true,true,true,-1.0177399441809429e-11,-1.0177399441809429e-11,1.0e-10,-1.0177397499145369e-8,9.1596594842095e-11,true,0.0,true,true,,true,conditional_window,false
19.6,48,K_plus,7.280007943895612,direct_finite_q,0.0,-5.595181193532805e-12,6.058751246035134e-10,1.6117133316709797e-9,0,0,true,true,true,-9.041007742169246e-12,-9.041007742169246e-12,1.0e-10,-9.041006120002647e-9,8.136906957367675e-11,true,0.0,true,true,,true,conditional_window,false
19.6,48,K_plus,7.545662108017604,direct_finite_q,0.0,-3.982341821429675e-12,5.008264698027276e-10,1.4331284840249006e-9,0,0,true,true,true,-8.18916768651292e-12,-8.18916768651292e-12,1.0e-10,-8.189166287442263e-9,7.370250909180704e-11,true,0.0,true,true,,true,conditional_window,false
19.6,48,K_plus,7.753098208010931,direct_finite_q,0.0,-3.0545527316746287e-12,4.2885412084796986e-10,1.2966597975637044e-9,0,0,true,true,true,-7.577920820249283e-12,-7.577920820249283e-12,1.0e-10,-7.577919572216728e-9,6.820128730792902e-11,true,0.0,true,true,,true,conditional_window,false
19.6,48,K_plus,7.898914223885238,direct_finite_q,0.0,-2.5353757190272733e-12,3.8332750656905157e-10,1.2036300433501378e-9,0,0,true,true,true,-7.174691556212931e-12,-7.174691556212931e-12,1.0e-10,-7.1746904036826746e-9,6.457222393931146e-11,true,0.0,true,true,,true,conditional_window,false
19.6,48,K_plus,7.980748879988085,direct_finite_q,0.0,-2.2838232021426333e-12,3.5953485489030124e-10,1.1527391465155797e-9,0,0,true,true,true,-6.957505422839302e-12,-6.957505422839302e-12,1.0e-10,-6.957504320386877e-9,6.26175487429259e-11,true,0.0,true,true,,true,conditional_window,false
19.6,48,K_minus,0.019251120011914757,direct_finite_q,0.03297272949716897,-0.0004435893468300139,1.5699754480451318e-8,6.107381581726333e-7,1,1,true,true,true,-6.073000435868892e-9,0.9999999939269996,1.0e-10,0.9999939272806948,5.465696412155948e-8,true,0.0,true,true,,true,conditional_window,false
19.6,48,K_minus,0.1010857761147621,direct_finite_q,0.029012488360713004,-0.0004535623195743722,1.201445606770706e-8,1.4784015633677176e-5,1,1,true,true,true,-6.244359362916896e-9,0.9999999937556406,1.0e-10,0.9999937559368736,5.6199192752039374e-8,true,0.0,true,true,,true,conditional_window,false
19.6,48,K_minus,0.2469017919890688,direct_finite_q,0.023242695108011757,-0.00047091891392294976,7.936544095917141e-9,7.0325981349339e-5,1,1,true,true,true,-6.580752276441615e-9,0.9999999934192477,1.0e-10,0.9999934195748046,5.9226724586668317e-8,true,0.0,true,true,,true,conditional_window,false
19.6,48,K_minus,0.4543378919823957,direct_finite_q,0.017162872914101464,-0.0004943946417015769,5.4228833324393775e-9,0.0001743107898777548,1,1,true,true,true,-7.139124513777517e-9,0.9999999928608755,1.0e-10,0.9999928612569564,6.42520665734861e-8,true,0.0,true,true,,true,conditional_window,false
19.6,48,K_minus,0.7199920561043887,direct_finite_q,0.011853040028810508,-0.0005217789584260475,4.736218974250331e-9,0.0002975802441222688,1,1,true,true,true,-8.026159514784581e-9,0.9999999919738405,1.0e-10,0.999991974316253,7.223536851775655e-8,true,0.0,true,true,,true,conditional_window,false
19.6,48,K_minus,1.0395032336857826,direct_finite_q,0.0077770739644874,-0.0005496984795473841,5.348299704996091e-9,0.0003956424549142419,1,1,true,true,true,-9.44321387752467e-9,0.9999999905567861,1.0e-10,0.9999905574327987,8.498883145786346e-8,true,0.0,true,true,,true,conditional_window,false
19.6,48,K_minus,1.4076253922520978,direct_finite_q,0.004927670067238509,-0.0005735051824935606,6.773102737087274e-9,0.00043706898606010806,1,1,true,true,true,-1.1794424326083686e-8,0.9999999882055757,1.0e-10,0.9999882065586373,1.0614967666087866e-7,true,0.0,true,true,,true,conditional_window,false
19.6,48,K_minus,1.8183141144446417,direct_finite_q,0.003065803643390582,-0.0005873336727632782,8.241142999823187e-9,0.0004151386647612375,1,1,true,true,true,-1.5977521972132536e-8,0.999999984022478,1.0e-10,0.9999840242179927,1.4379744046746457e-7,true,0.0,true,true,,true,conditional_window,false
19.6,48,K_minus,2.2648259694958197,direct_finite_q,0.0019036818865639869,-0.0005844038907477416,9.092720935693503e-9,0.00034283033533883387,1,1,true,true,true,-2.430282719512178e-8,0.9999999756971728,1.0e-10,0.9999757009963923,2.187248699064899e-7,true,0.0,true,true,,true,conditional_window,false
19.6,48,K_minus,2.7398292812153464,direct_finite_q,0.0011968223242648179,-0.0005580784618453961,9.12274195880323e-9,0.00024291269218420448,1,1,true,true,true,-4.422660238034837e-8,0.9999999557733976,1.0e-10,0.9999557851518027,3.9803759538511475e-7,true,0.0,true,true,,true,conditional_window,false
19.6,48,K_minus,3.2355245301055344,direct_finite_q,0.0007693730481787214,-0.0005046381126750563,8.486446982727959e-9,0.00014040572957807278,1,1,true,true,true,-1.1296316548836671e-7,0.9999998870368345,1.0e-10,0.9998871055014202,1.0166572850817422e-6,true,0.0,true,true,,true,conditional_window,false
19.6,48,K_minus,3.7437724285495775,direct_finite_q,0.0005067182564387029,-0.00042641757799778836,7.459629203846232e-9,5.70228210484197e-5,1,1,true,true,true,-1.4766322481429839e-6,0.9999985233677519,1.0e-10,0.9985331968352693,1.3287939929506357e-5,true,0.0,true,true,,true,conditional_window,false
19.6,48,K_minus,4.256227571450422,direct_finite_q,0.0,1.4211120696163296e-5,6.283155273486624e-9,1.304788860445354e-5,0,0,true,true,true,4.085637932949723e-7,4.085637932949723e-7,1.0e-10,0.00040911138486433244,3.677190255779506e-6,true,0.0,true,true,,true,conditional_window,false
19.6,48,K_minus,4.764475469894466,direct_finite_q,0.0,1.7691453676360797e-6,5.122330737039088e-9,2.0404201117717505e-6,0,0,true,true,true,5.686411589227352e-7,5.686411589227352e-7,1.0e-10,0.0003627013612862277,5.117930793610419e-6,true,0.0,true,true,,true,conditional_window,false
19.6,48,K_minus,5.260170718784654,direct_finite_q,0.0,1.2990151111674943e-7,4.075788974653211e-9,1.8780240926336748e-7,0,0,true,true,true,-1.8430161751998135e-9,-1.8430161751998135e-9,1.0e-10,-7.615917003348617e-7,1.6587144302215877e-8,true,0.0,true,true,,true,conditional_window,false
19.6,48,K_minus,5.73517403050418,direct_finite_q,0.0,2.245050744747098e-9,3.191009604864745e-9,9.05832148853534e-9,0,0,true,true,true,-4.124427528998158e-10,-4.124427528998158e-10,1.0e-10,-4.1244238243144117e-7,3.7119846748977035e-9,true,0.0,true,true,,true,conditional_window,false
19.6,48,K_minus,6.181685885555359,direct_finite_q,0.0,-2.1662418728093326e-12,2.4783860243201458e-9,4.793727182668566e-9,0,0,true,true,true,-7.486201458612336e-12,-7.486201458612336e-12,1.0e-10,-7.48620029762017e-9,6.73758130548557e-11,true,0.0,true,true,,true,conditional_window,false
19.6,48,K_minus,6.592374607747902,direct_finite_q,0.0,-1.2774794435423248e-12,1.9140297835211045e-9,4.211266722776853e-9,0,0,true,true,true,-6.4619234800824166e-12,-6.4619234800824166e-12,1.0e-10,-6.4619224874659286e-9,5.815731126665108e-11,true,0.0,true,true,,true,conditional_window,false
19.6,48,K_minus,6.960496766314217,direct_finite_q,0.0,-7.958785247383406e-13,1.4855137490893254e-9,3.6441367580097177e-9,0,0,true,true,true,-5.65219008755344e-12,-5.65219008755344e-12,1.0e-10,-5.652189265525092e-9,5.0869710746625294e-11,true,0.0,true,true,,true,conditional_window,false
19.6,48,K_minus,7.280007943895612,direct_finite_q,0.0,-5.280369327231721e-13,1.1746203271900321e-9,3.1523628560206797e-9,0,0,true,true,true,-5.0254039456587985e-12,-5.0254039456587985e-12,1.0e-10,-5.025403246545389e-9,4.5228635478255663e-11,true,0.0,true,true,,true,conditional_window,false
19.6,48,K_minus,7.545662108017604,direct_finite_q,0.0,-3.755778179854564e-13,9.571768119399408e-10,2.759857719848039e-9,0,0,true,true,true,-4.553722893918066e-12,-4.553722893918066e-12,1.0e-10,-4.553722282055125e-9,4.0983506018446733e-11,true,0.0,true,true,,true,conditional_window,false
19.6,48,K_minus,7.753098208010931,direct_finite_q,0.0,-2.879343961275144e-13,8.112961916132558e-10,2.469710824926057e-9,0,0,true,true,true,-4.214398990285914e-12,-4.214398990285914e-12,1.0e-10,-4.214398438406014e-9,3.7929590889612626e-11,true,0.0,true,true,,true,conditional_window,false
19.6,48,K_minus,7.898914223885238,direct_finite_q,0.0,-2.389153320277407e-13,7.20314385696976e-10,2.2760566708036485e-9,0,0,true,true,true,-3.9901984000699335e-12,-3.9901984000699335e-12,1.0e-10,-3.990197886545238e-9,3.591178558005147e-11,true,0.0,true,true,,true,conditional_window,false
19.6,48,K_minus,7.980748879988085,direct_finite_q,0.0,-2.1517108112803857e-13,6.731686452174772e-10,2.1714137808222373e-9,0,0,true,true,true,-3.869333284972261e-12,-3.869333284972261e-12,1.0e-10,-3.869332791703235e-9,3.4823999545402575e-11,true,0.0,true,true,,true,conditional_window,false
11.5,48,pi_plus,0.019251120011914757,direct_finite_q,0.5367018198161709,-0.001023232082318549,2.8714001699453838e-12,1.0057419121311268e-5,1,1,true,true,true,-5.080084797270956e-9,0.9999999949199152,1.0e-10,0.9999949201148046,4.572073604781776e-8,true,0.0,true,true,,true,conditional_window,false
11.5,48,pi_plus,0.1010857761147621,direct_finite_q,0.32170055322470553,-0.0010496995904018796,3.324185543034288e-10,0.00016599031899462705,1,1,true,true,true,-5.227004939989399e-9,0.9999999947729951,1.0e-10,0.9999947732058672,4.704301504491789e-8,true,0.0,true,true,,true,conditional_window,false
11.5,48,pi_plus,0.2469017919890688,direct_finite_q,0.17591921217694023,-0.0010955539222673987,2.020860611972828e-9,0.0005399069919787894,1,1,true,true,true,-5.5179607549860066e-9,0.9999999944820392,1.0e-10,0.9999944822730461,4.9661613210450045e-8,true,0.0,true,true,,true,conditional_window,false
11.5,48,pi_plus,0.4543378919823957,direct_finite_q,0.09500481939434093,-0.0011570634005197444,5.787349038799045e-9,0.0009814136536585067,1,1,true,true,true,-6.007121688966777e-9,0.9999999939928783,1.0e-10,0.9999939931530014,5.406405713326984e-8,true,0.0,true,true,,true,conditional_window,false
11.5,48,pi_plus,0.7199920561043887,direct_finite_q,0.05124146859195659,-0.00122775236009897,1.135440757991987e-8,0.0013134540764114934,1,1,true,true,true,-6.796609719472713e-9,0.9999999932033903,1.0e-10,0.9999932037378932,6.116943791943118e-8,true,0.0,true,true,,true,conditional_window,false
11.5,48,pi_plus,1.0395032336857826,direct_finite_q,0.027664748990107808,-0.0012979753056633263,1.7097233451308312e-8,0.001443375141530646,1,1,true,true,true,-8.081164071249702e-9,0.9999999919188359,1.0e-10,0.9999919193191872,7.27304082835597e-8,true,0.0,true,true,,true,conditional_window,false
11.5,48,pi_plus,1.4076253922520978,direct_finite_q,0.015023031177073156,-0.001355113799953578,2.089275631070859e-8,0.001371978964214684,1,1,true,true,true,-1.0258842886301522e-8,0.9999999897411571,1.0e-10,0.9999897419182046,9.232947773245467e-8,true,0.0,true,true,,true,conditional_window,false
11.5,48,pi_plus,1.8183141144446417,direct_finite_q,0.008276184445696631,-0.0013842650135162569,2.1566814595778845e-8,0.0011543822214569294,1,1,true,true,true,-1.4243524693036136e-8,0.9999999857564753,1.0e-10,0.9999857580233817,1.281903758097434e-7,true,0.0,true,true,,true,conditional_window,false
11.5,48,pi_plus,2.2648259694958197,direct_finite_q,0.004675523369270676,-0.0013688593891217858,1.95285587862198e-8,0.0008592757603704053,1,1,true,true,true,-2.2535782573385177e-8,0.9999999774642174,1.0e-10,0.9999774678231403,2.028197361035247e-7,true,0.0,true,true,,true,conditional_window,false
11.5,48,pi_plus,2.7398292812153464,direct_finite_q,0.002735523774981986,-0.001292003177963552,1.6101445386909046e-8,0.0005489655529389855,1,1,true,true,true,-4.436369571703125e-8,0.9999999556363043,1.0e-10,0.9999556491181573,3.9926782404084583e-7,true,0.0,true,true,,true,conditional_window,false
11.5,48,pi_plus,3.2355245301055344,direct_finite_q,0.0016638576203201595,-0.0011423815485256715,1.2495295547238766e-8,0.0002765696015765388,1,1,true,true,true,-1.506268025863733e-7,0.9999998493731974,1.0e-10,0.9998495049210757,1.3556204377284614e-6,true,0.0,true,true,,true,conditional_window,false
11.5,48,pi_plus,3.7437724285495775,direct_finite_q,0.0,0.00012283858988519847,9.348188600956594e-9,8.722822066716709e-5,0,0,true,true,true,3.5003150897196854e-7,3.5003150897196854e-7,1.0e-10,0.00035066604872335274,3.1503611452347856e-6,true,0.0,true,true,,true,conditional_window,false
11.5,48,pi_plus,4.256227571450422,direct_finite_q,0.0,1.9785502467885958e-5,6.8368206158296075e-9,1.8164233143860684e-5,0,0,true,true,true,1.4334601549422368e-7,1.4334601549422368e-7,1.0e-10,0.00014343770067101584,1.2901305046222734e-6,true,0.0,true,true,,true,conditional_window,false
11.5,48,pi_plus,4.764475469894466,direct_finite_q,0.0,2.1945869943906115e-6,4.925122800422312e-9,2.529454131480481e-6,0,0,true,true,true,1.3519572742493648e-7,1.3519572742493648e-7,1.0e-10,0.00013525939781878411,1.2167638643371373e-6,true,0.0,true,true,,true,conditional_window,false
11.5,48,pi_plus,5.260170718784654,direct_finite_q,0.0,1.3696577648736922e-7,3.5141087484865932e-9,1.9691739482984296e-7,0,0,true,true,true,1.7749068060353555e-7,1.7749068060353555e-7,1.0e-10,0.0001775607495283305,1.5974355259077237e-6,true,0.0,true,true,,true,conditional_window,false
11.5,48,pi_plus,5.73517403050418,direct_finite_q,0.0,1.993496492283949e-9,2.4977549837512594e-9,7.483949246201938e-9,0,0,true,true,true,3.630545210911121e-7,3.630545210911121e-7,1.0e-10,0.00018692726608917428,3.2675208182080313e-6,true,0.0,true,true,,true,conditional_window,false
11.5,48,pi_plus,6.181685885555359,direct_finite_q,0.0,-5.553888505332197e-12,1.7801017491121753e-9,3.435356738782653e-9,0,0,true,true,true,-4.6034547318259724e-12,-4.6034547318259724e-12,1.0e-10,-4.603413262430223e-9,4.1430724580040886e-11,true,0.0,true,true,,true,conditional_window,false
11.5,48,pi_plus,6.592374607747902,direct_finite_q,0.0,-3.1665983017764658e-12,1.2751155397382393e-9,2.800423368317852e-9,0,0,true,true,true,-3.7501670332420424e-12,-3.7501670332420424e-12,1.0e-10,-3.750166557467643e-9,3.3751503280809195e-11,true,0.0,true,true,,true,conditional_window,false
11.5,48,pi_plus,6.960496766314217,direct_finite_q,0.0,-1.917222300702873e-12,9.28082865492397e-10,2.2732091606583417e-9,0,0,true,true,true,-3.115336755931062e-12,-3.115336755931062e-12,1.0e-10,-3.1153087388545664e-9,2.8037781765189513e-11,true,0.0,true,true,,true,conditional_window,false
11.5,48,pi_plus,7.280007943895612,direct_finite_q,0.0,-1.2419913691510948e-12,6.956538935138695e-10,1.8644516323499045e-9,0,0,true,true,true,-2.6487130833777972e-12,-2.6487130833777972e-12,1.0e-10,-2.64871277681325e-9,2.3838417741225053e-11,true,0.0,true,true,,true,conditional_window,false
11.5,48,pi_plus,7.545662108017604,direct_finite_q,0.0,-8.664503755550412e-13,5.43053467700162e-10,1.563918368832257e-9,0,0,true,true,true,-2.3124334343613024e-12,-2.3124334343613024e-12,1.0e-10,-2.3124331745641253e-9,2.0811900902253197e-11,true,0.0,true,true,,true,conditional_window,false
11.5,48,pi_plus,7.753098208010931,direct_finite_q,0.0,-6.544498690110038e-13,4.455143772294826e-10,1.3547030728736855e-9,0,0,true,true,true,-2.0787202384156635e-12,-2.0787202384156635e-12,1.0e-10,-2.078720009775013e-9,1.8708482140081646e-11,true,0.0,true,true,,true,conditional_window,false
11.5,48,pi_plus,7.898914223885238,direct_finite_q,0.0,-5.374394798436741e-13,3.8675930458186937e-10,1.2207926650107472e-9,0,0,true,true,true,-1.928197770877211e-12,-1.928197770877211e-12,1.0e-10,-1.9281975617185483e-9,1.7353779933022757e-11,true,0.0,true,true,,true,conditional_window,false
11.5,48,pi_plus,7.980748879988085,direct_finite_q,0.0,-4.812399995356222e-13,3.5696991772278973e-10,1.1502792648612312e-9,0,0,true,true,true,-1.8483726976149383e-12,-1.8483726976149383e-12,1.0e-10,-1.8483724986022735e-9,1.663535427405582e-11,true,0.0,true,true,,true,conditional_window,false
11.5,48,pi_minus,0.019251120011914757,direct_finite_q,0.6436179458430908,-0.0011491598348517742,0.0,1.2062415786573588e-5,1,1,true,true,true,-5.07378794534219e-9,0.999999994926212,1.0e-10,0.999994926411259,4.566406365228157e-8,true,0.0,true,true,,true,conditional_window,false
11.5,48,pi_minus,0.1010857761147621,direct_finite_q,0.3753394148526535,-0.0011789107559158156,1.0037227224437769e-12,0.0001936904912681759,1,1,true,true,true,-5.2206761136375235e-9,0.9999999947793239,1.0e-10,0.9999947795341951,4.698605569267044e-8,true,0.0,true,true,,true,conditional_window,false
11.5,48,pi_minus,0.2469017919890688,direct_finite_q,0.20155905807089022,-0.0012304482533066373,2.5026307002807973e-10,0.0006186737944884439,1,1,true,true,true,-5.5116373687269515e-9,0.9999999944883626,1.0e-10,0.9999944885958347,4.9604703474855625e-8,true,0.0,true,true,,true,conditional_window,false
11.5,48,pi_minus,0.4543378919823957,direct_finite_q,0.10778167619466938,-0.0012996006283634521,1.900943582575577e-9,0.0011135371021416213,1,1,true,true,true,-6.000965169228323e-9,0.9999999939990348,1.0e-10,0.9999939993089997,5.4008648195411114e-8,true,0.0,true,true,,true,conditional_window,false
11.5,48,pi_minus,0.7199920561043887,direct_finite_q,0.05782956125127315,-0.0013791106120088496,5.644562497297753e-9,0.001482494616970779,1,1,true,true,true,-6.7910006507077014e-9,0.9999999932089993,1.0e-10,0.9999932093464088,6.111895629688497e-8,true,0.0,true,true,,true,conditional_window,false
11.5,48,pi_minus,1.0395032336857826,direct_finite_q,0.031136967187185657,-0.0014581642186450056,1.0534319972374826e-8,0.001624682427029407,1,1,true,true,true,-8.076872837214921e-9,0.9999999919231272,1.0e-10,0.9999919236099447,7.269178687874168e-8,true,0.0,true,true,,true,conditional_window,false
11.5,48,pi_minus,1.4076253922520978,direct_finite_q,0.016885966655326393,-0.0015225985566041968,1.458273502632463e-8,0.0015421665976203518,1,1,true,true,true,-1.0257430460569594e-8,0.9999999897425695,1.0e-10,0.9999897433305247,9.231676484335588e-8,true,0.0,true,true,,true,conditional_window,false
11.5,48,pi_minus,1.8183141144446417,direct_finite_q,0.009297132096631697,-0.001555664803010471,1.627725498374793e-8,0.0012966783962926557,1,1,true,true,true,-1.4248358382040749e-8,0.9999999857516416,1.0e-10,0.9999857529375424,1.282361574206183e-7,true,0.0,true,true,,true,conditional_window,false
11.5,48,pi_minus,2.2648259694958197,direct_finite_q,0.0052515315371552546,-0.00153868560173519,1.55221215263104e-8,0.0009648252829996085,1,1,true,true,true,-2.2557933077038683e-8,0.9999999774420669,1.0e-10,0.9999774452789221,2.0302269436564817e-7,true,0.0,true,true,,true,conditional_window,false
11.5,48,pi_minus,2.7398292812153464,direct_finite_q,0.003072802978412718,-0.001452574605025001,1.326511016568496e-8,0.0006161650395998231,1,1,true,true,true,-4.445457535418029e-8,0.9999999555454246,1.0e-10,0.9999555575010242,4.000928327844842e-7,true,0.0,true,true,,true,conditional_window,false
11.5,48,pi_minus,3.2355245301055344,direct_finite_q,0.001869343952416402,-0.0012844802375576582,1.0563078788155507e-8,0.00031018598724834816,1,1,true,true,true,-1.5150200571856232e-7,0.9999998484979943,1.0e-10,0.9998486312496749,1.3634970240057634e-6,true,0.0,true,true,,true,conditional_window,false
11.5,48,pi_minus,3.7437724285495775,direct_finite_q,0.0,0.00013759089499329837,8.055643109243336e-9,9.770218220897474e-5,0,0,true,true,true,3.467311661295741e-7,3.467311661295741e-7,1.0e-10,0.0003473599389668751,3.1207117786362935e-6,true,0.0,true,true,,true,conditional_window,false
11.5,48,pi_minus,4.256227571450422,direct_finite_q,0.0,2.2152044947597054e-5,5.978380414028685e-9,2.0335317410959954e-5,0,0,true,true,true,1.4299413723034972e-7,1.4299413723034972e-7,1.0e-10,0.00014308537518312132,1.2869635199971878e-6,true,0.0,true,true,,true,conditional_window,false
11.5,48,pi_minus,4.764475469894466,direct_finite_q,0.0,2.456405822940875e-6,4.355922525016814e-9,2.8298930090036936e-6,0,0,true,true,true,1.3501453308450874e-7,1.3501453308450874e-7,1.0e-10,0.0001350804318877568,1.2151546800956221e-6,true,0.0,true,true,,true,conditional_window,false
11.5,48,pi_minus,5.260170718784654,direct_finite_q,0.0,1.5325222494204389e-7,3.1357410500170582e-9,2.1921651483549568e-7,0,0,true,true,true,1.773382768267295e-7,1.773382768267295e-7,1.0e-10,0.00017740822857173087,1.5960638586110263e-6,true,0.0,true,true,,true,conditional_window,false
11.5,48,pi_minus,5.73517403050418,direct_finite_q,0.0,2.2268435924947807e-9,2.2444213607978966e-9,7.450644916081191e-9,0,0,true,true,true,3.628268321046163e-7,3.628268321046163e-7,1.0e-10,0.00018681333929623008,3.265529569281887e-6,true,0.0,true,true,,true,conditional_window,false
11.5,48,pi_minus,6.181685885555359,direct_finite_q,0.0,-7.8143672230899e-12,1.608308297732231e-9,3.098404800237435e-9,0,0,true,true,true,-4.893496302515562e-12,-4.893496302515562e-12,1.0e-10,-4.8935391317773494e-9,4.404185786161087e-11,true,0.0,true,true,,true,conditional_window,false
11.5,48,pi_minus,6.592374607747902,direct_finite_q,0.0,-4.455430798480696e-12,1.1569587695275508e-9,2.5374424842842287e-9,0,0,true,true,true,-3.98433374838351e-12,-3.98433374838351e-12,1.0e-10,-3.984333304134527e-9,3.5859003714709904e-11,true,0.0,true,true,,true,conditional_window,false
11.5,48,pi_minus,6.960496766314217,direct_finite_q,0.0,-2.6975699126286328e-12,8.448486655312036e-10,2.0670012964650337e-9,0,0,true,true,true,-3.308557669514966e-12,-3.308557669514966e-12,1.0e-10,-3.308586679973606e-9,2.9777283486707135e-11,true,0.0,true,true,,true,conditional_window,false
11.5,48,pi_minus,7.280007943895612,direct_finite_q,0.0,-1.7475281960241977e-12,6.348501620927407e-10,1.699840160527316e-9,0,0,true,true,true,-2.812318521478028e-12,-2.812318521478028e-12,1.0e-10,-2.812318191249132e-9,2.531086668295401e-11,true,0.0,true,true,,true,conditional_window,false
11.5,48,pi_minus,7.545662108017604,direct_finite_q,0.0,-1.2191456014749434e-12,4.965129184693373e-10,1.428656542125445e-9,0,0,true,true,true,-2.4548406950656347e-12,-2.4548406950656347e-12,1.0e-10,-2.4548404156675067e-9,2.209356624769965e-11,true,0.0,true,true,,true,conditional_window,false
11.5,48,pi_minus,7.753098208010931,direct_finite_q,0.0,-9.20859561509708e-13,4.0787698212846324e-10,1.2392770754545576e-9,0,0,true,true,true,-2.2064823750449382e-12,-2.2064823750449382e-12,1.0e-10,-2.2064821294404514e-9,1.985834136902449e-11,true,0.0,true,true,,true,conditional_window,false
11.5,48,pi_minus,7.898914223885238,direct_finite_q,0.0,-7.562213873592964e-13,3.543970991443728e-10,1.1178087742382973e-9,0,0,true,true,true,-2.0465641920801464e-12,-2.0465641920801464e-12,1.0e-10,-2.0465639675757525e-9,1.8419077723229332e-11,true,0.0,true,true,,true,conditional_window,false
11.5,48,pi_minus,7.980748879988085,direct_finite_q,0.0,-6.771452397076134e-13,3.2725516780485157e-10,1.0537667847271547e-9,0,0,true,true,true,-1.9617676295061838e-12,-1.9617676295061838e-12,1.0e-10,-1.9617674159805342e-9,1.76559086605075e-11,true,0.0,true,true,,true,conditional_window,false
11.5,48,K_plus,0.019251120011914757,direct_finite_q,0.06106551632814325,-0.0006329597419387468,1.9815602009011168e-10,1.1346273046319277e-6,1,1,true,true,true,-6.056199430837239e-9,0.9999999939438006,1.0e-10,0.999993944079921,5.450575574583118e-8,true,0.0,true,true,,true,conditional_window,false
11.5,48,K_plus,0.1010857761147621,direct_finite_q,0.05310013663121019,-0.000647537804220699,1.5093546286712108e-10,2.715297192798558e-5,1,1,true,true,true,-6.226763882288822e-9,0.9999999937732361,1.0e-10,0.9999937735305917,5.60408329344493e-8,true,0.0,true,true,,true,conditional_window,false
11.5,48,K_plus,0.2469017919890688,direct_finite_q,0.04173229832238217,-0.000672840969877215,9.774652766611423e-11,0.00012680370682839902,1,1,true,true,true,-6.561682530659141e-9,0.9999999934383175,1.0e-10,0.9999934386424566,5.905509719124301e-8,true,0.0,true,true,,true,conditional_window,false
11.5,48,K_plus,0.4543378919823957,direct_finite_q,0.030081378025913652,-0.0007069259196242624,6.360119842924231e-11,0.0003071835479197711,1,1,true,true,true,-7.117739619921792e-9,0.9999999928822604,1.0e-10,0.9999928826393368,6.405960286958958e-8,true,0.0,true,true,,true,conditional_window,false
11.5,48,K_plus,0.7199920561043887,direct_finite_q,0.020219269811093482,-0.0007464169052853795,5.274928163899831e-11,0.0005113935579719255,1,1,true,true,true,-8.001094342624526e-9,0.9999999919989057,1.0e-10,0.9999919993781954,7.200978195197532e-8,true,0.0,true,true,,true,conditional_window,false
11.5,48,K_plus,1.0395032336857826,direct_finite_q,0.012890448600677748,-0.0007862071109997272,5.6975171937467735e-11,0.0006626123558298989,1,1,true,true,true,-9.411508239409727e-9,0.9999999905884918,1.0e-10,0.9999905891335692,8.470348241097552e-8,true,0.0,true,true,,true,conditional_window,false
11.5,48,K_plus,1.4076253922520978,direct_finite_q,0.00793028967115314,-0.0008193587090360914,7.90937899353266e-11,0.0007137907423846655,1,1,true,true,true,-1.1748304218350825e-8,0.9999999882516958,1.0e-10,0.9999882526705672,1.0573459561569353e-7,true,0.0,true,true,,true,conditional_window,false
11.5,48,K_plus,1.8183141144446417,direct_finite_q,0.0047905007133981796,-0.0008372623753716829,1.2964766884578805e-10,0.0006621571782068619,1,1,true,true,true,-1.589376030786127e-8,0.9999999841062397,1.0e-10,0.9999841079603407,1.430435893548877e-7,true,0.0,true,true,,true,conditional_window,false
11.5,48,K_plus,2.2648259694958197,direct_finite_q,0.0028900808501964264,-0.0008301197209142094,2.0303506291630088e-10,0.0005353021646913972,1,1,true,true,true,-2.410081123560559e-8,0.9999999758991888,1.0e-10,0.9999759029476368,2.1690673480121838e-7,true,0.0,true,true,,true,conditional_window,false
11.5,48,K_plus,2.7398292812153464,direct_finite_q,0.0017676065606156755,-0.000788519309337813,2.750667177870004e-10,0.0003723392178719086,1,1,true,true,true,-4.354626836899911e-8,0.9999999564537316,1.0e-10,0.9999564651272894,3.919146451085878e-7,true,0.0,true,true,,true,conditional_window,false
11.5,48,K_plus,3.2355245301055344,direct_finite_q,0.001107342440543872,-0.0007075292894890511,3.2224778866402476e-10,0.00021203964956175892,1,1,true,true,true,-1.0901966840393129e-7,0.9999998909803316,1.0e-10,0.9998910443503768,9.811665744496306e-7,true,0.0,true,true,,true,conditional_window,false
11.5,48,K_plus,3.7437724285495775,direct_finite_q,0.000712002541257378,-0.0005914099259927836,3.35490735322198e-10,8.562706614637263e-5,1,1,true,true,true,-1.0989450784926191e-6,0.9999989010549215,1.0e-10,0.9989065229165228,9.88953481043801e-6,true,0.0,true,true,,true,conditional_window,false
11.5,48,K_plus,4.256227571450422,direct_finite_q,0.0,2.0992448238324026e-5,3.189392780496568e-10,1.9265914543526137e-5,0,0,true,true,true,4.279467059164214e-7,4.279467059164214e-7,1.0e-10,0.00042855321584425027,3.851648214487466e-6,true,0.0,true,true,,true,conditional_window,false
11.5,48,K_plus,4.764475469894466,direct_finite_q,0.0,2.551879966989986e-6,2.829653350132822e-10,2.9350050053941677e-6,0,0,true,true,true,5.626663516734082e-7,5.626663516734082e-7,1.0e-10,0.00037411443838559425,5.064156621355594e-6,true,0.0,true,true,,true,conditional_window,false
11.5,48,K_plus,5.260170718784654,direct_finite_q,0.0,1.8301481640346458e-7,2.384622260474472e-10,2.568749124557256e-7,0,0,true,true,true,-2.5024064141799647e-9,-2.5024064141799647e-9,1.0e-10,-9.670692680638842e-7,2.252165541454543e-8,true,0.0,true,true,,true,conditional_window,false
11.5,48,K_plus,5.73517403050418,direct_finite_q,0.0,3.0990888564586497e-9,1.9381550354271613e-10,5.487096243517962e-9,0,0,true,true,true,-5.172356232447162e-10,-5.172356232447162e-10,1.0e-10,-5.172350557233576e-7,4.655120450119034e-9,true,0.0,true,true,,true,conditional_window,false
11.5,48,K_plus,6.181685885555359,direct_finite_q,0.0,-5.3634750792947065e-12,1.5401894495933687e-10,2.8778292293264235e-10,0,0,true,true,true,-9.010719886231194e-12,-9.010719886231194e-12,1.0e-10,-9.010718349318303e-9,8.109647887067681e-11,true,0.0,true,true,,true,conditional_window,false
11.5,48,K_plus,6.592374607747902,direct_finite_q,0.0,-3.0828684177241723e-12,1.2046028911009024e-10,2.5842741096867926e-10,0,0,true,true,true,-7.646551816752993e-12,-7.646551816752993e-12,1.0e-10,-7.646550685806219e-9,6.881896627491326e-11,true,0.0,true,true,,true,conditional_window,false
11.5,48,K_plus,6.960496766314217,direct_finite_q,0.0,-1.8770684872796744e-12,9.402502692928798e-11,2.2617075552972314e-10,0,0,true,true,true,-6.597096430338043e-12,-6.597096430338043e-12,1.0e-10,-6.597095524460624e-9,5.937386781659805e-11,true,0.0,true,true,,true,conditional_window,false
11.5,48,K_plus,7.280007943895612,direct_finite_q,0.0,-1.2207875198036927e-12,7.444297256458753e-11,1.9659689301022779e-10,0,0,true,true,true,-5.801693533630735e-12,-5.801693533630735e-12,1.0e-10,-5.801692680422248e-9,5.221524175903684e-11,true,0.0,true,true,,true,conditional_window,false
11.5,48,K_plus,7.545662108017604,direct_finite_q,0.0,-8.540152932384619e-13,6.059121271023376e-11,1.7230973327984515e-10,0,0,true,true,true,-5.212628258474038e-12,-5.212628258474038e-12,1.0e-10,-5.212627522810413e-9,4.6913654291046554e-11,true,0.0,true,true,,true,conditional_window,false
11.5,48,K_plus,7.753098208010931,direct_finite_q,0.0,-6.462729785245371e-13,5.124506439649498e-11,1.5408521649574406e-10,0,0,true,true,true,-4.793828676116647e-12,-4.793828676116647e-12,1.0e-10,-4.793828019756488e-9,4.3144458055266483e-11,true,0.0,true,true,,true,conditional_window,false
11.5,48,K_plus,7.898914223885238,direct_finite_q,0.0,-5.313653481031809e-13,4.5401216916509343e-11,1.4182725170249276e-10,0,0,true,true,true,-4.519378177633999e-12,-4.519378177633999e-12,1.0e-10,-4.519377571321959e-9,4.067440357223758e-11,true,0.0,true,true,,true,conditional_window,false
11.5,48,K_plus,7.980748879988085,direct_finite_q,0.0,-4.761014535953546e-13,4.237008602465855e-11,1.3517899665784214e-10,0,0,true,true,true,-4.372167324048297e-12,-4.372167324048297e-12,1.0e-10,-4.372166743954665e-9,3.934950589166354e-11,true,0.0,true,true,,true,conditional_window,false
11.5,48,K_minus,0.019251120011914757,direct_finite_q,0.02360064543157717,-0.00025117675463290937,4.7081000738740855e-9,4.38388700745886e-7,1,1,true,true,true,-6.100992266944161e-9,0.9999999938990077,1.0e-10,0.9999938992911978,5.4908890910348697e-8,true,0.0,true,true,,true,conditional_window,false
11.5,48,K_minus,0.1010857761147621,direct_finite_q,0.020616448628573317,-0.0002569395744909529,3.616068319236204e-9,1.0539444884947018e-5,1,1,true,true,true,-6.271779651179088e-9,0.9999999937282203,1.0e-10,0.9999937285191189,5.644597382742794e-8,true,0.0,true,true,,true,conditional_window,false
11.5,48,K_minus,0.2469017919890688,direct_finite_q,0.016308407442711507,-0.00026693303180082604,2.4467695318966246e-9,4.954080874108995e-5,1,1,true,true,true,-6.606791114194266e-9,0.9999999933932089,1.0e-10,0.9999933935384051,5.946107308584402e-8,true,0.0,true,true,,true,conditional_window,false
11.5,48,K_minus,0.4543378919823957,direct_finite_q,0.01183248960910788,-0.0002803741806614404,1.7551580400891042e-9,0.00012080634974639583,1,1,true,true,true,-7.1621847341774014e-9,0.9999999928378153,1.0e-10,0.9999928381989229,6.445960836830053e-8,true,0.0,true,true,,true,conditional_window,false
11.5,48,K_minus,0.7199920561043887,direct_finite_q,0.007995512379344647,-0.00029590508297673524,1.604832362520357e-9,0.00020220613791708218,1,1,true,true,true,-8.04294231215863e-9,0.9999999919570577,1.0e-10,0.9999919575351346,7.238641334229521e-8,true,0.0,true,true,,true,conditional_window,false
11.5,48,K_minus,1.0395032336857826,direct_finite_q,0.005115624058722772,-0.0003114784975291922,1.8166718885579895e-9,0.00026298941569632213,1,1,true,true,true,-9.446562532211544e-9,0.9999999905534375,1.0e-10,0.9999905540841006,8.501896982859307e-8,true,0.0,true,true,,true,conditional_window,false
11.5,48,K_minus,1.4076253922520978,direct_finite_q,0.00315310124084784,-0.0003243286846543209,2.2191268446369e-9,0.0002839506156385282,1,1,true,true,true,-1.1767511742810655e-8,0.9999999882324883,1.0e-10,0.9999882334660528,1.0590746427559253e-7,true,0.0,true,true,,true,conditional_window,false
11.5,48,K_minus,1.8183141144446417,direct_finite_q,0.0019056405174899711,-0.0003310472963717028,2.56786087155699e-9,0.00026374070599901147,1,1,true,true,true,-1.587559195215249e-8,0.999999984124408,1.0e-10,0.999984126124729,1.428800747769859e-7,true,0.0,true,true,,true,conditional_window,false
11.5,48,K_minus,2.2648259694958197,direct_finite_q,0.0011489880744670804,-0.00032779430781430325,2.6793411493489182e-9,0.00021339635277664744,1,1,true,true,true,-2.398325416042013e-8,0.9999999760167458,1.0e-10,0.9999760204681242,2.1584872639630522e-7,true,0.0,true,true,,true,conditional_window,false
11.5,48,K_minus,2.7398292812153464,direct_finite_q,0.0007017864992533757,-0.00031094719539525656,2.5349655122853772e-9,0.00014863405023913365,1,1,true,true,true,-4.308625489723994e-8,0.9999999569137451,1.0e-10,0.9999569249012756,3.877745611834183e-7,true,0.0,true,true,,true,conditional_window,false
11.5,48,K_minus,3.2355245301055344,direct_finite_q,0.00043886904548632693,-0.00027870684120516356,2.2218377322572653e-9,8.494263213787796e-5,1,1,true,true,true,-1.0650571702353062e-7,0.999999893494283,1.0e-10,0.9998935553842425,9.58541487392851e-7,true,0.0,true,true,,true,conditional_window,false
11.5,48,K_minus,3.7437724285495775,direct_finite_q,0.0002817067472826323,-0.0002328872356763024,1.8415313090311676e-9,3.466561858125252e-5,1,1,true,true,true,-9.411596491037955e-7,0.9999990588403509,1.0e-10,0.9990628533207815,8.469724721623848e-6,true,0.0,true,true,,true,conditional_window,false
11.5,48,K_minus,4.256227571450422,direct_finite_q,0.0,8.56906207088721e-6,1.4655602378375845e-9,7.865521088156306e-6,0,0,true,true,true,4.4394151385218304e-7,4.4394151385218304e-7,1.0e-10,0.0004445942355211043,3.995611222613073e-6,true,0.0,true,true,,true,conditional_window,false
11.5,48,K_minus,4.764475469894466,direct_finite_q,0.0,1.0473555070324397e-6,1.1322788203983219e-9,1.2057681978671001e-6,0,0,true,true,true,5.71482030571749e-7,5.71482030571749e-7,1.0e-10,0.00037997772325045896,5.143502767449914e-6,true,0.0,true,true,,true,conditional_window,false
11.5,48,K_minus,5.260170718784654,direct_finite_q,0.0,7.576979889706627e-8,8.569144606296447e-10,1.0741134037401168e-7,0,0,true,true,true,-1.0002062704223896e-9,-1.0002062704223896e-9,1.0e-10,-3.865355220129464e-7,9.001856107087527e-9,true,0.0,true,true,,true,conditional_window,false
11.5,48,K_minus,5.73517403050418,direct_finite_q,0.0,1.3099938845386751e-9,6.407229844421571e-10,3.2505563580800165e-9,0,0,true,true,true,-2.096645887097298e-10,-2.096645887097298e-10,1.0e-10,-2.0966449702298995e-7,1.8869812732868234e-9,true,0.0,true,true,,true,conditional_window,false
11.5,48,K_minus,6.181685885555359,direct_finite_q,0.0,-1.363243806223945e-13,4.773529328465012e-10,9.238461966258999e-10,0,0,true,true,true,-3.691308059790729e-12,-3.691308059790729e-12,1.0e-10,-3.6912748428353943e-9,3.322147745448249e-11,true,0.0,true,true,,true,conditional_window,false
11.5,48,K_minus,6.592374607747902,direct_finite_q,0.0,-7.822085277186722e-14,3.5521440781584227e-10,7.818959114691473e-10,0,0,true,true,true,-3.156291707633779e-12,-3.156291707633779e-12,1.0e-10,-3.1562913274011664e-9,2.840662535579833e-11,true,0.0,true,true,,true,conditional_window,false
11.5,48,K_minus,6.960496766314217,direct_finite_q,0.0,-4.755291350461977e-14,2.66865294793442e-10,6.548855914990023e-10,0,0,true,true,true,-2.7369175659743983e-12,-2.7369175659743983e-12,1.0e-10,-2.7369172478426667e-9,2.46322580840719e-11,true,0.0,true,true,,true,conditional_window,false
11.5,48,K_minus,7.280007943895612,direct_finite_q,0.0,-3.0886925960776125e-14,2.0524882756992893e-10,5.509970713914877e-10,0,0,true,true,true,-2.4147850143067386e-12,-2.4147850143067386e-12,1.0e-10,-2.414784741456633e-9,2.1733065121215474e-11,true,0.0,true,true,,true,conditional_window,false
11.5,48,K_minus,7.545662108017604,direct_finite_q,0.0,-2.158497046321215e-14,1.6350041165100995e-10,4.71548620294211e-10,0,0,true,true,true,-2.1739920806400338e-12,-2.1739920806400338e-12,1.0e-10,-2.1739918402664053e-9,1.9565928719647425e-11,true,0.0,true,true,,true,conditional_window,false
11.5,48,K_minus,7.753098208010931,direct_finite_q,0.0,-1.6321731793367523e-14,1.3617481369562212e-10,4.1463462118443826e-10,0,0,true,true,true,-2.001724444297439e-12,-2.001724444297439e-12,1.0e-10,-2.0017242264389147e-9,1.8015519993496068e-11,true,0.0,true,true,,true,conditional_window,false
11.5,48,K_minus,7.898914223885238,direct_finite_q,0.0,-1.341261715336636e-14,1.1943556613527788e-10,3.774765289795322e-10,0,0,true,true,true,-1.8883787785942457e-12,-1.8883787785942457e-12,1.0e-10,-1.8883785752229037e-9,1.6995409002738416e-11,true,0.0,true,true,,true,conditional_window,false
11.5,48,K_minus,7.980748879988085,direct_finite_q,0.0,-1.2014189661688067e-14,1.1085948291247944e-10,3.5767067175467213e-10,0,0,true,true,true,-1.8274412105101028e-12,-1.8274412105101028e-12,1.0e-10,-1.827441014820257e-9,1.6446970890274335e-11,true,0.0,true,true,,true,conditional_window,false
5.0,48,pi_plus,0.019251120011914757,direct_finite_q,0.35476520177049575,-0.0001758801589145558,3.650436411746098e-13,6.657450017669042e-6,1,1,true,true,true,-5.126573054958783e-9,0.999999994873427,1.0e-10,0.9999948736300512,4.613912939332715e-8,true,0.0,true,true,,true,conditional_window,false
5.0,48,pi_plus,0.1010857761147621,direct_finite_q,0.19651726416217533,-0.00018087790937300024,4.1522017207441656e-11,0.00010163683953459694,1,1,true,true,true,-5.2727376909089685e-9,0.9999999947272623,1.0e-10,0.999994727476568,4.745460963674018e-8,true,0.0,true,true,,true,conditional_window,false
5.0,48,pi_plus,0.2469017919890688,direct_finite_q,0.09609673585817885,-0.00018936915444173625,2.411028518268399e-10,0.00029619021769813203,1,1,true,true,true,-5.561928251296422e-9,0.9999999944380717,1.0e-10,0.9999944383088607,5.005732185046533e-8,true,0.0,true,true,,true,conditional_window,false
5.0,48,pi_plus,0.4543378919823957,direct_finite_q,0.04541939827246794,-0.00020034251905279394,6.454607015207141e-10,0.00047287861226664877,1,1,true,true,true,-6.047312206547417e-9,0.9999999939526878,1.0e-10,0.9999939529660151,5.442576974312188e-8,true,0.0,true,true,,true,conditional_window,false
5.0,48,pi_plus,0.7199920561043887,direct_finite_q,0.02110638834376358,-0.00021211024362849973,1.1442727799958717e-9,0.0005487228721336931,1,1,true,true,true,-6.8285429533077036e-9,0.999999993171457,1.0e-10,0.9999931718074908,6.145683722254578e-8,true,0.0,true,true,,true,conditional_window,false
5.0,48,pi_plus,1.0395032336857826,direct_finite_q,0.009712584742241848,-0.00022231272360781818,1.4728787918532855e-9,0.0005195180921864598,1,1,true,true,true,-8.094059866792236e-9,0.9999999919059401,1.0e-10,0.9999919064243342,7.284647068190991e-8,true,0.0,true,true,,true,conditional_window,false
5.0,48,pi_plus,1.4076253922520978,direct_finite_q,0.004469203806586213,-0.00022819722607043957,1.4372003197434058e-9,0.00042570969172405637,1,1,true,true,true,-1.0224702862160484e-8,0.9999999897752971,1.0e-10,0.9999897760070123,9.202262601555025e-8,true,0.0,true,true,,true,conditional_window,false
5.0,48,pi_plus,1.8183141144446417,direct_finite_q,0.0020843581452314095,-0.0002270891823255284,1.108351735922661e-9,0.00031108791427792115,1,1,true,true,true,-1.408152217052816e-8,0.9999999859184778,1.0e-10,0.9999859198657528,1.2673349686938763e-7,true,0.0,true,true,,true,conditional_window,false
5.0,48,pi_plus,2.2648259694958197,direct_finite_q,0.0010007274587391386,-0.00021674101892329165,7.131491328805878e-10,0.00020372713481971356,1,1,true,true,true,-2.196307047341861e-8,0.9999999780369295,1.0e-10,0.9999780401614446,1.976671536942682e-7,true,0.0,true,true,,true,conditional_window,false
5.0,48,pi_plus,2.7398292812153464,direct_finite_q,0.0005015268124483178,-0.00019552274223391938,4.0748911209242555e-10,0.00011637107493219948,1,1,true,true,true,-4.195095382186764e-8,0.9999999580490462,1.0e-10,0.9999580601463758,3.775568942723403e-7,true,0.0,true,true,,true,conditional_window,false
5.0,48,pi_plus,3.2355245301055344,direct_finite_q,0.00026399773738052505,-0.000163264620857817,2.1874601477416455e-10,5.342356507680939e-5,1,1,true,true,true,-1.2741311650188436e-7,0.9999998725868835,1.0e-10,0.9998726811557216,1.1467031759957433e-6,true,0.0,true,true,,true,conditional_window,false
5.0,48,pi_plus,3.7437724285495775,direct_finite_q,0.0,2.19165297404668e-5,1.1468988039213726e-10,1.5561920913200046e-5,0,0,true,true,true,5.28430542944261e-7,5.28430542944261e-7,1.0e-10,0.0005298864805551057,4.756115567121386e-6,true,0.0,true,true,,true,conditional_window,false
5.0,48,pi_plus,4.256227571450422,direct_finite_q,0.0,3.1495031403621155e-6,5.99815035838051e-11,2.8904819189366685e-6,0,0,true,true,true,1.5856916076033007e-7,1.5856916076033007e-7,1.0e-10,0.00015868160458806877,1.4271424936637756e-6,true,0.0,true,true,,true,conditional_window,false
5.0,48,pi_plus,4.764475469894466,direct_finite_q,0.0,3.110863681313374e-7,3.1624247766346544e-11,3.5778784079000696e-7,0,0,true,true,true,1.4304161691969432e-7,1.4304161691969432e-7,1.0e-10,0.00014311452189297487,1.2873892681424726e-6,true,0.0,true,true,,true,conditional_window,false
5.0,48,pi_plus,5.260170718784654,direct_finite_q,0.0,1.735054166300861e-8,1.692826599967093e-11,2.4344815825155907e-8,0,0,true,true,true,1.8418203211566297e-7,1.8418203211566297e-7,1.0e-10,0.000184258200484807,1.6576592279321524e-6,true,0.0,true,true,,true,conditional_window,false
5.0,48,pi_plus,5.73517403050418,direct_finite_q,0.0,2.289966335528406e-10,9.263794210222523e-12,3.970227359282139e-10,0,0,true,true,true,3.722256033282754e-7,3.722256033282754e-7,1.0e-10,0.00019292870878976511,3.3500928432231376e-6,true,0.0,true,true,,true,conditional_window,false
5.0,48,pi_plus,6.181685885555359,direct_finite_q,0.0,-6.747116020554098e-15,5.220846119212716e-12,1.0094002277949624e-11,0,0,true,true,true,-5.060752650985302e-13,-5.060752650985302e-13,1.0e-10,-5.060752219947367e-10,4.5546773855476064e-12,true,0.0,true,true,,true,conditional_window,false
5.0,48,pi_plus,6.592374607747902,direct_finite_q,0.0,-3.3301991377489445e-15,3.0369633233612445e-12,6.679086569610499e-12,0,0,true,true,true,-3.8212223432899865e-13,-3.8212223432899865e-13,1.0e-10,-3.8212220226513e-10,3.439100108766935e-12,true,0.0,true,true,,true,conditional_window,false
5.0,48,pi_plus,6.960496766314217,direct_finite_q,0.0,-1.7717767108434293e-15,1.843824556971937e-12,4.521190442862281e-12,0,0,true,true,true,-2.9723052953685906e-13,-2.9723052953685906e-13,1.0e-10,-2.972305048533357e-10,2.675074765713843e-12,true,0.0,true,true,,true,conditional_window,false
5.0,48,pi_plus,7.280007943895612,direct_finite_q,0.0,-1.0258637509004374e-15,1.1850391160634025e-12,3.1790000058753363e-12,0,0,true,true,true,-2.389799223435471e-13,-2.389799223435471e-13,1.0e-10,-2.3897990051676414e-10,2.1508193010153783e-12,true,0.0,true,true,,true,conditional_window,false
5.0,48,pi_plus,7.545662108017604,direct_finite_q,0.0,-6.518122640915363e-16,8.159364780694484e-13,2.3516584203212318e-12,0,0,true,true,true,-1.992858054156718e-13,-1.992858054156718e-13,1.0e-10,-1.9928578729494383e-10,1.793572248687584e-12,true,0.0,true,true,,true,conditional_window,false
5.0,48,pi_plus,7.753098208010931,direct_finite_q,0.0,-4.576431032125972e-16,6.076981841450358e-13,1.849190219950418e-12,0,0,true,true,true,-1.728880622095129e-13,-1.728880622095129e-13,1.0e-10,-1.728880465356554e-10,1.5559925598452195e-12,true,0.0,true,true,,true,conditional_window,false
5.0,48,pi_plus,7.898914223885238,direct_finite_q,0.0,-3.56990214389611e-16,4.932239343824694e-13,1.5578826696093685e-12,0,0,true,true,true,-1.5642785467344668e-13,-1.5642785467344668e-13,1.0e-10,-1.5642784051814192e-10,1.4078506920278474e-12,true,0.0,true,true,,true,conditional_window,false
5.0,48,pi_plus,7.980748879988085,direct_finite_q,0.0,-3.1056740332243484e-16,4.384662317230726e-13,1.4137935001676775e-12,0,0,true,true,true,-1.478769756760834e-13,-1.478769756760834e-13,1.0e-10,-1.4787696230747045e-10,1.3308927810550503e-12,true,0.0,true,true,,true,conditional_window,false
5.0,48,pi_minus,0.019251120011914757,direct_finite_q,0.4257790999411797,-0.0002006470263430231,0.0,7.990278065897596e-6,1,1,true,true,true,-5.118224954969719e-9,0.999999994881775,1.0e-10,0.9999948819775508,4.606399621027183e-8,true,0.0,true,true,,true,conditional_window,false
5.0,48,pi_minus,0.1010857761147621,direct_finite_q,0.23046854337918646,-0.00020635054291545053,7.096164467452222e-14,0.00011919910509664014,1,1,true,true,true,-5.264274016703041e-9,0.999999994735726,1.0e-10,0.9999947359396336,4.737843591755107e-8,true,0.0,true,true,,true,conditional_window,false
5.0,48,pi_minus,0.2469017919890688,direct_finite_q,0.11109113499760219,-0.00021604075483172848,2.418360265378769e-11,0.0003424149713871058,1,1,true,true,true,-5.553345894249162e-9,0.9999999944466541,1.0e-10,0.999994446890532,4.998008031305117e-8,true,0.0,true,true,,true,conditional_window,false
5.0,48,pi_minus,0.4543378919823957,direct_finite_q,0.05213246011889478,-0.00022856714875264266,1.8832221529766784e-10,0.0005427853414610661,1,1,true,true,true,-6.038771926952791e-9,0.9999999939612281,1.0e-10,0.9999939615054286,5.434890817597366e-8,true,0.0,true,true,,true,conditional_window,false
5.0,48,pi_minus,0.7199920561043887,direct_finite_q,0.02414433444802243,-0.00024200785116039466,5.234091790451381e-10,0.0006277198382722192,1,1,true,true,true,-6.820453313238772e-9,0.9999999931795467,1.0e-10,0.9999931798963432,6.13840300851475e-8,true,0.0,true,true,,true,conditional_window,false
5.0,48,pi_minus,1.0395032336857826,direct_finite_q,0.01109359859158518,-0.0002536754433062394,8.471532793036935e-10,0.0005934008791832474,1,1,true,true,true,-8.087153280378345e-9,0.9999999919128467,1.0e-10,0.9999919133302063,7.278431048664733e-8,true,0.0,true,true,,true,conditional_window,false
5.0,48,pi_minus,1.4076253922520978,direct_finite_q,0.00510142501013691,-0.00026043143757592004,9.403583233735488e-10,0.0004859359551134642,1,1,true,true,true,-1.0220188917386963e-8,0.9999999897798111,1.0e-10,0.9999897805657132,9.198159177127188e-8,true,0.0,true,true,,true,conditional_window,false
5.0,48,pi_minus,1.8183141144446417,direct_finite_q,0.002378734898107538,-0.0002592204836204693,7.826993590987338e-10,0.0003550132919153819,1,1,true,true,true,-1.4081319443803864e-8,0.9999999859186806,1.0e-10,0.9999859200683003,1.2673167363408622e-7,true,0.0,true,true,,true,conditional_window,false
5.0,48,pi_minus,2.2648259694958197,direct_finite_q,0.0011420811070860153,-0.00024746729458649893,5.274747459132701e-10,0.00023247474854951728,1,1,true,true,true,-2.1972076380549765e-8,0.9999999780279236,1.0e-10,0.9999780311582095,1.9774820624298068e-7,true,0.0,true,true,,true,conditional_window,false
5.0,48,pi_minus,2.7398292812153464,direct_finite_q,0.0005724403546633973,-0.0002232867270170084,3.102183034661441e-10,0.00013278047226973145,1,1,true,true,true,-4.198882275208149e-8,0.9999999580111772,1.0e-10,0.9999580222974673,3.77897711768799e-7,true,0.0,true,true,,true,conditional_window,false
5.0,48,pi_minus,3.2355245301055344,direct_finite_q,0.00030137292185241005,-0.00018646749617030192,1.6974949265698197e-10,6.093977270636129e-5,1,1,true,true,true,-1.2768531487683532e-7,0.9999998723146851,1.0e-10,0.9998724093603966,1.1491528975922546e-6,true,0.0,true,true,,true,conditional_window,false
5.0,48,pi_minus,3.7437724285495775,direct_finite_q,0.0,2.4985480661348596e-5,9.025957278120299e-11,1.774101322299774e-5,0,0,true,true,true,5.254231604708718e-7,5.254231604708718e-7,1.0e-10,0.0005268625527352716,4.729046393048382e-6,true,0.0,true,true,,true,conditional_window,false
5.0,48,pi_minus,4.256227571450422,direct_finite_q,0.0,3.5901685486902685e-6,4.774087495275442e-11,3.294887217219161e-6,0,0,true,true,true,1.584107738567855e-7,1.584107738567855e-7,1.0e-10,0.0001585229930588168,1.4257169715013986e-6,true,0.0,true,true,,true,conditional_window,false
5.0,48,pi_minus,4.764475469894466,direct_finite_q,0.0,3.546338213687652e-7,2.541160299938169e-11,4.0786056830357216e-7,0,0,true,true,true,1.429725703611906e-7,1.429725703611906e-7,1.0e-10,0.00014304540493591017,1.2867678349112737e-6,true,0.0,true,true,,true,conditional_window,false
5.0,48,pi_minus,5.260170718784654,direct_finite_q,0.0,1.9780590797849167e-8,1.371351919705906e-11,2.7746626017224124e-8,0,0,true,true,true,1.841277902174345e-7,1.841277902174345e-7,1.0e-10,0.00018420391371027332,1.6571710385157005e-6,true,0.0,true,true,,true,conditional_window,false
5.0,48,pi_minus,5.73517403050418,direct_finite_q,0.0,2.6112203384037906e-10,7.555957814552282e-12,4.4770872079780436e-10,0,0,true,true,true,3.7215065232471796e-7,3.7215065232471796e-7,1.0e-10,0.00019288985621238467,3.349418259056682e-6,true,0.0,true,true,,true,conditional_window,false
5.0,48,pi_minus,6.181685885555359,direct_finite_q,0.0,-1.1362858692786883e-14,4.282367365156956e-12,8.268260574068274e-12,0,0,true,true,true,-5.441579484012235e-13,-5.441579484012235e-13,1.0e-10,-5.441579018322407e-10,4.8974215352182364e-12,true,0.0,true,true,,true,conditional_window,false
5.0,48,pi_minus,6.592374607747902,direct_finite_q,0.0,-5.608454669095524e-15,2.50249675931952e-12,5.497346731957541e-12,0,0,true,true,true,-4.102332198368705e-13,-4.102332198368705e-13,1.0e-10,-4.102331852892355e-10,3.6920989783077254e-12,true,0.0,true,true,,true,conditional_window,false
5.0,48,pi_minus,6.960496766314217,direct_finite_q,0.0,-2.9839120609877485e-15,1.5249552384489844e-12,3.7355727745219696e-12,0,0,true,true,true,-3.1877103468999825e-13,-3.1877103468999825e-13,1.0e-10,-3.187710081420979e-10,2.8689393120740538e-12,true,0.0,true,true,,true,conditional_window,false
5.0,48,pi_minus,7.280007943895612,direct_finite_q,0.0,-1.7277117531969845e-15,9.829555067281592e-13,2.6345339968941084e-12,0,0,true,true,true,-2.561285914003256e-13,-2.561285914003256e-13,1.0e-10,-2.561285679581969e-10,2.3051573225147467e-12,true,0.0,true,true,,true,conditional_window,false
5.0,48,pi_minus,7.545662108017604,direct_finite_q,0.0,-1.0977741161563947e-15,6.783040899009054e-13,1.953376534117392e-12,0,0,true,true,true,-2.1349378323381475e-13,-2.1349378323381475e-13,1.0e-10,-2.1349376378672712e-10,1.9214440490427657e-12,true,0.0,true,true,,true,conditional_window,false
5.0,48,pi_minus,7.753098208010931,direct_finite_q,0.0,-7.707646370698851e-16,5.060131544297744e-13,1.5385818679136864e-12,0,0,true,true,true,-1.8516285956250986e-13,-1.8516285956250986e-13,1.0e-10,-1.8516284274964934e-10,1.6664657360160752e-12,true,0.0,true,true,,true,conditional_window,false
5.0,48,pi_minus,7.898914223885238,direct_finite_q,0.0,-6.01248471200038e-16,4.111404815899196e-13,1.2976564243924299e-12,0,0,true,true,true,-1.6750602319014822e-13,-1.6750602319014822e-13,1.0e-10,-1.6750600801075644e-10,1.5075542086731371e-12,true,0.0,true,true,,true,conditional_window,false
5.0,48,pi_minus,7.980748879988085,direct_finite_q,0.0,-5.230593439017127e-16,3.6571109724927887e-13,1.1783494232151072e-12,0,0,true,true,true,-1.5833611675737448e-13,-1.5833611675737448e-13,1.0e-10,-1.583361024238015e-10,1.4250250507821714e-12,true,0.0,true,true,,true,conditional_window,false
5.0,48,K_plus,0.019251120011914757,direct_finite_q,0.035575090771822804,-0.00012154189165872992,5.857374517077633e-14,6.656439301276369e-7,1,1,true,true,true,-6.083918480115358e-9,0.9999999939160815,1.0e-10,0.9999939163631877,5.475522700504833e-8,true,0.0,true,true,,true,conditional_window,false
5.0,48,K_plus,0.1010857761147621,direct_finite_q,0.02980895217169428,-0.0001246331222532817,4.473115234100674e-14,1.5366588073000383e-5,1,1,true,true,true,-6.2533866973524255e-9,0.9999999937466133,1.0e-10,0.9999937469100729,5.628043768897059e-8,true,0.0,true,true,,true,conditional_window,false
5.0,48,K_plus,0.2469017919890688,direct_finite_q,0.02196408395971449,-0.00012990880046973838,2.973866928820116e-14,6.743036848675159e-5,1,1,true,true,true,-6.5859629971853906e-9,0.999999993414037,1.0e-10,0.9999934143641986,5.927362023982966e-8,true,0.0,true,true,,true,conditional_window,false
5.0,48,K_plus,0.4543378919823957,direct_finite_q,0.014486456547050096,-0.00013679642955704337,2.066067002931468e-14,0.00015006167539216177,1,1,true,true,true,-7.13755299308616e-9,0.999999992862447,1.0e-10,0.9999928628276483,6.423792384836052e-8,true,0.0,true,true,,true,conditional_window,false
5.0,48,K_plus,0.7199920561043887,direct_finite_q,0.00872775909797466,-0.00014434255408761175,1.9198663301859557e-14,0.00022541658047154964,1,1,true,true,true,-8.01226207602923e-9,0.9999999919877379,1.0e-10,0.9999919882114191,7.211029087250122e-8,true,0.0,true,true,,true,conditional_window,false
5.0,48,K_plus,1.0395032336857826,direct_finite_q,0.004906387459755972,-0.00015118931496806712,2.2819175056893473e-14,0.00026030982883369554,1,1,true,true,true,-9.40484845557421e-9,0.9999999905951515,1.0e-10,0.9999905957919039,8.46435442218924e-8,true,0.0,true,true,,true,conditional_window,false
5.0,48,K_plus,1.4076253922520978,direct_finite_q,0.002630684469097191,-0.00015566391268230989,3.0599452328650915e-14,0.0002484409917863169,1,1,true,true,true,-1.1701552837806162e-8,0.9999999882984472,1.0e-10,0.9999882994133121,1.0531383494799524e-7,true,0.0,true,true,,true,conditional_window,false
5.0,48,K_plus,1.8183141144446417,direct_finite_q,0.0013758523548039064,-0.0001559724936194308,4.9569895323969154e-14,0.00020432670917050548,1,1,true,true,true,-1.5746486003997973e-8,0.999999984253514,1.0e-10,0.9999842552016365,1.417181249969346e-7,true,0.0,true,true,,true,conditional_window,false
5.0,48,K_plus,2.2648259694958197,direct_finite_q,0.0007175382877294823,-0.00015041671531410377,8.649553431423541e-14,0.00014737238055917258,1,1,true,true,true,-2.366027929134873e-8,0.9999999763397207,1.0e-10,0.9999763433415398,2.1294196842169463e-7,true,0.0,true,true,,true,conditional_window,false
5.0,48,K_plus,2.7398292812153464,direct_finite_q,0.000380540075020943,-0.0001377020817662954,1.306373328453596e-13,9.234936212928414e-5,1,1,true,true,true,-4.2012071488350955e-8,0.9999999579879285,1.0e-10,0.9999579985363426,3.7810699466992507e-7,true,0.0,true,true,,true,conditional_window,false
5.0,48,K_plus,3.2355245301055344,direct_finite_q,0.0002080709291385753,-0.00011771387998407528,1.597724916234013e-13,4.7920538829694956e-5,1,1,true,true,true,-1.0071963874036527e-7,0.9999998992803613,1.0e-10,0.9998993350767873,9.064678312743001e-7,true,0.0,true,true,,true,conditional_window,false
5.0,48,K_plus,3.7437724285495775,direct_finite_q,0.00011770908029029588,-9.239970183014709e-5,1.623449942132262e-13,1.7970932992831545e-5,1,1,true,true,true,-6.855505007008489e-7,0.9999993144494993,1.0e-10,0.9993165892163721,6.1695759177001625e-6,true,0.0,true,true,,true,conditional_window,false
5.0,48,K_plus,4.256227571450422,direct_finite_q,0.0,3.990493136125221e-6,1.431615928215175e-13,3.6622376580864315e-6,0,0,true,true,true,4.87446673210185e-7,4.87446673210185e-7,1.0e-10,0.0004882434549174318,4.387186749397565e-6,true,0.0,true,true,,true,conditional_window,false
5.0,48,K_plus,4.764475469894466,direct_finite_q,0.0,4.321245031539718e-7,1.1388586285957663e-13,4.969462952001082e-7,0,0,true,true,true,5.708533985693006e-7,5.708533985693006e-7,1.0e-10,0.00040156985074035593,5.137847967453455e-6,true,0.0,true,true,,true,conditional_window,false
5.0,48,K_plus,5.260170718784654,direct_finite_q,0.0,2.7962038782206983e-8,8.432625420529807e-14,3.919584947827198e-8,0,0,true,true,true,-5.382160681249622e-10,-5.382160681249622e-10,1.0e-10,-1.8983490830499673e-7,4.843944547540651e-9,true,0.0,true,true,,true,conditional_window,false
5.0,48,K_plus,5.73517403050418,direct_finite_q,0.0,4.369695976336306e-10,5.963536283855326e-14,7.282390256489161e-10,0,0,true,true,true,-9.203071723982787e-11,-9.203071723982787e-11,1.0e-10,-9.203070143239634e-8,8.28276450844891e-10,true,0.0,true,true,,true,conditional_window,false
5.0,48,K_plus,6.181685885555359,direct_finite_q,0.0,-1.1812550745968267e-14,4.117041040626145e-14,5.6834038269181575e-14,0,0,true,true,true,-1.4246225786608996e-12,-1.4246225786608996e-12,1.0e-10,-1.4246224441360215e-9,1.2821603205292349e-11,true,0.0,true,true,,true,conditional_window,false
5.0,48,K_plus,6.592374607747902,direct_finite_q,0.0,-5.9040880541610034e-15,2.810962851883647e-14,4.8889473781217134e-14,0,0,true,true,true,-1.1214367633868566e-12,-1.1214367633868566e-12,1.0e-10,-1.1214366509744285e-9,1.009293086883468e-11,true,0.0,true,true,,true,conditional_window,false
5.0,48,K_plus,6.960496766314217,direct_finite_q,0.0,-3.1717963194511972e-15,1.9345802492472606e-14,3.9697973324029864e-14,0,0,true,true,true,-9.088697824350364e-13,-9.088697824350364e-13,1.0e-10,-9.088696932860875e-10,8.17982804083244e-12,true,0.0,true,true,,true,conditional_window,false
5.0,48,K_plus,7.280007943895612,direct_finite_q,0.0,-1.850224350808534e-15,1.3696964984923328e-14,3.1807742414959505e-14,0,0,true,true,true,-7.592983630463787e-13,-7.592983630463787e-13,1.0e-10,-7.59298289717773e-10,6.833685266660792e-12,true,0.0,true,true,,true,conditional_window,false
5.0,48,K_plus,7.545662108017604,direct_finite_q,0.0,-1.182226472386068e-15,1.0144112624007373e-14,2.58502286555357e-14,0,0,true,true,true,-6.548076506016511e-13,-6.548076506016511e-13,1.0e-10,-6.548075880562269e-10,5.8932688548515404e-12,true,0.0,true,true,,true,conditional_window,false
5.0,48,K_plus,7.753098208010931,direct_finite_q,0.0,-8.334412916621708e-16,7.963514309016475e-15,2.171274873809166e-14,0,0,true,true,true,-5.837434716064266e-13,-5.837434716064266e-13,1.0e-10,-5.837434162683115e-10,5.253691244009707e-12,true,0.0,true,true,,true,conditional_window,false
5.0,48,K_plus,7.898914223885238,direct_finite_q,0.0,-6.519034644163169e-16,6.693025686692467e-15,1.9095132522960486e-14,0,0,true,true,true,-5.386262476347835e-13,-5.386262476347835e-13,1.0e-10,-5.38626196819379e-10,4.847636228331215e-12,true,0.0,true,true,,true,conditional_window,false
5.0,48,K_plus,7.980748879988085,direct_finite_q,0.0,-5.679640804911935e-16,6.063348671209546e-15,1.773191504289087e-14,0,0,true,true,true,-5.149016087939047e-13,-5.149016087939047e-13,1.0e-10,-5.149015603402115e-10,4.634114478796038e-12,true,0.0,true,true,,true,conditional_window,false
5.0,48,K_minus,0.019251120011914757,direct_finite_q,0.006083885210518382,-2.1334119230814162e-5,4.2211044192372054e-11,1.1382500456401231e-7,1,1,true,true,true,-6.135719710087528e-9,0.9999999938642803,1.0e-10,0.9999938645667948,5.522143709235481e-8,true,0.0,true,true,,true,conditional_window,false
5.0,48,K_minus,0.1010857761147621,direct_finite_q,0.005121422419007933,-2.1875930594929054e-5,3.308702451452645e-11,2.6398662076215124e-6,1,1,true,true,true,-6.305922672922293e-9,0.9999999936940773,1.0e-10,0.9999936943789903,5.675326163371869e-8,true,0.0,true,true,,true,conditional_window,false
5.0,48,K_minus,0.2469017919890688,direct_finite_q,0.0037974363202457713,-2.2800113478997983e-5,2.504437048439669e-11,1.1657189252984188e-5,1,1,true,true,true,-6.639487626358687e-9,0.9999999933605124,1.0e-10,0.9999933608448771,5.97553412562067e-8,true,0.0,true,true,,true,conditional_window,false
5.0,48,K_minus,0.4543378919823957,direct_finite_q,0.002519591818079596,-2.4005172104815105e-5,2.2249570078103257e-11,2.6097615793911588e-5,1,1,true,true,true,-7.191686912655371e-9,0.9999999928083131,1.0e-10,0.9999928086995836,6.472512757557645e-8,true,0.0,true,true,,true,conditional_window,false
5.0,48,K_minus,0.7199920561043887,direct_finite_q,0.0015248341983896793,-2.5322351395591298e-5,2.457376227171692e-11,3.937998776318158e-5,1,1,true,true,true,-8.065582868255206e-9,0.9999999919344171,1.0e-10,0.9999919348969059,7.2590177344938e-8,true,0.0,true,true,,true,conditional_window,false
5.0,48,K_minus,1.0395032336857826,direct_finite_q,0.0008596013570869238,-2.6511583889671307e-5,2.8896707894510285e-11,4.5605137195562245e-5,1,1,true,true,true,-9.454311777901125e-9,0.9999999905456882,1.0e-10,0.9999905463354235,8.50887120421423e-8,true,0.0,true,true,,true,conditional_window,false
5.0,48,K_minus,1.4076253922520978,direct_finite_q,0.00046153412464887324,-2.7277969030054705e-5,3.16123318501415e-11,4.359036031603483e-5,1,1,true,true,true,-1.1741401406695218e-8,0.9999999882585986,1.0e-10,0.9999882595712724,1.0567247146671735e-7,true,0.0,true,true,,true,conditional_window,false
5.0,48,K_minus,1.8183141144446417,direct_finite_q,0.00024146850193959202,-2.730707893581613e-5,3.053537587312934e-11,3.587148736807569e-5,1,1,true,true,true,-1.5765189931293833e-8,0.9999999842348101,1.0e-10,0.9999842365015972,1.4188646073030154e-7,true,0.0,true,true,,true,conditional_window,false
5.0,48,K_minus,2.2648259694958197,direct_finite_q,0.00012588598539347762,-2.630466198012711e-5,2.576056672496097e-11,2.5877239023570884e-5,1,1,true,true,true,-2.3629172729577874e-8,0.9999999763708273,1.0e-10,0.9999763744385607,2.1266201076838672e-7,true,0.0,true,true,,true,conditional_window,false
5.0,48,K_minus,2.7398292812153464,direct_finite_q,6.670590269563854e-5,-2.405250351249661e-5,1.9274728694871617e-11,1.6220756613517946e-5,1,1,true,true,true,-4.1830315211655034e-8,0.9999999581696848,1.0e-10,0.9999581802009266,3.7647120345034355e-7,true,0.0,true,true,,true,conditional_window,false
5.0,48,K_minus,3.2355245301055344,direct_finite_q,3.6432803065355866e-5,-2.054155519993827e-5,1.314713207203178e-11,8.427873599059826e-6,1,1,true,true,true,-9.976142179013436e-8,0.9999999002385782,1.0e-10,0.9999002922580055,8.978440468980248e-7,true,0.0,true,true,,true,conditional_window,false
5.0,48,K_minus,3.7437724285495775,direct_finite_q,2.0589006735703987e-5,-1.6120101168478693e-5,8.405646728528646e-12,3.173153902950249e-6,1,1,true,true,true,-6.563977921203445e-7,0.9999993436022079,1.0e-10,0.9993455640378761,5.907233053061799e-6,true,0.0,true,true,,true,conditional_window,false
5.0,48,K_minus,4.256227571450422,direct_finite_q,0.0,7.075033463394015e-7,5.154248656873816e-12,6.493092690367673e-7,0,0,true,true,true,4.956149610307269e-7,4.956149610307269e-7,1.0e-10,0.0004964386881450597,4.460706973360695e-6,true,0.0,true,true,,true,conditional_window,false
5.0,48,K_minus,4.764475469894466,direct_finite_q,0.0,7.673262194226149e-8,3.08604243842193e-12,8.824659435923483e-8,0,0,true,true,true,5.74346226782968e-7,5.74346226782968e-7,1.0e-10,0.0004040277149811582,5.169285476018492e-6,true,0.0,true,true,,true,conditional_window,false
5.0,48,K_minus,5.260170718784654,direct_finite_q,0.0,4.9767420495977364e-9,1.8309801934873058e-12,6.978704669003949e-9,0,0,true,true,true,-8.030322990992445e-11,-8.030322990992445e-11,1.0e-10,-2.8323856784222314e-8,7.227290733620783e-10,true,0.0,true,true,,true,conditional_window,false
5.0,48,K_minus,5.73517403050418,direct_finite_q,0.0,7.82620540666724e-11,1.0905816847319689e-12,1.3222842267565873e-10,0,0,true,true,true,-1.4681585379602875e-11,-1.4681585379602875e-11,1.0e-10,-1.4681585212145619e-8,1.321342684166649e-10,true,0.0,true,true,,true,conditional_window,false
5.0,48,K_minus,6.181685885555359,direct_finite_q,0.0,-2.098872958935844e-18,6.598294444132264e-13,1.2773633037768104e-12,0,0,true,true,true,-2.383725128164077e-13,-2.383725128164077e-13,1.0e-10,-2.3837460614884036e-10,2.1453716700006318e-12,true,0.0,true,true,,true,conditional_window,false
5.0,48,K_minus,6.592374607747902,direct_finite_q,0.0,-1.0444044263617636e-18,4.070744386227399e-13,8.962449738760801e-13,0,0,true,true,true,-1.9409373873181758e-13,-1.9409373873181758e-13,1.0e-10,-1.9409372111516145e-10,1.7468436485375636e-12,true,0.0,true,true,,true,conditional_window,false
5.0,48,K_minus,6.960496766314217,direct_finite_q,0.0,-5.58803536568287e-19,2.592423934359837e-13,6.36291054029501e-13,0,0,true,true,true,-1.6096892333214625e-13,-1.6096892333214625e-13,1.0e-10,-1.6096890877574823e-10,1.4487203099557801e-12,true,0.0,true,true,,true,conditional_window,false
5.0,48,K_minus,7.280007943895612,direct_finite_q,0.0,-3.2484386789548874e-19,1.730908327322725e-13,4.647369651644507e-13,0,0,true,true,true,-1.3656890991875346e-13,-1.3656890991875346e-13,1.0e-10,-1.365688976023961e-10,1.2291201892446572e-12,true,0.0,true,true,,true,conditional_window,false
5.0,48,K_minus,7.545662108017604,direct_finite_q,0.0,-2.0698579984475375e-19,1.2275398869800349e-13,3.5407873654120353e-13,0,0,true,true,true,-1.1897552802932824e-13,-1.1897552802932824e-13,1.0e-10,-1.189755173206777e-10,1.0707797522456565e-12,true,0.0,true,true,,true,conditional_window,false
5.0,48,K_minus,7.753098208010931,direct_finite_q,0.0,-1.4561262341469402e-19,9.344495777797057e-14,2.845614234925769e-13,0,0,true,true,true,-1.0675312788401222e-13,-1.0675312788401222e-13,1.0e-10,-1.0675311828858818e-10,9.607781509413859e-13,true,0.0,true,true,,true,conditional_window,false
5.0,48,K_minus,7.898914223885238,direct_finite_q,0.0,-1.1373191397839748e-19,7.696940824646495e-14,2.432890487688832e-13,0,0,true,true,true,-9.888663172455829e-14,-9.888663172455829e-14,1.0e-10,-9.888662284402962e-11,8.899796855083952e-13,true,0.0,true,true,,true,conditional_window,false
5.0,48,K_minus,7.980748879988085,direct_finite_q,0.0,-9.900891081744589e-20,6.897852835689278e-14,2.225721655689581e-13,0,0,true,true,true,-9.471729438267542e-14,-9.471729438267542e-14,1.0e-10,-9.471728588054455e-11,8.524556494324943e-13,true,0.0,true,true,,true,conditional_window,false
