T_MeV,mu_MeV,xi,pressure_fm4,rho,entropy_fm3,energy_fm4,phi_u,phi_d,phi_s,Phi1,Phi2,M_u_MeV,M_d_MeV,M_s_MeV,iterations,residual_norm,converged,message
100.000000,0.000000,0.000000,21.608073,0.000000,0.001588,-21.607268,-1.843113,-1.843113,-2.226956,0.003792,0.003792,367.610739,367.610739,549.458568,3,0.000000,true,
100.000000,25.000000,0.000000,21.608074,0.000021,0.001605,-21.607259,-1.843110,-1.843110,-2.226955,0.003011,0.004824,367.610079,367.610079,549.458250,2,0.000000,true,
100.000000,50.000000,0.000000,21.608076,0.000055,0.001664,-21.607226,-1.843098,-1.843098,-2.226953,0.002440,0.006166,367.607709,367.607709,549.457108,2,0.000000,true,
110.000000,0.000000,0.000000,21.608222,0.000000,0.004779,-21.605558,-1.842748,-1.842748,-2.226835,0.006923,0.006923,367.534911,367.534911,549.414977,3,0.000000,true,
110.000000,25.000000,0.000000,21.608224,0.000078,0.004835,-21.605524,-1.842737,-1.842737,-2.226832,0.005674,0.008564,367.532783,367.532783,549.413914,3,0.000000,true,
110.000000,50.000000,0.000000,21.608232,0.000195,0.005027,-21.605406,-1.842701,-1.842701,-2.226824,0.004770,0.010669,367.525371,367.525371,549.410210,3,0.000000,true,
120.000000,0.000000,0.000000,21.608637,0.000000,0.012747,-21.600885,-1.841846,-1.841846,-2.226512,0.011924,0.011924,367.346794,367.346794,549.303675,3,0.000000,true,
120.000000,25.000000,0.000000,21.608644,0.000257,0.012918,-21.600773,-1.841816,-1.841816,-2.226505,0.010080,0.014364,367.340694,367.340694,549.300499,3,0.000000,true,
120.000000,50.000000,0.000000,21.608670,0.000618,0.013490,-21.600391,-1.841715,-1.841715,-2.226480,0.008788,0.017479,367.319926,367.319926,549.289686,3,0.000000,true,
