T_MeV,rho,xi,mu_u_MeV,mu_d_MeV,mu_s_MeV,mu_avg_MeV,mu_B_MeV,mu_Q_MeV,mu_S_MeV,pressure_fm4,entropy_fm3,energy_fm4,rho_u_fm3,rho_d_fm3,rho_s_fm3,phi_u,phi_d,phi_s,Phi1,Phi2,M_u_MeV,M_d_MeV,M_s_MeV,iterations,residual_norm,converged,message
130.800000,4.000000,0.000000,329.669207,329.669207,329.669207,329.669207,989.007621,0.000000,0.000000,22.002477,4.068338,-16.098046,0.857388,0.857388,0.205224,-0.152995,-0.152995,-1.857422,0.362000,0.387169,34.517495,34.517495,429.893119,4,0.000000,true,
130.800000,3.975000,0.000000,328.938508,328.938508,328.938508,328.938508,986.815525,0.000000,0.000000,21.995389,4.045313,-16.133334,0.852481,0.852481,0.203037,-0.155526,-0.155526,-1.859742,0.360944,0.386191,35.004136,35.004136,430.268249,3,0.000000,true,
130.800000,3.950000,0.000000,328.205629,328.205629,328.205629,328.205629,984.616886,0.000000,0.000000,21.988325,4.022280,-16.168583,0.847567,0.847567,0.200866,-0.158133,-0.158133,-1.862048,0.359883,0.385209,35.505407,35.505407,430.641856,3,0.000000,true,
130.800000,3.925000,0.000000,327.470637,327.470637,327.470637,327.470637,982.411912,0.000000,0.000000,21.981286,3.999240,-16.203792,0.842645,0.842645,0.198710,-0.160819,-0.160819,-1.864341,0.358816,0.384222,36.021935,36.021935,431.013999,3,0.000000,true,
130.800000,3.900000,0.000000,326.733612,326.733612,326.733612,326.733612,980.200835,0.000000,0.000000,21.974271,3.976194,-16.238960,0.837715,0.837715,0.196570,-0.163589,-0.163589,-1.866619,0.357744,0.383230,36.554387,36.554387,431.384741,3,0.000000,true,
130.800000,3.875000,0.000000,325.994635,325.994635,325.994635,325.994635,977.983906,0.000000,0.000000,21.967283,3.953143,-16.274087,0.832777,0.832777,0.194446,-0.166444,-0.166444,-1.868884,0.356666,0.382232,37.103460,37.103460,431.754150,3,0.000000,true,
130.800000,3.850000,0.000000,325.253801,325.253801,325.253801,325.253801,975.761404,0.000000,0.000000,21.960323,3.930087,-16.309172,0.827831,0.827831,0.192338,-0.169391,-0.169391,-1.871135,0.355583,0.381230,37.669892,37.669892,432.122297,3,0.000000,true,
130.800000,3.825000,0.000000,324.511210,324.511210,324.511210,324.511210,973.533630,0.000000,0.000000,21.953391,3.907028,-16.344214,0.822877,0.822877,0.190246,-0.172431,-0.172431,-1.873372,0.354493,0.380223,38.254459,38.254459,432.489258,3,0.000000,true,
130.800000,3.800000,0.000000,323.766972,323.766972,323.766972,323.766972,971.300916,0.000000,0.000000,21.946489,3.883967,-16.379212,0.817915,0.817915,0.188169,-0.175571,-0.175571,-1.875596,0.353399,0.379211,38.857980,38.857980,432.855115,3,0.000000,true,
130.800000,3.775000,0.000000,323.021208,323.021208,323.021208,323.021208,969.063625,0.000000,0.000000,21.939618,3.860905,-16.414166,0.812946,0.812946,0.186109,-0.178813,-0.178813,-1.877806,0.352299,0.378195,39.481318,39.481318,433.219953,3,0.000000,true,
130.800000,3.750000,0.000000,322.274051,322.274051,322.274051,322.274051,966.822154,0.000000,0.000000,21.932780,3.837843,-16.449074,0.807968,0.807968,0.184064,-0.182163,-0.182163,-1.880004,0.351193,0.377173,40.125384,40.125384,433.583866,3,0.000000,true,
130.800000,3.725000,0.000000,321.525645,321.525645,321.525645,321.525645,964.576935,0.000000,0.000000,21.925975,3.814782,-16.483935,0.802982,0.802982,0.182035,-0.185627,-0.185627,-1.882189,0.350082,0.376146,40.791135,40.791135,433.946954,3,0.000000,true,
130.800000,3.700000,0.000000,320.776147,320.776147,320.776147,320.776147,962.328442,0.000000,0.000000,21.919207,3.791724,-16.518749,0.797989,0.797989,0.180023,-0.189208,-0.189208,-1.884361,0.348965,0.375115,41.479584,41.479584,434.309323,3,0.000000,true,
130.800000,3.675000,0.000000,320.025730,320.025730,320.025730,320.025730,960.077191,0.000000,0.000000,21.912476,3.768671,-16.553515,0.792987,0.792987,0.178027,-0.192913,-0.192913,-1.886520,0.347843,0.374079,42.191795,42.191795,434.671087,3,0.000000,true,
130.800000,3.650000,0.000000,319.274582,319.274582,319.274582,319.274582,957.823746,0.000000,0.000000,21.905784,3.745624,-16.588231,0.787977,0.787977,0.176047,-0.196747,-0.196747,-1.888667,0.346715,0.373038,42.928890,42.928890,435.032370,3,0.000000,true,
130.800000,3.625000,0.000000,318.522908,318.522908,318.522908,318.522908,955.568724,0.000000,0.000000,21.899133,3.722584,-16.622896,0.782959,0.782959,0.174083,-0.200718,-0.200718,-1.890802,0.345582,0.371992,43.692053,43.692053,435.393303,3,0.000000,true,
130.800000,3.600000,0.000000,317.770931,317.770931,317.770931,317.770931,953.312793,0.000000,0.000000,21.892525,3.699554,-16.657509,0.777932,0.777932,0.172136,-0.204830,-0.204830,-1.892924,0.344443,0.370942,44.482526,44.482526,435.754028,3,0.000000,true,
130.800000,3.575000,0.000000,317.018896,317.018896,317.018896,317.018896,951.056687,0.000000,0.000000,21.885962,3.676536,-16.692068,0.772897,0.772897,0.170205,-0.209091,-0.209091,-1.895036,0.343299,0.369887,45.301619,45.301619,436.114699,3,0.000000,true,
130.800000,3.550000,0.000000,316.267067,316.267067,316.267067,316.267067,948.801202,0.000000,0.000000,21.879447,3.653532,-16.726573,0.767854,0.767854,0.168292,-0.213508,-0.213508,-1.897135,0.342150,0.368827,46.150707,46.150707,436.475478,3,0.000000,true,
130.800000,3.525000,0.000000,315.515735,315.515735,315.515735,315.515735,946.547206,0.000000,0.000000,21.872982,3.630544,-16.761021,0.762803,0.762803,0.166395,-0.218089,-0.218089,-1.899223,0.340995,0.367764,47.031234,47.031234,436.836545,3,0.000000,true,
130.800000,3.500000,0.000000,314.765215,314.765215,314.765215,314.765215,944.295644,0.000000,0.000000,21.866569,3.607574,-16.795411,0.757742,0.757742,0.164515,-0.222841,-0.222841,-1.901301,0.339836,0.366696,47.944715,47.944715,437.198089,3,0.000000,true,
130.800000,3.475000,0.000000,314.015848,314.015848,314.015848,314.015848,942.047543,0.000000,0.000000,21.860212,3.584626,-16.829741,0.752674,0.752674,0.162653,-0.227773,-0.227773,-1.903368,0.338671,0.365623,48.892736,48.892736,437.560315,3,0.000000,true,
130.800000,3.450000,0.000000,313.268006,313.268006,313.268006,313.268006,939.804018,0.000000,0.000000,21.853913,3.561702,-16.864010,0.747596,0.747596,0.160808,-0.232893,-0.232893,-1.905424,0.337502,0.364547,49.876955,49.876955,437.923446,3,0.000000,true,
130.800000,3.425000,0.000000,312.522094,312.522094,312.522094,312.522094,937.566281,0.000000,0.000000,21.847676,3.538805,-16.898216,0.742510,0.742510,0.158980,-0.238210,-0.238210,-1.907471,0.336327,0.363467,50.899104,50.899104,438.287720,3,0.000000,true,
130.800000,3.400000,0.000000,311.778549,311.778549,311.778549,311.778549,935.335647,0.000000,0.000000,21.841504,3.515939,-16.932356,0.737414,0.737414,0.157171,-0.243734,-0.243734,-1.909507,0.335148,0.362383,51.960984,51.960984,438.653393,3,0.000000,true,
130.800000,3.375000,0.000000,311.037845,311.037845,311.037845,311.037845,933.113536,0.000000,0.000000,21.835400,3.493106,-16.966428,0.732310,0.732310,0.155380,-0.249474,-0.249474,-1.911535,0.333965,0.361295,53.064466,53.064466,439.020742,3,0.000000,true,
130.800000,3.350000,0.000000,310.300496,310.300496,310.300496,310.300496,930.901489,0.000000,0.000000,21.829369,3.470311,-17.000431,0.727196,0.727196,0.153608,-0.255440,-0.255440,-1.913554,0.332777,0.360204,54.211486,54.211486,439.390065,3,0.000000,true,
130.800000,3.325000,0.000000,309.567054,309.567054,309.567054,309.567054,928.701163,0.000000,0.000000,21.823415,3.447557,-17.034361,0.722073,0.722073,0.151854,-0.261643,-0.261643,-1.915564,0.331585,0.359110,55.404039,55.404039,439.761680,3,0.000000,true,
130.800000,3.300000,0.000000,308.838116,308.838116,308.838116,308.838116,926.514348,0.000000,0.000000,21.817541,3.424849,-17.068217,0.716940,0.716940,0.150119,-0.268093,-0.268093,-1.917567,0.330388,0.358013,56.644177,56.644177,440.135931,3,0.000000,true,
130.800000,3.275000,0.000000,308.114322,308.114322,308.114322,308.114322,924.342966,0.000000,0.000000,21.811753,3.402191,-17.101995,0.711798,0.711798,0.148404,-0.274801,-0.274801,-1.919562,0.329188,0.356913,57.933991,57.933991,440.513183,3,0.000000,true,
130.800000,3.250000,0.000000,307.396358,307.396358,307.396358,307.396358,922.189075,0.000000,0.000000,21.806055,3.379588,-17.135693,0.706646,0.706646,0.146709,-0.281778,-0.281778,-1.921551,0.327984,0.355810,59.275607,59.275607,440.893831,3,0.000000,true,
130.800000,3.225000,0.000000,306.684959,306.684959,306.684959,306.684959,920.054876,0.000000,0.000000,21.800453,3.357044,-17.169309,0.701483,0.701483,0.145034,-0.289036,-0.289036,-1.923533,0.326777,0.354705,60.671169,60.671169,441.278291,3,0.000000,true,
130.800000,3.200000,0.000000,305.980904,305.980904,305.980904,305.980904,917.942712,0.000000,0.000000,21.794951,3.334565,-17.202838,0.696310,0.696310,0.143379,-0.296584,-0.296584,-1.925510,0.325567,0.353598,62.122817,62.122817,441.667008,3,0.000000,true,
130.800000,3.175000,0.000000,305.285023,305.285023,305.285023,305.285023,915.855068,0.000000,0.000000,21.789555,3.312155,-17.236279,0.691127,0.691127,0.141746,-0.304435,-0.304435,-1.927482,0.324354,0.352490,63.632673,63.632673,442.060454,3,0.000000,true,
130.800000,3.150000,0.000000,304.598189,304.598189,304.598189,304.598189,913.794567,0.000000,0.000000,21.784272,3.289821,-17.269628,0.685933,0.685933,0.140134,-0.312598,-0.312598,-1.929450,0.323138,0.351380,65.202810,65.202810,442.459126,3,0.000000,true,
130.800000,3.125000,0.000000,303.921320,303.921320,303.921320,303.921320,911.763961,0.000000,0.000000,21.779106,3.267567,-17.302882,0.680728,0.680728,0.138544,-0.321084,-0.321084,-1.931414,0.321920,0.350270,66.835227,66.835227,442.863546,3,0.000000,true,
130.800000,3.100000,0.000000,303.255376,303.255376,303.255376,303.255376,909.766128,0.000000,0.000000,21.774064,3.245401,-17.336037,0.675512,0.675512,0.136976,-0.329903,-0.329903,-1.933376,0.320700,0.349159,68.531815,68.531815,443.274260,3,0.000000,true,
130.800000,3.075000,0.000000,302.601349,302.601349,302.601349,302.601349,907.804046,0.000000,0.000000,21.769152,3.223326,-17.369091,0.670284,0.670284,0.135432,-0.339064,-0.339064,-1.935337,0.319478,0.348047,70.294319,70.294319,443.691835,3,0.000000,true,
130.800000,3.050000,0.000000,301.960261,301.960261,301.960261,301.960261,905.880783,0.000000,0.000000,21.764376,3.201349,-17.402041,0.665045,0.665045,0.133910,-0.348574,-0.348574,-1.937296,0.318255,0.346936,72.124305,72.124305,444.116859,3,0.000000,true,
130.800000,3.025000,0.000000,301.333156,301.333156,301.333156,301.333156,903.999468,0.000000,0.000000,21.759742,3.179476,-17.434884,0.659794,0.659794,0.132412,-0.358441,-0.358441,-1.939255,0.317030,0.345825,74.023113,74.023113,444.549929,3,0.000000,true,
130.800000,3.000000,0.000000,300.721087,300.721087,300.721087,300.721087,902.163261,0.000000,0.000000,21.755257,3.157712,-17.467617,0.654531,0.654531,0.130939,-0.368670,-0.368670,-1.941216,0.315805,0.344715,75.991816,75.991816,444.991655,3,0.000000,true,
130.800000,2.975000,0.000000,300.125106,300.125106,300.125106,300.125106,900.375317,0.000000,0.000000,21.750926,3.136062,-17.500237,0.649255,0.649255,0.129489,-0.379264,-0.379264,-1.943178,0.314580,0.343607,78.031178,78.031178,445.442649,3,0.000000,true,
130.800000,2.950000,0.000000,299.546249,299.546249,299.546249,299.546249,898.638747,0.000000,0.000000,21.746754,3.114530,-17.532743,0.643967,0.643967,0.128065,-0.390226,-0.390226,-1.945144,0.313354,0.342500,80.141614,80.141614,445.903520,3,0.000000,true,
130.800000,2.925000,0.000000,298.985525,298.985525,298.985525,298.985525,896.956575,0.000000,0.000000,21.742747,3.093122,-17.565133,0.638667,0.638667,0.126666,-0.401554,-0.401554,-1.947114,0.312129,0.341395,82.323147,82.323147,446.374865,3,0.000000,true,
130.800000,2.900000,0.000000,298.443895,298.443895,298.443895,298.443895,895.331685,0.000000,0.000000,21.738910,3.071839,-17.597406,0.633354,0.633354,0.125292,-0.413248,-0.413248,-1.949088,0.310904,0.340292,84.575383,84.575383,446.857261,3,0.000000,true,
130.800000,2.875000,0.000000,297.922258,297.922258,297.922258,297.922258,893.766774,0.000000,0.000000,21.735246,3.050686,-17.629561,0.628029,0.628029,0.123943,-0.425303,-0.425303,-1.951068,0.309679,0.339192,86.897476,86.897476,447.351257,3,0.000000,true,
130.800000,2.850000,0.000000,297.421435,297.421435,297.421435,297.421435,892.264306,0.000000,0.000000,21.731759,3.029664,-17.661598,0.622690,0.622690,0.122620,-0.437710,-0.437710,-1.953056,0.308455,0.338094,89.288121,89.288121,447.857366,3,0.000000,true,
130.800000,2.825000,0.000000,296.942152,296.942152,296.942152,296.942152,890.826456,0.000000,0.000000,21.728450,3.008774,-17.693517,0.617339,0.617339,0.121322,-0.450461,-0.450461,-1.955051,0.307231,0.337000,91.745542,91.745542,448.376054,3,0.000000,true,
130.800000,2.800000,0.000000,296.485024,296.485024,296.485024,296.485024,889.455072,0.000000,0.000000,21.725323,2.988015,-17.725321,0.611975,0.611975,0.120049,-0.463544,-0.463544,-1.957055,0.306009,0.335908,94.267502,94.267502,448.907734,3,0.000000,true,
130.800000,2.775000,0.000000,296.050544,296.050544,296.050544,296.050544,888.151632,0.000000,0.000000,21.722377,2.967387,-17.757011,0.606599,0.606599,0.118801,-0.476944,-0.476944,-1.959068,0.304787,0.334819,96.851318,96.851318,449.452757,3,0.000000,true,
130.800000,2.750000,0.000000,295.639073,295.639073,295.639073,295.639073,886.917219,0.000000,0.000000,21.719612,2.946887,-17.788591,0.601211,0.601211,0.117578,-0.490646,-0.490646,-1.961091,0.303566,0.333734,99.493898,99.493898,450.011408,3,0.000000,true,
130.800000,2.725000,0.000000,295.250831,295.250831,295.250831,295.250831,885.752494,0.000000,0.000000,21.717026,2.926511,-17.820064,0.595810,0.595810,0.116379,-0.504630,-0.504630,-1.963125,0.302345,0.332651,102.191774,102.191774,450.583902,3,0.000000,true,
130.800000,2.700000,0.000000,294.885895,294.885895,294.885895,294.885895,884.657686,0.000000,0.000000,21.714618,2.906256,-17.851435,0.590398,0.590398,0.115203,-0.518877,-0.518877,-1.965171,0.301124,0.331571,104.941164,104.941164,451.170380,3,0.000000,true,
130.800000,2.675000,0.000000,294.544198,294.544198,294.544198,294.544198,883.632594,0.000000,0.000000,21.712384,2.886114,-17.882708,0.584975,0.584975,0.114051,-0.533365,-0.533365,-1.967228,0.299903,0.330493,107.738024,107.738024,451.770906,3,0.000000,true,
130.800000,2.650000,0.000000,294.225531,294.225531,294.225531,294.225531,882.676593,0.000000,0.000000,21.710320,2.866079,-17.913891,0.579540,0.579540,0.112920,-0.548073,-0.548073,-1.969297,0.298682,0.329418,110.578116,110.578116,452.385476,3,0.000000,true,
130.800000,2.625000,0.000000,293.929552,293.929552,293.929552,293.929552,881.788656,0.000000,0.000000,21.708421,2.846143,-17.944989,0.574095,0.574095,0.111810,-0.562977,-0.562977,-1.971379,0.297459,0.328344,113.457075,113.457075,453.014010,3,0.000000,true,
130.800000,2.600000,0.000000,293.655793,293.655793,293.655793,293.655793,880.967379,0.000000,0.000000,21.706681,2.826298,-17.976009,0.568639,0.568639,0.110721,-0.578053,-0.578053,-1.973474,0.296236,0.327271,116.370474,116.370474,453.656366,3,0.000000,true,
130.800000,2.575000,0.000000,293.403673,293.403673,293.403673,293.403673,880.211018,0.000000,0.000000,21.705094,2.806535,-18.006960,0.563175,0.563175,0.109651,-0.593280,-0.593280,-1.975581,0.295010,0.326199,119.313887,119.313887,454.312339,3,0.000000,true,
130.800000,2.550000,0.000000,293.172509,293.172509,293.172509,293.172509,879.517526,0.000000,0.000000,21.703653,2.786842,-18.037849,0.557701,0.557701,0.108599,-0.608633,-0.608633,-1.977701,0.293781,0.325128,122.282952,122.282952,454.981671,3,0.000000,true,
130.800000,2.525000,0.000000,292.961532,292.961532,292.961532,292.961532,878.884597,0.000000,0.000000,21.702351,2.767211,-18.068684,0.552218,0.552218,0.107564,-0.624090,-0.624090,-1.979833,0.292550,0.324055,125.273416,125.273416,455.664057,3,0.000000,true,
130.800000,2.500000,0.000000,292.769903,292.769903,292.769903,292.769903,878.309709,0.000000,0.000000,21.701180,2.747630,-18.099473,0.546727,0.546727,0.106545,-0.639631,-0.639631,-1.981979,0.291314,0.322982,128.281184,128.281184,456.359150,3,0.000000,true,
130.800000,2.475000,0.000000,292.596722,292.596722,292.596722,292.596722,877.790167,0.000000,0.000000,21.700132,2.728089,-18.130225,0.541229,0.541229,0.105541,-0.655234,-0.655234,-1.984136,0.290074,0.321907,131.302353,131.302353,457.066574,3,0.000000,true,
130.800000,2.450000,0.000000,292.441049,292.441049,292.441049,292.441049,877.323146,0.000000,0.000000,21.699199,2.708575,-18.160948,0.535724,0.535724,0.104551,-0.670881,-0.670881,-1.986306,0.288829,0.320830,134.333242,134.333242,457.785927,3,0.000000,true,
130.800000,2.425000,0.000000,292.301909,292.301909,292.301909,292.301909,876.905727,0.000000,0.000000,21.698374,2.689080,-18.191651,0.530213,0.530213,0.103574,-0.686553,-0.686553,-1.988488,0.287578,0.319750,137.370407,137.370407,458.516787,3,0.000000,true,
130.800000,2.400000,0.000000,292.178312,292.178312,292.178312,292.178312,876.534937,0.000000,0.000000,21.697649,2.669591,-18.222341,0.524696,0.524696,0.102608,-0.702233,-0.702233,-1.990681,0.286319,0.318665,140.410656,140.410656,459.258721,3,0.000000,true,
130.800000,2.375000,0.000000,292.069258,292.069258,292.069258,292.069258,876.207773,0.000000,0.000000,21.697015,2.650099,-18.253027,0.519173,0.519173,0.101653,-0.717908,-0.717908,-1.992885,0.285054,0.317577,143.451057,143.451057,460.011292,3,0.000000,true,
130.800000,2.350000,0.000000,291.973746,291.973746,291.973746,291.973746,875.921238,0.000000,0.000000,21.696466,2.630592,-18.283715,0.513646,0.513646,0.100708,-0.733561,-0.733561,-1.995101,0.283780,0.316483,146.488932,146.488932,460.774057,3,0.000000,true,
130.800000,2.325000,0.000000,291.890786,291.890786,291.890786,291.890786,875.672358,0.000000,0.000000,21.695995,2.611061,-18.314415,0.508115,0.508115,0.099771,-0.749182,-0.749182,-1.997327,0.282498,0.315383,149.521859,149.521859,461.546579,3,0.000000,true,
130.800000,2.300000,0.000000,291.819401,291.819401,291.819401,291.819401,875.458202,0.000000,0.000000,21.695593,2.591496,-18.345132,0.502579,0.502579,0.098842,-0.764758,-0.764758,-1.999563,0.281206,0.314277,152.547660,152.547660,462.328428,3,0.000000,true,
130.800000,2.275000,0.000000,291.758633,291.758633,291.758633,291.758633,875.275898,0.000000,0.000000,21.695255,2.571887,-18.375874,0.497040,0.497040,0.097919,-0.780279,-0.780279,-2.001810,0.279904,0.313164,155.564391,155.564391,463.119179,3,0.000000,true,
130.800000,2.250000,0.000000,291.707548,291.707548,291.707548,291.707548,875.122644,0.000000,0.000000,21.694974,2.552227,-18.406648,0.491498,0.491498,0.097003,-0.795737,-0.795737,-2.004065,0.278591,0.312043,158.570330,158.570330,463.918424,3,0.000000,true,
130.800000,2.225000,0.000000,291.665239,291.665239,291.665239,291.665239,874.995718,0.000000,0.000000,21.694743,2.532505,-18.437459,0.485954,0.485954,0.096092,-0.811123,-0.811123,-2.006330,0.277266,0.310913,161.563962,161.563962,464.725763,2,0.000000,true,
130.800000,2.200000,0.000000,291.630827,291.630827,291.630827,291.630827,874.892480,0.000000,0.000000,21.694558,2.512714,-18.468313,0.480408,0.480408,0.095185,-0.826432,-0.826432,-2.008604,0.275929,0.309774,164.543964,164.543964,465.540815,2,0.000000,true,
130.800000,2.175000,0.000000,291.603460,291.603460,291.603460,291.603460,874.810381,0.000000,0.000000,21.694412,2.492846,-18.499217,0.474859,0.474859,0.094282,-0.841656,-0.841656,-2.010886,0.274579,0.308626,167.509190,167.509190,466.363211,2,0.000000,true,
130.800000,2.150000,0.000000,291.582320,291.582320,291.582320,291.582320,874.746959,0.000000,0.000000,21.694301,2.472893,-18.530175,0.469309,0.469309,0.093381,-0.856791,-0.856791,-2.013177,0.273216,0.307467,170.458659,170.458659,467.192601,2,0.000000,true,
130.800000,2.125000,0.000000,291.566615,291.566615,291.566615,291.566615,874.699844,0.000000,0.000000,21.694219,2.452850,-18.561193,0.463758,0.463758,0.092484,-0.871833,-0.871833,-2.015475,0.271839,0.306298,173.391535,173.391535,468.028648,2,0.000000,true,
130.800000,2.100000,0.000000,291.555584,291.555584,291.555584,291.555584,874.666753,0.000000,0.000000,21.694163,2.432708,-18.592275,0.458206,0.458206,0.091587,-0.886778,-0.886778,-2.017781,0.270448,0.305117,176.307118,176.307118,468.871033,2,0.000000,true,
130.800000,2.075000,0.000000,291.548496,291.548496,291.548496,291.548496,874.645489,0.000000,0.000000,21.694127,2.412461,-18.623425,0.452654,0.452654,0.090692,-0.901622,-0.901622,-2.020094,0.269041,0.303924,179.204826,179.204826,469.719455,2,0.000000,true,
130.800000,2.050000,0.000000,291.544646,291.544646,291.544646,291.544646,874.633938,0.000000,0.000000,21.694107,2.392105,-18.654648,0.447101,0.447101,0.089798,-0.916364,-0.916364,-2.022414,0.267618,0.302718,182.084188,182.084188,470.573625,2,0.000000,true,
130.800000,2.025000,0.000000,291.543355,291.543355,291.543355,291.543355,874.630064,0.000000,0.000000,21.694101,2.371632,-18.685949,0.441548,0.441548,0.088904,-0.931002,-0.931002,-2.024741,0.266179,0.301500,184.944830,184.944830,471.433271,2,0.000000,true,
130.800000,2.000000,0.000000,291.543969,291.543969,291.543969,291.543969,874.631907,0.000000,0.000000,21.694104,2.351038,-18.717329,0.435996,0.435996,0.088009,-0.945535,-0.945535,-2.027075,0.264723,0.300268,187.786462,187.786462,472.298138,2,0.000000,true,
130.800000,1.975000,0.000000,291.545858,291.545858,291.545858,291.545858,874.637575,0.000000,0.000000,21.694113,2.330318,-18.748793,0.430443,0.430443,0.087114,-0.959960,-0.959960,-2.029414,0.263249,0.299022,190.608873,190.608873,473.167981,2,0.000000,true,
130.800000,1.950000,0.000000,291.548415,291.548415,291.548415,291.548415,874.645244,0.000000,0.000000,21.694125,2.309466,-18.780345,0.424892,0.424892,0.086217,-0.974278,-0.974278,-2.031760,0.261758,0.297761,193.411919,193.411919,474.042572,2,0.000000,true,
130.800000,1.925000,0.000000,291.551049,291.551049,291.551049,291.551049,874.653147,0.000000,0.000000,21.694138,2.288479,-18.811986,0.419341,0.419341,0.085319,-0.988489,-0.988489,-2.034112,0.260248,0.296485,196.195514,196.195514,474.921696,2,0.000000,true,
130.800000,1.900000,0.000000,291.553191,291.553191,291.553191,291.553191,874.659574,0.000000,0.000000,21.694148,2.267352,-18.843721,0.413791,0.413791,0.084419,-1.002591,-1.002591,-2.036469,0.258720,0.295194,198.959628,198.959628,475.805149,2,0.000000,true,
130.800000,1.875000,0.000000,291.554288,291.554288,291.554288,291.554288,874.662863,0.000000,0.000000,21.694153,2.246081,-18.875551,0.408242,0.408242,0.083516,-1.016586,-1.016586,-2.038831,0.257171,0.293887,201.704274,201.704274,476.692738,2,0.000000,true,
130.800000,1.850000,0.000000,291.553799,291.553799,291.553799,291.553799,874.661398,0.000000,0.000000,21.694151,2.224662,-18.907479,0.402694,0.402694,0.082611,-1.030473,-1.030473,-2.041199,0.255603,0.292563,204.429505,204.429505,477.584284,2,0.000000,true,
130.800000,1.825000,0.000000,291.551201,291.551201,291.551201,291.551201,874.653604,0.000000,0.000000,21.694139,2.203091,-18.939507,0.397148,0.397148,0.081704,-1.044254,-1.044254,-2.043572,0.254014,0.291223,207.135411,207.135411,478.479616,2,0.000000,true,
130.800000,1.800000,0.000000,291.545979,291.545979,291.545979,291.545979,874.637938,0.000000,0.000000,21.694116,2.181365,-18.971638,0.391604,0.391604,0.080793,-1.057928,-1.057928,-2.045950,0.252405,0.289865,209.822110,209.822110,479.378575,2,0.000000,true,
130.800000,1.775000,0.000000,291.537629,291.537629,291.537629,291.537629,874.612888,0.000000,0.000000,21.694080,2.159481,-19.003874,0.386061,0.386061,0.079878,-1.071497,-1.071497,-2.048333,0.250773,0.288489,212.489746,212.489746,480.281009,2,0.000000,true,
130.800000,1.750000,0.000000,291.525656,291.525656,291.525656,291.525656,874.576968,0.000000,0.000000,21.694028,2.137436,-19.036216,0.380520,0.380520,0.078960,-1.084962,-1.084962,-2.050720,0.249120,0.287095,215.138487,215.138487,481.186776,2,0.000000,true,
130.800000,1.725000,0.000000,291.509570,291.509570,291.509570,291.509570,874.528710,0.000000,0.000000,21.693960,2.115226,-19.068666,0.374981,0.374981,0.078038,-1.098323,-1.098323,-2.053112,0.247444,0.285682,217.768518,217.768518,482.095743,2,0.000000,true,
130.800000,1.700000,0.000000,291.488888,291.488888,291.488888,291.488888,874.466663,0.000000,0.000000,21.693874,2.092848,-19.101226,0.369444,0.369444,0.077112,-1.111582,-1.111582,-2.055509,0.245745,0.284250,220.380040,220.380040,483.007783,2,0.000000,true,
130.800000,1.675000,0.000000,291.463129,291.463129,291.463129,291.463129,874.389387,0.000000,0.000000,21.693768,2.070301,-19.133897,0.363909,0.363909,0.076182,-1.124739,-1.124739,-2.057910,0.244023,0.282798,222.973269,222.973269,483.922779,2,0.000000,true,
130.800000,1.650000,0.000000,291.431815,291.431815,291.431815,291.431815,874.295445,0.000000,0.000000,21.693642,2.047581,-19.166681,0.358376,0.358376,0.075247,-1.137797,-1.137797,-2.060314,0.242276,0.281326,225.548429,225.548429,484.840617,2,0.000000,true,
130.800000,1.625000,0.000000,291.394468,291.394468,291.394468,291.394468,874.183405,0.000000,0.000000,21.693493,2.024686,-19.199579,0.352846,0.352846,0.074308,-1.150756,-1.150756,-2.062723,0.240505,0.279833,228.105756,228.105756,485.761193,2,0.000000,true,
130.800000,1.600000,0.000000,291.350610,291.350610,291.350610,291.350610,874.051829,0.000000,0.000000,21.693321,2.001613,-19.232592,0.347318,0.347318,0.073363,-1.163618,-1.163618,-2.065137,0.238709,0.278319,230.645491,230.645491,486.684407,2,0.000000,true,
130.800000,1.575000,0.000000,291.299757,291.299757,291.299757,291.299757,873.899270,0.000000,0.000000,21.693125,1.978361,-19.265721,0.341793,0.341793,0.072414,-1.176384,-1.176384,-2.067553,0.236887,0.276784,233.167883,233.167883,487.610166,2,0.000000,true,
130.800000,1.550000,0.000000,291.241423,291.241423,291.241423,291.241423,873.724270,0.000000,0.000000,21.692903,1.954926,-19.298968,0.336270,0.336270,0.071460,-1.189055,-1.189055,-2.069974,0.235039,0.275226,235.673182,235.673182,488.538381,2,0.000000,true,
130.800000,1.525000,0.000000,291.175118,291.175118,291.175118,291.175118,873.525353,0.000000,0.000000,21.692655,1.931308,-19.332333,0.330750,0.330750,0.070500,-1.201633,-1.201633,-2.072399,0.233164,0.273646,238.161645,238.161645,489.468968,2,0.000000,true,
130.800000,1.500000,0.000000,291.100339,291.100339,291.100339,291.100339,873.301017,0.000000,0.000000,21.692380,1.907503,-19.365817,0.325232,0.325232,0.069535,-1.214120,-1.214120,-2.074827,0.231262,0.272043,240.633528,240.633528,490.401849,2,0.000000,true,
130.800000,1.475000,0.000000,291.016578,291.016578,291.016578,291.016578,873.049734,0.000000,0.000000,21.692077,1.883510,-19.399421,0.319717,0.319717,0.068565,-1.226515,-1.226515,-2.077259,0.229332,0.270416,243.089090,243.089090,491.336949,2,0.000000,true,
130.800000,1.450000,0.000000,290.923314,290.923314,290.923314,290.923314,872.769941,0.000000,0.000000,21.691745,1.859327,-19.433146,0.314205,0.314205,0.067589,-1.238822,-1.238822,-2.079694,0.227374,0.268766,245.528588,245.528588,492.274198,2,0.000000,true,
130.800000,1.425000,0.000000,290.820013,290.820013,290.820013,290.820013,872.460038,0.000000,0.000000,21.691384,1.834952,-19.466992,0.308696,0.308696,0.066607,-1.251041,-1.251041,-2.082133,0.225387,0.267090,247.952281,247.952281,493.213529,2,0.000000,true,
130.800000,1.400000,0.000000,290.706126,290.706126,290.706126,290.706126,872.118377,0.000000,0.000000,21.690993,1.810384,-19.500959,0.303190,0.303190,0.065620,-1.263174,-1.263174,-2.084576,0.223370,0.265389,250.360426,250.360426,494.154879,2,0.000000,true,
130.800000,1.375000,0.000000,290.581086,290.581086,290.581086,290.581086,871.743259,0.000000,0.000000,21.690571,1.785620,-19.535049,0.297687,0.297687,0.064626,-1.275222,-1.275222,-2.087021,0.221323,0.263663,252.753280,252.753280,495.098189,2,0.000000,true,
130.800000,1.350000,0.000000,290.444309,290.444309,290.444309,290.444309,871.332927,0.000000,0.000000,21.690118,1.760659,-19.569262,0.292186,0.292186,0.063627,-1.287186,-1.287186,-2.089470,0.219245,0.261910,255.131096,255.131096,496.043403,2,0.000000,true,
130.800000,1.325000,0.000000,290.295186,290.295186,290.295186,290.295186,870.885559,0.000000,0.000000,21.689633,1.735499,-19.603598,0.286689,0.286689,0.062622,-1.299069,-1.299069,-2.091923,0.217135,0.260130,257.494125,257.494125,496.990468,2,0.000000,true,
130.800000,1.300000,0.000000,290.133087,290.133087,290.133087,290.133087,870.399260,0.000000,0.000000,21.689115,1.710138,-19.638057,0.281195,0.281195,0.061610,-1.310870,-1.310870,-2.094378,0.214994,0.258323,259.842618,259.842618,497.939332,2,0.000000,true,
130.800000,1.275000,0.000000,289.957352,289.957352,289.957352,289.957352,869.872055,0.000000,0.000000,21.688565,1.684576,-19.672640,0.275704,0.275704,0.060592,-1.322592,-1.322592,-2.096837,0.212820,0.256487,262.176820,262.176820,498.889948,2,0.000000,true,
130.800000,1.250000,0.000000,289.767292,289.767292,289.767292,289.767292,869.301876,0.000000,0.000000,21.687981,1.658810,-19.707346,0.270216,0.270216,0.059568,-1.334235,-1.334235,-2.099299,0.210612,0.254623,264.496974,264.496974,499.842271,3,0.000000,true,
130.800000,1.225000,0.000000,289.562187,289.562187,289.562187,289.562187,868.686561,0.000000,0.000000,21.687364,1.632839,-19.742177,0.264731,0.264731,0.058538,-1.345802,-1.345802,-2.101764,0.208370,0.252728,266.803321,266.803321,500.796258,3,0.000000,true,
130.800000,1.200000,0.000000,289.341278,289.341278,289.341278,289.341278,868.023834,0.000000,0.000000,21.686712,1.606661,-19.777132,0.259249,0.259249,0.057501,-1.357293,-1.357293,-2.104232,0.206093,0.250804,269.096098,269.096098,501.751867,3,0.000000,true,
130.800000,1.175000,0.000000,289.103767,289.103767,289.103767,289.103767,867.311300,0.000000,0.000000,21.686026,1.580275,-19.812210,0.253771,0.253771,0.056458,-1.368709,-1.368709,-2.106704,0.203781,0.248849,271.375537,271.375537,502.709062,3,0.000000,true,
130.800000,1.150000,0.000000,288.848810,288.848810,288.848810,288.848810,866.546431,0.000000,0.000000,21.685306,1.553679,-19.847413,0.248296,0.248296,0.055409,-1.380052,-1.380052,-2.109178,0.201432,0.246861,273.641869,273.641869,503.667804,3,0.000000,true,
130.800000,1.125000,0.000000,288.575517,288.575517,288.575517,288.575517,865.726551,0.000000,0.000000,21.684549,1.526872,-19.882740,0.242824,0.242824,0.054353,-1.391324,-1.391324,-2.111655,0.199046,0.244841,275.895319,275.895319,504.628058,3,0.000000,true,
130.800000,1.100000,0.000000,288.282941,288.282941,288.282941,288.282941,864.848823,0.000000,0.000000,21.683758,1.499852,-19.918191,0.237355,0.237355,0.053290,-1.402524,-1.402524,-2.114135,0.196622,0.242788,278.136110,278.136110,505.589793,3,0.000000,true,
130.800000,1.075000,0.000000,287.970077,287.970077,287.970077,287.970077,863.910231,0.000000,0.000000,21.682930,1.472618,-19.953765,0.231890,0.231890,0.052221,-1.413655,-1.413655,-2.116618,0.194158,0.240700,280.364461,280.364461,506.552976,3,0.000000,true,
130.800000,1.050000,0.000000,287.635853,287.635853,287.635853,287.635853,862.907560,0.000000,0.000000,21.682067,1.445168,-19.989462,0.226427,0.226427,0.051145,-1.424717,-1.424717,-2.119104,0.191655,0.238577,282.580587,282.580587,507.517578,3,0.000000,true,
130.800000,1.025000,0.000000,287.279126,287.279126,287.279126,287.279126,861.837379,0.000000,0.000000,21.681166,1.417501,-20.025283,0.220969,0.220969,0.050063,-1.435712,-1.435712,-2.121593,0.189112,0.236418,284.784699,284.784699,508.483570,3,0.000000,true,
130.800000,1.000000,0.000000,286.898672,286.898672,286.898672,286.898672,860.696015,0.000000,0.000000,21.680229,1.389615,-20.061227,0.215513,0.215513,0.048974,-1.446641,-1.446641,-2.124085,0.186526,0.234221,286.977005,286.977005,509.450925,3,0.000000,true,
130.800000,0.975000,0.000000,286.493176,286.493176,286.493176,286.493176,859.479529,0.000000,0.000000,21.679256,1.361508,-20.097293,0.210061,0.210061,0.047878,-1.457505,-1.457505,-2.126579,0.183897,0.231986,289.157709,289.157709,510.419618,3,0.000000,true,
130.800000,0.950000,0.000000,286.061227,286.061227,286.061227,286.061227,858.183682,0.000000,0.000000,21.678244,1.333178,-20.133480,0.204612,0.204612,0.046776,-1.468304,-1.468304,-2.129077,0.181225,0.229711,291.327011,291.327011,511.389624,3,0.000000,true,
130.800000,0.925000,0.000000,285.601303,285.601303,285.601303,285.601303,856.803908,0.000000,0.000000,21.677196,1.304625,-20.169790,0.199167,0.199167,0.045667,-1.479041,-1.479041,-2.131577,0.178508,0.227395,293.485108,293.485108,512.360920,3,0.000000,true,
130.800000,0.900000,0.000000,285.111757,285.111757,285.111757,285.111757,855.335272,0.000000,0.000000,21.676109,1.275845,-20.206220,0.193725,0.193725,0.044551,-1.489715,-1.489715,-2.134079,0.175744,0.225037,295.632193,295.632193,513.333484,3,0.000000,true,
130.800000,0.875000,0.000000,284.590810,284.590810,284.590810,284.590810,853.772429,0.000000,0.000000,21.674985,1.246838,-20.242770,0.188286,0.188286,0.043428,-1.500329,-1.500329,-2.136585,0.172933,0.222636,297.768455,297.768455,514.307294,3,0.000000,true,
130.800000,0.850000,0.000000,284.036524,284.036524,284.036524,284.036524,852.109573,0.000000,0.000000,21.673822,1.217601,-20.279440,0.182851,0.182851,0.042299,-1.510882,-1.510882,-2.139093,0.170074,0.220189,299.894082,299.894082,515.282332,3,0.000000,true,
130.800000,0.825000,0.000000,283.446795,283.446795,283.446795,283.446795,850.340385,0.000000,0.000000,21.672621,1.188132,-20.316229,0.177419,0.177419,0.041163,-1.521377,-1.521377,-2.141604,0.167164,0.217695,302.009256,302.009256,516.258577,3,0.000000,true,
130.800000,0.800000,0.000000,282.819320,282.819320,282.819320,282.819320,848.457961,0.000000,0.000000,21.671381,1.158429,-20.353137,0.171990,0.171990,0.040020,-1.531813,-1.531813,-2.144117,0.164202,0.215153,304.114157,304.114157,517.236012,3,0.000000,true,
130.800000,0.775000,0.000000,282.151581,282.151581,282.151581,282.151581,846.454743,0.000000,0.000000,21.670102,1.128489,-20.390162,0.166565,0.166565,0.038870,-1.542192,-1.542192,-2.146633,0.161188,0.212560,306.208960,306.208960,518.214619,3,0.000000,true,
130.800000,0.750000,0.000000,281.440810,281.440810,281.440810,281.440810,844.322430,0.000000,0.000000,21.668784,1.098310,-20.427303,0.161143,0.161143,0.037714,-1.552516,-1.552516,-2.149152,0.158119,0.209914,308.293838,308.293838,519.194382,3,0.000000,true,
130.800000,0.725000,0.000000,280.683958,280.683958,280.683958,280.683958,842.051874,0.000000,0.000000,21.667426,1.067889,-20.464560,0.155724,0.155724,0.036551,-1.562783,-1.562783,-2.151673,0.154993,0.207213,310.368963,310.368963,520.175284,3,0.000000,true,
130.800000,0.700000,0.000000,279.877653,279.877653,279.877653,279.877653,839.632960,0.000000,0.000000,21.666029,1.037223,-20.501932,0.150309,0.150309,0.035382,-1.572997,-1.572997,-2.154197,0.151809,0.204455,312.434499,312.434499,521.157312,3,0.000000,true,
130.800000,0.675000,0.000000,279.018156,279.018156,279.018156,279.018156,837.054468,0.000000,0.000000,21.664592,1.006309,-20.539418,0.144897,0.144897,0.034205,-1.583157,-1.583157,-2.156723,0.148564,0.201637,314.490612,314.490612,522.140451,3,0.000000,true,
130.800000,0.650000,0.000000,278.101299,278.101299,278.101299,278.101299,834.303898,0.000000,0.000000,21.663115,0.975143,-20.577017,0.139489,0.139489,0.033022,-1.593264,-1.593264,-2.159251,0.145257,0.198755,316.537462,316.537462,523.124687,3,0.000000,true,
130.800000,0.625000,0.000000,277.122425,277.122425,277.122425,277.122425,831.367274,0.000000,0.000000,21.661597,0.943722,-20.614728,0.134084,0.134084,0.031832,-1.603319,-1.603319,-2.161783,0.141884,0.195807,318.575206,318.575206,524.110007,3,0.000000,true,
130.800000,0.600000,0.000000,276.076299,276.076299,276.076299,276.076299,828.228898,0.000000,0.000000,21.660039,0.912041,-20.652549,0.128682,0.128682,0.030636,-1.613324,-1.613324,-2.164316,0.138444,0.192789,320.604000,320.604000,525.096399,3,0.000000,true,
130.800000,0.575000,0.000000,274.957019,274.957019,274.957019,274.957019,824.871057,0.000000,0.000000,21.658440,0.880096,-20.690480,0.123284,0.123284,0.029433,-1.623278,-1.623278,-2.166852,0.134934,0.189696,322.623996,322.623996,526.083850,3,0.000000,true,
130.800000,0.550000,0.000000,273.757888,273.757888,273.757888,273.757888,821.273664,0.000000,0.000000,21.656799,0.847880,-20.728519,0.117888,0.117888,0.028223,-1.633183,-1.633183,-2.169390,0.131350,0.186524,324.635343,324.635343,527.072351,3,0.000000,true,
130.800000,0.525000,0.000000,272.471271,272.471271,272.471271,272.471271,817.413812,0.000000,0.000000,21.655118,0.815390,-20.766665,0.112497,0.112497,0.027007,-1.643039,-1.643039,-2.171931,0.127689,0.183268,326.638188,326.638188,528.061889,3,0.000000,true,
130.800000,0.500000,0.000000,271.088408,271.088408,271.088408,271.088408,813.265224,0.000000,0.000000,21.653394,0.782617,-20.804916,0.107108,0.107108,0.025784,-1.652848,-1.652848,-2.174474,0.123947,0.179922,328.632676,328.632676,529.052455,3,0.000000,true,
130.800000,0.475000,0.000000,269.599187,269.599187,269.599187,269.599187,808.797561,0.000000,0.000000,21.651629,0.749555,-20.843273,0.101723,0.101723,0.024554,-1.662609,-1.662609,-2.177019,0.120121,0.176478,330.618948,330.618948,530.044039,3,0.000000,true,
130.800000,0.450000,0.000000,267.991847,267.991847,267.991847,267.991847,803.975540,0.000000,0.000000,21.649821,0.716196,-20.881732,0.096341,0.096341,0.023319,-1.672324,-1.672324,-2.179567,0.116204,0.172931,332.597142,332.597142,531.036631,3,0.000000,true,
130.800000,0.425000,0.000000,266.252600,266.252600,266.252600,266.252600,798.757801,0.000000,0.000000,21.647971,0.682530,-20.920293,0.090962,0.090962,0.022076,-1.681994,-1.681994,-2.182117,0.112194,0.169269,334.567396,334.567396,532.030222,3,0.000000,true,
130.800000,0.400000,0.000000,264.365145,264.365145,264.365145,264.365145,793.095436,0.000000,0.000000,21.646078,0.648546,-20.958955,0.085586,0.085586,0.020827,-1.691618,-1.691618,-2.184669,0.108082,0.165483,336.529843,336.529843,533.024804,3,0.000000,true,
130.800000,0.375000,0.000000,262.310009,262.310009,262.310009,262.310009,786.930027,0.000000,0.000000,21.644141,0.614233,-20.997715,0.080214,0.080214,0.019572,-1.701199,-1.701199,-2.187223,0.103863,0.161561,338.484616,338.484616,534.020369,3,0.000000,true,
130.800000,0.350000,0.000000,260.063677,260.063677,260.063677,260.063677,780.191030,0.000000,0.000000,21.642162,0.579576,-21.036572,0.074845,0.074845,0.018310,-1.710735,-1.710735,-2.189780,0.099528,0.157488,340.431844,340.431844,535.016909,3,0.000000,true,
130.800000,0.325000,0.000000,257.597388,257.597388,257.597388,257.597388,772.792165,0.000000,0.000000,21.640138,0.544558,-21.075525,0.069479,0.069479,0.017042,-1.720230,-1.720230,-2.192338,0.095069,0.153246,342.371654,342.371654,536.014416,3,0.000000,true,
130.800000,0.300000,0.000000,254.875456,254.875456,254.875456,254.875456,764.626369,0.000000,0.000000,21.638070,0.509161,-21.114572,0.064116,0.064116,0.015768,-1.729681,-1.729681,-2.194899,0.090475,0.148814,344.304169,344.304169,537.012883,3,0.000000,true,
130.800000,0.275000,0.000000,251.852852,251.852852,251.852852,251.852852,755.558556,0.000000,0.000000,21.635958,0.473362,-21.153712,0.058756,0.058756,0.014487,-1.739092,-1.739092,-2.197461,0.085733,0.144167,346.229514,346.229514,538.012302,3,0.000000,true,
130.800000,0.250000,0.000000,248.471632,248.471632,248.471632,248.471632,745.414897,0.000000,0.000000,21.633801,0.437131,-21.192942,0.053400,0.053400,0.013201,-1.748462,-1.748462,-2.200026,0.080828,0.139269,348.147807,348.147807,539.012667,3,0.000000,true,
130.800000,0.225000,0.000000,244.655483,244.655483,244.655483,244.655483,733.966450,0.000000,0.000000,21.631599,0.400437,-21.232262,0.048046,0.048046,0.011908,-1.757791,-1.757791,-2.202593,0.075741,0.134080,350.059165,350.059165,540.013971,3,0.000000,true,
130.800000,0.200000,0.000000,240.301035,240.301035,240.301035,240.301035,720.903105,0.000000,0.000000,21.629351,0.363238,-21.271669,0.042696,0.042696,0.010608,-1.767081,-1.767081,-2.205161,0.070448,0.128542,351.963704,351.963704,541.016207,3,0.000000,true,
130.800000,0.175000,0.000000,235.263345,235.263345,235.263345,235.263345,705.790035,0.000000,0.000000,21.627057,0.325479,-21.311161,0.037348,0.037348,0.009303,-1.776331,-1.776331,-2.207732,0.064920,0.122581,353.861534,353.861534,542.019367,3,0.000000,true,
130.800000,0.150000,0.000000,229.330122,229.330122,229.330122,229.330122,687.990366,0.000000,0.000000,21.624717,0.287093,-21.350738,0.032004,0.032004,0.007992,-1.785544,-1.785544,-2.210304,0.059117,0.116090,355.752762,355.752762,543.023443,3,0.000000,true,
130.800000,0.125000,0.000000,222.172237,222.172237,222.172237,222.172237,666.516711,0.000000,0.000000,21.622331,0.247986,-21.390396,0.026663,0.026663,0.006675,-1.794718,-1.794718,-2.212878,0.052986,0.108909,357.637488,357.637488,544.028424,3,0.000000,true,
130.800000,0.100000,0.000000,213.238328,213.238328,213.238328,213.238328,639.714983,0.000000,0.000000,21.619897,0.208025,-21.430135,0.021324,0.021324,0.005351,-1.803855,-1.803855,-2.215454,0.046449,0.100789,359.515800,359.515800,545.034294,3,0.000000,true,
130.800000,0.075000,0.000000,201.494932,201.494932,201.494932,201.494932,604.484796,0.000000,0.000000,21.617415,0.167012,-21.469950,0.015989,0.015989,0.004022,-1.812955,-1.812955,-2.218032,0.039392,0.091291,361.387758,361.387758,546.041023,4,0.000000,true,
130.800000,0.050000,0.000000,184.622810,184.622810,184.622810,184.622810,553.868431,0.000000,0.000000,21.614886,0.124604,-21.509837,0.010656,0.010656,0.002687,-1.822018,-1.822018,-2.220611,0.031624,0.079516,363.253321,363.253321,547.048526,4,0.000000,true,
130.800000,0.025000,0.000000,155.232080,155.232080,155.232080,155.232080,465.696240,0.000000,0.000000,21.612310,0.080095,-21.549779,0.005327,0.005327,0.001347,-1.831041,-1.831041,-2.223191,0.022831,0.062980,365.111872,365.111872,548.056407,4,0.000000,true,
130.800000,0.000000,0.000000,0.000000,0.000000,0.000000,0.000000,0.000000,0.000000,0.000000,21.609828,0.033459,-21.587649,0.000000,0.000000,0.000000,-1.839548,-1.839548,-2.225634,0.020567,0.020567,366.865406,366.865406,549.011132,7,0.000000,true,
130.900000,4.000000,0.000000,329.477264,329.477264,329.477264,329.477264,988.431791,0.000000,0.000000,22.002673,4.076563,-16.092592,0.857213,0.857213,0.205574,-0.153217,-0.153217,-1.857106,0.362452,0.387580,34.558720,34.558720,429.845230,4,0.000000,true,
130.900000,3.975000,0.000000,328.746497,328.746497,328.746497,328.746497,986.239490,0.000000,0.000000,21.995585,4.053513,-16.127897,0.852307,0.852307,0.203385,-0.155753,-0.155753,-1.859427,0.361397,0.386603,35.046369,35.046369,430.220552,3,0.000000,true,
130.900000,3.950000,0.000000,328.013554,328.013554,328.013554,328.013554,984.040663,0.000000,0.000000,21.988520,4.030455,-16.163162,0.847394,0.847394,0.201212,-0.158366,-0.158366,-1.861734,0.360336,0.385621,35.548685,35.548685,430.594358,3,0.000000,true,
130.900000,3.925000,0.000000,327.278508,327.278508,327.278508,327.278508,981.835523,0.000000,0.000000,21.981480,4.007391,-16.198388,0.842472,0.842472,0.199055,-0.161058,-0.161058,-1.864027,0.359270,0.384635,36.066300,36.066300,430.966708,3,0.000000,true,
130.900000,3.900000,0.000000,326.541433,326.541433,326.541433,326.541433,979.624300,0.000000,0.000000,21.974465,3.984320,-16.233572,0.837543,0.837543,0.196914,-0.163833,-0.163833,-1.866307,0.358198,0.383643,36.599880,36.599880,431.337664,3,0.000000,true,
130.900000,3.875000,0.000000,325.802417,325.802417,325.802417,325.802417,977.407250,0.000000,0.000000,21.967477,3.961243,-16.268716,0.832606,0.832606,0.194788,-0.166695,-0.166695,-1.868572,0.357121,0.382646,37.150127,37.150127,431.707294,3,0.000000,true,
130.900000,3.850000,0.000000,325.061550,325.061550,325.061550,325.061550,975.184650,0.000000,0.000000,21.960516,3.938162,-16.303818,0.827661,0.827661,0.192679,-0.169648,-0.169648,-1.870824,0.356038,0.381645,37.717779,37.717779,432.075669,3,0.000000,true,
130.900000,3.825000,0.000000,324.318935,324.318935,324.318935,324.318935,972.956805,0.000000,0.000000,21.953584,3.915078,-16.338876,0.822708,0.822708,0.190585,-0.172695,-0.172695,-1.873063,0.354949,0.380638,38.303616,38.303616,432.442866,3,0.000000,true,
130.900000,3.800000,0.000000,323.574683,323.574683,323.574683,323.574683,970.724049,0.000000,0.000000,21.946682,3.891991,-16.373891,0.817747,0.817747,0.188507,-0.175841,-0.175841,-1.875288,0.353855,0.379627,38.908458,38.908458,432.808966,3,0.000000,true,
130.900000,3.775000,0.000000,322.828915,322.828915,322.828915,322.828915,968.486745,0.000000,0.000000,21.939811,3.868903,-16.408862,0.812778,0.812778,0.186445,-0.179091,-0.179091,-1.877499,0.352756,0.378610,39.533171,39.533171,433.174057,3,0.000000,true,
130.900000,3.750000,0.000000,322.081764,322.081764,322.081764,322.081764,966.245292,0.000000,0.000000,21.932972,3.845816,-16.443787,0.807801,0.807801,0.184398,-0.182449,-0.182449,-1.879698,0.351651,0.377589,40.178668,40.178668,433.538232,3,0.000000,true,
130.900000,3.725000,0.000000,321.333376,321.333376,321.333376,321.333376,964.000127,0.000000,0.000000,21.926169,3.822729,-16.478665,0.802816,0.802816,0.182368,-0.185920,-0.185920,-1.881884,0.350540,0.376563,40.845911,40.845911,433.901590,3,0.000000,true,
130.900000,3.700000,0.000000,320.583908,320.583908,320.583908,320.583908,961.751724,0.000000,0.000000,21.919400,3.799646,-16.513497,0.797823,0.797823,0.180354,-0.189510,-0.189510,-1.884057,0.349424,0.375532,41.535912,41.535912,434.264239,3,0.000000,true,
130.900000,3.675000,0.000000,319.833534,319.833534,319.833534,319.833534,959.500603,0.000000,0.000000,21.912670,3.776567,-16.548279,0.792822,0.792822,0.178357,-0.193223,-0.193223,-1.886218,0.348302,0.374496,42.249741,42.249741,434.626294,3,0.000000,true,
130.900000,3.650000,0.000000,319.082444,319.082444,319.082444,319.082444,957.247331,0.000000,0.000000,21.905978,3.753494,-16.583012,0.787812,0.787812,0.176375,-0.197067,-0.197067,-1.888366,0.347175,0.373455,42.988523,42.988523,434.987878,3,0.000000,true,
130.900000,3.625000,0.000000,318.330842,318.330842,318.330842,318.330842,954.992525,0.000000,0.000000,21.899328,3.730428,-16.617695,0.782795,0.782795,0.174410,-0.201046,-0.201046,-1.890502,0.346042,0.372410,43.753442,43.753442,435.349123,3,0.000000,true,
130.900000,3.600000,0.000000,317.578954,317.578954,317.578954,317.578954,952.736861,0.000000,0.000000,21.892720,3.707372,-16.652325,0.777769,0.777769,0.172461,-0.205168,-0.205168,-1.892626,0.344904,0.371360,44.545746,44.545746,435.710172,3,0.000000,true,
130.900000,3.575000,0.000000,316.827024,316.827024,316.827024,316.827024,950.481073,0.000000,0.000000,21.886159,3.684328,-16.686901,0.772735,0.772735,0.170529,-0.209439,-0.209439,-1.894738,0.343761,0.370306,45.366748,45.366748,436.071179,3,0.000000,true,
130.900000,3.550000,0.000000,316.075321,316.075321,316.075321,316.075321,948.225962,0.000000,0.000000,21.879645,3.661298,-16.721423,0.767693,0.767693,0.168614,-0.213867,-0.213867,-1.896839,0.342612,0.369247,46.217825,46.217825,436.432308,3,0.000000,true,
130.900000,3.525000,0.000000,315.324133,315.324133,315.324133,315.324133,945.972399,0.000000,0.000000,21.873181,3.638284,-16.755889,0.762642,0.762642,0.166716,-0.218458,-0.218458,-1.898929,0.341458,0.368183,47.100425,47.100425,436.793738,3,0.000000,true,
130.900000,3.500000,0.000000,314.573778,314.573778,314.573778,314.573778,943.721335,0.000000,0.000000,21.866769,3.615288,-16.790296,0.757583,0.757583,0.164835,-0.223222,-0.223222,-1.901008,0.340299,0.367116,48.016066,48.016066,437.155659,3,0.000000,true,
130.900000,3.475000,0.000000,313.824600,313.824600,313.824600,313.824600,941.473800,0.000000,0.000000,21.860414,3.592314,-16.824644,0.752515,0.752515,0.162971,-0.228165,-0.228165,-1.903076,0.339135,0.366044,48.966336,48.966336,437.518279,3,0.000000,true,
130.900000,3.450000,0.000000,313.076972,313.076972,313.076972,313.076972,939.230915,0.000000,0.000000,21.854117,3.569363,-16.858930,0.747438,0.747438,0.161124,-0.233298,-0.233298,-1.905134,0.337966,0.364968,49.952899,49.952899,437.881819,3,0.000000,true,
130.900000,3.425000,0.000000,312.331299,312.331299,312.331299,312.331299,936.993897,0.000000,0.000000,21.847882,3.546440,-16.893153,0.742352,0.742352,0.159295,-0.238628,-0.238628,-1.907182,0.336793,0.363888,50.977487,50.977487,438.246519,3,0.000000,true,
130.900000,3.400000,0.000000,311.588022,311.588022,311.588022,311.588022,934.764065,0.000000,0.000000,21.841712,3.523548,-16.927310,0.737258,0.737258,0.157485,-0.244165,-0.244165,-1.909220,0.335614,0.362805,52.041904,52.041904,438.612637,3,0.000000,true,
130.900000,3.375000,0.000000,310.847615,310.847615,310.847615,310.847615,932.542846,0.000000,0.000000,21.835611,3.500689,-16.961400,0.732154,0.732154,0.155692,-0.249919,-0.249919,-1.911250,0.334431,0.361717,53.148023,53.148023,438.980451,3,0.000000,true,
130.900000,3.350000,0.000000,310.110595,310.110595,310.110595,310.110595,930.331785,0.000000,0.000000,21.829582,3.477868,-16.995420,0.727041,0.727041,0.153918,-0.255899,-0.255899,-1.913270,0.333244,0.360627,54.297781,54.297781,439.350258,3,0.000000,true,
130.900000,3.325000,0.000000,309.377516,309.377516,309.377516,309.377516,928.132547,0.000000,0.000000,21.823631,3.455088,-17.029368,0.721918,0.721918,0.152163,-0.262117,-0.262117,-1.915282,0.332052,0.359533,55.493177,55.493177,439.722379,3,0.000000,true,
130.900000,3.300000,0.000000,308.648976,308.648976,308.648976,308.648976,925.946927,0.000000,0.000000,21.817760,3.432354,-17.063241,0.716786,0.716786,0.150427,-0.268583,-0.268583,-1.917287,0.330856,0.358436,56.736259,56.736259,440.097159,3,0.000000,true,
130.900000,3.275000,0.000000,307.925617,307.925617,307.925617,307.925617,923.776851,0.000000,0.000000,21.811976,3.409669,-17.097036,0.711645,0.711645,0.148711,-0.275307,-0.275307,-1.919284,0.329657,0.357336,58.029121,58.029121,440.474965,3,0.000000,true,
130.900000,3.250000,0.000000,307.208129,307.208129,307.208129,307.208129,921.624386,0.000000,0.000000,21.806282,3.387040,-17.130752,0.706493,0.706493,0.147014,-0.282301,-0.282301,-1.921274,0.328453,0.356234,59.373885,59.373885,440.856191,3,0.000000,true,
130.900000,3.225000,0.000000,306.497246,306.497246,306.497246,306.497246,919.491737,0.000000,0.000000,21.800683,3.364470,-17.164385,0.701331,0.701331,0.145338,-0.289575,-0.289575,-1.923258,0.327247,0.355130,60.772692,60.772692,441.241256,3,0.000000,true,
130.900000,3.200000,0.000000,305.793751,305.793751,305.793751,305.793751,917.381253,0.000000,0.000000,21.795186,3.341965,-17.197931,0.696159,0.696159,0.143682,-0.297141,-0.297141,-1.925237,0.326037,0.354023,62.227679,62.227679,441.630606,3,0.000000,true,
130.900000,3.175000,0.000000,305.098474,305.098474,305.098474,305.098474,915.295423,0.000000,0.000000,21.789795,3.319529,-17.231389,0.690976,0.690976,0.142047,-0.305010,-0.305010,-1.927211,0.324824,0.352915,63.740961,63.740961,442.024713,3,0.000000,true,
130.900000,3.150000,0.000000,304.412291,304.412291,304.412291,304.412291,913.236873,0.000000,0.000000,21.784516,3.297169,-17.264755,0.685783,0.685783,0.140434,-0.313191,-0.313191,-1.929181,0.323609,0.351806,65.314604,65.314604,442.424076,3,0.000000,true,
130.900000,3.125000,0.000000,303.736120,303.736120,303.736120,303.736120,911.208360,0.000000,0.000000,21.779356,3.274889,-17.298026,0.680578,0.680578,0.138843,-0.321696,-0.321696,-1.931147,0.322391,0.350696,66.950596,66.950596,442.829217,3,0.000000,true,
130.900000,3.100000,0.000000,303.070920,303.070920,303.070920,303.070920,909.212761,0.000000,0.000000,21.774319,3.252697,-17.331199,0.675363,0.675363,0.137274,-0.330535,-0.330535,-1.933111,0.321172,0.349585,68.650815,68.650815,443.240684,3,0.000000,true,
130.900000,3.075000,0.000000,302.417686,302.417686,302.417686,302.417686,907.253057,0.000000,0.000000,21.769413,3.230596,-17.364270,0.670136,0.670136,0.135728,-0.339715,-0.339715,-1.935073,0.319951,0.348474,70.416993,70.416993,443.659044,3,0.000000,true,
130.900000,3.050000,0.000000,301.777438,301.777438,301.777438,301.777438,905.332313,0.000000,0.000000,21.764643,3.208593,-17.397237,0.664897,0.664897,0.134206,-0.349244,-0.349244,-1.937035,0.318728,0.347363,72.250678,72.250678,444.084883,3,0.000000,true,
130.900000,3.025000,0.000000,301.151218,301.151218,301.151218,301.151218,903.453654,0.000000,0.000000,21.760016,3.186694,-17.430097,0.659647,0.659647,0.132707,-0.359131,-0.359131,-1.938997,0.317504,0.346253,74.153191,74.153191,444.518800,3,0.000000,true,
130.900000,3.000000,0.000000,300.540078,300.540078,300.540078,300.540078,901.620233,0.000000,0.000000,21.755538,3.164904,-17.462848,0.654384,0.654384,0.131232,-0.369379,-0.369379,-1.940959,0.316280,0.345143,76.125584,76.125584,444.961405,3,0.000000,true,
130.900000,2.975000,0.000000,299.945066,299.945066,299.945066,299.945066,899.835198,0.000000,0.000000,21.751214,3.143227,-17.495485,0.649109,0.649109,0.129782,-0.379992,-0.379992,-1.942924,0.315055,0.344035,78.168596,78.168596,445.413307,3,0.000000,true,
130.900000,2.950000,0.000000,299.367216,299.367216,299.367216,299.367216,898.101647,0.000000,0.000000,21.747050,3.121670,-17.528009,0.643822,0.643822,0.128357,-0.390972,-0.390972,-1.944892,0.313829,0.342928,80.282615,80.282615,445.875114,3,0.000000,true,
130.900000,2.925000,0.000000,298.807530,298.807530,298.807530,298.807530,896.422589,0.000000,0.000000,21.743050,3.100234,-17.560417,0.638522,0.638522,0.126956,-0.402319,-0.402319,-1.946864,0.312604,0.341823,82.467638,82.467638,446.347421,3,0.000000,true,
130.900000,2.900000,0.000000,298.266964,298.266964,298.266964,298.266964,894.800891,0.000000,0.000000,21.739220,3.078925,-17.592707,0.633209,0.633209,0.125581,-0.414031,-0.414031,-1.948841,0.311379,0.340721,84.723240,84.723240,446.830802,3,0.000000,true,
130.900000,2.875000,0.000000,297.746410,297.746410,297.746410,297.746410,893.239231,0.000000,0.000000,21.735564,3.057744,-17.624880,0.627884,0.627884,0.124231,-0.426102,-0.426102,-1.950824,0.310155,0.339621,87.048550,87.048550,447.325804,3,0.000000,true,
130.900000,2.850000,0.000000,297.246682,297.246682,297.246682,297.246682,891.740047,0.000000,0.000000,21.732084,3.036694,-17.656936,0.622546,0.622546,0.122907,-0.438525,-0.438525,-1.952814,0.308931,0.338524,89.442231,89.442231,447.832936,3,0.000000,true,
130.900000,2.825000,0.000000,296.768497,296.768497,296.768497,296.768497,890.305490,0.000000,0.000000,21.728784,3.015776,-17.688874,0.617196,0.617196,0.121608,-0.451291,-0.451291,-1.954812,0.307708,0.337429,91.902480,91.902480,448.352659,3,0.000000,true,
130.900000,2.800000,0.000000,296.312460,296.312460,296.312460,296.312460,888.937380,0.000000,0.000000,21.725664,2.994988,-17.720697,0.611833,0.611833,0.120335,-0.464388,-0.464388,-1.956818,0.306485,0.336338,94.427035,94.427035,448.885381,3,0.000000,true,
130.900000,2.775000,0.000000,295.879056,295.879056,295.879056,295.879056,887.637169,0.000000,0.000000,21.722725,2.974330,-17.752407,0.606457,0.606457,0.119086,-0.477800,-0.477800,-1.958834,0.305264,0.335249,97.013190,97.013190,449.431451,3,0.000000,true,
130.900000,2.750000,0.000000,295.468636,295.468636,295.468636,295.468636,886.405907,0.000000,0.000000,21.719967,2.953800,-17.784007,0.601069,0.601069,0.117862,-0.491513,-0.491513,-1.960860,0.304042,0.334163,99.657831,99.657831,449.991148,3,0.000000,true,
130.900000,2.725000,0.000000,295.081410,295.081410,295.081410,295.081410,885.244229,0.000000,0.000000,21.717388,2.933393,-17.815500,0.595669,0.595669,0.116661,-0.505506,-0.505506,-1.962897,0.302821,0.333081,102.357477,102.357477,450.564681,3,0.000000,true,
130.900000,2.700000,0.000000,294.717445,294.717445,294.717445,294.717445,884.152335,0.000000,0.000000,21.714986,2.913106,-17.846892,0.590258,0.590258,0.115485,-0.519761,-0.519761,-1.964945,0.301601,0.332000,105.108332,105.108332,451.152186,3,0.000000,true,
130.900000,2.675000,0.000000,294.376666,294.376666,294.376666,294.376666,883.129998,0.000000,0.000000,21.712758,2.892931,-17.878188,0.584835,0.584835,0.114331,-0.534255,-0.534255,-1.967005,0.300380,0.330923,107.906346,107.906346,451.753724,3,0.000000,true,
130.900000,2.650000,0.000000,294.058856,294.058856,294.058856,294.058856,882.176567,0.000000,0.000000,21.710700,2.872862,-17.909393,0.579401,0.579401,0.113199,-0.548967,-0.548967,-1.969077,0.299158,0.329847,110.747278,110.747278,452.369285,3,0.000000,true,
130.900000,2.625000,0.000000,293.763664,293.763664,293.763664,293.763664,881.290993,0.000000,0.000000,21.708806,2.852891,-17.940514,0.573956,0.573956,0.112088,-0.563873,-0.563873,-1.971162,0.297935,0.328772,113.626764,113.626764,452.998786,3,0.000000,true,
130.900000,2.600000,0.000000,293.490618,293.490618,293.490618,293.490618,880.471853,0.000000,0.000000,21.707071,2.833010,-17.971559,0.568501,0.568501,0.110997,-0.578951,-0.578951,-1.973259,0.296711,0.327699,116.540384,116.540384,453.642081,3,0.000000,true,
130.900000,2.575000,0.000000,293.239129,293.239129,293.239129,293.239129,879.717388,0.000000,0.000000,21.705488,2.813209,-18.002534,0.563037,0.563037,0.109925,-0.594177,-0.594177,-1.975369,0.295485,0.326627,119.483721,119.483721,454.298962,3,0.000000,true,
130.900000,2.550000,0.000000,293.008513,293.008513,293.008513,293.008513,879.025538,0.000000,0.000000,21.704050,2.793479,-18.033448,0.557564,0.557564,0.108872,-0.609528,-0.609528,-1.977491,0.294256,0.325555,122.452426,122.452426,454.969169,3,0.000000,true,
130.900000,2.525000,0.000000,292.797996,292.797996,292.797996,292.797996,878.393988,0.000000,0.000000,21.702751,2.773808,-18.064309,0.552082,0.552082,0.107836,-0.624982,-0.624982,-1.979626,0.293024,0.324482,125.442260,125.442260,455.652394,3,0.000000,true,
130.900000,2.500000,0.000000,292.606736,292.606736,292.606736,292.606736,877.820209,0.000000,0.000000,21.701582,2.754186,-18.095125,0.546592,0.546592,0.106815,-0.640518,-0.640518,-1.981774,0.291788,0.323408,128.449146,128.449146,456.348291,3,0.000000,true,
130.900000,2.475000,0.000000,292.433834,292.433834,292.433834,292.433834,877.301503,0.000000,0.000000,21.700535,2.734603,-18.125905,0.541095,0.541095,0.105810,-0.656116,-0.656116,-1.983934,0.290547,0.322332,131.469201,131.469201,457.056480,3,0.000000,true,
130.900000,2.450000,0.000000,292.278348,292.278348,292.278348,292.278348,876.835044,0.000000,0.000000,21.699604,2.715047,-18.156657,0.535591,0.535591,0.104818,-0.671755,-0.671755,-1.986107,0.289300,0.321254,134.498761,134.498761,457.776559,3,0.000000,true,
130.900000,2.425000,0.000000,292.139306,292.139306,292.139306,292.139306,876.417917,0.000000,0.000000,21.698779,2.695508,-18.187388,0.530081,0.530081,0.103839,-0.687419,-0.687419,-1.988291,0.288048,0.320172,137.534402,137.534402,458.508108,3,0.000000,true,
130.900000,2.400000,0.000000,292.015716,292.015716,292.015716,292.015716,876.047148,0.000000,0.000000,21.698054,2.675975,-18.218108,0.524564,0.524564,0.102871,-0.703091,-0.703091,-1.990486,0.286789,0.319087,140.572955,140.572955,459.250693,3,0.000000,true,
130.900000,2.375000,0.000000,291.906582,291.906582,291.906582,291.906582,875.719745,0.000000,0.000000,21.697420,2.656436,-18.248824,0.519043,0.519043,0.101914,-0.718756,-0.718756,-1.992693,0.285522,0.317997,143.611503,143.611503,460.003876,3,0.000000,true,
130.900000,2.350000,0.000000,291.810905,291.810905,291.810905,291.810905,875.432716,0.000000,0.000000,21.696870,2.636883,-18.279544,0.513517,0.513517,0.100967,-0.734399,-0.734399,-1.994911,0.284248,0.316902,146.647389,146.647389,460.767218,3,0.000000,true,
130.900000,2.325000,0.000000,291.727698,291.727698,291.727698,291.727698,875.183093,0.000000,0.000000,21.696397,2.617304,-18.310275,0.507986,0.507986,0.100028,-0.750008,-0.750008,-1.997140,0.282964,0.315801,149.678209,149.678209,461.540282,3,0.000000,true,
130.900000,2.300000,0.000000,291.655986,291.655986,291.655986,291.655986,874.967957,0.000000,0.000000,21.695994,2.597690,-18.341025,0.502452,0.502452,0.099097,-0.765573,-0.765573,-1.999378,0.281671,0.314694,152.701801,152.701801,462.322638,3,0.000000,true,
130.900000,2.275000,0.000000,291.594814,291.594814,291.594814,291.594814,874.784443,0.000000,0.000000,21.695653,2.578032,-18.371800,0.496914,0.496914,0.098172,-0.781082,-0.781082,-2.001627,0.280367,0.313579,155.716236,155.716236,463.113864,3,0.000000,true,
130.900000,2.250000,0.000000,291.543253,291.543253,291.543253,291.543253,874.629760,0.000000,0.000000,21.695369,2.558321,-18.402607,0.491373,0.491373,0.097253,-0.796528,-0.796528,-2.003885,0.279052,0.312456,158.719807,158.719807,463.913551,3,0.000000,true,
130.900000,2.225000,0.000000,291.500398,291.500398,291.500398,291.500398,874.501195,0.000000,0.000000,21.695136,2.538548,-18.433452,0.485830,0.485830,0.096340,-0.811902,-0.811902,-2.006152,0.277726,0.311325,161.711011,161.711011,464.721303,2,0.000000,true,
130.900000,2.200000,0.000000,291.465373,291.465373,291.465373,291.465373,874.396120,0.000000,0.000000,21.694947,2.518705,-18.464341,0.480285,0.480285,0.095431,-0.827197,-0.827197,-2.008428,0.276388,0.310185,164.688538,164.688538,465.536739,2,0.000000,true,
130.900000,2.175000,0.000000,291.437331,291.437331,291.437331,291.437331,874.311993,0.000000,0.000000,21.694798,2.498784,-18.495279,0.474737,0.474737,0.094525,-0.842408,-0.842408,-2.010712,0.275036,0.309035,167.651252,167.651252,466.359493,2,0.000000,true,
130.900000,2.150000,0.000000,291.415455,291.415455,291.415455,291.415455,874.246364,0.000000,0.000000,21.694683,2.478778,-18.526273,0.469189,0.469189,0.093623,-0.857530,-0.857530,-2.013005,0.273672,0.307874,170.598182,170.598182,467.189214,2,0.000000,true,
130.900000,2.125000,0.000000,291.398957,291.398957,291.398957,291.398957,874.196871,0.000000,0.000000,21.694597,2.458680,-18.557326,0.463639,0.463639,0.092722,-0.872558,-0.872558,-2.015305,0.272293,0.306703,173.528500,173.528500,468.025568,2,0.000000,true,
130.900000,2.100000,0.000000,291.387080,291.387080,291.387080,291.387080,874.161240,0.000000,0.000000,21.694536,2.438484,-18.588445,0.458088,0.458088,0.091824,-0.887489,-0.887489,-2.017613,0.270899,0.305520,176.441512,176.441512,468.868238,2,0.000000,true,
130.900000,2.075000,0.000000,291.379094,291.379094,291.379094,291.379094,874.137283,0.000000,0.000000,21.694496,2.418182,-18.619632,0.452537,0.452537,0.090926,-0.902321,-0.902321,-2.019929,0.269490,0.304325,179.336645,179.336645,469.716923,2,0.000000,true,
130.900000,2.050000,0.000000,291.374298,291.374298,291.374298,291.374298,874.122894,0.000000,0.000000,21.694472,2.397770,-18.650892,0.446985,0.446985,0.090029,-0.917049,-0.917049,-2.022251,0.268066,0.303117,182.213434,182.213434,470.571336,2,0.000000,true,
130.900000,2.025000,0.000000,291.372015,291.372015,291.372015,291.372015,874.116045,0.000000,0.000000,21.694460,2.377241,-18.682229,0.441434,0.441434,0.089132,-0.931674,-0.931674,-2.024580,0.266624,0.301897,185.071508,185.071508,471.431206,2,0.000000,true,
130.900000,2.000000,0.000000,291.371595,291.371595,291.371595,291.371595,874.114784,0.000000,0.000000,21.694458,2.356590,-18.713648,0.435882,0.435882,0.088235,-0.946193,-0.946193,-2.026915,0.265166,0.300663,187.910583,187.910583,472.296279,2,0.000000,true,
130.900000,1.975000,0.000000,291.372408,291.372408,291.372408,291.372408,874.117225,0.000000,0.000000,21.694462,2.335812,-18.745150,0.430331,0.430331,0.087337,-0.960605,-0.960605,-2.029257,0.263691,0.299414,190.730450,190.730450,473.166312,2,0.000000,true,
130.900000,1.950000,0.000000,291.373850,291.373850,291.373850,291.373850,874.121551,0.000000,0.000000,21.694469,2.314902,-18.776740,0.424781,0.424781,0.086438,-0.974910,-0.974910,-2.031605,0.262198,0.298151,193.530970,193.530970,474.041078,2,0.000000,true,
130.900000,1.925000,0.000000,291.375334,291.375334,291.375334,291.375334,874.126001,0.000000,0.000000,21.694476,2.293857,-18.808420,0.419231,0.419231,0.085537,-0.989107,-0.989107,-2.033958,0.260686,0.296873,196.312059,196.312059,474.920361,2,0.000000,true,
130.900000,1.900000,0.000000,291.376290,291.376290,291.376290,291.376290,874.128871,0.000000,0.000000,21.694480,2.272671,-18.840194,0.413683,0.413683,0.084635,-1.003197,-1.003197,-2.036317,0.259155,0.295580,199.073689,199.073689,475.803959,2,0.000000,true,
130.900000,1.875000,0.000000,291.376168,291.376168,291.376168,291.376168,874.128504,0.000000,0.000000,21.694480,2.251340,-18.872063,0.408135,0.408135,0.083730,-1.017179,-1.017179,-2.038682,0.257604,0.294270,201.815874,201.815874,476.691681,2,0.000000,true,
130.900000,1.850000,0.000000,291.374430,291.374430,291.374430,291.374430,874.123290,0.000000,0.000000,21.694472,2.229861,-18.904031,0.402589,0.402589,0.082822,-1.031053,-1.031053,-2.041052,0.256033,0.292944,204.538672,204.538672,477.583347,2,0.000000,true,
130.900000,1.825000,0.000000,291.370552,291.370552,291.370552,291.370552,874.111657,0.000000,0.000000,21.694455,2.208230,-18.936099,0.397044,0.397044,0.081912,-1.044821,-1.044821,-2.043427,0.254442,0.291601,207.242170,207.242170,478.478788,2,0.000000,true,
130.900000,1.800000,0.000000,291.364023,291.364023,291.364023,291.364023,874.092068,0.000000,0.000000,21.694426,2.186444,-18.968271,0.391501,0.391501,0.080998,-1.058483,-1.058483,-2.045806,0.252830,0.290241,209.926490,209.926490,479.377845,2,0.000000,true,
130.900000,1.775000,0.000000,291.354339,291.354339,291.354339,291.354339,874.063016,0.000000,0.000000,21.694384,2.164499,-19.000547,0.385960,0.385960,0.080081,-1.072040,-1.072040,-2.048191,0.251196,0.288862,212.591776,212.591776,480.280367,2,0.000000,true,
130.900000,1.750000,0.000000,291.341005,291.341005,291.341005,291.341005,874.023016,0.000000,0.000000,21.694327,2.142392,-19.032929,0.380420,0.380420,0.079160,-1.085492,-1.085492,-2.050580,0.249540,0.287466,215.238195,215.238195,481.186214,2,0.000000,true,
130.900000,1.725000,0.000000,291.323535,291.323535,291.323535,291.323535,873.970606,0.000000,0.000000,21.694253,2.120120,-19.065420,0.374882,0.374882,0.078235,-1.098841,-1.098841,-2.052974,0.247862,0.286050,217.865935,217.865935,482.095251,2,0.000000,true,
130.900000,1.700000,0.000000,291.301446,291.301446,291.301446,291.301446,873.904338,0.000000,0.000000,21.694161,2.097681,-19.098021,0.369347,0.369347,0.077307,-1.112088,-1.112088,-2.055373,0.246160,0.284615,220.475196,220.475196,483.007353,2,0.000000,true,
130.900000,1.675000,0.000000,291.274258,291.274258,291.274258,291.274258,873.822773,0.000000,0.000000,21.694049,2.075071,-19.130734,0.363813,0.363813,0.076374,-1.125234,-1.125234,-2.057775,0.244435,0.283160,223.066193,223.066193,483.922403,2,0.000000,true,
130.900000,1.650000,0.000000,291.241493,291.241493,291.241493,291.241493,873.724480,0.000000,0.000000,21.693917,2.052288,-19.163559,0.358282,0.358282,0.075436,-1.138281,-1.138281,-2.060182,0.242686,0.281686,225.639152,225.639152,484.840288,2,0.000000,true,
130.900000,1.625000,0.000000,291.202676,291.202676,291.202676,291.202676,873.608027,0.000000,0.000000,21.693762,2.029330,-19.196499,0.352753,0.352753,0.074494,-1.151228,-1.151228,-2.062593,0.240912,0.280190,228.194308,228.194308,485.760904,2,0.000000,true,
130.900000,1.600000,0.000000,291.157327,291.157327,291.157327,291.157327,873.471980,0.000000,0.000000,21.693584,2.006194,-19.229554,0.347227,0.347227,0.073547,-1.164079,-1.164079,-2.065008,0.239113,0.278674,230.731902,230.731902,486.684152,2,0.000000,true,
130.900000,1.575000,0.000000,291.104965,291.104965,291.104965,291.104965,873.314894,0.000000,0.000000,21.693382,1.982878,-19.262726,0.341703,0.341703,0.072595,-1.176834,-1.176834,-2.067427,0.237288,0.277135,233.252183,233.252183,487.609939,2,0.000000,true,
130.900000,1.550000,0.000000,291.045104,291.045104,291.045104,291.045104,873.135313,0.000000,0.000000,21.693155,1.959379,-19.296015,0.336181,0.336181,0.071638,-1.189494,-1.189494,-2.069849,0.235437,0.275575,235.755401,235.755401,488.538175,2,0.000000,true,
130.900000,1.525000,0.000000,290.977254,290.977254,290.977254,290.977254,872.931763,0.000000,0.000000,21.692901,1.935696,-19.329423,0.330662,0.330662,0.070675,-1.202062,-1.202062,-2.072276,0.233559,0.273992,238.241811,238.241811,489.468779,2,0.000000,true,
130.900000,1.500000,0.000000,290.900914,290.900914,290.900914,290.900914,872.702743,0.000000,0.000000,21.692620,1.911827,-19.362950,0.325146,0.325146,0.069708,-1.214537,-1.214537,-2.074706,0.231654,0.272386,240.711670,240.711670,490.401671,2,0.000000,true,
130.900000,1.475000,0.000000,290.815576,290.815576,290.815576,290.815576,872.446729,0.000000,0.000000,21.692311,1.887769,-19.396597,0.319633,0.319633,0.068734,-1.226922,-1.226922,-2.077140,0.229721,0.270756,243.165237,243.165237,491.336778,2,0.000000,true,
130.900000,1.450000,0.000000,290.720720,290.720720,290.720720,290.720720,872.162159,0.000000,0.000000,21.691974,1.863520,-19.430365,0.314122,0.314122,0.067755,-1.239219,-1.239219,-2.079577,0.227760,0.269102,245.602768,245.602768,492.274029,2,0.000000,true,
130.900000,1.425000,0.000000,290.615811,290.615811,290.615811,290.615811,871.847432,0.000000,0.000000,21.691607,1.839080,-19.464255,0.308615,0.308615,0.066771,-1.251428,-1.251428,-2.082018,0.225769,0.267423,248.024522,248.024522,493.213358,2,0.000000,true,
130.900000,1.400000,0.000000,290.500301,290.500301,290.500301,290.500301,871.500903,0.000000,0.000000,21.691210,1.814446,-19.498266,0.303110,0.303110,0.065781,-1.263551,-1.263551,-2.084462,0.223749,0.265719,250.430755,250.430755,494.154702,2,0.000000,true,
130.900000,1.375000,0.000000,290.373625,290.373625,290.373625,290.373625,871.120874,0.000000,0.000000,21.690783,1.789616,-19.532400,0.297608,0.297608,0.064784,-1.275589,-1.275589,-2.086909,0.221698,0.263989,252.821723,252.821723,495.098002,2,0.000000,true,
130.900000,1.350000,0.000000,290.235196,290.235196,290.235196,290.235196,870.705589,0.000000,0.000000,21.690324,1.764588,-19.566656,0.292109,0.292109,0.063782,-1.287543,-1.287543,-2.089360,0.219617,0.262233,255.197679,255.197679,496.043203,2,0.000000,true,
130.900000,1.325000,0.000000,290.084409,290.084409,290.084409,290.084409,870.253227,0.000000,0.000000,21.689834,1.739361,-19.601036,0.286613,0.286613,0.062774,-1.299416,-1.299416,-2.091815,0.217504,0.260450,257.558875,257.558875,496.990250,2,0.000000,true,
130.900000,1.300000,0.000000,289.920632,289.920632,289.920632,289.920632,869.761895,0.000000,0.000000,21.689311,1.713934,-19.635540,0.281120,0.281120,0.061759,-1.311207,-1.311207,-2.094272,0.215359,0.258639,259.905559,259.905559,497.939094,2,0.000000,true,
130.900000,1.275000,0.000000,289.743205,289.743205,289.743205,289.743205,869.229615,0.000000,0.000000,21.688755,1.688305,-19.670167,0.275631,0.275631,0.060739,-1.322920,-1.322920,-2.096733,0.213182,0.256800,262.237977,262.237977,498.889687,3,0.000000,true,
130.900000,1.250000,0.000000,289.551442,289.551442,289.551442,289.551442,868.654325,0.000000,0.000000,21.688166,1.662471,-19.704918,0.270144,0.270144,0.059712,-1.334554,-1.334554,-2.099197,0.210970,0.254932,264.556372,264.556372,499.841983,3,0.000000,true,
130.900000,1.225000,0.000000,289.344620,289.344620,289.344620,289.344620,868.033859,0.000000,0.000000,21.687544,1.636433,-19.739794,0.264661,0.264661,0.058679,-1.346112,-1.346112,-2.101663,0.208725,0.253034,266.860984,266.860984,500.795941,3,0.000000,true,
130.900000,1.200000,0.000000,289.121981,289.121981,289.121981,289.121981,867.365943,0.000000,0.000000,21.686887,1.610187,-19.774793,0.259180,0.259180,0.057639,-1.357593,-1.357593,-2.104134,0.206444,0.251106,269.152049,269.152049,501.751520,3,0.000000,true,
130.900000,1.175000,0.000000,288.882728,288.882728,288.882728,288.882728,866.648183,0.000000,0.000000,21.686196,1.583733,-19.809917,0.253703,0.253703,0.056593,-1.369001,-1.369001,-2.106607,0.204128,0.249147,271.429799,271.429799,502.708680,3,0.000000,true,
130.900000,1.150000,0.000000,288.626017,288.626017,288.626017,288.626017,865.878050,0.000000,0.000000,21.685471,1.557069,-19.845165,0.248230,0.248230,0.055541,-1.380336,-1.380336,-2.109083,0.201775,0.247156,273.694464,273.694464,503.667385,3,0.000000,true,
130.900000,1.125000,0.000000,288.350956,288.350956,288.350956,288.350956,865.052868,0.000000,0.000000,21.684710,1.530194,-19.880537,0.242759,0.242759,0.054482,-1.391598,-1.391598,-2.111562,0.199385,0.245132,275.946270,275.946270,504.627602,3,0.000000,true,
130.900000,1.100000,0.000000,288.056600,288.056600,288.056600,288.056600,864.169799,0.000000,0.000000,21.683913,1.503105,-19.916033,0.237292,0.237292,0.053416,-1.402790,-1.402790,-2.114044,0.196956,0.243075,278.185438,278.185438,505.589296,3,0.000000,true,
130.900000,1.075000,0.000000,287.741943,287.741943,287.741943,287.741943,863.225828,0.000000,0.000000,21.683081,1.475803,-19.951653,0.231828,0.231828,0.052344,-1.413912,-1.413912,-2.116529,0.194489,0.240983,280.412188,280.412188,506.552436,3,0.000000,true,
130.900000,1.050000,0.000000,287.405913,287.405913,287.405913,287.405913,862.217740,0.000000,0.000000,21.682212,1.448284,-19.987396,0.226367,0.226367,0.051266,-1.424966,-1.424966,-2.119017,0.191982,0.238856,282.626733,282.626733,507.516993,3,0.000000,true,
130.900000,1.025000,0.000000,287.047367,287.047367,287.047367,287.047367,861.142102,0.000000,0.000000,21.681308,1.420548,-20.023263,0.220910,0.220910,0.050180,-1.435953,-1.435953,-2.121507,0.189434,0.236693,284.829284,284.829284,508.482939,3,0.000000,true,
130.900000,1.000000,0.000000,286.665080,286.665080,286.665080,286.665080,859.995241,0.000000,0.000000,21.680366,1.392592,-20.059252,0.215456,0.215456,0.049088,-1.446874,-1.446874,-2.124001,0.186844,0.234492,287.020049,287.020049,509.450246,3,0.000000,true,
130.900000,0.975000,0.000000,286.257738,286.257738,286.257738,286.257738,858.773215,0.000000,0.000000,21.679388,1.364416,-20.095364,0.210005,0.210005,0.047990,-1.457729,-1.457729,-2.126497,0.184211,0.232253,289.199232,289.199232,510.418889,3,0.000000,true,
130.900000,0.950000,0.000000,285.823929,285.823929,285.823929,285.823929,857.471786,0.000000,0.000000,21.678372,1.336017,-20.131598,0.204558,0.204558,0.046884,-1.468521,-1.468521,-2.128996,0.181534,0.229974,291.367032,291.367032,511.388843,3,0.000000,true,
130.900000,0.925000,0.000000,285.362128,285.362128,285.362128,285.362128,856.086385,0.000000,0.000000,21.677319,1.307394,-20.167953,0.199114,0.199114,0.045772,-1.479250,-1.479250,-2.131498,0.178812,0.227654,293.523645,293.523645,512.360086,3,0.000000,true,
130.900000,0.900000,0.000000,284.870692,284.870692,284.870692,284.870692,854.612076,0.000000,0.000000,21.676229,1.278545,-20.204430,0.193673,0.193673,0.044654,-1.489916,-1.489916,-2.134003,0.176044,0.225291,295.669266,295.669266,513.332596,3,0.000000,true,
130.900000,0.875000,0.000000,284.347837,284.347837,284.347837,284.347837,853.043511,0.000000,0.000000,21.675100,1.249468,-20.241027,0.188236,0.188236,0.043528,-1.500522,-1.500522,-2.136510,0.173228,0.222885,297.804082,297.804082,514.306351,3,0.000000,true,
130.900000,0.850000,0.000000,283.791627,283.791627,283.791627,283.791627,851.374882,0.000000,0.000000,21.673933,1.220161,-20.277743,0.182802,0.182802,0.042396,-1.511068,-1.511068,-2.139020,0.170363,0.220434,299.928280,299.928280,515.281331,3,0.000000,true,
130.900000,0.825000,0.000000,283.199955,283.199955,283.199955,283.199955,849.599866,0.000000,0.000000,21.672728,1.190622,-20.314579,0.177371,0.177371,0.041257,-1.521555,-1.521555,-2.141533,0.167449,0.217936,302.042043,302.042043,516.257518,3,0.000000,true,
130.900000,0.800000,0.000000,282.570519,282.570519,282.570519,282.570519,847.711557,0.000000,0.000000,21.671484,1.160848,-20.351532,0.171944,0.171944,0.040111,-1.531984,-1.531984,-2.144048,0.164482,0.215389,304.145550,304.145550,517.234893,3,0.000000,true,
130.900000,0.775000,0.000000,281.900797,281.900797,281.900797,281.900797,845.702392,0.000000,0.000000,21.670202,1.130838,-20.388604,0.166521,0.166521,0.038959,-1.542356,-1.542356,-2.146566,0.161463,0.212791,306.238976,306.238976,518.213440,3,0.000000,true,
130.900000,0.750000,0.000000,281.188022,281.188022,281.188022,281.188022,843.564066,0.000000,0.000000,21.668880,1.100589,-20.425792,0.161100,0.161100,0.037800,-1.552672,-1.552672,-2.149086,0.158388,0.210141,308.322494,308.322494,519.193141,3,0.000000,true,
130.900000,0.725000,0.000000,280.429142,280.429142,280.429142,280.429142,841.287425,0.000000,0.000000,21.667519,1.070098,-20.463095,0.155683,0.155683,0.036634,-1.562933,-1.562933,-2.151609,0.155257,0.207435,310.396274,310.396274,520.173981,3,0.000000,true,
130.900000,0.700000,0.000000,279.620783,279.620783,279.620783,279.620783,838.862349,0.000000,0.000000,21.666118,1.039362,-20.500514,0.150269,0.150269,0.035461,-1.573139,-1.573139,-2.154135,0.152068,0.204672,312.460483,312.460483,521.155945,3,0.000000,true,
130.900000,0.675000,0.000000,278.759203,278.759203,278.759203,278.759203,836.277610,0.000000,0.000000,21.664677,1.008378,-20.538046,0.144859,0.144859,0.034282,-1.583292,-1.583292,-2.156663,0.148817,0.201849,314.515283,314.515283,522.139019,3,0.000000,true,
130.900000,0.650000,0.000000,277.840234,277.840234,277.840234,277.840234,833.520702,0.000000,0.000000,21.663197,0.977142,-20.575692,0.139452,0.139452,0.033096,-1.593393,-1.593393,-2.159193,0.145504,0.198963,316.560836,316.560836,523.123189,3,0.000000,true,
130.900000,0.625000,0.000000,276.859213,276.859213,276.859213,276.859213,830.577638,0.000000,0.000000,21.661676,0.945651,-20.613449,0.134048,0.134048,0.031903,-1.603441,-1.603441,-2.161726,0.142126,0.196010,318.597299,318.597299,524.108443,3,0.000000,true,
130.900000,0.600000,0.000000,275.810904,275.810904,275.810904,275.810904,827.432712,0.000000,0.000000,21.660114,0.913900,-20.651316,0.128648,0.128648,0.030704,-1.613439,-1.613439,-2.164262,0.138680,0.192986,320.624827,320.624827,525.094767,3,0.000000,true,
130.900000,0.575000,0.000000,274.689399,274.689399,274.689399,274.689399,824.068198,0.000000,0.000000,21.658512,0.881884,-20.689293,0.123251,0.123251,0.029498,-1.623386,-1.623386,-2.166800,0.135164,0.189888,322.643571,322.643571,526.082151,3,0.000000,true,
130.900000,0.550000,0.000000,273.487998,273.487998,273.487998,273.487998,820.463994,0.000000,0.000000,21.656868,0.849599,-20.727379,0.117857,0.117857,0.028285,-1.633285,-1.633285,-2.169340,0.131574,0.186712,324.653681,324.653681,527.070582,3,0.000000,true,
130.900000,0.525000,0.000000,272.199059,272.199059,272.199059,272.199059,816.597178,0.000000,0.000000,21.655184,0.817039,-20.765571,0.112467,0.112467,0.027066,-1.643134,-1.643134,-2.171882,0.127907,0.183450,326.655304,326.655304,528.060050,3,0.000000,true,
130.900000,0.500000,0.000000,270.813818,270.813818,270.813818,270.813818,812.441455,0.000000,0.000000,21.653457,0.784197,-20.803869,0.107080,0.107080,0.025840,-1.652936,-1.652936,-2.174427,0.124159,0.180099,328.648584,328.648584,529.050546,3,0.000000,true,
130.900000,0.475000,0.000000,269.322155,269.322155,269.322155,269.322155,807.966465,0.000000,0.000000,21.651689,0.751065,-20.842271,0.101696,0.101696,0.024608,-1.662691,-1.662691,-2.176974,0.120326,0.176650,330.633661,330.633661,530.042058,3,0.000000,true,
130.900000,0.450000,0.000000,267.712299,267.712299,267.712299,267.712299,803.136898,0.000000,0.000000,21.649878,0.717637,-20.880777,0.096315,0.096315,0.023369,-1.672400,-1.672400,-2.179524,0.116404,0.173097,332.610675,332.610675,531.034578,3,0.000000,true,
130.900000,0.425000,0.000000,265.970455,265.970455,265.970455,265.970455,797.911365,0.000000,0.000000,21.648025,0.683901,-20.919384,0.090938,0.090938,0.022124,-1.682063,-1.682063,-2.182075,0.112386,0.169430,334.579762,334.579762,532.028097,3,0.000000,true,
130.900000,0.400000,0.000000,264.080307,264.080307,264.080307,264.080307,792.240920,0.000000,0.000000,21.646129,0.649849,-20.958091,0.085564,0.085564,0.020872,-1.691682,-1.691682,-2.184629,0.108268,0.165638,336.541057,336.541057,533.022606,3,0.000000,true,
130.900000,0.375000,0.000000,262.022368,262.022368,262.022368,262.022368,786.067105,0.000000,0.000000,21.644191,0.615467,-20.996896,0.080193,0.080193,0.019614,-1.701256,-1.701256,-2.187185,0.104042,0.161711,338.494690,338.494690,534.018097,3,0.000000,true,
130.900000,0.350000,0.000000,259.773107,259.773107,259.773107,259.773107,779.319320,0.000000,0.000000,21.642208,0.580741,-21.035799,0.074825,0.074825,0.018350,-1.710787,-1.710787,-2.189744,0.099700,0.157632,340.440791,340.440791,535.014563,3,0.000000,true,
130.900000,0.325000,0.000000,257.303741,257.303741,257.303741,257.303741,771.911222,0.000000,0.000000,21.640182,0.545656,-21.074797,0.069461,0.069461,0.017079,-1.720275,-1.720275,-2.192304,0.095234,0.153384,342.379487,342.379487,536.011994,3,0.000000,true,
130.900000,0.300000,0.000000,254.578556,254.578556,254.578556,254.578556,763.735669,0.000000,0.000000,21.638112,0.510191,-21.113889,0.064099,0.064099,0.015801,-1.729721,-1.729721,-2.194866,0.090633,0.148947,344.310903,344.310903,537.010386,3,0.000000,true,
130.900000,0.275000,0.000000,251.552490,251.552490,251.552490,251.552490,754.657469,0.000000,0.000000,21.635997,0.474324,-21.153073,0.058741,0.058741,0.014518,-1.739126,-1.739126,-2.197431,0.085884,0.144293,346.235159,346.235159,538.009729,3,0.000000,true,
130.900000,0.250000,0.000000,248.167555,248.167555,248.167555,248.167555,744.502665,0.000000,0.000000,21.633838,0.438027,-21.192348,0.053386,0.053386,0.013228,-1.748490,-1.748490,-2.199997,0.080971,0.139389,348.152377,348.152377,539.010017,3,0.000000,true,
130.900000,0.225000,0.000000,244.347380,244.347380,244.347380,244.347380,733.042139,0.000000,0.000000,21.631633,0.401266,-21.231712,0.048034,0.048034,0.011933,-1.757813,-1.757813,-2.202566,0.075876,0.134194,350.062672,350.062672,540.011244,3,0.000000,true,
130.900000,0.200000,0.000000,239.988516,239.988516,239.988516,239.988516,719.965547,0.000000,0.000000,21.629383,0.364000,-21.271163,0.042685,0.042685,0.010631,-1.767097,-1.767097,-2.205136,0.070576,0.128650,351.966160,351.966160,541.013402,3,0.000000,true,
130.900000,0.175000,0.000000,234.945910,234.945910,234.945910,234.945910,704.837731,0.000000,0.000000,21.627087,0.326175,-21.310700,0.037339,0.037339,0.009323,-1.776343,-1.776343,-2.207709,0.065040,0.122682,353.862951,353.862951,542.016483,3,0.000000,true,
130.900000,0.150000,0.000000,229.007111,229.007111,229.007111,229.007111,687.021333,0.000000,0.000000,21.624745,0.287723,-21.350320,0.031996,0.031996,0.008008,-1.785549,-1.785549,-2.210283,0.059229,0.116184,355.753152,355.753152,543.020480,3,0.000000,true,
130.900000,0.125000,0.000000,221.842739,221.842739,221.842739,221.842739,665.528217,0.000000,0.000000,21.622356,0.248551,-21.390022,0.026656,0.026656,0.006688,-1.794718,-1.794718,-2.212859,0.053089,0.108996,357.636862,357.636862,544.025381,3,0.000000,true,
130.900000,0.100000,0.000000,212.901015,212.901015,212.901015,212.901015,638.703046,0.000000,0.000000,21.619920,0.208526,-21.429803,0.021319,0.021319,0.005362,-1.803850,-1.803850,-2.215437,0.046544,0.100868,359.514170,359.514170,545.031170,3,0.000000,true,
130.900000,0.075000,0.000000,201.147700,201.147700,201.147700,201.147700,603.443101,0.000000,0.000000,21.617437,0.167448,-21.469660,0.015985,0.015985,0.004031,-1.812945,-1.812945,-2.218016,0.039479,0.091362,361.385132,361.385132,546.037816,4,0.000000,true,
130.900000,0.050000,0.000000,184.261832,184.261832,184.261832,184.261832,552.785496,0.000000,0.000000,21.614906,0.124977,-21.509589,0.010654,0.010654,0.002693,-1.822002,-1.822002,-2.220597,0.031703,0.079577,363.249705,363.249705,547.045233,4,0.000000,true,
130.900000,0.025000,0.000000,154.848291,154.848291,154.848291,154.848291,464.544872,0.000000,0.000000,21.612328,0.080406,-21.549572,0.005325,0.005325,0.001349,-1.831019,-1.831019,-2.223178,0.022905,0.063029,365.107257,365.107257,548.053015,4,0.000000,true,
130.900000,0.000000,0.000000,0.000000,0.000000,0.000000,0.000000,0.000000,0.000000,0.000000,21.609845,0.033748,-21.587457,0.000000,0.000000,0.000000,-1.839516,-1.839516,-2.225621,0.020668,0.020668,366.858753,366.858753,549.007045,7,0.000000,true,
131.000000,4.000000,0.000000,329.285114,329.285114,329.285114,329.285114,987.855342,0.000000,0.000000,22.002871,4.084801,-16.087125,0.857038,0.857038,0.205923,-0.153440,-0.153440,-1.856790,0.362904,0.387992,34.600013,34.600013,429.797354,4,0.000000,true,
131.000000,3.975000,0.000000,328.554277,328.554277,328.554277,328.554277,985.662832,0.000000,0.000000,21.995783,4.061726,-16.122446,0.852133,0.852133,0.203733,-0.155981,-0.155981,-1.859112,0.361849,0.387015,35.088671,35.088671,430.172868,3,0.000000,true,
131.000000,3.950000,0.000000,327.821272,327.821272,327.821272,327.821272,983.463817,0.000000,0.000000,21.988717,4.038643,-16.157728,0.847220,0.847220,0.201559,-0.158599,-0.158599,-1.861420,0.360789,0.386034,35.592035,35.592035,430.546873,3,0.000000,true,
131.000000,3.925000,0.000000,327.086169,327.086169,327.086169,327.086169,981.258508,0.000000,0.000000,21.981676,4.015554,-16.192970,0.842300,0.842300,0.199400,-0.161297,-0.161297,-1.863714,0.359724,0.385048,36.110739,36.110739,430.919428,3,0.000000,true,
131.000000,3.900000,0.000000,326.349046,326.349046,326.349046,326.349046,979.047139,0.000000,0.000000,21.974661,3.992458,-16.228172,0.837371,0.837371,0.197258,-0.164078,-0.164078,-1.865995,0.358652,0.384056,36.645450,36.645450,431.290597,3,0.000000,true,
131.000000,3.875000,0.000000,325.609988,325.609988,325.609988,325.609988,976.829964,0.000000,0.000000,21.967672,3.969356,-16.263332,0.832435,0.832435,0.195131,-0.166946,-0.166946,-1.868261,0.357576,0.383060,37.196873,37.196873,431.660447,3,0.000000,true,
131.000000,3.850000,0.000000,324.869088,324.869088,324.869088,324.869088,974.607265,0.000000,0.000000,21.960711,3.946250,-16.298450,0.827490,0.827490,0.193019,-0.169906,-0.169906,-1.870514,0.356493,0.382059,37.765749,37.765749,432.029051,3,0.000000,true,
131.000000,3.825000,0.000000,324.126449,324.126449,324.126449,324.126449,972.379347,0.000000,0.000000,21.953779,3.923140,-16.333526,0.822538,0.822538,0.190924,-0.172960,-0.172960,-1.872753,0.355405,0.381053,38.352858,38.352858,432.396483,3,0.000000,true,
131.000000,3.800000,0.000000,323.382182,323.382182,323.382182,323.382182,970.146545,0.000000,0.000000,21.946877,3.900028,-16.368558,0.817578,0.817578,0.188844,-0.176113,-0.176113,-1.874980,0.354312,0.380042,38.959024,38.959024,432.762828,3,0.000000,true,
131.000000,3.775000,0.000000,322.636409,322.636409,322.636409,322.636409,967.909226,0.000000,0.000000,21.940006,3.876915,-16.403545,0.812610,0.812610,0.186781,-0.179370,-0.179370,-1.877192,0.353213,0.379026,39.585115,39.585115,433.128171,3,0.000000,true,
131.000000,3.750000,0.000000,321.889264,321.889264,321.889264,321.889264,965.667791,0.000000,0.000000,21.933167,3.853802,-16.438487,0.807633,0.807633,0.184733,-0.182735,-0.182735,-1.879392,0.352109,0.378005,40.232047,40.232047,433.492607,3,0.000000,true,
131.000000,3.725000,0.000000,321.140892,321.140892,321.140892,321.140892,963.422677,0.000000,0.000000,21.926364,3.830690,-16.473383,0.802649,0.802649,0.182701,-0.186214,-0.186214,-1.881579,0.350998,0.376979,40.900784,40.900784,433.856236,3,0.000000,true,
131.000000,3.700000,0.000000,320.391454,320.391454,320.391454,320.391454,961.174363,0.000000,0.000000,21.919596,3.807580,-16.508231,0.797657,0.797657,0.180686,-0.189812,-0.189812,-1.883754,0.349883,0.375949,41.592342,41.592342,434.219165,3,0.000000,true,
131.000000,3.675000,0.000000,319.641123,319.641123,319.641123,319.641123,958.923370,0.000000,0.000000,21.912865,3.784476,-16.543031,0.792657,0.792657,0.178687,-0.193534,-0.193534,-1.885915,0.348762,0.374913,42.307792,42.307792,434.581510,3,0.000000,true,
131.000000,3.650000,0.000000,318.890089,318.890089,318.890089,318.890089,956.670268,0.000000,0.000000,21.906174,3.761377,-16.577781,0.787648,0.787648,0.176704,-0.197386,-0.197386,-1.888065,0.347635,0.373873,43.048263,43.048263,434.943395,3,0.000000,true,
131.000000,3.625000,0.000000,318.138559,318.138559,318.138559,318.138559,954.415678,0.000000,0.000000,21.899525,3.738285,-16.612480,0.782632,0.782632,0.174737,-0.201375,-0.201375,-1.890202,0.346503,0.372828,43.814944,43.814944,435.304952,3,0.000000,true,
131.000000,3.600000,0.000000,317.386760,317.386760,317.386760,317.386760,952.160279,0.000000,0.000000,21.892918,3.715204,-16.647128,0.777607,0.777607,0.172787,-0.205507,-0.205507,-1.892327,0.345366,0.371779,44.609084,44.609084,435.666325,3,0.000000,true,
131.000000,3.575000,0.000000,316.634936,316.634936,316.634936,316.634936,949.904807,0.000000,0.000000,21.886357,3.692133,-16.681722,0.772573,0.772573,0.170853,-0.209788,-0.209788,-1.894441,0.344223,0.370725,45.431998,45.431998,436.027668,3,0.000000,true,
131.000000,3.550000,0.000000,315.883356,315.883356,315.883356,315.883356,947.650069,0.000000,0.000000,21.879844,3.669077,-16.716261,0.767532,0.767532,0.168937,-0.214226,-0.214226,-1.896543,0.343075,0.369666,46.285068,46.285068,436.389146,3,0.000000,true,
131.000000,3.525000,0.000000,315.132313,315.132313,315.132313,315.132313,945.396940,0.000000,0.000000,21.873382,3.646037,-16.750743,0.762482,0.762482,0.167037,-0.218829,-0.218829,-1.898635,0.341922,0.368603,47.169745,47.169745,436.750939,3,0.000000,true,
131.000000,3.500000,0.000000,314.382124,314.382124,314.382124,314.382124,943.146373,0.000000,0.000000,21.866972,3.623015,-16.785168,0.757423,0.757423,0.165154,-0.223604,-0.223604,-1.900715,0.340763,0.367536,48.087551,48.087551,437.113238,3,0.000000,true,
131.000000,3.475000,0.000000,313.633135,313.633135,313.633135,313.633135,940.899404,0.000000,0.000000,21.860618,3.600015,-16.819533,0.752356,0.752356,0.163289,-0.228559,-0.228559,-1.902784,0.339600,0.366465,49.040076,49.040076,437.476251,3,0.000000,true,
131.000000,3.450000,0.000000,312.885719,312.885719,312.885719,312.885719,938.657158,0.000000,0.000000,21.854323,3.577038,-16.853837,0.747280,0.747280,0.161441,-0.233704,-0.233704,-1.904844,0.338431,0.365389,50.028986,50.028986,437.840201,3,0.000000,true,
131.000000,3.425000,0.000000,312.140286,312.140286,312.140286,312.140286,936.420859,0.000000,0.000000,21.848089,3.554089,-16.888077,0.742195,0.742195,0.159611,-0.239047,-0.239047,-1.906893,0.337258,0.364310,51.056017,51.056017,438.205328,3,0.000000,true,
131.000000,3.400000,0.000000,311.397276,311.397276,311.397276,311.397276,934.191829,0.000000,0.000000,21.841922,3.531170,-16.922252,0.737101,0.737101,0.157798,-0.244597,-0.244597,-1.908933,0.336080,0.363227,52.122976,52.122976,438.571891,3,0.000000,true,
131.000000,3.375000,0.000000,310.657167,310.657167,310.657167,310.657167,931.971502,0.000000,0.000000,21.835823,3.508285,-16.956359,0.731998,0.731998,0.156005,-0.250365,-0.250365,-1.910964,0.334898,0.362140,53.231737,53.231737,438.940169,3,0.000000,true,
131.000000,3.350000,0.000000,309.920476,309.920476,309.920476,309.920476,929.761428,0.000000,0.000000,21.829798,3.485438,-16.990396,0.726885,0.726885,0.154229,-0.256360,-0.256360,-1.912986,0.333711,0.361049,54.384239,54.384239,439.310462,3,0.000000,true,
131.000000,3.325000,0.000000,309.187759,309.187759,309.187759,309.187759,927.563278,0.000000,0.000000,21.823849,3.462632,-17.024361,0.721764,0.721764,0.152473,-0.262593,-0.262593,-1.915000,0.332520,0.359956,55.582481,55.582481,439.683090,3,0.000000,true,
131.000000,3.300000,0.000000,308.459617,308.459617,308.459617,308.459617,925.378852,0.000000,0.000000,21.817982,3.439871,-17.058252,0.716632,0.716632,0.150735,-0.269074,-0.269074,-1.917006,0.331324,0.358859,56.828512,56.828512,440.058400,3,0.000000,true,
131.000000,3.275000,0.000000,307.736695,307.736695,307.736695,307.736695,923.210085,0.000000,0.000000,21.812201,3.417161,-17.092065,0.711491,0.711491,0.149017,-0.275814,-0.275814,-1.919005,0.330125,0.357760,58.124424,58.124424,440.436760,3,0.000000,true,
131.000000,3.250000,0.000000,307.019682,307.019682,307.019682,307.019682,921.059046,0.000000,0.000000,21.806510,3.394506,-17.125797,0.706340,0.706340,0.147319,-0.282824,-0.282824,-1.920997,0.328923,0.356658,59.472340,59.472340,440.818565,3,0.000000,true,
131.000000,3.225000,0.000000,306.309316,306.309316,306.309316,306.309316,918.927948,0.000000,0.000000,21.800916,3.371910,-17.159447,0.701179,0.701179,0.145642,-0.290116,-0.290116,-1.922983,0.327717,0.355554,60.874396,60.874396,441.204235,3,0.000000,true,
131.000000,3.200000,0.000000,305.606381,305.606381,305.606381,305.606381,916.819144,0.000000,0.000000,21.795423,3.349378,-17.193011,0.696008,0.696008,0.143985,-0.297699,-0.297699,-1.924963,0.326507,0.354448,62.332725,62.332725,441.594219,3,0.000000,true,
131.000000,3.175000,0.000000,304.911709,304.911709,304.911709,304.911709,914.735128,0.000000,0.000000,21.790037,3.326917,-17.226487,0.690826,0.690826,0.142349,-0.305586,-0.305586,-1.926939,0.325295,0.353341,63.849435,63.849435,441.988988,3,0.000000,true,
131.000000,3.150000,0.000000,304.226177,304.226177,304.226177,304.226177,912.678530,0.000000,0.000000,21.784763,3.304531,-17.259870,0.685633,0.685633,0.140735,-0.313786,-0.313786,-1.928911,0.324080,0.352232,65.426583,65.426583,442.389042,3,0.000000,true,
131.000000,3.125000,0.000000,303.550703,303.550703,303.550703,303.550703,910.652110,0.000000,0.000000,21.779608,3.282225,-17.293158,0.680429,0.680429,0.139142,-0.322310,-0.322310,-1.930880,0.322863,0.351122,67.066150,67.066150,442.794906,3,0.000000,true,
131.000000,3.100000,0.000000,302.886249,302.886249,302.886249,302.886249,908.658746,0.000000,0.000000,21.774577,3.260006,-17.326348,0.675214,0.675214,0.137572,-0.331167,-0.331167,-1.932846,0.321644,0.350012,68.769999,68.769999,443.207126,3,0.000000,true,
131.000000,3.075000,0.000000,302.233807,302.233807,302.233807,302.233807,906.701420,0.000000,0.000000,21.769677,3.237880,-17.359437,0.669987,0.669987,0.136025,-0.340366,-0.340366,-1.934810,0.320423,0.348901,70.539849,70.539849,443.626271,3,0.000000,true,
131.000000,3.050000,0.000000,301.594398,301.594398,301.594398,301.594398,904.783193,0.000000,0.000000,21.764913,3.215851,-17.392421,0.664749,0.664749,0.134502,-0.349915,-0.349915,-1.936774,0.319201,0.347790,72.377230,72.377230,444.052927,3,0.000000,true,
131.000000,3.025000,0.000000,300.969063,300.969063,300.969063,300.969063,902.907188,0.000000,0.000000,21.760293,3.193926,-17.425298,0.659499,0.659499,0.133002,-0.359821,-0.359821,-1.938738,0.317978,0.346680,74.283443,74.283443,444.487692,3,0.000000,true,
131.000000,3.000000,0.000000,300.358850,300.358850,300.358850,300.358850,901.076551,0.000000,0.000000,21.755821,3.172110,-17.458066,0.654237,0.654237,0.131526,-0.370088,-0.370088,-1.940703,0.316754,0.345571,76.259518,76.259518,444.931176,3,0.000000,true,
131.000000,2.975000,0.000000,299.764807,299.764807,299.764807,299.764807,899.294420,0.000000,0.000000,21.751504,3.150407,-17.490721,0.648963,0.648963,0.130075,-0.380721,-0.380721,-1.942670,0.315529,0.344463,78.306171,78.306171,445.383986,3,0.000000,true,
131.000000,2.950000,0.000000,299.187961,299.187961,299.187961,299.187961,897.563883,0.000000,0.000000,21.747347,3.128823,-17.523262,0.643676,0.643676,0.128648,-0.391720,-0.391720,-1.944640,0.314304,0.343357,80.423763,80.423763,445.846730,3,0.000000,true,
131.000000,2.925000,0.000000,298.629311,298.629311,298.629311,298.629311,895.887933,0.000000,0.000000,21.743355,3.107360,-17.555688,0.638377,0.638377,0.127247,-0.403085,-0.403085,-1.946615,0.313080,0.342252,82.612264,82.612264,446.319999,3,0.000000,true,
131.000000,2.900000,0.000000,298.089806,298.089806,298.089806,298.089806,894.269419,0.000000,0.000000,21.739533,3.086024,-17.587996,0.633065,0.633065,0.125871,-0.414814,-0.414814,-1.948594,0.311855,0.341150,84.871219,84.871219,446.804366,3,0.000000,true,
131.000000,2.875000,0.000000,297.570333,297.570333,297.570333,297.570333,892.710998,0.000000,0.000000,21.735884,3.064816,-17.620187,0.627740,0.627740,0.124520,-0.426902,-0.426902,-1.950580,0.310631,0.340050,87.199729,87.199729,447.300373,3,0.000000,true,
131.000000,2.850000,0.000000,297.071695,297.071695,297.071695,297.071695,891.215086,0.000000,0.000000,21.732412,3.043738,-17.652261,0.622403,0.622403,0.123195,-0.439341,-0.439341,-1.952572,0.309407,0.338953,89.596429,89.596429,447.808527,3,0.000000,true,
131.000000,2.825000,0.000000,296.594603,296.594603,296.594603,296.594603,889.783808,0.000000,0.000000,21.729119,3.022791,-17.684219,0.617053,0.617053,0.121895,-0.452122,-0.452122,-1.954573,0.308184,0.337859,92.059488,92.059488,448.329284,3,0.000000,true,
131.000000,2.800000,0.000000,296.139652,296.139652,296.139652,296.139652,888.418957,0.000000,0.000000,21.726006,3.001975,-17.716061,0.611690,0.611690,0.120620,-0.465232,-0.465232,-1.956582,0.306962,0.336768,94.586617,94.586617,448.863049,3,0.000000,true,
131.000000,2.775000,0.000000,295.707319,295.707319,295.707319,295.707319,887.121956,0.000000,0.000000,21.723074,2.981287,-17.747790,0.606315,0.606315,0.119370,-0.478656,-0.478656,-1.958600,0.305740,0.335679,97.175090,97.175090,449.410164,3,0.000000,true,
131.000000,2.750000,0.000000,295.297942,295.297942,295.297942,295.297942,885.893827,0.000000,0.000000,21.720323,2.960727,-17.779410,0.600927,0.600927,0.118145,-0.492379,-0.492379,-1.960629,0.304519,0.334593,99.821771,99.821771,449.970904,3,0.000000,true,
131.000000,2.725000,0.000000,294.911725,294.911725,294.911725,294.911725,884.735174,0.000000,0.000000,21.717751,2.940289,-17.810925,0.595528,0.595528,0.116944,-0.506382,-0.506382,-1.962668,0.303298,0.333510,102.523165,102.523165,450.545474,3,0.000000,true,
131.000000,2.700000,0.000000,294.548724,294.548724,294.548724,294.548724,883.646171,0.000000,0.000000,21.715356,2.919969,-17.842338,0.590117,0.590117,0.115766,-0.520644,-0.520644,-1.964719,0.302078,0.332430,105.275463,105.275463,451.134004,3,0.000000,true,
131.000000,2.675000,0.000000,294.208854,294.208854,294.208854,294.208854,882.626563,0.000000,0.000000,21.713134,2.899761,-17.873655,0.584695,0.584695,0.114611,-0.535144,-0.535144,-1.966782,0.300856,0.331352,108.074609,108.074609,451.736552,3,0.000000,true,
131.000000,2.650000,0.000000,293.891892,293.891892,293.891892,293.891892,881.675676,0.000000,0.000000,21.711081,2.879658,-17.904883,0.579261,0.579261,0.113477,-0.549861,-0.549861,-1.968857,0.299635,0.330276,110.916360,110.916360,452.353101,3,0.000000,true,
131.000000,2.625000,0.000000,293.597480,293.597480,293.597480,293.597480,880.792439,0.000000,0.000000,21.709192,2.859652,-17.936027,0.573817,0.573817,0.112365,-0.564770,-0.564770,-1.970944,0.298412,0.329201,113.796354,113.796354,452.983567,3,0.000000,true,
131.000000,2.600000,0.000000,293.325137,293.325137,293.325137,293.325137,879.975411,0.000000,0.000000,21.707461,2.839735,-17.967096,0.568363,0.568363,0.111273,-0.579848,-0.579848,-1.973044,0.297187,0.328128,116.710175,116.710175,453.627798,3,0.000000,true,
131.000000,2.575000,0.000000,293.074271,293.074271,293.074271,293.074271,879.222814,0.000000,0.000000,21.705882,2.819897,-17.998096,0.562900,0.562900,0.110200,-0.595074,-0.595074,-1.975156,0.295960,0.327055,119.653418,119.653418,454.285585,3,0.000000,true,
131.000000,2.550000,0.000000,292.844193,292.844193,292.844193,292.844193,878.532578,0.000000,0.000000,21.704448,2.800128,-18.029036,0.557427,0.557427,0.109145,-0.610423,-0.610423,-1.977281,0.294731,0.325982,122.621744,122.621744,454.956663,3,0.000000,true,
131.000000,2.525000,0.000000,292.634126,292.634126,292.634126,292.634126,877.902378,0.000000,0.000000,21.703151,2.780417,-18.059923,0.551946,0.551946,0.108107,-0.625874,-0.625874,-1.979419,0.293498,0.324908,125.610933,125.610933,455.640725,3,0.000000,true,
131.000000,2.500000,0.000000,292.443227,292.443227,292.443227,292.443227,877.329680,0.000000,0.000000,21.701985,2.760755,-18.090766,0.546457,0.546457,0.107085,-0.641405,-0.641405,-1.981570,0.292261,0.323834,128.616924,128.616924,456.337421,3,0.000000,true,
131.000000,2.475000,0.000000,292.270594,292.270594,292.270594,292.270594,876.811783,0.000000,0.000000,21.700940,2.741130,-18.121574,0.540961,0.540961,0.106078,-0.656997,-0.656997,-1.983732,0.291019,0.322757,131.635851,131.635851,457.046372,3,0.000000,true,
131.000000,2.450000,0.000000,292.115286,292.115286,292.115286,292.115286,876.345859,0.000000,0.000000,21.700010,2.721532,-18.152354,0.535458,0.535458,0.105084,-0.672629,-0.672629,-1.985907,0.289772,0.321678,134.664071,134.664071,457.767175,3,0.000000,true,
131.000000,2.425000,0.000000,291.976332,291.976332,291.976332,291.976332,875.928996,0.000000,0.000000,21.699186,2.701948,-18.183114,0.529948,0.529948,0.104103,-0.688285,-0.688285,-1.988094,0.288519,0.320595,137.698180,137.698180,458.499409,3,0.000000,true,
131.000000,2.400000,0.000000,291.852742,291.852742,291.852742,291.852742,875.558225,0.000000,0.000000,21.698460,2.682370,-18.213864,0.524433,0.524433,0.103134,-0.703948,-0.703948,-1.990292,0.287259,0.319509,140.735027,140.735027,459.242643,3,0.000000,true,
131.000000,2.375000,0.000000,291.743519,291.743519,291.743519,291.743519,875.230557,0.000000,0.000000,21.697826,2.662786,-18.244611,0.518912,0.518912,0.102175,-0.719603,-0.719603,-1.992501,0.285991,0.318418,143.771716,143.771716,459.996437,3,0.000000,true,
131.000000,2.350000,0.000000,291.647670,291.647670,291.647670,291.647670,874.943009,0.000000,0.000000,21.697275,2.643185,-18.275362,0.513387,0.513387,0.101226,-0.735236,-0.735236,-1.994721,0.284715,0.317322,146.805609,146.805609,460.760353,3,0.000000,true,
131.000000,2.325000,0.000000,291.564207,291.564207,291.564207,291.564207,874.692621,0.000000,0.000000,21.696800,2.623558,-18.306125,0.507858,0.507858,0.100285,-0.750834,-0.750834,-1.996952,0.283430,0.316219,149.834317,149.834317,461.533956,3,0.000000,true,
131.000000,2.300000,0.000000,291.492160,291.492160,291.492160,291.492160,874.476481,0.000000,0.000000,21.696395,2.603896,-18.336907,0.502324,0.502324,0.099351,-0.766387,-0.766387,-1.999193,0.282135,0.315110,152.855696,152.855696,462.316816,3,0.000000,true,
131.000000,2.275000,0.000000,291.430579,291.430579,291.430579,291.430579,874.291737,0.000000,0.000000,21.696052,2.584188,-18.367715,0.496788,0.496788,0.098425,-0.781884,-0.781884,-2.001444,0.280830,0.313994,155.867833,155.867833,463.108515,3,0.000000,true,
131.000000,2.250000,0.000000,291.378535,291.378535,291.378535,291.378535,874.135605,0.000000,0.000000,21.695766,2.564426,-18.398555,0.491248,0.491248,0.097504,-0.797317,-0.797317,-2.003704,0.279514,0.312870,158.869034,158.869034,463.908643,3,0.000000,true,
131.000000,2.225000,0.000000,291.335127,291.335127,291.335127,291.335127,874.005382,0.000000,0.000000,21.695529,2.544602,-18.429434,0.485706,0.485706,0.096588,-0.812678,-0.812678,-2.005974,0.278187,0.311737,161.857809,161.857809,464.716806,2,0.000000,true,
131.000000,2.200000,0.000000,291.299483,291.299483,291.299483,291.299483,873.898450,0.000000,0.000000,21.695338,2.524707,-18.460358,0.480162,0.480162,0.095677,-0.827961,-0.827961,-2.008252,0.276847,0.310595,164.832861,164.832861,465.532625,2,0.000000,true,
131.000000,2.175000,0.000000,291.270759,291.270759,291.270759,291.270759,873.812278,0.000000,0.000000,21.695185,2.504733,-18.491331,0.474616,0.474616,0.094769,-0.843159,-0.843159,-2.010538,0.275494,0.309443,167.793065,167.793065,466.355734,2,0.000000,true,
131.000000,2.150000,0.000000,291.248142,291.248142,291.248142,291.248142,873.744425,0.000000,0.000000,21.695066,2.484674,-18.522360,0.469068,0.469068,0.093864,-0.858268,-0.858268,-2.012833,0.274127,0.308281,170.737456,170.737456,467.185785,2,0.000000,true,
131.000000,2.125000,0.000000,291.230846,291.230846,291.230846,291.230846,873.692537,0.000000,0.000000,21.694976,2.464522,-18.553450,0.463519,0.463519,0.092961,-0.873282,-0.873282,-2.015136,0.272746,0.307108,173.665217,173.665217,468.022446,2,0.000000,true,
131.000000,2.100000,0.000000,291.218117,291.218117,291.218117,291.218117,873.654351,0.000000,0.000000,21.694910,2.444271,-18.584604,0.457970,0.457970,0.092060,-0.888200,-0.888200,-2.017446,0.271351,0.305923,176.575661,176.575661,468.865399,2,0.000000,true,
131.000000,2.075000,0.000000,291.209229,291.209229,291.209229,291.209229,873.627686,0.000000,0.000000,21.694865,2.423914,-18.615828,0.452420,0.452420,0.091160,-0.903018,-0.903018,-2.019763,0.269940,0.304726,179.468222,179.468222,469.714346,2,0.000000,true,
131.000000,2.050000,0.000000,291.203482,291.203482,291.203482,291.203482,873.610445,0.000000,0.000000,21.694836,2.403445,-18.647126,0.446870,0.446870,0.090261,-0.917733,-0.917733,-2.022087,0.268514,0.303516,182.342440,182.342440,470.569001,2,0.000000,true,
131.000000,2.025000,0.000000,291.200203,291.200203,291.200203,291.200203,873.600608,0.000000,0.000000,21.694820,2.382860,-18.678501,0.441319,0.441319,0.089361,-0.932344,-0.932344,-2.024418,0.267070,0.302294,185.197949,185.197949,471.429095,2,0.000000,true,
131.000000,2.000000,0.000000,291.198743,291.198743,291.198743,291.198743,873.596229,0.000000,0.000000,21.694813,2.362152,-18.709957,0.435769,0.435769,0.088462,-0.946850,-0.946850,-2.026756,0.265610,0.301058,188.034469,188.034469,472.294373,2,0.000000,true,
131.000000,1.975000,0.000000,291.198477,291.198477,291.198477,291.198477,873.595431,0.000000,0.000000,21.694812,2.341316,-18.741497,0.430219,0.430219,0.087561,-0.961249,-0.961249,-2.029099,0.264133,0.299807,190.851796,190.851796,473.164595,2,0.000000,true,
131.000000,1.950000,0.000000,291.198800,291.198800,291.198800,291.198800,873.596401,0.000000,0.000000,21.694813,2.320349,-18.773126,0.424670,0.424670,0.086659,-0.975541,-0.975541,-2.031449,0.262637,0.298542,193.649793,193.649793,474.039534,2,0.000000,true,
131.000000,1.925000,0.000000,291.199129,291.199129,291.199129,291.199129,873.597387,0.000000,0.000000,21.694815,2.299245,-18.804845,0.419122,0.419122,0.085756,-0.989725,-0.989725,-2.033805,0.261123,0.297262,196.428380,196.428380,474.918975,2,0.000000,true,
131.000000,1.900000,0.000000,291.198896,291.198896,291.198896,291.198896,873.596688,0.000000,0.000000,21.694814,2.278000,-18.836657,0.413575,0.413575,0.084851,-1.003801,-1.003801,-2.036166,0.259590,0.295966,199.187529,199.187529,475.802718,2,0.000000,true,
131.000000,1.875000,0.000000,291.197551,291.197551,291.197551,291.197551,873.592654,0.000000,0.000000,21.694807,2.256609,-18.868566,0.408028,0.408028,0.083943,-1.017771,-1.017771,-2.038532,0.258037,0.294654,201.927258,201.927258,476.690573,2,0.000000,true,
131.000000,1.850000,0.000000,291.194560,291.194560,291.194560,291.194560,873.583680,0.000000,0.000000,21.694794,2.235071,-18.900574,0.402484,0.402484,0.083033,-1.031632,-1.031632,-2.040904,0.256464,0.293325,204.647624,204.647624,477.582359,2,0.000000,true,
131.000000,1.825000,0.000000,291.189400,291.189400,291.189400,291.189400,873.568199,0.000000,0.000000,21.694771,2.213379,-18.932682,0.396940,0.396940,0.082120,-1.045388,-1.045388,-2.043281,0.254870,0.291980,207.348719,207.348719,478.477909,2,0.000000,true,
131.000000,1.800000,0.000000,291.181559,291.181559,291.181559,291.181559,873.544678,0.000000,0.000000,21.694736,2.191532,-18.964894,0.391398,0.391398,0.081203,-1.059037,-1.059037,-2.045663,0.253256,0.290617,210.030663,210.030663,479.377064,2,0.000000,true,
131.000000,1.775000,0.000000,291.170538,291.170538,291.170538,291.170538,873.511613,0.000000,0.000000,21.694688,2.169526,-18.997210,0.385858,0.385858,0.080283,-1.072582,-1.072582,-2.048049,0.251619,0.289236,212.693602,212.693602,480.279675,2,0.000000,true,
131.000000,1.750000,0.000000,291.155841,291.155841,291.155841,291.155841,873.467524,0.000000,0.000000,21.694625,2.147358,-19.029634,0.380320,0.380320,0.079360,-1.086022,-1.086022,-2.050440,0.249961,0.287837,215.337704,215.337704,481.185600,2,0.000000,true,
131.000000,1.725000,0.000000,291.136984,291.136984,291.136984,291.136984,873.410953,0.000000,0.000000,21.694546,2.125024,-19.062166,0.374784,0.374784,0.078433,-1.099359,-1.099359,-2.052836,0.248280,0.286418,217.963156,217.963156,482.094708,2,0.000000,true,
131.000000,1.700000,0.000000,291.113485,291.113485,291.113485,291.113485,873.340454,0.000000,0.000000,21.694448,2.102523,-19.094808,0.369249,0.369249,0.077501,-1.112594,-1.112594,-2.055236,0.246576,0.284981,220.570159,220.570159,483.006872,2,0.000000,true,
131.000000,1.675000,0.000000,291.084864,291.084864,291.084864,291.084864,873.254592,0.000000,0.000000,21.694330,2.079850,-19.127562,0.363717,0.363717,0.076565,-1.125728,-1.125728,-2.057641,0.244848,0.283524,223.158928,223.158928,483.921976,2,0.000000,true,
131.000000,1.650000,0.000000,291.050646,291.050646,291.050646,291.050646,873.151939,0.000000,0.000000,21.694192,2.057004,-19.160430,0.358188,0.358188,0.075625,-1.138763,-1.138763,-2.060049,0.243096,0.282046,225.729690,225.729690,484.839908,2,0.000000,true,
131.000000,1.625000,0.000000,291.010355,291.010355,291.010355,291.010355,873.031065,0.000000,0.000000,21.694032,2.033983,-19.193411,0.352660,0.352660,0.074680,-1.151700,-1.151700,-2.062462,0.241319,0.280548,228.282678,228.282678,485.760565,2,0.000000,true,
131.000000,1.600000,0.000000,290.963513,290.963513,290.963513,290.963513,872.890539,0.000000,0.000000,21.693848,2.010783,-19.226509,0.347135,0.347135,0.073730,-1.164539,-1.164539,-2.064879,0.239517,0.279028,230.818135,230.818135,486.683846,2,0.000000,true,
131.000000,1.575000,0.000000,290.909639,290.909639,290.909639,290.909639,872.728918,0.000000,0.000000,21.693640,1.987403,-19.259723,0.341612,0.341612,0.072775,-1.177283,-1.177283,-2.067300,0.237689,0.277487,233.336308,233.336308,487.609660,2,0.000000,true,
131.000000,1.550000,0.000000,290.848250,290.848250,290.848250,290.848250,872.544749,0.000000,0.000000,21.693407,1.963840,-19.293055,0.336092,0.336092,0.071815,-1.189932,-1.189932,-2.069724,0.235835,0.275924,235.837448,235.837448,488.537919,2,0.000000,true,
131.000000,1.525000,0.000000,290.778853,290.778853,290.778853,290.778853,872.336558,0.000000,0.000000,21.693147,1.940093,-19.326505,0.330575,0.330575,0.070850,-1.202489,-1.202489,-2.072152,0.233955,0.274337,238.321809,238.321809,489.468539,2,0.000000,true,
131.000000,1.500000,0.000000,290.700949,290.700949,290.700949,290.700949,872.102848,0.000000,0.000000,21.692861,1.916159,-19.360075,0.325060,0.325060,0.069880,-1.214954,-1.214954,-2.074584,0.232046,0.272728,240.789648,240.789648,490.401443,2,0.000000,true,
131.000000,1.475000,0.000000,290.614032,290.614032,290.614032,290.614032,871.842095,0.000000,0.000000,21.692546,1.892036,-19.393766,0.319548,0.319548,0.068904,-1.227329,-1.227329,-2.077020,0.230110,0.271095,243.241222,243.241222,491.336557,2,0.000000,true,
131.000000,1.450000,0.000000,290.517580,290.517580,290.517580,290.517580,871.552739,0.000000,0.000000,21.692203,1.867722,-19.427577,0.314039,0.314039,0.067922,-1.239615,-1.239615,-2.079459,0.228146,0.269438,245.676789,245.676789,492.273810,2,0.000000,true,
131.000000,1.425000,0.000000,290.411061,290.411061,290.411061,290.411061,871.233182,0.000000,0.000000,21.691831,1.843216,-19.461510,0.308533,0.308533,0.066935,-1.251814,-1.251814,-2.081902,0.226152,0.267756,248.096606,248.096606,493.213137,2,0.000000,true,
131.000000,1.400000,0.000000,290.293926,290.293926,290.293926,290.293926,870.881778,0.000000,0.000000,21.691428,1.818516,-19.495565,0.303029,0.303029,0.065941,-1.263926,-1.263926,-2.084348,0.224129,0.266049,250.500930,250.500930,494.154475,2,0.000000,true,
131.000000,1.375000,0.000000,290.165611,290.165611,290.165611,290.165611,870.496832,0.000000,0.000000,21.690995,1.793620,-19.529743,0.297529,0.297529,0.064942,-1.275954,-1.275954,-2.086797,0.222075,0.264316,252.890016,252.890016,495.097766,2,0.000000,true,
131.000000,1.350000,0.000000,290.025529,290.025529,290.025529,290.025529,870.076588,0.000000,0.000000,21.690531,1.768526,-19.564043,0.292031,0.292031,0.063937,-1.287899,-1.287899,-2.089250,0.219990,0.262556,255.264116,255.264116,496.042953,2,0.000000,true,
131.000000,1.325000,0.000000,289.873076,289.873076,289.873076,289.873076,869.619227,0.000000,0.000000,21.690035,1.743232,-19.598467,0.286537,0.286537,0.062926,-1.299762,-1.299762,-2.091706,0.217874,0.260770,257.623481,257.623481,496.989983,2,0.000000,true,
131.000000,1.300000,0.000000,289.707618,289.707618,289.707618,289.707618,869.122854,0.000000,0.000000,21.689507,1.717738,-19.633015,0.281046,0.281046,0.061909,-1.311544,-1.311544,-2.094166,0.215725,0.258955,259.968359,259.968359,497.938807,2,0.000000,true,
131.000000,1.275000,0.000000,289.528498,289.528498,289.528498,289.528498,868.585495,0.000000,0.000000,21.688946,1.692041,-19.667687,0.275557,0.275557,0.060885,-1.323247,-1.323247,-2.096628,0.213544,0.257113,262.298997,262.298997,498.889377,3,0.000000,true,
131.000000,1.250000,0.000000,289.335029,289.335029,289.335029,289.335029,868.005087,0.000000,0.000000,21.688352,1.666141,-19.702483,0.270072,0.270072,0.059855,-1.334872,-1.334872,-2.099094,0.211329,0.255241,264.615635,264.615635,499.841648,3,0.000000,true,
131.000000,1.225000,0.000000,289.126488,289.126488,289.126488,289.126488,867.379465,0.000000,0.000000,21.687724,1.640034,-19.737404,0.264590,0.264590,0.058819,-1.346421,-1.346421,-2.101563,0.209080,0.253340,266.918514,266.918514,500.795578,3,0.000000,true,
131.000000,1.200000,0.000000,288.902118,288.902118,288.902118,288.902118,866.706355,0.000000,0.000000,21.687063,1.613721,-19.772448,0.259112,0.259112,0.057777,-1.357894,-1.357894,-2.104034,0.206795,0.251408,269.207870,269.207870,501.751125,3,0.000000,true,
131.000000,1.175000,0.000000,288.661121,288.661121,288.661121,288.661121,865.983363,0.000000,0.000000,21.686366,1.587199,-19.807617,0.253636,0.253636,0.056728,-1.369292,-1.369292,-2.106509,0.204475,0.249445,271.483933,271.483933,502.708251,3,0.000000,true,
131.000000,1.150000,0.000000,288.402653,288.402653,288.402653,288.402653,865.207960,0.000000,0.000000,21.685636,1.560467,-19.842910,0.248164,0.248164,0.055673,-1.380618,-1.380618,-2.108987,0.202118,0.247451,273.746934,273.746934,503.666921,3,0.000000,true,
131.000000,1.125000,0.000000,288.125824,288.125824,288.125824,288.125824,864.377471,0.000000,0.000000,21.684870,1.533523,-19.878328,0.242695,0.242695,0.054611,-1.391872,-1.391872,-2.111468,0.199724,0.245423,275.997098,275.997098,504.627099,3,0.000000,true,
131.000000,1.100000,0.000000,287.829686,287.829686,287.829686,287.829686,863.489058,0.000000,0.000000,21.684068,1.506366,-19.913870,0.237229,0.237229,0.053543,-1.403055,-1.403055,-2.113952,0.197292,0.243362,278.234646,278.234646,505.588753,3,0.000000,true,
131.000000,1.075000,0.000000,287.513234,287.513234,287.513234,287.513234,862.539703,0.000000,0.000000,21.683231,1.478994,-19.949535,0.231766,0.231766,0.052468,-1.414169,-1.414169,-2.116439,0.194820,0.241266,280.459796,280.459796,506.551851,3,0.000000,true,
131.000000,1.050000,0.000000,287.175398,287.175398,287.175398,287.175398,861.526193,0.000000,0.000000,21.682358,1.451406,-19.985324,0.226307,0.226307,0.051386,-1.425215,-1.425215,-2.118929,0.192309,0.239135,282.672762,282.672762,507.516364,3,0.000000,true,
131.000000,1.025000,0.000000,286.815032,286.815032,286.815032,286.815032,860.445095,0.000000,0.000000,21.681449,1.423601,-20.021237,0.220851,0.220851,0.050298,-1.436194,-1.436194,-2.121421,0.189756,0.236968,284.873755,284.873755,508.482263,3,0.000000,true,
131.000000,1.000000,0.000000,286.430911,286.430911,286.430911,286.430911,859.292732,0.000000,0.000000,21.680503,1.395576,-20.057272,0.215399,0.215399,0.049203,-1.447106,-1.447106,-2.123917,0.187162,0.234763,287.062982,287.062982,509.449523,3,0.000000,true,
131.000000,0.975000,0.000000,286.021721,286.021721,286.021721,286.021721,858.065164,0.000000,0.000000,21.679520,1.367330,-20.093430,0.209949,0.209949,0.048101,-1.457954,-1.457954,-2.126415,0.184524,0.232520,289.240646,289.240646,510.418116,3,0.000000,true,
131.000000,0.950000,0.000000,285.586050,285.586050,285.586050,285.586050,856.758150,0.000000,0.000000,21.678500,1.338862,-20.129710,0.204503,0.204503,0.046993,-1.468737,-1.468737,-2.128916,0.181843,0.230236,291.406946,291.406946,511.388020,3,0.000000,true,
131.000000,0.925000,0.000000,285.122373,285.122373,285.122373,285.122373,855.367119,0.000000,0.000000,21.677443,1.310169,-20.166112,0.199061,0.199061,0.045878,-1.479458,-1.479458,-2.131419,0.179116,0.227912,293.562079,293.562079,512.359210,3,0.000000,true,
131.000000,0.900000,0.000000,284.629045,284.629045,284.629045,284.629045,853.887134,0.000000,0.000000,21.676348,1.281250,-20.202634,0.193622,0.193622,0.044757,-1.490117,-1.490117,-2.133926,0.176344,0.225545,295.706237,295.706237,513.331666,3,0.000000,true,
131.000000,0.875000,0.000000,284.104282,284.104282,284.104282,284.104282,852.312845,0.000000,0.000000,21.675216,1.252103,-20.239278,0.188186,0.188186,0.043628,-1.500715,-1.500715,-2.136435,0.173523,0.223135,297.839609,297.839609,514.305366,3,0.000000,true,
131.000000,0.850000,0.000000,283.546147,283.546147,283.546147,283.546147,850.638441,0.000000,0.000000,21.674045,1.222726,-20.276041,0.182753,0.182753,0.042493,-1.511254,-1.511254,-2.138947,0.170654,0.220679,299.962380,299.962380,515.280289,3,0.000000,true,
131.000000,0.825000,0.000000,282.952532,282.952532,282.952532,282.952532,848.857595,0.000000,0.000000,21.672836,1.193117,-20.312923,0.177324,0.177324,0.041351,-1.521733,-1.521733,-2.141461,0.167734,0.218176,302.074734,302.074734,516.256419,3,0.000000,true,
131.000000,0.800000,0.000000,282.321133,282.321133,282.321133,282.321133,846.963399,0.000000,0.000000,21.671588,1.163273,-20.349923,0.171899,0.171899,0.040203,-1.532155,-1.532155,-2.143978,0.164763,0.215625,304.176848,304.176848,517.233735,3,0.000000,true,
131.000000,0.775000,0.000000,281.649429,281.649429,281.649429,281.649429,844.948286,0.000000,0.000000,21.670301,1.133193,-20.387041,0.166476,0.166476,0.039047,-1.542520,-1.542520,-2.146498,0.161738,0.213023,306.268899,306.268899,518.212221,3,0.000000,true,
131.000000,0.750000,0.000000,280.934649,280.934649,280.934649,280.934649,842.803946,0.000000,0.000000,21.668976,1.102874,-20.424276,0.161057,0.161057,0.037885,-1.552828,-1.552828,-2.149021,0.158658,0.210368,308.351059,308.351059,519.191861,3,0.000000,true,
131.000000,0.725000,0.000000,280.173740,280.173740,280.173740,280.173740,840.521220,0.000000,0.000000,21.667611,1.072312,-20.461626,0.155642,0.155642,0.036716,-1.563082,-1.563082,-2.151545,0.155522,0.207658,310.423497,310.423497,520.172639,3,0.000000,true,
131.000000,0.700000,0.000000,279.363327,279.363327,279.363327,279.363327,838.089982,0.000000,0.000000,21.666207,1.041506,-20.499091,0.150230,0.150230,0.035541,-1.573281,-1.573281,-2.154073,0.152327,0.204890,312.486379,312.486379,521.154539,3,0.000000,true,
131.000000,0.675000,0.000000,278.499666,278.499666,278.499666,278.499666,835.498998,0.000000,0.000000,21.664763,1.010452,-20.536670,0.144821,0.144821,0.034359,-1.583427,-1.583427,-2.156603,0.149071,0.202062,314.539870,314.539870,522.137549,3,0.000000,true,
131.000000,0.650000,0.000000,277.578584,277.578584,277.578584,277.578584,832.735752,0.000000,0.000000,21.663279,0.979146,-20.574362,0.139415,0.139415,0.033170,-1.593521,-1.593521,-2.159135,0.145752,0.199171,316.584128,316.584128,523.121654,3,0.000000,true,
131.000000,0.625000,0.000000,276.595417,276.595417,276.595417,276.595417,829.786250,0.000000,0.000000,21.661754,0.947584,-20.612166,0.134013,0.134013,0.031974,-1.603562,-1.603562,-2.161670,0.142369,0.196213,318.619311,318.619311,524.106841,3,0.000000,true,
131.000000,0.600000,0.000000,275.544925,275.544925,275.544925,275.544925,826.634775,0.000000,0.000000,21.660190,0.915763,-20.650080,0.128614,0.128614,0.030772,-1.613553,-1.613553,-2.164207,0.138917,0.193184,320.645574,320.645574,525.093099,3,0.000000,true,
131.000000,0.575000,0.000000,274.421196,274.421196,274.421196,274.421196,823.263589,0.000000,0.000000,21.658584,0.883677,-20.688104,0.123218,0.123218,0.029563,-1.623494,-1.623494,-2.166747,0.135395,0.190081,322.663069,322.663069,526.080414,3,0.000000,true,
131.000000,0.550000,0.000000,273.217526,273.217526,273.217526,273.217526,819.652577,0.000000,0.000000,21.656937,0.851322,-20.726235,0.117826,0.117826,0.028348,-1.633386,-1.633386,-2.169289,0.131799,0.186899,324.671944,324.671944,527.068777,3,0.000000,true,
131.000000,0.525000,0.000000,271.926267,271.926267,271.926267,271.926267,815.778801,0.000000,0.000000,21.655250,0.818692,-20.764474,0.112437,0.112437,0.027125,-1.643229,-1.643229,-2.171833,0.128125,0.183633,326.672346,326.672346,528.058176,3,0.000000,true,
131.000000,0.500000,0.000000,270.538649,270.538649,270.538649,270.538649,811.615947,0.000000,0.000000,21.653520,0.785780,-20.802818,0.107052,0.107052,0.025897,-1.653025,-1.653025,-2.174380,0.124371,0.180276,328.664419,328.664419,529.048601,3,0.000000,true,
131.000000,0.475000,0.000000,269.044544,269.044544,269.044544,269.044544,807.133633,0.000000,0.000000,21.651749,0.752579,-20.841267,0.101669,0.101669,0.024662,-1.662773,-1.662773,-2.176929,0.120532,0.176822,330.648304,330.648304,530.040043,3,0.000000,true,
131.000000,0.450000,0.000000,267.432175,267.432175,267.432175,267.432175,802.296525,0.000000,0.000000,21.649936,0.719081,-20.879818,0.096290,0.096290,0.023420,-1.672476,-1.672476,-2.179480,0.116603,0.173263,332.624140,332.624140,531.032492,3,0.000000,true,
131.000000,0.425000,0.000000,265.687734,265.687734,265.687734,265.687734,797.063202,0.000000,0.000000,21.648080,0.685277,-20.918471,0.090914,0.090914,0.022172,-1.682133,-1.682133,-2.182034,0.112579,0.169591,334.592062,334.592062,532.025939,3,0.000000,true,
131.000000,0.400000,0.000000,263.794895,263.794895,263.794895,263.794895,791.384684,0.000000,0.000000,21.646181,0.651155,-20.957224,0.085541,0.085541,0.020917,-1.691745,-1.691745,-2.184590,0.108454,0.165794,336.552205,336.552205,533.020375,3,0.000000,true,
131.000000,0.375000,0.000000,261.734156,261.734156,261.734156,261.734156,785.202468,0.000000,0.000000,21.644240,0.616704,-20.996075,0.080172,0.080172,0.019656,-1.701313,-1.701313,-2.187147,0.104221,0.161860,338.504701,338.504701,534.015793,3,0.000000,true,
131.000000,0.350000,0.000000,259.481968,259.481968,259.481968,259.481968,778.445903,0.000000,0.000000,21.642255,0.581910,-21.035023,0.074806,0.074806,0.018389,-1.710838,-1.710838,-2.189708,0.099873,0.157776,340.449677,340.449677,535.012184,3,0.000000,true,
131.000000,0.325000,0.000000,257.009526,257.009526,257.009526,257.009526,771.028579,0.000000,0.000000,21.640226,0.546757,-21.074067,0.069442,0.069442,0.017115,-1.720320,-1.720320,-2.192270,0.095400,0.153523,342.387261,342.387261,536.009541,3,0.000000,true,
131.000000,0.300000,0.000000,254.281092,254.281092,254.281092,254.281092,762.843275,0.000000,0.000000,21.638154,0.511224,-21.113204,0.064083,0.064083,0.015835,-1.729760,-1.729760,-2.194834,0.090791,0.149079,344.317577,344.317577,537.007857,3,0.000000,true,
131.000000,0.275000,0.000000,251.251566,251.251566,251.251566,251.251566,753.754698,0.000000,0.000000,21.636037,0.475289,-21.152433,0.058726,0.058726,0.014549,-1.739159,-1.739159,-2.197400,0.086035,0.144419,346.240747,346.240747,538.007125,3,0.000000,true,
131.000000,0.250000,0.000000,247.862919,247.862919,247.862919,247.862919,743.588756,0.000000,0.000000,21.633875,0.438925,-21.191753,0.053372,0.053372,0.013256,-1.748517,-1.748517,-2.199969,0.081114,0.139510,348.156891,348.156891,539.007337,3,0.000000,true,
131.000000,0.225000,0.000000,244.038721,244.038721,244.038721,244.038721,732.116162,0.000000,0.000000,21.631668,0.402097,-21.231161,0.048021,0.048021,0.011958,-1.757835,-1.757835,-2.202539,0.076012,0.134308,350.066125,350.066125,540.008487,3,0.000000,true,
131.000000,0.200000,0.000000,239.675444,239.675444,239.675444,239.675444,719.026332,0.000000,0.000000,21.629416,0.364764,-21.270656,0.042674,0.042674,0.010653,-1.767114,-1.767114,-2.205111,0.070704,0.128757,351.968563,351.968563,541.010567,3,0.000000,true,
131.000000,0.175000,0.000000,234.627927,234.627927,234.627927,234.627927,703.883780,0.000000,0.000000,21.627117,0.326873,-21.310236,0.037329,0.037329,0.009342,-1.776353,-1.776353,-2.207685,0.065160,0.122783,353.864317,353.864317,542.013570,3,0.000000,true,
131.000000,0.150000,0.000000,228.683555,228.683555,228.683555,228.683555,686.050664,0.000000,0.000000,21.624773,0.288356,-21.349900,0.031987,0.031987,0.008025,-1.785555,-1.785555,-2.210261,0.059341,0.116278,355.753492,355.753492,543.017488,3,0.000000,true,
131.000000,0.125000,0.000000,221.512700,221.512700,221.512700,221.512700,664.538100,0.000000,0.000000,21.622382,0.249118,-21.389645,0.026649,0.026649,0.006702,-1.794718,-1.794718,-2.212839,0.053193,0.109083,357.636189,357.636189,544.022310,3,0.000000,true,
131.000000,0.100000,0.000000,212.563166,212.563166,212.563166,212.563166,637.689499,0.000000,0.000000,21.619944,0.209029,-21.429469,0.021313,0.021313,0.005373,-1.803844,-1.803844,-2.215419,0.046640,0.100947,359.512493,359.512493,545.028019,3,0.000000,true,
131.000000,0.075000,0.000000,200.799937,200.799937,200.799937,200.799937,602.399810,0.000000,0.000000,21.617458,0.167887,-21.469369,0.015981,0.015981,0.004039,-1.812934,-1.812934,-2.218000,0.039566,0.091432,361.382461,361.382461,546.034582,4,0.000000,true,
131.000000,0.050000,0.000000,183.900329,183.900329,183.900329,183.900329,551.700986,0.000000,0.000000,21.614925,0.125352,-21.509340,0.010651,0.010651,0.002698,-1.821986,-1.821986,-2.220582,0.031782,0.079637,363.246047,363.246047,547.041913,4,0.000000,true,
131.000000,0.025000,0.000000,154.463996,154.463996,154.463996,154.463996,463.391988,0.000000,0.000000,21.612345,0.080719,-21.549364,0.005324,0.005324,0.001352,-1.830998,-1.830998,-2.223165,0.022979,0.063078,365.102599,365.102599,548.049597,4,0.000000,true,
131.000000,0.000000,0.000000,0.000000,0.000000,0.000000,0.000000,0.000000,0.000000,0.000000,21.609862,0.034039,-21.587264,0.000000,0.000000,0.000000,-1.839484,-1.839484,-2.225608,0.020770,0.020770,366.852049,366.852049,549.002925,7,0.000000,true,
131.100000,4.000000,0.000000,329.092758,329.092758,329.092758,329.092758,987.278275,0.000000,0.000000,22.003072,4.093051,-16.081646,0.856864,0.856864,0.206273,-0.153662,-0.153662,-1.856474,0.363355,0.388403,34.641372,34.641372,429.749490,4,0.000000,true,
131.100000,3.975000,0.000000,328.361852,328.361852,328.361852,328.361852,985.085555,0.000000,0.000000,21.995982,4.069952,-16.116984,0.851959,0.851959,0.204081,-0.156209,-0.156209,-1.858797,0.362302,0.387427,35.131041,35.131041,430.125196,3,0.000000,true,
131.100000,3.950000,0.000000,327.628783,327.628783,327.628783,327.628783,982.886348,0.000000,0.000000,21.988917,4.046844,-16.152282,0.847047,0.847047,0.201906,-0.158833,-0.158833,-1.861106,0.361242,0.386446,35.635456,35.635456,430.499400,3,0.000000,true,
131.100000,3.925000,0.000000,326.893623,326.893623,326.893623,326.893623,980.680868,0.000000,0.000000,21.981875,4.023730,-16.187541,0.842127,0.842127,0.199746,-0.161536,-0.161536,-1.863401,0.360177,0.385461,36.155251,36.155251,430.872161,3,0.000000,true,
131.100000,3.900000,0.000000,326.156450,326.156450,326.156450,326.156450,978.469350,0.000000,0.000000,21.974859,4.000608,-16.222759,0.837199,0.837199,0.197601,-0.164324,-0.164324,-1.865682,0.359107,0.384470,36.691097,36.691097,431.243542,3,0.000000,true,
131.100000,3.875000,0.000000,325.417350,325.417350,325.417350,325.417350,976.252049,0.000000,0.000000,21.967870,3.977482,-16.257936,0.832264,0.832264,0.195473,-0.167198,-0.167198,-1.867950,0.358030,0.383474,37.243699,37.243699,431.613612,3,0.000000,true,
131.100000,3.850000,0.000000,324.676416,324.676416,324.676416,324.676416,974.029248,0.000000,0.000000,21.960909,3.954350,-16.293071,0.827320,0.827320,0.193360,-0.170164,-0.170164,-1.870204,0.356949,0.382473,37.813800,37.813800,431.982443,3,0.000000,true,
131.100000,3.825000,0.000000,323.933752,323.933752,323.933752,323.933752,971.801255,0.000000,0.000000,21.953976,3.931215,-16.328163,0.822368,0.822368,0.191263,-0.173224,-0.173224,-1.872444,0.355862,0.381468,38.402185,38.402185,432.350111,3,0.000000,true,
131.100000,3.800000,0.000000,323.189469,323.189469,323.189469,323.189469,969.568406,0.000000,0.000000,21.947074,3.908078,-16.363212,0.817409,0.817409,0.189182,-0.176385,-0.176385,-1.874672,0.354769,0.380457,39.009678,39.009678,432.716699,3,0.000000,true,
131.100000,3.775000,0.000000,322.443690,322.443690,322.443690,322.443690,967.331070,0.000000,0.000000,21.940203,3.884939,-16.398216,0.812442,0.812442,0.187117,-0.179649,-0.179649,-1.876886,0.353670,0.379441,39.637151,39.637151,433.082294,3,0.000000,true,
131.100000,3.750000,0.000000,321.696550,321.696550,321.696550,321.696550,965.089650,0.000000,0.000000,21.933365,3.861801,-16.433175,0.807466,0.807466,0.185068,-0.183022,-0.183022,-1.879086,0.352566,0.378421,40.285520,40.285520,433.446991,3,0.000000,true,
131.100000,3.725000,0.000000,320.948195,320.948195,320.948195,320.948195,962.844586,0.000000,0.000000,21.926561,3.838663,-16.468087,0.802483,0.802483,0.183035,-0.186509,-0.186509,-1.881275,0.351457,0.377396,40.955755,40.955755,433.810890,3,0.000000,true,
131.100000,3.700000,0.000000,320.198786,320.198786,320.198786,320.198786,960.596359,0.000000,0.000000,21.919793,3.815528,-16.502953,0.797491,0.797491,0.181018,-0.190115,-0.190115,-1.883450,0.350342,0.376366,41.648872,41.648872,434.174099,3,0.000000,true,
131.100000,3.675000,0.000000,319.448497,319.448497,319.448497,319.448497,958.345492,0.000000,0.000000,21.913063,3.792398,-16.537770,0.792492,0.792492,0.179017,-0.193846,-0.193846,-1.885613,0.349221,0.375331,42.365948,42.365948,434.536734,3,0.000000,true,
131.100000,3.650000,0.000000,318.697520,318.697520,318.697520,318.697520,956.092559,0.000000,0.000000,21.906373,3.769273,-16.572537,0.787484,0.787484,0.177032,-0.197707,-0.197707,-1.887764,0.348095,0.374291,43.108113,43.108113,434.898920,3,0.000000,true,
131.100000,3.625000,0.000000,317.946061,317.946061,317.946061,317.946061,953.838184,0.000000,0.000000,21.899724,3.746156,-16.607253,0.782468,0.782468,0.175064,-0.201705,-0.201705,-1.889902,0.346964,0.373246,43.876558,43.876558,435.260789,3,0.000000,true,
131.100000,3.600000,0.000000,317.194349,317.194349,317.194349,317.194349,951.583048,0.000000,0.000000,21.893118,3.723048,-16.641918,0.777444,0.777444,0.173112,-0.205846,-0.205846,-1.892029,0.345827,0.372197,44.672537,44.672537,435.622486,3,0.000000,true,
131.100000,3.575000,0.000000,316.442631,316.442631,316.442631,316.442631,949.327892,0.000000,0.000000,21.886558,3.699952,-16.676529,0.772411,0.772411,0.171177,-0.210137,-0.210137,-1.894144,0.344685,0.371144,45.497368,45.497368,435.984165,3,0.000000,true,
131.100000,3.550000,0.000000,315.691175,315.691175,315.691175,315.691175,947.073526,0.000000,0.000000,21.880046,3.676870,-16.711086,0.767370,0.767370,0.169259,-0.214586,-0.214586,-1.896248,0.343537,0.370086,46.352436,46.352436,436.345993,3,0.000000,true,
131.100000,3.525000,0.000000,314.940276,314.940276,314.940276,314.940276,944.820829,0.000000,0.000000,21.873585,3.653803,-16.745586,0.762321,0.762321,0.167358,-0.219200,-0.219200,-1.898340,0.342385,0.369023,47.239195,47.239195,436.708149,3,0.000000,true,
131.100000,3.500000,0.000000,314.190253,314.190253,314.190253,314.190253,942.570758,0.000000,0.000000,21.867176,3.630756,-16.780028,0.757263,0.757263,0.165474,-0.223986,-0.223986,-1.900422,0.341227,0.367956,48.159169,48.159169,437.070826,3,0.000000,true,
131.100000,3.475000,0.000000,313.441451,313.441451,313.441451,313.441451,940.324354,0.000000,0.000000,21.860824,3.607729,-16.814410,0.752197,0.752197,0.163607,-0.228953,-0.228953,-1.902493,0.340064,0.366885,49.113954,49.113954,437.434232,3,0.000000,true,
131.100000,3.450000,0.000000,312.694249,312.694249,312.694249,312.694249,938.082748,0.000000,0.000000,21.854530,3.584727,-16.848731,0.747121,0.747121,0.161757,-0.234110,-0.234110,-1.904554,0.338896,0.365810,50.105216,50.105216,437.798591,3,0.000000,true,
131.100000,3.425000,0.000000,311.949056,311.949056,311.949056,311.949056,935.847167,0.000000,0.000000,21.848299,3.561751,-16.882988,0.742037,0.742037,0.159926,-0.239466,-0.239466,-1.906605,0.337724,0.364731,51.134695,51.134695,438.164145,3,0.000000,true,
131.100000,3.400000,0.000000,311.206313,311.206313,311.206313,311.206313,933.618939,0.000000,0.000000,21.842134,3.538806,-16.917180,0.736944,0.736944,0.158112,-0.245030,-0.245030,-1.908646,0.336546,0.363648,52.204200,52.204200,438.531154,3,0.000000,true,
131.100000,3.375000,0.000000,310.466501,310.466501,310.466501,310.466501,931.399504,0.000000,0.000000,21.836038,3.515895,-16.951305,0.731842,0.731842,0.156317,-0.250812,-0.250812,-1.910679,0.335364,0.362562,53.315607,53.315607,438.899898,3,0.000000,true,
131.100000,3.350000,0.000000,309.730139,309.730139,309.730139,309.730139,929.190417,0.000000,0.000000,21.830015,3.493022,-16.985360,0.726730,0.726730,0.154540,-0.256821,-0.256821,-1.912702,0.334178,0.361472,54.470857,54.470857,439.270676,3,0.000000,true,
131.100000,3.325000,0.000000,308.997785,308.997785,308.997785,308.997785,926.993355,0.000000,0.000000,21.824069,3.470189,-17.019342,0.721609,0.721609,0.152782,-0.263069,-0.263069,-1.914718,0.332987,0.360379,55.671949,55.671949,439.643812,3,0.000000,true,
131.100000,3.300000,0.000000,308.270042,308.270042,308.270042,308.270042,924.810126,0.000000,0.000000,21.818205,3.447403,-17.053250,0.716478,0.716478,0.151043,-0.269565,-0.269565,-1.916725,0.331793,0.359283,56.920934,56.920934,440.019651,3,0.000000,true,
131.100000,3.275000,0.000000,307.547555,307.547555,307.547555,307.547555,922.642666,0.000000,0.000000,21.812427,3.424667,-17.087080,0.711338,0.711338,0.149324,-0.276322,-0.276322,-1.918726,0.330594,0.358184,58.219901,58.219901,440.398566,3,0.000000,true,
131.100000,3.250000,0.000000,306.831018,306.831018,306.831018,306.831018,920.493055,0.000000,0.000000,21.806741,3.401985,-17.120830,0.706187,0.706187,0.147625,-0.283349,-0.283349,-1.920720,0.329392,0.357083,59.570972,59.570972,440.780951,3,0.000000,true,
131.100000,3.225000,0.000000,306.121170,306.121170,306.121170,306.121170,918.363509,0.000000,0.000000,21.801151,3.379363,-17.154497,0.701027,0.701027,0.145946,-0.290657,-0.290657,-1.922708,0.328186,0.355979,60.976279,60.976279,441.167228,3,0.000000,true,
131.100000,3.200000,0.000000,305.418795,305.418795,305.418795,305.418795,916.256386,0.000000,0.000000,21.795662,3.356806,-17.188079,0.695856,0.695856,0.144288,-0.298258,-0.298258,-1.924690,0.326978,0.354874,62.437951,62.437951,441.557845,3,0.000000,true,
131.100000,3.175000,0.000000,304.724728,304.724728,304.724728,304.724728,914.174184,0.000000,0.000000,21.790280,3.334318,-17.221571,0.690675,0.690675,0.142651,-0.306163,-0.306163,-1.926668,0.325766,0.353766,63.958091,63.958091,441.953278,3,0.000000,true,
131.100000,3.150000,0.000000,304.039846,304.039846,304.039846,304.039846,912.119539,0.000000,0.000000,21.785012,3.311906,-17.254972,0.685482,0.685482,0.141035,-0.314381,-0.314381,-1.928641,0.324552,0.352658,65.538747,65.538747,442.354025,3,0.000000,true,
131.100000,3.125000,0.000000,303.365071,303.365071,303.365071,303.365071,910.095212,0.000000,0.000000,21.779862,3.289575,-17.288277,0.680279,0.680279,0.139442,-0.322924,-0.322924,-1.930612,0.323335,0.351549,67.181887,67.181887,442.760612,3,0.000000,true,
131.100000,3.100000,0.000000,302.701361,302.701361,302.701361,302.701361,908.104083,0.000000,0.000000,21.774837,3.267330,-17.321484,0.675065,0.675065,0.137871,-0.331800,-0.331800,-1.932580,0.322117,0.350438,68.889366,68.889366,443.173586,3,0.000000,true,
131.100000,3.075000,0.000000,302.049711,302.049711,302.049711,302.049711,906.149133,0.000000,0.000000,21.769942,3.245178,-17.354590,0.669839,0.669839,0.136322,-0.341019,-0.341019,-1.934547,0.320896,0.349328,70.662885,70.662885,443.593517,3,0.000000,true,
131.100000,3.050000,0.000000,301.411141,301.411141,301.411141,301.411141,904.233423,0.000000,0.000000,21.765185,3.223123,-17.387591,0.664601,0.664601,0.134798,-0.350587,-0.350587,-1.936513,0.319675,0.348218,72.503958,72.503958,444.020991,3,0.000000,true,
131.100000,3.025000,0.000000,300.786690,300.786690,300.786690,300.786690,902.360069,0.000000,0.000000,21.760571,3.201172,-17.420486,0.659352,0.659352,0.133297,-0.360512,-0.360512,-1.938479,0.318452,0.347108,74.413865,74.413865,444.456605,3,0.000000,true,
131.100000,3.000000,0.000000,300.177404,300.177404,300.177404,300.177404,900.532213,0.000000,0.000000,21.756106,3.179329,-17.453271,0.654090,0.654090,0.131820,-0.370799,-0.370799,-1.940446,0.317228,0.345999,76.393616,76.393616,444.900968,3,0.000000,true,
131.100000,2.975000,0.000000,299.584327,299.584327,299.584327,299.584327,898.752982,0.000000,0.000000,21.751796,3.157600,-17.485944,0.648816,0.648816,0.130368,-0.381450,-0.381450,-1.942416,0.316004,0.344892,78.443901,78.443901,445.354688,3,0.000000,true,
131.100000,2.950000,0.000000,299.008485,299.008485,299.008485,299.008485,897.025454,0.000000,0.000000,21.747647,3.135989,-17.518502,0.643530,0.643530,0.128940,-0.392468,-0.392468,-1.944388,0.314780,0.343786,80.565055,80.565055,445.818368,3,0.000000,true,
131.100000,2.925000,0.000000,298.450868,298.450868,298.450868,298.450868,895.352604,0.000000,0.000000,21.743662,3.114501,-17.550946,0.638231,0.638231,0.127538,-0.403851,-0.403851,-1.946365,0.313555,0.342682,82.757021,82.757021,446.292600,3,0.000000,true,
131.100000,2.900000,0.000000,297.912422,297.912422,297.912422,297.912422,893.737265,0.000000,0.000000,21.739847,3.093137,-17.583272,0.632920,0.632920,0.126161,-0.415598,-0.415598,-1.948347,0.312331,0.341580,85.019316,85.019316,446.777952,3,0.000000,true,
131.100000,2.875000,0.000000,297.394025,297.394025,297.394025,297.394025,892.182074,0.000000,0.000000,21.736206,3.071902,-17.615482,0.627596,0.627596,0.124809,-0.427702,-0.427702,-1.950335,0.311107,0.340480,87.351011,87.351011,447.274965,3,0.000000,true,
131.100000,2.850000,0.000000,296.896474,296.896474,296.896474,296.896474,890.689422,0.000000,0.000000,21.732741,3.050796,-17.647574,0.622259,0.622259,0.123483,-0.440157,-0.440157,-1.952330,0.309884,0.339383,89.750712,89.750712,447.784140,3,0.000000,true,
131.100000,2.825000,0.000000,296.420470,296.420470,296.420470,296.420470,889.261409,0.000000,0.000000,21.729456,3.029821,-17.679550,0.616909,0.616909,0.122182,-0.452953,-0.452953,-1.954333,0.308661,0.338289,92.216562,92.216562,448.305931,3,0.000000,true,
131.100000,2.800000,0.000000,295.966600,295.966600,295.966600,295.966600,887.899801,0.000000,0.000000,21.726351,3.008975,-17.711412,0.611547,0.611547,0.120906,-0.466076,-0.466076,-1.956345,0.307439,0.337198,94.746246,94.746246,448.840737,3,0.000000,true,
131.100000,2.775000,0.000000,295.535330,295.535330,295.535330,295.535330,886.605991,0.000000,0.000000,21.723426,2.988258,-17.743161,0.606172,0.606172,0.119655,-0.479513,-0.479513,-1.958366,0.306218,0.336109,97.337015,97.337015,449.388895,3,0.000000,true,
131.100000,2.750000,0.000000,295.126992,295.126992,295.126992,295.126992,885.380975,0.000000,0.000000,21.720682,2.967667,-17.774801,0.600786,0.600786,0.118429,-0.493246,-0.493246,-1.960397,0.304997,0.335023,99.985716,99.985716,449.950677,3,0.000000,true,
131.100000,2.725000,0.000000,294.741775,294.741775,294.741775,294.741775,884.225326,0.000000,0.000000,21.718117,2.947198,-17.806336,0.595387,0.595387,0.117226,-0.507258,-0.507258,-1.962440,0.303776,0.333941,102.688835,102.688835,450.526282,3,0.000000,true,
131.100000,2.700000,0.000000,294.379730,294.379730,294.379730,294.379730,883.139191,0.000000,0.000000,21.715728,2.926845,-17.837771,0.589976,0.589976,0.116047,-0.521527,-0.521527,-1.964493,0.302555,0.332860,105.442555,105.442555,451.115835,3,0.000000,true,
131.100000,2.675000,0.000000,294.040763,294.040763,294.040763,294.040763,882.122289,0.000000,0.000000,21.713512,2.906604,-17.869110,0.584555,0.584555,0.114891,-0.536033,-0.536033,-1.966559,0.301333,0.331782,108.242811,108.242811,451.719390,3,0.000000,true,
131.100000,2.650000,0.000000,293.724640,293.724640,293.724640,293.724640,881.173920,0.000000,0.000000,21.711464,2.886467,-17.900360,0.579122,0.579122,0.113756,-0.550754,-0.550754,-1.968636,0.300111,0.330705,111.085359,111.085359,452.336925,3,0.000000,true,
131.100000,2.625000,0.000000,293.430998,293.430998,293.430998,293.430998,880.292993,0.000000,0.000000,21.709580,2.866426,-17.931528,0.573679,0.573679,0.112643,-0.565665,-0.565665,-1.970726,0.298888,0.329630,113.965839,113.965839,452.968352,3,0.000000,true,
131.100000,2.600000,0.000000,293.159349,293.159349,293.159349,293.159349,879.478048,0.000000,0.000000,21.707854,2.846473,-17.962621,0.568225,0.568225,0.111549,-0.580745,-0.580745,-1.972829,0.297663,0.328556,116.879842,116.879842,453.613517,3,0.000000,true,
131.100000,2.575000,0.000000,292.909097,292.909097,292.909097,292.909097,878.727292,0.000000,0.000000,21.706279,2.826597,-17.993646,0.562762,0.562762,0.110475,-0.595970,-0.595970,-1.974944,0.296436,0.327483,119.822973,119.822973,454.272206,3,0.000000,true,
131.100000,2.550000,0.000000,292.679547,292.679547,292.679547,292.679547,878.038642,0.000000,0.000000,21.704848,2.806790,-18.024611,0.557291,0.557291,0.109419,-0.611317,-0.611317,-1.977072,0.295206,0.326409,122.790905,122.790905,454.944153,3,0.000000,true,
131.100000,2.525000,0.000000,292.469921,292.469921,292.469921,292.469921,877.409764,0.000000,0.000000,21.703554,2.787040,-18.055525,0.551810,0.551810,0.108379,-0.626764,-0.626764,-1.979212,0.293973,0.325335,125.779433,125.779433,455.629048,3,0.000000,true,
131.100000,2.500000,0.000000,292.279373,292.279373,292.279373,292.279373,876.838119,0.000000,0.000000,21.702389,2.767337,-18.086395,0.546322,0.546322,0.107355,-0.642291,-0.642291,-1.981365,0.292735,0.324260,128.784514,128.784514,456.326540,3,0.000000,true,
131.100000,2.475000,0.000000,292.107001,292.107001,292.107001,292.107001,876.321003,0.000000,0.000000,21.701346,2.747670,-18.117231,0.540827,0.540827,0.106346,-0.657876,-0.657876,-1.983530,0.291492,0.323182,131.802301,131.802301,457.036251,3,0.000000,true,
131.100000,2.450000,0.000000,291.951863,291.951863,291.951863,291.951863,875.855588,0.000000,0.000000,21.700416,2.728028,-18.148039,0.535324,0.535324,0.105351,-0.673502,-0.673502,-1.985708,0.290244,0.322102,134.829170,134.829170,457.757775,3,0.000000,true,
131.100000,2.425000,0.000000,291.812987,291.812987,291.812987,291.812987,875.438962,0.000000,0.000000,21.699593,2.708401,-18.178829,0.529816,0.529816,0.104368,-0.689150,-0.689150,-1.987897,0.288990,0.321019,137.861738,137.861738,458.490692,3,0.000000,true,
131.100000,2.400000,0.000000,291.689387,291.689387,291.689387,291.689387,875.068162,0.000000,0.000000,21.698868,2.688777,-18.209609,0.524302,0.524302,0.103397,-0.704804,-0.704804,-1.990097,0.287729,0.319931,140.896871,140.896871,459.234570,3,0.000000,true,
131.100000,2.375000,0.000000,291.580069,291.580069,291.580069,291.580069,874.740206,0.000000,0.000000,21.698233,2.669147,-18.240386,0.518782,0.518782,0.102436,-0.720449,-0.720449,-1.992309,0.286460,0.318839,143.931694,143.931694,459.988972,3,0.000000,true,
131.100000,2.350000,0.000000,291.484038,291.484038,291.484038,291.484038,874.452114,0.000000,0.000000,21.697681,2.649499,-18.271168,0.513258,0.513258,0.101485,-0.736071,-0.736071,-1.994532,0.285183,0.317741,146.963587,146.963587,460.753461,3,0.000000,true,
131.100000,2.325000,0.000000,291.400313,291.400313,291.400313,291.400313,874.200939,0.000000,0.000000,21.697205,2.629825,-18.301963,0.507729,0.507729,0.100542,-0.751658,-0.751658,-1.996765,0.283897,0.316638,149.990179,149.990179,461.527600,3,0.000000,true,
131.100000,2.300000,0.000000,291.327925,291.327925,291.327925,291.327925,873.983774,0.000000,0.000000,21.696797,2.610113,-18.332778,0.502197,0.502197,0.099606,-0.767199,-0.767199,-1.999008,0.282601,0.315527,153.009343,153.009343,462.310963,3,0.000000,true,
131.100000,2.275000,0.000000,291.265926,291.265926,291.265926,291.265926,873.797777,0.000000,0.000000,21.696452,2.590356,-18.363619,0.496661,0.496661,0.098677,-0.782685,-0.782685,-2.001261,0.281294,0.314410,156.019179,156.019179,463.103132,3,0.000000,true,
131.100000,2.250000,0.000000,291.213392,291.213392,291.213392,291.213392,873.640176,0.000000,0.000000,21.696163,2.570543,-18.394493,0.491123,0.491123,0.097754,-0.798106,-0.798106,-2.003523,0.279977,0.313284,159.018009,159.018009,463.903699,3,0.000000,true,
131.100000,2.225000,0.000000,291.169425,291.169425,291.169425,291.169425,873.508276,0.000000,0.000000,21.695924,2.550667,-18.425406,0.485582,0.485582,0.096836,-0.813454,-0.813454,-2.005795,0.278647,0.312149,162.004356,162.004356,464.712271,2,0.000000,true,
131.100000,2.200000,0.000000,291.133156,291.133156,291.133156,291.133156,873.399469,0.000000,0.000000,21.695728,2.530720,-18.456364,0.480039,0.480039,0.095923,-0.828724,-0.828724,-2.008075,0.277306,0.311006,164.976933,164.976933,465.528471,2,0.000000,true,
131.100000,2.175000,0.000000,291.103745,291.103745,291.103745,291.103745,873.311234,0.000000,0.000000,21.695572,2.510694,-18.487373,0.474494,0.474494,0.095012,-0.843908,-0.843908,-2.010364,0.275951,0.309852,167.934625,167.934625,466.351934,2,0.000000,true,
131.100000,2.150000,0.000000,291.080380,291.080380,291.080380,291.080380,873.241139,0.000000,0.000000,21.695449,2.490581,-18.518437,0.468947,0.468947,0.094105,-0.859004,-0.859004,-2.012661,0.274583,0.308688,170.876479,170.876479,467.182314,2,0.000000,true,
131.100000,2.125000,0.000000,291.062280,291.062280,291.062280,291.062280,873.186841,0.000000,0.000000,21.695355,2.470375,-18.549563,0.463400,0.463400,0.093200,-0.874005,-0.874005,-2.014966,0.273200,0.307513,173.801685,173.801685,468.019280,2,0.000000,true,
131.100000,2.100000,0.000000,291.048694,291.048694,291.048694,291.048694,873.146083,0.000000,0.000000,21.695285,2.450069,-18.580754,0.457852,0.457852,0.092297,-0.888910,-0.888910,-2.017278,0.271803,0.306326,176.709564,176.709564,468.862516,2,0.000000,true,
131.100000,2.075000,0.000000,291.038899,291.038899,291.038899,291.038899,873.116696,0.000000,0.000000,21.695235,2.429656,-18.612014,0.452303,0.452303,0.091394,-0.903714,-0.903714,-2.019597,0.270390,0.305127,179.599555,179.599555,469.711724,2,0.000000,true,
131.100000,2.050000,0.000000,291.032196,291.032196,291.032196,291.032196,873.096588,0.000000,0.000000,21.695202,2.409132,-18.643349,0.446754,0.446754,0.090492,-0.918416,-0.918416,-2.021924,0.268962,0.303916,182.471204,182.471204,470.566620,2,0.000000,true,
131.100000,2.025000,0.000000,291.027916,291.027916,291.027916,291.027916,873.083749,0.000000,0.000000,21.695180,2.388490,-18.674762,0.441205,0.441205,0.089590,-0.933014,-0.933014,-2.024257,0.267517,0.302691,185.324151,185.324151,471.426936,2,0.000000,true,
131.100000,2.000000,0.000000,291.025413,291.025413,291.025413,291.025413,873.076239,0.000000,0.000000,21.695168,2.367724,-18.706256,0.435656,0.435656,0.088688,-0.947506,-0.947506,-2.026596,0.266055,0.301453,188.158120,188.158120,472.292419,2,0.000000,true,
131.100000,1.975000,0.000000,291.024063,291.024063,291.024063,291.024063,873.072189,0.000000,0.000000,21.695162,2.346831,-18.737835,0.430107,0.430107,0.087785,-0.961892,-0.961892,-2.028942,0.264575,0.300200,190.972910,190.972910,473.162829,2,0.000000,true,
131.100000,1.950000,0.000000,291.023264,291.023264,291.023264,291.023264,873.069792,0.000000,0.000000,21.695158,2.325806,-18.769502,0.424560,0.424560,0.086881,-0.976170,-0.976170,-2.031293,0.263077,0.298933,193.768387,193.768387,474.037941,2,0.000000,true,
131.100000,1.925000,0.000000,291.022434,291.022434,291.022434,291.022434,873.067301,0.000000,0.000000,21.695154,2.304643,-18.801260,0.419013,0.419013,0.085975,-0.990341,-0.990341,-2.033651,0.261561,0.297650,196.544474,196.544474,474.917541,2,0.000000,true,
131.100000,1.900000,0.000000,291.021007,291.021007,291.021007,291.021007,873.063022,0.000000,0.000000,21.695147,2.283339,-18.833112,0.413467,0.413467,0.085067,-1.004405,-1.004405,-2.036014,0.260025,0.296352,199.301146,199.301146,475.801428,2,0.000000,true,
131.100000,1.875000,0.000000,291.018437,291.018437,291.018437,291.018437,873.055311,0.000000,0.000000,21.695135,2.261889,-18.865060,0.407922,0.407922,0.084156,-1.018361,-1.018361,-2.038382,0.258470,0.295038,202.038423,202.038423,476.689414,2,0.000000,true,
131.100000,1.850000,0.000000,291.014189,291.014189,291.014189,291.014189,873.042567,0.000000,0.000000,21.695116,2.240290,-18.897107,0.402378,0.402378,0.083243,-1.032210,-1.032210,-2.040756,0.256895,0.293707,204.756362,204.756362,477.581321,2,0.000000,true,
131.100000,1.825000,0.000000,291.007742,291.007742,291.007742,291.007742,873.023227,0.000000,0.000000,21.695087,2.218538,-18.929256,0.396836,0.396836,0.082328,-1.045953,-1.045953,-2.043135,0.255299,0.292359,207.455057,207.455057,478.476979,2,0.000000,true,
131.100000,1.800000,0.000000,290.998588,290.998588,290.998588,290.998588,872.995763,0.000000,0.000000,21.695047,2.196631,-18.961508,0.391296,0.391296,0.081409,-1.059590,-1.059590,-2.045518,0.253682,0.290993,210.134629,210.134629,479.376233,2,0.000000,true,
131.100000,1.775000,0.000000,290.986225,290.986225,290.986225,290.986225,872.958676,0.000000,0.000000,21.694993,2.174563,-18.993865,0.385757,0.385757,0.080486,-1.073122,-1.073122,-2.047907,0.252043,0.289610,212.795224,212.795224,480.278931,2,0.000000,true,
131.100000,1.750000,0.000000,290.970163,290.970163,290.970163,290.970163,872.910489,0.000000,0.000000,21.694925,2.152333,-19.026329,0.380220,0.380220,0.079560,-1.086550,-1.086550,-2.050300,0.250382,0.288208,215.437013,215.437013,481.184935,2,0.000000,true,
131.100000,1.725000,0.000000,290.949916,290.949916,290.949916,290.949916,872.849748,0.000000,0.000000,21.694839,2.129938,-19.058903,0.374685,0.374685,0.078630,-1.099875,-1.099875,-2.052698,0.248698,0.286787,218.060180,218.060180,482.094113,2,0.000000,true,
131.100000,1.700000,0.000000,290.925003,290.925003,290.925003,290.925003,872.775009,0.000000,0.000000,21.694735,2.107374,-19.091586,0.369152,0.369152,0.077696,-1.113099,-1.113099,-2.055100,0.246992,0.285347,220.664929,220.664929,483.006339,2,0.000000,true,
131.100000,1.675000,0.000000,290.894947,290.894947,290.894947,290.894947,872.684842,0.000000,0.000000,21.694612,2.084639,-19.124382,0.363622,0.363622,0.076757,-1.126221,-1.126221,-2.057506,0.245261,0.283887,223.251474,223.251474,483.921497,2,0.000000,true,
131.100000,1.650000,0.000000,290.859273,290.859273,290.859273,290.859273,872.577820,0.000000,0.000000,21.694468,2.061730,-19.157291,0.358093,0.358093,0.075814,-1.139245,-1.139245,-2.059917,0.243506,0.282406,225.820041,225.820041,484.839477,2,0.000000,true,
131.100000,1.625000,0.000000,290.817506,290.817506,290.817506,290.817506,872.452517,0.000000,0.000000,21.694301,2.038645,-19.190315,0.352567,0.352567,0.074866,-1.152170,-1.152170,-2.062331,0.241727,0.280905,228.370866,228.370866,485.760173,2,0.000000,true,
131.100000,1.600000,0.000000,290.769168,290.769168,290.769168,290.769168,872.307504,0.000000,0.000000,21.694112,2.015382,-19.223455,0.347043,0.347043,0.073914,-1.164998,-1.164998,-2.064750,0.239922,0.279383,230.904189,230.904189,486.683489,2,0.000000,true,
131.100000,1.575000,0.000000,290.713780,290.713780,290.713780,290.713780,872.141340,0.000000,0.000000,21.693898,1.991938,-19.256711,0.341522,0.341522,0.072956,-1.177731,-1.177731,-2.067173,0.238091,0.277839,233.420257,233.420257,487.609331,2,0.000000,true,
131.100000,1.550000,0.000000,290.650858,290.650858,290.650858,290.650858,871.952574,0.000000,0.000000,21.693659,1.968311,-19.290086,0.336003,0.336003,0.071993,-1.190369,-1.190369,-2.069599,0.236234,0.276272,235.919322,235.919322,488.537612,2,0.000000,true,
131.100000,1.525000,0.000000,290.579912,290.579912,290.579912,290.579912,871.739735,0.000000,0.000000,21.693393,1.944499,-19.323579,0.330487,0.330487,0.071025,-1.202915,-1.202915,-2.072029,0.234351,0.274683,238.401637,238.401637,489.468249,2,0.000000,true,
131.100000,1.500000,0.000000,290.500443,290.500443,290.500443,290.500443,871.501328,0.000000,0.000000,21.693101,1.920500,-19.357192,0.324974,0.324974,0.070052,-1.215370,-1.215370,-2.074463,0.232439,0.273071,240.867459,240.867459,490.401164,2,0.000000,true,
131.100000,1.475000,0.000000,290.411943,290.411943,290.411943,290.411943,871.235830,0.000000,0.000000,21.692781,1.896312,-19.390926,0.319464,0.319464,0.069073,-1.227734,-1.227734,-2.076900,0.230500,0.271435,243.317044,243.317044,491.336285,2,0.000000,true,
131.100000,1.450000,0.000000,290.313894,290.313894,290.313894,290.313894,870.941681,0.000000,0.000000,21.692432,1.871932,-19.424781,0.313956,0.313956,0.068088,-1.240010,-1.240010,-2.079341,0.228532,0.269775,245.750651,245.750651,492.273540,2,0.000000,true,
131.100000,1.425000,0.000000,290.205762,290.205762,290.205762,290.205762,870.617287,0.000000,0.000000,21.692054,1.847361,-19.458757,0.308451,0.308451,0.067098,-1.252198,-1.252198,-2.081786,0.226535,0.268090,248.168535,248.168535,493.212866,2,0.000000,true,
131.100000,1.400000,0.000000,290.087000,290.087000,290.087000,290.087000,870.261001,0.000000,0.000000,21.691646,1.822594,-19.492856,0.302949,0.302949,0.066102,-1.264301,-1.264301,-2.084234,0.224509,0.266379,250.570952,250.570952,494.154198,2,0.000000,true,
131.100000,1.375000,0.000000,289.957044,289.957044,289.957044,289.957044,869.871131,0.000000,0.000000,21.691208,1.797632,-19.527078,0.297450,0.297450,0.065100,-1.276319,-1.276319,-2.086685,0.222452,0.264643,252.958158,252.958158,495.097480,2,0.000000,true,
131.100000,1.350000,0.000000,289.815307,289.815307,289.815307,289.815307,869.445922,0.000000,0.000000,21.690738,1.772471,-19.561423,0.291954,0.291954,0.064092,-1.288254,-1.288254,-2.089140,0.220363,0.262880,255.330404,255.330404,496.042654,2,0.000000,true,
131.100000,1.325000,0.000000,289.661185,289.661185,289.661185,289.661185,868.983554,0.000000,0.000000,21.690236,1.747111,-19.595891,0.286461,0.286461,0.063078,-1.300108,-1.300108,-2.091598,0.218244,0.261090,257.687941,257.687941,496.989668,2,0.000000,true,
131.100000,1.300000,0.000000,289.494045,289.494045,289.494045,289.494045,868.482135,0.000000,0.000000,21.689703,1.721550,-19.630484,0.280971,0.280971,0.062058,-1.311881,-1.311881,-2.094059,0.216092,0.259272,260.031017,260.031017,497.938472,2,0.000000,true,
131.100000,1.275000,0.000000,289.313230,289.313230,289.313230,289.313230,867.939691,0.000000,0.000000,21.689137,1.695786,-19.665200,0.275484,0.275484,0.061032,-1.323574,-1.323574,-2.096523,0.213907,0.257426,262.359876,262.359876,498.889020,3,0.000000,true,
131.100000,1.250000,0.000000,289.118053,289.118053,289.118053,289.118053,867.354159,0.000000,0.000000,21.688537,1.669818,-19.700041,0.270000,0.270000,0.059999,-1.335190,-1.335190,-2.098991,0.211688,0.255551,264.674761,264.674761,499.841265,3,0.000000,true,
131.100000,1.225000,0.000000,288.907792,288.907792,288.907792,288.907792,866.723375,0.000000,0.000000,21.687905,1.643644,-19.735007,0.264520,0.264520,0.058960,-1.346729,-1.346729,-2.101462,0.209435,0.253646,266.975910,266.975910,500.795166,3,0.000000,true,
131.100000,1.200000,0.000000,288.681689,288.681689,288.681689,288.681689,866.045066,0.000000,0.000000,21.687238,1.617262,-19.770096,0.259043,0.259043,0.057915,-1.358193,-1.358193,-2.103935,0.207147,0.251711,269.263559,269.263559,501.750683,3,0.000000,true,
131.100000,1.175000,0.000000,288.438946,288.438946,288.438946,288.438946,865.316837,0.000000,0.000000,21.686537,1.590672,-19.805311,0.253568,0.253568,0.056863,-1.369583,-1.369583,-2.106412,0.204823,0.249744,271.537939,271.537939,502.707776,3,0.000000,true,
131.100000,1.150000,0.000000,288.178720,288.178720,288.178720,288.178720,864.536159,0.000000,0.000000,21.685801,1.563871,-19.840649,0.248098,0.248098,0.055805,-1.380900,-1.380900,-2.108892,0.202462,0.247746,273.799278,273.799278,503.666410,3,0.000000,true,
131.100000,1.125000,0.000000,287.900119,287.900119,287.900119,287.900119,863.700358,0.000000,0.000000,21.685030,1.536859,-19.876112,0.242630,0.242630,0.054740,-1.392145,-1.392145,-2.111375,0.200064,0.245714,276.047802,276.047802,504.626550,3,0.000000,true,
131.100000,1.100000,0.000000,287.602199,287.602199,287.602199,287.602199,862.806596,0.000000,0.000000,21.684224,1.509633,-19.911700,0.237166,0.237166,0.053669,-1.403320,-1.403320,-2.113860,0.197627,0.243649,278.283732,278.283732,505.588164,3,0.000000,true,
131.100000,1.075000,0.000000,287.283951,287.283951,287.283951,287.283951,861.851854,0.000000,0.000000,21.683382,1.482193,-19.947411,0.231705,0.231705,0.052591,-1.414426,-1.414426,-2.116349,0.195152,0.241550,280.507285,280.507285,506.551220,3,0.000000,true,
131.100000,1.050000,0.000000,286.944306,286.944306,286.944306,286.944306,860.832918,0.000000,0.000000,21.682504,1.454536,-19.983246,0.226247,0.226247,0.051506,-1.425463,-1.425463,-2.118841,0.192636,0.239415,282.718675,282.718675,507.515690,3,0.000000,true,
131.100000,1.025000,0.000000,286.582118,286.582118,286.582118,286.582118,859.746354,0.000000,0.000000,21.681591,1.426661,-20.019204,0.220792,0.220792,0.050415,-1.436433,-1.436433,-2.121335,0.190079,0.237243,284.918112,284.918112,508.481543,3,0.000000,true,
131.100000,1.000000,0.000000,286.196162,286.196162,286.196162,286.196162,858.588487,0.000000,0.000000,21.680640,1.398566,-20.055286,0.215341,0.215341,0.049318,-1.447338,-1.447338,-2.123832,0.187481,0.235034,287.105803,287.105803,509.448755,3,0.000000,true,
131.100000,0.975000,0.000000,285.785124,285.785124,285.785124,285.785124,857.355372,0.000000,0.000000,21.679653,1.370251,-20.091490,0.209893,0.209893,0.048213,-1.458177,-1.458177,-2.126332,0.184839,0.232787,289.281950,289.281950,510.417300,3,0.000000,true,
131.100000,0.950000,0.000000,285.347590,285.347590,285.347590,285.347590,856.042770,0.000000,0.000000,21.678629,1.341713,-20.127817,0.204449,0.204449,0.047102,-1.468953,-1.468953,-2.128835,0.182153,0.230499,291.446753,291.446753,511.387153,3,0.000000,true,
131.100000,0.925000,0.000000,284.882036,284.882036,284.882036,284.882036,854.646107,0.000000,0.000000,21.677567,1.312950,-20.164265,0.199008,0.199008,0.045984,-1.479666,-1.479666,-2.131341,0.179422,0.228171,293.600407,293.600407,512.358291,3,0.000000,true,
131.100000,0.900000,0.000000,284.386814,284.386814,284.386814,284.386814,853.160443,0.000000,0.000000,21.676468,1.283961,-20.200834,0.193570,0.193570,0.044860,-1.490317,-1.490317,-2.133849,0.176644,0.225800,295.743104,295.743104,513.330693,3,0.000000,true,
131.100000,0.875000,0.000000,283.860142,283.860142,283.860142,283.860142,851.580427,0.000000,0.000000,21.675331,1.254744,-20.237524,0.188136,0.188136,0.043728,-1.500908,-1.500908,-2.136360,0.173819,0.223385,297.875034,297.875034,514.304338,3,0.000000,true,
131.100000,0.850000,0.000000,283.300082,283.300082,283.300082,283.300082,849.900245,0.000000,0.000000,21.674156,1.225297,-20.274333,0.182705,0.182705,0.042590,-1.511439,-1.511439,-2.138874,0.170944,0.220925,299.996381,299.996381,515.279206,3,0.000000,true,
131.100000,0.825000,0.000000,282.704523,282.704523,282.704523,282.704523,848.113569,0.000000,0.000000,21.672943,1.195618,-20.311262,0.177277,0.177277,0.041445,-1.521911,-1.521911,-2.141390,0.168020,0.218417,302.107328,302.107328,516.255278,3,0.000000,true,
131.100000,0.800000,0.000000,282.071162,282.071162,282.071162,282.071162,846.213485,0.000000,0.000000,21.671692,1.165704,-20.348309,0.171853,0.171853,0.040294,-1.532325,-1.532325,-2.143909,0.165043,0.215861,304.208052,304.208052,517.232535,3,0.000000,true,
131.100000,0.775000,0.000000,281.397474,281.397474,281.397474,281.397474,844.192423,0.000000,0.000000,21.670401,1.135553,-20.385474,0.166432,0.166432,0.039136,-1.542682,-1.542682,-2.146431,0.162013,0.213255,306.298730,306.298730,518.210962,3,0.000000,true,
131.100000,0.750000,0.000000,280.680689,280.680689,280.680689,280.680689,842.042068,0.000000,0.000000,21.669072,1.105164,-20.422755,0.161015,0.161015,0.037971,-1.552984,-1.552984,-2.148955,0.158929,0.210595,308.379533,308.379533,519.190541,3,0.000000,true,
131.100000,0.725000,0.000000,279.917752,279.917752,279.917752,279.917752,839.753256,0.000000,0.000000,21.667704,1.074532,-20.460152,0.155601,0.155601,0.036799,-1.563230,-1.563230,-2.151481,0.155787,0.207880,310.450631,310.450631,520.171257,3,0.000000,true,
131.100000,0.700000,0.000000,279.105286,279.105286,279.105286,279.105286,837.315857,0.000000,0.000000,21.666296,1.043655,-20.497664,0.150190,0.150190,0.035621,-1.573423,-1.573423,-2.154011,0.152586,0.205108,312.512189,312.512189,521.153095,3,0.000000,true,
131.100000,0.675000,0.000000,278.239542,278.239542,278.239542,278.239542,834.718627,0.000000,0.000000,21.664848,1.012530,-20.535290,0.144782,0.144782,0.034435,-1.583562,-1.583562,-2.156543,0.149325,0.202275,314.564371,314.564371,522.136040,3,0.000000,true,
131.100000,0.650000,0.000000,277.316348,277.316348,277.316348,277.316348,831.949044,0.000000,0.000000,21.663361,0.981154,-20.573028,0.139378,0.139378,0.033244,-1.593648,-1.593648,-2.159077,0.146001,0.199378,316.607336,316.607336,523.120080,3,0.000000,true,
131.100000,0.625000,0.000000,276.331035,276.331035,276.331035,276.331035,828.993106,0.000000,0.000000,21.661833,0.949522,-20.610879,0.133977,0.133977,0.032045,-1.603683,-1.603683,-2.161613,0.142611,0.196415,318.641241,318.641241,524.105202,3,0.000000,true,
131.100000,0.600000,0.000000,275.278361,275.278361,275.278361,275.278361,825.835083,0.000000,0.000000,21.660265,0.917630,-20.648840,0.128580,0.128580,0.030840,-1.613667,-1.613667,-2.164153,0.139154,0.193382,320.666242,320.666242,525.091393,3,0.000000,true,
131.100000,0.575000,0.000000,274.152409,274.152409,274.152409,274.152409,822.457228,0.000000,0.000000,21.658656,0.885475,-20.686910,0.123186,0.123186,0.029628,-1.623602,-1.623602,-2.166694,0.135626,0.190274,322.682488,322.682488,526.078641,3,0.000000,true,
131.100000,0.550000,0.000000,272.946470,272.946470,272.946470,272.946470,818.839411,0.000000,0.000000,21.657007,0.853050,-20.725088,0.117795,0.117795,0.028410,-1.633487,-1.633487,-2.169238,0.132024,0.187087,324.690130,324.690130,527.066936,3,0.000000,true,
131.100000,0.525000,0.000000,271.652892,271.652892,271.652892,271.652892,814.958677,0.000000,0.000000,21.655316,0.820349,-20.763373,0.112408,0.112408,0.027185,-1.643324,-1.643324,-2.171784,0.128344,0.183815,326.689314,326.689314,528.056266,3,0.000000,true,
131.100000,0.500000,0.000000,270.262899,270.262899,270.262899,270.262899,810.788696,0.000000,0.000000,21.653583,0.787367,-20.801764,0.107023,0.107023,0.025953,-1.653113,-1.653113,-2.174333,0.124584,0.180453,328.680182,328.680182,529.046622,3,0.000000,true,
131.100000,0.475000,0.000000,268.766354,268.766354,268.766354,268.766354,806.299063,0.000000,0.000000,21.651809,0.754097,-20.840259,0.101642,0.101642,0.024715,-1.662855,-1.662855,-2.176884,0.120738,0.176994,330.662876,330.662876,530.037993,3,0.000000,true,
131.100000,0.450000,0.000000,267.151472,267.151472,267.151472,267.151472,801.454417,0.000000,0.000000,21.649993,0.720529,-20.878856,0.096265,0.096265,0.023471,-1.672551,-1.672551,-2.179437,0.116803,0.173429,332.637535,332.637535,531.030371,3,0.000000,true,
131.100000,0.425000,0.000000,265.404437,265.404437,265.404437,265.404437,796.213310,0.000000,0.000000,21.648135,0.686656,-20.917555,0.090890,0.090890,0.022220,-1.682202,-1.682202,-2.181992,0.112772,0.169751,334.604294,334.604294,532.023746,3,0.000000,true,
131.100000,0.400000,0.000000,263.508908,263.508908,263.508908,263.508908,790.526724,0.000000,0.000000,21.646233,0.652465,-20.956354,0.085519,0.085519,0.020962,-1.691808,-1.691808,-2.184550,0.108641,0.165949,336.563288,336.563288,533.018110,3,0.000000,true,
131.100000,0.375000,0.000000,261.445371,261.445371,261.445371,261.445371,784.336113,0.000000,0.000000,21.644289,0.617945,-20.995251,0.080151,0.080151,0.019698,-1.701370,-1.701370,-2.187110,0.104401,0.162010,338.514647,338.514647,534.013455,3,0.000000,true,
131.100000,0.350000,0.000000,259.190258,259.190258,259.190258,259.190258,777.570774,0.000000,0.000000,21.642302,0.583083,-21.034245,0.074786,0.074786,0.018428,-1.710889,-1.710889,-2.189671,0.100046,0.157920,340.458500,340.458500,535.009773,3,0.000000,true,
131.100000,0.325000,0.000000,256.714744,256.714744,256.714744,256.714744,770.144232,0.000000,0.000000,21.640271,0.547861,-21.073333,0.069424,0.069424,0.017151,-1.720365,-1.720365,-2.192235,0.095566,0.153661,342.394974,342.394974,536.007056,3,0.000000,true,
131.100000,0.300000,0.000000,253.983062,253.983062,253.983062,253.983062,761.949185,0.000000,0.000000,21.638196,0.512260,-21.112516,0.064066,0.064066,0.015869,-1.729799,-1.729799,-2.194801,0.090950,0.149211,344.324193,344.324193,537.005297,3,0.000000,true,
131.100000,0.275000,0.000000,250.950079,250.950079,250.950079,250.950079,752.850238,0.000000,0.000000,21.636076,0.476257,-21.151790,0.058710,0.058710,0.014579,-1.739192,-1.739192,-2.197370,0.086186,0.144546,346.246278,346.246278,538.004489,3,0.000000,true,
131.100000,0.250000,0.000000,247.557723,247.557723,247.557723,247.557723,742.673169,0.000000,0.000000,21.633912,0.439825,-21.191154,0.053358,0.053358,0.013284,-1.748545,-1.748545,-2.199940,0.081258,0.139630,348.161349,348.161349,539.004626,3,0.000000,true,
131.100000,0.225000,0.000000,243.729505,243.729505,243.729505,243.729505,731.188515,0.000000,0.000000,21.631703,0.402931,-21.230607,0.048009,0.048009,0.011983,-1.757857,-1.757857,-2.202512,0.076148,0.134422,350.069524,350.069524,540.005699,3,0.000000,true,
131.100000,0.200000,0.000000,239.361819,239.361819,239.361819,239.361819,718.085458,0.000000,0.000000,21.629448,0.365531,-21.270147,0.042662,0.042662,0.010675,-1.767130,-1.767130,-2.205086,0.070832,0.128865,351.970914,351.970914,541.007703,3,0.000000,true,
131.100000,0.175000,0.000000,234.309394,234.309394,234.309394,234.309394,702.928181,0.000000,0.000000,21.627148,0.327574,-21.309771,0.037319,0.037319,0.009361,-1.776364,-1.776364,-2.207662,0.065280,0.122884,353.865632,353.865632,542.010628,3,0.000000,true,
131.100000,0.150000,0.000000,228.359453,228.359453,228.359453,228.359453,685.078359,0.000000,0.000000,21.624801,0.288991,-21.349478,0.031979,0.031979,0.008042,-1.785560,-1.785560,-2.210240,0.059453,0.116372,355.753783,355.753783,543.014468,3,0.000000,true,
131.100000,0.125000,0.000000,221.182119,221.182119,221.182119,221.182119,663.546358,0.000000,0.000000,21.622408,0.249688,-21.389267,0.026642,0.026642,0.006716,-1.794718,-1.794718,-2.212819,0.053297,0.109170,357.635467,357.635467,544.019211,3,0.000000,true,
131.100000,0.100000,0.000000,212.224780,212.224780,212.224780,212.224780,636.674340,0.000000,0.000000,21.619968,0.209534,-21.429134,0.021308,0.021308,0.005384,-1.803839,-1.803839,-2.215401,0.046735,0.101026,359.510769,359.510769,545.024839,3,0.000000,true,
131.100000,0.075000,0.000000,200.451641,200.451641,200.451641,200.451641,601.354923,0.000000,0.000000,21.617480,0.168328,-21.469076,0.015976,0.015976,0.004047,-1.812923,-1.812923,-2.217984,0.039653,0.091502,361.379745,361.379745,546.031320,4,0.000000,true,
131.100000,0.050000,0.000000,183.538301,183.538301,183.538301,183.538301,550.614902,0.000000,0.000000,21.614945,0.125730,-21.509090,0.010648,0.010648,0.002704,-1.821969,-1.821969,-2.220568,0.031862,0.079698,363.242344,363.242344,547.038566,4,0.000000,true,
131.100000,0.025000,0.000000,154.079195,154.079195,154.079195,154.079195,462.237586,0.000000,0.000000,21.612363,0.081035,-21.549155,0.005323,0.005323,0.001355,-1.830976,-1.830976,-2.223153,0.023054,0.063126,365.097899,365.097899,548.046151,4,0.000000,true,
131.100000,0.000000,0.000000,0.000000,0.000000,0.000000,0.000000,0.000000,0.000000,0.000000,21.609879,0.034333,-21.587069,0.000000,0.000000,0.000000,-1.839452,-1.839452,-2.225596,0.020872,0.020872,366.845293,366.845293,548.998773,7,0.000000,true,
131.200000,4.000000,0.000000,328.900197,328.900197,328.900197,328.900197,986.700592,0.000000,0.000000,22.003275,4.101314,-16.076154,0.856689,0.856689,0.206622,-0.153885,-0.153885,-1.856158,0.363807,0.388815,34.682798,34.682798,429.701639,4,0.000000,true,
131.200000,3.975000,0.000000,328.169220,328.169220,328.169220,328.169220,984.507659,0.000000,0.000000,21.996184,4.078190,-16.111508,0.851785,0.851785,0.204429,-0.156438,-0.156438,-1.858482,0.362754,0.387839,35.173481,35.173481,430.077537,3,0.000000,true,
131.200000,3.950000,0.000000,327.436086,327.436086,327.436086,327.436086,982.308258,0.000000,0.000000,21.989118,4.055058,-16.146823,0.846874,0.846874,0.202252,-0.159067,-0.159067,-1.860792,0.361695,0.386859,35.678948,35.678948,430.451939,3,0.000000,true,
131.200000,3.925000,0.000000,326.700868,326.700868,326.700868,326.700868,980.102605,0.000000,0.000000,21.982076,4.031918,-16.182098,0.841955,0.841955,0.200091,-0.161776,-0.161776,-1.863088,0.360631,0.385874,36.199837,36.199837,430.824904,3,0.000000,true,
131.200000,3.900000,0.000000,325.963645,325.963645,325.963645,325.963645,977.890935,0.000000,0.000000,21.975060,4.008772,-16.217333,0.837028,0.837028,0.197945,-0.164569,-0.164569,-1.865370,0.359561,0.384883,36.736820,36.736820,431.196498,3,0.000000,true,
131.200000,3.875000,0.000000,325.224502,325.224502,325.224502,325.224502,975.673506,0.000000,0.000000,21.968070,3.985620,-16.252527,0.832093,0.832093,0.195815,-0.167450,-0.167450,-1.867639,0.358485,0.383888,37.290603,37.290603,431.566788,3,0.000000,true,
131.200000,3.850000,0.000000,324.483534,324.483534,324.483534,324.483534,973.450601,0.000000,0.000000,21.961108,3.962464,-16.287678,0.827150,0.827150,0.193701,-0.170422,-0.170422,-1.869894,0.357404,0.382888,37.861933,37.861933,431.935845,3,0.000000,true,
131.200000,3.825000,0.000000,323.740843,323.740843,323.740843,323.740843,971.222530,0.000000,0.000000,21.954175,3.939304,-16.322787,0.822199,0.822199,0.191602,-0.173490,-0.173490,-1.872135,0.356318,0.381882,38.451596,38.451596,432.303749,3,0.000000,true,
131.200000,3.800000,0.000000,322.996544,322.996544,322.996544,322.996544,968.989632,0.000000,0.000000,21.947273,3.916141,-16.357853,0.817240,0.817240,0.189520,-0.176657,-0.176657,-1.874363,0.355225,0.380872,39.060419,39.060419,432.670580,3,0.000000,true,
131.200000,3.775000,0.000000,322.250759,322.250759,322.250759,322.250759,966.752278,0.000000,0.000000,21.940402,3.892977,-16.392874,0.812273,0.812273,0.187453,-0.179929,-0.179929,-1.876579,0.354128,0.379857,39.689276,39.689276,433.036427,3,0.000000,true,
131.200000,3.750000,0.000000,321.503624,321.503624,321.503624,321.503624,964.510871,0.000000,0.000000,21.933564,3.869813,-16.427850,0.807299,0.807299,0.185402,-0.183309,-0.183309,-1.878781,0.353024,0.378837,40.339087,40.339087,433.401385,3,0.000000,true,
131.200000,3.725000,0.000000,320.755285,320.755285,320.755285,320.755285,962.265856,0.000000,0.000000,21.926760,3.846649,-16.462779,0.802316,0.802316,0.183368,-0.186804,-0.186804,-1.880970,0.351915,0.377812,41.010822,41.010822,433.765554,3,0.000000,true,
131.200000,3.700000,0.000000,320.005904,320.005904,320.005904,320.005904,960.017713,0.000000,0.000000,21.919993,3.823489,-16.497662,0.797325,0.797325,0.181349,-0.190418,-0.190418,-1.883147,0.350801,0.376782,41.705504,41.705504,434.129043,3,0.000000,true,
131.200000,3.675000,0.000000,319.255657,319.255657,319.255657,319.255657,957.766972,0.000000,0.000000,21.913263,3.800333,-16.532496,0.792327,0.792327,0.179347,-0.194158,-0.194158,-1.885311,0.349681,0.375748,42.424208,42.424208,434.491968,3,0.000000,true,
131.200000,3.650000,0.000000,318.504735,318.504735,318.504735,318.504735,955.514206,0.000000,0.000000,21.906573,3.777182,-16.567280,0.787320,0.787320,0.177361,-0.198028,-0.198028,-1.887463,0.348556,0.374709,43.168070,43.168070,434.854454,3,0.000000,true,
131.200000,3.625000,0.000000,317.753348,317.753348,317.753348,317.753348,953.260044,0.000000,0.000000,21.899925,3.754039,-16.602014,0.782304,0.782304,0.175391,-0.202035,-0.202035,-1.889602,0.347425,0.373665,43.938284,43.938284,435.216635,3,0.000000,true,
131.200000,3.600000,0.000000,317.001723,317.001723,317.001723,317.001723,951.005170,0.000000,0.000000,21.893320,3.730906,-16.636696,0.777281,0.777281,0.173438,-0.206186,-0.206186,-1.891730,0.346289,0.372616,44.736106,44.736106,435.578655,3,0.000000,true,
131.200000,3.575000,0.000000,316.250110,316.250110,316.250110,316.250110,948.750329,0.000000,0.000000,21.886761,3.707784,-16.671324,0.772249,0.772249,0.171501,-0.210488,-0.210488,-1.893847,0.345147,0.371563,45.562858,45.562858,435.940670,3,0.000000,true,
131.200000,3.550000,0.000000,315.498778,315.498778,315.498778,315.498778,946.496333,0.000000,0.000000,21.880250,3.684676,-16.705897,0.767209,0.767209,0.169582,-0.214947,-0.214947,-1.895952,0.344000,0.370505,46.419929,46.419929,436.302848,3,0.000000,true,
131.200000,3.525000,0.000000,314.748022,314.748022,314.748022,314.748022,944.244067,0.000000,0.000000,21.873790,3.661583,-16.740415,0.762161,0.762161,0.167679,-0.219571,-0.219571,-1.898046,0.342848,0.369443,47.308774,47.308774,436.665367,3,0.000000,true,
131.200000,3.500000,0.000000,313.998164,313.998164,313.998164,313.998164,941.994492,0.000000,0.000000,21.867383,3.638509,-16.774874,0.757103,0.757103,0.165793,-0.224369,-0.224369,-1.900129,0.341691,0.368377,48.230921,48.230921,437.028422,3,0.000000,true,
131.200000,3.475000,0.000000,313.249551,313.249551,313.249551,313.249551,939.748653,0.000000,0.000000,21.861032,3.615457,-16.809274,0.752038,0.752038,0.163925,-0.229348,-0.229348,-1.902201,0.340528,0.367306,49.187969,49.187969,437.392221,3,0.000000,true,
131.200000,3.450000,0.000000,312.502562,312.502562,312.502562,312.502562,937.507686,0.000000,0.000000,21.854740,3.592428,-16.843612,0.746963,0.746963,0.162074,-0.234518,-0.234518,-1.904263,0.339361,0.366232,50.181588,50.181588,437.756991,3,0.000000,true,
131.200000,3.425000,0.000000,311.757607,311.757607,311.757607,311.757607,935.272822,0.000000,0.000000,21.848511,3.569427,-16.877887,0.741879,0.741879,0.160241,-0.239886,-0.239886,-1.906316,0.338189,0.365153,51.213520,51.213520,438.122973,3,0.000000,true,
131.200000,3.400000,0.000000,311.015132,311.015132,311.015132,311.015132,933.045396,0.000000,0.000000,21.842348,3.546456,-16.912096,0.736787,0.736787,0.158426,-0.245464,-0.245464,-1.908359,0.337012,0.364071,52.285575,52.285575,438.490427,3,0.000000,true,
131.200000,3.375000,0.000000,310.275618,310.275618,310.275618,310.275618,930.826853,0.000000,0.000000,21.836254,3.523519,-16.946238,0.731685,0.731685,0.156629,-0.251259,-0.251259,-1.910393,0.335831,0.362985,53.399633,53.399633,438.859636,3,0.000000,true,
131.200000,3.350000,0.000000,309.539585,309.539585,309.539585,309.539585,928.618754,0.000000,0.000000,21.830234,3.500619,-16.980310,0.726574,0.726574,0.154851,-0.257283,-0.257283,-1.912418,0.334645,0.361895,54.557636,54.557636,439.230900,3,0.000000,true,
131.200000,3.325000,0.000000,308.807594,308.807594,308.807594,308.807594,926.422781,0.000000,0.000000,21.824291,3.477761,-17.014310,0.721454,0.721454,0.153092,-0.263546,-0.263546,-1.914435,0.333455,0.360802,55.761583,55.761583,439.604544,3,0.000000,true,
131.200000,3.300000,0.000000,308.080249,308.080249,308.080249,308.080249,924.240747,0.000000,0.000000,21.818431,3.454948,-17.048235,0.716324,0.716324,0.151352,-0.270058,-0.270058,-1.916445,0.332261,0.359707,57.013524,57.013524,439.980915,3,0.000000,true,
131.200000,3.275000,0.000000,307.358199,307.358199,307.358199,307.358199,922.074597,0.000000,0.000000,21.812656,3.432186,-17.082082,0.711184,0.711184,0.149631,-0.276831,-0.276831,-1.918447,0.331063,0.358608,58.315550,58.315550,440.360385,3,0.000000,true,
131.200000,3.250000,0.000000,306.642138,306.642138,306.642138,306.642138,919.926414,0.000000,0.000000,21.806974,3.409478,-17.115850,0.706035,0.706035,0.147931,-0.283874,-0.283874,-1.920443,0.329862,0.357507,59.669779,59.669779,440.743350,3,0.000000,true,
131.200000,3.225000,0.000000,305.932807,305.932807,305.932807,305.932807,917.798420,0.000000,0.000000,21.801387,3.386830,-17.149534,0.700875,0.700875,0.146250,-0.291200,-0.291200,-1.922432,0.328657,0.356404,61.078340,61.078340,441.130235,3,0.000000,true,
131.200000,3.200000,0.000000,305.230993,305.230993,305.230993,305.230993,915.692978,0.000000,0.000000,21.795903,3.364247,-17.183133,0.695705,0.695705,0.144591,-0.298818,-0.298818,-1.924417,0.327448,0.355299,62.543359,62.543359,441.521487,3,0.000000,true,
131.200000,3.175000,0.000000,304.537531,304.537531,304.537531,304.537531,913.612593,0.000000,0.000000,21.790526,3.341734,-17.216643,0.690524,0.690524,0.142953,-0.306741,-0.306741,-1.926396,0.326237,0.354192,64.066929,64.066929,441.917583,3,0.000000,true,
131.200000,3.150000,0.000000,303.853300,303.853300,303.853300,303.853300,911.559900,0.000000,0.000000,21.785263,3.319296,-17.250060,0.685332,0.685332,0.141336,-0.314978,-0.314978,-1.928372,0.325024,0.353084,65.651093,65.651093,442.319024,3,0.000000,true,
131.200000,3.125000,0.000000,303.179222,303.179222,303.179222,303.179222,909.537667,0.000000,0.000000,21.780118,3.296938,-17.283383,0.680129,0.680129,0.139741,-0.323539,-0.323539,-1.930344,0.323808,0.351975,67.297807,67.297807,442.726335,3,0.000000,true,
131.200000,3.100000,0.000000,302.516257,302.516257,302.516257,302.516257,907.548772,0.000000,0.000000,21.775098,3.274668,-17.316607,0.674916,0.674916,0.138169,-0.332434,-0.332434,-1.932315,0.322589,0.350865,69.008913,69.008913,443.140065,3,0.000000,true,
131.200000,3.075000,0.000000,301.865399,301.865399,301.865399,301.865399,905.596198,0.000000,0.000000,21.770210,3.252490,-17.349730,0.669690,0.669690,0.136620,-0.341672,-0.341672,-1.934283,0.321370,0.349755,70.786099,70.786099,443.560783,3,0.000000,true,
131.200000,3.050000,0.000000,301.227668,301.227668,301.227668,301.227668,903.683003,0.000000,0.000000,21.765459,3.230409,-17.382749,0.664453,0.664453,0.135094,-0.351260,-0.351260,-1.936251,0.320148,0.348646,72.630859,72.630859,443.989074,3,0.000000,true,
131.200000,3.025000,0.000000,300.604099,300.604099,300.604099,300.604099,901.812298,0.000000,0.000000,21.760852,3.208432,-17.415661,0.659204,0.659204,0.133592,-0.361204,-0.361204,-1.938220,0.318926,0.347536,74.544456,74.544456,444.425539,3,0.000000,true,
131.200000,3.000000,0.000000,299.995740,299.995740,299.995740,299.995740,899.987220,0.000000,0.000000,21.756394,3.186563,-17.448463,0.653943,0.653943,0.132114,-0.371510,-0.371510,-1.940189,0.317703,0.346428,76.527875,76.527875,444.870782,3,0.000000,true,
131.200000,2.975000,0.000000,299.403628,299.403628,299.403628,299.403628,898.210885,0.000000,0.000000,21.752091,3.164808,-17.481153,0.648670,0.648670,0.130661,-0.382181,-0.382181,-1.942161,0.316479,0.345320,78.581783,78.581783,445.325411,3,0.000000,true,
131.200000,2.950000,0.000000,298.828786,298.828786,298.828786,298.828786,896.486359,0.000000,0.000000,21.747948,3.143170,-17.513730,0.643384,0.643384,0.129232,-0.393217,-0.393217,-1.944136,0.315255,0.344215,80.706489,80.706489,445.790028,3,0.000000,true,
131.200000,2.925000,0.000000,298.272201,298.272201,298.272201,298.272201,894.816602,0.000000,0.000000,21.743971,3.121655,-17.546191,0.638086,0.638086,0.127829,-0.404619,-0.404619,-1.946116,0.314031,0.343111,82.901908,82.901908,446.265223,3,0.000000,true,
131.200000,2.900000,0.000000,297.734810,297.734810,297.734810,297.734810,893.204430,0.000000,0.000000,21.740164,3.100264,-17.578535,0.632775,0.632775,0.126451,-0.416383,-0.416383,-1.948100,0.312807,0.342009,85.167528,85.167528,446.751560,3,0.000000,true,
131.200000,2.875000,0.000000,297.217486,297.217486,297.217486,297.217486,891.652458,0.000000,0.000000,21.736530,3.079001,-17.610763,0.627451,0.627451,0.125098,-0.428504,-0.428504,-1.950091,0.311584,0.340910,87.502391,87.502391,447.249579,3,0.000000,true,
131.200000,2.850000,0.000000,296.721018,296.721018,296.721018,296.721018,890.163053,0.000000,0.000000,21.733073,3.057868,-17.642874,0.622115,0.622115,0.123771,-0.440974,-0.440974,-1.952088,0.310361,0.339813,89.905076,89.905076,447.759774,3,0.000000,true,
131.200000,2.825000,0.000000,296.246097,296.246097,296.246097,296.246097,888.738291,0.000000,0.000000,21.729795,3.036864,-17.674869,0.616766,0.616766,0.122469,-0.453784,-0.453784,-1.954094,0.309138,0.338719,92.373698,92.373698,448.282598,3,0.000000,true,
131.200000,2.800000,0.000000,295.793303,295.793303,295.793303,295.793303,887.379909,0.000000,0.000000,21.726697,3.015989,-17.706750,0.611404,0.611404,0.121192,-0.466920,-0.466920,-1.956108,0.307917,0.337628,94.905918,94.905918,448.818443,3,0.000000,true,
131.200000,2.775000,0.000000,295.363091,295.363091,295.363091,295.363091,886.089274,0.000000,0.000000,21.723780,2.995242,-17.738519,0.606030,0.606030,0.119940,-0.480369,-0.480369,-1.958132,0.306695,0.336539,97.498963,97.498963,449.367645,3,0.000000,true,
131.200000,2.750000,0.000000,294.955783,294.955783,294.955783,294.955783,884.867350,0.000000,0.000000,21.721042,2.974620,-17.770180,0.600644,0.600644,0.118713,-0.494113,-0.494113,-1.960166,0.305474,0.335454,100.149660,100.149660,449.930467,3,0.000000,true,
131.200000,2.725000,0.000000,294.571561,294.571561,294.571561,294.571561,883.714684,0.000000,0.000000,21.718484,2.954120,-17.801736,0.595245,0.595245,0.117509,-0.508133,-0.508133,-1.962211,0.304253,0.334371,102.854483,102.854483,450.507104,3,0.000000,true,
131.200000,2.700000,0.000000,294.210465,294.210465,294.210465,294.210465,882.631394,0.000000,0.000000,21.716101,2.933735,-17.833191,0.589836,0.589836,0.116329,-0.522410,-0.522410,-1.964267,0.303032,0.333290,105.609602,105.609602,451.097679,3,0.000000,true,
131.200000,2.675000,0.000000,293.872390,293.872390,293.872390,293.872390,881.617171,0.000000,0.000000,21.713891,2.913461,-17.864553,0.584414,0.584414,0.115171,-0.536922,-0.536922,-1.966335,0.301811,0.332212,108.410947,108.410947,451.702237,3,0.000000,true,
131.200000,2.650000,0.000000,293.557099,293.557099,293.557099,293.557099,880.671296,0.000000,0.000000,21.711849,2.893290,-17.895826,0.578982,0.578982,0.114036,-0.551646,-0.551646,-1.968416,0.300588,0.331135,111.254272,111.254272,452.320756,3,0.000000,true,
131.200000,2.625000,0.000000,293.264217,293.264217,293.264217,293.264217,879.792652,0.000000,0.000000,21.709970,2.873213,-17.927018,0.573540,0.573540,0.112921,-0.566560,-0.566560,-1.970508,0.299365,0.330060,114.135218,114.135218,452.953142,3,0.000000,true,
131.200000,2.600000,0.000000,292.993254,292.993254,292.993254,292.993254,878.979762,0.000000,0.000000,21.708248,2.853223,-17.958134,0.568087,0.568087,0.111826,-0.581641,-0.581641,-1.972613,0.298140,0.328985,117.049384,117.049384,453.599237,3,0.000000,true,
131.200000,2.575000,0.000000,292.743606,292.743606,292.743606,292.743606,878.230819,0.000000,0.000000,21.706676,2.833310,-17.989184,0.562625,0.562625,0.110750,-0.596865,-0.596865,-1.974731,0.296912,0.327911,119.992383,119.992383,454.258825,3,0.000000,true,
131.200000,2.550000,0.000000,292.514576,292.514576,292.514576,292.514576,877.543727,0.000000,0.000000,21.705248,2.813464,-18.020175,0.557154,0.557154,0.109692,-0.612210,-0.612210,-1.976862,0.295681,0.326837,122.959904,122.959904,454.931638,3,0.000000,true,
131.200000,2.525000,0.000000,292.305381,292.305381,292.305381,292.305381,876.916144,0.000000,0.000000,21.703957,2.793674,-18.051115,0.551674,0.551674,0.108651,-0.627654,-0.627654,-1.979005,0.294447,0.325762,125.947756,125.947756,455.617363,3,0.000000,true,
131.200000,2.500000,0.000000,292.115175,292.115175,292.115175,292.115175,876.345524,0.000000,0.000000,21.702794,2.773931,-18.082013,0.546187,0.546187,0.107626,-0.643175,-0.643175,-1.981160,0.293209,0.324686,128.951914,128.951914,456.315649,3,0.000000,true,
131.200000,2.475000,0.000000,291.943054,291.943054,291.943054,291.943054,875.829161,0.000000,0.000000,21.701753,2.754222,-18.112876,0.540692,0.540692,0.106615,-0.658755,-0.658755,-1.983328,0.291966,0.323607,131.968549,131.968549,457.026115,3,0.000000,true,
131.200000,2.450000,0.000000,291.788076,291.788076,291.788076,291.788076,875.364227,0.000000,0.000000,21.700824,2.734537,-18.143713,0.535191,0.535191,0.105618,-0.674373,-0.674373,-1.985508,0.290717,0.322526,134.994056,134.994056,457.748357,3,0.000000,true,
131.200000,2.425000,0.000000,291.649271,291.649271,291.649271,291.649271,874.947813,0.000000,0.000000,21.700001,2.714866,-18.174533,0.529683,0.529683,0.104633,-0.690013,-0.690013,-1.987699,0.289462,0.321442,138.025072,138.025072,458.481955,3,0.000000,true,
131.200000,2.400000,0.000000,291.525653,291.525653,291.525653,291.525653,874.576959,0.000000,0.000000,21.699276,2.695197,-18.205342,0.524170,0.524170,0.103660,-0.705658,-0.705658,-1.989902,0.288199,0.320353,141.058484,141.058484,459.226475,3,0.000000,true,
131.200000,2.375000,0.000000,291.416230,291.416230,291.416230,291.416230,874.248689,0.000000,0.000000,21.698640,2.675520,-18.236150,0.518651,0.518651,0.102697,-0.721293,-0.721293,-1.992117,0.286929,0.319260,144.091435,144.091435,459.981483,3,0.000000,true,
131.200000,2.350000,0.000000,291.320010,291.320010,291.320010,291.320010,873.960031,0.000000,0.000000,21.698087,2.655826,-18.266964,0.513128,0.513128,0.101744,-0.736905,-0.736905,-1.994342,0.285651,0.318161,147.121323,147.121323,460.746540,3,0.000000,true,
131.200000,2.325000,0.000000,291.236015,291.236015,291.236015,291.236015,873.708044,0.000000,0.000000,21.697610,2.636103,-18.297790,0.507601,0.507601,0.100799,-0.752481,-0.752481,-1.996577,0.284363,0.317056,150.145795,150.145795,461.521214,3,0.000000,true,
131.200000,2.300000,0.000000,291.163277,291.163277,291.163277,291.163277,873.489832,0.000000,0.000000,21.697200,2.616342,-18.328637,0.502069,0.502069,0.099861,-0.768011,-0.768011,-1.998823,0.283066,0.315944,153.162739,153.162739,462.305078,3,0.000000,true,
131.200000,2.275000,0.000000,291.100854,291.100854,291.100854,291.100854,873.302562,0.000000,0.000000,21.696853,2.596535,-18.359512,0.496535,0.496535,0.098930,-0.783484,-0.783484,-2.001078,0.281758,0.314825,156.170273,156.170273,463.097714,3,0.000000,true,
131.200000,2.250000,0.000000,291.047823,291.047823,291.047823,291.047823,873.143470,0.000000,0.000000,21.696561,2.576672,-18.390419,0.490998,0.490998,0.098005,-0.798893,-0.798893,-2.003343,0.280439,0.313698,159.166731,159.166731,463.898719,3,0.000000,true,
131.200000,2.225000,0.000000,291.003291,291.003291,291.003291,291.003291,873.009874,0.000000,0.000000,21.696319,2.556745,-18.421367,0.485458,0.485458,0.097085,-0.814228,-0.814228,-2.005616,0.279108,0.312562,162.150648,162.150648,464.707699,2,0.000000,true,
131.200000,2.200000,0.000000,290.966391,290.966391,290.966391,290.966391,872.899173,0.000000,0.000000,21.696120,2.536745,-18.452360,0.479916,0.479916,0.096169,-0.829485,-0.829485,-2.007899,0.277765,0.311416,165.120750,165.120750,465.524277,2,0.000000,true,
131.200000,2.175000,0.000000,290.936286,290.936286,290.936286,290.936286,872.808858,0.000000,0.000000,21.695960,2.516666,-18.483404,0.474372,0.474372,0.095256,-0.844657,-0.844657,-2.010190,0.276409,0.310261,168.075932,168.075932,466.348094,2,0.000000,true,
131.200000,2.150000,0.000000,290.912168,290.912168,290.912168,290.912168,872.736504,0.000000,0.000000,21.695833,2.496499,-18.514504,0.468827,0.468827,0.094346,-0.859739,-0.859739,-2.012489,0.275039,0.309095,171.015250,171.015250,467.178801,2,0.000000,true,
131.200000,2.125000,0.000000,290.893260,290.893260,290.893260,290.893260,872.679779,0.000000,0.000000,21.695735,2.476239,-18.545665,0.463281,0.463281,0.093439,-0.874727,-0.874727,-2.014796,0.273655,0.307918,173.937903,173.937903,468.016070,2,0.000000,true,
131.200000,2.100000,0.000000,290.878812,290.878812,290.878812,290.878812,872.636435,0.000000,0.000000,21.695660,2.455878,-18.576893,0.457733,0.457733,0.092533,-0.889618,-0.889618,-2.017110,0.272256,0.306730,176.843218,176.843218,468.859588,2,0.000000,true,
131.200000,2.075000,0.000000,290.868103,290.868103,290.868103,290.868103,872.604310,0.000000,0.000000,21.695606,2.435410,-18.608190,0.452186,0.452186,0.091628,-0.904409,-0.904409,-2.019431,0.270841,0.305529,179.730641,179.730641,469.709056,2,0.000000,true,
131.200000,2.050000,0.000000,290.860441,290.860441,290.860441,290.860441,872.581322,0.000000,0.000000,21.695567,2.414829,-18.639562,0.446638,0.446638,0.090724,-0.919097,-0.919097,-2.021760,0.269411,0.304315,182.599724,182.599724,470.564192,2,0.000000,true,
131.200000,2.025000,0.000000,290.855156,290.855156,290.855156,290.855156,872.565467,0.000000,0.000000,21.695541,2.394130,-18.671013,0.441090,0.441090,0.089819,-0.933682,-0.933682,-2.024095,0.267963,0.303089,185.450112,185.450112,471.424730,2,0.000000,true,
131.200000,2.000000,0.000000,290.851605,290.851605,290.851605,290.851605,872.554814,0.000000,0.000000,21.695524,2.373308,-18.702545,0.435543,0.435543,0.088915,-0.948161,-0.948161,-2.026436,0.266499,0.301848,188.281533,188.281533,472.290417,2,0.000000,true,
131.200000,1.975000,0.000000,290.849166,290.849166,290.849166,290.849166,872.547498,0.000000,0.000000,21.695512,2.352357,-18.734162,0.429996,0.429996,0.088009,-0.962533,-0.962533,-2.028784,0.265018,0.300593,191.093789,191.093789,473.161015,2,0.000000,true,
131.200000,1.950000,0.000000,290.847241,290.847241,290.847241,290.847241,872.541722,0.000000,0.000000,21.695503,2.331273,-18.765868,0.424449,0.424449,0.087102,-0.976798,-0.976798,-2.031137,0.263518,0.299324,193.886750,193.886750,474.036298,2,0.000000,true,
131.200000,1.925000,0.000000,290.845247,290.845247,290.845247,290.845247,872.535742,0.000000,0.000000,21.695494,2.310051,-18.797665,0.418903,0.418903,0.086193,-0.990956,-0.990956,-2.033497,0.261999,0.298039,196.660341,196.660341,474.916056,2,0.000000,true,
131.200000,1.900000,0.000000,290.842624,290.842624,290.842624,290.842624,872.527873,0.000000,0.000000,21.695481,2.288688,-18.829556,0.413359,0.413359,0.085283,-1.005007,-1.005007,-2.035862,0.260461,0.296738,199.414540,199.414540,475.800088,2,0.000000,true,
131.200000,1.875000,0.000000,290.838824,290.838824,290.838824,290.838824,872.516473,0.000000,0.000000,21.695464,2.267179,-18.861544,0.407815,0.407815,0.084370,-1.018950,-1.018950,-2.038232,0.258904,0.295422,202.149367,202.149367,476.688205,2,0.000000,true,
131.200000,1.850000,0.000000,290.833316,290.833316,290.833316,290.833316,872.499948,0.000000,0.000000,21.695439,2.245520,-18.893632,0.402273,0.402273,0.083454,-1.032787,-1.032787,-2.040608,0.257326,0.294088,204.864883,204.864883,477.580231,2,0.000000,true,
131.200000,1.825000,0.000000,290.825580,290.825580,290.825580,290.825580,872.476739,0.000000,0.000000,21.695404,2.223708,-18.925820,0.396732,0.396732,0.082536,-1.046517,-1.046517,-2.042989,0.255728,0.292738,207.561182,207.561182,478.475998,2,0.000000,true,
131.200000,1.800000,0.000000,290.815108,290.815108,290.815108,290.815108,872.445323,0.000000,0.000000,21.695358,2.201739,-18.958113,0.391193,0.391193,0.081614,-1.060142,-1.060142,-2.045374,0.254108,0.291370,210.238385,210.238385,479.375349,2,0.000000,true,
131.200000,1.775000,0.000000,290.801401,290.801401,290.801401,290.801401,872.404204,0.000000,0.000000,21.695299,2.179610,-18.990511,0.385656,0.385656,0.080689,-1.073662,-1.073662,-2.047765,0.252467,0.289984,212.896641,212.896641,480.278136,2,0.000000,true,
131.200000,1.750000,0.000000,290.783970,290.783970,290.783970,290.783970,872.351910,0.000000,0.000000,21.695224,2.157319,-19.023016,0.380120,0.380120,0.079760,-1.087078,-1.087078,-2.050160,0.250804,0.288579,215.536119,215.536119,481.184219,2,0.000000,true,
131.200000,1.725000,0.000000,290.762329,290.762329,290.762329,290.762329,872.286988,0.000000,0.000000,21.695132,2.134861,-19.055630,0.374587,0.374587,0.078827,-1.100391,-1.100391,-2.052559,0.249117,0.287156,218.157006,218.157006,482.093466,2,0.000000,true,
131.200000,1.700000,0.000000,290.736000,290.736000,290.736000,290.736000,872.208001,0.000000,0.000000,21.695023,2.112235,-19.088356,0.369055,0.369055,0.077890,-1.113603,-1.113603,-2.054963,0.247408,0.285713,220.759504,220.759504,483.005754,2,0.000000,true,
131.200000,1.675000,0.000000,290.704507,290.704507,290.704507,290.704507,872.113520,0.000000,0.000000,21.694894,2.089437,-19.121193,0.363526,0.363526,0.076949,-1.126714,-1.126714,-2.057371,0.245675,0.284250,223.343828,223.343828,483.920967,2,0.000000,true,
131.200000,1.650000,0.000000,290.667374,290.667374,290.667374,290.667374,872.002121,0.000000,0.000000,21.694743,2.066465,-19.154144,0.357999,0.357999,0.076003,-1.139725,-1.139725,-2.059784,0.243917,0.282767,225.910206,225.910206,484.838993,2,0.000000,true,
131.200000,1.625000,0.000000,290.624127,290.624127,290.624127,290.624127,871.872381,0.000000,0.000000,21.694571,2.043317,-19.187210,0.352474,0.352474,0.075052,-1.152639,-1.152639,-2.062200,0.242135,0.281263,228.458869,228.458869,485.759730,2,0.000000,true,
131.200000,1.600000,0.000000,290.574291,290.574291,290.574291,290.574291,871.722872,0.000000,0.000000,21.694376,2.019990,-19.220392,0.346952,0.346952,0.074097,-1.165456,-1.165456,-2.064621,0.240327,0.279738,230.990062,230.990062,486.683080,2,0.000000,true,
131.200000,1.575000,0.000000,290.517386,290.517386,290.517386,290.517386,871.552158,0.000000,0.000000,21.694156,1.996482,-19.253691,0.341432,0.341432,0.073137,-1.178178,-1.178178,-2.067045,0.238494,0.278191,233.504029,233.504029,487.608950,2,0.000000,true,
131.200000,1.550000,0.000000,290.452929,290.452929,290.452929,290.452929,871.358788,0.000000,0.000000,21.693911,1.972790,-19.287109,0.335915,0.335915,0.072171,-1.190806,-1.190806,-2.069474,0.236634,0.276622,236.001022,236.001022,488.537253,2,0.000000,true,
131.200000,1.525000,0.000000,290.380431,290.380431,290.380431,290.380431,871.141293,0.000000,0.000000,21.693640,1.948914,-19.320645,0.330400,0.330400,0.071200,-1.203341,-1.203341,-2.071906,0.234747,0.275030,238.481295,238.481295,489.467907,2,0.000000,true,
131.200000,1.500000,0.000000,290.299394,290.299394,290.299394,290.299394,870.898181,0.000000,0.000000,21.693342,1.924849,-19.354301,0.324888,0.324888,0.070224,-1.215785,-1.215785,-2.074341,0.232833,0.273414,240.945103,240.945103,490.400834,2,0.000000,true,
131.200000,1.475000,0.000000,290.209310,290.209310,290.209310,290.209310,870.627929,0.000000,0.000000,21.693016,1.900596,-19.388078,0.319379,0.319379,0.069242,-1.228139,-1.228139,-2.076781,0.230890,0.271775,243.392703,243.392703,491.335962,2,0.000000,true,
131.200000,1.450000,0.000000,290.109661,290.109661,290.109661,290.109661,870.328982,0.000000,0.000000,21.692662,1.876151,-19.421977,0.313873,0.313873,0.068255,-1.240404,-1.240404,-2.079224,0.228919,0.270112,245.824351,245.824351,492.273221,2,0.000000,true,
131.200000,1.425000,0.000000,289.999914,289.999914,289.999914,289.999914,869.999743,0.000000,0.000000,21.692278,1.851514,-19.455997,0.308369,0.308369,0.067262,-1.252583,-1.252583,-2.081670,0.226919,0.268423,248.240305,248.240305,493.212544,2,0.000000,true,
131.200000,1.400000,0.000000,289.879523,289.879523,289.879523,289.879523,869.638570,0.000000,0.000000,21.691864,1.826681,-19.490140,0.302869,0.302869,0.066263,-1.264675,-1.264675,-2.084120,0.224889,0.266710,250.640819,250.640819,494.153872,2,0.000000,true,
131.200000,1.375000,0.000000,289.747923,289.747923,289.747923,289.747923,869.243769,0.000000,0.000000,21.691420,1.801652,-19.524406,0.297371,0.297371,0.065258,-1.276684,-1.276684,-2.086573,0.222829,0.264970,253.026148,253.026148,495.097144,2,0.000000,true,
131.200000,1.350000,0.000000,289.604529,289.604529,289.604529,289.604529,868.813587,0.000000,0.000000,21.690945,1.776425,-19.558795,0.291876,0.291876,0.064247,-1.288609,-1.288609,-2.089029,0.220737,0.263204,255.396544,255.396544,496.042305,2,0.000000,true,
131.200000,1.325000,0.000000,289.448736,289.448736,289.448736,289.448736,868.346207,0.000000,0.000000,21.690438,1.750998,-19.593308,0.286385,0.286385,0.063230,-1.300453,-1.300453,-2.091489,0.218614,0.261410,257.752256,257.752256,496.989303,2,0.000000,true,
131.200000,1.300000,0.000000,289.279912,289.279912,289.279912,289.279912,867.839736,0.000000,0.000000,21.689899,1.725370,-19.627945,0.280896,0.280896,0.062207,-1.312216,-1.312216,-2.093952,0.216458,0.259589,260.093532,260.093532,497.938088,2,0.000000,true,
131.200000,1.275000,0.000000,289.097400,289.097400,289.097400,289.097400,867.292201,0.000000,0.000000,21.689328,1.699539,-19.662706,0.275411,0.275411,0.061178,-1.323900,-1.323900,-2.096418,0.214270,0.257739,262.420616,262.420616,498.888613,3,0.000000,true,
131.200000,1.250000,0.000000,288.900513,288.900513,288.900513,288.900513,866.701539,0.000000,0.000000,21.688723,1.673503,-19.697592,0.269929,0.269929,0.060143,-1.335507,-1.335507,-2.098888,0.212048,0.255861,264.733750,264.733750,499.840834,3,0.000000,true,
131.200000,1.225000,0.000000,288.688529,288.688529,288.688529,288.688529,866.065588,0.000000,0.000000,21.688085,1.647261,-19.732603,0.264450,0.264450,0.059101,-1.347037,-1.347037,-2.101360,0.209791,0.253952,267.033171,267.033171,500.794707,3,0.000000,true,
131.200000,1.200000,0.000000,288.460691,288.460691,288.460691,288.460691,865.382073,0.000000,0.000000,21.687413,1.620811,-19.767738,0.258974,0.258974,0.058053,-1.358492,-1.358492,-2.103836,0.207499,0.252013,269.319116,269.319116,501.750193,3,0.000000,true,
131.200000,1.175000,0.000000,288.216201,288.216201,288.216201,288.216201,864.648602,0.000000,0.000000,21.686707,1.594153,-19.802997,0.253501,0.253501,0.056998,-1.369873,-1.369873,-2.106315,0.205171,0.250043,271.591814,271.591814,502.707253,3,0.000000,true,
131.200000,1.150000,0.000000,287.954215,287.954215,287.954215,287.954215,863.862645,0.000000,0.000000,21.685966,1.567283,-19.838382,0.248032,0.248032,0.055937,-1.381181,-1.381181,-2.108796,0.202806,0.248041,273.851495,273.851495,503.665852,3,0.000000,true,
131.200000,1.125000,0.000000,287.673842,287.673842,287.673842,287.673842,863.021527,0.000000,0.000000,21.685191,1.540202,-19.873890,0.242565,0.242565,0.054869,-1.392418,-1.392418,-2.111281,0.200404,0.246006,276.098382,276.098382,504.625955,3,0.000000,true,
131.200000,1.100000,0.000000,287.374137,287.374137,287.374137,287.374137,862.122411,0.000000,0.000000,21.684380,1.512908,-19.909523,0.237102,0.237102,0.053795,-1.403584,-1.403584,-2.113768,0.197964,0.243937,278.332696,278.332696,505.587529,3,0.000000,true,
131.200000,1.075000,0.000000,287.054092,287.054092,287.054092,287.054092,861.162277,0.000000,0.000000,21.683533,1.485398,-19.945281,0.231643,0.231643,0.052714,-1.414681,-1.414681,-2.116259,0.195484,0.241833,280.554655,280.554655,506.550544,3,0.000000,true,
131.200000,1.050000,0.000000,286.712637,286.712637,286.712637,286.712637,860.137911,0.000000,0.000000,21.682651,1.457672,-19.981162,0.226187,0.226187,0.051627,-1.425710,-1.425710,-2.118752,0.192964,0.239694,282.764471,282.764471,507.514970,3,0.000000,true,
131.200000,1.025000,0.000000,286.348626,286.348626,286.348626,286.348626,859.045878,0.000000,0.000000,21.681732,1.429727,-20.017166,0.220734,0.220734,0.050533,-1.436672,-1.436672,-2.121249,0.190403,0.237519,284.962354,284.962354,508.480779,3,0.000000,true,
131.200000,1.000000,0.000000,285.960834,285.960834,285.960834,285.960834,857.882502,0.000000,0.000000,21.680777,1.401564,-20.053294,0.215284,0.215284,0.049432,-1.447569,-1.447569,-2.123748,0.187800,0.235306,287.148511,287.148511,509.447944,3,0.000000,true,
131.200000,0.975000,0.000000,285.547946,285.547946,285.547946,285.547946,856.643838,0.000000,0.000000,21.679785,1.373178,-20.089544,0.209838,0.209838,0.048325,-1.458400,-1.458400,-2.126250,0.185153,0.233054,289.323143,289.323143,510.416440,3,0.000000,true,
131.200000,0.950000,0.000000,285.108548,285.108548,285.108548,285.108548,855.325643,0.000000,0.000000,21.678757,1.344570,-20.125917,0.204395,0.204395,0.047211,-1.469168,-1.469168,-2.128754,0.182463,0.230762,291.486451,291.486451,511.386242,3,0.000000,true,
131.200000,0.925000,0.000000,284.641115,284.641115,284.641115,284.641115,853.923344,0.000000,0.000000,21.677691,1.315738,-20.162412,0.198955,0.198955,0.046090,-1.479873,-1.479873,-2.131262,0.179727,0.228429,293.638628,293.638628,512.357329,3,0.000000,true,
131.200000,0.900000,0.000000,284.144000,284.144000,284.144000,284.144000,852.432000,0.000000,0.000000,21.676588,1.286679,-20.199028,0.193519,0.193519,0.044963,-1.490517,-1.490517,-2.133772,0.176945,0.226054,295.779868,295.779868,513.329678,3,0.000000,true,
131.200000,0.875000,0.000000,283.615418,283.615418,283.615418,283.615418,850.846254,0.000000,0.000000,21.675447,1.257392,-20.235764,0.188086,0.188086,0.043828,-1.501100,-1.501100,-2.136285,0.174115,0.223635,297.910357,297.910357,514.303269,3,0.000000,true,
131.200000,0.850000,0.000000,283.053431,283.053431,283.053431,283.053431,849.160293,0.000000,0.000000,21.674268,1.227874,-20.272620,0.182656,0.182656,0.042687,-1.511623,-1.511623,-2.138800,0.171236,0.221170,300.030282,300.030282,515.278081,3,0.000000,true,
131.200000,0.825000,0.000000,282.455928,282.455928,282.455928,282.455928,847.367784,0.000000,0.000000,21.673051,1.198124,-20.309596,0.177230,0.177230,0.041540,-1.522088,-1.522088,-2.141319,0.168306,0.218659,302.139824,302.139824,516.254095,3,0.000000,true,
131.200000,0.800000,0.000000,281.820603,281.820603,281.820603,281.820603,845.461810,0.000000,0.000000,21.671795,1.168140,-20.346690,0.171807,0.171807,0.040385,-1.532495,-1.532495,-2.143839,0.165324,0.216098,304.239160,304.239160,517.231295,3,0.000000,true,
131.200000,0.775000,0.000000,281.144933,281.144933,281.144933,281.144933,843.434798,0.000000,0.000000,21.670501,1.137919,-20.383901,0.166388,0.166388,0.039224,-1.542845,-1.542845,-2.146363,0.162289,0.213487,306.328467,306.328467,518.209662,3,0.000000,true,
131.200000,0.750000,0.000000,280.426143,280.426143,280.426143,280.426143,841.278428,0.000000,0.000000,21.669168,1.107459,-20.421229,0.160972,0.160972,0.038056,-1.553139,-1.553139,-2.148889,0.159199,0.210822,308.407916,308.407916,519.189181,3,0.000000,true,
131.200000,0.725000,0.000000,279.661177,279.661177,279.661177,279.661177,838.983531,0.000000,0.000000,21.667796,1.076756,-20.458673,0.155559,0.155559,0.036882,-1.563378,-1.563378,-2.151418,0.156052,0.208103,310.477675,310.477675,520.169835,3,0.000000,true,
131.200000,0.700000,0.000000,278.846656,278.846656,278.846656,278.846656,836.539969,0.000000,0.000000,21.666385,1.045809,-20.496232,0.150150,0.150150,0.035700,-1.573564,-1.573564,-2.153949,0.152846,0.205325,312.537911,312.537911,521.151610,3,0.000000,true,
131.200000,0.675000,0.000000,277.978831,277.978831,277.978831,277.978831,833.936494,0.000000,0.000000,21.664934,1.014614,-20.533905,0.144744,0.144744,0.034512,-1.583696,-1.583696,-2.156482,0.149580,0.202488,314.588786,314.588786,522.134493,3,0.000000,true,
131.200000,0.650000,0.000000,277.053525,277.053525,277.053525,277.053525,831.160576,0.000000,0.000000,21.663443,0.983167,-20.571691,0.139341,0.139341,0.033317,-1.593775,-1.593775,-2.159018,0.146250,0.199586,316.630460,316.630460,523.118469,3,0.000000,true,
131.200000,0.625000,0.000000,276.066067,276.066067,276.066067,276.066067,828.198202,0.000000,0.000000,21.661912,0.951464,-20.609588,0.133942,0.133942,0.032116,-1.603804,-1.603804,-2.161557,0.142855,0.196618,318.663090,318.663090,524.103525,3,0.000000,true,
131.200000,0.600000,0.000000,275.011211,275.011211,275.011211,275.011211,825.033634,0.000000,0.000000,21.660341,0.919503,-20.647595,0.128546,0.128546,0.030908,-1.613781,-1.613781,-2.164098,0.139391,0.193580,320.686829,320.686829,525.089650,3,0.000000,true,
131.200000,0.575000,0.000000,273.883037,273.883037,273.883037,273.883037,821.649111,0.000000,0.000000,21.658729,0.887276,-20.685712,0.123153,0.123153,0.029693,-1.623709,-1.623709,-2.166641,0.135857,0.190467,322.701830,322.701830,526.076831,3,0.000000,true,
131.200000,0.550000,0.000000,272.674830,272.674830,272.674830,272.674830,818.024491,0.000000,0.000000,21.657076,0.854781,-20.723937,0.117764,0.117764,0.028472,-1.633587,-1.633587,-2.169187,0.132249,0.187274,324.708240,324.708240,527.065058,3,0.000000,true,
131.200000,0.525000,0.000000,271.378935,271.378935,271.378935,271.378935,814.136804,0.000000,0.000000,21.655382,0.822011,-20.762269,0.112378,0.112378,0.027244,-1.643418,-1.643418,-2.171735,0.128564,0.183997,326.706207,326.706207,528.054320,3,0.000000,true,
131.200000,0.500000,0.000000,269.986566,269.986566,269.986566,269.986566,809.959699,0.000000,0.000000,21.653647,0.788959,-20.800706,0.106995,0.106995,0.026010,-1.653200,-1.653200,-2.174286,0.124797,0.180630,328.695872,328.695872,529.044607,3,0.000000,true,
131.200000,0.475000,0.000000,268.487583,268.487583,268.487583,268.487583,805.462750,0.000000,0.000000,21.651870,0.755618,-20.839247,0.101616,0.101616,0.024769,-1.662936,-1.662936,-2.176838,0.120945,0.177165,330.677377,330.677377,530.035908,3,0.000000,true,
131.200000,0.450000,0.000000,266.870191,266.870191,266.870191,266.870191,800.610572,0.000000,0.000000,21.650051,0.721981,-20.877891,0.096239,0.096239,0.023521,-1.672626,-1.672626,-2.179393,0.117003,0.173596,332.650861,332.650861,531.028216,3,0.000000,true,
131.200000,0.425000,0.000000,265.120562,265.120562,265.120562,265.120562,795.361686,0.000000,0.000000,21.648190,0.688038,-20.916636,0.090866,0.090866,0.022267,-1.682271,-1.682271,-2.181950,0.112966,0.169912,334.616459,334.616459,532.021520,3,0.000000,true,
131.200000,0.400000,0.000000,263.222346,263.222346,263.222346,263.222346,789.667038,0.000000,0.000000,21.646286,0.653778,-20.955481,0.085496,0.085496,0.021007,-1.691871,-1.691871,-2.184510,0.108828,0.166105,336.574305,336.574305,533.015812,3,0.000000,true,
131.200000,0.375000,0.000000,261.156013,261.156013,261.156013,261.156013,783.468038,0.000000,0.000000,21.644339,0.619190,-20.994424,0.080130,0.080130,0.019740,-1.701427,-1.701427,-2.187071,0.104581,0.162160,338.524529,338.524529,534.011084,3,0.000000,true,
131.200000,0.350000,0.000000,258.897977,258.897977,258.897977,258.897977,776.693931,0.000000,0.000000,21.642349,0.584258,-21.033463,0.074766,0.074766,0.018467,-1.710940,-1.710940,-2.189635,0.100219,0.158064,340.467260,340.467260,535.007329,3,0.000000,true,
131.200000,0.325000,0.000000,256.419393,256.419393,256.419393,256.419393,769.258178,0.000000,0.000000,21.640315,0.548968,-21.072598,0.069406,0.069406,0.017188,-1.720410,-1.720410,-2.192201,0.095732,0.153799,342.402626,342.402626,536.004538,3,0.000000,true,
131.200000,0.300000,0.000000,253.684465,253.684465,253.684465,253.684465,761.053396,0.000000,0.000000,21.638238,0.513299,-21.111825,0.064049,0.064049,0.015902,-1.729838,-1.729838,-2.194769,0.091109,0.149344,344.330749,344.330749,537.002706,3,0.000000,true,
131.200000,0.275000,0.000000,250.648030,250.648030,250.648030,250.648030,751.944089,0.000000,0.000000,21.636116,0.477228,-21.151145,0.058695,0.058695,0.014610,-1.739225,-1.739225,-2.197339,0.086338,0.144672,346.251751,346.251751,538.001823,3,0.000000,true,
131.200000,0.250000,0.000000,247.251967,247.251967,247.251967,247.251967,741.755901,0.000000,0.000000,21.633949,0.440729,-21.190554,0.053344,0.053344,0.013312,-1.748572,-1.748572,-2.199911,0.081402,0.139750,348.165752,348.165752,539.001884,3,0.000000,true,
131.200000,0.225000,0.000000,243.419732,243.419732,243.419732,243.419732,730.259196,0.000000,0.000000,21.631738,0.403767,-21.230051,0.047996,0.047996,0.012008,-1.757879,-1.757879,-2.202485,0.076285,0.134536,350.072868,350.072868,540.002881,3,0.000000,true,
131.200000,0.200000,0.000000,239.047641,239.047641,239.047641,239.047641,717.142922,0.000000,0.000000,21.629481,0.366301,-21.269635,0.042651,0.042651,0.010697,-1.767146,-1.767146,-2.205061,0.070961,0.128973,351.973212,351.973212,541.004808,3,0.000000,true,
131.200000,0.175000,0.000000,233.990310,233.990310,233.990310,233.990310,701.970931,0.000000,0.000000,21.627178,0.328278,-21.309304,0.037310,0.037310,0.009381,-1.776374,-1.776374,-2.207638,0.065401,0.122985,353.866896,353.866896,542.007657,3,0.000000,true,
131.200000,0.150000,0.000000,228.034805,228.034805,228.034805,228.034805,684.104414,0.000000,0.000000,21.624829,0.289629,-21.349055,0.031971,0.031971,0.008058,-1.785565,-1.785565,-2.210218,0.059566,0.116466,355.754025,355.754025,543.011419,3,0.000000,true,
131.200000,0.125000,0.000000,220.850996,220.850996,220.850996,220.850996,662.552989,0.000000,0.000000,21.622434,0.250260,-21.388886,0.026635,0.026635,0.006730,-1.794717,-1.794717,-2.212799,0.053401,0.109256,357.634697,357.634697,544.016083,3,0.000000,true,
131.200000,0.100000,0.000000,211.885856,211.885856,211.885856,211.885856,635.657567,0.000000,0.000000,21.619991,0.210041,-21.428796,0.021302,0.021302,0.005396,-1.803833,-1.803833,-2.215383,0.046831,0.101105,359.508999,359.508999,545.021631,3,0.000000,true,
131.200000,0.075000,0.000000,200.102813,200.102813,200.102813,200.102813,600.308438,0.000000,0.000000,21.617502,0.168771,-21.468782,0.015972,0.015972,0.004055,-1.812911,-1.812911,-2.217967,0.039741,0.091573,361.376983,361.376983,546.028031,4,0.000000,true,
131.200000,0.050000,0.000000,183.175747,183.175747,183.175747,183.175747,549.527240,0.000000,0.000000,21.614965,0.126109,-21.508838,0.010645,0.010645,0.002709,-1.821953,-1.821953,-2.220553,0.031942,0.079759,363.238597,363.238597,547.035192,4,0.000000,true,
131.200000,0.025000,0.000000,153.693889,153.693889,153.693889,153.693889,461.081666,0.000000,0.000000,21.612381,0.081352,-21.548944,0.005321,0.005321,0.001357,-1.830954,-1.830954,-2.223140,0.023130,0.063175,365.093155,365.093155,548.042678,4,0.000000,true,
131.200000,0.000000,0.000000,0.000000,0.000000,0.000000,0.000000,0.000000,0.000000,0.000000,21.609897,0.034629,-21.586872,0.000000,0.000000,0.000000,-1.839419,-1.839419,-2.225583,0.020975,0.020975,366.838483,366.838483,548.994587,7,0.000000,true,
131.300000,4.000000,0.000000,328.707431,328.707431,328.707431,328.707431,986.122292,0.000000,0.000000,22.003480,4.109590,-16.070650,0.856514,0.856514,0.206972,-0.154109,-0.154109,-1.855842,0.364259,0.389226,34.724290,34.724290,429.653801,4,0.000000,true,
131.300000,3.975000,0.000000,327.976381,327.976381,327.976381,327.976381,983.929144,0.000000,0.000000,21.996389,4.086441,-16.106020,0.851611,0.851611,0.204777,-0.156667,-0.156667,-1.858167,0.363206,0.388251,35.215989,35.215989,430.029890,3,0.000000,true,
131.300000,3.950000,0.000000,327.243183,327.243183,327.243183,327.243183,981.729548,0.000000,0.000000,21.989321,4.063284,-16.141351,0.846701,0.846701,0.202599,-0.159301,-0.159301,-1.860478,0.362148,0.387271,35.722511,35.722511,430.404489,3,0.000000,true,
131.300000,3.925000,0.000000,326.507906,326.507906,326.507906,326.507906,979.523719,0.000000,0.000000,21.982279,4.040120,-16.176643,0.841782,0.841782,0.200436,-0.162016,-0.162016,-1.862775,0.361084,0.386286,36.244496,36.244496,430.777660,3,0.000000,true,
131.300000,3.900000,0.000000,325.770632,325.770632,325.770632,325.770632,977.311895,0.000000,0.000000,21.975262,4.016948,-16.211894,0.836856,0.836856,0.198289,-0.164816,-0.164816,-1.865058,0.360015,0.385297,36.782618,36.782618,431.149465,3,0.000000,true,
131.300000,3.875000,0.000000,325.031445,325.031445,325.031445,325.031445,975.094335,0.000000,0.000000,21.968272,3.993772,-16.247105,0.831921,0.831921,0.196157,-0.167703,-0.167703,-1.867328,0.358940,0.384302,37.337586,37.337586,431.519974,3,0.000000,true,
131.300000,3.850000,0.000000,324.290442,324.290442,324.290442,324.290442,972.871325,0.000000,0.000000,21.961310,3.970590,-16.282273,0.826979,0.826979,0.194041,-0.170681,-0.170681,-1.869584,0.357860,0.383302,37.910147,37.910147,431.889258,3,0.000000,true,
131.300000,3.825000,0.000000,323.547725,323.547725,323.547725,323.547725,970.643174,0.000000,0.000000,21.954377,3.947405,-16.317399,0.822029,0.822029,0.191941,-0.173756,-0.173756,-1.871826,0.356774,0.382297,38.501091,38.501091,432.257396,3,0.000000,true,
131.300000,3.800000,0.000000,322.803408,322.803408,322.803408,322.803408,968.410225,0.000000,0.000000,21.947474,3.924217,-16.352481,0.817071,0.817071,0.189857,-0.176930,-0.176930,-1.874055,0.355682,0.381287,39.111247,39.111247,432.624470,3,0.000000,true,
131.300000,3.775000,0.000000,322.057617,322.057617,322.057617,322.057617,966.172850,0.000000,0.000000,21.940603,3.901027,-16.387519,0.812105,0.812105,0.187789,-0.180209,-0.180209,-1.876272,0.354585,0.380273,39.741492,39.741492,432.990569,3,0.000000,true,
131.300000,3.750000,0.000000,321.310485,321.310485,321.310485,321.310485,963.931455,0.000000,0.000000,21.933765,3.877838,-16.422512,0.807131,0.807131,0.185737,-0.183597,-0.183597,-1.878475,0.353482,0.379253,40.392748,40.392748,433.355787,3,0.000000,true,
131.300000,3.725000,0.000000,320.562162,320.562162,320.562162,320.562162,961.686486,0.000000,0.000000,21.926962,3.854649,-16.457459,0.802150,0.802150,0.183701,-0.187100,-0.187100,-1.880665,0.352374,0.378229,41.065987,41.065987,433.720226,3,0.000000,true,
131.300000,3.700000,0.000000,319.812809,319.812809,319.812809,319.812809,959.438427,0.000000,0.000000,21.920195,3.831463,-16.492358,0.797160,0.797160,0.181681,-0.190722,-0.190722,-1.882843,0.351260,0.377200,41.762236,41.762236,434.083995,3,0.000000,true,
131.300000,3.675000,0.000000,319.062603,319.062603,319.062603,319.062603,957.187808,0.000000,0.000000,21.913465,3.808281,-16.527209,0.792161,0.792161,0.179677,-0.194470,-0.194470,-1.885008,0.350141,0.376165,42.482573,42.482573,434.447209,3,0.000000,true,
131.300000,3.650000,0.000000,318.311736,318.311736,318.311736,318.311736,954.935209,0.000000,0.000000,21.906776,3.785105,-16.562010,0.787155,0.787155,0.177689,-0.198349,-0.198349,-1.887162,0.349016,0.375127,43.228136,43.228136,434.809996,3,0.000000,true,
131.300000,3.625000,0.000000,317.560419,317.560419,317.560419,317.560419,952.681258,0.000000,0.000000,21.900128,3.761936,-16.596761,0.782141,0.782141,0.175718,-0.202366,-0.202366,-1.889303,0.347886,0.374083,44.000122,44.000122,435.172489,3,0.000000,true,
131.300000,3.600000,0.000000,316.808882,316.808882,316.808882,316.808882,950.426645,0.000000,0.000000,21.893524,3.738777,-16.631460,0.777118,0.777118,0.173764,-0.206527,-0.206527,-1.891432,0.346750,0.373035,44.799791,44.799791,435.534833,3,0.000000,true,
131.300000,3.575000,0.000000,316.057372,316.057372,316.057372,316.057372,948.172117,0.000000,0.000000,21.886966,3.715629,-16.666106,0.772087,0.772087,0.171826,-0.210838,-0.210838,-1.893549,0.345609,0.371982,45.628468,45.628468,435.897184,3,0.000000,true,
131.300000,3.550000,0.000000,315.306164,315.306164,315.306164,315.306164,945.918491,0.000000,0.000000,21.880456,3.692495,-16.700697,0.767048,0.767048,0.169904,-0.215308,-0.215308,-1.895656,0.344463,0.370925,46.487545,46.487545,436.259711,3,0.000000,true,
131.300000,3.525000,0.000000,314.555552,314.555552,314.555552,314.555552,943.666655,0.000000,0.000000,21.873997,3.669377,-16.735231,0.762000,0.762000,0.168000,-0.219944,-0.219944,-1.897751,0.343311,0.369863,47.378480,47.378480,436.622593,3,0.000000,true,
131.300000,3.500000,0.000000,313.805858,313.805858,313.805858,313.805858,941.417575,0.000000,0.000000,21.867591,3.646277,-16.769708,0.756943,0.756943,0.166113,-0.224753,-0.224753,-1.899835,0.342155,0.368797,48.302805,48.302805,436.986026,3,0.000000,true,
131.300000,3.475000,0.000000,313.057434,313.057434,313.057434,313.057434,939.172301,0.000000,0.000000,21.861242,3.623198,-16.804125,0.751878,0.751878,0.164243,-0.229744,-0.229744,-1.901909,0.340993,0.367727,49.262122,49.262122,437.350220,3,0.000000,true,
131.300000,3.450000,0.000000,312.310657,312.310657,312.310657,312.310657,936.931972,0.000000,0.000000,21.854952,3.600144,-16.838480,0.746805,0.746805,0.162391,-0.234926,-0.234926,-1.903973,0.339826,0.366653,50.258102,50.258102,437.715399,3,0.000000,true,
131.300000,3.425000,0.000000,311.565942,311.565942,311.565942,311.565942,934.697825,0.000000,0.000000,21.848725,3.577116,-16.872772,0.741722,0.741722,0.160556,-0.240307,-0.240307,-1.906027,0.338655,0.365575,51.292491,51.292491,438.081809,3,0.000000,true,
131.300000,3.400000,0.000000,310.823734,310.823734,310.823734,310.823734,932.471202,0.000000,0.000000,21.842564,3.554119,-16.906999,0.736630,0.736630,0.158740,-0.245898,-0.245898,-1.908072,0.337479,0.364493,52.367101,52.367101,438.449710,3,0.000000,true,
131.300000,3.375000,0.000000,310.084517,310.084517,310.084517,310.084517,930.253551,0.000000,0.000000,21.836473,3.531156,-16.941158,0.731529,0.731529,0.156942,-0.251708,-0.251708,-1.910107,0.336298,0.363407,53.483814,53.483814,438.819385,3,0.000000,true,
131.300000,3.350000,0.000000,309.348813,309.348813,309.348813,309.348813,928.046439,0.000000,0.000000,21.830455,3.508230,-16.975248,0.726419,0.726419,0.155162,-0.257746,-0.257746,-1.912134,0.335113,0.362318,54.644573,54.644573,439.191135,3,0.000000,true,
131.300000,3.325000,0.000000,308.617185,308.617185,308.617185,308.617185,925.851555,0.000000,0.000000,21.824516,3.485346,-17.009265,0.721299,0.721299,0.153402,-0.264024,-0.264024,-1.914153,0.333923,0.361226,55.851379,55.851379,439.565288,3,0.000000,true,
131.300000,3.300000,0.000000,307.890239,307.890239,307.890239,307.890239,923.670718,0.000000,0.000000,21.818658,3.462507,-17.043207,0.716170,0.716170,0.151660,-0.270552,-0.270552,-1.916164,0.332730,0.360131,57.106281,57.106281,439.942190,3,0.000000,true,
131.300000,3.275000,0.000000,307.168626,307.168626,307.168626,307.168626,921.505878,0.000000,0.000000,21.812887,3.439719,-17.077072,0.711031,0.711031,0.149938,-0.277340,-0.277340,-1.918168,0.331532,0.359033,58.411370,58.411370,440.322216,3,0.000000,true,
131.300000,3.250000,0.000000,306.453041,306.453041,306.453041,306.453041,919.359123,0.000000,0.000000,21.807208,3.416985,-17.110857,0.705882,0.705882,0.148236,-0.284400,-0.284400,-1.920165,0.330331,0.357932,59.768760,59.768760,440.705763,3,0.000000,true,
131.300000,3.225000,0.000000,305.744227,305.744227,305.744227,305.744227,917.232682,0.000000,0.000000,21.801626,3.394311,-17.144558,0.700723,0.700723,0.146555,-0.291743,-0.291743,-1.922157,0.329127,0.356829,61.180578,61.180578,441.093255,3,0.000000,true,
131.300000,3.200000,0.000000,305.042974,305.042974,305.042974,305.042974,915.128923,0.000000,0.000000,21.796146,3.371702,-17.178174,0.695553,0.695553,0.144894,-0.299379,-0.299379,-1.924143,0.327919,0.355724,62.648945,62.648945,441.485143,3,0.000000,true,
131.300000,3.175000,0.000000,304.350118,304.350118,304.350118,304.350118,913.050353,0.000000,0.000000,21.790774,3.349163,-17.211701,0.690373,0.690373,0.143255,-0.307320,-0.307320,-1.926125,0.326709,0.354618,64.175947,64.175947,441.881904,3,0.000000,true,
131.300000,3.150000,0.000000,303.666538,303.666538,303.666538,303.666538,910.999614,0.000000,0.000000,21.785516,3.326699,-17.245136,0.685182,0.685182,0.141637,-0.315575,-0.315575,-1.928102,0.325495,0.353510,65.763619,65.763619,442.284039,3,0.000000,true,
131.300000,3.125000,0.000000,302.993158,302.993158,302.993158,302.993158,908.979474,0.000000,0.000000,21.780376,3.304316,-17.278476,0.679980,0.679980,0.140041,-0.324155,-0.324155,-1.930077,0.324280,0.352402,67.413907,67.413907,442.692075,3,0.000000,true,
131.300000,3.100000,0.000000,302.330938,302.330938,302.330938,302.330938,906.992814,0.000000,0.000000,21.775362,3.282019,-17.311717,0.674766,0.674766,0.138467,-0.333070,-0.333070,-1.932049,0.323062,0.351292,69.128639,69.128639,443.106561,3,0.000000,true,
131.300000,3.075000,0.000000,301.680871,301.680871,301.680871,301.680871,905.042614,0.000000,0.000000,21.770480,3.259815,-17.344858,0.669541,0.669541,0.136917,-0.342327,-0.342327,-1.934020,0.321843,0.350183,70.909489,70.909489,443.528067,3,0.000000,true,
131.300000,3.050000,0.000000,301.043977,301.043977,301.043977,301.043977,903.131932,0.000000,0.000000,21.765735,3.237709,-17.377894,0.664305,0.664305,0.135390,-0.351934,-0.351934,-1.935990,0.320622,0.349073,72.757932,72.757932,443.957178,3,0.000000,true,
131.300000,3.025000,0.000000,300.421292,300.421292,300.421292,300.421292,901.263875,0.000000,0.000000,21.761134,3.215705,-17.410823,0.659057,0.659057,0.133887,-0.361898,-0.361898,-1.937961,0.319401,0.347964,74.675213,74.675213,444.394493,3,0.000000,true,
131.300000,3.000000,0.000000,299.813857,299.813857,299.813857,299.813857,899.441571,0.000000,0.000000,21.756683,3.193810,-17.443643,0.653796,0.653796,0.132408,-0.372222,-0.372222,-1.939933,0.318178,0.346856,76.662292,76.662292,444.840617,3,0.000000,true,
131.300000,2.975000,0.000000,299.222709,299.222709,299.222709,299.222709,897.668128,0.000000,0.000000,21.752387,3.172029,-17.476350,0.648523,0.648523,0.130954,-0.382912,-0.382912,-1.941907,0.316955,0.345749,78.719815,78.719815,445.296156,3,0.000000,true,
131.300000,2.950000,0.000000,298.648866,298.648866,298.648866,298.648866,895.946598,0.000000,0.000000,21.748252,3.150365,-17.508944,0.643238,0.643238,0.129524,-0.393967,-0.393967,-1.943884,0.315731,0.344644,80.848062,80.848062,445.761711,3,0.000000,true,
131.300000,2.925000,0.000000,298.093309,298.093309,298.093309,298.093309,894.279928,0.000000,0.000000,21.744282,3.128822,-17.541423,0.637940,0.637940,0.128120,-0.405386,-0.405386,-1.945866,0.314507,0.343540,83.046921,83.046921,446.237868,3,0.000000,true,
131.300000,2.900000,0.000000,297.556971,297.556971,297.556971,297.556971,892.670913,0.000000,0.000000,21.740482,3.107405,-17.573786,0.632630,0.632630,0.126741,-0.417168,-0.417168,-1.947853,0.313284,0.342439,85.315852,85.315852,446.725191,3,0.000000,true,
131.300000,2.875000,0.000000,297.040716,297.040716,297.040716,297.040716,891.122149,0.000000,0.000000,21.736856,3.086114,-17.606032,0.627306,0.627306,0.125387,-0.429305,-0.429305,-1.949846,0.312061,0.341340,87.653868,87.653868,447.224214,3,0.000000,true,
131.300000,2.850000,0.000000,296.545326,296.545326,296.545326,296.545326,889.635979,0.000000,0.000000,21.733406,3.064953,-17.638161,0.621971,0.621971,0.124059,-0.441791,-0.441791,-1.951846,0.310838,0.340243,90.059519,90.059519,447.735430,3,0.000000,true,
131.300000,2.825000,0.000000,296.071485,296.071485,296.071485,296.071485,888.214454,0.000000,0.000000,21.730136,3.043920,-17.670175,0.616622,0.616622,0.122756,-0.454615,-0.454615,-1.953854,0.309616,0.339149,92.530894,92.530894,448.259285,3,0.000000,true,
131.300000,2.800000,0.000000,295.619761,295.619761,295.619761,295.619761,886.859282,0.000000,0.000000,21.727045,3.023017,-17.702076,0.611261,0.611261,0.121478,-0.467765,-0.467765,-1.955871,0.308394,0.338058,95.065629,95.065629,448.796170,3,0.000000,true,
131.300000,2.775000,0.000000,295.190601,295.190601,295.190601,295.190601,885.571802,0.000000,0.000000,21.724135,3.002240,-17.733865,0.605887,0.605887,0.120225,-0.481226,-0.481226,-1.957898,0.307173,0.336970,97.660928,97.660928,449.346412,3,0.000000,true,
131.300000,2.750000,0.000000,294.784317,294.784317,294.784317,294.784317,884.352951,0.000000,0.000000,21.721405,2.981587,-17.765546,0.600502,0.600502,0.118997,-0.494980,-0.494980,-1.959935,0.305952,0.335884,100.313601,100.313601,449.910272,3,0.000000,true,
131.300000,2.725000,0.000000,294.401082,294.401082,294.401082,294.401082,883.203245,0.000000,0.000000,21.718853,2.961055,-17.797122,0.595104,0.595104,0.117792,-0.509009,-0.509009,-1.961982,0.304731,0.334801,103.020105,103.020105,450.487941,3,0.000000,true,
131.300000,2.700000,0.000000,294.040925,294.040925,294.040925,294.040925,882.122776,0.000000,0.000000,21.716476,2.940639,-17.828600,0.589695,0.589695,0.116611,-0.523293,-0.523293,-1.964041,0.303510,0.333720,105.776602,105.776602,451.079534,3,0.000000,true,
131.300000,2.675000,0.000000,293.703737,293.703737,293.703737,293.703737,881.111210,0.000000,0.000000,21.714272,2.920331,-17.859983,0.584274,0.584274,0.115452,-0.537811,-0.537811,-1.966112,0.302288,0.332642,108.579014,108.579014,451.685094,3,0.000000,true,
131.300000,2.650000,0.000000,293.389267,293.389267,293.389267,293.389267,880.167801,0.000000,0.000000,21.712235,2.900125,-17.891279,0.578843,0.578843,0.114315,-0.552539,-0.552539,-1.968195,0.301066,0.331565,111.423093,111.423093,452.304594,3,0.000000,true,
131.300000,2.625000,0.000000,293.097138,293.097138,293.097138,293.097138,879.291413,0.000000,0.000000,21.710361,2.880014,-17.922494,0.573401,0.573401,0.113199,-0.567455,-0.567455,-1.970290,0.299842,0.330489,114.304485,114.304485,452.937935,3,0.000000,true,
131.300000,2.600000,0.000000,292.826851,292.826851,292.826851,292.826851,878.480552,0.000000,0.000000,21.708643,2.859987,-17.953636,0.567949,0.567949,0.112103,-0.582536,-0.582536,-1.972398,0.298616,0.329414,117.218795,117.218795,453.584957,3,0.000000,true,
131.300000,2.575000,0.000000,292.577798,292.577798,292.577798,292.577798,877.733393,0.000000,0.000000,21.707075,2.840036,-17.984711,0.562487,0.562487,0.111025,-0.597760,-0.597760,-1.974519,0.297388,0.328340,120.161645,120.161645,454.245442,3,0.000000,true,
131.300000,2.550000,0.000000,292.349277,292.349277,292.349277,292.349277,877.047831,0.000000,0.000000,21.705651,2.820151,-18.015727,0.557017,0.557017,0.109966,-0.613102,-0.613102,-1.976652,0.296157,0.327265,123.128738,123.128738,454.919117,3,0.000000,true,
131.300000,2.525000,0.000000,292.140505,292.140505,292.140505,292.140505,876.421514,0.000000,0.000000,21.704362,2.800322,-18.046694,0.551538,0.551538,0.108923,-0.628543,-0.628543,-1.978797,0.294922,0.326189,126.115899,126.115899,455.605670,3,0.000000,true,
131.300000,2.500000,0.000000,291.950631,291.950631,291.950631,291.950631,875.851892,0.000000,0.000000,21.703201,2.780537,-18.077619,0.546052,0.546052,0.107896,-0.644059,-0.644059,-1.980955,0.293683,0.325112,129.119120,129.119120,456.304746,3,0.000000,true,
131.300000,2.475000,0.000000,291.778752,291.778752,291.778752,291.778752,875.336255,0.000000,0.000000,21.702161,2.760786,-18.108510,0.540558,0.540558,0.106884,-0.659633,-0.659633,-1.983126,0.292439,0.324033,132.134590,132.134590,457.015965,3,0.000000,true,
131.300000,2.450000,0.000000,291.623925,291.623925,291.623925,291.623925,874.871775,0.000000,0.000000,21.701234,2.741058,-18.139376,0.535058,0.535058,0.105885,-0.675244,-0.675244,-1.985308,0.291189,0.322951,135.158725,135.158725,457.738923,3,0.000000,true,
131.300000,2.425000,0.000000,291.485182,291.485182,291.485182,291.485182,874.455546,0.000000,0.000000,21.700411,2.721343,-18.170224,0.529551,0.529551,0.104898,-0.690875,-0.690875,-1.987502,0.289933,0.321865,138.188180,138.188180,458.473197,3,0.000000,true,
131.300000,2.400000,0.000000,291.361538,291.361538,291.361538,291.361538,874.084613,0.000000,0.000000,21.699685,2.701629,-18.201064,0.524038,0.524038,0.103923,-0.706511,-0.706511,-1.989707,0.288670,0.320776,141.219863,141.219863,459.218357,3,0.000000,true,
131.300000,2.375000,0.000000,291.252001,291.252001,291.252001,291.252001,873.756004,0.000000,0.000000,21.699049,2.681906,-18.231903,0.518521,0.518521,0.102958,-0.722137,-0.722137,-1.991924,0.287399,0.319681,144.250935,144.250935,459.973968,3,0.000000,true,
131.300000,2.350000,0.000000,291.155585,291.155585,291.155585,291.155585,873.466755,0.000000,0.000000,21.698495,2.662164,-18.262748,0.512998,0.512998,0.102003,-0.737738,-0.737738,-1.994151,0.286119,0.318581,147.278813,147.278813,460.739592,3,0.000000,true,
131.300000,2.325000,0.000000,291.071311,291.071311,291.071311,291.071311,873.213934,0.000000,0.000000,21.698016,2.642393,-18.293607,0.507472,0.507472,0.101056,-0.753303,-0.753303,-1.996389,0.284830,0.317475,150.301161,150.301161,461.514798,3,0.000000,true,
131.300000,2.300000,0.000000,290.998218,290.998218,290.998218,290.998218,872.994653,0.000000,0.000000,21.697604,2.622583,-18.324486,0.501942,0.501942,0.100116,-0.768821,-0.768821,-1.998637,0.283532,0.316362,153.315883,153.315883,462.299160,3,0.000000,true,
131.300000,2.275000,0.000000,290.935363,290.935363,290.935363,290.935363,872.806089,0.000000,0.000000,21.697255,2.602726,-18.355394,0.496408,0.496408,0.099183,-0.784282,-0.784282,-2.000895,0.282223,0.315241,156.321112,156.321112,463.092263,3,0.000000,true,
131.300000,2.250000,0.000000,290.881829,290.881829,290.881829,290.881829,872.645487,0.000000,0.000000,21.696960,2.582812,-18.386335,0.490872,0.490872,0.098256,-0.799678,-0.799678,-2.003162,0.280902,0.314112,159.315196,159.315196,463.893702,3,0.000000,true,
131.300000,2.225000,0.000000,290.836725,290.836725,290.836725,290.836725,872.510174,0.000000,0.000000,21.696714,2.562833,-18.417317,0.485333,0.485333,0.097333,-0.815001,-0.815001,-2.005438,0.279570,0.312974,162.296683,162.296683,464.703088,2,0.000000,true,
131.300000,2.200000,0.000000,290.799187,290.799187,290.799187,290.799187,872.397561,0.000000,0.000000,21.696512,2.542781,-18.448345,0.479793,0.479793,0.096415,-0.830245,-0.830245,-2.007722,0.278225,0.311827,165.264310,165.264310,465.520044,2,0.000000,true,
131.300000,2.175000,0.000000,290.768382,290.768382,290.768382,290.768382,872.305147,0.000000,0.000000,21.696348,2.522649,-18.479424,0.474250,0.474250,0.095500,-0.845404,-0.845404,-2.010015,0.276867,0.310670,168.216984,168.216984,466.344211,2,0.000000,true,
131.300000,2.150000,0.000000,290.743506,290.743506,290.743506,290.743506,872.230518,0.000000,0.000000,21.696218,2.502429,-18.510560,0.468706,0.468706,0.094588,-0.860472,-0.860472,-2.012316,0.275495,0.309503,171.153767,171.153767,467.175245,2,0.000000,true,
131.300000,2.125000,0.000000,290.723783,290.723783,290.723783,290.723783,872.171350,0.000000,0.000000,21.696115,2.482114,-18.541758,0.463161,0.463161,0.093678,-0.875447,-0.875447,-2.014625,0.274109,0.308324,174.073868,174.073868,468.012817,2,0.000000,true,
131.300000,2.100000,0.000000,290.708468,290.708468,290.708468,290.708468,872.125404,0.000000,0.000000,21.696036,2.461698,-18.573022,0.457615,0.457615,0.092770,-0.890325,-0.890325,-2.016942,0.272708,0.307133,176.976621,176.976621,468.856614,2,0.000000,true,
131.300000,2.075000,0.000000,290.696842,290.696842,290.696842,290.696842,872.090527,0.000000,0.000000,21.695977,2.441174,-18.604356,0.452069,0.452069,0.091862,-0.905102,-0.905102,-2.019265,0.271292,0.305931,179.861480,179.861480,469.706341,2,0.000000,true,
131.300000,2.050000,0.000000,290.688215,290.688215,290.688215,290.688215,872.064644,0.000000,0.000000,21.695934,2.420537,-18.635766,0.446522,0.446522,0.090955,-0.919777,-0.919777,-2.021596,0.269859,0.304715,182.728000,182.728000,470.561717,2,0.000000,true,
131.300000,2.025000,0.000000,290.681920,290.681920,290.681920,290.681920,872.045759,0.000000,0.000000,21.695903,2.399781,-18.667254,0.440976,0.440976,0.090048,-0.934348,-0.934348,-2.023933,0.268410,0.303486,185.575831,185.575831,471.422475,2,0.000000,true,
131.300000,2.000000,0.000000,290.677316,290.677316,290.677316,290.677316,872.031949,0.000000,0.000000,21.695880,2.378902,-18.698824,0.435429,0.435429,0.089141,-0.948814,-0.948814,-2.026276,0.266944,0.302244,188.404707,188.404707,472.288366,2,0.000000,true,
131.300000,1.975000,0.000000,290.673785,290.673785,290.673785,290.673785,872.021356,0.000000,0.000000,21.695863,2.357893,-18.730480,0.429884,0.429884,0.088233,-0.963173,-0.963173,-2.028626,0.265460,0.300987,191.214433,191.214433,473.159151,2,0.000000,true,
131.300000,1.950000,0.000000,290.670729,290.670729,290.670729,290.670729,872.012188,0.000000,0.000000,21.695848,2.336751,-18.762224,0.424338,0.424338,0.087323,-0.977425,-0.977425,-2.030981,0.263958,0.299715,194.004881,194.004881,474.034606,2,0.000000,true,
131.300000,1.925000,0.000000,290.667570,290.667570,290.667570,290.667570,872.002709,0.000000,0.000000,21.695834,2.315470,-18.794061,0.418794,0.418794,0.086412,-0.991571,-0.991571,-2.033343,0.262438,0.298428,196.775980,196.775980,474.914521,2,0.000000,true,
131.300000,1.900000,0.000000,290.663746,290.663746,290.663746,290.663746,871.991237,0.000000,0.000000,21.695816,2.294047,-18.825991,0.413251,0.413251,0.085499,-1.005608,-1.005608,-2.035710,0.260898,0.297125,199.527709,199.527709,475.798696,2,0.000000,true,
131.300000,1.875000,0.000000,290.658713,290.658713,290.658713,290.658713,871.976138,0.000000,0.000000,21.695793,2.272479,-18.858019,0.407708,0.407708,0.084583,-1.019539,-1.019539,-2.038082,0.259338,0.295806,202.260090,202.260090,476.686945,2,0.000000,true,
131.300000,1.850000,0.000000,290.651940,290.651940,290.651940,290.651940,871.955821,0.000000,0.000000,21.695762,2.250759,-18.890146,0.402167,0.402167,0.083665,-1.033363,-1.033363,-2.040460,0.257758,0.294470,204.973187,204.973187,477.579090,2,0.000000,true,
131.300000,1.825000,0.000000,290.642911,290.642911,290.642911,290.642911,871.928733,0.000000,0.000000,21.695722,2.228887,-18.922375,0.396628,0.396628,0.082744,-1.047080,-1.047080,-2.042842,0.256157,0.293117,207.667092,207.667092,478.474965,2,0.000000,true,
131.300000,1.800000,0.000000,290.631118,290.631118,290.631118,290.631118,871.893354,0.000000,0.000000,21.695670,2.206857,-18.954708,0.391090,0.391090,0.081819,-1.060693,-1.060693,-2.045230,0.254535,0.291747,210.341931,210.341931,479.374414,2,0.000000,true,
131.300000,1.775000,0.000000,290.616064,290.616064,290.616064,290.616064,871.848193,0.000000,0.000000,21.695604,2.184667,-18.987147,0.385554,0.385554,0.080891,-1.074200,-1.074200,-2.047622,0.252891,0.290358,212.997851,212.997851,480.277288,2,0.000000,true,
131.300000,1.750000,0.000000,290.597261,290.597261,290.597261,290.597261,871.791783,0.000000,0.000000,21.695524,2.162314,-19.019694,0.380020,0.380020,0.079960,-1.087604,-1.087604,-2.050019,0.251225,0.288951,215.635023,215.635023,481.183450,2,0.000000,true,
131.300000,1.725000,0.000000,290.574224,290.574224,290.574224,290.574224,871.722672,0.000000,0.000000,21.695426,2.139794,-19.052349,0.374488,0.374488,0.079024,-1.100906,-1.100906,-2.052421,0.249537,0.287525,218.253632,218.253632,482.092767,2,0.000000,true,
131.300000,1.700000,0.000000,290.546476,290.546476,290.546476,290.546476,871.639428,0.000000,0.000000,21.695311,2.117105,-19.085116,0.368958,0.368958,0.078085,-1.114105,-1.114105,-2.054826,0.247824,0.286079,220.853883,220.853883,483.005117,2,0.000000,true,
131.300000,1.675000,0.000000,290.513541,290.513541,290.513541,290.513541,871.540624,0.000000,0.000000,21.695176,2.094245,-19.117995,0.363430,0.363430,0.077140,-1.127205,-1.127205,-2.057237,0.246088,0.284614,223.435991,223.435991,483.920384,2,0.000000,true,
131.300000,1.650000,0.000000,290.474946,290.474946,290.474946,290.474946,871.424839,0.000000,0.000000,21.695020,2.071210,-19.150988,0.357904,0.357904,0.076192,-1.140205,-1.140205,-2.059651,0.244328,0.283128,226.000181,226.000181,484.838458,2,0.000000,true,
131.300000,1.625000,0.000000,290.430218,290.430218,290.430218,290.430218,871.290653,0.000000,0.000000,21.694841,2.047998,-19.184097,0.352381,0.352381,0.075238,-1.153107,-1.153107,-2.062069,0.242543,0.281621,228.546688,228.546688,485.759235,2,0.000000,true,
131.300000,1.600000,0.000000,290.378880,290.378880,290.378880,290.378880,871.136641,0.000000,0.000000,21.694640,2.024607,-19.217321,0.346860,0.346860,0.074280,-1.165913,-1.165913,-2.064492,0.240733,0.280093,231.075753,231.075753,486.682618,2,0.000000,true,
131.300000,1.575000,0.000000,290.320456,290.320456,290.320456,290.320456,870.961368,0.000000,0.000000,21.694414,2.001035,-19.250663,0.341341,0.341341,0.073317,-1.178624,-1.178624,-2.066918,0.238896,0.278543,233.587623,233.587623,487.608516,2,0.000000,true,
131.300000,1.550000,0.000000,290.254462,290.254462,290.254462,290.254462,870.763387,0.000000,0.000000,21.694164,1.977279,-19.284123,0.335826,0.335826,0.072349,-1.191241,-1.191241,-2.069348,0.237034,0.276971,236.082547,236.082547,488.536842,2,0.000000,true,
131.300000,1.525000,0.000000,290.180410,290.180410,290.180410,290.180410,870.541229,0.000000,0.000000,21.693887,1.953337,-19.317703,0.330312,0.330312,0.071375,-1.203765,-1.203765,-2.071782,0.235144,0.275376,238.560781,238.560781,489.467513,2,0.000000,true,
131.300000,1.500000,0.000000,290.097802,290.097802,290.097802,290.097802,870.293405,0.000000,0.000000,21.693583,1.929208,-19.351402,0.324802,0.324802,0.070396,-1.216199,-1.216199,-2.074220,0.233226,0.273758,241.022578,241.022578,490.400453,2,0.000000,true,
131.300000,1.475000,0.000000,290.006131,290.006131,290.006131,290.006131,870.018393,0.000000,0.000000,21.693251,1.904889,-19.385223,0.319294,0.319294,0.069412,-1.228542,-1.228542,-2.076661,0.231281,0.272115,243.468196,243.468196,491.335588,2,0.000000,true,
131.300000,1.450000,0.000000,289.904880,289.904880,289.904880,289.904880,869.714639,0.000000,0.000000,21.692891,1.880379,-19.419165,0.313789,0.313789,0.068421,-1.240798,-1.240798,-2.079106,0.229307,0.270449,245.897890,245.897890,492.272850,2,0.000000,true,
131.300000,1.425000,0.000000,289.793516,289.793516,289.793516,289.793516,869.380548,0.000000,0.000000,21.692502,1.855675,-19.453229,0.308287,0.308287,0.067425,-1.252966,-1.252966,-2.081554,0.227303,0.268757,248.311916,248.311916,493.212172,2,0.000000,true,
131.300000,1.400000,0.000000,289.671493,289.671493,289.671493,289.671493,869.014480,0.000000,0.000000,21.692083,1.830777,-19.487416,0.302788,0.302788,0.066424,-1.265049,-1.265049,-2.084005,0.225270,0.267040,250.710530,250.710530,494.153494,2,0.000000,true,
131.300000,1.375000,0.000000,289.538247,289.538247,289.538247,289.538247,868.614742,0.000000,0.000000,21.691633,1.805681,-19.521726,0.297292,0.297292,0.065416,-1.277047,-1.277047,-2.086460,0.223206,0.265297,253.093986,253.093986,495.096758,2,0.000000,true,
131.300000,1.350000,0.000000,289.393194,289.393194,289.393194,289.393194,868.179582,0.000000,0.000000,21.691152,1.780387,-19.556160,0.291799,0.291799,0.064402,-1.288963,-1.288963,-2.088919,0.221111,0.263528,255.462534,255.462534,496.041907,2,0.000000,true,
131.300000,1.325000,0.000000,289.235728,289.235728,289.235728,289.235728,867.707183,0.000000,0.000000,21.690640,1.754893,-19.590717,0.286309,0.286309,0.063383,-1.300797,-1.300797,-2.091380,0.218985,0.261731,257.816424,257.816424,496.988889,2,0.000000,true,
131.300000,1.300000,0.000000,289.065218,289.065218,289.065218,289.065218,867.195654,0.000000,0.000000,21.690096,1.729198,-19.625399,0.280822,0.280822,0.062357,-1.312551,-1.312551,-2.093845,0.216826,0.259906,260.155903,260.155903,497.937655,2,0.000000,true,
131.300000,1.275000,0.000000,288.881007,288.881007,288.881007,288.881007,866.643021,0.000000,0.000000,21.689519,1.703299,-19.660205,0.275338,0.275338,0.061325,-1.324226,-1.324226,-2.096313,0.214634,0.258053,262.481214,262.481214,498.888158,3,0.000000,true,
131.300000,1.250000,0.000000,288.682408,288.682408,288.682408,288.682408,866.047224,0.000000,0.000000,21.688909,1.677195,-19.695136,0.269857,0.269857,0.060286,-1.335823,-1.335823,-2.098785,0.212408,0.256171,264.792600,264.792600,499.840354,3,0.000000,true,
131.300000,1.225000,0.000000,288.468700,288.468700,288.468700,288.468700,865.406100,0.000000,0.000000,21.688266,1.650885,-19.730192,0.264379,0.264379,0.059241,-1.347344,-1.347344,-2.101259,0.210147,0.254259,267.090296,267.090296,500.794199,3,0.000000,true,
131.300000,1.200000,0.000000,288.239125,288.239125,288.239125,288.239125,864.717375,0.000000,0.000000,21.687589,1.624368,-19.765372,0.258905,0.258905,0.058190,-1.358790,-1.358790,-2.103737,0.207851,0.252316,269.374539,269.374539,501.749655,3,0.000000,true,
131.300000,1.175000,0.000000,287.992885,287.992885,287.992885,287.992885,863.978656,0.000000,0.000000,21.686877,1.597641,-19.800677,0.253434,0.253434,0.057133,-1.370162,-1.370162,-2.106217,0.205520,0.250342,271.645559,271.645559,502.706683,3,0.000000,true,
131.300000,1.150000,0.000000,287.729138,287.729138,287.729138,287.729138,863.187414,0.000000,0.000000,21.686132,1.570703,-19.836107,0.247966,0.247966,0.056069,-1.381462,-1.381462,-2.108701,0.203151,0.248336,273.903583,273.903583,503.665247,3,0.000000,true,
131.300000,1.125000,0.000000,287.446992,287.446992,287.446992,287.446992,862.340975,0.000000,0.000000,21.685351,1.543553,-19.871662,0.242501,0.242501,0.054998,-1.392690,-1.392690,-2.111187,0.200745,0.246297,276.148836,276.148836,504.625313,3,0.000000,true,
131.300000,1.100000,0.000000,287.145500,287.145500,287.145500,287.145500,861.436499,0.000000,0.000000,21.684535,1.516189,-19.907341,0.237039,0.237039,0.053921,-1.403848,-1.403848,-2.113676,0.198300,0.244224,278.381537,278.381537,505.586848,3,0.000000,true,
131.300000,1.075000,0.000000,286.823656,286.823656,286.823656,286.823656,860.470969,0.000000,0.000000,21.683684,1.488610,-19.943144,0.231581,0.231581,0.052838,-1.414936,-1.414936,-2.116169,0.195816,0.242117,280.601903,280.601903,506.549822,3,0.000000,true,
131.300000,1.050000,0.000000,286.480390,286.480390,286.480390,286.480390,859.441169,0.000000,0.000000,21.682797,1.460815,-19.979071,0.226126,0.226126,0.051747,-1.425957,-1.425957,-2.118664,0.193292,0.239974,282.810148,282.810148,507.514205,3,0.000000,true,
131.300000,1.025000,0.000000,286.114554,286.114554,286.114554,286.114554,858.343663,0.000000,0.000000,21.681874,1.432801,-20.015122,0.220675,0.220675,0.050650,-1.436911,-1.436911,-2.121162,0.190727,0.237795,285.006480,285.006480,508.479968,3,0.000000,true,
131.300000,1.000000,0.000000,285.724925,285.724925,285.724925,285.724925,857.174774,0.000000,0.000000,21.680914,1.404567,-20.051296,0.215227,0.215227,0.049547,-1.447799,-1.447799,-2.123663,0.188119,0.235577,287.191105,287.191105,509.447087,3,0.000000,true,
131.300000,0.975000,0.000000,285.310186,285.310186,285.310186,285.310186,855.930557,0.000000,0.000000,21.679918,1.376112,-20.087593,0.209782,0.209782,0.048437,-1.458623,-1.458623,-2.126167,0.185469,0.233321,289.364226,289.364226,510.415535,3,0.000000,true,
131.300000,0.950000,0.000000,284.868922,284.868922,284.868922,284.868922,854.606767,0.000000,0.000000,21.678885,1.347434,-20.124012,0.204340,0.204340,0.047320,-1.469383,-1.469383,-2.128673,0.182774,0.231026,291.526040,291.526040,511.385288,3,0.000000,true,
131.300000,0.925000,0.000000,284.399610,284.399610,284.399610,284.399610,853.198830,0.000000,0.000000,21.677815,1.318532,-20.160554,0.198902,0.198902,0.046196,-1.480080,-1.480080,-2.131183,0.180033,0.228688,293.676743,293.676743,512.356323,3,0.000000,true,
131.300000,0.900000,0.000000,283.900600,283.900600,283.900600,283.900600,851.701801,0.000000,0.000000,21.676708,1.289402,-20.197216,0.193467,0.193467,0.045065,-1.490716,-1.490716,-2.133695,0.177246,0.226309,295.816527,295.816527,513.328620,3,0.000000,true,
131.300000,0.875000,0.000000,283.370108,283.370108,283.370108,283.370108,850.110324,0.000000,0.000000,21.675563,1.260045,-20.233999,0.188036,0.188036,0.043928,-1.501291,-1.501291,-2.136210,0.174411,0.223885,297.945578,297.945578,514.302156,3,0.000000,true,
131.300000,0.850000,0.000000,282.806194,282.806194,282.806194,282.806194,848.418582,0.000000,0.000000,21.674380,1.230457,-20.270902,0.182608,0.182608,0.042784,-1.511807,-1.511807,-2.138727,0.171527,0.221416,300.064083,300.064083,515.276913,3,0.000000,true,
131.300000,0.825000,0.000000,282.206746,282.206746,282.206746,282.206746,846.620238,0.000000,0.000000,21.673159,1.200637,-20.307925,0.177183,0.177183,0.041634,-1.522264,-1.522264,-2.141247,0.168593,0.218900,302.172222,302.172222,516.252871,3,0.000000,true,
131.300000,0.800000,0.000000,281.569458,281.569458,281.569458,281.569458,844.708373,0.000000,0.000000,21.671899,1.170582,-20.345066,0.171762,0.171762,0.040477,-1.532664,-1.532664,-2.143770,0.165606,0.216335,304.270172,304.270172,517.230013,3,0.000000,true,
131.300000,0.775000,0.000000,280.891803,280.891803,280.891803,280.891803,842.675410,0.000000,0.000000,21.670601,1.140290,-20.382324,0.166344,0.166344,0.039312,-1.543007,-1.543007,-2.146295,0.162566,0.213719,306.358110,306.358110,518.208321,3,0.000000,true,
131.300000,0.750000,0.000000,280.171008,280.171008,280.171008,280.171008,840.513023,0.000000,0.000000,21.669265,1.109759,-20.419699,0.160929,0.160929,0.038142,-1.553294,-1.553294,-2.148823,0.159471,0.211050,308.436206,308.436206,519.187780,3,0.000000,true,
131.300000,0.725000,0.000000,279.404013,279.404013,279.404013,279.404013,838.212040,0.000000,0.000000,21.667889,1.078986,-20.457190,0.155518,0.155518,0.036964,-1.563526,-1.563526,-2.151353,0.156318,0.208325,310.504629,310.504629,520.168373,3,0.000000,true,
131.300000,0.700000,0.000000,278.587439,278.587439,278.587439,278.587439,835.762316,0.000000,0.000000,21.666474,1.047968,-20.494796,0.150110,0.150110,0.035780,-1.573704,-1.573704,-2.153886,0.153107,0.205543,312.563545,312.563545,521.150087,3,0.000000,true,
131.300000,0.675000,0.000000,277.717532,277.717532,277.717532,277.717532,833.152597,0.000000,0.000000,21.665019,1.016702,-20.532516,0.144706,0.144706,0.034589,-1.583829,-1.583829,-2.156422,0.149835,0.202701,314.613115,314.613115,522.132906,3,0.000000,true,
131.300000,0.650000,0.000000,276.790114,276.790114,276.790114,276.790114,830.370343,0.000000,0.000000,21.663525,0.985185,-20.570348,0.139304,0.139304,0.033391,-1.593902,-1.593902,-2.158960,0.146499,0.199795,316.653500,316.653500,523.116818,3,0.000000,true,
131.300000,0.625000,0.000000,275.800512,275.800512,275.800512,275.800512,827.401535,0.000000,0.000000,21.661991,0.953412,-20.608293,0.133907,0.133907,0.032187,-1.603924,-1.603924,-2.161500,0.143098,0.196822,318.684855,318.684855,524.101810,3,0.000000,true,
131.300000,0.600000,0.000000,274.743475,274.743475,274.743475,274.743475,824.230424,0.000000,0.000000,21.660416,0.921379,-20.646347,0.128512,0.128512,0.030976,-1.613895,-1.613895,-2.164043,0.139629,0.193778,320.707336,320.707336,525.087869,3,0.000000,true,
131.300000,0.575000,0.000000,273.613079,273.613079,273.613079,273.613079,820.839236,0.000000,0.000000,21.658801,0.889083,-20.684511,0.123121,0.123121,0.029758,-1.623816,-1.623816,-2.166588,0.136089,0.190660,322.721092,322.721092,526.074984,3,0.000000,true,
131.300000,0.550000,0.000000,272.402605,272.402605,272.402605,272.402605,817.207816,0.000000,0.000000,21.657145,0.856517,-20.722783,0.117733,0.117733,0.028534,-1.633688,-1.633688,-2.169136,0.132475,0.187462,324.726273,324.726273,527.063144,3,0.000000,true,
131.300000,0.525000,0.000000,271.104393,271.104393,271.104393,271.104393,813.313178,0.000000,0.000000,21.655449,0.823676,-20.761161,0.112348,0.112348,0.027303,-1.643511,-1.643511,-2.171686,0.128783,0.184180,326.723024,326.723024,528.052338,3,0.000000,true,
131.300000,0.500000,0.000000,269.709651,269.709651,269.709651,269.709651,809.128952,0.000000,0.000000,21.653710,0.790554,-20.799645,0.106967,0.106967,0.026066,-1.653288,-1.653288,-2.174238,0.125011,0.180807,328.711489,328.711489,529.042556,3,0.000000,true,
131.300000,0.475000,0.000000,268.208231,268.208231,268.208231,268.208231,804.624692,0.000000,0.000000,21.651930,0.757144,-20.838233,0.101589,0.101589,0.024822,-1.663017,-1.663017,-2.176793,0.121152,0.177337,330.691807,330.691807,530.033788,3,0.000000,true,
131.300000,0.450000,0.000000,266.588329,266.588329,266.588329,266.588329,799.764987,0.000000,0.000000,21.650109,0.723437,-20.876923,0.096214,0.096214,0.023572,-1.672701,-1.672701,-2.179350,0.117204,0.173762,332.664117,332.664117,531.026025,3,0.000000,true,
131.300000,0.425000,0.000000,264.836109,264.836109,264.836109,264.836109,794.508327,0.000000,0.000000,21.648244,0.689424,-20.915714,0.090842,0.090842,0.022315,-1.682339,-1.682339,-2.181909,0.113160,0.170073,334.628555,334.628555,532.019259,3,0.000000,true,
131.300000,0.400000,0.000000,262.935207,262.935207,262.935207,262.935207,788.805621,0.000000,0.000000,21.646338,0.655095,-20.954605,0.085474,0.085474,0.021052,-1.691933,-1.691933,-2.184470,0.109015,0.166260,336.585255,336.585255,533.013480,3,0.000000,true,
131.300000,0.375000,0.000000,260.866080,260.866080,260.866080,260.866080,782.598240,0.000000,0.000000,21.644388,0.620437,-20.993594,0.080109,0.080109,0.019782,-1.701483,-1.701483,-2.187033,0.104762,0.162310,338.534346,338.534346,534.008680,3,0.000000,true,
131.300000,0.350000,0.000000,258.605124,258.605124,258.605124,258.605124,775.815372,0.000000,0.000000,21.642396,0.585437,-21.032679,0.074747,0.074747,0.018506,-1.710990,-1.710990,-2.189599,0.100393,0.158208,340.475957,340.475957,535.004852,3,0.000000,true,
131.300000,0.325000,0.000000,256.123472,256.123472,256.123472,256.123472,768.370415,0.000000,0.000000,21.640360,0.550078,-21.071859,0.069388,0.069388,0.017224,-1.720454,-1.720454,-2.192167,0.095898,0.153937,342.410216,342.410216,536.001989,3,0.000000,true,
131.300000,0.300000,0.000000,253.385302,253.385302,253.385302,253.385302,760.155906,0.000000,0.000000,21.638280,0.514341,-21.111132,0.064032,0.064032,0.015936,-1.729877,-1.729877,-2.194736,0.091268,0.149476,344.337245,344.337245,537.000082,3,0.000000,true,
131.300000,0.275000,0.000000,250.345415,250.345415,250.345415,250.345415,751.036246,0.000000,0.000000,21.636155,0.478202,-21.150497,0.058680,0.058680,0.014641,-1.739258,-1.739258,-2.197308,0.086489,0.144798,346.257166,346.257166,537.999125,3,0.000000,true,
131.300000,0.250000,0.000000,246.945649,246.945649,246.945649,246.945649,740.836948,0.000000,0.000000,21.633986,0.441635,-21.189951,0.053330,0.053330,0.013340,-1.748599,-1.748599,-2.199882,0.081547,0.139870,348.170097,348.170097,538.999111,3,0.000000,true,
131.300000,0.225000,0.000000,243.109401,243.109401,243.109401,243.109401,729.328202,0.000000,0.000000,21.631773,0.404606,-21.229493,0.047984,0.047984,0.012033,-1.757900,-1.757900,-2.202458,0.076421,0.134650,350.076157,350.076157,540.000033,3,0.000000,true,
131.300000,0.200000,0.000000,238.732907,238.732907,238.732907,238.732907,716.198721,0.000000,0.000000,21.629513,0.367073,-21.269121,0.042640,0.042640,0.010719,-1.767162,-1.767162,-2.205035,0.071090,0.129080,351.975457,351.975457,541.001884,3,0.000000,true,
131.300000,0.175000,0.000000,233.670676,233.670676,233.670676,233.670676,701.012027,0.000000,0.000000,21.627209,0.328984,-21.308834,0.037300,0.037300,0.009400,-1.776384,-1.776384,-2.207615,0.065522,0.123086,353.868108,353.868108,542.004656,3,0.000000,true,
131.300000,0.150000,0.000000,227.709609,227.709609,227.709609,227.709609,683.128826,0.000000,0.000000,21.624857,0.290268,-21.348629,0.031963,0.031963,0.008075,-1.785569,-1.785569,-2.210196,0.059678,0.116560,355.754216,355.754216,543.008341,3,0.000000,true,
131.300000,0.125000,0.000000,220.519330,220.519330,220.519330,220.519330,661.557990,0.000000,0.000000,21.622460,0.250835,-21.388504,0.026628,0.026628,0.006744,-1.794717,-1.794717,-2.212779,0.053506,0.109343,357.633879,357.633879,544.012926,3,0.000000,true,
131.300000,0.100000,0.000000,211.546393,211.546393,211.546393,211.546393,634.639178,0.000000,0.000000,21.620015,0.210551,-21.428458,0.021297,0.021297,0.005407,-1.803827,-1.803827,-2.215364,0.046928,0.101184,359.507181,359.507181,545.018395,3,0.000000,true,
131.300000,0.075000,0.000000,199.753451,199.753451,199.753451,199.753451,599.260352,0.000000,0.000000,21.617524,0.169216,-21.468486,0.015968,0.015968,0.004064,-1.812900,-1.812900,-2.217951,0.039829,0.091643,361.374176,361.374176,546.024714,4,0.000000,true,
131.300000,0.050000,0.000000,182.812667,182.812667,182.812667,182.812667,548.438000,0.000000,0.000000,21.614984,0.126490,-21.508584,0.010643,0.010643,0.002715,-1.821936,-1.821936,-2.220539,0.032023,0.079819,363.234806,363.234806,547.031790,4,0.000000,true,
131.300000,0.025000,0.000000,153.308076,153.308076,153.308076,153.308076,459.924228,0.000000,0.000000,21.612398,0.081671,-21.548732,0.005320,0.005320,0.001360,-1.830932,-1.830932,-2.223127,0.023206,0.063224,365.088367,365.088367,548.039178,4,0.000000,true,
131.300000,0.000000,0.000000,0.000000,0.000000,0.000000,0.000000,0.000000,0.000000,0.000000,21.609914,0.034927,-21.586674,0.000000,0.000000,0.000000,-1.839387,-1.839387,-2.225570,0.021079,0.021079,366.831621,366.831621,548.990367,7,0.000000,true,
131.050000,4.000000,0.000000,329.188962,329.188962,329.188962,329.188962,987.566886,0.000000,0.000000,22.002971,4.088924,-16.084387,0.856951,0.856951,0.206098,-0.153551,-0.153551,-1.856632,0.363130,0.388198,34.620684,34.620684,429.773420,4,0.000000,true,
131.050000,3.975000,0.000000,328.458090,328.458090,328.458090,328.458090,985.374271,0.000000,0.000000,21.995882,4.065837,-16.119717,0.852046,0.852046,0.203907,-0.156095,-0.156095,-1.858954,0.362075,0.387221,35.109847,35.109847,430.149031,3,0.000000,true,
131.050000,3.950000,0.000000,327.725053,327.725053,327.725053,327.725053,983.175160,0.000000,0.000000,21.988817,4.042742,-16.155007,0.847134,0.847134,0.201732,-0.158716,-0.158716,-1.861263,0.361016,0.386240,35.613736,35.613736,430.523135,3,0.000000,true,
131.050000,3.925000,0.000000,326.989922,326.989922,326.989922,326.989922,980.969766,0.000000,0.000000,21.981776,4.019640,-16.190257,0.842213,0.842213,0.199573,-0.161417,-0.161417,-1.863558,0.359950,0.385254,36.132986,36.132986,430.895793,3,0.000000,true,
131.050000,3.900000,0.000000,326.252774,326.252774,326.252774,326.252774,978.758322,0.000000,0.000000,21.974760,3.996531,-16.225467,0.837285,0.837285,0.197429,-0.164201,-0.164201,-1.865838,0.358879,0.384263,36.668264,36.668264,431.267068,3,0.000000,true,
131.050000,3.875000,0.000000,325.513695,325.513695,325.513695,325.513695,976.541085,0.000000,0.000000,21.967771,3.973417,-16.260636,0.832349,0.832349,0.195302,-0.167072,-0.167072,-1.868105,0.357803,0.383267,37.220276,37.220276,431.637028,3,0.000000,true,
131.050000,3.850000,0.000000,324.772778,324.772778,324.772778,324.772778,974.318335,0.000000,0.000000,21.960810,3.950299,-16.295762,0.827405,0.827405,0.193190,-0.170035,-0.170035,-1.870359,0.356721,0.382266,37.789764,37.789764,432.005745,3,0.000000,true,
131.050000,3.825000,0.000000,324.030127,324.030127,324.030127,324.030127,972.090380,0.000000,0.000000,21.953877,3.927176,-16.330846,0.822453,0.822453,0.191093,-0.173092,-0.173092,-1.872599,0.355634,0.381260,38.377511,38.377511,432.373296,3,0.000000,true,
131.050000,3.800000,0.000000,323.285852,323.285852,323.285852,323.285852,969.857555,0.000000,0.000000,21.946975,3.904052,-16.365886,0.817493,0.817493,0.189013,-0.176249,-0.176249,-1.874826,0.354540,0.380249,38.984340,38.984340,432.739762,3,0.000000,true,
131.050000,3.775000,0.000000,322.540076,322.540076,322.540076,322.540076,967.620228,0.000000,0.000000,21.940104,3.880926,-16.400882,0.812526,0.812526,0.186949,-0.179509,-0.179509,-1.877039,0.353442,0.379234,39.611122,39.611122,433.105231,3,0.000000,true,
131.050000,3.750000,0.000000,321.792933,321.792933,321.792933,321.792933,965.378800,0.000000,0.000000,21.933266,3.857799,-16.435833,0.807550,0.807550,0.184900,-0.182879,-0.182879,-1.879239,0.352337,0.378213,40.258772,40.258772,433.469798,3,0.000000,true,
131.050000,3.725000,0.000000,321.044571,321.044571,321.044571,321.044571,963.133712,0.000000,0.000000,21.926462,3.834675,-16.470737,0.802566,0.802566,0.182868,-0.186362,-0.186362,-1.881427,0.351228,0.377187,40.928257,40.928257,433.833562,3,0.000000,true,
131.050000,3.700000,0.000000,320.295147,320.295147,320.295147,320.295147,960.885441,0.000000,0.000000,21.919694,3.811553,-16.505593,0.797574,0.797574,0.180852,-0.189963,-0.189963,-1.883602,0.350112,0.376157,41.620594,41.620594,434.196631,3,0.000000,true,
131.050000,3.675000,0.000000,319.544837,319.544837,319.544837,319.544837,958.634512,0.000000,0.000000,21.912964,3.788435,-16.540402,0.792574,0.792574,0.178852,-0.193690,-0.193690,-1.885764,0.348991,0.375122,42.336857,42.336857,434.559121,3,0.000000,true,
131.050000,3.650000,0.000000,318.793831,318.793831,318.793831,318.793831,956.381494,0.000000,0.000000,21.906273,3.765323,-16.575161,0.787566,0.787566,0.176868,-0.197547,-0.197547,-1.887914,0.347865,0.374082,43.078175,43.078175,434.921156,3,0.000000,true,
131.050000,3.625000,0.000000,318.042337,318.042337,318.042337,318.042337,954.127012,0.000000,0.000000,21.899624,3.742219,-16.609869,0.782550,0.782550,0.174900,-0.201540,-0.201540,-1.890052,0.346733,0.373037,43.845737,43.845737,435.282869,3,0.000000,true,
131.050000,3.600000,0.000000,317.290581,317.290581,317.290581,317.290581,951.871744,0.000000,0.000000,21.893018,3.719124,-16.644524,0.777525,0.777525,0.172950,-0.205676,-0.205676,-1.892178,0.345596,0.371988,44.640796,44.640796,435.644404,3,0.000000,true,
131.050000,3.575000,0.000000,316.538810,316.538810,316.538810,316.538810,949.616431,0.000000,0.000000,21.886457,3.696041,-16.679127,0.772492,0.772492,0.171015,-0.209963,-0.209963,-1.894293,0.344454,0.370934,45.464668,45.464668,436.005915,3,0.000000,true,
131.050000,3.550000,0.000000,315.787293,315.787293,315.787293,315.787293,947.361879,0.000000,0.000000,21.879945,3.672972,-16.713675,0.767451,0.767451,0.169098,-0.214406,-0.214406,-1.896395,0.343306,0.369876,46.318737,46.318737,436.367569,3,0.000000,true,
131.050000,3.525000,0.000000,315.036322,315.036322,315.036322,315.036322,945.108966,0.000000,0.000000,21.873483,3.649918,-16.748166,0.762401,0.762401,0.167197,-0.219014,-0.219014,-1.898487,0.342153,0.368813,47.204454,47.204454,436.729543,3,0.000000,true,
131.050000,3.500000,0.000000,314.286216,314.286216,314.286216,314.286216,942.858647,0.000000,0.000000,21.867074,3.626884,-16.782599,0.757343,0.757343,0.165314,-0.223795,-0.223795,-1.900568,0.340995,0.367746,48.123343,48.123343,437.092031,3,0.000000,true,
131.050000,3.475000,0.000000,313.537320,313.537320,313.537320,313.537320,940.611960,0.000000,0.000000,21.860721,3.603870,-16.816973,0.752276,0.752276,0.163448,-0.228756,-0.228756,-1.902639,0.339832,0.366675,49.076998,49.076998,437.455240,3,0.000000,true,
131.050000,3.450000,0.000000,312.790012,312.790012,312.790012,312.790012,938.370035,0.000000,0.000000,21.854426,3.580881,-16.851285,0.747200,0.747200,0.161599,-0.233907,-0.233907,-1.904699,0.338664,0.365600,50.067083,50.067083,437.819395,3,0.000000,true,
131.050000,3.425000,0.000000,312.044698,312.044698,312.044698,312.044698,936.134094,0.000000,0.000000,21.848194,3.557918,-16.885534,0.742116,0.742116,0.159768,-0.239256,-0.239256,-1.906749,0.337491,0.364520,51.095338,51.095338,438.184735,3,0.000000,true,
131.050000,3.400000,0.000000,311.301822,311.301822,311.301822,311.301822,933.905465,0.000000,0.000000,21.842028,3.534986,-16.919718,0.737022,0.737022,0.157955,-0.244813,-0.244813,-1.908790,0.336313,0.363437,52.163569,52.163569,438.551521,3,0.000000,true,
131.050000,3.375000,0.000000,310.561861,310.561861,310.561861,310.561861,931.685584,0.000000,0.000000,21.835930,3.512088,-16.953833,0.731920,0.731920,0.156161,-0.250588,-0.250588,-1.910821,0.335131,0.362351,53.273652,53.273652,438.920032,3,0.000000,true,
131.050000,3.350000,0.000000,309.825335,309.825335,309.825335,309.825335,929.476004,0.000000,0.000000,21.829906,3.489228,-16.987879,0.726808,0.726808,0.154385,-0.256590,-0.256590,-1.912844,0.333944,0.361261,54.427528,54.427528,439.290567,3,0.000000,true,
131.050000,3.325000,0.000000,309.092799,309.092799,309.092799,309.092799,927.278398,0.000000,0.000000,21.823959,3.466409,-17.021853,0.721686,0.721686,0.152627,-0.262831,-0.262831,-1.914859,0.332753,0.360168,55.627194,55.627194,439.663449,3,0.000000,true,
131.050000,3.300000,0.000000,308.364857,308.364857,308.364857,308.364857,925.094570,0.000000,0.000000,21.818093,3.443636,-17.055752,0.716555,0.716555,0.150889,-0.269319,-0.269319,-1.916866,0.331559,0.359071,56.874702,56.874702,440.039024,3,0.000000,true,
131.050000,3.275000,0.000000,307.642152,307.642152,307.642152,307.642152,922.926457,0.000000,0.000000,21.812314,3.420912,-17.089574,0.711415,0.711415,0.149171,-0.276068,-0.276068,-1.918865,0.330360,0.357972,58.172141,58.172141,440.417661,3,0.000000,true,
131.050000,3.250000,0.000000,306.925377,306.925377,306.925377,306.925377,920.776132,0.000000,0.000000,21.806625,3.398244,-17.123315,0.706264,0.706264,0.147472,-0.283086,-0.283086,-1.920858,0.329157,0.356871,59.521634,59.521634,440.799756,3,0.000000,true,
131.050000,3.225000,0.000000,306.215270,306.215270,306.215270,306.215270,918.645810,0.000000,0.000000,21.801033,3.375635,-17.156974,0.701103,0.701103,0.145794,-0.290386,-0.290386,-1.922845,0.327951,0.355767,60.925315,60.925315,441.185730,3,0.000000,true,
131.050000,3.200000,0.000000,305.512615,305.512615,305.512615,305.512615,916.537846,0.000000,0.000000,21.795542,3.353090,-17.190547,0.695932,0.695932,0.144136,-0.297979,-0.297979,-1.924827,0.326742,0.354661,62.385315,62.385315,441.576030,3,0.000000,true,
131.050000,3.175000,0.000000,304.818246,304.818246,304.818246,304.818246,914.454737,0.000000,0.000000,21.790158,3.330616,-17.224031,0.690750,0.690750,0.142500,-0.305874,-0.305874,-1.926804,0.325531,0.353554,63.903740,63.903740,441.971131,3,0.000000,true,
131.050000,3.150000,0.000000,304.133039,304.133039,304.133039,304.133039,912.399116,0.000000,0.000000,21.784887,3.308217,-17.257422,0.685558,0.685558,0.140885,-0.314083,-0.314083,-1.928776,0.324316,0.352445,65.482642,65.482642,442.371531,3,0.000000,true,
131.050000,3.125000,0.000000,303.457914,303.457914,303.457914,303.457914,910.373742,0.000000,0.000000,21.779734,3.285898,-17.290719,0.680354,0.680354,0.139292,-0.322617,-0.322617,-1.930746,0.323099,0.351335,67.123996,67.123996,442.777756,3,0.000000,true,
131.050000,3.100000,0.000000,302.793832,302.793832,302.793832,302.793832,908.381496,0.000000,0.000000,21.774706,3.263667,-17.323918,0.675139,0.675139,0.137721,-0.331483,-0.331483,-1.932713,0.321880,0.350225,68.829660,68.829660,443.190354,3,0.000000,true,
131.050000,3.075000,0.000000,302.141786,302.141786,302.141786,302.141786,906.425357,0.000000,0.000000,21.769809,3.241527,-17.357015,0.669913,0.669913,0.136174,-0.340692,-0.340692,-1.934678,0.320660,0.349115,70.601345,70.601345,443.609892,3,0.000000,true,
131.050000,3.050000,0.000000,301.502796,301.502796,301.502796,301.502796,904.508389,0.000000,0.000000,21.765049,3.219486,-17.390008,0.664675,0.664675,0.134650,-0.350251,-0.350251,-1.936643,0.319438,0.348004,72.440572,72.440572,444.036956,3,0.000000,true,
131.050000,3.025000,0.000000,300.877903,300.877903,300.877903,300.877903,902.633710,0.000000,0.000000,21.760432,3.197547,-17.422894,0.659425,0.659425,0.133149,-0.360167,-0.360167,-1.938608,0.318215,0.346894,74.348633,74.348633,444.472146,3,0.000000,true,
131.050000,3.000000,0.000000,300.268155,300.268155,300.268155,300.268155,900.804464,0.000000,0.000000,21.755964,3.175718,-17.455670,0.654164,0.654164,0.131673,-0.370443,-0.370443,-1.940575,0.316991,0.345785,76.326547,76.326547,444.916069,3,0.000000,true,
131.050000,2.975000,0.000000,299.674595,299.674595,299.674595,299.674595,899.023784,0.000000,0.000000,21.751650,3.154002,-17.488334,0.648889,0.648889,0.130221,-0.381085,-0.381085,-1.942543,0.315767,0.344677,78.375017,78.375017,445.369334,3,0.000000,true,
131.050000,2.950000,0.000000,299.098250,299.098250,299.098250,299.098250,897.294751,0.000000,0.000000,21.747497,3.132404,-17.520884,0.643603,0.643603,0.128794,-0.392094,-0.392094,-1.944514,0.314542,0.343571,80.494391,80.494391,445.832546,3,0.000000,true,
131.050000,2.925000,0.000000,298.540117,298.540117,298.540117,298.540117,895.620352,0.000000,0.000000,21.743508,3.110929,-17.553318,0.638304,0.638304,0.127392,-0.403468,-0.403468,-1.946490,0.313317,0.342467,82.684626,82.684626,446.306296,3,0.000000,true,
131.050000,2.900000,0.000000,298.001142,298.001142,298.001142,298.001142,894.003427,0.000000,0.000000,21.739690,3.089579,-17.585636,0.632992,0.632992,0.126016,-0.415206,-0.415206,-1.948471,0.312093,0.341365,84.945253,84.945253,446.791156,3,0.000000,true,
131.050000,2.875000,0.000000,297.482207,297.482207,297.482207,297.482207,892.446622,0.000000,0.000000,21.736045,3.068357,-17.617836,0.627668,0.627668,0.124665,-0.427302,-0.427302,-1.950457,0.310869,0.340265,87.275357,87.275357,447.287666,3,0.000000,true,
131.050000,2.850000,0.000000,296.984114,296.984114,296.984114,296.984114,890.952342,0.000000,0.000000,21.732576,3.047265,-17.649919,0.622331,0.622331,0.123339,-0.439749,-0.439749,-1.952451,0.309646,0.339168,89.673560,89.673560,447.796331,3,0.000000,true,
131.050000,2.825000,0.000000,296.507566,296.507566,296.507566,296.507566,889.522698,0.000000,0.000000,21.729287,3.026304,-17.681886,0.616981,0.616981,0.122038,-0.452537,-0.452537,-1.954453,0.308423,0.338074,92.138017,92.138017,448.317605,3,0.000000,true,
131.050000,2.800000,0.000000,296.053157,296.053157,296.053157,296.053157,888.159471,0.000000,0.000000,21.726178,3.005473,-17.713738,0.611618,0.611618,0.120763,-0.465654,-0.465654,-1.956463,0.307201,0.336983,94.666426,94.666426,448.851890,3,0.000000,true,
131.050000,2.775000,0.000000,295.621356,295.621356,295.621356,295.621356,886.864067,0.000000,0.000000,21.723250,2.984771,-17.745477,0.606244,0.606244,0.119513,-0.479085,-0.479085,-1.958483,0.305979,0.335894,97.256050,97.256050,449.399527,3,0.000000,true,
131.050000,2.750000,0.000000,295.212499,295.212499,295.212499,295.212499,885.637497,0.000000,0.000000,21.720503,2.964195,-17.777107,0.600857,0.600857,0.118287,-0.492813,-0.492813,-1.960513,0.304758,0.334808,99.903743,99.903743,449.960789,3,0.000000,true,
131.050000,2.725000,0.000000,294.826783,294.826783,294.826783,294.826783,884.480349,0.000000,0.000000,21.717934,2.943741,-17.808632,0.595457,0.595457,0.117085,-0.506820,-0.506820,-1.962554,0.303537,0.333725,102.606002,102.606002,450.535876,3,0.000000,true,
131.050000,2.700000,0.000000,294.464261,294.464261,294.464261,294.464261,883.392783,0.000000,0.000000,21.715542,2.923405,-17.840056,0.590047,0.590047,0.115907,-0.521086,-0.521086,-1.964606,0.302316,0.332645,105.359014,105.359014,451.124918,3,0.000000,true,
131.050000,2.675000,0.000000,294.124844,294.124844,294.124844,294.124844,882.374531,0.000000,0.000000,21.713323,2.903181,-17.871384,0.584625,0.584625,0.114751,-0.535589,-0.535589,-1.966670,0.301095,0.331567,108.158718,108.158718,451.727970,3,0.000000,true,
131.050000,2.650000,0.000000,293.808302,293.808302,293.808302,293.808302,881.424907,0.000000,0.000000,21.711273,2.883061,-17.902623,0.579192,0.579192,0.113617,-0.550307,-0.550307,-1.968746,0.299873,0.330491,111.000870,111.000870,452.345012,3,0.000000,true,
131.050000,2.625000,0.000000,293.514276,293.514276,293.514276,293.514276,880.542828,0.000000,0.000000,21.709386,2.863038,-17.933779,0.573748,0.573748,0.112504,-0.565218,-0.565218,-1.970835,0.298650,0.329416,113.881110,113.881110,452.975959,3,0.000000,true,
131.050000,2.600000,0.000000,293.242281,293.242281,293.242281,293.242281,879.726844,0.000000,0.000000,21.707657,2.843102,-17.964860,0.568294,0.568294,0.111411,-0.580297,-0.580297,-1.972936,0.297425,0.328342,116.795024,116.795024,453.620657,3,0.000000,true,
131.050000,2.575000,0.000000,292.991724,292.991724,292.991724,292.991724,878.975172,0.000000,0.000000,21.706080,2.823245,-17.995873,0.562831,0.562831,0.110338,-0.595522,-0.595522,-1.975050,0.296198,0.327269,119.738213,119.738213,454.278895,3,0.000000,true,
131.050000,2.550000,0.000000,292.761911,292.761911,292.761911,292.761911,878.285732,0.000000,0.000000,21.704648,2.803457,-18.026825,0.557359,0.557359,0.109282,-0.610870,-0.610870,-1.977177,0.294968,0.326196,122.706345,122.706345,454.950409,3,0.000000,true,
131.050000,2.525000,0.000000,292.552066,292.552066,292.552066,292.552066,877.656197,0.000000,0.000000,21.703352,2.783727,-18.057726,0.551878,0.551878,0.108243,-0.626319,-0.626319,-1.979316,0.293735,0.325122,125.695205,125.695205,455.634887,3,0.000000,true,
131.050000,2.500000,0.000000,292.361343,292.361343,292.361343,292.361343,877.084029,0.000000,0.000000,21.702187,2.764044,-18.088582,0.546390,0.546390,0.107220,-0.641848,-0.641848,-1.981467,0.292498,0.324047,128.700743,128.700743,456.331982,3,0.000000,true,
131.050000,2.475000,0.000000,292.188842,292.188842,292.188842,292.188842,876.566525,0.000000,0.000000,21.701143,2.744398,-18.119404,0.540894,0.540894,0.106212,-0.657437,-0.657437,-1.983631,0.291256,0.322970,131.719101,131.719101,457.041313,3,0.000000,true,
131.050000,2.450000,0.000000,292.033620,292.033620,292.033620,292.033620,876.100859,0.000000,0.000000,21.700213,2.724778,-18.150198,0.535391,0.535391,0.105218,-0.673066,-0.673066,-1.985807,0.290008,0.321890,134.746647,134.746647,457.762477,3,0.000000,true,
131.050000,2.425000,0.000000,291.894706,291.894706,291.894706,291.894706,875.684118,0.000000,0.000000,21.699389,2.705173,-18.180973,0.529882,0.529882,0.104236,-0.688718,-0.688718,-1.987995,0.288755,0.320807,137.779987,137.779987,458.495053,3,0.000000,true,
131.050000,2.400000,0.000000,291.771112,291.771112,291.771112,291.771112,875.313336,0.000000,0.000000,21.698664,2.685572,-18.211738,0.524367,0.524367,0.103265,-0.704376,-0.704376,-1.990195,0.287494,0.319720,140.815978,140.815978,459.238609,3,0.000000,true,
131.050000,2.375000,0.000000,291.661842,291.661842,291.661842,291.661842,874.985527,0.000000,0.000000,21.698029,2.665965,-18.242500,0.518847,0.518847,0.102306,-0.720026,-0.720026,-1.992405,0.286226,0.318628,143.851735,143.851735,459.992708,3,0.000000,true,
131.050000,2.350000,0.000000,291.565903,291.565903,291.565903,291.565903,874.697710,0.000000,0.000000,21.697478,2.646341,-18.273266,0.513322,0.513322,0.101355,-0.735653,-0.735653,-1.994627,0.284949,0.317531,146.884628,146.884628,460.756910,3,0.000000,true,
131.050000,2.325000,0.000000,291.482310,291.482310,291.482310,291.482310,874.446931,0.000000,0.000000,21.697002,2.626690,-18.304045,0.507793,0.507793,0.100413,-0.751246,-0.751246,-1.996858,0.283663,0.316429,149.912279,149.912279,461.530782,3,0.000000,true,
131.050000,2.300000,0.000000,291.410094,291.410094,291.410094,291.410094,874.230282,0.000000,0.000000,21.696596,2.607003,-18.334843,0.502261,0.502261,0.099479,-0.766793,-0.766793,-1.999101,0.282368,0.315319,152.932550,152.932550,462.313894,3,0.000000,true,
131.050000,2.275000,0.000000,291.348305,291.348305,291.348305,291.348305,874.044914,0.000000,0.000000,21.696252,2.587270,-18.365668,0.496725,0.496725,0.098551,-0.782285,-0.782285,-2.001352,0.281062,0.314202,155.943537,155.943537,463.105827,3,0.000000,true,
131.050000,2.250000,0.000000,291.296017,291.296017,291.296017,291.296017,873.888050,0.000000,0.000000,21.695964,2.567483,-18.396525,0.491185,0.491185,0.097629,-0.797712,-0.797712,-2.003614,0.279745,0.313077,158.943553,158.943553,463.906175,3,0.000000,true,
131.050000,2.225000,0.000000,291.252330,291.252330,291.252330,291.252330,873.756991,0.000000,0.000000,21.695727,2.547633,-18.427421,0.485644,0.485644,0.096712,-0.813066,-0.813066,-2.005884,0.278417,0.311943,161.931114,161.931114,464.714543,2,0.000000,true,
131.050000,2.200000,0.000000,291.216375,291.216375,291.216375,291.216375,873.649124,0.000000,0.000000,21.695533,2.527712,-18.458362,0.480100,0.480100,0.095800,-0.828342,-0.828342,-2.008164,0.277076,0.310800,164.904929,164.904929,465.530553,2,0.000000,true,
131.050000,2.175000,0.000000,291.187307,291.187307,291.187307,291.187307,873.561922,0.000000,0.000000,21.695378,2.507712,-18.489353,0.474555,0.474555,0.094891,-0.843534,-0.843534,-2.010451,0.275722,0.309648,167.863876,167.863876,466.353839,2,0.000000,true,
131.050000,2.150000,0.000000,291.164317,291.164317,291.164317,291.164317,873.492950,0.000000,0.000000,21.695257,2.487626,-18.520400,0.469008,0.469008,0.093984,-0.858636,-0.858636,-2.012747,0.274355,0.308484,170.806999,170.806999,467.184055,2,0.000000,true,
131.050000,2.125000,0.000000,291.146620,291.146620,291.146620,291.146620,873.439859,0.000000,0.000000,21.695165,2.467447,-18.551507,0.463460,0.463460,0.093081,-0.873644,-0.873644,-2.015051,0.272973,0.307310,173.733482,173.733482,468.020868,2,0.000000,true,
131.050000,2.100000,0.000000,291.133463,291.133463,291.133463,291.133463,873.400390,0.000000,0.000000,21.695098,2.447168,-18.582680,0.457911,0.457911,0.092178,-0.888555,-0.888555,-2.017362,0.271577,0.306125,176.642643,176.642643,468.863963,2,0.000000,true,
131.050000,2.075000,0.000000,291.124122,291.124122,291.124122,291.124122,873.372365,0.000000,0.000000,21.695050,2.426784,-18.613922,0.452361,0.452361,0.091277,-0.903366,-0.903366,-2.019680,0.270165,0.304927,179.533919,179.533919,469.713041,2,0.000000,true,
131.050000,2.050000,0.000000,291.117898,291.117898,291.117898,291.117898,873.353693,0.000000,0.000000,21.695019,2.406287,-18.645239,0.446812,0.446812,0.090376,-0.918075,-0.918075,-2.022005,0.268738,0.303716,182.406852,182.406852,470.567816,2,0.000000,true,
131.050000,2.025000,0.000000,291.114119,291.114119,291.114119,291.114119,873.342356,0.000000,0.000000,21.695000,2.385673,-18.676632,0.441262,0.441262,0.089476,-0.932679,-0.932679,-2.024337,0.267294,0.302492,185.261080,185.261080,471.428021,2,0.000000,true,
131.050000,2.000000,0.000000,291.112138,291.112138,291.112138,291.112138,873.336414,0.000000,0.000000,21.694990,2.364937,-18.708107,0.435713,0.435713,0.088575,-0.947178,-0.947178,-2.026676,0.265833,0.301255,188.096324,188.096324,472.293402,2,0.000000,true,
131.050000,1.975000,0.000000,291.111330,291.111330,291.111330,291.111330,873.333991,0.000000,0.000000,21.694987,2.344073,-18.739667,0.430163,0.430163,0.087673,-0.961570,-0.961570,-2.029021,0.264354,0.300004,190.912382,190.912382,473.163718,2,0.000000,true,
131.050000,1.950000,0.000000,291.111093,291.111093,291.111093,291.111093,873.333279,0.000000,0.000000,21.694985,2.323076,-18.771315,0.424615,0.424615,0.086770,-0.975856,-0.975856,-2.031371,0.262857,0.298737,193.709119,193.709119,474.038743,2,0.000000,true,
131.050000,1.925000,0.000000,291.110843,291.110843,291.110843,291.110843,873.332528,0.000000,0.000000,21.694984,2.301942,-18.803053,0.419067,0.419067,0.085865,-0.990033,-0.990033,-2.033728,0.261342,0.297456,196.486455,196.486455,474.918264,2,0.000000,true,
131.050000,1.900000,0.000000,291.110013,291.110013,291.110013,291.110013,873.330040,0.000000,0.000000,21.694980,2.280668,-18.834886,0.413521,0.413521,0.084959,-1.004103,-1.004103,-2.036090,0.259808,0.296159,199.244365,199.244365,475.802080,2,0.000000,true,
131.050000,1.875000,0.000000,291.108057,291.108057,291.108057,291.108057,873.324170,0.000000,0.000000,21.694971,2.259248,-18.866814,0.407975,0.407975,0.084050,-1.018066,-1.018066,-2.038457,0.258254,0.294846,201.982868,201.982868,476.690000,2,0.000000,true,
131.050000,1.850000,0.000000,291.104437,291.104437,291.104437,291.104437,873.313312,0.000000,0.000000,21.694955,2.237679,-18.898842,0.402431,0.402431,0.083138,-1.031921,-1.031921,-2.040830,0.256679,0.293516,204.702020,204.702020,477.581846,2,0.000000,true,
131.050000,1.825000,0.000000,291.098634,291.098634,291.098634,291.098634,873.295903,0.000000,0.000000,21.694929,2.215958,-18.930970,0.396888,0.396888,0.082224,-1.045671,-1.045671,-2.043208,0.255085,0.292169,207.401915,207.401915,478.477451,2,0.000000,true,
131.050000,1.800000,0.000000,291.090137,291.090137,291.090137,291.090137,873.270411,0.000000,0.000000,21.694892,2.194080,-18.963202,0.391347,0.391347,0.081306,-1.059314,-1.059314,-2.045591,0.253469,0.290805,210.082672,210.082672,479.376655,2,0.000000,true,
131.050000,1.775000,0.000000,291.078445,291.078445,291.078445,291.078445,873.235336,0.000000,0.000000,21.694841,2.172043,-18.995539,0.385808,0.385808,0.080385,-1.072852,-1.072852,-2.047978,0.251831,0.289423,212.744439,212.744439,480.279310,2,0.000000,true,
131.050000,1.750000,0.000000,291.063067,291.063067,291.063067,291.063067,873.189200,0.000000,0.000000,21.694775,2.149844,-19.027983,0.380270,0.380270,0.079460,-1.086286,-1.086286,-2.050370,0.250171,0.288022,215.387384,215.387384,481.185274,2,0.000000,true,
131.050000,1.725000,0.000000,291.043515,291.043515,291.043515,291.043515,873.130544,0.000000,0.000000,21.694692,2.127480,-19.060535,0.374734,0.374734,0.078531,-1.099617,-1.099617,-2.052767,0.248489,0.286603,218.011693,218.011693,482.094417,2,0.000000,true,
131.050000,1.700000,0.000000,291.019309,291.019309,291.019309,291.019309,873.057927,0.000000,0.000000,21.694592,2.104947,-19.093198,0.369201,0.369201,0.077598,-1.112847,-1.112847,-2.055168,0.246784,0.285164,220.617568,220.617568,483.006612,2,0.000000,true,
131.050000,1.675000,0.000000,290.989971,290.989971,290.989971,290.989971,872.969914,0.000000,0.000000,21.694471,2.082243,-19.125973,0.363669,0.363669,0.076661,-1.125975,-1.125975,-2.057574,0.245054,0.283705,223.205225,223.205225,483.921743,2,0.000000,true,
131.050000,1.650000,0.000000,290.955026,290.955026,290.955026,290.955026,872.865077,0.000000,0.000000,21.694330,2.059366,-19.158861,0.358140,0.358140,0.075719,-1.139004,-1.139004,-2.059983,0.243301,0.282226,225.774889,225.774889,484.839699,2,0.000000,true,
131.050000,1.625000,0.000000,290.913997,290.913997,290.913997,290.913997,872.741990,0.000000,0.000000,21.694166,2.036313,-19.191864,0.352613,0.352613,0.074773,-1.151935,-1.151935,-2.062397,0.241523,0.280726,228.326795,228.326795,485.760375,2,0.000000,true,
131.050000,1.600000,0.000000,290.866407,290.866407,290.866407,290.866407,872.599221,0.000000,0.000000,21.693980,2.013082,-19.224983,0.347089,0.347089,0.073822,-1.164769,-1.164769,-2.064815,0.239719,0.279205,230.861184,230.861184,486.683674,2,0.000000,true,
131.050000,1.575000,0.000000,290.811776,290.811776,290.811776,290.811776,872.435329,0.000000,0.000000,21.693769,1.989669,-19.258218,0.341567,0.341567,0.072866,-1.177507,-1.177507,-2.067236,0.237890,0.277663,233.378304,233.378304,487.609502,2,0.000000,true,
131.050000,1.550000,0.000000,290.749621,290.749621,290.749621,290.749621,872.248863,0.000000,0.000000,21.693533,1.966075,-19.291571,0.336048,0.336048,0.071904,-1.190151,-1.190151,-2.069662,0.236035,0.276098,235.878406,235.878406,488.537772,2,0.000000,true,
131.050000,1.525000,0.000000,290.679450,290.679450,290.679450,290.679450,872.038349,0.000000,0.000000,21.693270,1.942295,-19.325043,0.330531,0.330531,0.070938,-1.202702,-1.202702,-2.072091,0.234153,0.274510,238.361744,238.361744,489.468400,2,0.000000,true,
131.050000,1.500000,0.000000,290.600764,290.600764,290.600764,290.600764,871.802291,0.000000,0.000000,21.692981,1.918328,-19.358635,0.325017,0.325017,0.069966,-1.215162,-1.215162,-2.074524,0.232243,0.272900,240.828574,240.828574,490.401310,2,0.000000,true,
131.050000,1.475000,0.000000,290.513056,290.513056,290.513056,290.513056,871.539167,0.000000,0.000000,21.692664,1.894173,-19.392347,0.319506,0.319506,0.068988,-1.227531,-1.227531,-2.076960,0.230305,0.271265,243.279154,243.279154,491.336427,2,0.000000,true,
131.050000,1.450000,0.000000,290.415805,290.415805,290.415805,290.415805,871.247415,0.000000,0.000000,21.692318,1.869826,-19.426180,0.313997,0.313997,0.068005,-1.239812,-1.239812,-2.079400,0.228339,0.269606,245.713740,245.713740,492.273681,2,0.000000,true,
131.050000,1.425000,0.000000,290.308480,290.308480,290.308480,290.308480,870.925440,0.000000,0.000000,21.691942,1.845287,-19.460134,0.308492,0.308492,0.067016,-1.252006,-1.252006,-2.081844,0.226344,0.267923,248.132590,248.132590,493.213008,2,0.000000,true,
131.050000,1.400000,0.000000,290.190532,290.190532,290.190532,290.190532,870.571597,0.000000,0.000000,21.691537,1.820554,-19.494211,0.302989,0.302989,0.066022,-1.264114,-1.264114,-2.084291,0.224319,0.266214,250.535961,250.535961,494.154343,2,0.000000,true,
131.050000,1.375000,0.000000,290.061396,290.061396,290.061396,290.061396,870.184189,0.000000,0.000000,21.691101,1.795625,-19.528411,0.297489,0.297489,0.065021,-1.276137,-1.276137,-2.086741,0.222263,0.264479,252.924106,252.924106,495.097629,2,0.000000,true,
131.050000,1.350000,0.000000,289.920488,289.920488,289.920488,289.920488,869.761463,0.000000,0.000000,21.690634,1.770497,-19.562734,0.291993,0.291993,0.064015,-1.288077,-1.288077,-2.089195,0.220177,0.262718,255.297279,255.297279,496.042809,2,0.000000,true,
131.050000,1.325000,0.000000,289.767200,289.767200,289.767200,289.767200,869.301599,0.000000,0.000000,21.690136,1.745171,-19.597180,0.286499,0.286499,0.063002,-1.299935,-1.299935,-2.091652,0.218059,0.260930,257.655729,257.655729,496.989832,2,0.000000,true,
131.050000,1.300000,0.000000,289.600902,289.600902,289.600902,289.600902,868.802705,0.000000,0.000000,21.689605,1.719643,-19.631750,0.281008,0.281008,0.061983,-1.311713,-1.311713,-2.094112,0.215908,0.259114,259.999706,259.999706,497.938646,2,0.000000,true,
131.050000,1.275000,0.000000,289.420935,289.420935,289.420935,289.420935,868.262804,0.000000,0.000000,21.689041,1.693913,-19.666445,0.275521,0.275521,0.060958,-1.323411,-1.323411,-2.096576,0.213725,0.257269,262.329454,262.329454,498.889205,3,0.000000,true,
131.050000,1.250000,0.000000,289.226611,289.226611,289.226611,289.226611,867.679834,0.000000,0.000000,21.688445,1.667978,-19.701263,0.270036,0.270036,0.059927,-1.335031,-1.335031,-2.099042,0.211508,0.255396,264.645215,264.645215,499.841463,3,0.000000,true,
131.050000,1.225000,0.000000,289.017211,289.017211,289.017211,289.017211,867.051632,0.000000,0.000000,21.687814,1.641838,-19.736206,0.264555,0.264555,0.058890,-1.346575,-1.346575,-2.101512,0.209257,0.253493,266.947229,266.947229,500.795378,3,0.000000,true,
131.050000,1.200000,0.000000,288.791974,288.791974,288.791974,288.791974,866.375923,0.000000,0.000000,21.687150,1.615491,-19.771273,0.259077,0.259077,0.057846,-1.358043,-1.358043,-2.103985,0.206971,0.251559,269.235731,269.235731,501.750910,3,0.000000,true,
131.050000,1.175000,0.000000,288.550104,288.550104,288.550104,288.550104,865.650313,0.000000,0.000000,21.686452,1.588934,-19.806465,0.253602,0.253602,0.056796,-1.369438,-1.369438,-2.106461,0.204649,0.249595,271.510952,271.510952,502.708020,3,0.000000,true,
131.050000,1.150000,0.000000,288.290758,288.290758,288.290758,288.290758,864.872274,0.000000,0.000000,21.685718,1.562168,-19.841781,0.248131,0.248131,0.055739,-1.380759,-1.380759,-2.108940,0.202290,0.247598,273.773122,273.773122,503.666671,3,0.000000,true,
131.050000,1.125000,0.000000,288.013043,288.013043,288.013043,288.013043,864.039129,0.000000,0.000000,21.684950,1.535190,-19.877221,0.242662,0.242662,0.054675,-1.392009,-1.392009,-2.111421,0.199894,0.245569,276.022466,276.022466,504.626831,3,0.000000,true,
131.050000,1.100000,0.000000,287.716014,287.716014,287.716014,287.716014,863.148042,0.000000,0.000000,21.684146,1.507999,-19.912785,0.237197,0.237197,0.053606,-1.403188,-1.403188,-2.113906,0.197460,0.243506,278.259204,278.259204,505.588464,3,0.000000,true,
131.050000,1.075000,0.000000,287.398665,287.398665,287.398665,287.398665,862.195995,0.000000,0.000000,21.683307,1.480593,-19.948474,0.231735,0.231735,0.052529,-1.414298,-1.414298,-2.116394,0.194986,0.241408,280.483556,280.483556,506.551541,3,0.000000,true,
131.050000,1.050000,0.000000,287.059924,287.059924,287.059924,287.059924,861.179772,0.000000,0.000000,21.682431,1.452970,-19.984286,0.226277,0.226277,0.051446,-1.425339,-1.425339,-2.118885,0.192472,0.239275,282.695733,282.695733,507.516032,3,0.000000,true,
131.050000,1.025000,0.000000,286.698647,286.698647,286.698647,286.698647,860.095941,0.000000,0.000000,21.681520,1.425130,-20.020221,0.220822,0.220822,0.050357,-1.436313,-1.436313,-2.121378,0.189918,0.237106,284.895948,284.895948,508.481909,3,0.000000,true,
131.050000,1.000000,0.000000,286.313609,286.313609,286.313609,286.313609,858.940827,0.000000,0.000000,21.680572,1.397070,-20.056280,0.215370,0.215370,0.049260,-1.447222,-1.447222,-2.123874,0.187321,0.234899,287.084406,287.084406,509.449145,3,0.000000,true,
131.050000,0.975000,0.000000,285.903495,285.903495,285.903495,285.903495,857.710486,0.000000,0.000000,21.679587,1.368790,-20.092461,0.209921,0.209921,0.048157,-1.458065,-1.458065,-2.126373,0.184682,0.232653,289.261312,289.261312,510.417714,3,0.000000,true,
131.050000,0.950000,0.000000,285.466893,285.466893,285.466893,285.466893,856.400678,0.000000,0.000000,21.678565,1.340287,-20.128764,0.204476,0.204476,0.047048,-1.468845,-1.468845,-2.128875,0.181998,0.230368,291.426863,291.426863,511.387592,3,0.000000,true,
131.050000,0.925000,0.000000,285.002277,285.002277,285.002277,285.002277,855.006831,0.000000,0.000000,21.677505,1.311559,-20.165189,0.199034,0.199034,0.045931,-1.479562,-1.479562,-2.131380,0.179269,0.228041,293.581256,293.581256,512.358756,3,0.000000,true,
131.050000,0.900000,0.000000,284.508002,284.508002,284.508002,284.508002,853.524007,0.000000,0.000000,21.676408,1.282605,-20.201735,0.193596,0.193596,0.044808,-1.490217,-1.490217,-2.133887,0.176494,0.225673,295.724683,295.724683,513.331185,3,0.000000,true,
131.050000,0.875000,0.000000,283.982285,283.982285,283.982285,283.982285,851.946855,0.000000,0.000000,21.675273,1.253423,-20.238401,0.188161,0.188161,0.043678,-1.500812,-1.500812,-2.136397,0.173671,0.223260,297.857334,297.857334,514.304857,3,0.000000,true,
131.050000,0.850000,0.000000,283.423187,283.423187,283.423187,283.423187,850.269562,0.000000,0.000000,21.674101,1.224011,-20.275187,0.182729,0.182729,0.042542,-1.511346,-1.511346,-2.138910,0.170799,0.220802,299.979393,299.979393,515.279753,3,0.000000,true,
131.050000,0.825000,0.000000,282.828600,282.828600,282.828600,282.828600,848.485801,0.000000,0.000000,21.672889,1.194367,-20.312093,0.177301,0.177301,0.041398,-1.521822,-1.521822,-2.141426,0.167877,0.218297,302.091043,302.091043,516.255853,3,0.000000,true,
131.050000,0.800000,0.000000,282.196221,282.196221,282.196221,282.196221,846.588662,0.000000,0.000000,21.671640,1.164488,-20.349117,0.171876,0.171876,0.040248,-1.532240,-1.532240,-2.143944,0.164903,0.215743,304.192462,304.192462,517.233140,3,0.000000,true,
131.050000,0.775000,0.000000,281.523525,281.523525,281.523525,281.523525,844.570574,0.000000,0.000000,21.670351,1.134373,-20.386258,0.166454,0.166454,0.039091,-1.542601,-1.542601,-2.146464,0.161876,0.213139,306.283826,306.283826,518.211596,3,0.000000,true,
131.050000,0.750000,0.000000,280.807742,280.807742,280.807742,280.807742,842.423227,0.000000,0.000000,21.669024,1.104018,-20.423516,0.161036,0.161036,0.037928,-1.552906,-1.552906,-2.148988,0.158793,0.210481,308.365308,308.365308,519.191206,3,0.000000,true,
131.050000,0.725000,0.000000,280.045819,280.045819,280.045819,280.045819,840.137458,0.000000,0.000000,21.667657,1.073421,-20.460890,0.155621,0.155621,0.036758,-1.563156,-1.563156,-2.151513,0.155654,0.207769,310.437075,310.437075,520.171953,3,0.000000,true,
131.050000,0.700000,0.000000,279.234380,279.234380,279.234380,279.234380,837.703140,0.000000,0.000000,21.666251,1.042580,-20.498378,0.150210,0.150210,0.035581,-1.573352,-1.573352,-2.154042,0.152456,0.204999,312.499295,312.499295,521.153822,3,0.000000,true,
131.050000,0.675000,0.000000,278.369677,278.369677,278.369677,278.369677,835.109032,0.000000,0.000000,21.664805,1.011490,-20.535981,0.144801,0.144801,0.034397,-1.583494,-1.583494,-2.156573,0.149198,0.202168,314.552131,314.552131,522.136799,3,0.000000,true,
131.050000,0.650000,0.000000,277.447539,277.447539,277.447539,277.447539,832.342618,0.000000,0.000000,21.663320,0.980149,-20.573696,0.139397,0.139397,0.033207,-1.593584,-1.593584,-2.159106,0.145877,0.199274,316.595742,316.595742,523.120872,3,0.000000,true,
131.050000,0.625000,0.000000,276.463299,276.463299,276.463299,276.463299,829.389898,0.000000,0.000000,21.661794,0.948552,-20.611523,0.133995,0.133995,0.032010,-1.603623,-1.603623,-2.161642,0.142490,0.196314,318.630286,318.630286,524.106026,3,0.000000,true,
131.050000,0.600000,0.000000,275.411716,275.411716,275.411716,275.411716,826.235148,0.000000,0.000000,21.660227,0.916696,-20.649460,0.128597,0.128597,0.030806,-1.613610,-1.613610,-2.164180,0.139035,0.193283,320.655918,320.655918,525.092250,3,0.000000,true,
131.050000,0.575000,0.000000,274.286876,274.286876,274.286876,274.286876,822.860628,0.000000,0.000000,21.658620,0.884575,-20.687507,0.123202,0.123202,0.029596,-1.623548,-1.623548,-2.166721,0.135510,0.190178,322.672788,322.672788,526.079532,3,0.000000,true,
131.050000,0.550000,0.000000,273.082071,273.082071,273.082071,273.082071,819.246213,0.000000,0.000000,21.656972,0.852185,-20.725662,0.117811,0.117811,0.028379,-1.633436,-1.633436,-2.169263,0.131911,0.186993,324.681047,324.681047,527.067861,3,0.000000,true,
131.050000,0.525000,0.000000,271.789653,271.789653,271.789653,271.789653,815.368958,0.000000,0.000000,21.655283,0.819520,-20.763924,0.112422,0.112422,0.027155,-1.643276,-1.643276,-2.171809,0.128235,0.183724,326.680839,326.680839,528.057226,3,0.000000,true,
131.050000,0.500000,0.000000,270.400847,270.400847,270.400847,270.400847,811.202540,0.000000,0.000000,21.653552,0.786573,-20.802292,0.107037,0.107037,0.025925,-1.653069,-1.653069,-2.174356,0.124478,0.180364,328.672310,328.672310,529.047616,3,0.000000,true,
131.050000,0.475000,0.000000,268.905522,268.905522,268.905522,268.905522,806.716565,0.000000,0.000000,21.651779,0.753337,-20.840763,0.101656,0.101656,0.024688,-1.662814,-1.662814,-2.176906,0.120635,0.176908,330.655599,330.655599,530.039023,3,0.000000,true,
131.050000,0.450000,0.000000,267.291896,267.291896,267.291896,267.291896,801.875688,0.000000,0.000000,21.649964,0.719805,-20.879338,0.096277,0.096277,0.023445,-1.672514,-1.672514,-2.179459,0.116703,0.173346,332.630846,332.630846,531.031436,3,0.000000,true,
131.050000,0.425000,0.000000,265.546158,265.546158,265.546158,265.546158,796.638473,0.000000,0.000000,21.648107,0.685966,-20.918013,0.090902,0.090902,0.022196,-1.682167,-1.682167,-2.182013,0.112676,0.169671,334.598187,334.598187,532.024847,3,0.000000,true,
131.050000,0.400000,0.000000,263.651973,263.651973,263.651973,263.651973,790.955920,0.000000,0.000000,21.646207,0.651810,-20.956789,0.085530,0.085530,0.020940,-1.691777,-1.691777,-2.184570,0.108547,0.165871,336.557755,336.557755,533.019247,3,0.000000,true,
131.050000,0.375000,0.000000,261.589835,261.589835,261.589835,261.589835,784.769505,0.000000,0.000000,21.644265,0.617324,-20.995663,0.080161,0.080161,0.019677,-1.701342,-1.701342,-2.187129,0.104311,0.161935,338.509682,338.509682,534.014628,3,0.000000,true,
131.050000,0.350000,0.000000,259.336184,259.336184,259.336184,259.336184,778.008552,0.000000,0.000000,21.642278,0.582496,-21.034634,0.074796,0.074796,0.018408,-1.710864,-1.710864,-2.189689,0.099959,0.157848,340.454096,340.454096,535.010982,3,0.000000,true,
131.050000,0.325000,0.000000,256.862206,256.862206,256.862206,256.862206,770.586618,0.000000,0.000000,21.640249,0.547308,-21.073700,0.069433,0.069433,0.017133,-1.720343,-1.720343,-2.192253,0.095483,0.153592,342.391125,342.391125,536.008303,3,0.000000,true,
131.050000,0.300000,0.000000,254.132147,254.132147,254.132147,254.132147,762.396442,0.000000,0.000000,21.638175,0.511741,-21.112860,0.064074,0.064074,0.015852,-1.729780,-1.729780,-2.194818,0.090871,0.149145,344.320892,344.320892,537.006581,3,0.000000,true,
131.050000,0.275000,0.000000,251.100893,251.100893,251.100893,251.100893,753.302679,0.000000,0.000000,21.636056,0.475773,-21.152112,0.058718,0.058718,0.014564,-1.739176,-1.739176,-2.197385,0.086110,0.144482,346.243520,346.243520,538.005811,3,0.000000,true,
131.050000,0.250000,0.000000,247.710391,247.710391,247.710391,247.710391,743.131173,0.000000,0.000000,21.633893,0.439375,-21.191454,0.053365,0.053365,0.013270,-1.748531,-1.748531,-2.199954,0.081186,0.139570,348.159127,348.159127,539.005985,3,0.000000,true,
131.050000,0.225000,0.000000,243.884182,243.884182,243.884182,243.884182,731.652547,0.000000,0.000000,21.631685,0.402513,-21.230884,0.048015,0.048015,0.011970,-1.757846,-1.757846,-2.202525,0.076080,0.134365,350.067831,350.067831,540.007097,3,0.000000,true,
131.050000,0.200000,0.000000,239.518701,239.518701,239.518701,239.518701,718.556102,0.000000,0.000000,21.629432,0.365147,-21.270402,0.042668,0.042668,0.010664,-1.767122,-1.767122,-2.205098,0.070768,0.128811,351.969745,351.969745,541.009138,3,0.000000,true,
131.050000,0.175000,0.000000,234.468729,234.468729,234.468729,234.468729,703.406187,0.000000,0.000000,21.627133,0.327224,-21.310004,0.037324,0.037324,0.009352,-1.776359,-1.776359,-2.207674,0.065220,0.122834,353.864981,353.864981,542.012103,3,0.000000,true,
131.050000,0.150000,0.000000,228.521572,228.521572,228.521572,228.521572,685.564716,0.000000,0.000000,21.624787,0.288673,-21.349689,0.031983,0.031983,0.008033,-1.785557,-1.785557,-2.210250,0.059397,0.116325,355.753644,355.753644,543.015982,3,0.000000,true,
131.050000,0.125000,0.000000,221.347477,221.347477,221.347477,221.347477,664.042432,0.000000,0.000000,21.622395,0.249403,-21.389456,0.026645,0.026645,0.006709,-1.794718,-1.794718,-2.212829,0.053245,0.109126,357.635834,357.635834,544.020764,3,0.000000,true,
131.050000,0.100000,0.000000,212.394040,212.394040,212.394040,212.394040,637.182121,0.000000,0.000000,21.619956,0.209281,-21.429301,0.021311,0.021311,0.005379,-1.803842,-1.803842,-2.215410,0.046687,0.100987,359.511637,359.511637,545.026432,3,0.000000,true,
131.050000,0.075000,0.000000,200.625856,200.625856,200.625856,200.625856,601.877567,0.000000,0.000000,21.617469,0.168107,-21.469223,0.015979,0.015979,0.004043,-1.812928,-1.812928,-2.217992,0.039609,0.091467,361.381109,361.381109,546.032955,4,0.000000,true,
131.050000,0.050000,0.000000,183.719380,183.719380,183.719380,183.719380,551.158141,0.000000,0.000000,21.614935,0.125541,-21.509215,0.010649,0.010649,0.002701,-1.821978,-1.821978,-2.220575,0.031822,0.079668,363.244201,363.244201,547.040243,4,0.000000,true,
131.050000,0.025000,0.000000,154.271659,154.271659,154.271659,154.271659,462.814977,0.000000,0.000000,21.612354,0.080877,-21.549260,0.005323,0.005323,0.001353,-1.830987,-1.830987,-2.223159,0.023017,0.063102,365.100254,365.100254,548.047877,4,0.000000,true,
131.050000,0.000000,0.000000,0.000000,0.000000,0.000000,0.000000,0.000000,0.000000,0.000000,21.609870,0.034186,-21.587167,0.000000,0.000000,0.000000,-1.839468,-1.839468,-2.225602,0.020821,0.020821,366.848678,366.848678,549.000853,7,0.000000,true,
131.025000,4.000000,0.000000,329.237044,329.237044,329.237044,329.237044,987.711133,0.000000,0.000000,22.002921,4.086862,-16.085757,0.856995,0.856995,0.206011,-0.153495,-0.153495,-1.856711,0.363017,0.388095,34.610347,34.610347,429.785387,4,0.000000,true,
131.025000,3.975000,0.000000,328.506190,328.506190,328.506190,328.506190,985.518571,0.000000,0.000000,21.995832,4.063781,-16.121082,0.852090,0.852090,0.203820,-0.156038,-0.156038,-1.859033,0.361962,0.387118,35.099257,35.099257,430.160949,3,0.000000,true,
131.025000,3.950000,0.000000,327.773169,327.773169,327.773169,327.773169,983.319508,0.000000,0.000000,21.988767,4.040692,-16.156368,0.847177,0.847177,0.201646,-0.158657,-0.158657,-1.861341,0.360902,0.386137,35.602883,35.602883,430.535004,3,0.000000,true,
131.025000,3.925000,0.000000,327.038052,327.038052,327.038052,327.038052,981.114157,0.000000,0.000000,21.981726,4.017596,-16.191614,0.842257,0.842257,0.199487,-0.161357,-0.161357,-1.863636,0.359837,0.385151,36.121860,36.121860,430.907610,3,0.000000,true,
131.025000,3.900000,0.000000,326.300917,326.300917,326.300917,326.300917,978.902750,0.000000,0.000000,21.974710,3.994494,-16.226820,0.837328,0.837328,0.197344,-0.164139,-0.164139,-1.865916,0.358766,0.384160,36.656855,36.656855,431.278833,3,0.000000,true,
131.025000,3.875000,0.000000,325.561848,325.561848,325.561848,325.561848,976.685544,0.000000,0.000000,21.967722,3.971386,-16.261984,0.832392,0.832392,0.195216,-0.167009,-0.167009,-1.868183,0.357689,0.383164,37.208572,37.208572,431.648738,3,0.000000,true,
131.025000,3.850000,0.000000,324.820940,324.820940,324.820940,324.820940,974.462820,0.000000,0.000000,21.960760,3.948274,-16.297107,0.827448,0.827448,0.193105,-0.169970,-0.169970,-1.870436,0.356607,0.382162,37.777754,37.777754,432.017398,3,0.000000,true,
131.025000,3.825000,0.000000,324.078294,324.078294,324.078294,324.078294,972.234883,0.000000,0.000000,21.953828,3.925158,-16.332186,0.822496,0.822496,0.191009,-0.173026,-0.173026,-1.872676,0.355520,0.381156,38.365182,38.365182,432.384889,3,0.000000,true,
131.025000,3.800000,0.000000,323.334023,323.334023,323.334023,323.334023,970.002070,0.000000,0.000000,21.946926,3.902039,-16.367222,0.817536,0.817536,0.188929,-0.176181,-0.176181,-1.874903,0.354426,0.380146,38.971679,38.971679,432.751294,3,0.000000,true,
131.025000,3.775000,0.000000,322.588249,322.588249,322.588249,322.588249,967.764747,0.000000,0.000000,21.940055,3.878920,-16.402214,0.812568,0.812568,0.186865,-0.179440,-0.179440,-1.877116,0.353327,0.379130,39.598116,39.598116,433.116701,3,0.000000,true,
131.025000,3.750000,0.000000,321.841105,321.841105,321.841105,321.841105,965.523316,0.000000,0.000000,21.933217,3.855800,-16.437160,0.807592,0.807592,0.184817,-0.182807,-0.182807,-1.879316,0.352223,0.378109,40.245407,40.245407,433.481202,3,0.000000,true,
131.025000,3.725000,0.000000,321.092738,321.092738,321.092738,321.092738,963.278215,0.000000,0.000000,21.926413,3.832682,-16.472060,0.802608,0.802608,0.182785,-0.186288,-0.186288,-1.881503,0.351113,0.377083,40.914517,40.914517,433.844898,3,0.000000,true,
131.025000,3.700000,0.000000,320.343307,320.343307,320.343307,320.343307,961.029922,0.000000,0.000000,21.919645,3.809566,-16.506913,0.797616,0.797616,0.180769,-0.189888,-0.189888,-1.883678,0.349998,0.376053,41.606465,41.606465,434.207898,3,0.000000,true,
131.025000,3.675000,0.000000,319.592987,319.592987,319.592987,319.592987,958.778961,0.000000,0.000000,21.912915,3.786455,-16.541717,0.792615,0.792615,0.178769,-0.193612,-0.193612,-1.885840,0.348877,0.375018,42.322321,42.322321,434.570315,3,0.000000,true,
131.025000,3.650000,0.000000,318.841967,318.841967,318.841967,318.841967,956.525901,0.000000,0.000000,21.906224,3.763349,-16.576471,0.787607,0.787607,0.176786,-0.197466,-0.197466,-1.887989,0.347750,0.373978,43.063216,43.063216,434.932275,3,0.000000,true,
131.025000,3.625000,0.000000,318.090455,318.090455,318.090455,318.090455,954.271365,0.000000,0.000000,21.899574,3.740252,-16.611175,0.782591,0.782591,0.174819,-0.201457,-0.201457,-1.890127,0.346618,0.372933,43.830337,43.830337,435.293910,3,0.000000,true,
131.025000,3.600000,0.000000,317.338677,317.338677,317.338677,317.338677,952.016032,0.000000,0.000000,21.892968,3.717163,-16.645827,0.777566,0.777566,0.172868,-0.205591,-0.205591,-1.892253,0.345481,0.371883,44.624936,44.624936,435.655364,3,0.000000,true,
131.025000,3.575000,0.000000,316.586880,316.586880,316.586880,316.586880,949.760640,0.000000,0.000000,21.886407,3.694087,-16.680425,0.772533,0.772533,0.170934,-0.209875,-0.209875,-1.894367,0.344338,0.370830,45.448329,45.448329,436.016791,3,0.000000,true,
131.025000,3.550000,0.000000,315.835331,315.835331,315.835331,315.835331,947.505994,0.000000,0.000000,21.879895,3.671024,-16.714968,0.767491,0.767491,0.169017,-0.214316,-0.214316,-1.896469,0.343190,0.369771,46.301898,46.301898,436.378357,3,0.000000,true,
131.025000,3.525000,0.000000,315.084324,315.084324,315.084324,315.084324,945.252973,0.000000,0.000000,21.873432,3.647977,-16.749455,0.762442,0.762442,0.167117,-0.218921,-0.218921,-1.898561,0.342037,0.368708,47.187096,47.187096,436.740241,3,0.000000,true,
131.025000,3.500000,0.000000,314.334177,314.334177,314.334177,314.334177,943.002530,0.000000,0.000000,21.867023,3.624949,-16.783884,0.757383,0.757383,0.165234,-0.223699,-0.223699,-1.900642,0.340879,0.367641,48.105443,48.105443,437.102634,3,0.000000,true,
131.025000,3.475000,0.000000,313.585234,313.585234,313.585234,313.585234,940.755702,0.000000,0.000000,21.860669,3.601942,-16.818254,0.752316,0.752316,0.163368,-0.228657,-0.228657,-1.902712,0.339716,0.366570,49.058533,49.058533,437.465745,3,0.000000,true,
131.025000,3.450000,0.000000,312.837872,312.837872,312.837872,312.837872,938.513617,0.000000,0.000000,21.854374,3.578959,-16.852562,0.747240,0.747240,0.161520,-0.233805,-0.233805,-1.904771,0.338547,0.365494,50.048030,50.048030,437.829797,3,0.000000,true,
131.025000,3.425000,0.000000,312.092499,312.092499,312.092499,312.092499,936.277497,0.000000,0.000000,21.848142,3.556003,-16.886806,0.742155,0.742155,0.159689,-0.239151,-0.239151,-1.906821,0.337374,0.364415,51.075673,51.075673,438.195031,3,0.000000,true,
131.025000,3.400000,0.000000,311.349556,311.349556,311.349556,311.349556,934.048667,0.000000,0.000000,21.841975,3.533078,-16.920985,0.737062,0.737062,0.157877,-0.244705,-0.244705,-1.908861,0.336197,0.363332,52.143268,52.143268,438.561706,3,0.000000,true,
131.025000,3.375000,0.000000,310.609521,310.609521,310.609521,310.609521,931.828564,0.000000,0.000000,21.835877,3.510186,-16.955097,0.731959,0.731959,0.156083,-0.250476,-0.250476,-1.910893,0.335014,0.362245,53.252690,53.252690,438.930100,3,0.000000,true,
131.025000,3.350000,0.000000,309.872912,309.872912,309.872912,309.872912,929.618736,0.000000,0.000000,21.829852,3.487332,-16.989138,0.726847,0.726847,0.154307,-0.256475,-0.256475,-1.912915,0.333828,0.361155,54.405878,54.405878,439.300514,3,0.000000,true,
131.025000,3.325000,0.000000,309.140286,309.140286,309.140286,309.140286,927.420858,0.000000,0.000000,21.823904,3.464520,-17.023108,0.721725,0.721725,0.152550,-0.262712,-0.262712,-1.914929,0.332637,0.360062,55.604832,55.604832,439.673269,3,0.000000,true,
131.025000,3.300000,0.000000,308.412244,308.412244,308.412244,308.412244,925.236732,0.000000,0.000000,21.818037,3.441753,-17.057002,0.716594,0.716594,0.150812,-0.269197,-0.269197,-1.916936,0.331441,0.358965,56.851601,56.851601,440.048711,3,0.000000,true,
131.025000,3.275000,0.000000,307.689430,307.689430,307.689430,307.689430,923.068291,0.000000,0.000000,21.812257,3.419036,-17.090820,0.711453,0.711453,0.149094,-0.275941,-0.275941,-1.918935,0.330243,0.357866,58.148277,58.148277,440.427210,3,0.000000,true,
131.025000,3.250000,0.000000,306.972536,306.972536,306.972536,306.972536,920.917609,0.000000,0.000000,21.806568,3.396374,-17.124557,0.706302,0.706302,0.147396,-0.282955,-0.282955,-1.920928,0.329040,0.356765,59.496982,59.496982,440.809160,3,0.000000,true,
131.025000,3.225000,0.000000,306.262300,306.262300,306.262300,306.262300,918.786899,0.000000,0.000000,21.800974,3.373772,-17.158211,0.701141,0.701141,0.145718,-0.290251,-0.290251,-1.922914,0.327834,0.355661,60.899850,60.899850,441.194982,3,0.000000,true,
131.025000,3.200000,0.000000,305.559505,305.559505,305.559505,305.559505,916.678515,0.000000,0.000000,21.795482,3.351234,-17.191780,0.695970,0.695970,0.144061,-0.297839,-0.297839,-1.924895,0.326625,0.354555,62.359014,62.359014,441.585124,3,0.000000,true,
131.025000,3.175000,0.000000,304.864984,304.864984,304.864984,304.864984,914.594953,0.000000,0.000000,21.790097,3.328766,-17.225259,0.690788,0.690788,0.142424,-0.305730,-0.305730,-1.926871,0.325413,0.353447,63.876581,63.876581,441.980059,3,0.000000,true,
131.025000,3.150000,0.000000,304.179614,304.179614,304.179614,304.179614,912.538843,0.000000,0.000000,21.784825,3.306373,-17.258647,0.685595,0.685595,0.140810,-0.313935,-0.313935,-1.928844,0.324198,0.352338,65.454607,65.454607,442.380286,3,0.000000,true,
131.025000,3.125000,0.000000,303.504316,303.504316,303.504316,303.504316,910.512947,0.000000,0.000000,21.779671,3.284061,-17.291939,0.680391,0.680391,0.139217,-0.322463,-0.322463,-1.930813,0.322981,0.351229,67.095067,67.095067,442.786331,3,0.000000,true,
131.025000,3.100000,0.000000,302.840047,302.840047,302.840047,302.840047,908.520141,0.000000,0.000000,21.774642,3.261836,-17.325133,0.675177,0.675177,0.137647,-0.331325,-0.331325,-1.932779,0.321762,0.350118,68.799824,68.799824,443.198739,3,0.000000,true,
131.025000,3.075000,0.000000,302.187803,302.187803,302.187803,302.187803,906.563409,0.000000,0.000000,21.769743,3.239703,-17.358226,0.669950,0.669950,0.136100,-0.340529,-0.340529,-1.934744,0.320542,0.349008,70.570591,70.570591,443.618081,3,0.000000,true,
131.025000,3.050000,0.000000,301.548604,301.548604,301.548604,301.548604,904.645812,0.000000,0.000000,21.764981,3.217668,-17.391215,0.664712,0.664712,0.134576,-0.350083,-0.350083,-1.936709,0.319320,0.347897,72.408895,72.408895,444.044941,3,0.000000,true,
131.025000,3.025000,0.000000,300.923490,300.923490,300.923490,300.923490,902.770469,0.000000,0.000000,21.760362,3.195736,-17.424096,0.659462,0.659462,0.133075,-0.359994,-0.359994,-1.938673,0.318096,0.346787,74.316033,74.316033,444.479919,3,0.000000,true,
131.025000,3.000000,0.000000,300.313509,300.313509,300.313509,300.313509,900.940528,0.000000,0.000000,21.755892,3.173913,-17.456868,0.654200,0.654200,0.131599,-0.370266,-0.370266,-1.940639,0.316872,0.345678,76.293027,76.293027,444.923622,3,0.000000,true,
131.025000,2.975000,0.000000,299.719707,299.719707,299.719707,299.719707,899.159122,0.000000,0.000000,21.751577,3.152204,-17.489528,0.648926,0.648926,0.130148,-0.380903,-0.380903,-1.942606,0.315648,0.344570,78.340589,78.340589,445.376660,3,0.000000,true,
131.025000,2.950000,0.000000,299.143113,299.143113,299.143113,299.143113,897.429338,0.000000,0.000000,21.747422,3.130613,-17.522073,0.643639,0.643639,0.128721,-0.391907,-0.391907,-1.944577,0.314423,0.343464,80.459072,80.459072,445.839637,3,0.000000,true,
131.025000,2.925000,0.000000,298.584721,298.584721,298.584721,298.584721,895.754163,0.000000,0.000000,21.743432,3.109144,-17.554503,0.638340,0.638340,0.127320,-0.403277,-0.403277,-1.946552,0.313198,0.342360,82.648441,82.648441,446.313147,3,0.000000,true,
131.025000,2.900000,0.000000,298.045481,298.045481,298.045481,298.045481,894.136444,0.000000,0.000000,21.739611,3.087801,-17.586816,0.633028,0.633028,0.125943,-0.415010,-0.415010,-1.948532,0.311974,0.341258,84.908233,84.908233,446.797760,3,0.000000,true,
131.025000,2.875000,0.000000,297.526277,297.526277,297.526277,297.526277,892.578832,0.000000,0.000000,21.735964,3.066586,-17.619012,0.627704,0.627704,0.124592,-0.427102,-0.427102,-1.950519,0.310750,0.340158,87.237540,87.237540,447.294019,3,0.000000,true,
131.025000,2.850000,0.000000,297.027912,297.027912,297.027912,297.027912,891.083736,0.000000,0.000000,21.732494,3.045501,-17.651091,0.622367,0.622367,0.123267,-0.439545,-0.439545,-1.952512,0.309527,0.339061,89.634992,89.634992,447.802428,3,0.000000,true,
131.025000,2.825000,0.000000,296.551092,296.551092,296.551092,296.551092,889.653275,0.000000,0.000000,21.729203,3.024547,-17.683053,0.617017,0.617017,0.121967,-0.452329,-0.452329,-1.954513,0.308304,0.337966,92.098750,92.098750,448.323444,3,0.000000,true,
131.025000,2.800000,0.000000,296.096412,296.096412,296.096412,296.096412,888.289237,0.000000,0.000000,21.726092,3.003724,-17.714900,0.611654,0.611654,0.120692,-0.465443,-0.465443,-1.956522,0.307081,0.336875,94.626520,94.626520,448.857469,3,0.000000,true,
131.025000,2.775000,0.000000,295.664345,295.664345,295.664345,295.664345,886.993035,0.000000,0.000000,21.723162,2.983029,-17.746634,0.606279,0.606279,0.119442,-0.478870,-0.478870,-1.958542,0.305860,0.335787,97.215569,97.215569,449.404845,3,0.000000,true,
131.025000,2.750000,0.000000,295.255229,295.255229,295.255229,295.255229,885.765686,0.000000,0.000000,21.720413,2.962460,-17.778259,0.600892,0.600892,0.118216,-0.492596,-0.492596,-1.960571,0.304639,0.334701,99.862757,99.862757,449.965846,3,0.000000,true,
131.025000,2.725000,0.000000,294.869262,294.869262,294.869262,294.869262,884.607786,0.000000,0.000000,21.717843,2.942015,-17.809779,0.595493,0.595493,0.117014,-0.506601,-0.506601,-1.962611,0.303418,0.333618,102.564584,102.564584,450.540675,3,0.000000,true,
131.025000,2.700000,0.000000,294.506501,294.506501,294.506501,294.506501,883.519503,0.000000,0.000000,21.715449,2.921687,-17.841197,0.590082,0.590082,0.115836,-0.520865,-0.520865,-1.964663,0.302197,0.332538,105.317240,105.317240,451.129461,3,0.000000,true,
131.025000,2.675000,0.000000,294.166858,294.166858,294.166858,294.166858,882.500573,0.000000,0.000000,21.713228,2.901470,-17.872520,0.584660,0.584660,0.114681,-0.535367,-0.535367,-1.966726,0.300976,0.331459,108.116666,108.116666,451.732260,3,0.000000,true,
131.025000,2.650000,0.000000,293.850106,293.850106,293.850106,293.850106,881.550319,0.000000,0.000000,21.711177,2.881359,-17.903753,0.579226,0.579226,0.113547,-0.550084,-0.550084,-1.968802,0.299754,0.330383,110.958618,110.958618,452.349056,3,0.000000,true,
131.025000,2.625000,0.000000,293.555887,293.555887,293.555887,293.555887,880.667662,0.000000,0.000000,21.709289,2.861345,-17.934904,0.573783,0.573783,0.112435,-0.564994,-0.564994,-1.970889,0.298531,0.329309,113.838735,113.838735,452.979763,3,0.000000,true,
131.025000,2.600000,0.000000,293.283719,293.283719,293.283719,293.283719,879.851156,0.000000,0.000000,21.707559,2.841418,-17.965978,0.568329,0.568329,0.111342,-0.580073,-0.580073,-1.972990,0.297306,0.328235,116.752603,116.752603,453.624228,3,0.000000,true,
131.025000,2.575000,0.000000,293.033007,293.033007,293.033007,293.033007,879.099022,0.000000,0.000000,21.705981,2.821571,-17.996985,0.562866,0.562866,0.110269,-0.595298,-0.595298,-1.975103,0.296079,0.327162,119.695820,119.695820,454.282240,3,0.000000,true,
131.025000,2.550000,0.000000,292.803062,292.803062,292.803062,292.803062,878.409186,0.000000,0.000000,21.704548,2.801792,-18.027931,0.557393,0.557393,0.109214,-0.610646,-0.610646,-1.977229,0.294850,0.326089,122.664050,122.664050,454.953536,3,0.000000,true,
131.025000,2.525000,0.000000,292.593106,292.593106,292.593106,292.593106,877.779319,0.000000,0.000000,21.703252,2.782072,-18.058825,0.551912,0.551912,0.108175,-0.626096,-0.626096,-1.979368,0.293617,0.325015,125.653075,125.653075,455.637806,3,0.000000,true,
131.025000,2.500000,0.000000,292.402296,292.402296,292.402296,292.402296,877.206887,0.000000,0.000000,21.702086,2.762399,-18.089675,0.546424,0.546424,0.107153,-0.641627,-0.641627,-1.981519,0.292380,0.323940,128.658839,128.658839,456.334702,3,0.000000,true,
131.025000,2.475000,0.000000,292.229729,292.229729,292.229729,292.229729,876.689187,0.000000,0.000000,21.701041,2.742764,-18.120489,0.540927,0.540927,0.106145,-0.657217,-0.657217,-1.983682,0.291138,0.322863,131.677483,131.677483,457.043843,3,0.000000,true,
131.025000,2.450000,0.000000,292.074464,292.074464,292.074464,292.074464,876.223393,0.000000,0.000000,21.700111,2.723155,-18.151276,0.535424,0.535424,0.105151,-0.672847,-0.672847,-1.985857,0.289890,0.321784,134.705366,134.705366,457.764827,3,0.000000,true,
131.025000,2.425000,0.000000,291.935531,291.935531,291.935531,291.935531,875.806592,0.000000,0.000000,21.699287,2.703560,-18.182044,0.529915,0.529915,0.104170,-0.688501,-0.688501,-1.988044,0.288637,0.320701,137.739090,137.739090,458.497232,3,0.000000,true,
131.025000,2.400000,0.000000,291.811939,291.811939,291.811939,291.811939,875.435816,0.000000,0.000000,21.698562,2.683971,-18.212801,0.524400,0.524400,0.103200,-0.704162,-0.704162,-1.990243,0.287376,0.319614,140.775510,140.775510,459.240627,3,0.000000,true,
131.025000,2.375000,0.000000,291.702693,291.702693,291.702693,291.702693,875.108078,0.000000,0.000000,21.697927,2.664375,-18.243556,0.518880,0.518880,0.102240,-0.719814,-0.719814,-1.992453,0.286108,0.318523,143.811733,143.811733,459.994573,3,0.000000,true,
131.025000,2.350000,0.000000,291.606799,291.606799,291.606799,291.606799,874.820396,0.000000,0.000000,21.697376,2.644762,-18.274314,0.513355,0.513355,0.101290,-0.735444,-0.735444,-1.994674,0.284832,0.317427,146.845126,146.845126,460.758633,3,0.000000,true,
131.025000,2.325000,0.000000,291.523271,291.523271,291.523271,291.523271,874.569814,0.000000,0.000000,21.696901,2.625124,-18.305085,0.507826,0.507826,0.100349,-0.751040,-0.751040,-1.996905,0.283547,0.316324,149.873305,149.873305,461.532370,3,0.000000,true,
131.025000,2.300000,0.000000,291.451140,291.451140,291.451140,291.451140,874.353420,0.000000,0.000000,21.696495,2.605449,-18.335875,0.502293,0.502293,0.099415,-0.766590,-0.766590,-1.999147,0.282252,0.315215,152.894131,152.894131,462.315356,3,0.000000,true,
131.025000,2.275000,0.000000,291.389455,291.389455,291.389455,291.389455,874.168365,0.000000,0.000000,21.696152,2.585729,-18.366692,0.496756,0.496756,0.098488,-0.782084,-0.782084,-2.001398,0.280946,0.314098,155.905693,155.905693,463.107172,3,0.000000,true,
131.025000,2.250000,0.000000,291.337289,291.337289,291.337289,291.337289,874.011867,0.000000,0.000000,21.695865,2.565954,-18.397540,0.491217,0.491217,0.097566,-0.797514,-0.797514,-2.003659,0.279630,0.312973,158.906301,158.906301,463.907410,3,0.000000,true,
131.025000,2.225000,0.000000,291.293742,291.293742,291.293742,291.293742,873.881227,0.000000,0.000000,21.695628,2.546117,-18.428428,0.485675,0.485675,0.096650,-0.812872,-0.812872,-2.005929,0.278302,0.311840,161.894470,161.894470,464.715676,2,0.000000,true,
131.025000,2.200000,0.000000,291.257943,291.257943,291.257943,291.257943,873.773828,0.000000,0.000000,21.695435,2.526209,-18.459360,0.480131,0.480131,0.095738,-0.828152,-0.828152,-2.008208,0.276961,0.310698,164.868903,164.868903,465.531590,2,0.000000,true,
131.025000,2.175000,0.000000,291.229047,291.229047,291.229047,291.229047,873.687142,0.000000,0.000000,21.695281,2.506222,-18.490343,0.474585,0.474585,0.094830,-0.843346,-0.843346,-2.010495,0.275608,0.309545,167.828478,167.828478,466.354788,2,0.000000,true,
131.025000,2.150000,0.000000,291.206243,291.206243,291.206243,291.206243,873.618730,0.000000,0.000000,21.695161,2.486150,-18.521381,0.469038,0.469038,0.093924,-0.858452,-0.858452,-2.012790,0.274241,0.308383,170.772235,170.772235,467.184921,2,0.000000,true,
131.025000,2.125000,0.000000,291.188747,291.188747,291.188747,291.188747,873.566241,0.000000,0.000000,21.695070,2.465984,-18.552479,0.463490,0.463490,0.093021,-0.873463,-0.873463,-2.015093,0.272860,0.307209,173.699357,173.699357,468.021658,2,0.000000,true,
131.025000,2.100000,0.000000,291.175804,291.175804,291.175804,291.175804,873.527413,0.000000,0.000000,21.695004,2.445719,-18.583642,0.457940,0.457940,0.092119,-0.888378,-0.888378,-2.017404,0.271464,0.306024,176.609160,176.609160,468.864683,2,0.000000,true,
131.025000,2.075000,0.000000,291.166690,291.166690,291.166690,291.166690,873.500069,0.000000,0.000000,21.694958,2.425348,-18.614876,0.452391,0.452391,0.091219,-0.903192,-0.903192,-2.019722,0.270053,0.304826,179.501078,179.501078,469.713695,2,0.000000,true,
131.025000,2.050000,0.000000,291.160704,291.160704,291.160704,291.160704,873.482113,0.000000,0.000000,21.694928,2.404866,-18.646182,0.446841,0.446841,0.090319,-0.917904,-0.917904,-2.022046,0.268626,0.303616,182.374654,182.374654,470.568410,2,0.000000,true,
131.025000,2.025000,0.000000,291.157176,291.157176,291.157176,291.157176,873.471527,0.000000,0.000000,21.694910,2.384266,-18.677567,0.441291,0.441291,0.089419,-0.932512,-0.932512,-2.024378,0.267182,0.302393,185.229522,185.229522,471.428560,2,0.000000,true,
131.025000,2.000000,0.000000,291.155455,291.155455,291.155455,291.155455,873.466366,0.000000,0.000000,21.694902,2.363544,-18.709032,0.435741,0.435741,0.088518,-0.947014,-0.947014,-2.026716,0.265721,0.301156,188.065404,188.065404,472.293889,2,0.000000,true,
131.025000,1.975000,0.000000,291.154919,291.154919,291.154919,291.154919,873.464756,0.000000,0.000000,21.694899,2.342694,-18.740583,0.430191,0.430191,0.087617,-0.961410,-0.961410,-2.029060,0.264243,0.299905,190.882097,190.882097,473.164158,2,0.000000,true,
131.025000,1.950000,0.000000,291.154962,291.154962,291.154962,291.154962,873.464886,0.000000,0.000000,21.694899,2.321712,-18.772221,0.424643,0.424643,0.086715,-0.975698,-0.975698,-2.031410,0.262747,0.298640,193.679463,193.679463,474.039140,2,0.000000,true,
131.025000,1.925000,0.000000,291.155001,291.155001,291.155001,291.155001,873.465003,0.000000,0.000000,21.694899,2.300593,-18.803949,0.419095,0.419095,0.085811,-0.989879,-0.989879,-2.033766,0.261232,0.297359,196.457424,196.457424,474.918621,2,0.000000,true,
131.025000,1.900000,0.000000,291.154470,291.154470,291.154470,291.154470,873.463410,0.000000,0.000000,21.694897,2.279333,-18.835772,0.413548,0.413548,0.084905,-1.003952,-1.003952,-2.036128,0.259699,0.296062,199.215954,199.215954,475.802401,2,0.000000,true,
131.025000,1.875000,0.000000,291.152820,291.152820,291.152820,291.152820,873.458459,0.000000,0.000000,21.694889,2.257928,-18.867691,0.408002,0.408002,0.083996,-1.017918,-1.017918,-2.038495,0.258145,0.294750,201.955070,201.955070,476.690288,2,0.000000,true,
131.025000,1.850000,0.000000,291.149514,291.149514,291.149514,291.149514,873.448543,0.000000,0.000000,21.694874,2.236375,-18.899708,0.402457,0.402457,0.083085,-1.031777,-1.031777,-2.040867,0.256572,0.293421,204.674829,204.674829,477.582104,2,0.000000,true,
131.025000,1.825000,0.000000,291.144033,291.144033,291.144033,291.144033,873.432098,0.000000,0.000000,21.694850,2.214668,-18.931827,0.396914,0.396914,0.082172,-1.045529,-1.045529,-2.043244,0.254978,0.292075,207.375323,207.375323,478.477682,2,0.000000,true,
131.025000,1.800000,0.000000,291.135864,291.135864,291.135864,291.135864,873.407592,0.000000,0.000000,21.694814,2.192806,-18.964048,0.391373,0.391373,0.081255,-1.059175,-1.059175,-2.045627,0.253362,0.290711,210.056674,210.056674,479.376861,2,0.000000,true,
131.025000,1.775000,0.000000,291.124507,291.124507,291.124507,291.124507,873.373522,0.000000,0.000000,21.694765,2.170784,-18.996375,0.385833,0.385833,0.080334,-1.072717,-1.072717,-2.048014,0.251725,0.289329,212.719027,212.719027,480.279494,2,0.000000,true,
131.025000,1.750000,0.000000,291.109470,291.109470,291.109470,291.109470,873.328410,0.000000,0.000000,21.694700,2.148601,-19.028808,0.380295,0.380295,0.079410,-1.086154,-1.086154,-2.050405,0.250066,0.287929,215.362550,215.362550,481.185439,2,0.000000,true,
131.025000,1.725000,0.000000,291.090266,291.090266,291.090266,291.090266,873.270797,0.000000,0.000000,21.694619,2.126252,-19.061351,0.374759,0.374759,0.078482,-1.099488,-1.099488,-2.052802,0.248384,0.286511,217.987430,217.987430,482.094564,2,0.000000,true,
131.025000,1.700000,0.000000,291.066413,291.066413,291.066413,291.066413,873.199239,0.000000,0.000000,21.694520,2.103734,-19.094004,0.369225,0.369225,0.077550,-1.112720,-1.112720,-2.055202,0.246680,0.285072,220.593869,220.593869,483.006744,2,0.000000,true,
131.025000,1.675000,0.000000,291.037434,291.037434,291.037434,291.037434,873.112302,0.000000,0.000000,21.694401,2.081046,-19.126768,0.363693,0.363693,0.076613,-1.125852,-1.125852,-2.057607,0.244951,0.283614,223.182082,223.182082,483.921861,2,0.000000,true,
131.025000,1.650000,0.000000,291.002852,291.002852,291.002852,291.002852,873.008557,0.000000,0.000000,21.694261,2.058185,-19.159646,0.358164,0.358164,0.075672,-1.138884,-1.138884,-2.060016,0.243198,0.282136,225.752295,225.752295,484.839805,2,0.000000,true,
131.025000,1.625000,0.000000,290.962192,290.962192,290.962192,290.962192,872.886577,0.000000,0.000000,21.694099,2.035148,-19.192638,0.352637,0.352637,0.074726,-1.151817,-1.151817,-2.062430,0.241421,0.280637,228.304742,228.304742,485.760472,2,0.000000,true,
131.025000,1.600000,0.000000,290.914976,290.914976,290.914976,290.914976,872.744929,0.000000,0.000000,21.693914,2.011932,-19.225746,0.347112,0.347112,0.073776,-1.164654,-1.164654,-2.064847,0.239618,0.279117,230.839665,230.839665,486.683762,2,0.000000,true,
131.025000,1.575000,0.000000,290.860725,290.860725,290.860725,290.860725,872.582174,0.000000,0.000000,21.693704,1.988536,-19.258971,0.341590,0.341590,0.072820,-1.177395,-1.177395,-2.067268,0.237790,0.277575,233.357312,233.357312,487.609583,2,0.000000,true,
131.025000,1.550000,0.000000,290.798952,290.798952,290.798952,290.798952,872.396856,0.000000,0.000000,21.693470,1.964957,-19.292313,0.336070,0.336070,0.071860,-1.190042,-1.190042,-2.069693,0.235935,0.276011,235.857932,235.857932,488.537847,2,0.000000,true,
131.025000,1.525000,0.000000,290.729168,290.729168,290.729168,290.729168,872.187504,0.000000,0.000000,21.693209,1.941194,-19.325774,0.330553,0.330553,0.070894,-1.202595,-1.202595,-2.072122,0.234054,0.274424,238.341782,238.341782,489.468471,2,0.000000,true,
131.025000,1.500000,0.000000,290.650874,290.650874,290.650874,290.650874,871.952621,0.000000,0.000000,21.692921,1.917243,-19.359355,0.325039,0.325039,0.069923,-1.215058,-1.215058,-2.074554,0.232145,0.272814,240.809116,240.809116,490.401378,2,0.000000,true,
131.025000,1.475000,0.000000,290.563561,290.563561,290.563561,290.563561,871.690682,0.000000,0.000000,21.692605,1.893104,-19.393056,0.319527,0.319527,0.068946,-1.227430,-1.227430,-2.076990,0.230208,0.271180,243.260193,243.260193,491.336493,2,0.000000,true,
131.025000,1.450000,0.000000,290.466710,290.466710,290.466710,290.466710,871.400129,0.000000,0.000000,21.692260,1.868774,-19.426879,0.314018,0.314018,0.067964,-1.239714,-1.239714,-2.079430,0.228242,0.269522,245.695269,245.695269,492.273747,2,0.000000,true,
131.025000,1.425000,0.000000,290.359788,290.359788,290.359788,290.359788,871.079363,0.000000,0.000000,21.691886,1.844251,-19.460822,0.308512,0.308512,0.066975,-1.251910,-1.251910,-2.081873,0.226248,0.267840,248.114603,248.114603,493.213074,2,0.000000,true,
131.025000,1.400000,0.000000,290.242246,290.242246,290.242246,290.242246,870.726739,0.000000,0.000000,21.691483,1.819535,-19.494888,0.303009,0.303009,0.065982,-1.264020,-1.264020,-2.084319,0.224224,0.266132,250.518450,250.518450,494.154411,2,0.000000,true,
131.025000,1.375000,0.000000,290.113521,290.113521,290.113521,290.113521,870.340562,0.000000,0.000000,21.691048,1.794622,-19.529077,0.297509,0.297509,0.064982,-1.276046,-1.276046,-2.086769,0.222169,0.264398,252.907065,252.907065,495.097699,2,0.000000,true,
131.025000,1.350000,0.000000,289.973026,289.973026,289.973026,289.973026,869.919078,0.000000,0.000000,21.690583,1.769511,-19.563389,0.292012,0.292012,0.063976,-1.287988,-1.287988,-2.089223,0.220083,0.262637,255.280702,255.280702,496.042883,2,0.000000,true,
131.025000,1.325000,0.000000,289.820155,289.820155,289.820155,289.820155,869.460465,0.000000,0.000000,21.690085,1.744201,-19.597824,0.286518,0.286518,0.062964,-1.299849,-1.299849,-2.091679,0.217966,0.260850,257.639610,257.639610,496.989909,2,0.000000,true,
131.025000,1.300000,0.000000,289.654277,289.654277,289.654277,289.654277,868.962832,0.000000,0.000000,21.689556,1.718690,-19.632383,0.281027,0.281027,0.061946,-1.311628,-1.311628,-2.094139,0.215817,0.259035,259.984037,259.984037,497.938728,2,0.000000,true,
131.025000,1.275000,0.000000,289.474734,289.474734,289.474734,289.474734,868.424202,0.000000,0.000000,21.688994,1.692977,-19.667066,0.275539,0.275539,0.060922,-1.323329,-1.323329,-2.096602,0.213635,0.257191,262.314230,262.314230,498.889292,3,0.000000,true,
131.025000,1.250000,0.000000,289.280838,289.280838,289.280838,289.280838,867.842513,0.000000,0.000000,21.688398,1.667059,-19.701873,0.270054,0.270054,0.059891,-1.334952,-1.334952,-2.099068,0.211419,0.255319,264.630430,264.630430,499.841557,3,0.000000,true,
131.025000,1.225000,0.000000,289.071867,289.071867,289.071867,289.071867,867.215601,0.000000,0.000000,21.687769,1.640936,-19.736805,0.264573,0.264573,0.058855,-1.346498,-1.346498,-2.101537,0.209168,0.253416,266.932876,266.932876,500.795479,3,0.000000,true,
131.025000,1.200000,0.000000,288.847064,288.847064,288.847064,288.847064,866.541192,0.000000,0.000000,21.687106,1.614606,-19.771861,0.259094,0.259094,0.057811,-1.357969,-1.357969,-2.104010,0.206883,0.251484,269.221804,269.221804,501.751019,3,0.000000,true,
131.025000,1.175000,0.000000,288.605630,288.605630,288.605630,288.605630,865.816891,0.000000,0.000000,21.686409,1.588066,-19.807041,0.253619,0.253619,0.056762,-1.369365,-1.369365,-2.106485,0.204562,0.249520,271.497447,271.497447,502.708137,3,0.000000,true,
131.025000,1.150000,0.000000,288.346723,288.346723,288.346723,288.346723,865.040170,0.000000,0.000000,21.685677,1.561317,-19.842346,0.248147,0.248147,0.055706,-1.380689,-1.380689,-2.108963,0.202204,0.247524,273.760032,273.760032,503.666798,3,0.000000,true,
131.025000,1.125000,0.000000,288.069451,288.069451,288.069451,288.069451,864.208354,0.000000,0.000000,21.684910,1.534356,-19.877775,0.242678,0.242678,0.054643,-1.391940,-1.391940,-2.111445,0.199809,0.245496,276.009786,276.009786,504.626966,3,0.000000,true,
131.025000,1.100000,0.000000,287.772868,287.772868,287.772868,287.772868,863.318604,0.000000,0.000000,21.684107,1.507182,-19.913328,0.237213,0.237213,0.053574,-1.403122,-1.403122,-2.113929,0.197376,0.243434,278.246929,278.246929,505.588610,3,0.000000,true,
131.025000,1.075000,0.000000,287.455968,287.455968,287.455968,287.455968,862.367903,0.000000,0.000000,21.683269,1.479793,-19.949005,0.231751,0.231751,0.052498,-1.414233,-1.414233,-2.116416,0.194903,0.241337,280.471679,280.471679,506.551698,3,0.000000,true,
131.025000,1.050000,0.000000,287.117679,287.117679,287.117679,287.117679,861.353037,0.000000,0.000000,21.682395,1.452188,-19.984805,0.226292,0.226292,0.051416,-1.425277,-1.425277,-2.118907,0.192391,0.239205,282.684251,282.684251,507.516200,3,0.000000,true,
131.025000,1.025000,0.000000,286.756857,286.756857,286.756857,286.756857,860.270572,0.000000,0.000000,21.681484,1.424365,-20.020729,0.220836,0.220836,0.050327,-1.436254,-1.436254,-2.121400,0.189837,0.237037,284.884855,284.884855,508.482088,3,0.000000,true,
131.025000,1.000000,0.000000,286.372278,286.372278,286.372278,286.372278,859.116834,0.000000,0.000000,21.680537,1.396323,-20.056776,0.215384,0.215384,0.049232,-1.447164,-1.447164,-2.123895,0.187241,0.234831,287.073698,287.073698,509.449335,3,0.000000,true,
131.025000,0.975000,0.000000,285.962626,285.962626,285.962626,285.962626,857.887879,0.000000,0.000000,21.679553,1.368060,-20.092946,0.209935,0.209935,0.048129,-1.458010,-1.458010,-2.126394,0.184603,0.232586,289.250982,289.250982,510.417916,3,0.000000,true,
131.025000,0.950000,0.000000,285.526489,285.526489,285.526489,285.526489,856.579468,0.000000,0.000000,21.678532,1.339574,-20.129237,0.204490,0.204490,0.047020,-1.468791,-1.468791,-2.128896,0.181920,0.230302,291.416908,291.416908,511.387807,3,0.000000,true,
131.025000,0.925000,0.000000,285.062343,285.062343,285.062343,285.062343,855.187030,0.000000,0.000000,21.677474,1.310864,-20.165650,0.199048,0.199048,0.045905,-1.479510,-1.479510,-2.131400,0.179193,0.227977,293.571671,293.571671,512.358985,3,0.000000,true,
131.025000,0.900000,0.000000,284.568542,284.568542,284.568542,284.568542,853.705625,0.000000,0.000000,21.676378,1.281927,-20.202185,0.193609,0.193609,0.044782,-1.490167,-1.490167,-2.133907,0.176419,0.225609,295.715463,295.715463,513.331427,3,0.000000,true,
131.025000,0.875000,0.000000,284.043301,284.043301,284.043301,284.043301,852.129904,0.000000,0.000000,21.675244,1.252763,-20.238840,0.188173,0.188173,0.043653,-1.500763,-1.500763,-2.136416,0.173597,0.223197,297.848474,297.848474,514.305113,3,0.000000,true,
131.025000,0.850000,0.000000,283.484685,283.484685,283.484685,283.484685,850.454056,0.000000,0.000000,21.674073,1.223368,-20.275614,0.182741,0.182741,0.042517,-1.511300,-1.511300,-2.138929,0.170726,0.220741,299.970890,299.970890,515.280022,3,0.000000,true,
131.025000,0.825000,0.000000,282.890584,282.890584,282.890584,282.890584,848.671753,0.000000,0.000000,21.672863,1.193742,-20.312508,0.177313,0.177313,0.041375,-1.521778,-1.521778,-2.141444,0.167805,0.218237,302.082891,302.082891,516.256137,3,0.000000,true,
131.025000,0.800000,0.000000,282.258695,282.258695,282.258695,282.258695,846.776085,0.000000,0.000000,21.671614,1.163881,-20.349520,0.171887,0.171887,0.040225,-1.532197,-1.532197,-2.143961,0.164833,0.215684,304.184658,304.184658,517.233439,3,0.000000,true,
131.025000,0.775000,0.000000,281.586495,281.586495,281.586495,281.586495,844.759485,0.000000,0.000000,21.670326,1.133783,-20.386650,0.166465,0.166465,0.039069,-1.542560,-1.542560,-2.146481,0.161807,0.213081,306.276366,306.276366,518.211910,3,0.000000,true,
131.025000,0.750000,0.000000,280.871214,280.871214,280.871214,280.871214,842.613641,0.000000,0.000000,21.669000,1.103446,-20.423896,0.161047,0.161047,0.037907,-1.552867,-1.552867,-2.149004,0.158726,0.210425,308.358186,308.358186,519.191535,3,0.000000,true,
131.025000,0.725000,0.000000,280.109798,280.109798,280.109798,280.109798,840.329394,0.000000,0.000000,21.667634,1.072867,-20.461258,0.155631,0.155631,0.036737,-1.563119,-1.563119,-2.151529,0.155588,0.207713,310.430289,310.430289,520.172297,3,0.000000,true,
131.025000,0.700000,0.000000,279.298872,279.298872,279.298872,279.298872,837.896616,0.000000,0.000000,21.666229,1.042043,-20.498735,0.150220,0.150220,0.035561,-1.573317,-1.573317,-2.154057,0.152392,0.204944,312.492840,312.492840,521.154182,3,0.000000,true,
131.025000,0.675000,0.000000,278.434690,278.434690,278.434690,278.434690,835.304070,0.000000,0.000000,21.664784,1.010971,-20.536326,0.144811,0.144811,0.034378,-1.583461,-1.583461,-2.156588,0.149135,0.202115,314.546003,314.546003,522.137175,3,0.000000,true,
131.025000,0.650000,0.000000,277.513080,277.513080,277.513080,277.513080,832.539240,0.000000,0.000000,21.663299,0.979647,-20.574029,0.139406,0.139406,0.033188,-1.593553,-1.593553,-2.159121,0.145815,0.199223,316.589937,316.589937,523.121264,3,0.000000,true,
131.025000,0.625000,0.000000,276.529376,276.529376,276.529376,276.529376,829.588129,0.000000,0.000000,21.661774,0.948068,-20.611844,0.134004,0.134004,0.031992,-1.603593,-1.603593,-2.161656,0.142429,0.196263,318.624801,318.624801,524.106435,3,0.000000,true,
131.025000,0.600000,0.000000,275.478339,275.478339,275.478339,275.478339,826.435016,0.000000,0.000000,21.660208,0.916229,-20.649770,0.128606,0.128606,0.030789,-1.613582,-1.613582,-2.164194,0.138976,0.193234,320.650748,320.650748,525.092676,3,0.000000,true,
131.025000,0.575000,0.000000,274.354054,274.354054,274.354054,274.354054,823.062163,0.000000,0.000000,21.658602,0.884126,-20.687805,0.123210,0.123210,0.029579,-1.623521,-1.623521,-2.166734,0.135452,0.190129,322.667931,322.667931,526.079975,3,0.000000,true,
131.025000,0.550000,0.000000,273.149816,273.149816,273.149816,273.149816,819.449449,0.000000,0.000000,21.656955,0.851754,-20.725949,0.117818,0.117818,0.028363,-1.633411,-1.633411,-2.169276,0.131855,0.186946,324.676498,324.676498,527.068320,3,0.000000,true,
131.025000,0.525000,0.000000,271.857978,271.857978,271.857978,271.857978,815.573934,0.000000,0.000000,21.655266,0.819106,-20.764199,0.112430,0.112430,0.027140,-1.643253,-1.643253,-2.171821,0.128180,0.183678,326.676595,326.676595,528.057702,3,0.000000,true,
131.025000,0.500000,0.000000,270.469766,270.469766,270.469766,270.469766,811.409298,0.000000,0.000000,21.653536,0.786177,-20.802555,0.107045,0.107045,0.025911,-1.653047,-1.653047,-2.174368,0.124424,0.180320,328.668367,328.668367,529.048110,3,0.000000,true,
131.025000,0.475000,0.000000,268.975051,268.975051,268.975051,268.975051,806.925154,0.000000,0.000000,21.651764,0.752958,-20.841015,0.101662,0.101662,0.024675,-1.662794,-1.662794,-2.176918,0.120584,0.176865,330.651954,330.651954,530.039534,3,0.000000,true,
131.025000,0.450000,0.000000,267.362053,267.362053,267.362053,267.362053,802.086160,0.000000,0.000000,21.649950,0.719443,-20.879578,0.096284,0.096284,0.023433,-1.672495,-1.672495,-2.179469,0.116653,0.173305,332.627495,332.627495,531.031965,3,0.000000,true,
131.025000,0.425000,0.000000,265.616964,265.616964,265.616964,265.616964,796.850892,0.000000,0.000000,21.648094,0.685621,-20.918242,0.090908,0.090908,0.022184,-1.682150,-1.682150,-2.182023,0.112627,0.169631,334.595127,334.595127,532.025394,3,0.000000,true,
131.025000,0.400000,0.000000,263.723452,263.723452,263.723452,263.723452,791.170356,0.000000,0.000000,21.646194,0.651482,-20.957007,0.085536,0.085536,0.020928,-1.691761,-1.691761,-2.184580,0.108501,0.165833,336.554982,336.554982,533.019812,3,0.000000,true,
131.025000,0.375000,0.000000,261.662013,261.662013,261.662013,261.662013,784.986040,0.000000,0.000000,21.644252,0.617014,-20.995869,0.080167,0.080167,0.019667,-1.701328,-1.701328,-2.187138,0.104266,0.161898,338.507193,338.507193,534.015211,3,0.000000,true,
131.025000,0.350000,0.000000,259.409094,259.409094,259.409094,259.409094,778.227281,0.000000,0.000000,21.642267,0.582203,-21.034829,0.074801,0.074801,0.018399,-1.710851,-1.710851,-2.189699,0.099916,0.157812,340.451888,340.451888,535.011584,3,0.000000,true,
131.025000,0.325000,0.000000,256.935884,256.935884,256.935884,256.935884,770.807652,0.000000,0.000000,21.640237,0.547032,-21.073883,0.069438,0.069438,0.017124,-1.720332,-1.720332,-2.192261,0.095441,0.153557,342.389195,342.389195,536.008923,3,0.000000,true,
131.025000,0.300000,0.000000,254.206637,254.206637,254.206637,254.206637,762.619911,0.000000,0.000000,21.638164,0.511483,-21.113032,0.064078,0.064078,0.015843,-1.729770,-1.729770,-2.194826,0.090831,0.149112,344.319236,344.319236,537.007220,3,0.000000,true,
131.025000,0.275000,0.000000,251.176247,251.176247,251.176247,251.176247,753.528741,0.000000,0.000000,21.636047,0.475531,-21.152272,0.058722,0.058722,0.014556,-1.739168,-1.739168,-2.197393,0.086072,0.144451,346.242135,346.242135,538.006469,3,0.000000,true,
131.025000,0.250000,0.000000,247.786672,247.786672,247.786672,247.786672,743.360017,0.000000,0.000000,21.633884,0.439150,-21.191603,0.053368,0.053368,0.013263,-1.748524,-1.748524,-2.199961,0.081150,0.139540,348.158011,348.158011,539.006662,3,0.000000,true,
131.025000,0.225000,0.000000,243.961469,243.961469,243.961469,243.961469,731.884407,0.000000,0.000000,21.631677,0.402305,-21.231023,0.048018,0.048018,0.011964,-1.757841,-1.757841,-2.202532,0.076046,0.134336,350.066980,350.066980,540.007792,3,0.000000,true,
131.025000,0.200000,0.000000,239.597090,239.597090,239.597090,239.597090,718.791269,0.000000,0.000000,21.629424,0.364956,-21.270529,0.042671,0.042671,0.010658,-1.767118,-1.767118,-2.205105,0.070736,0.128784,351.969156,351.969156,541.009854,3,0.000000,true,
131.025000,0.175000,0.000000,234.548345,234.548345,234.548345,234.548345,703.645035,0.000000,0.000000,21.627125,0.327048,-21.310120,0.037327,0.037327,0.009347,-1.776356,-1.776356,-2.207679,0.065190,0.122808,353.864651,353.864651,542.012838,3,0.000000,true,
131.025000,0.150000,0.000000,228.602581,228.602581,228.602581,228.602581,685.807742,0.000000,0.000000,21.624780,0.288514,-21.349795,0.031985,0.031985,0.008029,-1.785556,-1.785556,-2.210256,0.059369,0.116301,355.753570,355.753570,543.016736,3,0.000000,true,
131.025000,0.125000,0.000000,221.430106,221.430106,221.430106,221.430106,664.290317,0.000000,0.000000,21.622388,0.249261,-21.389551,0.026647,0.026647,0.006706,-1.794718,-1.794718,-2.212834,0.053219,0.109105,357.636013,357.636013,544.021538,3,0.000000,true,
131.025000,0.100000,0.000000,212.478620,212.478620,212.478620,212.478620,637.435861,0.000000,0.000000,21.619950,0.209155,-21.429385,0.021312,0.021312,0.005376,-1.803843,-1.803843,-2.215414,0.046664,0.100967,359.512066,359.512066,545.027226,3,0.000000,true,
131.025000,0.075000,0.000000,200.712913,200.712913,200.712913,200.712913,602.138738,0.000000,0.000000,21.617464,0.167997,-21.469296,0.015980,0.015980,0.004041,-1.812931,-1.812931,-2.217996,0.039587,0.091450,361.381786,361.381786,546.033769,4,0.000000,true,
131.025000,0.050000,0.000000,183.809871,183.809871,183.809871,183.809871,551.429613,0.000000,0.000000,21.614930,0.125446,-21.509278,0.010650,0.010650,0.002700,-1.821982,-1.821982,-2.220579,0.031802,0.079653,363.245125,363.245125,547.041079,4,0.000000,true,
131.025000,0.025000,0.000000,154.367843,154.367843,154.367843,154.367843,463.103530,0.000000,0.000000,21.612350,0.080798,-21.549312,0.005324,0.005324,0.001353,-1.830992,-1.830992,-2.223162,0.022998,0.063090,365.101428,365.101428,548.048738,4,0.000000,true,
131.025000,0.000000,0.000000,0.000000,0.000000,0.000000,0.000000,0.000000,0.000000,0.000000,21.609866,0.034113,-21.587215,0.000000,0.000000,0.000000,-1.839476,-1.839476,-2.225605,0.020796,0.020796,366.850365,366.850365,549.001890,7,0.000000,true,
131.037500,4.000000,0.000000,329.213005,329.213005,329.213005,329.213005,987.639014,0.000000,0.000000,22.002946,4.087893,-16.085072,0.856973,0.856973,0.206054,-0.153523,-0.153523,-1.856671,0.363073,0.388146,34.615515,34.615515,429.779403,4,0.000000,true,
131.037500,3.975000,0.000000,328.482142,328.482142,328.482142,328.482142,985.446426,0.000000,0.000000,21.995857,4.064809,-16.120399,0.852068,0.852068,0.203864,-0.156066,-0.156066,-1.858994,0.362019,0.387170,35.104552,35.104552,430.154990,3,0.000000,true,
131.037500,3.950000,0.000000,327.749113,327.749113,327.749113,327.749113,983.247339,0.000000,0.000000,21.988792,4.041717,-16.155687,0.847156,0.847156,0.201689,-0.158687,-0.158687,-1.861302,0.360959,0.386189,35.608309,35.608309,430.529069,3,0.000000,true,
131.037500,3.925000,0.000000,327.013989,327.013989,327.013989,327.013989,981.041966,0.000000,0.000000,21.981751,4.018618,-16.190936,0.842235,0.842235,0.199530,-0.161387,-0.161387,-1.863597,0.359894,0.385202,36.127422,36.127422,430.901702,3,0.000000,true,
131.037500,3.900000,0.000000,326.276847,326.276847,326.276847,326.276847,978.830541,0.000000,0.000000,21.974735,3.995513,-16.226143,0.837307,0.837307,0.197386,-0.164170,-0.164170,-1.865877,0.358823,0.384211,36.662559,36.662559,431.272950,3,0.000000,true,
131.037500,3.875000,0.000000,325.537773,325.537773,325.537773,325.537773,976.613320,0.000000,0.000000,21.967746,3.972402,-16.261310,0.832371,0.832371,0.195259,-0.167041,-0.167041,-1.868144,0.357746,0.383215,37.214424,37.214424,431.642883,3,0.000000,true,
131.037500,3.850000,0.000000,324.796861,324.796861,324.796861,324.796861,974.390582,0.000000,0.000000,21.960785,3.949286,-16.296435,0.827426,0.827426,0.193147,-0.170002,-0.170002,-1.870398,0.356664,0.382214,37.783758,37.783758,432.011571,3,0.000000,true,
131.037500,3.825000,0.000000,324.054212,324.054212,324.054212,324.054212,972.162636,0.000000,0.000000,21.953853,3.926167,-16.331516,0.822474,0.822474,0.191051,-0.173059,-0.173059,-1.872638,0.355577,0.381208,38.371345,38.371345,432.379092,3,0.000000,true,
131.037500,3.800000,0.000000,323.309939,323.309939,323.309939,323.309939,969.929817,0.000000,0.000000,21.946950,3.903045,-16.366554,0.817515,0.817515,0.188971,-0.176215,-0.176215,-1.874864,0.354483,0.380197,38.978009,38.978009,432.745528,3,0.000000,true,
131.037500,3.775000,0.000000,322.564164,322.564164,322.564164,322.564164,967.692492,0.000000,0.000000,21.940079,3.879923,-16.401548,0.812547,0.812547,0.186907,-0.179474,-0.179474,-1.877077,0.353385,0.379182,39.604618,39.604618,433.110966,3,0.000000,true,
131.037500,3.750000,0.000000,321.817021,321.817021,321.817021,321.817021,965.451063,0.000000,0.000000,21.933241,3.856800,-16.436496,0.807571,0.807571,0.184859,-0.182843,-0.182843,-1.879278,0.352280,0.378161,40.252089,40.252089,433.475500,3,0.000000,true,
131.037500,3.725000,0.000000,321.068656,321.068656,321.068656,321.068656,963.205968,0.000000,0.000000,21.926437,3.833678,-16.471398,0.802587,0.802587,0.182826,-0.186325,-0.186325,-1.881465,0.351170,0.377135,40.921386,40.921386,433.839230,3,0.000000,true,
131.037500,3.700000,0.000000,320.319229,320.319229,320.319229,320.319229,960.957687,0.000000,0.000000,21.919670,3.810559,-16.506253,0.797595,0.797595,0.180810,-0.189926,-0.189926,-1.883640,0.350055,0.376105,41.613529,41.613529,434.202264,3,0.000000,true,
131.037500,3.675000,0.000000,319.568914,319.568914,319.568914,319.568914,958.706741,0.000000,0.000000,21.912939,3.787445,-16.541059,0.792595,0.792595,0.178810,-0.193651,-0.193651,-1.885802,0.348934,0.375070,42.329588,42.329588,434.564718,3,0.000000,true,
131.037500,3.650000,0.000000,318.817901,318.817901,318.817901,318.817901,956.453703,0.000000,0.000000,21.906249,3.764336,-16.575816,0.787587,0.787587,0.176827,-0.197507,-0.197507,-1.887952,0.347808,0.374030,43.070694,43.070694,434.926716,3,0.000000,true,
131.037500,3.625000,0.000000,318.066398,318.066398,318.066398,318.066398,954.199194,0.000000,0.000000,21.899599,3.741235,-16.610522,0.782570,0.782570,0.174860,-0.201499,-0.201499,-1.890090,0.346676,0.372985,43.838036,43.838036,435.288390,3,0.000000,true,
131.037500,3.600000,0.000000,317.314631,317.314631,317.314631,317.314631,951.943893,0.000000,0.000000,21.892993,3.718144,-16.645176,0.777546,0.777546,0.172909,-0.205634,-0.205634,-1.892215,0.345539,0.371936,44.632865,44.632865,435.649884,3,0.000000,true,
131.037500,3.575000,0.000000,316.562847,316.562847,316.562847,316.562847,949.688540,0.000000,0.000000,21.886432,3.695064,-16.679776,0.772513,0.772513,0.170975,-0.209919,-0.209919,-1.894330,0.344396,0.370882,45.456497,45.456497,436.011353,3,0.000000,true,
131.037500,3.550000,0.000000,315.811314,315.811314,315.811314,315.811314,947.433942,0.000000,0.000000,21.879920,3.671998,-16.714322,0.767471,0.767471,0.169057,-0.214361,-0.214361,-1.896432,0.343248,0.369824,46.310316,46.310316,436.372963,3,0.000000,true,
131.037500,3.525000,0.000000,315.060325,315.060325,315.060325,315.060325,945.180975,0.000000,0.000000,21.873457,3.648948,-16.748811,0.762421,0.762421,0.167157,-0.218968,-0.218968,-1.898524,0.342095,0.368761,47.195774,47.195774,436.734892,3,0.000000,true,
131.037500,3.500000,0.000000,314.310198,314.310198,314.310198,314.310198,942.930594,0.000000,0.000000,21.867048,3.625916,-16.783242,0.757363,0.757363,0.165274,-0.223747,-0.223747,-1.900605,0.340937,0.367694,48.114392,48.114392,437.097332,3,0.000000,true,
131.037500,3.475000,0.000000,313.561279,313.561279,313.561279,313.561279,940.683837,0.000000,0.000000,21.860695,3.602906,-16.817614,0.752296,0.752296,0.163408,-0.228707,-0.228707,-1.902675,0.339774,0.366622,49.067764,49.067764,437.460493,3,0.000000,true,
131.037500,3.450000,0.000000,312.813944,312.813944,312.813944,312.813944,938.441831,0.000000,0.000000,21.854400,3.579920,-16.851924,0.747220,0.747220,0.161559,-0.233856,-0.233856,-1.904735,0.338606,0.365547,50.057556,50.057556,437.824596,3,0.000000,true,
131.037500,3.425000,0.000000,312.068600,312.068600,312.068600,312.068600,936.205801,0.000000,0.000000,21.848168,3.556961,-16.886170,0.742136,0.742136,0.159729,-0.239204,-0.239204,-1.906785,0.337433,0.364468,51.085504,51.085504,438.189883,3,0.000000,true,
131.037500,3.400000,0.000000,311.325690,311.325690,311.325690,311.325690,933.977071,0.000000,0.000000,21.842001,3.534032,-16.920351,0.737042,0.737042,0.157916,-0.244759,-0.244759,-1.908826,0.336255,0.363385,52.153417,52.153417,438.556614,3,0.000000,true,
131.037500,3.375000,0.000000,310.585693,310.585693,310.585693,310.585693,931.757079,0.000000,0.000000,21.835903,3.511137,-16.954465,0.731939,0.731939,0.156122,-0.250532,-0.250532,-1.910857,0.335073,0.362298,53.263170,53.263170,438.925066,3,0.000000,true,
131.037500,3.350000,0.000000,309.849125,309.849125,309.849125,309.849125,929.547375,0.000000,0.000000,21.829879,3.488280,-16.988509,0.726827,0.726827,0.154346,-0.256533,-0.256533,-1.912880,0.333886,0.361208,54.416702,54.416702,439.295541,3,0.000000,true,
131.037500,3.325000,0.000000,309.116544,309.116544,309.116544,309.116544,927.349633,0.000000,0.000000,21.823931,3.465464,-17.022480,0.721706,0.721706,0.152589,-0.262771,-0.262771,-1.914894,0.332695,0.360115,55.616012,55.616012,439.668359,3,0.000000,true,
131.037500,3.300000,0.000000,308.388552,308.388552,308.388552,308.388552,925.165656,0.000000,0.000000,21.818065,3.442694,-17.056377,0.716575,0.716575,0.150851,-0.269258,-0.269258,-1.916901,0.331500,0.359018,56.863150,56.863150,440.043868,3,0.000000,true,
131.037500,3.275000,0.000000,307.665793,307.665793,307.665793,307.665793,922.997379,0.000000,0.000000,21.812285,3.419974,-17.090197,0.711434,0.711434,0.149132,-0.276004,-0.276004,-1.918900,0.330301,0.357919,58.160208,58.160208,440.422435,3,0.000000,true,
131.037500,3.250000,0.000000,306.948959,306.948959,306.948959,306.948959,920.846876,0.000000,0.000000,21.806597,3.397309,-17.123936,0.706283,0.706283,0.147434,-0.283021,-0.283021,-1.920893,0.329099,0.356818,59.509306,59.509306,440.804458,3,0.000000,true,
131.037500,3.225000,0.000000,306.238786,306.238786,306.238786,306.238786,918.716359,0.000000,0.000000,21.801004,3.374703,-17.157593,0.701122,0.701122,0.145756,-0.290319,-0.290319,-1.922880,0.327893,0.355714,60.912581,60.912581,441.190356,3,0.000000,true,
131.037500,3.200000,0.000000,305.536062,305.536062,305.536062,305.536062,916.608186,0.000000,0.000000,21.795512,3.352162,-17.191163,0.695951,0.695951,0.144098,-0.297909,-0.297909,-1.924861,0.326684,0.354608,62.372163,62.372163,441.580577,3,0.000000,true,
131.037500,3.175000,0.000000,304.841617,304.841617,304.841617,304.841617,914.524850,0.000000,0.000000,21.790128,3.329691,-17.224645,0.690769,0.690769,0.142462,-0.305802,-0.305802,-1.926837,0.325472,0.353500,63.890159,63.890159,441.975595,3,0.000000,true,
131.037500,3.150000,0.000000,304.156328,304.156328,304.156328,304.156328,912.468984,0.000000,0.000000,21.784856,3.307295,-17.258035,0.685576,0.685576,0.140847,-0.314009,-0.314009,-1.928810,0.324257,0.352392,65.468623,65.468623,442.375909,3,0.000000,true,
131.037500,3.125000,0.000000,303.481116,303.481116,303.481116,303.481116,910.443349,0.000000,0.000000,21.779703,3.284980,-17.291329,0.680373,0.680373,0.139255,-0.322540,-0.322540,-1.930779,0.323040,0.351282,67.109530,67.109530,442.782043,3,0.000000,true,
131.037500,3.100000,0.000000,302.816941,302.816941,302.816941,302.816941,908.450824,0.000000,0.000000,21.774674,3.262751,-17.324525,0.675158,0.675158,0.137684,-0.331404,-0.331404,-1.932746,0.321821,0.350172,68.814740,68.814740,443.194546,3,0.000000,true,
131.037500,3.075000,0.000000,302.164796,302.164796,302.164796,302.164796,906.494388,0.000000,0.000000,21.769776,3.240615,-17.357621,0.669932,0.669932,0.136137,-0.340611,-0.340611,-1.934711,0.320601,0.349061,70.585966,70.585966,443.613986,3,0.000000,true,
131.037500,3.050000,0.000000,301.525702,301.525702,301.525702,301.525702,904.577105,0.000000,0.000000,21.765015,3.218577,-17.390611,0.664694,0.664694,0.134613,-0.350167,-0.350167,-1.936676,0.319379,0.347951,72.424732,72.424732,444.040948,3,0.000000,true,
131.037500,3.025000,0.000000,300.900698,300.900698,300.900698,300.900698,902.702095,0.000000,0.000000,21.760397,3.196642,-17.423495,0.659444,0.659444,0.133112,-0.360080,-0.360080,-1.938641,0.318156,0.346841,74.332332,74.332332,444.476032,3,0.000000,true,
131.037500,3.000000,0.000000,300.290834,300.290834,300.290834,300.290834,900.872501,0.000000,0.000000,21.755928,3.174815,-17.456269,0.654182,0.654182,0.131636,-0.370355,-0.370355,-1.940607,0.316932,0.345732,76.309786,76.309786,444.919845,3,0.000000,true,
131.037500,2.975000,0.000000,299.697153,299.697153,299.697153,299.697153,899.091458,0.000000,0.000000,21.751613,3.153103,-17.488931,0.648908,0.648908,0.130184,-0.380994,-0.380994,-1.942575,0.315707,0.344624,78.357801,78.357801,445.372997,3,0.000000,true,
131.037500,2.950000,0.000000,299.120683,299.120683,299.120683,299.120683,897.362050,0.000000,0.000000,21.747459,3.131508,-17.521479,0.643621,0.643621,0.128758,-0.392000,-0.392000,-1.944546,0.314483,0.343518,80.476731,80.476731,445.836092,3,0.000000,true,
131.037500,2.925000,0.000000,298.562421,298.562421,298.562421,298.562421,895.687263,0.000000,0.000000,21.743470,3.110036,-17.553911,0.638322,0.638322,0.127356,-0.403372,-0.403372,-1.946521,0.313258,0.342413,82.666532,82.666532,446.309721,3,0.000000,true,
131.037500,2.900000,0.000000,298.023314,298.023314,298.023314,298.023314,894.069941,0.000000,0.000000,21.739650,3.088690,-17.586226,0.633010,0.633010,0.125979,-0.415108,-0.415108,-1.948502,0.312034,0.341311,84.926742,84.926742,446.794458,3,0.000000,true,
131.037500,2.875000,0.000000,297.504244,297.504244,297.504244,297.504244,892.512732,0.000000,0.000000,21.736004,3.067472,-17.618424,0.627686,0.627686,0.124628,-0.427202,-0.427202,-1.950488,0.310810,0.340212,87.256448,87.256448,447.290843,3,0.000000,true,
131.037500,2.850000,0.000000,297.006015,297.006015,297.006015,297.006015,891.018044,0.000000,0.000000,21.732535,3.046383,-17.650505,0.622349,0.622349,0.123303,-0.439647,-0.439647,-1.952481,0.309586,0.339114,89.654275,89.654275,447.799379,3,0.000000,true,
131.037500,2.825000,0.000000,296.529331,296.529331,296.529331,296.529331,889.587992,0.000000,0.000000,21.729245,3.025426,-17.682469,0.616999,0.616999,0.122002,-0.452433,-0.452433,-1.954483,0.308363,0.338020,92.118383,92.118383,448.320524,3,0.000000,true,
131.037500,2.800000,0.000000,296.074786,296.074786,296.074786,296.074786,888.224359,0.000000,0.000000,21.726135,3.004598,-17.714319,0.611636,0.611636,0.120727,-0.465548,-0.465548,-1.956493,0.307141,0.336929,94.646473,94.646473,448.854680,3,0.000000,true,
131.037500,2.775000,0.000000,295.642852,295.642852,295.642852,295.642852,886.928557,0.000000,0.000000,21.723206,2.983900,-17.746056,0.606261,0.606261,0.119477,-0.478977,-0.478977,-1.958512,0.305919,0.335840,97.235809,97.235809,449.402186,3,0.000000,true,
131.037500,2.750000,0.000000,295.233866,295.233866,295.233866,295.233866,885.701598,0.000000,0.000000,21.720458,2.963328,-17.777683,0.600874,0.600874,0.118251,-0.492704,-0.492704,-1.960542,0.304698,0.334755,99.883250,99.883250,449.963317,3,0.000000,true,
131.037500,2.725000,0.000000,294.848025,294.848025,294.848025,294.848025,884.544074,0.000000,0.000000,21.717888,2.942878,-17.809205,0.595475,0.595475,0.117050,-0.506710,-0.506710,-1.962583,0.303477,0.333672,102.585293,102.585293,450.538275,3,0.000000,true,
131.037500,2.700000,0.000000,294.485383,294.485383,294.485383,294.485383,883.456149,0.000000,0.000000,21.715495,2.922546,-17.840627,0.590064,0.590064,0.115871,-0.520975,-0.520975,-1.964634,0.302256,0.332591,105.338128,105.338128,451.127189,3,0.000000,true,
131.037500,2.675000,0.000000,294.145853,294.145853,294.145853,294.145853,882.437559,0.000000,0.000000,21.713276,2.902326,-17.871952,0.584642,0.584642,0.114716,-0.535478,-0.535478,-1.966698,0.301035,0.331513,108.137693,108.137693,451.730115,3,0.000000,true,
131.037500,2.650000,0.000000,293.829206,293.829206,293.829206,293.829206,881.487619,0.000000,0.000000,21.711225,2.882210,-17.903188,0.579209,0.579209,0.113582,-0.550196,-0.550196,-1.968774,0.299813,0.330437,110.979745,110.979745,452.347034,3,0.000000,true,
131.037500,2.625000,0.000000,293.535084,293.535084,293.535084,293.535084,880.605252,0.000000,0.000000,21.709338,2.862191,-17.934342,0.573765,0.573765,0.112469,-0.565106,-0.565106,-1.970862,0.298590,0.329362,113.859923,113.859923,452.977861,3,0.000000,true,
131.037500,2.600000,0.000000,293.263002,293.263002,293.263002,293.263002,879.789007,0.000000,0.000000,21.707608,2.842260,-17.965419,0.568312,0.568312,0.111377,-0.580185,-0.580185,-1.972963,0.297366,0.328289,116.773815,116.773815,453.622442,3,0.000000,true,
131.037500,2.575000,0.000000,293.012368,293.012368,293.012368,293.012368,879.037104,0.000000,0.000000,21.706031,2.822408,-17.996429,0.562848,0.562848,0.110303,-0.595410,-0.595410,-1.975077,0.296139,0.327215,119.717018,119.717018,454.280568,3,0.000000,true,
131.037500,2.550000,0.000000,292.782489,292.782489,292.782489,292.782489,878.347467,0.000000,0.000000,21.704598,2.802624,-18.027378,0.557376,0.557376,0.109248,-0.610758,-0.610758,-1.977203,0.294909,0.326142,122.685198,122.685198,454.951973,3,0.000000,true,
131.037500,2.525000,0.000000,292.572589,292.572589,292.572589,292.572589,877.717766,0.000000,0.000000,21.703302,2.782899,-18.058275,0.551895,0.551895,0.108209,-0.626208,-0.626208,-1.979342,0.293676,0.325068,125.674141,125.674141,455.636347,3,0.000000,true,
131.037500,2.500000,0.000000,292.381822,292.381822,292.381822,292.381822,877.145466,0.000000,0.000000,21.702136,2.763222,-18.089129,0.546407,0.546407,0.107187,-0.641737,-0.641737,-1.981493,0.292439,0.323993,128.679792,128.679792,456.333342,3,0.000000,true,
131.037500,2.475000,0.000000,292.209288,292.209288,292.209288,292.209288,876.627865,0.000000,0.000000,21.701092,2.743581,-18.119946,0.540911,0.540911,0.106179,-0.657327,-0.657327,-1.983657,0.291197,0.322916,131.698294,131.698294,457.042578,3,0.000000,true,
131.037500,2.450000,0.000000,292.054045,292.054045,292.054045,292.054045,876.162135,0.000000,0.000000,21.700162,2.723966,-18.150737,0.535408,0.535408,0.105184,-0.672957,-0.672957,-1.985832,0.289949,0.321837,134.726008,134.726008,457.763652,3,0.000000,true,
131.037500,2.425000,0.000000,291.915121,291.915121,291.915121,291.915121,875.745363,0.000000,0.000000,21.699338,2.704367,-18.181509,0.529899,0.529899,0.104203,-0.688609,-0.688609,-1.988020,0.288696,0.320754,137.759540,137.759540,458.496143,3,0.000000,true,
131.037500,2.400000,0.000000,291.791528,291.791528,291.791528,291.791528,875.374585,0.000000,0.000000,21.698613,2.684771,-18.212270,0.524384,0.524384,0.103233,-0.704269,-0.704269,-1.990219,0.287435,0.319667,140.795745,140.795745,459.239618,3,0.000000,true,
131.037500,2.375000,0.000000,291.682271,291.682271,291.682271,291.682271,875.046812,0.000000,0.000000,21.697978,2.665170,-18.243028,0.518864,0.518864,0.102273,-0.719920,-0.719920,-1.992429,0.286167,0.318576,143.831736,143.831736,459.993641,3,0.000000,true,
131.037500,2.350000,0.000000,291.586354,291.586354,291.586354,291.586354,874.759063,0.000000,0.000000,21.697427,2.645551,-18.273790,0.513339,0.513339,0.101323,-0.735549,-0.735549,-1.994650,0.284890,0.317479,146.864879,146.864879,460.757772,3,0.000000,true,
131.037500,2.325000,0.000000,291.502794,291.502794,291.502794,291.502794,874.508382,0.000000,0.000000,21.696952,2.625907,-18.304565,0.507810,0.507810,0.100381,-0.751143,-0.751143,-1.996882,0.283605,0.316376,149.892794,149.892794,461.531576,3,0.000000,true,
131.037500,2.300000,0.000000,291.430620,291.430620,291.430620,291.430620,874.291861,0.000000,0.000000,21.696546,2.606226,-18.335360,0.502277,0.502277,0.099447,-0.766692,-0.766692,-1.999124,0.282310,0.315267,152.913342,152.913342,462.314625,3,0.000000,true,
131.037500,2.275000,0.000000,291.368883,291.368883,291.368883,291.368883,874.106649,0.000000,0.000000,21.696202,2.586499,-18.366180,0.496740,0.496740,0.098519,-0.782185,-0.782185,-2.001375,0.281004,0.314150,155.924617,155.924617,463.106500,3,0.000000,true,
131.037500,2.250000,0.000000,291.316656,291.316656,291.316656,291.316656,873.949968,0.000000,0.000000,21.695915,2.566719,-18.397033,0.491201,0.491201,0.097598,-0.797613,-0.797613,-2.003636,0.279688,0.313025,158.924929,158.924929,463.906793,3,0.000000,true,
131.037500,2.225000,0.000000,291.273040,291.273040,291.273040,291.273040,873.819119,0.000000,0.000000,21.695677,2.546875,-18.427925,0.485659,0.485659,0.096681,-0.812969,-0.812969,-2.005907,0.278359,0.311892,161.912794,161.912794,464.715110,2,0.000000,true,
131.037500,2.200000,0.000000,291.237162,291.237162,291.237162,291.237162,873.711486,0.000000,0.000000,21.695484,2.526961,-18.458861,0.480116,0.480116,0.095769,-0.828247,-0.828247,-2.008186,0.277019,0.310749,164.886918,164.886918,465.531072,2,0.000000,true,
131.037500,2.175000,0.000000,291.208181,291.208181,291.208181,291.208181,873.624543,0.000000,0.000000,21.695330,2.506967,-18.489848,0.474570,0.474570,0.094860,-0.843440,-0.843440,-2.010473,0.275665,0.309597,167.846179,167.846179,466.354314,2,0.000000,true,
131.037500,2.150000,0.000000,291.185283,291.185283,291.185283,291.185283,873.555850,0.000000,0.000000,21.695209,2.486888,-18.520890,0.469023,0.469023,0.093954,-0.858544,-0.858544,-2.012769,0.274298,0.308434,170.789619,170.789619,467.184488,2,0.000000,true,
131.037500,2.125000,0.000000,291.167687,291.167687,291.167687,291.167687,873.503061,0.000000,0.000000,21.695118,2.466716,-18.551993,0.463475,0.463475,0.093051,-0.873554,-0.873554,-2.015072,0.272917,0.307260,173.716421,173.716421,468.021263,2,0.000000,true,
131.037500,2.100000,0.000000,291.154637,291.154637,291.154637,291.154637,873.463912,0.000000,0.000000,21.695051,2.446444,-18.583161,0.457926,0.457926,0.092149,-0.888466,-0.888466,-2.017383,0.271520,0.306074,176.625904,176.625904,468.864323,2,0.000000,true,
131.037500,2.075000,0.000000,291.145409,291.145409,291.145409,291.145409,873.436228,0.000000,0.000000,21.695004,2.426066,-18.614399,0.452376,0.452376,0.091248,-0.903279,-0.903279,-2.019701,0.270109,0.304876,179.517501,179.517501,469.713368,2,0.000000,true,
131.037500,2.050000,0.000000,291.139305,291.139305,291.139305,291.139305,873.417914,0.000000,0.000000,21.694973,2.405577,-18.645711,0.446826,0.446826,0.090348,-0.917989,-0.917989,-2.022026,0.268682,0.303666,182.390755,182.390755,470.568114,2,0.000000,true,
131.037500,2.025000,0.000000,291.135651,291.135651,291.135651,291.135651,873.406953,0.000000,0.000000,21.694955,2.384970,-18.677100,0.441276,0.441276,0.089447,-0.932596,-0.932596,-2.024358,0.267238,0.302443,185.245303,185.245303,471.428291,2,0.000000,true,
131.037500,2.000000,0.000000,291.133800,291.133800,291.133800,291.133800,873.401401,0.000000,0.000000,21.694946,2.364240,-18.708570,0.435727,0.435727,0.088547,-0.947096,-0.947096,-2.026696,0.265777,0.301206,188.080866,188.080866,472.293646,2,0.000000,true,
131.037500,1.975000,0.000000,291.133128,291.133128,291.133128,291.133128,873.399385,0.000000,0.000000,21.694943,2.343383,-18.740125,0.430177,0.430177,0.087645,-0.961490,-0.961490,-2.029040,0.264299,0.299954,190.897241,190.897241,473.163939,2,0.000000,true,
131.037500,1.950000,0.000000,291.133031,291.133031,291.133031,291.133031,873.399094,0.000000,0.000000,21.694942,2.322394,-18.771768,0.424629,0.424629,0.086742,-0.975777,-0.975777,-2.031391,0.262802,0.298688,193.694293,193.694293,474.038942,2,0.000000,true,
131.037500,1.925000,0.000000,291.132926,291.132926,291.132926,291.132926,873.398777,0.000000,0.000000,21.694942,2.301268,-18.803502,0.419081,0.419081,0.085838,-0.989956,-0.989956,-2.033747,0.261287,0.297407,196.471942,196.471942,474.918443,2,0.000000,true,
131.037500,1.900000,0.000000,291.132246,291.132246,291.132246,291.132246,873.396737,0.000000,0.000000,21.694939,2.280000,-18.835329,0.413534,0.413534,0.084932,-1.004028,-1.004028,-2.036109,0.259753,0.296111,199.230161,199.230161,475.802241,2,0.000000,true,
131.037500,1.875000,0.000000,291.130442,291.130442,291.130442,291.130442,873.391326,0.000000,0.000000,21.694930,2.258588,-18.867253,0.407988,0.407988,0.084023,-1.017992,-1.017992,-2.038476,0.258199,0.294798,201.968970,201.968970,476.690144,2,0.000000,true,
131.037500,1.850000,0.000000,291.126980,291.126980,291.126980,291.126980,873.380939,0.000000,0.000000,21.694915,2.237027,-18.899275,0.402444,0.402444,0.083112,-1.031849,-1.031849,-2.040848,0.256626,0.293468,204.688426,204.688426,477.581976,2,0.000000,true,
131.037500,1.825000,0.000000,291.121337,291.121337,291.121337,291.121337,873.364012,0.000000,0.000000,21.694890,2.215313,-18.931398,0.396901,0.396901,0.082198,-1.045600,-1.045600,-2.043226,0.255031,0.292122,207.388621,207.388621,478.477567,2,0.000000,true,
131.037500,1.800000,0.000000,291.113005,291.113005,291.113005,291.113005,873.339014,0.000000,0.000000,21.694853,2.193443,-18.963625,0.391360,0.391360,0.081280,-1.059245,-1.059245,-2.045609,0.253415,0.290758,210.069675,210.069675,479.376758,2,0.000000,true,
131.037500,1.775000,0.000000,291.101480,291.101480,291.101480,291.101480,873.304441,0.000000,0.000000,21.694803,2.171414,-18.995957,0.385820,0.385820,0.080359,-1.072784,-1.072784,-2.047996,0.251778,0.289376,212.731734,212.731734,480.279402,2,0.000000,true,
131.037500,1.750000,0.000000,291.086272,291.086272,291.086272,291.086272,873.258817,0.000000,0.000000,21.694738,2.149222,-19.028396,0.380283,0.380283,0.079435,-1.086220,-1.086220,-2.050388,0.250119,0.287976,215.374968,215.374968,481.185357,2,0.000000,true,
131.037500,1.725000,0.000000,291.066894,291.066894,291.066894,291.066894,873.200683,0.000000,0.000000,21.694656,2.126866,-19.060943,0.374747,0.374747,0.078506,-1.099553,-1.099553,-2.052784,0.248437,0.286557,217.999563,217.999563,482.094491,2,0.000000,true,
131.037500,1.700000,0.000000,291.042865,291.042865,291.042865,291.042865,873.128595,0.000000,0.000000,21.694556,2.104341,-19.093601,0.369213,0.369213,0.077574,-1.112783,-1.112783,-2.055185,0.246732,0.285118,220.605720,220.605720,483.006678,2,0.000000,true,
131.037500,1.675000,0.000000,291.013707,291.013707,291.013707,291.013707,873.041120,0.000000,0.000000,21.694436,2.081645,-19.126371,0.363681,0.363681,0.076637,-1.125913,-1.125913,-2.057590,0.245003,0.283660,223.193655,223.193655,483.921802,2,0.000000,true,
131.037500,1.650000,0.000000,290.978943,290.978943,290.978943,290.978943,872.936829,0.000000,0.000000,21.694295,2.058775,-19.159254,0.358152,0.358152,0.075696,-1.138944,-1.138944,-2.060000,0.243250,0.282181,225.763593,225.763593,484.839753,2,0.000000,true,
131.037500,1.625000,0.000000,290.938099,290.938099,290.938099,290.938099,872.814296,0.000000,0.000000,21.694133,2.035730,-19.192251,0.352625,0.352625,0.074750,-1.151876,-1.151876,-2.062413,0.241472,0.280682,228.315770,228.315770,485.760424,2,0.000000,true,
131.037500,1.600000,0.000000,290.890696,290.890696,290.890696,290.890696,872.672087,0.000000,0.000000,21.693947,2.012507,-19.225364,0.347101,0.347101,0.073799,-1.164711,-1.164711,-2.064831,0.239669,0.279161,230.850426,230.850426,486.683718,2,0.000000,true,
131.037500,1.575000,0.000000,290.836255,290.836255,290.836255,290.836255,872.508764,0.000000,0.000000,21.693737,1.989103,-19.258594,0.341578,0.341578,0.072843,-1.177451,-1.177451,-2.067252,0.237840,0.277619,233.367809,233.367809,487.609543,2,0.000000,true,
131.037500,1.550000,0.000000,290.774291,290.774291,290.774291,290.774291,872.322872,0.000000,0.000000,21.693501,1.965516,-19.291942,0.336059,0.336059,0.071882,-1.190096,-1.190096,-2.069677,0.235985,0.276054,235.868171,235.868171,488.537810,2,0.000000,true,
131.037500,1.525000,0.000000,290.704313,290.704313,290.704313,290.704313,872.112939,0.000000,0.000000,21.693239,1.941744,-19.325409,0.330542,0.330542,0.070916,-1.202649,-1.202649,-2.072106,0.234103,0.274467,238.351764,238.351764,489.468436,2,0.000000,true,
131.037500,1.500000,0.000000,290.625823,290.625823,290.625823,290.625823,871.877469,0.000000,0.000000,21.692951,1.917786,-19.358995,0.325028,0.325028,0.069944,-1.215110,-1.215110,-2.074539,0.232194,0.272857,240.818846,240.818846,490.401345,2,0.000000,true,
131.037500,1.475000,0.000000,290.538312,290.538312,290.538312,290.538312,871.614937,0.000000,0.000000,21.692634,1.893638,-19.392702,0.319516,0.319516,0.068967,-1.227481,-1.227481,-2.076975,0.230256,0.271223,243.269675,243.269675,491.336461,2,0.000000,true,
131.037500,1.450000,0.000000,290.441262,290.441262,290.441262,290.441262,871.323785,0.000000,0.000000,21.692289,1.869300,-19.426529,0.314008,0.314008,0.067984,-1.239763,-1.239763,-2.079415,0.228291,0.269564,245.704506,245.704506,492.273715,2,0.000000,true,
131.037500,1.425000,0.000000,290.334138,290.334138,290.334138,290.334138,871.002414,0.000000,0.000000,21.691914,1.844769,-19.460478,0.308502,0.308502,0.066996,-1.251958,-1.251958,-2.081858,0.226296,0.267881,248.123598,248.123598,493.213041,2,0.000000,true,
131.037500,1.400000,0.000000,290.216394,290.216394,290.216394,290.216394,870.649181,0.000000,0.000000,21.691510,1.820044,-19.494550,0.302999,0.302999,0.066002,-1.264067,-1.264067,-2.084305,0.224271,0.266173,250.527207,250.527207,494.154377,2,0.000000,true,
131.037500,1.375000,0.000000,290.087463,290.087463,290.087463,290.087463,870.262389,0.000000,0.000000,21.691075,1.795123,-19.528744,0.297499,0.297499,0.065001,-1.276091,-1.276091,-2.086755,0.222216,0.264438,252.915587,252.915587,495.097664,2,0.000000,true,
131.037500,1.350000,0.000000,289.946761,289.946761,289.946761,289.946761,869.840284,0.000000,0.000000,21.690609,1.770004,-19.563061,0.292002,0.292002,0.063995,-1.288033,-1.288033,-2.089209,0.220130,0.262678,255.288991,255.288991,496.042846,2,0.000000,true,
131.037500,1.325000,0.000000,289.793682,289.793682,289.793682,289.793682,869.381045,0.000000,0.000000,21.690111,1.744686,-19.597502,0.286508,0.286508,0.062983,-1.299892,-1.299892,-2.091666,0.218012,0.260890,257.647671,257.647671,496.989871,2,0.000000,true,
131.037500,1.300000,0.000000,289.627594,289.627594,289.627594,289.627594,868.882781,0.000000,0.000000,21.689580,1.719167,-19.632067,0.281018,0.281018,0.061965,-1.311671,-1.311671,-2.094126,0.215863,0.259074,259.991873,259.991873,497.938688,2,0.000000,true,
131.037500,1.275000,0.000000,289.447839,289.447839,289.447839,289.447839,868.343516,0.000000,0.000000,21.689017,1.693445,-19.666755,0.275530,0.275530,0.060940,-1.323370,-1.323370,-2.096589,0.213680,0.257230,262.321843,262.321843,498.889249,3,0.000000,true,
131.037500,1.250000,0.000000,289.253729,289.253729,289.253729,289.253729,867.761187,0.000000,0.000000,21.688421,1.667519,-19.701568,0.270045,0.270045,0.059909,-1.334992,-1.334992,-2.099055,0.211464,0.255357,264.637824,264.637824,499.841510,3,0.000000,true,
131.037500,1.225000,0.000000,289.044543,289.044543,289.044543,289.044543,867.133630,0.000000,0.000000,21.687792,1.641387,-19.736505,0.264564,0.264564,0.058872,-1.346537,-1.346537,-2.101525,0.209213,0.253455,266.940054,266.940054,500.795429,3,0.000000,true,
131.037500,1.200000,0.000000,288.819524,288.819524,288.819524,288.819524,866.458571,0.000000,0.000000,21.687128,1.615048,-19.771567,0.259086,0.259086,0.057829,-1.358006,-1.358006,-2.103997,0.206927,0.251522,269.228768,269.228768,501.750964,3,0.000000,true,
131.037500,1.175000,0.000000,288.577872,288.577872,288.577872,288.577872,865.733616,0.000000,0.000000,21.686430,1.588500,-19.806753,0.253611,0.253611,0.056779,-1.369401,-1.369401,-2.106473,0.204605,0.249557,271.504200,271.504200,502.708079,3,0.000000,true,
131.037500,1.150000,0.000000,288.318745,288.318745,288.318745,288.318745,864.956235,0.000000,0.000000,21.685698,1.561743,-19.842063,0.248139,0.248139,0.055722,-1.380724,-1.380724,-2.108952,0.202247,0.247561,273.766578,273.766578,503.666735,3,0.000000,true,
131.037500,1.125000,0.000000,288.041252,288.041252,288.041252,288.041252,864.123755,0.000000,0.000000,21.684930,1.534773,-19.877498,0.242670,0.242670,0.054659,-1.391975,-1.391975,-2.111433,0.199852,0.245532,276.016127,276.016127,504.626899,3,0.000000,true,
131.037500,1.100000,0.000000,287.744445,287.744445,287.744445,287.744445,863.233336,0.000000,0.000000,21.684127,1.507590,-19.913057,0.237205,0.237205,0.053590,-1.403155,-1.403155,-2.113918,0.197418,0.243470,278.253068,278.253068,505.588538,3,0.000000,true,
131.037500,1.075000,0.000000,287.427321,287.427321,287.427321,287.427321,862.281962,0.000000,0.000000,21.683288,1.480193,-19.948739,0.231743,0.231743,0.052514,-1.414265,-1.414265,-2.116405,0.194945,0.241373,280.477618,280.477618,506.551620,3,0.000000,true,
131.037500,1.050000,0.000000,287.088806,287.088806,287.088806,287.088806,861.266418,0.000000,0.000000,21.682413,1.452579,-19.984546,0.226284,0.226284,0.051431,-1.425308,-1.425308,-2.118896,0.192431,0.239240,282.689993,282.689993,507.516116,3,0.000000,true,
131.037500,1.025000,0.000000,286.727757,286.727757,286.727757,286.727757,860.183270,0.000000,0.000000,21.681502,1.424748,-20.020475,0.220829,0.220829,0.050342,-1.436284,-1.436284,-2.121389,0.189877,0.237071,284.890403,284.890403,508.481999,3,0.000000,true,
131.037500,1.000000,0.000000,286.342948,286.342948,286.342948,286.342948,859.028844,0.000000,0.000000,21.680554,1.396697,-20.056528,0.215377,0.215377,0.049246,-1.447193,-1.447193,-2.123885,0.187281,0.234865,287.079053,287.079053,509.449240,3,0.000000,true,
131.037500,0.975000,0.000000,285.933065,285.933065,285.933065,285.933065,857.799196,0.000000,0.000000,21.679570,1.368425,-20.092703,0.209928,0.209928,0.048143,-1.458037,-1.458037,-2.126384,0.184642,0.232620,289.256148,289.256148,510.417815,3,0.000000,true,
131.037500,0.950000,0.000000,285.496696,285.496696,285.496696,285.496696,856.490087,0.000000,0.000000,21.678548,1.339930,-20.129001,0.204483,0.204483,0.047034,-1.468818,-1.468818,-2.128885,0.181959,0.230335,291.421886,291.421886,511.387700,3,0.000000,true,
131.037500,0.925000,0.000000,285.032315,285.032315,285.032315,285.032315,855.096944,0.000000,0.000000,21.677490,1.311211,-20.165420,0.199041,0.199041,0.045918,-1.479536,-1.479536,-2.131390,0.179231,0.228009,293.576464,293.576464,512.358871,3,0.000000,true,
131.037500,0.900000,0.000000,284.538277,284.538277,284.538277,284.538277,853.614830,0.000000,0.000000,21.676393,1.282266,-20.201960,0.193602,0.193602,0.044795,-1.490192,-1.490192,-2.133897,0.176456,0.225641,295.720074,295.720074,513.331306,3,0.000000,true,
131.037500,0.875000,0.000000,284.012798,284.012798,284.012798,284.012798,852.038393,0.000000,0.000000,21.675259,1.253093,-20.238620,0.188167,0.188167,0.043666,-1.500787,-1.500787,-2.136407,0.173634,0.223229,297.852905,297.852905,514.304985,3,0.000000,true,
131.037500,0.850000,0.000000,283.453941,283.453941,283.453941,283.453941,850.361823,0.000000,0.000000,21.674087,1.223690,-20.275401,0.182735,0.182735,0.042530,-1.511323,-1.511323,-2.138919,0.170763,0.220771,299.975142,299.975142,515.279888,3,0.000000,true,
131.037500,0.825000,0.000000,282.859597,282.859597,282.859597,282.859597,848.578791,0.000000,0.000000,21.672876,1.194054,-20.312300,0.177307,0.177307,0.041387,-1.521800,-1.521800,-2.141435,0.167841,0.218267,302.086968,302.086968,516.255996,3,0.000000,true,
131.037500,0.800000,0.000000,282.227462,282.227462,282.227462,282.227462,846.682387,0.000000,0.000000,21.671627,1.164184,-20.349318,0.171882,0.171882,0.040237,-1.532219,-1.532219,-2.143952,0.164868,0.215714,304.188561,304.188561,517.233290,3,0.000000,true,
131.037500,0.775000,0.000000,281.555015,281.555015,281.555015,281.555015,844.665044,0.000000,0.000000,21.670339,1.134078,-20.386454,0.166460,0.166460,0.039080,-1.542581,-1.542581,-2.146473,0.161841,0.213110,306.280097,306.280097,518.211754,3,0.000000,true,
131.037500,0.750000,0.000000,280.839483,280.839483,280.839483,280.839483,842.518448,0.000000,0.000000,21.669012,1.103732,-20.423706,0.161041,0.161041,0.037917,-1.552887,-1.552887,-2.148996,0.158759,0.210453,308.361748,308.361748,519.191370,3,0.000000,true,
131.037500,0.725000,0.000000,280.077813,280.077813,280.077813,280.077813,840.233440,0.000000,0.000000,21.667646,1.073144,-20.461074,0.155626,0.155626,0.036747,-1.563138,-1.563138,-2.151521,0.155621,0.207741,310.433683,310.433683,520.172125,3,0.000000,true,
131.037500,0.700000,0.000000,279.266630,279.266630,279.266630,279.266630,837.799891,0.000000,0.000000,21.666240,1.042311,-20.498557,0.150215,0.150215,0.035571,-1.573334,-1.573334,-2.154050,0.152424,0.204972,312.496068,312.496068,521.154002,3,0.000000,true,
131.037500,0.675000,0.000000,278.402188,278.402188,278.402188,278.402188,835.206565,0.000000,0.000000,21.664795,1.011231,-20.536153,0.144806,0.144806,0.034387,-1.583478,-1.583478,-2.156580,0.149166,0.202142,314.549067,314.549067,522.136988,3,0.000000,true,
131.037500,0.650000,0.000000,277.480314,277.480314,277.480314,277.480314,832.440942,0.000000,0.000000,21.663309,0.979898,-20.573863,0.139401,0.139401,0.033197,-1.593568,-1.593568,-2.159113,0.145846,0.199248,316.592840,316.592840,523.121068,3,0.000000,true,
131.037500,0.625000,0.000000,276.496342,276.496342,276.496342,276.496342,829.489027,0.000000,0.000000,21.661784,0.948310,-20.611684,0.134000,0.134000,0.032001,-1.603608,-1.603608,-2.161649,0.142460,0.196289,318.627544,318.627544,524.106231,3,0.000000,true,
131.037500,0.600000,0.000000,275.445032,275.445032,275.445032,275.445032,826.335096,0.000000,0.000000,21.660218,0.916463,-20.649615,0.128601,0.128601,0.030797,-1.613596,-1.613596,-2.164187,0.139006,0.193258,320.653334,320.653334,525.092463,3,0.000000,true,
131.037500,0.575000,0.000000,274.320470,274.320470,274.320470,274.320470,822.961409,0.000000,0.000000,21.658611,0.884351,-20.687656,0.123206,0.123206,0.029587,-1.623535,-1.623535,-2.166727,0.135481,0.190153,322.670360,322.670360,526.079754,3,0.000000,true,
131.037500,0.550000,0.000000,273.115948,273.115948,273.115948,273.115948,819.347845,0.000000,0.000000,21.656963,0.851970,-20.725806,0.117815,0.117815,0.028371,-1.633424,-1.633424,-2.169270,0.131883,0.186969,324.678773,324.678773,527.068091,3,0.000000,true,
131.037500,0.525000,0.000000,271.823820,271.823820,271.823820,271.823820,815.471459,0.000000,0.000000,21.655274,0.819313,-20.764062,0.112426,0.112426,0.027148,-1.643265,-1.643265,-2.171815,0.128207,0.183701,326.678718,326.678718,528.057464,3,0.000000,true,
131.037500,0.500000,0.000000,270.435311,270.435311,270.435311,270.435311,811.305932,0.000000,0.000000,21.653544,0.786375,-20.802423,0.107041,0.107041,0.025918,-1.653058,-1.653058,-2.174362,0.124451,0.180342,328.670339,328.670339,529.047863,3,0.000000,true,
131.037500,0.475000,0.000000,268.940291,268.940291,268.940291,268.940291,806.820873,0.000000,0.000000,21.651772,0.753148,-20.840889,0.101659,0.101659,0.024682,-1.662804,-1.662804,-2.176912,0.120609,0.176886,330.653777,330.653777,530.039278,3,0.000000,true,
131.037500,0.450000,0.000000,267.326979,267.326979,267.326979,267.326979,801.980938,0.000000,0.000000,21.649957,0.719624,-20.879458,0.096281,0.096281,0.023439,-1.672504,-1.672504,-2.179464,0.116678,0.173325,332.629171,332.629171,531.031700,3,0.000000,true,
131.037500,0.425000,0.000000,265.581565,265.581565,265.581565,265.581565,796.744696,0.000000,0.000000,21.648100,0.685793,-20.918128,0.090905,0.090905,0.022190,-1.682159,-1.682159,-2.182018,0.112652,0.169651,334.596657,334.596657,532.025120,3,0.000000,true,
131.037500,0.400000,0.000000,263.687717,263.687717,263.687717,263.687717,791.063151,0.000000,0.000000,21.646201,0.651646,-20.956898,0.085533,0.085533,0.020934,-1.691769,-1.691769,-2.184575,0.108524,0.165852,336.556369,336.556369,533.019530,3,0.000000,true,
131.037500,0.375000,0.000000,261.625929,261.625929,261.625929,261.625929,784.877786,0.000000,0.000000,21.644258,0.617169,-20.995766,0.080164,0.080164,0.019672,-1.701335,-1.701335,-2.187133,0.104289,0.161917,338.508438,338.508438,534.014920,3,0.000000,true,
131.037500,0.350000,0.000000,259.372643,259.372643,259.372643,259.372643,778.117930,0.000000,0.000000,21.642273,0.582350,-21.034731,0.074798,0.074798,0.018403,-1.710857,-1.710857,-2.189694,0.099938,0.157830,340.452993,340.452993,535.011284,3,0.000000,true,
131.037500,0.325000,0.000000,256.899049,256.899049,256.899049,256.899049,770.697148,0.000000,0.000000,21.640243,0.547170,-21.073792,0.069436,0.069436,0.017129,-1.720337,-1.720337,-2.192257,0.095462,0.153574,342.390160,342.390160,536.008613,3,0.000000,true,
131.037500,0.300000,0.000000,254.169397,254.169397,254.169397,254.169397,762.508190,0.000000,0.000000,21.638169,0.511612,-21.112946,0.064076,0.064076,0.015848,-1.729775,-1.729775,-2.194822,0.090851,0.149129,344.320065,344.320065,537.006901,3,0.000000,true,
131.037500,0.275000,0.000000,251.138574,251.138574,251.138574,251.138574,753.415723,0.000000,0.000000,21.636051,0.475652,-21.152192,0.058720,0.058720,0.014560,-1.739172,-1.739172,-2.197389,0.086091,0.144467,346.242828,346.242828,538.006140,3,0.000000,true,
131.037500,0.250000,0.000000,247.748536,247.748536,247.748536,247.748536,743.245608,0.000000,0.000000,21.633889,0.439262,-21.191528,0.053367,0.053367,0.013267,-1.748528,-1.748528,-2.199958,0.081168,0.139555,348.158569,348.158569,539.006324,3,0.000000,true,
131.037500,0.225000,0.000000,243.922830,243.922830,243.922830,243.922830,731.768490,0.000000,0.000000,21.631681,0.402409,-21.230953,0.048017,0.048017,0.011967,-1.757843,-1.757843,-2.202529,0.076063,0.134350,350.067406,350.067406,540.007445,3,0.000000,true,
131.037500,0.200000,0.000000,239.557900,239.557900,239.557900,239.557900,718.673699,0.000000,0.000000,21.629428,0.365051,-21.270465,0.042669,0.042669,0.010661,-1.767120,-1.767120,-2.205102,0.070752,0.128798,351.969451,351.969451,541.009496,3,0.000000,true,
131.037500,0.175000,0.000000,234.508541,234.508541,234.508541,234.508541,703.525624,0.000000,0.000000,21.627129,0.327136,-21.310062,0.037325,0.037325,0.009349,-1.776357,-1.776357,-2.207676,0.065205,0.122821,353.864816,353.864816,542.012471,3,0.000000,true,
131.037500,0.150000,0.000000,228.562081,228.562081,228.562081,228.562081,685.686242,0.000000,0.000000,21.624783,0.288594,-21.349742,0.031984,0.031984,0.008031,-1.785557,-1.785557,-2.210253,0.059383,0.116313,355.753607,355.753607,543.016359,3,0.000000,true,
131.037500,0.125000,0.000000,221.388796,221.388796,221.388796,221.388796,664.166387,0.000000,0.000000,21.622392,0.249332,-21.389503,0.026646,0.026646,0.006707,-1.794718,-1.794718,-2.212832,0.053232,0.109115,357.635924,357.635924,544.021151,3,0.000000,true,
131.037500,0.100000,0.000000,212.436335,212.436335,212.436335,212.436335,637.309004,0.000000,0.000000,21.619953,0.209218,-21.429343,0.021311,0.021311,0.005378,-1.803842,-1.803842,-2.215412,0.046676,0.100977,359.511852,359.511852,545.026830,3,0.000000,true,
131.037500,0.075000,0.000000,200.669388,200.669388,200.669388,200.669388,602.008165,0.000000,0.000000,21.617466,0.168052,-21.469259,0.015979,0.015979,0.004042,-1.812930,-1.812930,-2.217994,0.039598,0.091458,361.381448,361.381448,546.033362,4,0.000000,true,
131.037500,0.050000,0.000000,183.764630,183.764630,183.764630,183.764630,551.293889,0.000000,0.000000,21.614933,0.125494,-21.509246,0.010650,0.010650,0.002700,-1.821980,-1.821980,-2.220577,0.031812,0.079660,363.244663,363.244663,547.040661,4,0.000000,true,
131.037500,0.025000,0.000000,154.319755,154.319755,154.319755,154.319755,462.959265,0.000000,0.000000,21.612352,0.080837,-21.549286,0.005323,0.005323,0.001353,-1.830990,-1.830990,-2.223161,0.023007,0.063096,365.100842,365.100842,548.048308,4,0.000000,true,
131.037500,0.000000,0.000000,0.000000,0.000000,0.000000,0.000000,0.000000,0.000000,0.000000,21.609868,0.034149,-21.587191,0.000000,0.000000,0.000000,-1.839472,-1.839472,-2.225604,0.020808,0.020808,366.849522,366.849522,549.001372,7,0.000000,true,
131.031250,4.000000,0.000000,329.225025,329.225025,329.225025,329.225025,987.675075,0.000000,0.000000,22.002934,4.087377,-16.085414,0.856984,0.856984,0.206033,-0.153509,-0.153509,-1.856691,0.363045,0.388120,34.612931,34.612931,429.782395,4,0.000000,true,
131.031250,3.975000,0.000000,328.494167,328.494167,328.494167,328.494167,985.482500,0.000000,0.000000,21.995845,4.064295,-16.120741,0.852079,0.852079,0.203842,-0.156052,-0.156052,-1.859013,0.361991,0.387144,35.101904,35.101904,430.157969,3,0.000000,true,
131.031250,3.950000,0.000000,327.761142,327.761142,327.761142,327.761142,983.283425,0.000000,0.000000,21.988779,4.041205,-16.156028,0.847166,0.847166,0.201667,-0.158672,-0.158672,-1.861322,0.360931,0.386163,35.605596,35.605596,430.532036,3,0.000000,true,
131.031250,3.925000,0.000000,327.026021,327.026021,327.026021,327.026021,981.078063,0.000000,0.000000,21.981738,4.018107,-16.191275,0.842246,0.842246,0.199508,-0.161372,-0.161372,-1.863616,0.359865,0.385177,36.124641,36.124641,430.904656,3,0.000000,true,
131.031250,3.900000,0.000000,326.288882,326.288882,326.288882,326.288882,978.866647,0.000000,0.000000,21.974723,3.995003,-16.226482,0.837317,0.837317,0.197365,-0.164155,-0.164155,-1.865897,0.358794,0.384186,36.659707,36.659707,431.275891,3,0.000000,true,
131.031250,3.875000,0.000000,325.549811,325.549811,325.549811,325.549811,976.649433,0.000000,0.000000,21.967734,3.971894,-16.261647,0.832381,0.832381,0.195238,-0.167025,-0.167025,-1.868164,0.357718,0.383189,37.211498,37.211498,431.645810,3,0.000000,true,
131.031250,3.850000,0.000000,324.808901,324.808901,324.808901,324.808901,974.426702,0.000000,0.000000,21.960773,3.948780,-16.296771,0.827437,0.827437,0.193126,-0.169986,-0.169986,-1.870417,0.356636,0.382188,37.780756,37.780756,432.014484,3,0.000000,true,
131.031250,3.825000,0.000000,324.066254,324.066254,324.066254,324.066254,972.198761,0.000000,0.000000,21.953840,3.925662,-16.331851,0.822485,0.822485,0.191030,-0.173042,-0.173042,-1.872657,0.355548,0.381182,38.368263,38.368263,432.381991,3,0.000000,true,
131.031250,3.800000,0.000000,323.321982,323.321982,323.321982,323.321982,969.965945,0.000000,0.000000,21.946938,3.902542,-16.366888,0.817525,0.817525,0.188950,-0.176198,-0.176198,-1.874883,0.354455,0.380171,38.974844,38.974844,432.748411,3,0.000000,true,
131.031250,3.775000,0.000000,322.576207,322.576207,322.576207,322.576207,967.728621,0.000000,0.000000,21.940067,3.879421,-16.401881,0.812557,0.812557,0.186886,-0.179457,-0.179457,-1.877097,0.353356,0.379156,39.601367,39.601367,433.113833,3,0.000000,true,
131.031250,3.750000,0.000000,321.829064,321.829064,321.829064,321.829064,965.487191,0.000000,0.000000,21.933229,3.856300,-16.436828,0.807581,0.807581,0.184838,-0.182825,-0.182825,-1.879297,0.352252,0.378135,40.248747,40.248747,433.478351,3,0.000000,true,
131.031250,3.725000,0.000000,321.080698,321.080698,321.080698,321.080698,963.242093,0.000000,0.000000,21.926425,3.833180,-16.471729,0.802597,0.802597,0.182806,-0.186306,-0.186306,-1.881484,0.351142,0.377109,40.917952,40.917952,433.842064,3,0.000000,true,
131.031250,3.700000,0.000000,320.331269,320.331269,320.331269,320.331269,960.993806,0.000000,0.000000,21.919657,3.810063,-16.506583,0.797605,0.797605,0.180790,-0.189907,-0.189907,-1.883659,0.350026,0.376079,41.609997,41.609997,434.205081,3,0.000000,true,
131.031250,3.675000,0.000000,319.580951,319.580951,319.580951,319.580951,958.742852,0.000000,0.000000,21.912927,3.786950,-16.541388,0.792605,0.792605,0.178790,-0.193631,-0.193631,-1.885821,0.348905,0.375044,42.325955,42.325955,434.567517,3,0.000000,true,
131.031250,3.650000,0.000000,318.829934,318.829934,318.829934,318.829934,956.489803,0.000000,0.000000,21.906236,3.763843,-16.576144,0.787597,0.787597,0.176806,-0.197486,-0.197486,-1.887971,0.347779,0.374004,43.066955,43.066955,434.929495,3,0.000000,true,
131.031250,3.625000,0.000000,318.078427,318.078427,318.078427,318.078427,954.235281,0.000000,0.000000,21.899587,3.740743,-16.610848,0.782580,0.782580,0.174839,-0.201478,-0.201478,-1.890108,0.346647,0.372959,43.834186,43.834186,435.291150,3,0.000000,true,
131.031250,3.600000,0.000000,317.326655,317.326655,317.326655,317.326655,951.979964,0.000000,0.000000,21.892980,3.717654,-16.645501,0.777556,0.777556,0.172889,-0.205613,-0.205613,-1.892234,0.345510,0.371910,44.628900,44.628900,435.652624,3,0.000000,true,
131.031250,3.575000,0.000000,316.574864,316.574864,316.574864,316.574864,949.724591,0.000000,0.000000,21.886420,3.694575,-16.680100,0.772523,0.772523,0.170955,-0.209897,-0.209897,-1.894348,0.344367,0.370856,45.452413,45.452413,436.014072,3,0.000000,true,
131.031250,3.550000,0.000000,315.823323,315.823323,315.823323,315.823323,947.469969,0.000000,0.000000,21.879907,3.671511,-16.714645,0.767481,0.767481,0.169037,-0.214339,-0.214339,-1.896451,0.343219,0.369797,46.306107,46.306107,436.375660,3,0.000000,true,
131.031250,3.525000,0.000000,315.072325,315.072325,315.072325,315.072325,945.216975,0.000000,0.000000,21.873445,3.648462,-16.749133,0.762431,0.762431,0.167137,-0.218945,-0.218945,-1.898543,0.342066,0.368735,47.191435,47.191435,436.737566,3,0.000000,true,
131.031250,3.500000,0.000000,314.322188,314.322188,314.322188,314.322188,942.966563,0.000000,0.000000,21.867035,3.625433,-16.783563,0.757373,0.757373,0.165254,-0.223723,-0.223723,-1.900623,0.340908,0.367667,48.109917,48.109917,437.099983,3,0.000000,true,
131.031250,3.475000,0.000000,313.573257,313.573257,313.573257,313.573257,940.719771,0.000000,0.000000,21.860682,3.602424,-16.817934,0.752306,0.752306,0.163388,-0.228682,-0.228682,-1.902693,0.339745,0.366596,49.063148,49.063148,437.463119,3,0.000000,true,
131.031250,3.450000,0.000000,312.825908,312.825908,312.825908,312.825908,938.477725,0.000000,0.000000,21.854387,3.579439,-16.852243,0.747230,0.747230,0.161540,-0.233831,-0.233831,-1.904753,0.338577,0.365521,50.052793,50.052793,437.827197,3,0.000000,true,
131.031250,3.425000,0.000000,312.080550,312.080550,312.080550,312.080550,936.241650,0.000000,0.000000,21.848155,3.556482,-16.886488,0.742145,0.742145,0.159709,-0.239178,-0.239178,-1.906803,0.337404,0.364441,51.080588,51.080588,438.192457,3,0.000000,true,
131.031250,3.400000,0.000000,311.337624,311.337624,311.337624,311.337624,934.012871,0.000000,0.000000,21.841988,3.533555,-16.920668,0.737052,0.737052,0.157896,-0.244732,-0.244732,-1.908844,0.336226,0.363358,52.148342,52.148342,438.559160,3,0.000000,true,
131.031250,3.375000,0.000000,310.597608,310.597608,310.597608,310.597608,931.792823,0.000000,0.000000,21.835890,3.510662,-16.954781,0.731949,0.731949,0.156102,-0.250504,-0.250504,-1.910875,0.335043,0.362272,53.257929,53.257929,438.927583,3,0.000000,true,
131.031250,3.350000,0.000000,309.861019,309.861019,309.861019,309.861019,929.583057,0.000000,0.000000,21.829865,3.487806,-16.988824,0.726837,0.726837,0.154326,-0.256504,-0.256504,-1.912897,0.333857,0.361182,54.411290,54.411290,439.298027,3,0.000000,true,
131.031250,3.325000,0.000000,309.128416,309.128416,309.128416,309.128416,927.385247,0.000000,0.000000,21.823918,3.464992,-17.022794,0.721715,0.721715,0.152569,-0.262741,-0.262741,-1.914912,0.332666,0.360088,55.610422,55.610422,439.670814,3,0.000000,true,
131.031250,3.300000,0.000000,308.400398,308.400398,308.400398,308.400398,925.201195,0.000000,0.000000,21.818051,3.442224,-17.056690,0.716584,0.716584,0.150832,-0.269227,-0.269227,-1.916918,0.331471,0.358992,56.857376,56.857376,440.046290,3,0.000000,true,
131.031250,3.275000,0.000000,307.677612,307.677612,307.677612,307.677612,923.032837,0.000000,0.000000,21.812271,3.419505,-17.090508,0.711443,0.711443,0.149113,-0.275973,-0.275973,-1.918918,0.330272,0.357893,58.154242,58.154242,440.424823,3,0.000000,true,
131.031250,3.250000,0.000000,306.960748,306.960748,306.960748,306.960748,920.882244,0.000000,0.000000,21.806582,3.396842,-17.124247,0.706293,0.706293,0.147415,-0.282988,-0.282988,-1.920910,0.329069,0.356791,59.503144,59.503144,440.806809,3,0.000000,true,
131.031250,3.225000,0.000000,306.250544,306.250544,306.250544,306.250544,918.751631,0.000000,0.000000,21.800989,3.374237,-17.157902,0.701132,0.701132,0.145737,-0.290285,-0.290285,-1.922897,0.327863,0.355687,60.906215,60.906215,441.192669,3,0.000000,true,
131.031250,3.200000,0.000000,305.547784,305.547784,305.547784,305.547784,916.643352,0.000000,0.000000,21.795497,3.351698,-17.191471,0.695960,0.695960,0.144079,-0.297874,-0.297874,-1.924878,0.326654,0.354581,62.365589,62.365589,441.582850,3,0.000000,true,
131.031250,3.175000,0.000000,304.853301,304.853301,304.853301,304.853301,914.559903,0.000000,0.000000,21.790113,3.329228,-17.224952,0.690778,0.690778,0.142443,-0.305766,-0.305766,-1.926854,0.325442,0.353474,63.883370,63.883370,441.977827,3,0.000000,true,
131.031250,3.150000,0.000000,304.167972,304.167972,304.167972,304.167972,912.503915,0.000000,0.000000,21.784840,3.306834,-17.258341,0.685586,0.685586,0.140829,-0.313972,-0.313972,-1.928827,0.324228,0.352365,65.461615,65.461615,442.378097,3,0.000000,true,
131.031250,3.125000,0.000000,303.492716,303.492716,303.492716,303.492716,910.478149,0.000000,0.000000,21.779687,3.284521,-17.291634,0.680382,0.680382,0.139236,-0.322502,-0.322502,-1.930796,0.323011,0.351255,67.102298,67.102298,442.784187,3,0.000000,true,
131.031250,3.100000,0.000000,302.828495,302.828495,302.828495,302.828495,908.485484,0.000000,0.000000,21.774658,3.262294,-17.324829,0.675167,0.675167,0.137666,-0.331365,-0.331365,-1.932763,0.321792,0.350145,68.807281,68.807281,443.196643,3,0.000000,true,
131.031250,3.075000,0.000000,302.176300,302.176300,302.176300,302.176300,906.528900,0.000000,0.000000,21.769760,3.240159,-17.357923,0.669941,0.669941,0.136118,-0.340570,-0.340570,-1.934728,0.320571,0.349034,70.578278,70.578278,443.616033,3,0.000000,true,
131.031250,3.050000,0.000000,301.537153,301.537153,301.537153,301.537153,904.611460,0.000000,0.000000,21.764998,3.218122,-17.390913,0.664703,0.664703,0.134594,-0.350125,-0.350125,-1.936692,0.319349,0.347924,72.416814,72.416814,444.042945,3,0.000000,true,
131.031250,3.025000,0.000000,300.912094,300.912094,300.912094,300.912094,902.736283,0.000000,0.000000,21.760380,3.196189,-17.423796,0.659453,0.659453,0.133094,-0.360037,-0.360037,-1.938657,0.318126,0.346814,74.324182,74.324182,444.477975,3,0.000000,true,
131.031250,3.000000,0.000000,300.302172,300.302172,300.302172,300.302172,900.906516,0.000000,0.000000,21.755910,3.174364,-17.456569,0.654191,0.654191,0.131618,-0.370310,-0.370310,-1.940623,0.316902,0.345705,76.301406,76.301406,444.921734,3,0.000000,true,
131.031250,2.975000,0.000000,299.708431,299.708431,299.708431,299.708431,899.125292,0.000000,0.000000,21.751595,3.152653,-17.489229,0.648917,0.648917,0.130166,-0.380948,-0.380948,-1.942591,0.315678,0.344597,78.349195,78.349195,445.374828,3,0.000000,true,
131.031250,2.950000,0.000000,299.131898,299.131898,299.131898,299.131898,897.395695,0.000000,0.000000,21.747440,3.131061,-17.521776,0.643630,0.643630,0.128739,-0.391953,-0.391953,-1.944562,0.314453,0.343491,80.467901,80.467901,445.837864,3,0.000000,true,
131.031250,2.925000,0.000000,298.573572,298.573572,298.573572,298.573572,895.720715,0.000000,0.000000,21.743451,3.109590,-17.554207,0.638331,0.638331,0.127338,-0.403324,-0.403324,-1.946537,0.313228,0.342387,82.657486,82.657486,446.311434,3,0.000000,true,
131.031250,2.900000,0.000000,298.034398,298.034398,298.034398,298.034398,894.103194,0.000000,0.000000,21.739631,3.088245,-17.586521,0.633019,0.633019,0.125961,-0.415059,-0.415059,-1.948517,0.312004,0.341284,84.917487,84.917487,446.796109,3,0.000000,true,
131.031250,2.875000,0.000000,297.515261,297.515261,297.515261,297.515261,892.545783,0.000000,0.000000,21.735984,3.067029,-17.618718,0.627695,0.627695,0.124610,-0.427152,-0.427152,-1.950503,0.310780,0.340185,87.246994,87.246994,447.292431,3,0.000000,true,
131.031250,2.850000,0.000000,297.016964,297.016964,297.016964,297.016964,891.050891,0.000000,0.000000,21.732515,3.045942,-17.650798,0.622358,0.622358,0.123285,-0.439596,-0.439596,-1.952497,0.309556,0.339088,89.644633,89.644633,447.800904,3,0.000000,true,
131.031250,2.825000,0.000000,296.540212,296.540212,296.540212,296.540212,889.620635,0.000000,0.000000,21.729224,3.024986,-17.682761,0.617008,0.617008,0.121985,-0.452381,-0.452381,-1.954498,0.308333,0.337993,92.108566,92.108566,448.321984,3,0.000000,true,
131.031250,2.800000,0.000000,296.085600,296.085600,296.085600,296.085600,888.256799,0.000000,0.000000,21.726114,3.004161,-17.714609,0.611645,0.611645,0.120710,-0.465495,-0.465495,-1.956508,0.307111,0.336902,94.636497,94.636497,448.856074,3,0.000000,true,
131.031250,2.775000,0.000000,295.653599,295.653599,295.653599,295.653599,886.960797,0.000000,0.000000,21.723184,2.983464,-17.746345,0.606270,0.606270,0.119459,-0.478924,-0.478924,-1.958527,0.305890,0.335813,97.225689,97.225689,449.403516,3,0.000000,true,
131.031250,2.750000,0.000000,295.244548,295.244548,295.244548,295.244548,885.733643,0.000000,0.000000,21.720435,2.962894,-17.777971,0.600883,0.600883,0.118234,-0.492650,-0.492650,-1.960557,0.304668,0.334728,99.873004,99.873004,449.964582,3,0.000000,true,
131.031250,2.725000,0.000000,294.858644,294.858644,294.858644,294.858644,884.575932,0.000000,0.000000,21.717865,2.942446,-17.809492,0.595484,0.595484,0.117032,-0.506656,-0.506656,-1.962597,0.303447,0.333645,102.574939,102.574939,450.539475,3,0.000000,true,
131.031250,2.700000,0.000000,294.495943,294.495943,294.495943,294.495943,883.487828,0.000000,0.000000,21.715472,2.922116,-17.840912,0.590073,0.590073,0.115854,-0.520920,-0.520920,-1.964649,0.302227,0.332564,105.327684,105.327684,451.128325,3,0.000000,true,
131.031250,2.675000,0.000000,294.156356,294.156356,294.156356,294.156356,882.469068,0.000000,0.000000,21.713252,2.901898,-17.872236,0.584651,0.584651,0.114698,-0.535422,-0.535422,-1.966712,0.301005,0.331486,108.127179,108.127179,451.731188,3,0.000000,true,
131.031250,2.650000,0.000000,293.839657,293.839657,293.839657,293.839657,881.518971,0.000000,0.000000,21.711201,2.881784,-17.903471,0.579218,0.579218,0.113565,-0.550140,-0.550140,-1.968788,0.299784,0.330410,110.969181,110.969181,452.348045,3,0.000000,true,
131.031250,2.625000,0.000000,293.545486,293.545486,293.545486,293.545486,880.636458,0.000000,0.000000,21.709313,2.861768,-17.934623,0.573774,0.573774,0.112452,-0.565050,-0.565050,-1.970876,0.298561,0.329335,113.849329,113.849329,452.978812,3,0.000000,true,
131.031250,2.600000,0.000000,293.273361,293.273361,293.273361,293.273361,879.820084,0.000000,0.000000,21.707584,2.841839,-17.965699,0.568320,0.568320,0.111360,-0.580129,-0.580129,-1.972977,0.297336,0.328262,116.763209,116.763209,453.623335,3,0.000000,true,
131.031250,2.575000,0.000000,293.022688,293.022688,293.022688,293.022688,879.068065,0.000000,0.000000,21.706006,2.821989,-17.996707,0.562857,0.562857,0.110286,-0.595354,-0.595354,-1.975090,0.296109,0.327189,119.706419,119.706419,454.281404,3,0.000000,true,
131.031250,2.550000,0.000000,292.792776,292.792776,292.792776,292.792776,878.378328,0.000000,0.000000,21.704573,2.802208,-18.027654,0.557385,0.557385,0.109231,-0.610702,-0.610702,-1.977216,0.294879,0.326115,122.674624,122.674624,454.952754,3,0.000000,true,
131.031250,2.525000,0.000000,292.582848,292.582848,292.582848,292.582848,877.748544,0.000000,0.000000,21.703277,2.782486,-18.058550,0.551904,0.551904,0.108192,-0.626152,-0.626152,-1.979355,0.293646,0.325042,125.663608,125.663608,455.637077,3,0.000000,true,
131.031250,2.500000,0.000000,292.392059,292.392059,292.392059,292.392059,877.176178,0.000000,0.000000,21.702111,2.762811,-18.089402,0.546415,0.546415,0.107170,-0.641682,-0.641682,-1.981506,0.292409,0.323967,128.669316,128.669316,456.334022,3,0.000000,true,
131.031250,2.475000,0.000000,292.219509,292.219509,292.219509,292.219509,876.658528,0.000000,0.000000,21.701067,2.743173,-18.120218,0.540919,0.540919,0.106162,-0.657272,-0.657272,-1.983669,0.291167,0.322890,131.687888,131.687888,457.043211,3,0.000000,true,
131.031250,2.450000,0.000000,292.064255,292.064255,292.064255,292.064255,876.192766,0.000000,0.000000,21.700137,2.723560,-18.151007,0.535416,0.535416,0.105168,-0.672902,-0.672902,-1.985845,0.289920,0.321810,134.715687,134.715687,457.764239,3,0.000000,true,
131.031250,2.425000,0.000000,291.925327,291.925327,291.925327,291.925327,875.775980,0.000000,0.000000,21.699313,2.703964,-18.181777,0.529907,0.529907,0.104186,-0.688555,-0.688555,-1.988032,0.288666,0.320728,137.749316,137.749316,458.496687,3,0.000000,true,
131.031250,2.400000,0.000000,291.801734,291.801734,291.801734,291.801734,875.405202,0.000000,0.000000,21.698587,2.684371,-18.212536,0.524392,0.524392,0.103216,-0.704216,-0.704216,-1.990231,0.287406,0.319641,140.785628,140.785628,459.240122,3,0.000000,true,
131.031250,2.375000,0.000000,291.692482,291.692482,291.692482,291.692482,875.077447,0.000000,0.000000,21.697953,2.664772,-18.243292,0.518872,0.518872,0.102257,-0.719867,-0.719867,-1.992441,0.286138,0.318550,143.821735,143.821735,459.994107,3,0.000000,true,
131.031250,2.350000,0.000000,291.596577,291.596577,291.596577,291.596577,874.789732,0.000000,0.000000,21.697402,2.645157,-18.274052,0.513347,0.513347,0.101307,-0.735497,-0.735497,-1.994662,0.284861,0.317453,146.855003,146.855003,460.758202,3,0.000000,true,
131.031250,2.325000,0.000000,291.513033,291.513033,291.513033,291.513033,874.539100,0.000000,0.000000,21.696927,2.625515,-18.304825,0.507818,0.507818,0.100365,-0.751092,-0.751092,-1.996894,0.283576,0.316350,149.883050,149.883050,461.531973,3,0.000000,true,
131.031250,2.300000,0.000000,291.440881,291.440881,291.440881,291.440881,874.322643,0.000000,0.000000,21.696521,2.605837,-18.335618,0.502285,0.502285,0.099431,-0.766641,-0.766641,-1.999135,0.282281,0.315241,152.903737,152.903737,462.314991,3,0.000000,true,
131.031250,2.275000,0.000000,291.379170,291.379170,291.379170,291.379170,874.137509,0.000000,0.000000,21.696177,2.586114,-18.366436,0.496748,0.496748,0.098504,-0.782134,-0.782134,-2.001387,0.280975,0.314124,155.915155,155.915155,463.106836,3,0.000000,true,
131.031250,2.250000,0.000000,291.326973,291.326973,291.326973,291.326973,873.980920,0.000000,0.000000,21.695890,2.566337,-18.397287,0.491209,0.491209,0.097582,-0.797564,-0.797564,-2.003648,0.279659,0.312999,158.915616,158.915616,463.907102,3,0.000000,true,
131.031250,2.225000,0.000000,291.283392,291.283392,291.283392,291.283392,873.850175,0.000000,0.000000,21.695653,2.546496,-18.428176,0.485667,0.485667,0.096666,-0.812921,-0.812921,-2.005918,0.278331,0.311866,161.903632,161.903632,464.715393,2,0.000000,true,
131.031250,2.200000,0.000000,291.247553,291.247553,291.247553,291.247553,873.742660,0.000000,0.000000,21.695460,2.526585,-18.459111,0.480123,0.480123,0.095754,-0.828199,-0.828199,-2.008197,0.276990,0.310723,164.877911,164.877911,465.531331,2,0.000000,true,
131.031250,2.175000,0.000000,291.218615,291.218615,291.218615,291.218615,873.655845,0.000000,0.000000,21.695306,2.506595,-18.490095,0.474578,0.474578,0.094845,-0.843393,-0.843393,-2.010484,0.275637,0.309571,167.837329,167.837329,466.354551,2,0.000000,true,
131.031250,2.150000,0.000000,291.195764,291.195764,291.195764,291.195764,873.587293,0.000000,0.000000,21.695185,2.486519,-18.521135,0.469030,0.469030,0.093939,-0.858498,-0.858498,-2.012779,0.274269,0.308408,170.780928,170.780928,467.184705,2,0.000000,true,
131.031250,2.125000,0.000000,291.178218,291.178218,291.178218,291.178218,873.534654,0.000000,0.000000,21.695094,2.466350,-18.552236,0.463482,0.463482,0.093036,-0.873508,-0.873508,-2.015083,0.272888,0.307234,173.707890,173.707890,468.021461,2,0.000000,true,
131.031250,2.100000,0.000000,291.165222,291.165222,291.165222,291.165222,873.495665,0.000000,0.000000,21.695027,2.446081,-18.583402,0.457933,0.457933,0.092134,-0.888422,-0.888422,-2.017393,0.271492,0.306049,176.617532,176.617532,468.864503,2,0.000000,true,
131.031250,2.075000,0.000000,291.156050,291.156050,291.156050,291.156050,873.468151,0.000000,0.000000,21.694981,2.425707,-18.614637,0.452383,0.452383,0.091233,-0.903236,-0.903236,-2.019711,0.270081,0.304851,179.509290,179.509290,469.713532,2,0.000000,true,
131.031250,2.050000,0.000000,291.150005,291.150005,291.150005,291.150005,873.450016,0.000000,0.000000,21.694950,2.405221,-18.645946,0.446833,0.446833,0.090333,-0.917947,-0.917947,-2.022036,0.268654,0.303641,182.382705,182.382705,470.568262,2,0.000000,true,
131.031250,2.025000,0.000000,291.146414,291.146414,291.146414,291.146414,873.439242,0.000000,0.000000,21.694933,2.384618,-18.677333,0.441284,0.441284,0.089433,-0.932554,-0.932554,-2.024368,0.267210,0.302418,185.237413,185.237413,471.428425,2,0.000000,true,
131.031250,2.000000,0.000000,291.144629,291.144629,291.144629,291.144629,873.433886,0.000000,0.000000,21.694924,2.363892,-18.708801,0.435734,0.435734,0.088532,-0.947055,-0.947055,-2.026706,0.265749,0.301181,188.073135,188.073135,472.293768,2,0.000000,true,
131.031250,1.975000,0.000000,291.144024,291.144024,291.144024,291.144024,873.432073,0.000000,0.000000,21.694921,2.343039,-18.740354,0.430184,0.430184,0.087631,-0.961450,-0.961450,-2.029050,0.264271,0.299930,190.889669,190.889669,473.164048,2,0.000000,true,
131.031250,1.950000,0.000000,291.143998,291.143998,291.143998,291.143998,873.431993,0.000000,0.000000,21.694921,2.322053,-18.771994,0.424636,0.424636,0.086729,-0.975738,-0.975738,-2.031400,0.262775,0.298664,193.686878,193.686878,474.039041,2,0.000000,true,
131.031250,1.925000,0.000000,291.143964,291.143964,291.143964,291.143964,873.431893,0.000000,0.000000,21.694921,2.300930,-18.803725,0.419088,0.419088,0.085824,-0.989918,-0.989918,-2.033756,0.261260,0.297383,196.464683,196.464683,474.918532,2,0.000000,true,
131.031250,1.900000,0.000000,291.143359,291.143359,291.143359,291.143359,873.430076,0.000000,0.000000,21.694918,2.279667,-18.835550,0.413541,0.413541,0.084918,-1.003990,-1.003990,-2.036118,0.259726,0.296087,199.223058,199.223058,475.802321,2,0.000000,true,
131.031250,1.875000,0.000000,291.141632,291.141632,291.141632,291.141632,873.424895,0.000000,0.000000,21.694910,2.258258,-18.867472,0.407995,0.407995,0.084010,-1.017955,-1.017955,-2.038485,0.258172,0.294774,201.962020,201.962020,476.690216,2,0.000000,true,
131.031250,1.850000,0.000000,291.138248,291.138248,291.138248,291.138248,873.414744,0.000000,0.000000,21.694895,2.236701,-18.899492,0.402451,0.402451,0.083099,-1.031813,-1.031813,-2.040858,0.256599,0.293445,204.681628,204.681628,477.582040,2,0.000000,true,
131.031250,1.825000,0.000000,291.132686,291.132686,291.132686,291.132686,873.398058,0.000000,0.000000,21.694870,2.214991,-18.931613,0.396908,0.396908,0.082185,-1.045565,-1.045565,-2.043235,0.255004,0.292098,207.381972,207.381972,478.477624,2,0.000000,true,
131.031250,1.800000,0.000000,291.124435,291.124435,291.124435,291.124435,873.373306,0.000000,0.000000,21.694833,2.193124,-18.963837,0.391366,0.391366,0.081267,-1.059210,-1.059210,-2.045618,0.253389,0.290735,210.063175,210.063175,479.376810,2,0.000000,true,
131.031250,1.775000,0.000000,291.112995,291.112995,291.112995,291.112995,873.338985,0.000000,0.000000,21.694784,2.171099,-18.996166,0.385827,0.385827,0.080347,-1.072751,-1.072751,-2.048005,0.251752,0.289353,212.725381,212.725381,480.279448,2,0.000000,true,
131.031250,1.750000,0.000000,291.097872,291.097872,291.097872,291.097872,873.293617,0.000000,0.000000,21.694719,2.148912,-19.028602,0.380289,0.380289,0.079422,-1.086187,-1.086187,-2.050397,0.250092,0.287953,215.368760,215.368760,481.185398,2,0.000000,true,
131.031250,1.725000,0.000000,291.078581,291.078581,291.078581,291.078581,873.235743,0.000000,0.000000,21.694637,2.126559,-19.061147,0.374753,0.374753,0.078494,-1.099520,-1.099520,-2.052793,0.248411,0.286534,217.993497,217.993497,482.094527,2,0.000000,true,
131.031250,1.700000,0.000000,291.054640,291.054640,291.054640,291.054640,873.163920,0.000000,0.000000,21.694538,2.104038,-19.093802,0.369219,0.369219,0.077562,-1.112752,-1.112752,-2.055194,0.246706,0.285095,220.599795,220.599795,483.006711,2,0.000000,true,
131.031250,1.675000,0.000000,291.025571,291.025571,291.025571,291.025571,873.076714,0.000000,0.000000,21.694418,2.081346,-19.126569,0.363687,0.363687,0.076625,-1.125883,-1.125883,-2.057599,0.244977,0.283637,223.187869,223.187869,483.921832,2,0.000000,true,
131.031250,1.650000,0.000000,290.990899,290.990899,290.990899,290.990899,872.972696,0.000000,0.000000,21.694278,2.058480,-19.159450,0.358158,0.358158,0.075684,-1.138914,-1.138914,-2.060008,0.243224,0.282159,225.757945,225.757945,484.839779,2,0.000000,true,
131.031250,1.625000,0.000000,290.950146,290.950146,290.950146,290.950146,872.850439,0.000000,0.000000,21.694116,2.035439,-19.192445,0.352631,0.352631,0.074738,-1.151847,-1.151847,-2.062421,0.241446,0.280659,228.310256,228.310256,485.760448,2,0.000000,true,
131.031250,1.600000,0.000000,290.902837,290.902837,290.902837,290.902837,872.708512,0.000000,0.000000,21.693930,2.012219,-19.225555,0.347106,0.347106,0.073787,-1.164683,-1.164683,-2.064839,0.239644,0.279139,230.845046,230.845046,486.683740,2,0.000000,true,
131.031250,1.575000,0.000000,290.848491,290.848491,290.848491,290.848491,872.545472,0.000000,0.000000,21.693721,1.988819,-19.258783,0.341584,0.341584,0.072832,-1.177423,-1.177423,-2.067260,0.237815,0.277597,233.362561,233.362561,487.609563,2,0.000000,true,
131.031250,1.550000,0.000000,290.786622,290.786622,290.786622,290.786622,872.359867,0.000000,0.000000,21.693485,1.965237,-19.292128,0.336065,0.336065,0.071871,-1.190069,-1.190069,-2.069685,0.235960,0.276033,235.863052,235.863052,488.537828,2,0.000000,true,
131.031250,1.525000,0.000000,290.716742,290.716742,290.716742,290.716742,872.150225,0.000000,0.000000,21.693224,1.941469,-19.325592,0.330548,0.330548,0.070905,-1.202622,-1.202622,-2.072114,0.234078,0.274446,238.346773,238.346773,489.468454,2,0.000000,true,
131.031250,1.500000,0.000000,290.638349,290.638349,290.638349,290.638349,871.915048,0.000000,0.000000,21.692936,1.917514,-19.359175,0.325033,0.325033,0.069933,-1.215084,-1.215084,-2.074547,0.232169,0.272835,240.813982,240.813982,490.401361,2,0.000000,true,
131.031250,1.475000,0.000000,290.550938,290.550938,290.550938,290.550938,871.652813,0.000000,0.000000,21.692619,1.893371,-19.392879,0.319522,0.319522,0.068957,-1.227455,-1.227455,-2.076983,0.230232,0.271201,243.264934,243.264934,491.336477,2,0.000000,true,
131.031250,1.450000,0.000000,290.453987,290.453987,290.453987,290.453987,871.361960,0.000000,0.000000,21.692275,1.869037,-19.426704,0.314013,0.314013,0.067974,-1.239738,-1.239738,-2.079422,0.228266,0.269543,245.699888,245.699888,492.273731,2,0.000000,true,
131.031250,1.425000,0.000000,290.346964,290.346964,290.346964,290.346964,871.040892,0.000000,0.000000,21.691900,1.844510,-19.460650,0.308507,0.308507,0.066986,-1.251934,-1.251934,-2.081866,0.226272,0.267860,248.119101,248.119101,493.213057,2,0.000000,true,
131.031250,1.400000,0.000000,290.229321,290.229321,290.229321,290.229321,870.687963,0.000000,0.000000,21.691496,1.819789,-19.494719,0.303004,0.303004,0.065992,-1.264044,-1.264044,-2.084312,0.224247,0.266152,250.522829,250.522829,494.154394,2,0.000000,true,
131.031250,1.375000,0.000000,290.100493,290.100493,290.100493,290.100493,870.301479,0.000000,0.000000,21.691062,1.794872,-19.528911,0.297504,0.297504,0.064992,-1.276069,-1.276069,-2.086762,0.222192,0.264418,252.911326,252.911326,495.097682,2,0.000000,true,
131.031250,1.350000,0.000000,289.959895,289.959895,289.959895,289.959895,869.879684,0.000000,0.000000,21.690596,1.769758,-19.563225,0.292007,0.292007,0.063986,-1.288010,-1.288010,-2.089216,0.220107,0.262657,255.284847,255.284847,496.042865,2,0.000000,true,
131.031250,1.325000,0.000000,289.806920,289.806920,289.806920,289.806920,869.420759,0.000000,0.000000,21.690098,1.744444,-19.597663,0.286513,0.286513,0.062974,-1.299870,-1.299870,-2.091672,0.217989,0.260870,257.643640,257.643640,496.989890,2,0.000000,true,
131.031250,1.300000,0.000000,289.640937,289.640937,289.640937,289.640937,868.922810,0.000000,0.000000,21.689568,1.718929,-19.632225,0.281022,0.281022,0.061955,-1.311650,-1.311650,-2.094132,0.215840,0.259054,259.987955,259.987955,497.938708,2,0.000000,true,
131.031250,1.275000,0.000000,289.461287,289.461287,289.461287,289.461287,868.383862,0.000000,0.000000,21.689006,1.693211,-19.666911,0.275535,0.275535,0.060931,-1.323350,-1.323350,-2.096595,0.213657,0.257211,262.318037,262.318037,498.889271,3,0.000000,true,
131.031250,1.250000,0.000000,289.267285,289.267285,289.267285,289.267285,867.801854,0.000000,0.000000,21.688410,1.667289,-19.701721,0.270050,0.270050,0.059900,-1.334972,-1.334972,-2.099062,0.211441,0.255338,264.634127,264.634127,499.841534,3,0.000000,true,
131.031250,1.225000,0.000000,289.058206,289.058206,289.058206,289.058206,867.174619,0.000000,0.000000,21.687781,1.641161,-19.736655,0.264568,0.264568,0.058863,-1.346517,-1.346517,-2.101531,0.209191,0.253435,266.936465,266.936465,500.795454,3,0.000000,true,
131.031250,1.200000,0.000000,288.833295,288.833295,288.833295,288.833295,866.499885,0.000000,0.000000,21.687117,1.614827,-19.771714,0.259090,0.259090,0.057820,-1.357987,-1.357987,-2.104003,0.206905,0.251503,269.225287,269.225287,501.750992,3,0.000000,true,
131.031250,1.175000,0.000000,288.591752,288.591752,288.591752,288.591752,865.775257,0.000000,0.000000,21.686420,1.588283,-19.806897,0.253615,0.253615,0.056770,-1.369383,-1.369383,-2.106479,0.204584,0.249539,271.500824,271.500824,502.708108,3,0.000000,true,
131.031250,1.150000,0.000000,288.332735,288.332735,288.332735,288.332735,864.998206,0.000000,0.000000,21.685687,1.561530,-19.842205,0.248143,0.248143,0.055714,-1.380706,-1.380706,-2.108957,0.202226,0.247543,273.763305,273.763305,503.666766,3,0.000000,true,
131.031250,1.125000,0.000000,288.055353,288.055353,288.055353,288.055353,864.166058,0.000000,0.000000,21.684920,1.534565,-19.877636,0.242674,0.242674,0.054651,-1.391957,-1.391957,-2.111439,0.199830,0.245514,276.012957,276.012957,504.626933,3,0.000000,true,
131.031250,1.100000,0.000000,287.758658,287.758658,287.758658,287.758658,863.275973,0.000000,0.000000,21.684117,1.507386,-19.913192,0.237209,0.237209,0.053582,-1.403138,-1.403138,-2.113923,0.197397,0.243452,278.249999,278.249999,505.588574,3,0.000000,true,
131.031250,1.075000,0.000000,287.441645,287.441645,287.441645,287.441645,862.324936,0.000000,0.000000,21.683279,1.479993,-19.948872,0.231747,0.231747,0.052506,-1.414249,-1.414249,-2.116411,0.194924,0.241355,280.474649,280.474649,506.551659,3,0.000000,true,
131.031250,1.050000,0.000000,287.103244,287.103244,287.103244,287.103244,861.309731,0.000000,0.000000,21.682404,1.452384,-19.984675,0.226288,0.226288,0.051424,-1.425293,-1.425293,-2.118901,0.192411,0.239223,282.687123,282.687123,507.516158,3,0.000000,true,
131.031250,1.025000,0.000000,286.742308,286.742308,286.742308,286.742308,860.226925,0.000000,0.000000,21.681493,1.424556,-20.020602,0.220833,0.220833,0.050335,-1.436269,-1.436269,-2.121394,0.189857,0.237054,284.887629,284.887629,508.482043,3,0.000000,true,
131.031250,1.000000,0.000000,286.357614,286.357614,286.357614,286.357614,859.072842,0.000000,0.000000,21.680546,1.396510,-20.056652,0.215381,0.215381,0.049239,-1.447178,-1.447178,-2.123890,0.187261,0.234848,287.076376,287.076376,509.449288,3,0.000000,true,
131.031250,0.975000,0.000000,285.947847,285.947847,285.947847,285.947847,857.843541,0.000000,0.000000,21.679562,1.368242,-20.092824,0.209932,0.209932,0.048136,-1.458024,-1.458024,-2.126389,0.184623,0.232603,289.253565,289.253565,510.417866,3,0.000000,true,
131.031250,0.950000,0.000000,285.511594,285.511594,285.511594,285.511594,856.534781,0.000000,0.000000,21.678540,1.339752,-20.129119,0.204486,0.204486,0.047027,-1.468805,-1.468805,-2.128890,0.181940,0.230318,291.419397,291.419397,511.387754,3,0.000000,true,
131.031250,0.925000,0.000000,285.047330,285.047330,285.047330,285.047330,855.141990,0.000000,0.000000,21.677482,1.311037,-20.165535,0.199044,0.199044,0.045911,-1.479523,-1.479523,-2.131395,0.179212,0.227993,293.574067,293.574067,512.358928,3,0.000000,true,
131.031250,0.900000,0.000000,284.553410,284.553410,284.553410,284.553410,853.660231,0.000000,0.000000,21.676386,1.282097,-20.202072,0.193606,0.193606,0.044789,-1.490180,-1.490180,-2.133902,0.176437,0.225625,295.717769,295.717769,513.331367,3,0.000000,true,
131.031250,0.875000,0.000000,284.028051,284.028051,284.028051,284.028051,852.084152,0.000000,0.000000,21.675252,1.252928,-20.238730,0.188170,0.188170,0.043659,-1.500775,-1.500775,-2.136412,0.173615,0.223213,297.850690,297.850690,514.305049,3,0.000000,true,
131.031250,0.850000,0.000000,283.469314,283.469314,283.469314,283.469314,850.407943,0.000000,0.000000,21.674080,1.223529,-20.275508,0.182738,0.182738,0.042523,-1.511311,-1.511311,-2.138924,0.170744,0.220756,299.973016,299.973016,515.279955,3,0.000000,true,
131.031250,0.825000,0.000000,282.875092,282.875092,282.875092,282.875092,848.625275,0.000000,0.000000,21.672869,1.193898,-20.312404,0.177310,0.177310,0.041381,-1.521789,-1.521789,-2.141439,0.167823,0.218252,302.084930,302.084930,516.256066,3,0.000000,true,
131.031250,0.800000,0.000000,282.243080,282.243080,282.243080,282.243080,846.729240,0.000000,0.000000,21.671620,1.164032,-20.349419,0.171884,0.171884,0.040231,-1.532208,-1.532208,-2.143957,0.164850,0.215699,304.186610,304.186610,517.233364,3,0.000000,true,
131.031250,0.775000,0.000000,281.570756,281.570756,281.570756,281.570756,844.712268,0.000000,0.000000,21.670333,1.133930,-20.386552,0.166463,0.166463,0.039075,-1.542570,-1.542570,-2.146477,0.161824,0.213095,306.278231,306.278231,518.211832,3,0.000000,true,
131.031250,0.750000,0.000000,280.855349,280.855349,280.855349,280.855349,842.566048,0.000000,0.000000,21.669006,1.103589,-20.423801,0.161044,0.161044,0.037912,-1.552877,-1.552877,-2.149000,0.158743,0.210439,308.359967,308.359967,519.191453,3,0.000000,true,
131.031250,0.725000,0.000000,280.093807,280.093807,280.093807,280.093807,840.281420,0.000000,0.000000,21.667640,1.073005,-20.461166,0.155629,0.155629,0.036742,-1.563128,-1.563128,-2.151525,0.155605,0.207727,310.431986,310.431986,520.172211,3,0.000000,true,
131.031250,0.700000,0.000000,279.282752,279.282752,279.282752,279.282752,837.848257,0.000000,0.000000,21.666235,1.042177,-20.498646,0.150217,0.150217,0.035566,-1.573325,-1.573325,-2.154053,0.152408,0.204958,312.494454,312.494454,521.154092,3,0.000000,true,
131.031250,0.675000,0.000000,278.418440,278.418440,278.418440,278.418440,835.255321,0.000000,0.000000,21.664789,1.011101,-20.536239,0.144809,0.144809,0.034383,-1.583469,-1.583469,-2.156584,0.149150,0.202128,314.547535,314.547535,522.137082,3,0.000000,true,
131.031250,0.650000,0.000000,277.496698,277.496698,277.496698,277.496698,832.490094,0.000000,0.000000,21.663304,0.979773,-20.573946,0.139404,0.139404,0.033193,-1.593560,-1.593560,-2.159117,0.145830,0.199235,316.591389,316.591389,523.121166,3,0.000000,true,
131.031250,0.625000,0.000000,276.512860,276.512860,276.512860,276.512860,829.538581,0.000000,0.000000,21.661779,0.948189,-20.611764,0.134002,0.134002,0.031996,-1.603600,-1.603600,-2.161652,0.142444,0.196276,318.626173,318.626173,524.106333,3,0.000000,true,
131.031250,0.600000,0.000000,275.461687,275.461687,275.461687,275.461687,826.385060,0.000000,0.000000,21.660213,0.916346,-20.649693,0.128603,0.128603,0.030793,-1.613589,-1.613589,-2.164190,0.138991,0.193246,320.652041,320.652041,525.092570,3,0.000000,true,
131.031250,0.575000,0.000000,274.337263,274.337263,274.337263,274.337263,823.011789,0.000000,0.000000,21.658607,0.884239,-20.687731,0.123208,0.123208,0.029583,-1.623528,-1.623528,-2.166730,0.135467,0.190141,322.669146,322.669146,526.079864,3,0.000000,true,
131.031250,0.550000,0.000000,273.132884,273.132884,273.132884,273.132884,819.398651,0.000000,0.000000,21.656959,0.851862,-20.725877,0.117816,0.117816,0.028367,-1.633418,-1.633418,-2.169273,0.131869,0.186958,324.677635,324.677635,527.068206,3,0.000000,true,
131.031250,0.525000,0.000000,271.840900,271.840900,271.840900,271.840900,815.522700,0.000000,0.000000,21.655270,0.819209,-20.764130,0.112428,0.112428,0.027144,-1.643259,-1.643259,-2.171818,0.128194,0.183690,326.677656,326.677656,528.057583,3,0.000000,true,
131.031250,0.500000,0.000000,270.452540,270.452540,270.452540,270.452540,811.357619,0.000000,0.000000,21.653540,0.786276,-20.802489,0.107043,0.107043,0.025914,-1.653052,-1.653052,-2.174365,0.124438,0.180331,328.669353,328.669353,529.047987,3,0.000000,true,
131.031250,0.475000,0.000000,268.957672,268.957672,268.957672,268.957672,806.873017,0.000000,0.000000,21.651768,0.753053,-20.840952,0.101661,0.101661,0.024678,-1.662799,-1.662799,-2.176915,0.120597,0.176875,330.652865,330.652865,530.039406,3,0.000000,true,
131.031250,0.450000,0.000000,267.344517,267.344517,267.344517,267.344517,802.033552,0.000000,0.000000,21.649954,0.719533,-20.879518,0.096282,0.096282,0.023436,-1.672499,-1.672499,-2.179467,0.116666,0.173315,332.628333,332.628333,531.031833,3,0.000000,true,
131.031250,0.425000,0.000000,265.599266,265.599266,265.599266,265.599266,796.797797,0.000000,0.000000,21.648097,0.685707,-20.918185,0.090907,0.090907,0.022187,-1.682154,-1.682154,-2.182021,0.112640,0.169641,334.595892,334.595892,532.025257,3,0.000000,true,
131.031250,0.400000,0.000000,263.705586,263.705586,263.705586,263.705586,791.116757,0.000000,0.000000,21.646198,0.651564,-20.956952,0.085534,0.085534,0.020931,-1.691765,-1.691765,-2.184577,0.108512,0.165842,336.555676,336.555676,533.019671,3,0.000000,true,
131.031250,0.375000,0.000000,261.643972,261.643972,261.643972,261.643972,784.931917,0.000000,0.000000,21.644255,0.617092,-20.995818,0.080165,0.080165,0.019669,-1.701331,-1.701331,-2.187136,0.104278,0.161907,338.507816,338.507816,534.015066,3,0.000000,true,
131.031250,0.350000,0.000000,259.390870,259.390870,259.390870,259.390870,778.172609,0.000000,0.000000,21.642270,0.582276,-21.034780,0.074800,0.074800,0.018401,-1.710854,-1.710854,-2.189696,0.099927,0.157821,340.452441,340.452441,535.011434,3,0.000000,true,
131.031250,0.325000,0.000000,256.917468,256.917468,256.917468,256.917468,770.752403,0.000000,0.000000,21.640240,0.547101,-21.073838,0.069437,0.069437,0.017126,-1.720334,-1.720334,-2.192259,0.095452,0.153566,342.389678,342.389678,536.008768,3,0.000000,true,
131.031250,0.300000,0.000000,254.188018,254.188018,254.188018,254.188018,762.564054,0.000000,0.000000,21.638167,0.511547,-21.112989,0.064077,0.064077,0.015845,-1.729773,-1.729773,-2.194824,0.090841,0.149120,344.319651,344.319651,537.007061,3,0.000000,true,
131.031250,0.275000,0.000000,251.157412,251.157412,251.157412,251.157412,753.472236,0.000000,0.000000,21.636049,0.475591,-21.152232,0.058721,0.058721,0.014558,-1.739170,-1.739170,-2.197391,0.086082,0.144459,346.242482,346.242482,538.006304,3,0.000000,true,
131.031250,0.250000,0.000000,247.767605,247.767605,247.767605,247.767605,743.302816,0.000000,0.000000,21.633887,0.439206,-21.191566,0.053368,0.053368,0.013265,-1.748526,-1.748526,-2.199960,0.081159,0.139547,348.158290,348.158290,539.006493,3,0.000000,true,
131.031250,0.225000,0.000000,243.942151,243.942151,243.942151,243.942151,731.826452,0.000000,0.000000,21.631679,0.402357,-21.230988,0.048017,0.048017,0.011965,-1.757842,-1.757842,-2.202530,0.076054,0.134343,350.067193,350.067193,540.007619,3,0.000000,true,
131.031250,0.200000,0.000000,239.577496,239.577496,239.577496,239.577496,718.732487,0.000000,0.000000,21.629426,0.365004,-21.270497,0.042670,0.042670,0.010660,-1.767119,-1.767119,-2.205103,0.070744,0.128791,351.969304,351.969304,541.009675,3,0.000000,true,
131.031250,0.175000,0.000000,234.528444,234.528444,234.528444,234.528444,703.585332,0.000000,0.000000,21.627127,0.327092,-21.310091,0.037326,0.037326,0.009348,-1.776357,-1.776357,-2.207678,0.065197,0.122815,353.864734,353.864734,542.012654,3,0.000000,true,
131.031250,0.150000,0.000000,228.582332,228.582332,228.582332,228.582332,685.746995,0.000000,0.000000,21.624782,0.288554,-21.349769,0.031985,0.031985,0.008030,-1.785556,-1.785556,-2.210254,0.059376,0.116307,355.753589,355.753589,543.016548,3,0.000000,true,
131.031250,0.125000,0.000000,221.409452,221.409452,221.409452,221.409452,664.228355,0.000000,0.000000,21.622390,0.249296,-21.389527,0.026647,0.026647,0.006707,-1.794718,-1.794718,-2.212833,0.053225,0.109110,357.635968,357.635968,544.021345,3,0.000000,true,
131.031250,0.100000,0.000000,212.457478,212.457478,212.457478,212.457478,637.372435,0.000000,0.000000,21.619951,0.209186,-21.429364,0.021312,0.021312,0.005377,-1.803843,-1.803843,-2.215413,0.046670,0.100972,359.511959,359.511959,545.027028,3,0.000000,true,
131.031250,0.075000,0.000000,200.691152,200.691152,200.691152,200.691152,602.073455,0.000000,0.000000,21.617465,0.168025,-21.469278,0.015979,0.015979,0.004041,-1.812930,-1.812930,-2.217995,0.039593,0.091454,361.381617,361.381617,546.033566,4,0.000000,true,
131.031250,0.050000,0.000000,183.787251,183.787251,183.787251,183.787251,551.361754,0.000000,0.000000,21.614931,0.125470,-21.509262,0.010650,0.010650,0.002700,-1.821981,-1.821981,-2.220578,0.031807,0.079656,363.244894,363.244894,547.040870,4,0.000000,true,
131.031250,0.025000,0.000000,154.343800,154.343800,154.343800,154.343800,463.031401,0.000000,0.000000,21.612351,0.080818,-21.549299,0.005324,0.005324,0.001353,-1.830991,-1.830991,-2.223161,0.023003,0.063093,365.101135,365.101135,548.048523,4,0.000000,true,
131.031250,0.000000,0.000000,0.000000,0.000000,0.000000,0.000000,0.000000,0.000000,0.000000,21.609867,0.034131,-21.587203,0.000000,0.000000,0.000000,-1.839474,-1.839474,-2.225605,0.020802,0.020802,366.849943,366.849943,549.001631,7,0.000000,true,
