T_MeV,rho,xi,mu_u_MeV,mu_d_MeV,mu_s_MeV,mu_avg_MeV,mu_B_MeV,mu_Q_MeV,mu_S_MeV,pressure_fm4,entropy_fm3,energy_fm4,rho_u_fm3,rho_d_fm3,rho_s_fm3,phi_u,phi_d,phi_s,Phi1,Phi2,M_u_MeV,M_d_MeV,M_s_MeV,iterations,residual_norm,converged,message
50.000000,4.000000,0.000000,403.126568,403.126568,403.126568,403.126568,1209.379705,0.000000,0.000000,21.898844,0.878242,-17.753870,0.954943,0.954943,0.010114,-0.084792,-0.084792,-2.059145,0.118361,0.129749,21.896929,21.896929,460.955199,8,0.000000,true,
50.000000,3.950000,0.000000,402.351338,402.351338,402.351338,402.351338,1207.054015,0.000000,0.000000,21.891348,0.874194,-17.803879,0.943070,0.943070,0.009859,-0.087377,-0.087377,-2.059500,0.117677,0.129767,22.397258,22.397258,461.018572,3,0.000000,true,
50.000000,3.900000,0.000000,401.575472,401.575472,401.575472,401.575472,1204.726415,0.000000,0.000000,21.883940,0.869757,-17.853893,0.931196,0.931196,0.009608,-0.090081,-0.090081,-2.059851,0.116958,0.129751,22.920722,22.920722,461.082084,3,0.000000,true,
50.000000,3.850000,0.000000,400.798714,400.798714,400.798714,400.798714,1202.396143,0.000000,0.000000,21.876619,0.864928,-17.903911,0.919319,0.919319,0.009361,-0.092912,-0.092912,-2.060200,0.116202,0.129702,23.468926,23.468926,461.145858,3,0.000000,true,
50.000000,3.800000,0.000000,400.020820,400.020820,400.020820,400.020820,1200.062460,0.000000,0.000000,21.869381,0.859707,-17.953934,0.907441,0.907441,0.009118,-0.095881,-0.095881,-2.060547,0.115411,0.129618,24.043617,24.043617,461.210028,3,0.000000,true,
50.000000,3.750000,0.000000,399.241554,399.241554,399.241554,399.241554,1197.724662,0.000000,0.000000,21.862225,0.854090,-18.003962,0.895561,0.895561,0.008878,-0.098996,-0.098996,-2.060891,0.114582,0.129501,24.646710,24.646710,461.274738,3,0.000000,true,
50.000000,3.700000,0.000000,398.460691,398.460691,398.460691,398.460691,1195.382073,0.000000,0.000000,21.855150,0.848077,-18.053997,0.883680,0.883680,0.008641,-0.102268,-0.102268,-2.061234,0.113717,0.129349,25.280299,25.280299,461.340146,3,0.000000,true,
50.000000,3.650000,0.000000,397.678021,397.678021,397.678021,397.678021,1193.034062,0.000000,0.000000,21.848153,0.841665,-18.104037,0.871796,0.871796,0.008407,-0.105710,-0.105710,-2.061575,0.112814,0.129161,25.946684,25.946684,461.406427,3,0.000000,true,
50.000000,3.600000,0.000000,396.893347,396.893347,396.893347,396.893347,1190.680042,0.000000,0.000000,21.841234,0.834850,-18.154084,0.859912,0.859912,0.008177,-0.109335,-0.109335,-2.061916,0.111874,0.128938,26.648391,26.648391,461.473772,3,0.000000,true,
50.000000,3.550000,0.000000,396.106493,396.106493,396.106493,396.106493,1188.319480,0.000000,0.000000,21.834391,0.827631,-18.204137,0.848025,0.848025,0.007950,-0.113156,-0.113156,-2.062257,0.110895,0.128678,27.388205,27.388205,461.542397,3,0.000000,true,
50.000000,3.500000,0.000000,395.317304,395.317304,395.317304,395.317304,1185.951912,0.000000,0.000000,21.827624,0.820005,-18.254199,0.836137,0.836137,0.007725,-0.117189,-0.117189,-2.062598,0.109878,0.128381,28.169195,28.169195,461.612540,3,0.000000,true,
50.000000,3.450000,0.000000,394.525650,394.525650,394.525650,394.525650,1183.576950,0.000000,0.000000,21.820932,0.811968,-18.304268,0.824248,0.824248,0.007504,-0.121453,-0.121453,-2.062940,0.108821,0.128046,28.994752,28.994752,461.684474,3,0.000000,true,
50.000000,3.400000,0.000000,393.731435,393.731435,393.731435,393.731435,1181.194305,0.000000,0.000000,21.814316,0.803516,-18.354345,0.812357,0.812357,0.007285,-0.125966,-0.125966,-2.063284,0.107725,0.127672,29.868631,29.868631,461.758503,3,0.000000,true,
50.000000,3.350000,0.000000,392.934601,392.934601,392.934601,392.934601,1178.803804,0.000000,0.000000,21.807774,0.794647,-18.404432,0.800465,0.800465,0.007069,-0.130751,-0.130751,-2.063631,0.106589,0.127259,30.794997,30.794997,461.834976,3,0.000000,true,
50.000000,3.300000,0.000000,392.135139,392.135139,392.135139,392.135139,1176.405416,0.000000,0.000000,21.801308,0.785355,-18.454529,0.788572,0.788572,0.006856,-0.135830,-0.135830,-2.063980,0.105411,0.126806,31.778475,31.778475,461.914291,3,0.000000,true,
50.000000,3.250000,0.000000,391.333094,391.333094,391.333094,391.333094,1173.999283,0.000000,0.000000,21.794918,0.775638,-18.504636,0.776677,0.776677,0.006645,-0.141230,-0.141230,-2.064335,0.104192,0.126311,32.824212,32.824212,461.996903,3,0.000000,true,
50.000000,3.200000,0.000000,390.528587,390.528587,390.528587,390.528587,1171.585762,0.000000,0.000000,21.788607,0.765489,-18.554755,0.764781,0.764781,0.006437,-0.146982,-0.146982,-2.064694,0.102931,0.125773,33.937943,33.937943,462.083338,3,0.000000,true,
50.000000,3.150000,0.000000,389.721822,389.721822,389.721822,389.721822,1169.165465,0.000000,0.000000,21.782376,0.754905,-18.604886,0.752884,0.752884,0.006232,-0.153117,-0.153117,-2.065061,0.101627,0.125192,35.126068,35.126068,462.174205,3,0.000000,true,
50.000000,3.100000,0.000000,388.913107,388.913107,388.913107,388.913107,1166.739321,0.000000,0.000000,21.776229,0.743879,-18.655030,0.740986,0.740986,0.006029,-0.159674,-0.159674,-2.065435,0.100278,0.124566,36.395740,36.395740,462.270210,3,0.000000,true,
50.000000,3.050000,0.000000,388.102882,388.102882,388.102882,388.102882,1164.308646,0.000000,0.000000,21.770168,0.732407,-18.705190,0.729086,0.729086,0.005828,-0.166692,-0.166692,-2.065820,0.098885,0.123893,37.754955,37.754955,462.372175,3,0.000000,true,
50.000000,3.000000,0.000000,387.291740,387.291740,387.291740,387.291740,1161.875220,0.000000,0.000000,21.764200,0.720482,-18.755365,0.717185,0.717185,0.005630,-0.174219,-0.174219,-2.066217,0.097446,0.123173,39.212659,39.212659,462.481064,3,0.000000,true,
50.000000,2.950000,0.000000,386.480466,386.480466,386.480466,386.480466,1159.441397,0.000000,0.000000,21.758329,0.708098,-18.805559,0.705283,0.705283,0.005435,-0.182306,-0.182306,-2.066627,0.095960,0.122403,40.778861,40.778861,462.598003,3,0.000000,true,
50.000000,2.900000,0.000000,385.670072,385.670072,385.670072,385.670072,1157.010215,0.000000,0.000000,21.752563,0.695247,-18.855771,0.693379,0.693379,0.005242,-0.191010,-0.191010,-2.067055,0.094426,0.121583,42.464750,42.464750,462.724321,3,0.000000,true,
50.000000,2.850000,0.000000,384.861848,384.861848,384.861848,384.861848,1154.585543,0.000000,0.000000,21.746910,0.681924,-18.906005,0.681475,0.681475,0.005051,-0.200396,-0.200396,-2.067503,0.092843,0.120708,44.282810,44.282810,462.861579,3,0.000000,true,
50.000000,2.800000,0.000000,384.057412,384.057412,384.057412,384.057412,1152.172237,0.000000,0.000000,21.741382,0.668118,-18.956264,0.669569,0.669569,0.004863,-0.210535,-0.210535,-2.067974,0.091209,0.119779,46.246929,46.246929,463.011619,3,0.000000,true,
50.000000,2.750000,0.000000,383.258773,383.258773,383.258773,383.258773,1149.776319,0.000000,0.000000,21.735991,0.653823,-19.006548,0.657661,0.657661,0.004677,-0.221507,-0.221507,-2.068474,0.089524,0.118791,48.372480,48.372480,463.176615,3,0.000000,true,
50.000000,2.700000,0.000000,382.468389,382.468389,382.468389,382.468389,1147.405168,0.000000,0.000000,21.730752,0.639029,-19.056863,0.645753,0.645753,0.004494,-0.233399,-0.233399,-2.069008,0.087786,0.117744,50.676366,50.676366,463.359127,3,0.000000,true,
50.000000,2.650000,0.000000,381.689235,381.689235,381.689235,381.689235,1145.067705,0.000000,0.000000,21.725682,0.623727,-19.107211,0.633843,0.633843,0.004313,-0.246304,-0.246304,-2.069580,0.085994,0.116632,53.176970,53.176970,463.562162,3,0.000000,true,
50.000000,2.600000,0.000000,380.924848,380.924848,380.924848,380.924848,1142.774545,0.000000,0.000000,21.720801,0.607906,-19.157596,0.621932,0.621932,0.004135,-0.260326,-0.260326,-2.070200,0.084145,0.115455,55.894003,55.894003,463.789239,3,0.000000,true,
50.000000,2.550000,0.000000,380.179358,380.179358,380.179358,380.179358,1140.538074,0.000000,0.000000,21.716131,0.591555,-19.208024,0.610020,0.610020,0.003960,-0.275569,-0.275569,-2.070874,0.082239,0.114207,58.848156,58.848156,464.044438,3,0.000000,true,
50.000000,2.500000,0.000000,379.457459,379.457459,379.457459,379.457459,1138.372378,0.000000,0.000000,21.711697,0.574661,-19.258500,0.598106,0.598106,0.003787,-0.292141,-0.292141,-2.071612,0.080273,0.112884,62.060517,62.060517,464.332438,3,0.000000,true,
50.000000,2.450000,0.000000,378.764311,378.764311,378.764311,378.764311,1136.292933,0.000000,0.000000,21.707524,0.557211,-19.309031,0.586192,0.586192,0.003617,-0.310150,-0.310150,-2.072425,0.078246,0.111482,65.551666,65.551666,464.658524,3,0.000000,true,
50.000000,2.400000,0.000000,378.105306,378.105306,378.105306,378.105306,1134.315918,0.000000,0.000000,21.703636,0.539190,-19.359624,0.574275,0.574275,0.003449,-0.329689,-0.329689,-2.073324,0.076156,0.109996,69.340405,69.340405,465.028529,3,0.000000,true,
50.000000,2.350000,0.000000,377.485676,377.485676,377.485676,377.485676,1132.457028,0.000000,0.000000,21.700056,0.520582,-19.410288,0.562358,0.562358,0.003284,-0.350838,-0.350838,-2.074323,0.074000,0.108419,73.442127,73.442127,465.448708,3,0.000000,true,
50.000000,2.300000,0.000000,376.909888,376.909888,376.909888,376.909888,1130.729664,0.000000,0.000000,21.696799,0.501367,-19.461033,0.550439,0.550439,0.003122,-0.373647,-0.373647,-2.075432,0.071776,0.106744,77.866916,77.866916,465.925508,3,0.000000,true,
50.000000,2.250000,0.000000,376.380811,376.380811,376.380811,376.380811,1129.142433,0.000000,0.000000,21.693870,0.481523,-19.511871,0.538519,0.538519,0.002961,-0.398130,-0.398130,-2.076666,0.069480,0.104962,82.617606,82.617606,466.465246,3,0.000000,true,
50.000000,2.200000,0.000000,375.898675,375.898675,375.898675,375.898675,1127.696025,0.000000,0.000000,21.691261,0.461024,-19.562813,0.526599,0.526599,0.002802,-0.424252,-0.424252,-2.078036,0.067111,0.103062,87.688167,87.688167,467.073694,3,0.000000,true,
50.000000,2.150000,0.000000,375.459884,375.459884,375.459884,375.459884,1126.379652,0.000000,0.000000,21.688939,0.439840,-19.613872,0.514678,0.514678,0.002645,-0.451931,-0.451931,-2.079550,0.064664,0.101033,93.062826,93.062826,467.755641,3,0.000000,true,
50.000000,2.100000,0.000000,375.055768,375.055768,375.055768,375.055768,1125.167304,0.000000,0.000000,21.686849,0.417935,-19.665063,0.502756,0.502756,0.002488,-0.481033,-0.481033,-2.081216,0.062134,0.098859,98.716286,98.716286,468.514505,3,0.000000,true,
50.000000,2.050000,0.000000,374.671329,374.671329,374.671329,374.671329,1124.013988,0.000000,0.000000,21.684909,0.395269,-19.716399,0.490835,0.490835,0.002331,-0.511385,-0.511385,-2.083036,0.059518,0.096522,104.615170,104.615170,469.352071,3,0.000000,true,
50.000000,2.000000,0.000000,374.283948,374.283948,374.283948,374.283948,1122.851843,0.000000,0.000000,21.683001,0.371794,-19.767894,0.478914,0.478914,0.002172,-0.542784,-0.542784,-2.085010,0.056808,0.093998,110.720496,110.720496,470.268418,3,0.000000,true,
50.000000,1.950000,0.000000,373.861819,373.861819,373.861819,373.861819,1121.585458,0.000000,0.000000,21.680973,0.347456,-19.819558,0.466994,0.466994,0.002012,-0.575013,-0.575013,-2.087135,0.053998,0.091259,116.990727,116.990727,471.262053,3,0.000000,true,
50.000000,1.900000,0.000000,373.361671,373.361671,373.361671,373.361671,1120.085013,0.000000,0.000000,21.678632,0.322196,-19.871400,0.455076,0.455076,0.001849,-0.607860,-0.607860,-2.089404,0.051082,0.088268,123.384864,123.384864,472.330221,3,0.000000,true,
50.000000,1.850000,0.000000,372.724911,372.724911,372.724911,372.724911,1118.174734,0.000000,0.000000,21.675730,0.295951,-19.923424,0.443159,0.443159,0.001682,-0.641129,-0.641129,-2.091810,0.048052,0.084977,129.865183,129.865183,473.469327,3,0.000000,true,
50.000000,1.800000,0.000000,371.870734,371.870734,371.870734,371.870734,1115.612203,0.000000,0.000000,21.671941,0.268659,-19.975623,0.431245,0.431245,0.001510,-0.674652,-0.674652,-2.094344,0.044902,0.081323,136.399510,136.399510,474.675451,3,0.000000,true,
50.000000,1.750000,0.000000,370.683391,370.683391,370.683391,370.683391,1112.050172,0.000000,0.000000,21.666818,0.240278,-20.027975,0.419333,0.419333,0.001333,-0.708304,-0.708304,-2.096999,0.041629,0.077220,142.963377,142.963377,475.944967,3,0.000000,true,
50.000000,1.700000,0.000000,368.987977,368.987977,368.987977,368.987977,1106.963931,0.000000,0.000000,21.659710,0.210832,-20.080424,0.407424,0.407424,0.001151,-0.742012,-0.742012,-2.099767,0.038246,0.072548,149.543186,149.543186,477.275478,3,0.000000,true,
50.000000,1.650000,0.000000,366.503592,366.503592,366.503592,366.503592,1099.510776,0.000000,0.000000,21.649598,0.180543,-20.132836,0.395518,0.395518,0.000965,-0.775801,-0.775801,-2.102649,0.034798,0.067141,156.143616,156.143616,478.667731,4,0.000000,true,
50.000000,1.600000,0.000000,362.760604,362.760604,362.760604,362.760604,1088.281813,0.000000,0.000000,21.634818,0.150299,-20.184864,0.383612,0.383612,0.000777,-0.809900,-0.809900,-2.105657,0.031439,0.060796,162.809778,162.809778,480.130926,4,0.000000,true,
50.000000,1.550000,0.000000,357.076594,357.076594,357.076594,357.076594,1071.229782,0.000000,0.000000,21.613065,0.123244,-20.235518,0.371700,0.371700,0.000601,-0.845109,-0.845109,-2.108845,0.028651,0.053488,169.698163,169.698163,481.699499,4,0.000000,true,
50.000000,1.500000,0.000000,349.567887,349.567887,349.567887,349.567887,1048.703661,0.000000,0.000000,21.585219,0.108002,-20.282361,0.359766,0.359766,0.000468,-0.883402,-0.883402,-2.112357,0.027579,0.046463,177.195215,177.195215,483.464116,4,0.000000,true,
50.000000,1.450000,0.000000,343.298856,343.298856,343.298856,343.298856,1029.896569,0.000000,0.000000,21.562696,0.110722,-20.323777,0.347798,0.347798,0.000404,-0.925737,-0.925737,-2.116274,0.028655,0.042411,185.490139,185.490139,485.483346,4,0.000000,true,
50.000000,1.400000,0.000000,340.110900,340.110900,340.110900,340.110900,1020.332700,0.000000,0.000000,21.551617,0.122670,-20.362281,0.335809,0.335809,0.000382,-0.969483,-0.969483,-2.120415,0.030455,0.041214,194.069605,194.069605,487.653677,4,0.000000,true,
50.000000,1.350000,0.000000,339.099935,339.099935,339.099935,339.099935,1017.299805,0.000000,0.000000,21.548219,0.136345,-20.400104,0.323811,0.323811,0.000378,-1.012623,-1.012623,-2.124623,0.032122,0.041364,202.538989,202.538989,489.882180,4,0.000000,true,
50.000000,1.300000,0.000000,339.358360,339.358360,339.358360,339.358360,1018.075080,0.000000,0.000000,21.549042,0.149313,-20.438068,0.311810,0.311810,0.000379,-1.054527,-1.054527,-2.128835,0.033486,0.042064,210.774461,210.774461,492.131805,4,0.000000,true,
50.000000,1.250000,0.000000,340.374640,340.374640,340.374640,340.374640,1021.123921,0.000000,0.000000,21.552188,0.160909,-20.476460,0.299808,0.299808,0.000383,-1.095062,-1.095062,-2.133025,0.034552,0.042979,218.749443,218.749443,494.387607,4,0.000000,true,
50.000000,1.200000,0.000000,341.862418,341.862418,341.862418,341.862418,1025.587254,0.000000,0.000000,21.556618,0.170973,-20.515395,0.287806,0.287806,0.000388,-1.134248,-1.134248,-2.137184,0.035352,0.043953,226.467424,226.467424,496.642548,3,0.000000,true,
50.000000,1.150000,0.000000,343.650924,343.650924,343.650924,343.650924,1030.952772,0.000000,0.000000,21.561727,0.179497,-20.554920,0.275804,0.275804,0.000393,-1.172158,-1.172158,-2.141304,0.035916,0.044910,233.941597,233.941597,498.892943,3,0.000000,true,
50.000000,1.100000,0.000000,345.631543,345.631543,345.631543,345.631543,1036.894629,0.000000,0.000000,21.567146,0.186519,-20.595057,0.263802,0.263802,0.000397,-1.208874,-1.208874,-2.145383,0.036270,0.045807,241.188015,241.188015,501.136774,3,0.000000,true,
50.000000,1.050000,0.000000,347.731122,347.731122,347.731122,347.731122,1043.193365,0.000000,0.000000,21.572635,0.192084,-20.635811,0.251800,0.251800,0.000400,-1.244483,-1.244483,-2.149421,0.036434,0.046620,248.223032,248.223032,503.372952,3,0.000000,true,
50.000000,1.000000,0.000000,349.897758,349.897758,349.897758,349.897758,1049.693273,0.000000,0.000000,21.578037,0.196239,-20.677182,0.239799,0.239799,0.000402,-1.279066,-1.279066,-2.153416,0.036422,0.047332,255.062298,255.062298,505.600956,3,0.000000,true,
50.000000,0.950000,0.000000,352.092722,352.092722,352.092722,352.092722,1056.278166,0.000000,0.000000,21.583243,0.199023,-20.719167,0.227799,0.227799,0.000402,-1.312701,-1.312701,-2.157369,0.036246,0.047932,261.720399,261.720399,507.820621,3,0.000000,true,
50.000000,0.900000,0.000000,354.285566,354.285566,354.285566,354.285566,1062.856697,0.000000,0.000000,21.588177,0.200468,-20.761758,0.215799,0.215799,0.000401,-1.345457,-1.345457,-2.161282,0.035914,0.048412,268.210756,268.210756,510.032026,3,0.000000,true,
50.000000,0.850000,0.000000,356.450962,356.450962,356.450962,356.450962,1069.352885,0.000000,0.000000,21.592786,0.200597,-20.804947,0.203801,0.203801,0.000398,-1.377398,-1.377398,-2.165155,0.035433,0.048763,274.545659,274.545659,512.235414,3,0.000000,true,
50.000000,0.800000,0.000000,358.566511,358.566511,358.566511,358.566511,1075.699534,0.000000,0.000000,21.597032,0.199429,-20.848726,0.191803,0.191803,0.000393,-1.408582,-1.408582,-2.168989,0.034806,0.048979,280.736357,280.736357,514.431155,3,0.000000,true,
50.000000,0.750000,0.000000,360.611083,360.611083,360.611083,360.611083,1081.833248,0.000000,0.000000,21.600887,0.196975,-20.893084,0.179807,0.179807,0.000386,-1.439064,-1.439064,-2.172787,0.034036,0.049052,286.793166,286.793166,516.619711,3,0.000000,true,
50.000000,0.700000,0.000000,362.563400,362.563400,362.563400,362.563400,1087.690201,0.000000,0.000000,21.604332,0.193242,-20.938009,0.167812,0.167812,0.000376,-1.468893,-1.468893,-2.176548,0.033125,0.048971,292.725597,292.725597,518.801636,3,0.000000,true,
50.000000,0.650000,0.000000,364.400699,364.400699,364.400699,364.400699,1093.202097,0.000000,0.000000,21.607350,0.188231,-20.983489,0.155818,0.155818,0.000364,-1.498116,-1.498116,-2.180276,0.032072,0.048728,298.542492,298.542492,520.977570,3,0.000000,true,
50.000000,0.600000,0.000000,366.097257,366.097257,366.097257,366.097257,1098.291771,0.000000,0.000000,21.609930,0.181939,-21.029508,0.143825,0.143825,0.000350,-1.526774,-1.526774,-2.183972,0.030876,0.048308,304.252167,304.252167,523.148257,3,0.000000,true,
50.000000,0.550000,0.000000,367.622639,367.622639,367.622639,367.622639,1102.867916,0.000000,0.000000,21.612066,0.174364,-21.076049,0.131834,0.131834,0.000333,-1.554910,-1.554910,-2.187638,0.029533,0.047698,309.862586,309.862586,525.314580,3,0.000000,true,
50.000000,0.500000,0.000000,368.939413,368.939413,368.939413,368.939413,1106.818240,0.000000,0.000000,21.613750,0.165500,-21.123090,0.119844,0.119844,0.000312,-1.582563,-1.582563,-2.191276,0.028040,0.046877,315.381564,315.381564,527.477608,3,0.000000,true,
50.000000,0.450000,0.000000,370.000052,370.000052,370.000052,370.000052,1110.000156,0.000000,0.000000,21.614978,0.155350,-21.170602,0.107855,0.107855,0.000290,-1.609775,-1.609775,-2.194888,0.026391,0.045823,320.817031,320.817031,529.638690,3,0.000000,true,
50.000000,0.400000,0.000000,370.742584,370.742584,370.742584,370.742584,1112.227752,0.000000,0.000000,21.615750,0.143928,-21.218546,0.095868,0.095868,0.000264,-1.636589,-1.636589,-2.198479,0.024581,0.044508,326.177388,326.177388,531.799579,3,0.000000,true,
50.000000,0.350000,0.000000,371.084417,371.084417,371.084417,371.084417,1113.253251,0.000000,0.000000,21.616066,0.131268,-21.266871,0.083882,0.083882,0.000235,-1.663052,-1.663052,-2.202051,0.022603,0.042896,331.471983,331.471983,533.962626,3,0.000000,true,
50.000000,0.300000,0.000000,370.913401,370.913401,370.913401,370.913401,1112.740203,0.000000,0.000000,21.615937,0.117442,-21.315503,0.071898,0.071898,0.000204,-1.689219,-1.689219,-2.205610,0.020450,0.040944,336.711674,336.711674,536.131021,3,0.000000,true,
50.000000,0.250000,0.000000,370.073942,370.073942,370.073942,370.073942,1110.221826,0.000000,0.000000,21.615383,0.102561,-21.364343,0.059914,0.059914,0.000171,-1.715155,-1.715155,-2.209162,0.018115,0.038600,341.909283,341.909283,538.308999,3,0.000000,true,
50.000000,0.200000,0.000000,368.339824,368.339824,368.339824,368.339824,1105.019473,0.000000,0.000000,21.614444,0.086749,-21.413265,0.047931,0.047931,0.000137,-1.740933,-1.740933,-2.212715,0.015589,0.035796,347.079245,347.079245,540.501727,4,0.000000,true,
50.000000,0.150000,0.000000,365.336975,365.336975,365.336975,365.336975,1096.010924,0.000000,0.000000,21.613182,0.070018,-21.462137,0.035949,0.035949,0.000102,-1.766621,-1.766621,-2.216276,0.012843,0.032421,352.235198,352.235198,542.714306,4,0.000000,true,
50.000000,0.100000,0.000000,360.253341,360.253341,360.253341,360.253341,1080.760023,0.000000,0.000000,21.611664,0.051948,-21.510869,0.023966,0.023966,0.000068,-1.792259,-1.792259,-2.219849,0.009795,0.028218,357.385019,357.385019,544.949626,4,0.000000,true,
50.000000,0.050000,0.000000,350.371987,350.371987,350.371987,350.371987,1051.115960,0.000000,0.000000,21.609941,0.031028,-21.559465,0.011983,0.011983,0.000034,-1.817836,-1.817836,-2.223429,0.006185,0.022342,362.526414,362.526414,547.206336,4,0.000000,true,
50.000000,0.000000,0.000000,-0.000326,-0.000326,-0.000326,-0.000326,-0.000978,0.000000,0.000000,21.608021,0.000000,-21.608021,-0.000000,-0.000000,-0.000000,-1.843295,-1.843295,-2.227010,0.000020,0.000020,367.648249,367.648249,549.479201,27,0.000000,true,
55.000000,4.000000,0.000000,402.234967,402.234967,402.234967,402.234967,1206.704901,0.000000,0.000000,21.913069,0.931124,-17.739777,0.952944,0.952944,0.014113,-0.085449,-0.085449,-2.054208,0.124035,0.138096,22.016184,22.016184,460.189826,7,0.000000,true,
55.000000,3.950000,0.000000,401.379279,401.379279,401.379279,401.379279,1204.137836,0.000000,0.000000,21.904795,0.926189,-17.790023,0.941126,0.941126,0.013747,-0.088050,-0.088050,-2.054703,0.123311,0.138007,22.519589,22.519589,460.274985,3,0.000000,true,
55.000000,3.900000,0.000000,400.522620,400.522620,400.522620,400.522620,1201.567859,0.000000,0.000000,21.896616,0.920870,-17.840271,0.929306,0.929306,0.013388,-0.090771,-0.090771,-2.055191,0.122552,0.137886,23.046342,23.046342,460.359821,3,0.000000,true,
55.000000,3.850000,0.000000,399.664701,399.664701,399.664701,399.664701,1198.994104,0.000000,0.000000,21.888529,0.915166,-17.890523,0.917482,0.917482,0.013035,-0.093620,-0.093620,-2.055673,0.121757,0.137733,23.598061,23.598061,460.444478,3,0.000000,true,
55.000000,3.800000,0.000000,398.805242,398.805242,398.805242,398.805242,1196.415725,0.000000,0.000000,21.880532,0.909074,-17.940778,0.905656,0.905656,0.012688,-0.096608,-0.096608,-2.056150,0.120925,0.137547,24.176514,24.176514,460.529111,3,0.000000,true,
55.000000,3.750000,0.000000,397.943969,397.943969,397.943969,397.943969,1193.831906,0.000000,0.000000,21.872623,0.902593,-17.991037,0.893827,0.893827,0.012346,-0.099744,-0.099744,-2.056623,0.120056,0.137327,24.783635,24.783635,460.613885,3,0.000000,true,
55.000000,3.700000,0.000000,397.080619,397.080619,397.080619,397.080619,1191.241857,0.000000,0.000000,21.864801,0.895719,-18.041300,0.881995,0.881995,0.012009,-0.103039,-0.103039,-2.057091,0.119151,0.137073,25.421544,25.421544,460.698977,3,0.000000,true,
55.000000,3.650000,0.000000,396.214942,396.214942,396.214942,396.214942,1188.644825,0.000000,0.000000,21.857062,0.888451,-18.091569,0.870161,0.870161,0.011678,-0.106505,-0.106505,-2.057555,0.118208,0.136785,26.092567,26.092567,460.784578,3,0.000000,true,
55.000000,3.600000,0.000000,395.346699,395.346699,395.346699,395.346699,1186.040096,0.000000,0.000000,21.849406,0.880786,-18.141842,0.858324,0.858324,0.011351,-0.110155,-0.110155,-2.058017,0.117227,0.136461,26.799258,26.799258,460.870899,3,0.000000,true,
55.000000,3.550000,0.000000,394.475669,394.475669,394.475669,394.475669,1183.427006,0.000000,0.000000,21.841831,0.872721,-18.192121,0.846485,0.846485,0.011030,-0.114004,-0.114004,-2.058476,0.116207,0.136101,27.544436,27.544436,460.958172,3,0.000000,true,
55.000000,3.500000,0.000000,393.601651,393.601651,393.601651,393.601651,1180.804952,0.000000,0.000000,21.834337,0.864253,-18.242407,0.834644,0.834644,0.010713,-0.118068,-0.118068,-2.058934,0.115149,0.135705,28.331204,28.331204,461.046653,3,0.000000,true,
55.000000,3.450000,0.000000,392.724467,392.724467,392.724467,392.724467,1178.173402,0.000000,0.000000,21.826922,0.855379,-18.292699,0.822800,0.822800,0.010400,-0.122364,-0.122364,-2.059390,0.114052,0.135271,29.162998,29.162998,461.136630,3,0.000000,true,
55.000000,3.400000,0.000000,391.843971,391.843971,391.843971,391.843971,1175.531914,0.000000,0.000000,21.819586,0.846094,-18.342999,0.810954,0.810954,0.010092,-0.126913,-0.126913,-2.059846,0.112915,0.134799,30.043617,30.043617,461.228425,3,0.000000,true,
55.000000,3.350000,0.000000,390.960052,390.960052,390.960052,390.960052,1172.880155,0.000000,0.000000,21.812330,0.836396,-18.393306,0.799106,0.799106,0.009789,-0.131735,-0.131735,-2.060303,0.111737,0.134288,30.977277,30.977277,461.322403,3,0.000000,true,
55.000000,3.300000,0.000000,390.072643,390.072643,390.072643,390.072643,1170.217928,0.000000,0.000000,21.805152,0.826280,-18.443623,0.787255,0.787255,0.009489,-0.136855,-0.136855,-2.060761,0.110518,0.133737,31.968663,31.968663,461.418978,3,0.000000,true,
55.000000,3.250000,0.000000,389.181733,389.181733,389.181733,389.181733,1167.545198,0.000000,0.000000,21.798055,0.815743,-18.493948,0.775403,0.775403,0.009194,-0.142300,-0.142300,-2.061222,0.109257,0.133145,33.022987,33.022987,461.518625,3,0.000000,true,
55.000000,3.200000,0.000000,388.287378,388.287378,388.287378,388.287378,1164.862134,0.000000,0.000000,21.791039,0.804779,-18.544284,0.763549,0.763549,0.008902,-0.148100,-0.148100,-2.061687,0.107954,0.132510,34.146058,34.146058,461.621887,3,0.000000,true,
55.000000,3.150000,0.000000,387.389718,387.389718,387.389718,387.389718,1162.169154,0.000000,0.000000,21.784106,0.793384,-18.594632,0.751693,0.751693,0.008615,-0.154288,-0.154288,-2.062157,0.106607,0.131833,35.344360,35.344360,461.729393,3,0.000000,true,
55.000000,3.100000,0.000000,386.488994,386.488994,386.488994,386.488994,1159.466981,0.000000,0.000000,21.777259,0.781553,-18.644991,0.739834,0.739834,0.008331,-0.160902,-0.160902,-2.062634,0.105217,0.131110,36.625138,36.625138,461.841869,3,0.000000,true,
55.000000,3.050000,0.000000,385.585571,385.585571,385.585571,385.585571,1156.756713,0.000000,0.000000,21.770502,0.769280,-18.695364,0.727974,0.727974,0.008051,-0.167984,-0.167984,-2.063119,0.103781,0.130341,37.996492,37.996492,461.960161,3,0.000000,true,
55.000000,3.000000,0.000000,384.679968,384.679968,384.679968,384.679968,1154.039903,0.000000,0.000000,21.763838,0.756560,-18.745751,0.716112,0.716112,0.007775,-0.175579,-0.175579,-2.063614,0.102299,0.129525,39.467487,39.467487,462.085257,3,0.000000,true,
55.000000,2.950000,0.000000,383.772887,383.772887,383.772887,383.772887,1151.318661,0.000000,0.000000,21.757274,0.743386,-18.796155,0.704248,0.704248,0.007503,-0.183742,-0.183742,-2.064123,0.100771,0.128659,41.048260,41.048260,462.218313,3,0.000000,true,
55.000000,2.900000,0.000000,382.865258,382.865258,382.865258,382.865258,1148.595774,0.000000,0.000000,21.750816,0.729753,-18.846576,0.692383,0.692383,0.007235,-0.192529,-0.192529,-2.064647,0.099195,0.127742,42.750142,42.750142,462.360687,3,0.000000,true,
55.000000,2.850000,0.000000,381.958280,381.958280,381.958280,381.958280,1145.874839,0.000000,0.000000,21.744473,0.715653,-18.897017,0.680515,0.680515,0.006970,-0.202006,-0.202006,-2.065190,0.097570,0.126773,44.585772,44.585772,462.513978,3,0.000000,true,
55.000000,2.800000,0.000000,381.053475,381.053475,381.053475,381.053475,1143.160426,0.000000,0.000000,21.738255,0.701080,-18.947480,0.668646,0.668646,0.006709,-0.212245,-0.212245,-2.065756,0.095895,0.125748,46.569200,46.569200,462.680068,3,0.000000,true,
55.000000,2.750000,0.000000,380.152751,380.152751,380.152751,380.152751,1140.458254,0.000000,0.000000,21.732175,0.686025,-18.997967,0.656774,0.656774,0.006451,-0.223327,-0.223327,-2.066349,0.094168,0.124665,48.715973,48.715973,462.861178,3,0.000000,true,
55.000000,2.700000,0.000000,379.258457,379.258457,379.258457,379.258457,1137.775370,0.000000,0.000000,21.726247,0.670482,-19.048481,0.644901,0.644901,0.006198,-0.235339,-0.235339,-2.066975,0.092389,0.123522,51.043160,51.043160,463.059921,3,0.000000,true,
55.000000,2.650000,0.000000,378.373444,378.373444,378.373444,378.373444,1135.120332,0.000000,0.000000,21.720488,0.654441,-19.099026,0.633026,0.633026,0.005948,-0.248377,-0.248377,-2.067640,0.090557,0.122317,53.569303,53.569303,463.279364,3,0.000000,true,
55.000000,2.600000,0.000000,377.501116,377.501116,377.501116,377.501116,1132.503348,0.000000,0.000000,21.714918,0.637894,-19.149604,0.621149,0.621149,0.005702,-0.262543,-0.262543,-2.068350,0.088669,0.121045,56.314239,56.314239,463.523091,3,0.000000,true,
55.000000,2.550000,0.000000,376.645443,376.645443,376.645443,376.645443,1129.936329,0.000000,0.000000,21.709558,0.620832,-19.200222,0.609270,0.609270,0.005460,-0.277942,-0.277942,-2.069115,0.086726,0.119703,59.298734,59.298734,463.795254,3,0.000000,true,
55.000000,2.500000,0.000000,375.810933,375.810933,375.810933,375.810933,1127.432798,0.000000,0.000000,21.704432,0.603244,-19.250883,0.597389,0.597389,0.005221,-0.294685,-0.294685,-2.069944,0.084724,0.118288,62.543870,62.543870,464.100607,3,0.000000,true,
55.000000,2.450000,0.000000,375.002509,375.002509,375.002509,375.002509,1125.007527,0.000000,0.000000,21.699565,0.585120,-19.301593,0.585506,0.585506,0.004987,-0.312874,-0.312874,-2.070847,0.082663,0.116794,66.070102,66.070102,464.444507,3,0.000000,true,
55.000000,2.400000,0.000000,374.225270,374.225270,374.225270,374.225270,1122.675809,0.000000,0.000000,21.694980,0.566448,-19.352360,0.573622,0.573622,0.004757,-0.332605,-0.332605,-2.071837,0.080542,0.115217,69.895957,69.895957,464.832851,3,0.000000,true,
55.000000,2.350000,0.000000,373.484069,373.484069,373.484069,373.484069,1120.452206,0.000000,0.000000,21.690697,0.547215,-19.403190,0.561735,0.561735,0.004530,-0.353954,-0.353954,-2.072925,0.078358,0.113551,74.036375,74.036375,465.271943,3,0.000000,true,
55.000000,2.300000,0.000000,372.782889,372.782889,372.782889,372.782889,1118.348667,0.000000,0.000000,21.686731,0.527407,-19.454093,0.549847,0.549847,0.004307,-0.376967,-0.376967,-2.074126,0.076110,0.111788,78.500808,78.500808,465.768257,3,0.000000,true,
55.000000,2.250000,0.000000,372.123996,372.123996,372.123996,372.123996,1116.371989,0.000000,0.000000,21.683084,0.507006,-19.505079,0.537956,0.537956,0.004087,-0.401654,-0.401654,-2.075450,0.073796,0.109921,83.291320,83.291320,466.328100,3,0.000000,true,
55.000000,2.200000,0.000000,371.506891,371.506891,371.506891,371.506891,1114.520673,0.000000,0.000000,21.679744,0.485994,-19.556157,0.526065,0.526065,0.003870,-0.427978,-0.427978,-2.076911,0.071415,0.107939,88.401055,88.401055,466.957209,3,0.000000,true,
55.000000,2.150000,0.000000,370.927138,370.927138,370.927138,370.927138,1112.781414,0.000000,0.000000,21.676676,0.464347,-19.607340,0.514172,0.514172,0.003655,-0.455850,-0.455850,-2.078516,0.068962,0.105831,93.813499,93.813499,467.660314,3,0.000000,true,
55.000000,2.100000,0.000000,370.375161,370.375161,370.375161,370.375161,1111.125483,0.000000,0.000000,21.673823,0.442040,-19.658638,0.502279,0.502279,0.003442,-0.485136,-0.485136,-2.080272,0.066436,0.103583,99.502876,99.502876,468.440770,3,0.000000,true,
55.000000,2.050000,0.000000,369.835070,369.835070,369.835070,369.835070,1109.505210,0.000000,0.000000,21.671097,0.419045,-19.710061,0.490386,0.490386,0.003229,-0.515661,-0.515661,-2.082183,0.063834,0.101178,105.435756,105.435756,469.300329,3,0.000000,true,
55.000000,2.000000,0.000000,369.283494,369.283494,369.283494,369.283494,1107.850483,0.000000,0.000000,21.668380,0.395333,-19.761619,0.478492,0.478492,0.003015,-0.547225,-0.547225,-2.084248,0.061152,0.098594,111.573682,111.573682,470.239101,3,0.000000,true,
55.000000,1.950000,0.000000,368.688253,368.688253,368.688253,368.688253,1106.064759,0.000000,0.000000,21.665521,0.370876,-19.813314,0.466600,0.466600,0.002800,-0.579618,-0.579618,-2.086465,0.058388,0.095806,117.876349,117.876349,471.255740,3,0.000000,true,
55.000000,1.900000,0.000000,368.006501,368.006501,368.006501,368.006501,1104.019503,0.000000,0.000000,21.662330,0.345651,-19.865147,0.454709,0.454709,0.002582,-0.612637,-0.612637,-2.088827,0.055539,0.092783,124.304842,124.304842,472.347797,3,0.000000,true,
55.000000,1.850000,0.000000,367.181802,367.181802,367.181802,367.181802,1101.545407,0.000000,0.000000,21.658570,0.319654,-19.917103,0.442819,0.442819,0.002361,-0.646104,-0.646104,-2.091328,0.052606,0.089486,130.824619,130.824619,473.512231,3,0.000000,true,
55.000000,1.800000,0.000000,366.139342,366.139342,366.139342,366.139342,1098.418026,0.000000,0.000000,21.653945,0.292915,-19.969154,0.430932,0.430932,0.002136,-0.679876,-0.679876,-2.093960,0.049595,0.085867,137.408277,137.408277,474.746042,3,0.000000,true,
55.000000,1.750000,0.000000,364.778323,364.778323,364.778323,364.778323,1094.334969,0.000000,0.000000,21.648072,0.265542,-20.021237,0.419046,0.419046,0.001907,-0.713863,-0.713863,-2.096719,0.046522,0.081869,144.038684,144.038684,476.047134,3,0.000000,true,
55.000000,1.700000,0.000000,362.961145,362.961145,362.961145,362.961145,1088.883435,0.000000,0.000000,21.640453,0.237813,-20.073227,0.407163,0.407163,0.001675,-0.748055,-0.748055,-2.099602,0.043428,0.077426,150.713954,150.713954,477.415675,3,0.000000,true,
55.000000,1.650000,0.000000,360.503795,360.503795,360.503795,360.503795,1081.511384,0.000000,0.000000,21.630448,0.210385,-20.124875,0.395278,0.395278,0.001443,-0.782570,-0.782570,-2.102615,0.040403,0.072487,157.457473,157.457473,478.856679,3,0.000000,true,
55.000000,1.600000,0.000000,357.196791,357.196791,357.196791,357.196791,1071.590374,0.000000,0.000000,21.617386,0.184761,-20.175672,0.383390,0.383390,0.001220,-0.817762,-0.817762,-2.105777,0.037647,0.067081,164.338594,164.338594,480.385237,3,0.000000,true,
55.000000,1.550000,0.000000,352.973774,352.973774,352.973774,352.973774,1058.921321,0.000000,0.000000,21.601215,0.164068,-20.224635,0.371490,0.371490,0.001020,-0.854367,-0.854367,-2.109136,0.035549,0.061526,171.501489,171.501489,482.034477,3,0.000000,true,
55.000000,1.500000,0.000000,348.379134,348.379134,348.379134,348.379134,1045.137401,0.000000,0.000000,21.584168,0.152738,-20.270443,0.359565,0.359565,0.000870,-0.893309,-0.893309,-2.112756,0.034598,0.056696,179.127266,179.127266,483.850340,3,0.000000,true,
55.000000,1.450000,0.000000,344.623230,344.623230,344.623230,344.623230,1033.869690,0.000000,0.000000,21.570678,0.152233,-20.312713,0.347611,0.347611,0.000779,-0.934560,-0.934560,-2.116640,0.034834,0.053534,187.211833,187.211833,485.842411,3,0.000000,true,
55.000000,1.400000,0.000000,342.403097,342.403097,342.403097,342.403097,1027.209291,0.000000,0.000000,21.562967,0.158808,-20.352644,0.335634,0.335634,0.000733,-0.976794,-0.976794,-2.120697,0.035711,0.052035,195.496664,195.496664,487.959411,4,0.000000,true,
55.000000,1.350000,0.000000,341.550036,341.550036,341.550036,341.550036,1024.650109,0.000000,0.000000,21.560102,0.168207,-20.391606,0.323644,0.323644,0.000712,-1.018750,-1.018750,-2.124831,0.036730,0.051613,203.735073,203.735073,490.143732,4,0.000000,true,
55.000000,1.300000,0.000000,341.667531,341.667531,341.667531,341.667531,1025.002592,0.000000,0.000000,21.560473,0.178079,-20.430395,0.311649,0.311649,0.000703,-1.059792,-1.059792,-2.128987,0.037660,0.051774,211.802295,211.802295,492.360424,4,0.000000,true,
55.000000,1.250000,0.000000,342.437050,342.437050,342.437050,342.437050,1027.311149,0.000000,0.000000,21.562854,0.187372,-20.469401,0.299650,0.299650,0.000700,-1.099683,-1.099683,-2.133134,0.038425,0.052227,219.651551,219.651551,494.591208,3,0.000000,true,
55.000000,1.200000,0.000000,343.642248,343.642248,343.642248,343.642248,1030.926745,0.000000,0.000000,21.566442,0.195639,-20.508816,0.287650,0.287650,0.000700,-1.138369,-1.138369,-2.137257,0.039003,0.052811,227.271765,227.271765,496.826389,3,0.000000,true,
55.000000,1.150000,0.000000,345.138796,345.138796,345.138796,345.138796,1035.416388,0.000000,0.000000,21.570717,0.202692,-20.548734,0.275649,0.275649,0.000701,-1.175875,-1.175875,-2.141348,0.039395,0.053432,234.667113,234.667113,499.060602,3,0.000000,true,
55.000000,1.100000,0.000000,346.828229,346.828229,346.828229,346.828229,1040.484688,0.000000,0.000000,21.575338,0.208458,-20.589206,0.263649,0.263649,0.000702,-1.212257,-1.212257,-2.145404,0.039609,0.054034,241.848074,241.848074,501.290789,3,0.000000,true,
55.000000,1.050000,0.000000,348.641047,348.641047,348.641047,348.641047,1045.923141,0.000000,0.000000,21.580078,0.212915,-20.630256,0.251649,0.251649,0.000702,-1.247582,-1.247582,-2.149421,0.039653,0.054581,248.827444,248.827444,503.515212,3,0.000000,true,
55.000000,1.000000,0.000000,350.526272,350.526272,350.526272,350.526272,1051.578817,0.000000,0.000000,21.584778,0.216064,-20.671896,0.239650,0.239650,0.000700,-1.281919,-1.281919,-2.153400,0.039535,0.055050,255.618530,255.618530,505.732928,3,0.000000,true,
55.000000,0.950000,0.000000,352.444932,352.444932,352.444932,352.444932,1057.334796,0.000000,0.000000,21.589328,0.217915,-20.714130,0.227652,0.227652,0.000695,-1.315338,-1.315338,-2.157339,0.039261,0.055424,262.234316,262.234316,507.943498,3,0.000000,true,
55.000000,0.900000,0.000000,354.365837,354.365837,354.365837,354.365837,1063.097510,0.000000,0.000000,21.593650,0.218480,-20.756956,0.215656,0.215656,0.000689,-1.347902,-1.347902,-2.161241,0.038838,0.055690,268.687104,268.687104,510.146814,3,0.000000,true,
55.000000,0.850000,0.000000,356.262733,356.262733,356.262733,356.262733,1068.788198,0.000000,0.000000,21.597688,0.217771,-20.800369,0.203660,0.203660,0.000679,-1.379671,-1.379671,-2.165105,0.038268,0.055836,274.988387,274.988387,512.343002,3,0.000000,true,
55.000000,0.800000,0.000000,358.112252,358.112252,358.112252,358.112252,1074.336757,0.000000,0.000000,21.601400,0.215798,-20.844362,0.191667,0.191667,0.000667,-1.410701,-1.410701,-2.168933,0.037555,0.055854,281.148835,281.148835,514.532348,3,0.000000,true,
55.000000,0.750000,0.000000,359.892332,359.892332,359.892332,359.892332,1079.676996,0.000000,0.000000,21.604757,0.212568,-20.888928,0.179675,0.179675,0.000651,-1.441043,-1.441043,-2.172726,0.036699,0.055732,287.178345,287.178345,516.715271,3,0.000000,true,
55.000000,0.700000,0.000000,361.580857,361.580857,361.580857,361.580857,1084.742570,0.000000,0.000000,21.607736,0.208084,-20.934053,0.167684,0.167684,0.000632,-1.470746,-1.470746,-2.176487,0.035702,0.055460,293.086125,293.086125,518.892298,3,0.000000,true,
55.000000,0.650000,0.000000,363.154372,363.154372,363.154372,363.154372,1089.463115,0.000000,0.000000,21.610321,0.202347,-20.979727,0.155696,0.155696,0.000609,-1.499854,-1.499854,-2.180216,0.034561,0.055026,298.880799,298.880799,521.064063,3,0.000000,true,
55.000000,0.600000,0.000000,364.586700,364.586700,364.586700,364.586700,1093.760100,0.000000,0.000000,21.612500,0.195357,-21.025932,0.143709,0.143709,0.000582,-1.528409,-1.528409,-2.183915,0.033276,0.054418,304.570526,304.570526,523.231315,3,0.000000,true,
55.000000,0.550000,0.000000,365.847313,365.847313,365.847313,365.847313,1097.541938,0.000000,0.000000,21.614265,0.187112,-21.072652,0.131724,0.131724,0.000552,-1.556453,-1.556453,-2.187586,0.031842,0.053619,310.163148,310.163148,525.394941,3,0.000000,true,
55.000000,0.500000,0.000000,366.899252,366.899252,366.899252,366.899252,1100.697757,0.000000,0.000000,21.615611,0.177611,-21.119863,0.119741,0.119741,0.000517,-1.584024,-1.584024,-2.191232,0.030255,0.052610,315.666353,315.666353,527.556011,3,0.000000,true,
55.000000,0.450000,0.000000,367.696323,367.696323,367.696323,367.696323,1103.088970,0.000000,0.000000,21.616535,0.166856,-21.167536,0.107761,0.107761,0.000478,-1.611163,-1.611163,-2.194855,0.028511,0.051368,321.087878,321.087878,529.715833,3,0.000000,true,
55.000000,0.400000,0.000000,368.179108,368.179108,368.179108,368.179108,1104.537325,0.000000,0.000000,21.617037,0.154855,-21.215636,0.095782,0.095782,0.000436,-1.637911,-1.637911,-2.198458,0.026602,0.049865,326.435755,326.435755,531.876042,3,0.000000,true,
55.000000,0.350000,0.000000,368.269019,368.269019,368.269019,368.269019,1104.807058,0.000000,0.000000,21.617124,0.141625,-21.264113,0.083806,0.083806,0.000389,-1.664311,-1.664311,-2.202044,0.024519,0.048067,331.718580,331.718580,534.038699,3,0.000000,true,
55.000000,0.300000,0.000000,367.858720,367.858720,367.858720,367.858720,1103.576161,0.000000,0.000000,21.616805,0.127197,-21.312906,0.071831,0.071831,0.000339,-1.690412,-1.690412,-2.205617,0.022253,0.045928,336.945767,336.945767,536.206397,3,0.000000,true,
55.000000,0.250000,0.000000,366.794708,366.794708,366.794708,366.794708,1100.384123,0.000000,0.000000,21.616101,0.111596,-21.361938,0.059857,0.059857,0.000286,-1.716265,-1.716265,-2.209182,0.019789,0.043388,342.127597,342.127597,538.382286,3,0.000000,true,
55.000000,0.200000,0.000000,364.839549,364.839549,364.839549,364.839549,1094.518646,0.000000,0.000000,21.615042,0.094815,-21.411119,0.047885,0.047885,0.000230,-1.741925,-1.741925,-2.212745,0.017104,0.040361,347.274757,347.274757,540.569886,4,0.000000,true,
55.000000,0.150000,0.000000,361.571678,361.571678,361.571678,361.571678,1084.715034,0.000000,0.000000,21.613667,0.076707,-21.460358,0.035913,0.035913,0.000173,-1.767440,-1.767440,-2.216308,0.014152,0.036692,352.396917,352.396917,542.772492,4,0.000000,true,
55.000000,0.100000,0.000000,356.053746,356.053746,356.053746,356.053746,1068.161239,0.000000,0.000000,21.612020,0.056763,-21.509589,0.023942,0.023942,0.000116,-1.792842,-1.792842,-2.219874,0.010828,0.032050,357.500353,357.500353,544.992135,4,0.000000,true,
55.000000,0.050000,0.000000,345.231320,345.231320,345.231320,345.231320,1035.693961,0.000000,0.000000,21.610134,0.033545,-21.558796,0.011971,0.011971,0.000058,-1.818135,-1.818135,-2.223443,0.006847,0.025441,362.585770,362.585770,547.228583,4,0.000000,true,
55.000000,0.000000,0.000000,-0.000250,-0.000250,-0.000250,-0.000250,-0.000750,0.000000,0.000000,18.102098,0.000000,-18.102098,-0.000000,-0.000000,-0.000000,-5.293230,-5.293230,1.806997,0.000020,0.000020,652.297650,652.297650,375.652045,59,0.000000,true,
60.000000,4.000000,0.000000,401.132796,401.132796,401.132796,401.132796,1203.398389,0.000000,0.000000,21.926732,0.995903,-17.720874,0.950451,0.950451,0.019098,-0.086312,-0.086312,-2.048141,0.130790,0.147800,22.173303,22.173303,459.249302,6,0.000000,true,
60.000000,3.950000,0.000000,400.198392,400.198392,400.198392,400.198392,1200.595175,0.000000,0.000000,21.917697,0.989835,-17.771450,0.938705,0.938705,0.018591,-0.088933,-0.088933,-2.048812,0.130010,0.147583,22.680725,22.680725,459.362036,3,0.000000,true,
60.000000,3.900000,0.000000,399.262608,399.262608,399.262608,399.262608,1197.787823,0.000000,0.000000,21.908762,0.983394,-17.822026,0.926953,0.926953,0.018093,-0.091676,-0.091676,-2.049472,0.129194,0.147336,23.211776,23.211776,459.473810,3,0.000000,true,
60.000000,3.850000,0.000000,398.325127,398.325127,398.325127,398.325127,1194.975382,0.000000,0.000000,21.899926,0.976578,-17.872602,0.915198,0.915198,0.017605,-0.094550,-0.094550,-2.050123,0.128343,0.147057,23.768098,23.768098,459.584800,3,0.000000,true,
60.000000,3.800000,0.000000,397.385640,397.385640,397.385640,397.385640,1192.156920,0.000000,0.000000,21.891184,0.969384,-17.923179,0.903437,0.903437,0.017125,-0.097563,-0.097563,-2.050764,0.127455,0.146746,24.351485,24.351485,459.695189,3,0.000000,true,
60.000000,3.750000,0.000000,396.443843,396.443843,396.443843,396.443843,1189.331528,0.000000,0.000000,21.882536,0.961811,-17.973757,0.891673,0.891673,0.016654,-0.100727,-0.100727,-2.051397,0.126531,0.146403,24.963900,24.963900,459.805169,3,0.000000,true,
60.000000,3.700000,0.000000,395.499440,395.499440,395.499440,395.499440,1186.498320,0.000000,0.000000,21.873979,0.953854,-18.024337,0.879905,0.879905,0.016191,-0.104051,-0.104051,-2.052023,0.125571,0.146028,25.607493,25.607493,459.914945,3,0.000000,true,
60.000000,3.650000,0.000000,394.552146,394.552146,394.552146,394.552146,1183.656438,0.000000,0.000000,21.865510,0.945512,-18.074918,0.868132,0.868132,0.015735,-0.107549,-0.107549,-2.052641,0.124573,0.145618,26.284625,26.284625,460.024733,3,0.000000,true,
60.000000,3.600000,0.000000,393.601688,393.601688,393.601688,393.601688,1180.805064,0.000000,0.000000,21.857129,0.936782,-18.125503,0.856356,0.856356,0.015287,-0.111233,-0.111233,-2.053254,0.123537,0.145175,26.997893,26.997893,460.134769,3,0.000000,true,
60.000000,3.550000,0.000000,392.647807,392.647807,392.647807,392.647807,1177.943420,0.000000,0.000000,21.848834,0.927660,-18.176091,0.844577,0.844577,0.014846,-0.115119,-0.115119,-2.053861,0.122464,0.144696,27.750156,27.750156,460.245308,3,0.000000,true,
60.000000,3.500000,0.000000,391.690261,391.690261,391.690261,391.690261,1175.070784,0.000000,0.000000,21.840624,0.918143,-18.226682,0.832794,0.832794,0.014413,-0.119222,-0.119222,-2.054463,0.121351,0.144182,28.544572,28.544572,460.356631,3,0.000000,true,
60.000000,3.450000,0.000000,390.728834,390.728834,390.728834,390.728834,1172.186502,0.000000,0.000000,21.832497,0.908228,-18.277278,0.821007,0.821007,0.013986,-0.123561,-0.123561,-2.055061,0.120200,0.143631,29.384628,29.384628,460.469047,3,0.000000,true,
60.000000,3.400000,0.000000,389.763334,389.763334,389.763334,389.763334,1169.290003,0.000000,0.000000,21.824453,0.897912,-18.327879,0.809217,0.809217,0.013566,-0.128156,-0.128156,-2.055656,0.119009,0.143043,30.274189,30.274189,460.582904,3,0.000000,true,
60.000000,3.350000,0.000000,388.793606,388.793606,388.793606,388.793606,1166.380818,0.000000,0.000000,21.816492,0.887190,-18.378485,0.797424,0.797424,0.013152,-0.133028,-0.133028,-2.056250,0.117777,0.142416,31.217543,31.217543,460.698588,3,0.000000,true,
60.000000,3.300000,0.000000,387.819536,387.819536,387.819536,387.819536,1163.458608,0.000000,0.000000,21.808614,0.876058,-18.429098,0.785628,0.785628,0.012744,-0.138203,-0.138203,-2.056842,0.116505,0.141750,32.219453,32.219453,460.816539,3,0.000000,true,
60.000000,3.250000,0.000000,386.841064,386.841064,386.841064,386.841064,1160.523193,0.000000,0.000000,21.800819,0.864513,-18.479718,0.773828,0.773828,0.012343,-0.143708,-0.143708,-2.057435,0.115191,0.141044,33.285221,33.285221,460.937254,3,0.000000,true,
60.000000,3.200000,0.000000,385.858196,385.858196,385.858196,385.858196,1157.574589,0.000000,0.000000,21.793108,0.852550,-18.530345,0.762026,0.762026,0.011948,-0.149572,-0.149572,-2.058029,0.113834,0.140295,34.420759,34.420759,461.061303,3,0.000000,true,
60.000000,3.150000,0.000000,384.871019,384.871019,384.871019,384.871019,1154.613057,0.000000,0.000000,21.785484,0.840164,-18.580981,0.750221,0.750221,0.011558,-0.155831,-0.155831,-2.058626,0.112435,0.139504,35.632667,35.632667,461.189341,3,0.000000,true,
60.000000,3.100000,0.000000,383.879719,383.879719,383.879719,383.879719,1151.639158,0.000000,0.000000,21.777949,0.827351,-18.631627,0.738413,0.738413,0.011174,-0.162522,-0.162522,-2.059228,0.110991,0.138669,36.928317,36.928317,461.322124,3,0.000000,true,
60.000000,3.050000,0.000000,382.884607,382.884607,382.884607,382.884607,1148.653822,0.000000,0.000000,21.770505,0.814105,-18.682284,0.726602,0.726602,0.010796,-0.169688,-0.169688,-2.059837,0.109503,0.137789,38.315958,38.315958,461.460530,3,0.000000,true,
60.000000,3.000000,0.000000,381.886145,381.886145,381.886145,381.886145,1145.658434,0.000000,0.000000,21.763158,0.800422,-18.732952,0.714788,0.714788,0.010423,-0.177376,-0.177376,-2.060454,0.107969,0.136861,39.804815,39.804815,461.605581,3,0.000000,true,
60.000000,2.950000,0.000000,380.884977,380.884977,380.884977,380.884977,1142.654931,0.000000,0.000000,21.755913,0.786296,-18.783634,0.702972,0.702972,0.010056,-0.185640,-0.185640,-2.061082,0.106389,0.135884,41.405207,41.405207,461.758473,3,0.000000,true,
60.000000,2.900000,0.000000,379.881976,379.881976,379.881976,379.881976,1139.645927,0.000000,0.000000,21.748777,0.771721,-18.834330,0.691153,0.691153,0.009694,-0.194539,-0.194539,-2.061724,0.104761,0.134857,43.128667,43.128667,461.920608,3,0.000000,true,
60.000000,2.850000,0.000000,378.878282,378.878282,378.878282,378.878282,1136.634847,0.000000,0.000000,21.741757,0.756692,-18.885042,0.679331,0.679331,0.009338,-0.204139,-0.204139,-2.062384,0.103085,0.133778,44.988051,44.988051,462.093634,3,0.000000,true,
60.000000,2.800000,0.000000,377.875364,377.875364,377.875364,377.875364,1133.626093,0.000000,0.000000,21.734866,0.741202,-18.935772,0.667507,0.667507,0.008987,-0.214514,-0.214514,-2.063065,0.101360,0.132644,46.997647,46.997647,462.279492,3,0.000000,true,
60.000000,2.750000,0.000000,376.875071,376.875071,376.875071,376.875071,1130.625213,0.000000,0.000000,21.728113,0.725245,-18.986523,0.655679,0.655679,0.008641,-0.225746,-0.225746,-2.063772,0.099585,0.131453,49.173246,49.173246,462.480466,3,0.000000,true,
60.000000,2.700000,0.000000,375.879697,375.879697,375.879697,375.879697,1127.639091,0.000000,0.000000,21.721515,0.708816,-19.037295,0.643849,0.643849,0.008301,-0.237922,-0.237922,-2.064511,0.097758,0.130203,51.532166,51.532166,462.699244,3,0.000000,true,
60.000000,2.650000,0.000000,374.892039,374.892039,374.892039,374.892039,1124.676116,0.000000,0.000000,21.715089,0.691907,-19.088093,0.632017,0.632017,0.007967,-0.251140,-0.251140,-2.065287,0.095879,0.128891,54.093185,54.093185,462.938978,3,0.000000,true,
60.000000,2.600000,0.000000,373.915440,373.915440,373.915440,373.915440,1121.746319,0.000000,0.000000,21.708852,0.674513,-19.138919,0.620181,0.620181,0.007638,-0.265503,-0.265503,-2.066109,0.093946,0.127514,56.876341,56.876341,463.203345,3,0.000000,true,
60.000000,2.550000,0.000000,372.953805,372.953805,372.953805,372.953805,1118.861414,0.000000,0.000000,21.702829,0.656628,-19.189776,0.608343,0.608343,0.007314,-0.281119,-0.281119,-2.066984,0.091960,0.126069,59.902539,59.902539,463.496599,3,0.000000,true,
60.000000,2.500000,0.000000,372.011558,372.011558,372.011558,372.011558,1116.034675,0.000000,0.000000,21.697041,0.638243,-19.240669,0.596502,0.596502,0.006997,-0.298095,-0.298095,-2.067923,0.089918,0.124552,63.192894,63.192894,463.823600,3,0.000000,true,
60.000000,2.450000,0.000000,371.093517,371.093517,371.093517,371.093517,1113.280551,0.000000,0.000000,21.691514,0.619355,-19.291603,0.584658,0.584658,0.006685,-0.316535,-0.316535,-2.068936,0.087821,0.122958,66.767749,66.767749,464.189812,3,0.000000,true,
60.000000,2.400000,0.000000,370.204628,370.204628,370.204628,370.204628,1110.613885,0.000000,0.000000,21.686270,0.599954,-19.342582,0.572811,0.572811,0.006378,-0.336533,-0.336533,-2.070036,0.085666,0.121284,70.645325,70.645325,464.601229,3,0.000000,true,
60.000000,2.350000,0.000000,369.349539,369.349539,369.349539,369.349539,1108.048618,0.000000,0.000000,21.681330,0.580035,-19.393612,0.560961,0.560961,0.006077,-0.358162,-0.358162,-2.071235,0.083454,0.119524,74.840033,74.840033,465.064233,3,0.000000,true,
60.000000,2.300000,0.000000,368.531959,368.531959,368.531959,368.531959,1105.595878,0.000000,0.000000,21.676706,0.559591,-19.444701,0.549109,0.549109,0.005781,-0.381464,-0.381464,-2.072545,0.081183,0.117671,79.360576,79.360576,465.585345,3,0.000000,true,
60.000000,2.250000,0.000000,367.753811,367.753811,367.753811,367.753811,1103.261432,0.000000,0.000000,21.672399,0.538612,-19.495855,0.537255,0.537255,0.005491,-0.406445,-0.406445,-2.073981,0.078854,0.115718,84.208108,84.208108,466.170887,3,0.000000,true,
60.000000,2.200000,0.000000,367.014210,367.014210,367.014210,367.014210,1101.042630,0.000000,0.000000,21.668396,0.517089,-19.547082,0.525398,0.525398,0.005204,-0.433061,-0.433061,-2.075552,0.076464,0.113656,89.374826,89.374826,466.826569,3,0.000000,true,
60.000000,2.150000,0.000000,366.308366,366.308366,366.308366,366.308366,1098.925097,0.000000,0.000000,21.664661,0.495014,-19.598390,0.513539,0.513539,0.004922,-0.461221,-0.461221,-2.077268,0.074014,0.111476,94.843424,94.843424,467.557075,3,0.000000,true,
60.000000,2.100000,0.000000,365.626495,365.626495,365.626495,365.626495,1096.879485,0.000000,0.000000,21.661136,0.472377,-19.649783,0.501679,0.501679,0.004642,-0.490787,-0.490787,-2.079136,0.071502,0.109165,100.587714,100.587714,468.365722,3,0.000000,true,
60.000000,2.050000,0.000000,364.952859,364.952859,364.952859,364.952859,1094.858578,0.000000,0.000000,21.657736,0.449172,-19.701268,0.489818,0.489818,0.004364,-0.521587,-0.521587,-2.081159,0.068928,0.106708,106.574473,106.574473,469.254266,3,0.000000,true,
60.000000,2.000000,0.000000,364.264921,364.264921,364.264921,364.264921,1092.794764,0.000000,0.000000,21.654348,0.425398,-19.752843,0.477957,0.477957,0.004087,-0.553425,-0.553425,-2.083336,0.066293,0.104089,112.766260,112.766260,470.222929,3,0.000000,true,
60.000000,1.950000,0.000000,363.532553,363.532553,363.532553,363.532553,1090.597658,0.000000,0.000000,21.650830,0.401068,-19.804501,0.466096,0.466096,0.003809,-0.586101,-0.586101,-2.085665,0.063598,0.101288,119.124763,119.124763,471.270633,3,0.000000,true,
60.000000,1.900000,0.000000,362.717129,362.717129,362.717129,362.717129,1088.151387,0.000000,0.000000,21.647013,0.376215,-19.856224,0.454235,0.454235,0.003530,-0.619429,-0.619429,-2.088142,0.060847,0.098283,125.614202,125.614202,472.395428,3,0.000000,true,
60.000000,1.850000,0.000000,361.770379,361.770379,361.770379,361.770379,1085.311137,0.000000,0.000000,21.642696,0.350917,-19.907976,0.442375,0.442375,0.003250,-0.653253,-0.653253,-2.090760,0.058050,0.095049,132.204540,132.204540,473.595085,3,0.000000,true,
60.000000,1.800000,0.000000,360.633104,360.633104,360.633104,360.633104,1081.899311,0.000000,0.000000,21.637650,0.325323,-19.959691,0.430516,0.430516,0.002968,-0.687463,-0.687463,-2.093515,0.055225,0.091561,138.874605,138.874605,474.867842,3,0.000000,true,
60.000000,1.750000,0.000000,359.234689,359.234689,359.234689,359.234689,1077.704066,0.000000,0.000000,21.631615,0.299714,-20.011259,0.418657,0.418657,0.002686,-0.722011,-0.722011,-2.096403,0.052406,0.087800,145.615626,145.615626,476.213403,3,0.000000,true,
60.000000,1.700000,0.000000,357.496674,357.496674,357.496674,357.496674,1072.490022,0.000000,0.000000,21.624326,0.274599,-20.062485,0.406797,0.406797,0.002406,-0.756939,-0.756939,-2.099425,0.049654,0.083764,152.436044,152.436044,477.634328,3,0.000000,true,
60.000000,1.650000,0.000000,355.349525,355.349525,355.349525,355.349525,1066.048574,0.000000,0.000000,21.615582,0.250881,-20.113052,0.394932,0.394932,0.002135,-0.792412,-0.792412,-2.102589,0.047076,0.079497,159.368122,159.368122,479.138012,3,0.000000,true,
60.000000,1.600000,0.000000,352.782270,352.782270,352.782270,352.782270,1058.346809,0.000000,0.000000,21.605438,0.230050,-20.162453,0.383058,0.383058,0.001884,-0.828743,-0.828743,-2.105910,0.044841,0.075145,166.473475,166.473475,480.738736,3,0.000000,true,
60.000000,1.550000,0.000000,349.941074,349.941074,349.941074,349.941074,1049.823221,0.000000,0.000000,21.594554,0.214144,-20.210025,0.371167,0.371167,0.001666,-0.866343,-0.866343,-2.109411,0.043171,0.071019,173.832786,173.832786,482.456666,3,0.000000,true,
60.000000,1.500000,0.000000,347.204575,347.204575,347.204575,347.204575,1041.613724,0.000000,0.000000,21.584399,0.204918,-20.255222,0.359252,0.359252,0.001496,-0.905456,-0.905456,-2.113108,0.042232,0.067559,181.494092,181.494092,484.307315,3,0.000000,true,
60.000000,1.450000,0.000000,345.040817,345.040817,345.040817,345.040817,1035.122450,0.000000,0.000000,21.576628,0.202427,-20.298070,0.347311,0.347311,0.001377,-0.945804,-0.945804,-2.116980,0.041984,0.065082,189.403975,189.403975,486.284567,3,0.000000,true,
60.000000,1.400000,0.000000,343.711103,343.711103,343.711103,343.711103,1031.133308,0.000000,0.000000,21.572010,0.204892,-20.339196,0.335349,0.335349,0.001302,-0.986663,-0.986663,-2.120977,0.042194,0.063583,197.421258,197.421258,488.359660,3,0.000000,true,
60.000000,1.350000,0.000000,343.198577,343.198577,343.198577,343.198577,1029.595730,0.000000,0.000000,21.570288,0.210090,-20.379381,0.323372,0.323372,0.001256,-1.027305,-1.027305,-2.125042,0.042609,0.062831,205.403650,205.403650,490.498752,3,0.000000,true,
60.000000,1.300000,0.000000,343.351478,343.351478,343.351478,343.351478,1030.054434,0.000000,0.000000,21.570775,0.216353,-20.419222,0.311386,0.311386,0.001228,-1.067250,-1.067250,-2.129135,0.043057,0.062570,213.257136,213.257136,492.675567,3,0.000000,true,
60.000000,1.250000,0.000000,344.003176,344.003176,344.003176,344.003176,1032.009527,0.000000,0.000000,21.572792,0.222663,-20.459099,0.299395,0.299395,0.001210,-1.106255,-1.106255,-2.133229,0.043442,0.062602,220.933312,220.933312,494.872908,3,0.000000,true,
60.000000,1.200000,0.000000,345.015125,345.015125,345.015125,345.015125,1035.045375,0.000000,0.000000,21.575804,0.228447,-20.499238,0.287401,0.287401,0.001197,-1.144220,-1.144220,-2.137307,0.043718,0.062793,228.412679,228.412679,497.080128,3,0.000000,true,
60.000000,1.150000,0.000000,346.281508,346.281508,346.281508,346.281508,1038.844525,0.000000,0.000000,21.579421,0.233390,-20.539773,0.275406,0.275406,0.001187,-1.181131,-1.181131,-2.141362,0.043862,0.063055,235.691621,235.691621,499.290700,3,0.000000,true,
60.000000,1.100000,0.000000,347.723090,347.723090,347.723090,347.723090,1043.169271,0.000000,0.000000,21.583365,0.237319,-20.580781,0.263411,0.263411,0.001178,-1.217012,-1.217012,-2.145386,0.043867,0.063329,242.774679,242.774679,501.500614,3,0.000000,true,
60.000000,1.050000,0.000000,349.280090,349.280090,349.280090,349.280090,1047.840269,0.000000,0.000000,21.587436,0.240139,-20.622309,0.251416,0.251416,0.001168,-1.251909,-1.251909,-2.149377,0.043729,0.063574,249.670353,249.670353,503.707423,3,0.000000,true,
60.000000,1.000000,0.000000,350.906440,350.906440,350.906440,350.906440,1052.719319,0.000000,0.000000,21.591490,0.241801,-20.664383,0.239422,0.239422,0.001156,-1.285875,-1.285875,-2.153333,0.043449,0.063761,256.388857,256.388857,505.909670,3,0.000000,true,
60.000000,0.950000,0.000000,352.565564,352.565564,352.565564,352.565564,1057.696692,0.000000,0.000000,21.595425,0.242277,-20.707019,0.227430,0.227430,0.001141,-1.318968,-1.318968,-2.157255,0.043026,0.063869,262.940928,262.940928,508.106546,3,0.000000,true,
60.000000,0.900000,0.000000,354.227329,354.227329,354.227329,354.227329,1062.681986,0.000000,0.000000,21.599164,0.241553,-20.750221,0.215439,0.215439,0.001122,-1.351244,-1.351244,-2.161143,0.042463,0.063882,269.337220,269.337220,510.297676,3,0.000000,true,
60.000000,0.850000,0.000000,355.865803,355.865803,355.865803,355.865803,1067.597410,0.000000,0.000000,21.602652,0.239623,-20.793991,0.203450,0.203450,0.001100,-1.382755,-1.382755,-2.164996,0.041761,0.063785,275.587992,275.587992,512.482988,3,0.000000,true,
60.000000,0.800000,0.000000,357.457552,357.457552,357.457552,357.457552,1072.372655,0.000000,0.000000,21.605847,0.236484,-20.838325,0.191463,0.191463,0.001074,-1.413552,-1.413552,-2.168817,0.040918,0.063566,281.702986,281.702986,514.662628,3,0.000000,true,
60.000000,0.750000,0.000000,358.980241,358.980241,358.980241,358.980241,1076.940723,0.000000,0.000000,21.608718,0.232132,-20.883218,0.179478,0.179478,0.001044,-1.443684,-1.443684,-2.172606,0.039936,0.063213,287.691384,287.691384,516.836909,3,0.000000,true,
60.000000,0.700000,0.000000,360.411414,360.411414,360.411414,360.411414,1081.234243,0.000000,0.000000,21.611243,0.226565,-20.928660,0.167496,0.167496,0.001008,-1.473195,-1.473195,-2.176366,0.038813,0.062715,293.561841,293.561841,519.006281,3,0.000000,true,
60.000000,0.650000,0.000000,361.727291,361.727291,361.727291,361.727291,1085.181872,0.000000,0.000000,21.613405,0.219781,-20.974639,0.155516,0.155516,0.000968,-1.502129,-1.502129,-2.180097,0.037547,0.062057,299.322537,299.322537,521.171317,3,0.000000,true,
60.000000,0.600000,0.000000,362.901464,362.901464,362.901464,362.901464,1088.704392,0.000000,0.000000,21.615192,0.211776,-21.021141,0.143539,0.143539,0.000922,-1.530525,-1.530525,-2.183801,0.036136,0.061226,304.981267,304.981267,523.332714,3,0.000000,true,
60.000000,0.550000,0.000000,363.903359,363.903359,363.903359,363.903359,1091.710077,0.000000,0.000000,21.616595,0.202545,-21.068149,0.131565,0.131565,0.000871,-1.558422,-1.558422,-2.187480,0.034574,0.060204,310.545537,310.545537,525.491304,3,0.000000,true,
60.000000,0.500000,0.000000,364.696239,364.696239,364.696239,364.696239,1094.088717,0.000000,0.000000,21.617610,0.192084,-21.115640,0.119593,0.119593,0.000814,-1.585858,-1.585858,-2.191136,0.032858,0.058973,316.022691,316.022691,527.648081,3,0.000000,true,
60.000000,0.450000,0.000000,365.234463,365.234463,365.234463,365.234463,1095.703390,0.000000,0.000000,21.618235,0.180389,-21.163588,0.107624,0.107624,0.000752,-1.612871,-1.612871,-2.194771,0.030980,0.057508,321.420043,321.420043,529.804232,3,0.000000,true,
60.000000,0.400000,0.000000,365.459463,365.459463,365.459463,365.459463,1096.378390,0.000000,0.000000,21.618471,0.167458,-21.211959,0.095658,0.095658,0.000684,-1.639500,-1.639500,-2.198389,0.028932,0.055781,326.745030,326.745030,531.961186,3,0.000000,true,
60.000000,0.350000,0.000000,365.293410,365.293410,365.293410,365.293410,1095.880230,0.000000,0.000000,21.618324,0.153286,-21.260712,0.083695,0.083695,0.000611,-1.665782,-1.665782,-2.201991,0.026703,0.053753,332.005345,332.005345,534.120656,3,0.000000,true,
60.000000,0.300000,0.000000,364.628357,364.628357,364.628357,364.628357,1093.885070,0.000000,0.000000,21.617804,0.137862,-21.309796,0.071734,0.071734,0.000533,-1.691760,-1.691760,-2.205581,0.024280,0.051376,337.209021,337.209021,536.284667,3,0.000000,true,
60.000000,0.250000,0.000000,363.305492,363.305492,363.305492,363.305492,1089.916475,0.000000,0.000000,21.616927,0.121154,-21.359152,0.059775,0.059775,0.000451,-1.717476,-1.717476,-2.209161,0.021641,0.048581,342.364360,342.364360,538.455521,3,0.000000,true,
60.000000,0.200000,0.000000,361.069917,361.069917,361.069917,361.069917,1083.209751,0.000000,0.000000,21.615714,0.103069,-21.408713,0.047818,0.047818,0.000365,-1.742970,-1.742970,-2.212736,0.018754,0.045261,347.479563,347.479563,540.635645,3,0.000000,true,
60.000000,0.150000,0.000000,357.455202,357.455202,357.455202,357.455202,1072.365606,0.000000,0.000000,21.614193,0.083369,-21.458416,0.035862,0.035862,0.000276,-1.768281,-1.768281,-2.216308,0.015558,0.041228,352.561936,352.561936,542.827244,4,0.000000,true,
60.000000,0.100000,0.000000,351.416960,351.416960,351.416960,351.416960,1054.250881,0.000000,0.000000,21.612391,0.061491,-21.508211,0.023907,0.023907,0.000185,-1.793434,-1.793434,-2.219878,0.011930,0.036085,357.616713,357.616713,545.031790,4,0.000000,true,
60.000000,0.050000,0.000000,339.589376,339.589376,339.589376,339.589376,1018.768129,0.000000,0.000000,21.610330,0.036020,-21.558074,0.011953,0.011953,0.000093,-1.818441,-1.818441,-2.223446,0.007554,0.028690,362.645952,362.645952,547.249508,4,0.000000,true,
60.000000,0.000000,0.000000,0.002818,0.002818,0.002818,0.002818,0.008454,0.000000,0.000000,21.608021,0.000002,-21.608020,0.000000,0.000000,0.000000,-1.843295,-1.843295,-2.227010,0.000097,0.000097,367.648216,367.648216,549.479185,24,0.000000,true,
65.000000,4.000000,0.000000,399.763808,399.763808,399.763808,399.763808,1199.291425,0.000000,0.000000,21.939609,1.074299,-17.696013,0.947403,0.947403,0.025194,-0.087424,-0.087424,-2.040833,0.138773,0.158858,22.376270,22.376270,458.116718,6,0.000000,true,
65.000000,3.950000,0.000000,398.753614,398.753614,398.753614,398.753614,1196.260843,0.000000,0.000000,21.929841,1.066809,-17.747040,0.935745,0.935745,0.024510,-0.090071,-0.090071,-2.041721,0.137915,0.158491,22.888845,22.888845,458.263409,3,0.000000,true,
65.000000,3.900000,0.000000,397.741518,397.741518,397.741518,397.741518,1193.224554,0.000000,0.000000,21.920178,1.058964,-17.798062,0.924080,0.924080,0.023840,-0.092843,-0.092843,-2.042593,0.137023,0.158096,23.425419,23.425419,458.408310,3,0.000000,true,
65.000000,3.850000,0.000000,396.727185,396.727185,396.727185,396.727185,1190.181554,0.000000,0.000000,21.910617,1.050759,-17.849078,0.912409,0.912409,0.023183,-0.095747,-0.095747,-2.043450,0.136096,0.157671,23.987666,23.987666,458.551637,3,0.000000,true,
65.000000,3.800000,0.000000,395.710284,395.710284,395.710284,395.710284,1187.130853,0.000000,0.000000,21.901155,1.042193,-17.900090,0.900731,0.900731,0.022538,-0.098794,-0.098794,-2.044293,0.135134,0.157216,24.577414,24.577414,458.693611,3,0.000000,true,
65.000000,3.750000,0.000000,394.690492,394.690492,394.690492,394.690492,1184.071475,0.000000,0.000000,21.891791,1.033263,-17.951098,0.889047,0.889047,0.021906,-0.101992,-0.101992,-2.045123,0.134136,0.156730,25.196662,25.196662,458.834461,3,0.000000,true,
65.000000,3.700000,0.000000,393.667489,393.667489,393.667489,393.667489,1181.002468,0.000000,0.000000,21.882521,1.023964,-18.002104,0.877357,0.877357,0.021286,-0.105355,-0.105355,-2.045941,0.133102,0.156213,25.847605,25.847605,458.974424,3,0.000000,true,
65.000000,3.650000,0.000000,392.640966,392.640966,392.640966,392.640966,1177.922899,0.000000,0.000000,21.873345,1.014294,-18.053106,0.865661,0.865661,0.020677,-0.108893,-0.108893,-2.046747,0.132032,0.155664,26.532650,26.532650,459.113753,3,0.000000,true,
65.000000,3.600000,0.000000,391.610624,391.610624,391.610624,391.610624,1174.831871,0.000000,0.000000,21.864259,1.004250,-18.104107,0.853961,0.853961,0.020079,-0.112622,-0.112622,-2.047543,0.130925,0.155082,27.254447,27.254447,459.252714,3,0.000000,true,
65.000000,3.550000,0.000000,390.576174,390.576174,390.576174,390.576174,1171.728522,0.000000,0.000000,21.855264,0.993828,-18.155107,0.842254,0.842254,0.019491,-0.116555,-0.116555,-2.048330,0.129781,0.154466,28.015916,28.015916,459.391595,3,0.000000,true,
65.000000,3.500000,0.000000,389.537348,389.537348,389.537348,389.537348,1168.612044,0.000000,0.000000,21.846356,0.983026,-18.206107,0.830543,0.830543,0.018914,-0.120710,-0.120710,-2.049108,0.128598,0.153816,28.820280,28.820280,459.530706,3,0.000000,true,
65.000000,3.450000,0.000000,388.493896,388.493896,388.493896,388.493896,1165.481689,0.000000,0.000000,21.837536,0.971838,-18.257106,0.818827,0.818827,0.018346,-0.125105,-0.125105,-2.049878,0.127377,0.153131,29.671104,29.671104,459.670390,3,0.000000,true,
65.000000,3.400000,0.000000,387.445597,387.445597,387.445597,387.445597,1162.336791,0.000000,0.000000,21.828802,0.960262,-18.308106,0.807106,0.807106,0.017788,-0.129760,-0.129760,-2.050642,0.126117,0.152409,30.572336,30.572336,459.811022,3,0.000000,true,
65.000000,3.350000,0.000000,386.392261,386.392261,386.392261,386.392261,1159.176784,0.000000,0.000000,21.820155,0.948294,-18.359108,0.795380,0.795380,0.017240,-0.134698,-0.134698,-2.051401,0.124817,0.151650,31.528361,31.528361,459.953022,3,0.000000,true,
65.000000,3.300000,0.000000,385.333742,385.333742,385.333742,385.333742,1156.001227,0.000000,0.000000,21.811593,0.935930,-18.410112,0.783650,0.783650,0.016700,-0.139944,-0.139944,-2.052156,0.123477,0.150852,32.544050,32.544050,460.096859,3,0.000000,true,
65.000000,3.250000,0.000000,384.269946,384.269946,384.269946,384.269946,1152.809837,0.000000,0.000000,21.803119,0.923165,-18.461118,0.771916,0.771916,0.016169,-0.145527,-0.145527,-2.052907,0.122095,0.150015,33.624830,33.624830,460.243064,3,0.000000,true,
65.000000,3.200000,0.000000,383.200843,383.200843,383.200843,383.200843,1149.602530,0.000000,0.000000,21.794732,0.909996,-18.512128,0.760177,0.760177,0.015646,-0.151476,-0.151476,-2.053658,0.120672,0.149138,34.776750,34.776750,460.392241,3,0.000000,true,
65.000000,3.150000,0.000000,382.126488,382.126488,382.126488,382.126488,1146.379463,0.000000,0.000000,21.786434,0.896418,-18.563143,0.748434,0.748434,0.015132,-0.157828,-0.157828,-2.054408,0.119206,0.148218,36.006567,36.006567,460.545080,3,0.000000,true,
65.000000,3.100000,0.000000,381.047034,381.047034,381.047034,381.047034,1143.141101,0.000000,0.000000,21.778229,0.882427,-18.614162,0.736687,0.736687,0.014626,-0.164621,-0.164621,-2.055161,0.117697,0.147256,37.321831,37.321831,460.702378,3,0.000000,true,
65.000000,3.050000,0.000000,379.962760,379.962760,379.962760,379.962760,1139.888281,0.000000,0.000000,21.770119,0.868018,-18.665188,0.724936,0.724936,0.014128,-0.171898,-0.171898,-2.055917,0.116144,0.146249,38.730991,38.730991,460.865054,3,0.000000,true,
65.000000,3.000000,0.000000,378.874102,378.874102,378.874102,378.874102,1136.622307,0.000000,0.000000,21.762108,0.853187,-18.716220,0.713181,0.713181,0.013638,-0.179709,-0.179709,-2.056679,0.114546,0.145196,40.243498,40.243498,461.034178,3,0.000000,true,
65.000000,2.950000,0.000000,377.781682,377.781682,377.781682,377.781682,1133.345046,0.000000,0.000000,21.754202,0.837929,-18.767260,0.701422,0.701422,0.013156,-0.188108,-0.188108,-2.057451,0.112903,0.144095,41.869923,41.869923,461.210998,3,0.000000,true,
65.000000,2.900000,0.000000,376.686354,376.686354,376.686354,376.686354,1130.059062,0.000000,0.000000,21.746409,0.822240,-18.818310,0.689659,0.689659,0.012681,-0.197156,-0.197156,-2.058234,0.111213,0.142945,43.622076,43.622076,461.396977,3,0.000000,true,
65.000000,2.850000,0.000000,375.589250,375.589250,375.589250,375.589250,1126.767751,0.000000,0.000000,21.738736,0.806116,-18.869369,0.677893,0.677893,0.012215,-0.206920,-0.206920,-2.059033,0.109476,0.141743,45.513123,45.513123,461.593831,3,0.000000,true,
65.000000,2.800000,0.000000,374.491839,374.491839,374.491839,374.491839,1123.475517,0.000000,0.000000,21.731195,0.789551,-18.920440,0.666122,0.666122,0.011756,-0.217476,-0.217476,-2.059852,0.107691,0.140489,47.557681,47.557681,461.803578,3,0.000000,true,
65.000000,2.750000,0.000000,373.395982,373.395982,373.395982,373.395982,1120.187947,0.000000,0.000000,21.723798,0.772542,-18.971524,0.654348,0.654348,0.011304,-0.228907,-0.228907,-2.060695,0.105857,0.139179,49.771894,49.771894,462.028592,3,0.000000,true,
65.000000,2.700000,0.000000,372.304002,372.304002,372.304002,372.304002,1116.912005,0.000000,0.000000,21.716560,0.755085,-19.022622,0.642570,0.642570,0.010860,-0.241304,-0.241304,-2.061568,0.103974,0.137811,52.173435,52.173435,462.271665,3,0.000000,true,
65.000000,2.650000,0.000000,371.218735,371.218735,371.218735,371.218735,1113.656206,0.000000,0.000000,21.709498,0.737177,-19.073737,0.630788,0.630788,0.010424,-0.254765,-0.254765,-2.062478,0.102041,0.136383,54.781430,54.781430,462.536063,3,0.000000,true,
65.000000,2.600000,0.000000,370.143586,370.143586,370.143586,370.143586,1110.430757,0.000000,0.000000,21.702632,0.718815,-19.124869,0.619002,0.619002,0.009996,-0.269396,-0.269396,-2.063432,0.100057,0.134893,57.616222,57.616222,462.825594,3,0.000000,true,
65.000000,2.550000,0.000000,369.082529,369.082529,369.082529,369.082529,1107.247588,0.000000,0.000000,21.695986,0.699997,-19.176023,0.607212,0.607212,0.009576,-0.285303,-0.285303,-2.064439,0.098022,0.133337,60.698944,60.698944,463.144653,3,0.000000,true,
65.000000,2.500000,0.000000,368.040074,368.040074,368.040074,368.040074,1104.120221,0.000000,0.000000,21.689583,0.680721,-19.227198,0.595418,0.595418,0.009163,-0.302597,-0.302597,-2.065510,0.095935,0.131712,64.050808,64.050808,463.498252,3,0.000000,true,
65.000000,2.450000,0.000000,367.021120,367.021120,367.021120,367.021120,1101.063360,0.000000,0.000000,21.683448,0.660987,-19.278399,0.583620,0.583620,0.008759,-0.321380,-0.321380,-2.066654,0.093797,0.130014,67.692063,67.692063,463.892002,3,0.000000,true,
65.000000,2.400000,0.000000,366.030694,366.030694,366.030694,366.030694,1098.092083,0.000000,0.000000,21.677605,0.640797,-19.329629,0.571819,0.571819,0.008363,-0.341745,-0.341745,-2.067886,0.091608,0.128241,71.640592,71.640592,464.332040,3,0.000000,true,
65.000000,2.350000,0.000000,365.073509,365.073509,365.073509,365.073509,1095.220526,0.000000,0.000000,21.672075,0.620151,-19.380890,0.560013,0.560013,0.007974,-0.363759,-0.363759,-2.069216,0.089367,0.126386,75.910186,75.910186,464.824864,3,0.000000,true,
65.000000,2.300000,0.000000,364.153325,364.153325,364.153325,364.153325,1092.459976,0.000000,0.000000,21.666871,0.599054,-19.432185,0.548203,0.548203,0.007594,-0.387463,-0.387463,-2.070659,0.087075,0.124445,80.508655,80.508655,465.377074,3,0.000000,true,
65.000000,2.250000,0.000000,363.272135,363.272135,363.272135,363.272135,1089.816404,0.000000,0.000000,21.661994,0.577508,-19.483518,0.536390,0.536390,0.007221,-0.412855,-0.412855,-2.072227,0.084733,0.122413,85.436067,85.436067,465.995025,3,0.000000,true,
65.000000,2.200000,0.000000,362.429206,362.429206,362.429206,362.429206,1087.287618,0.000000,0.000000,21.657431,0.555522,-19.534893,0.524573,0.524573,0.006854,-0.439885,-0.439885,-2.073932,0.082342,0.120282,90.683509,90.683509,466.684420,3,0.000000,true,
65.000000,2.150000,0.000000,361.620115,361.620115,361.620115,361.620115,1084.860345,0.000000,0.000000,21.653150,0.533102,-19.586309,0.512753,0.512753,0.006494,-0.468459,-0.468459,-2.075782,0.079903,0.118044,96.232793,96.232793,467.449906,3,0.000000,true,
65.000000,2.100000,0.000000,360.835887,360.835887,360.835887,360.835887,1082.507662,0.000000,0.000000,21.649096,0.510265,-19.637766,0.500931,0.500931,0.006139,-0.498437,-0.498437,-2.077784,0.077418,0.115691,102.057360,102.057360,468.294775,3,0.000000,true,
65.000000,2.050000,0.000000,360.062373,360.062373,360.062373,360.062373,1080.187118,0.000000,0.000000,21.645192,0.487033,-19.689258,0.489106,0.489106,0.005788,-0.529647,-0.529647,-2.079940,0.074889,0.113211,108.124397,108.124397,469.220828,3,0.000000,true,
65.000000,2.000000,0.000000,359.279927,359.279927,359.279927,359.279927,1077.839781,0.000000,0.000000,21.641338,0.463444,-19.740774,0.477280,0.477280,0.005440,-0.561901,-0.561901,-2.082252,0.072321,0.110595,114.397861,114.397861,470.228448,3,0.000000,true,
65.000000,1.950000,0.000000,358.463414,358.463414,358.463414,358.463414,1075.390241,0.000000,0.000000,21.637416,0.439561,-19.792290,0.465453,0.465453,0.005095,-0.595012,-0.595012,-2.084716,0.069720,0.107831,120.841933,120.841933,471.316904,3,0.000000,true,
65.000000,1.900000,0.000000,357.582569,357.582569,357.582569,357.582569,1072.747708,0.000000,0.000000,21.633292,0.415484,-19.843766,0.453624,0.453624,0.004751,-0.628813,-0.628813,-2.087330,0.067098,0.104909,127.424444,127.424444,472.484830,3,0.000000,true,
65.000000,1.850000,0.000000,356.602929,356.602929,356.602929,356.602929,1069.808786,0.000000,0.000000,21.628825,0.391376,-19.895140,0.441795,0.441795,0.004410,-0.663171,-0.663171,-2.090087,0.064472,0.101821,134.119998,134.119998,473.730839,3,0.000000,true,
65.000000,1.800000,0.000000,355.487913,355.487913,355.487913,355.487913,1066.463739,0.000000,0.000000,21.623877,0.367493,-19.946313,0.429964,0.429964,0.004073,-0.698003,-0.698003,-2.092985,0.061869,0.098568,140.912748,140.912748,475.054263,3,0.000000,true,
65.000000,1.750000,0.000000,354.203454,354.203454,354.203454,354.203454,1062.610361,0.000000,0.000000,21.618333,0.344230,-19.997136,0.418129,0.418129,0.003741,-0.733287,-0.733287,-2.096020,0.059333,0.095165,147.798875,147.798875,476.455972,3,0.000000,true,
65.000000,1.700000,0.000000,352.727674,352.727674,352.727674,352.727674,1058.183021,0.000000,0.000000,21.612142,0.322180,-20.047392,0.406290,0.406290,0.003421,-0.769074,-0.769074,-2.099193,0.056927,0.091653,154.788485,154.788485,477.939200,3,0.000000,true,
65.000000,1.650000,0.000000,351.068804,351.068804,351.068804,351.068804,1053.206413,0.000000,0.000000,21.605385,0.302174,-20.096783,0.394441,0.394441,0.003118,-0.805485,-0.805485,-2.102508,0.054740,0.088118,161.905417,161.905417,479.510056,3,0.000000,true,
65.000000,1.600000,0.000000,349.291028,349.291028,349.291028,349.291028,1047.873084,0.000000,0.000000,21.598358,0.285241,-20.144952,0.382578,0.382578,0.002844,-0.842678,-0.842678,-2.105969,0.052878,0.084704,169.181221,169.181221,481.176839,3,0.000000,true,
65.000000,1.550000,0.000000,347.533937,347.533937,347.533937,347.533937,1042.601811,0.000000,0.000000,21.591625,0.272378,-20.191564,0.370697,0.370697,0.002607,-0.880770,-0.880770,-2.109579,0.051439,0.081603,176.638613,176.638613,482.946860,3,0.000000,true,
65.000000,1.500000,0.000000,345.993426,345.993426,345.993426,345.993426,1037.980277,0.000000,0.000000,21.585907,0.264111,-20.236460,0.358792,0.358792,0.002415,-0.919706,-0.919706,-2.113331,0.050464,0.079005,184.267618,184.267618,484.820893,3,0.000000,true,
65.000000,1.450000,0.000000,344.851070,344.851070,344.851070,344.851070,1034.553211,0.000000,0.000000,21.581804,0.260161,-20.279768,0.346865,0.346865,0.002269,-0.959205,-0.959205,-2.117202,0.049909,0.077014,192.013594,192.013594,486.789168,3,0.000000,true,
65.000000,1.400000,0.000000,344.203321,344.203321,344.203321,344.203321,1032.609964,0.000000,0.000000,21.579554,0.259571,-20.321860,0.334919,0.334919,0.002162,-0.998840,-0.998840,-2.121160,0.049659,0.075615,199.793218,199.793218,488.833365,3,0.000000,true,
65.000000,1.350000,0.000000,344.049790,344.049790,344.049790,344.049790,1032.149371,0.000000,0.000000,21.579035,0.261153,-20.363189,0.322958,0.322958,0.002084,-1.038190,-1.038190,-2.125171,0.049586,0.074704,207.524352,207.524352,490.932804,3,0.000000,true,
65.000000,1.300000,0.000000,344.329268,344.329268,344.329268,344.329268,1032.987804,0.000000,0.000000,21.579932,0.263857,-20.404157,0.310986,0.310986,0.002027,-1.076942,-1.076942,-2.129207,0.049582,0.074152,215.145211,215.145211,493.069420,3,0.000000,true,
65.000000,1.250000,0.000000,344.959346,344.959346,344.959346,344.959346,1034.878039,0.000000,0.000000,21.581883,0.266908,-20.445066,0.299008,0.299008,0.001984,-1.114901,-1.114901,-2.133248,0.049571,0.073843,222.617493,222.617493,495.229502,3,0.000000,true,
65.000000,1.200000,0.000000,345.859540,345.859540,345.859540,345.859540,1037.578620,0.000000,0.000000,21.584563,0.269774,-20.486130,0.287026,0.287026,0.001949,-1.151968,-1.151968,-2.137280,0.049503,0.073682,229.921484,229.921484,497.403365,3,0.000000,true,
65.000000,1.150000,0.000000,346.960129,346.960129,346.960129,346.960129,1040.880388,0.000000,0.000000,21.587707,0.272109,-20.527492,0.275041,0.275041,0.001918,-1.188108,-1.188108,-2.141293,0.049350,0.073598,237.049924,237.049924,499.584410,3,0.000000,true,
65.000000,1.100000,0.000000,348.203560,348.203560,348.203560,348.203560,1044.610681,0.000000,0.000000,21.591109,0.273690,-20.569245,0.263056,0.263056,0.001889,-1.223325,-1.223325,-2.145282,0.049091,0.073539,244.003184,244.003184,501.768223,3,0.000000,true,
65.000000,1.050000,0.000000,349.542978,349.542978,349.542978,349.542978,1048.628934,0.000000,0.000000,21.594610,0.274374,-20.611451,0.251071,0.251071,0.001859,-1.257645,-1.257645,-2.149244,0.048718,0.073466,250.786036,250.786036,503.951896,3,0.000000,true,
65.000000,1.000000,0.000000,350.940025,350.940025,350.940025,350.940025,1052.820076,0.000000,0.000000,21.598093,0.274066,-20.654150,0.239086,0.239086,0.001827,-1.291106,-1.291106,-2.153177,0.048222,0.073349,257.405621,257.405621,506.133554,3,0.000000,true,
65.000000,0.950000,0.000000,352.362724,352.362724,352.362724,352.362724,1057.088173,0.000000,0.000000,21.601467,0.272708,-20.697367,0.227104,0.227104,0.001792,-1.323752,-1.323752,-2.157080,0.047600,0.073165,263.870233,263.870233,508.312039,3,0.000000,true,
65.000000,0.900000,0.000000,353.783662,353.783662,353.783662,353.783662,1061.350985,0.000000,0.000000,21.604665,0.270259,-20.741116,0.215123,0.215123,0.001753,-1.355628,-1.355628,-2.160953,0.046850,0.072897,270.188590,270.188590,510.486692,3,0.000000,true,
65.000000,0.850000,0.000000,355.178478,355.178478,355.178478,355.178478,1065.535433,0.000000,0.000000,21.607634,0.266692,-20.785406,0.203145,0.203145,0.001710,-1.386781,-1.386781,-2.164796,0.045968,0.072527,276.369430,276.369430,512.657214,3,0.000000,true,
65.000000,0.800000,0.000000,356.524600,356.524600,356.524600,356.524600,1069.573801,0.000000,0.000000,21.610336,0.261989,-20.830236,0.191170,0.191170,0.001661,-1.417256,-1.417256,-2.168611,0.044953,0.072043,282.421281,282.421281,514.823568,3,0.000000,true,
65.000000,0.750000,0.000000,357.800123,357.800123,357.800123,357.800123,1073.400370,0.000000,0.000000,21.612741,0.256134,-20.875606,0.179197,0.179197,0.001606,-1.447094,-1.447094,-2.172397,0.043802,0.071429,288.352357,288.352357,516.985920,3,0.000000,true,
65.000000,0.700000,0.000000,358.982753,358.982753,358.982753,358.982753,1076.948259,0.000000,0.000000,21.614828,0.249116,-20.921508,0.167228,0.167228,0.001544,-1.476337,-1.476337,-2.176158,0.042513,0.070674,294.170522,294.170522,519.144594,3,0.000000,true,
65.000000,0.650000,0.000000,360.048721,360.048721,360.048721,360.048721,1080.146162,0.000000,0.000000,21.616580,0.240924,-20.967934,0.155262,0.155262,0.001476,-1.505024,-1.505024,-2.179893,0.041082,0.069762,299.883297,299.883297,521.300057,3,0.000000,true,
65.000000,0.600000,0.000000,360.971559,360.971559,360.971559,360.971559,1082.914676,0.000000,0.000000,21.617984,0.231549,-21.014871,0.143299,0.143299,0.001401,-1.533193,-1.533193,-2.183605,0.039505,0.068678,305.497902,305.497902,523.452902,3,0.000000,true,
65.000000,0.550000,0.000000,361.720598,361.720598,361.720598,361.720598,1085.161795,0.000000,0.000000,21.619034,0.220980,-21.062304,0.131340,0.131340,0.001319,-1.560880,-1.560880,-2.187296,0.037777,0.067404,311.021314,311.021314,525.603851,3,0.000000,true,
65.000000,0.500000,0.000000,362.258982,362.258982,362.258982,362.258982,1086.776945,0.000000,0.000000,21.619724,0.209205,-21.110212,0.119385,0.119385,0.001230,-1.588119,-1.588119,-2.190966,0.035891,0.065919,316.460341,316.460341,527.753764,3,0.000000,true,
65.000000,0.450000,0.000000,362.540839,362.540839,362.540839,362.540839,1087.622517,0.000000,0.000000,21.620052,0.196212,-21.158572,0.107433,0.107433,0.001134,-1.614945,-1.614945,-2.194618,0.033840,0.064199,321.821705,321.821705,529.903653,3,0.000000,true,
65.000000,0.400000,0.000000,362.507016,362.507016,362.507016,362.507016,1087.521048,0.000000,0.000000,21.620021,0.181982,-21.207355,0.095485,0.095485,0.001030,-1.641394,-1.641394,-2.198254,0.031613,0.062211,327.112116,327.112116,532.054701,3,0.000000,true,
65.000000,0.350000,0.000000,362.078134,362.078134,362.078134,362.078134,1086.234401,0.000000,0.000000,21.619634,0.166491,-21.256526,0.083540,0.083540,0.000919,-1.667499,-1.667499,-2.201877,0.029196,0.059915,332.338333,332.338333,534.208267,3,0.000000,true,
65.000000,0.300000,0.000000,361.142379,361.142379,361.142379,361.142379,1083.427136,0.000000,0.000000,21.618900,0.149695,-21.306046,0.071599,0.071599,0.000802,-1.693296,-1.693296,-2.205487,0.026572,0.057255,337.507171,337.507171,536.365887,3,0.000000,true,
65.000000,0.250000,0.000000,359.531935,359.531935,359.531935,359.531935,1078.595805,0.000000,0.000000,21.617831,0.131517,-21.355868,0.059660,0.059660,0.000680,-1.718818,-1.718818,-2.209089,0.023714,0.054154,342.625412,342.625412,538.529225,3,0.000000,true,
65.000000,0.200000,0.000000,356.972045,356.972045,356.972045,356.972045,1070.916134,0.000000,0.000000,21.616441,0.111808,-21.405944,0.047724,0.047724,0.000551,-1.744100,-1.744100,-2.212683,0.020580,0.050485,347.699556,347.699556,540.699963,3,0.000000,true,
65.000000,0.150000,0.000000,352.953396,352.953396,352.953396,352.953396,1058.860188,0.000000,0.000000,21.614749,0.090278,-21.456227,0.035791,0.035791,0.000419,-1.769171,-1.769171,-2.216272,0.017100,0.046029,352.735390,352.735390,542.879611,4,0.000000,true,
65.000000,0.100000,0.000000,346.333305,346.333305,346.333305,346.333305,1038.999916,0.000000,0.000000,21.612773,0.066326,-21.506679,0.023859,0.023859,0.000282,-1.794053,-1.794053,-2.219856,0.013131,0.040328,357.737390,357.737390,545.069247,4,0.000000,true,
65.000000,0.050000,0.000000,333.447831,333.447831,333.447831,333.447831,1000.343493,0.000000,0.000000,21.610527,0.038538,-21.557277,0.011929,0.011929,0.000143,-1.818760,-1.818760,-2.223436,0.008324,0.032093,362.708155,362.708155,547.269248,4,0.000000,true,
65.000000,0.000000,0.000000,-0.000004,-0.000004,-0.000004,-0.000004,-0.000013,0.000000,0.000000,21.608021,0.000006,-21.608019,-0.000000,-0.000000,-0.000000,-1.843295,-1.843295,-2.227010,0.000185,0.000185,367.648131,367.648131,549.479143,20,0.000000,true,
70.000000,4.000000,0.000000,398.062656,398.062656,398.062656,398.062656,1194.187967,0.000000,0.000000,21.951433,1.168201,-17.663857,0.943744,0.943744,0.032511,-0.088834,-0.088834,-2.032200,0.148112,0.171233,22.634322,22.634322,456.779155,6,0.000000,true,
70.000000,3.950000,0.000000,396.981075,396.981075,396.981075,396.981075,1190.943226,0.000000,0.000000,21.940975,1.158960,-17.715484,0.932194,0.932194,0.031612,-0.091515,-0.091515,-2.033347,0.147154,0.170697,23.153439,23.153439,456.966463,3,0.000000,true,
70.000000,3.900000,0.000000,395.896912,395.896912,395.896912,395.896912,1187.690736,0.000000,0.000000,21.930623,1.149387,-17.767097,0.920634,0.920634,0.030733,-0.094323,-0.094323,-2.034472,0.146163,0.170135,23.697038,23.697038,457.150961,3,0.000000,true,
70.000000,3.850000,0.000000,394.809827,394.809827,394.809827,394.809827,1184.429482,0.000000,0.000000,21.920377,1.139479,-17.818697,0.909064,0.909064,0.029871,-0.097266,-0.097266,-2.035576,0.145139,0.169546,24.266831,24.266831,457.332913,3,0.000000,true,
70.000000,3.800000,0.000000,393.719484,393.719484,393.719484,393.719484,1181.158453,0.000000,0.000000,21.910232,1.129233,-17.870284,0.897486,0.897486,0.029028,-0.100354,-0.100354,-2.036659,0.144081,0.168928,24.864690,24.864690,457.512586,3,0.000000,true,
70.000000,3.750000,0.000000,392.625550,392.625550,392.625550,392.625550,1177.876649,0.000000,0.000000,21.900186,1.118643,-17.921861,0.885899,0.885899,0.028201,-0.103598,-0.103598,-2.037724,0.142989,0.168282,25.492668,25.492668,457.690251,3,0.000000,true,
70.000000,3.700000,0.000000,391.527695,391.527695,391.527695,391.527695,1174.583084,0.000000,0.000000,21.890239,1.107708,-17.973426,0.874304,0.874304,0.027391,-0.107009,-0.107009,-2.038771,0.141863,0.167606,26.153011,26.153011,457.866191,3,0.000000,true,
70.000000,3.650000,0.000000,390.425598,390.425598,390.425598,390.425598,1171.276794,0.000000,0.000000,21.880387,1.096423,-18.024982,0.862702,0.862702,0.026597,-0.110600,-0.110600,-2.039800,0.140701,0.166900,26.848193,26.848193,458.040697,3,0.000000,true,
70.000000,3.600000,0.000000,389.318946,389.318946,389.318946,389.318946,1167.956838,0.000000,0.000000,21.870628,1.084785,-18.076530,0.851091,0.851091,0.025817,-0.114385,-0.114385,-2.040815,0.139503,0.166163,27.580933,27.580933,458.214076,3,0.000000,true,
70.000000,3.550000,0.000000,388.207439,388.207439,388.207439,388.207439,1164.622316,0.000000,0.000000,21.860962,1.072789,-18.128069,0.839474,0.839474,0.025052,-0.118380,-0.118380,-2.041815,0.138270,0.165394,28.354229,28.354229,458.386653,3,0.000000,true,
70.000000,3.500000,0.000000,387.090790,387.090790,387.090790,387.090790,1161.272371,0.000000,0.000000,21.851388,1.060432,-18.179600,0.827849,0.827849,0.024302,-0.122601,-0.122601,-2.042802,0.136999,0.164592,29.171395,29.171395,458.558780,3,0.000000,true,
70.000000,3.450000,0.000000,385.968736,385.968736,385.968736,385.968736,1157.906209,0.000000,0.000000,21.841903,1.047710,-18.231125,0.816217,0.816217,0.023565,-0.127068,-0.127068,-2.043776,0.135691,0.163756,30.036096,30.036096,458.730834,3,0.000000,true,
70.000000,3.400000,0.000000,384.841039,384.841039,384.841039,384.841039,1154.523117,0.000000,0.000000,21.832508,1.034619,-18.282644,0.804579,0.804579,0.022841,-0.131801,-0.131801,-2.044740,0.134344,0.162886,30.952395,30.952395,458.903232,3,0.000000,true,
70.000000,3.350000,0.000000,383.707494,383.707494,383.707494,383.707494,1151.122481,0.000000,0.000000,21.823202,1.021155,-18.334158,0.792935,0.792935,0.022131,-0.136824,-0.136824,-2.045694,0.132959,0.161979,31.924804,31.924804,459.076430,3,0.000000,true,
70.000000,3.300000,0.000000,382.567939,382.567939,382.567939,382.567939,1147.703817,0.000000,0.000000,21.813985,1.007315,-18.385667,0.781284,0.781284,0.021432,-0.142163,-0.142163,-2.046640,0.131535,0.161036,32.958341,32.958341,459.250938,3,0.000000,true,
70.000000,3.250000,0.000000,381.422268,381.422268,381.422268,381.422268,1144.266803,0.000000,0.000000,21.804858,0.993095,-18.437172,0.769627,0.769627,0.020746,-0.147846,-0.147846,-2.047580,0.130070,0.160054,34.058598,34.058598,459.427328,3,0.000000,true,
70.000000,3.200000,0.000000,380.270440,380.270440,380.270440,380.270440,1140.811321,0.000000,0.000000,21.795822,0.978490,-18.488674,0.757964,0.757964,0.020072,-0.153906,-0.153906,-2.048514,0.128565,0.159034,35.231811,35.231811,459.606249,3,0.000000,true,
70.000000,3.150000,0.000000,379.112503,379.112503,379.112503,379.112503,1137.337510,0.000000,0.000000,21.786879,0.963496,-18.540173,0.746296,0.746296,0.019409,-0.160379,-0.160379,-2.049445,0.127019,0.157973,36.484950,36.484950,459.788437,3,0.000000,true,
70.000000,3.100000,0.000000,377.948609,377.948609,377.948609,377.948609,1133.845828,0.000000,0.000000,21.778032,0.948111,-18.591669,0.734621,0.734621,0.018757,-0.167304,-0.167304,-2.050375,0.125430,0.156870,37.825807,37.825807,459.974739,3,0.000000,true,
70.000000,3.050000,0.000000,376.779043,376.779043,376.779043,376.779043,1130.337129,0.000000,0.000000,21.769284,0.932330,-18.643165,0.722942,0.722942,0.018117,-0.174728,-0.174728,-2.051305,0.123798,0.155724,39.263102,39.263102,460.166130,3,0.000000,true,
70.000000,3.000000,0.000000,375.604252,375.604252,375.604252,375.604252,1126.812757,0.000000,0.000000,21.760639,0.916149,-18.694659,0.711256,0.711256,0.017487,-0.182699,-0.182699,-2.052239,0.122123,0.154534,40.806592,40.806592,460.363743,3,0.000000,true,
70.000000,2.950000,0.000000,374.424886,374.424886,374.424886,374.424886,1123.274659,0.000000,0.000000,21.752105,0.899566,-18.746153,0.699566,0.699566,0.016868,-0.191275,-0.191275,-2.053178,0.120404,0.153297,42.467195,42.467195,460.568895,3,0.000000,true,
70.000000,2.900000,0.000000,373.241840,373.241840,373.241840,373.241840,1119.725519,0.000000,0.000000,21.743687,0.882577,-18.797648,0.687870,0.687870,0.016260,-0.200518,-0.200518,-2.054128,0.118640,0.152013,44.257104,44.257104,460.783128,3,0.000000,true,
70.000000,2.850000,0.000000,372.056304,372.056304,372.056304,372.056304,1116.168913,0.000000,0.000000,21.735396,0.865180,-18.849143,0.676169,0.676169,0.015663,-0.210499,-0.210499,-2.055090,0.116831,0.150680,46.189907,46.189907,461.008249,3,0.000000,true,
70.000000,2.800000,0.000000,370.869831,370.869831,370.869831,370.869831,1112.609492,0.000000,0.000000,21.727243,0.847373,-18.900639,0.664462,0.664462,0.015076,-0.221294,-0.221294,-2.056070,0.114976,0.149295,48.280682,48.280682,461.246382,3,0.000000,true,
70.000000,2.750000,0.000000,369.684392,369.684392,369.684392,369.684392,1109.053175,0.000000,0.000000,21.719241,0.829154,-18.952137,0.652750,0.652750,0.014500,-0.232990,-0.232990,-2.057072,0.113074,0.147858,50.546057,50.546057,461.500022,3,0.000000,true,
70.000000,2.700000,0.000000,368.502452,368.502452,368.502452,368.502452,1105.507357,0.000000,0.000000,21.711406,0.810523,-19.003638,0.641033,0.641033,0.013934,-0.245680,-0.245680,-2.058102,0.111126,0.146365,53.004207,53.004207,461.772097,3,0.000000,true,
70.000000,2.650000,0.000000,367.327034,367.327034,367.327034,367.327034,1101.981103,0.000000,0.000000,21.703758,0.791482,-19.055140,0.629311,0.629311,0.013379,-0.259465,-0.259465,-2.059168,0.109130,0.144816,55.674744,55.674744,462.066033,3,0.000000,true,
70.000000,2.600000,0.000000,366.161763,366.161763,366.161763,366.161763,1098.485289,0.000000,0.000000,21.696317,0.772031,-19.106646,0.617583,0.617583,0.012834,-0.274452,-0.274452,-2.060278,0.107088,0.143207,58.578449,58.578449,462.385812,3,0.000000,true,
70.000000,2.550000,0.000000,365.010885,365.010885,365.010885,365.010885,1095.032655,0.000000,0.000000,21.689108,0.752175,-19.158154,0.605849,0.605849,0.012301,-0.290751,-0.290751,-2.061439,0.104998,0.141536,61.736788,61.736788,462.736024,3,0.000000,true,
70.000000,2.500000,0.000000,363.879221,363.879221,363.879221,363.879221,1091.637662,0.000000,0.000000,21.682157,0.731921,-19.209664,0.594111,0.594111,0.011779,-0.308471,-0.308471,-2.062664,0.102862,0.139802,65.171133,65.171133,463.121883,3,0.000000,true,
70.000000,2.450000,0.000000,362.772027,362.772027,362.772027,362.772027,1088.316082,0.000000,0.000000,21.675491,0.711275,-19.261178,0.582366,0.582366,0.011268,-0.327715,-0.327715,-2.063963,0.100681,0.138000,68.901640,68.901640,463.549207,3,0.000000,true,
70.000000,2.400000,0.000000,361.694724,361.694724,361.694724,361.694724,1085.084173,0.000000,0.000000,21.669136,0.690250,-19.312693,0.570616,0.570616,0.010768,-0.348573,-0.348573,-2.065348,0.098455,0.136130,72.945777,72.945777,464.024321,3,0.000000,true,
70.000000,2.350000,0.000000,360.652457,360.652457,360.652457,360.652457,1081.957372,0.000000,0.000000,21.663114,0.668859,-19.364209,0.558860,0.558860,0.010280,-0.371109,-0.371109,-2.066833,0.096186,0.134186,77.316544,77.316544,464.553882,3,0.000000,true,
70.000000,2.300000,0.000000,359.649480,359.649480,359.649480,359.649480,1078.948439,0.000000,0.000000,21.657441,0.647118,-19.415724,0.547099,0.547099,0.009803,-0.395357,-0.395357,-2.068432,0.093876,0.132167,82.020607,82.020607,465.144598,3,0.000000,true,
70.000000,2.250000,0.000000,358.688383,358.688383,358.688383,358.688383,1076.065150,0.000000,0.000000,21.652122,0.625050,-19.467236,0.535332,0.535332,0.009336,-0.421307,-0.421307,-2.070156,0.091528,0.130068,87.056639,87.056639,465.802870,3,0.000000,true,
70.000000,2.200000,0.000000,357.769258,357.769258,357.769258,357.769258,1073.307773,0.000000,0.000000,21.647147,0.602680,-19.518741,0.523560,0.523560,0.008881,-0.448905,-0.448905,-2.072018,0.089143,0.127885,92.414304,92.414304,466.534384,3,0.000000,true,
70.000000,2.150000,0.000000,356.888912,356.888912,356.888912,356.888912,1070.666735,0.000000,0.000000,21.642489,0.580040,-19.570232,0.511783,0.511783,0.008434,-0.478047,-0.478047,-2.074024,0.086727,0.125613,98.074256,98.074256,467.343737,3,0.000000,true,
70.000000,2.100000,0.000000,356.040317,356.040317,356.040317,356.040317,1068.120950,0.000000,0.000000,21.638102,0.557172,-19.621700,0.500002,0.500002,0.007997,-0.508591,-0.508591,-2.076183,0.084282,0.123247,104.009375,104.009375,468.234169,3,0.000000,true,
70.000000,2.050000,0.000000,355.212410,355.212410,355.212410,355.212410,1065.637229,0.000000,0.000000,21.633923,0.534133,-19.673125,0.488216,0.488216,0.007567,-0.540367,-0.540367,-2.078496,0.081816,0.120783,110.187146,110.187146,469.207490,3,0.000000,true,
70.000000,2.000000,0.000000,354.390365,354.390365,354.390365,354.390365,1063.171094,0.000000,0.000000,21.629874,0.511003,-19.724484,0.476427,0.476427,0.007145,-0.573194,-0.573194,-2.080964,0.079335,0.118217,116.572801,116.572801,470.264203,3,0.000000,true,
70.000000,1.950000,0.000000,353.556390,353.556390,353.556390,353.556390,1060.669170,0.000000,0.000000,21.625868,0.487891,-19.775735,0.464635,0.464635,0.006730,-0.606895,-0.606895,-2.083584,0.076852,0.115547,123.132700,123.132700,471.403839,3,0.000000,true,
70.000000,1.900000,0.000000,352.691152,352.691152,352.691152,352.691152,1058.073456,0.000000,0.000000,21.621817,0.464954,-19.826821,0.452839,0.452839,0.006323,-0.641318,-0.641318,-2.086353,0.074382,0.112775,129.837447,129.837447,472.625430,3,0.000000,true,
70.000000,1.850000,0.000000,351.776024,351.776024,351.776024,351.776024,1055.328071,0.000000,0.000000,21.617643,0.442411,-19.877659,0.441038,0.441038,0.005923,-0.676343,-0.676343,-2.089266,0.071947,0.109910,136.664373,136.664373,473.928054,3,0.000000,true,
70.000000,1.800000,0.000000,350.796531,350.796531,350.796531,350.796531,1052.389592,0.000000,0.000000,21.613296,0.420564,-19.928135,0.429233,0.429233,0.005535,-0.711896,-0.711896,-2.092319,0.069577,0.106970,143.599166,143.599166,475.311366,3,0.000000,true,
70.000000,1.750000,0.000000,349.747465,349.747465,349.747465,349.747465,1049.242395,0.000000,0.000000,21.608767,0.399814,-19.978099,0.417420,0.417420,0.005160,-0.747946,-0.747946,-2.095507,0.067313,0.103990,150.636342,150.636342,476.776018,3,0.000000,true,
70.000000,1.700000,0.000000,348.639796,348.639796,348.639796,348.639796,1045.919387,0.000000,0.000000,21.604119,0.380659,-20.027365,0.405598,0.405598,0.004805,-0.784502,-0.784502,-2.098828,0.065205,0.101024,157.778017,157.778017,478.323772,3,0.000000,true,
70.000000,1.650000,0.000000,347.508155,347.508155,347.508155,347.508155,1042.524466,0.000000,0.000000,21.599509,0.363668,-20.075727,0.393762,0.393762,0.004476,-0.821595,-0.821595,-2.102279,0.063309,0.098148,165.030099,165.030099,479.957069,3,0.000000,true,
70.000000,1.600000,0.000000,346.414961,346.414961,346.414961,346.414961,1039.244883,0.000000,0.000000,21.595187,0.349382,-20.122994,0.381910,0.381910,0.004180,-0.859235,-0.859235,-2.105854,0.061677,0.095458,172.395338,172.395338,481.677767,3,0.000000,true,
70.000000,1.550000,0.000000,345.444940,345.444940,345.444940,345.444940,1036.334821,0.000000,0.000000,21.591469,0.338168,-20.169044,0.370039,0.370039,0.003922,-0.897375,-0.897375,-2.109545,0.060342,0.093051,179.864565,179.864565,483.485195,3,0.000000,true,
70.000000,1.500000,0.000000,344.686843,344.686843,344.686843,344.686843,1034.060529,0.000000,0.000000,21.588654,0.330079,-20.213879,0.358147,0.358147,0.003706,-0.935875,-0.935875,-2.113338,0.059303,0.091000,187.410544,187.410544,485.374374,3,0.000000,true,
70.000000,1.450000,0.000000,344.209172,344.209172,344.209172,344.209172,1032.627516,0.000000,0.000000,21.586937,0.324806,-20.257641,0.346236,0.346236,0.003529,-0.974508,-0.974508,-2.117213,0.058524,0.089334,194.989360,194.989360,487.335670,3,0.000000,true,
70.000000,1.400000,0.000000,344.043991,344.043991,344.043991,344.043991,1032.131972,0.000000,0.000000,21.586361,0.321774,-20.300568,0.334307,0.334307,0.003386,-1.013010,-1.013010,-2.121148,0.057943,0.088032,202.549375,202.549375,489.356307,3,0.000000,true,
70.000000,1.350000,0.000000,344.186597,344.186597,344.186597,344.186597,1032.559791,0.000000,0.000000,21.586835,0.320302,-20.342940,0.322364,0.322364,0.003271,-1.051134,-1.051134,-2.125120,0.057488,0.087042,210.042062,210.042062,491.422761,3,0.000000,true,
70.000000,1.300000,0.000000,344.606460,344.606460,344.606460,344.606460,1033.819380,0.000000,0.000000,21.588186,0.319747,-20.385022,0.310411,0.310411,0.003177,-1.088684,-1.088684,-2.129111,0.057094,0.086295,217.429061,217.429061,493.522720,3,0.000000,true,
70.000000,1.250000,0.000000,345.260297,345.260297,345.260297,345.260297,1035.780891,0.000000,0.000000,21.590211,0.319570,-20.427035,0.298451,0.298451,0.003098,-1.125528,-1.125528,-2.133107,0.056710,0.085722,224.684172,224.684172,495.646039,3,0.000000,true,
70.000000,1.200000,0.000000,346.101775,346.101775,346.101775,346.101775,1038.305325,0.000000,0.000000,21.592717,0.319356,-20.469153,0.286486,0.286486,0.003028,-1.161590,-1.161590,-2.137097,0.056295,0.085263,231.792024,231.792024,497.784880,3,0.000000,true,
70.000000,1.150000,0.000000,347.086902,347.086902,347.086902,347.086902,1041.260705,0.000000,0.000000,21.595532,0.318798,-20.511504,0.274518,0.274518,0.002964,-1.196833,-1.196833,-2.141074,0.055821,0.084866,238.745534,238.745534,499.933427,3,0.000000,true,
70.000000,1.100000,0.000000,348.176235,348.176235,348.176235,348.176235,1044.528704,0.000000,0.000000,21.598512,0.317673,-20.554183,0.262549,0.262549,0.002903,-1.231254,-1.231254,-2.145031,0.055268,0.084490,245.543411,245.543411,502.087483,3,0.000000,true,
70.000000,1.050000,0.000000,349.335268,349.335268,349.335268,349.335268,1048.005804,0.000000,0.000000,21.601542,0.315824,-20.597256,0.250579,0.250579,0.002841,-1.264867,-1.264867,-2.148966,0.054621,0.084103,252.188148,252.188148,504.244081,3,0.000000,true,
70.000000,1.000000,0.000000,350.533943,350.533943,350.533943,350.533943,1051.601828,0.000000,0.000000,21.604530,0.313136,-20.640770,0.238611,0.238611,0.002777,-1.297697,-1.297697,-2.152878,0.053870,0.083677,258.684581,258.684581,506.401174,3,0.000000,true,
70.000000,0.950000,0.000000,351.745817,351.745817,351.745817,351.745817,1055.237452,0.000000,0.000000,21.607405,0.309529,-20.684758,0.226645,0.226645,0.002710,-1.329779,-1.329779,-2.156764,0.053007,0.083191,265.038897,265.038897,508.557393,3,0.000000,true,
70.000000,0.900000,0.000000,352.947150,352.947150,352.947150,352.947150,1058.841449,0.000000,0.000000,21.610108,0.304943,-20.729239,0.214681,0.214681,0.002637,-1.361147,-1.361147,-2.160625,0.052027,0.082626,271.257991,271.257991,510.711866,3,0.000000,true,
70.000000,0.850000,0.000000,354.115997,354.115997,354.115997,354.115997,1062.347990,0.000000,0.000000,21.612596,0.299334,-20.774228,0.202720,0.202720,0.002559,-1.391841,-1.391841,-2.164462,0.050925,0.081966,277.349046,277.349046,512.864099,3,0.000000,true,
70.000000,0.800000,0.000000,355.231348,355.231348,355.231348,355.231348,1065.694044,0.000000,0.000000,21.614835,0.292669,-20.819730,0.190763,0.190763,0.002474,-1.421897,-1.421897,-2.168274,0.049696,0.081194,283.319284,283.319284,515.013878,3,0.000000,true,
70.000000,0.750000,0.000000,356.272277,356.272277,356.272277,356.272277,1068.816831,0.000000,0.000000,21.616798,0.284921,-20.865748,0.178809,0.178809,0.002382,-1.451353,-1.451353,-2.172063,0.048336,0.080298,289.175817,289.175817,517.161208,3,0.000000,true,
70.000000,0.700000,0.000000,357.217060,357.217060,357.217060,357.217060,1071.651181,0.000000,0.000000,21.618466,0.276069,-20.912279,0.166859,0.166859,0.002282,-1.480244,-1.480244,-2.175830,0.046840,0.079263,294.925566,294.925566,519.306270,3,0.000000,true,
70.000000,0.650000,0.000000,358.042205,358.042205,358.042205,358.042205,1074.126614,0.000000,0.000000,21.619822,0.266094,-20.959316,0.154913,0.154913,0.002174,-1.508607,-1.508607,-2.179575,0.045205,0.078072,300.575241,300.575241,521.449392,3,0.000000,true,
70.000000,0.600000,0.000000,358.721285,358.721285,358.721285,358.721285,1076.163855,0.000000,0.000000,21.620856,0.254976,-21.006849,0.142972,0.142972,0.002056,-1.536474,-1.536474,-2.183301,0.043423,0.076710,306.131331,306.131331,523.591029,3,0.000000,true,
70.000000,0.550000,0.000000,359.223452,359.223452,359.223452,359.223452,1077.670357,0.000000,0.000000,21.621560,0.242698,-21.054867,0.131035,0.131035,0.001930,-1.563879,-1.563879,-2.187008,0.041488,0.075158,311.600136,311.600136,525.731757,3,0.000000,true,
70.000000,0.500000,0.000000,359.511395,359.511395,359.511395,359.511395,1078.534184,0.000000,0.000000,21.621930,0.229238,-21.103353,0.119102,0.119102,0.001795,-1.590852,-1.590852,-2.190699,0.039394,0.073392,316.987794,316.987794,527.872270,3,0.000000,true,
70.000000,0.450000,0.000000,359.538361,359.538361,359.538361,359.538361,1078.615084,0.000000,0.000000,21.621964,0.214572,-21.152286,0.107174,0.107174,0.001651,-1.617426,-1.617426,-2.194374,0.037128,0.071386,322.300322,322.300322,530.013376,3,0.000000,true,
70.000000,0.400000,0.000000,359.243560,359.243560,359.243560,359.243560,1077.730679,0.000000,0.000000,21.621663,0.198668,-21.201642,0.095251,0.095251,0.001498,-1.643630,-1.643630,-2.198036,0.034680,0.069105,327.543646,327.543646,532.155999,3,0.000000,true,
70.000000,0.350000,0.000000,358.544558,358.544558,358.544558,358.544558,1075.633673,0.000000,0.000000,21.621030,0.181479,-21.251395,0.083332,0.083332,0.001336,-1.669495,-1.669495,-2.201686,0.032033,0.066505,332.723622,332.723622,534.301176,3,0.000000,true,
70.000000,0.300000,0.000000,357.323816,357.323816,357.323816,357.323816,1071.971447,0.000000,0.000000,21.620071,0.162938,-21.301512,0.071417,0.071417,0.001165,-1.695050,-1.695050,-2.205325,0.029165,0.063524,337.846013,337.846013,536.450037,3,0.000000,true,
70.000000,0.250000,0.000000,355.402697,355.402697,355.402697,355.402697,1066.208090,0.000000,0.000000,21.618794,0.142935,-21.351959,0.059506,0.059506,0.000987,-1.720324,-1.720324,-2.208955,0.026043,0.060072,342.916414,342.916414,538.603762,3,0.000000,true,
70.000000,0.200000,0.000000,352.485686,352.485686,352.485686,352.485686,1057.457057,0.000000,0.000000,21.617210,0.121283,-21.402701,0.047599,0.047599,0.000802,-1.745343,-1.745343,-2.212578,0.022619,0.056006,347.940107,347.940107,540.763518,4,0.000000,true,
70.000000,0.150000,0.000000,348.021884,348.021884,348.021884,348.021884,1044.065652,0.000000,0.000000,21.615330,0.097657,-21.453702,0.035695,0.035695,0.000610,-1.770133,-1.770133,-2.216195,0.018809,0.051077,352.921817,352.921817,542.930348,4,0.000000,true,
70.000000,0.100000,0.000000,340.774723,340.774723,340.774723,340.774723,1022.324170,0.000000,0.000000,21.613165,0.071429,-21.504933,0.023794,0.023794,0.000412,-1.794713,-1.794713,-2.219806,0.014456,0.044769,357.865421,357.865421,545.105033,4,0.000000,true,
70.000000,0.050000,0.000000,326.789034,326.789034,326.789034,326.789034,980.367103,0.000000,0.000000,21.610727,0.041178,-21.556373,0.011896,0.011896,0.000208,-1.819098,-1.819098,-2.223411,0.009171,0.035641,362.773647,362.773647,547.287960,4,0.000000,true,
70.000000,0.000000,0.000000,0.000015,0.000015,0.000015,0.000015,0.000045,0.000000,0.000000,21.608021,0.000016,-21.608015,0.000000,0.000000,0.000000,-1.843293,-1.843293,-2.227009,0.000326,0.000326,367.647891,367.647891,549.479023,49,0.000000,true,
75.000000,4.000000,0.000000,395.956460,395.956460,395.956460,395.956460,1187.869379,0.000000,0.000000,21.961912,1.279534,-17.622913,0.939433,0.939433,0.041135,-0.090597,-0.090597,-2.022200,0.158907,0.184858,22.957820,22.957820,455.230362,5,0.000000,true,
75.000000,3.950000,0.000000,394.809512,394.809512,394.809512,394.809512,1184.428536,0.000000,0.000000,21.950822,1.268182,-17.675316,0.928009,0.928009,0.039982,-0.093321,-0.093321,-2.023648,0.157826,0.184138,23.485212,23.485212,455.464714,3,0.000000,true,
75.000000,3.900000,0.000000,393.659111,393.659111,393.659111,393.659111,1180.977333,0.000000,0.000000,21.939838,1.256531,-17.727694,0.916572,0.916572,0.038856,-0.096175,-0.096175,-2.025066,0.156714,0.183395,24.037703,24.037703,455.695087,3,0.000000,true,
75.000000,3.850000,0.000000,392.504928,392.504928,392.504928,392.504928,1177.514784,0.000000,0.000000,21.928959,1.244576,-17.780047,0.905123,0.905123,0.037754,-0.099168,-0.099168,-2.026455,0.155571,0.182626,24.617057,24.617057,455.921795,3,0.000000,true,
75.000000,3.800000,0.000000,391.346636,391.346636,391.346636,391.346636,1174.039909,0.000000,0.000000,21.918182,1.232312,-17.832376,0.893662,0.893662,0.036675,-0.102309,-0.102309,-2.027817,0.154396,0.181832,25.225208,25.225208,456.145155,3,0.000000,true,
75.000000,3.750000,0.000000,390.183909,390.183909,390.183909,390.183909,1170.551728,0.000000,0.000000,21.907505,1.219736,-17.884683,0.882190,0.882190,0.035620,-0.105610,-0.105610,-2.029153,0.153189,0.181011,25.864269,25.864269,456.365487,3,0.000000,true,
75.000000,3.700000,0.000000,389.016424,389.016424,389.016424,389.016424,1167.049272,0.000000,0.000000,21.896926,1.206843,-17.936969,0.870707,0.870707,0.034586,-0.109083,-0.109083,-2.030464,0.151949,0.180163,26.536566,26.536566,456.583120,3,0.000000,true,
75.000000,3.650000,0.000000,387.843863,387.843863,387.843863,387.843863,1163.531589,0.000000,0.000000,21.886444,1.193628,-17.989234,0.859214,0.859214,0.033573,-0.112741,-0.112741,-2.031753,0.150676,0.179287,27.244651,27.244651,456.798391,3,0.000000,true,
75.000000,3.600000,0.000000,386.665917,386.665917,386.665917,386.665917,1159.997751,0.000000,0.000000,21.876057,1.180088,-18.041481,0.847710,0.847710,0.032580,-0.116598,-0.116598,-2.033020,0.149368,0.178381,27.991338,27.991338,457.011651,3,0.000000,true,
75.000000,3.550000,0.000000,385.482288,385.482288,385.482288,385.482288,1156.446865,0.000000,0.000000,21.865764,1.166218,-18.093709,0.836196,0.836196,0.031607,-0.120671,-0.120671,-2.034267,0.148026,0.177445,28.779730,28.779730,457.223272,3,0.000000,true,
75.000000,3.500000,0.000000,384.292695,384.292695,384.292695,384.292695,1152.878085,0.000000,0.000000,21.855564,1.152014,-18.145920,0.824673,0.824673,0.030653,-0.124977,-0.124977,-2.035495,0.146649,0.176478,29.613257,29.613257,457.433648,3,0.000000,true,
75.000000,3.450000,0.000000,383.096876,383.096876,383.096876,383.096876,1149.290629,0.000000,0.000000,21.845456,1.137471,-18.198115,0.813141,0.813141,0.029717,-0.129536,-0.129536,-2.036705,0.145235,0.175479,30.495720,30.495720,457.643203,3,0.000000,true,
75.000000,3.400000,0.000000,381.894599,381.894599,381.894599,381.894599,1145.683798,0.000000,0.000000,21.835439,1.122587,-18.250293,0.801600,0.801600,0.028799,-0.134369,-0.134369,-2.037900,0.143785,0.174447,31.431331,31.431331,457.852395,3,0.000000,true,
75.000000,3.350000,0.000000,380.685667,380.685667,380.685667,380.685667,1142.057002,0.000000,0.000000,21.825514,1.107357,-18.302457,0.790051,0.790051,0.027898,-0.139501,-0.139501,-2.039080,0.142298,0.173381,32.424774,32.424774,458.061730,3,0.000000,true,
75.000000,3.300000,0.000000,379.469929,379.469929,379.469929,379.469929,1138.409787,0.000000,0.000000,21.815681,1.091777,-18.354605,0.778493,0.778493,0.027014,-0.144959,-0.144959,-2.040247,0.140773,0.172280,33.481262,33.481262,458.271765,3,0.000000,true,
75.000000,3.250000,0.000000,378.247293,378.247293,378.247293,378.247293,1134.741879,0.000000,0.000000,21.805941,1.075844,-18.406740,0.766927,0.766927,0.026146,-0.150772,-0.150772,-2.041403,0.139210,0.171143,34.606606,34.606606,458.483122,3,0.000000,true,
75.000000,3.200000,0.000000,377.017741,377.017741,377.017741,377.017741,1131.053224,0.000000,0.000000,21.796296,1.059554,-18.458862,0.755353,0.755353,0.025294,-0.156974,-0.156974,-2.042549,0.137607,0.169969,35.807293,35.807293,458.696504,3,0.000000,true,
75.000000,3.150000,0.000000,375.781350,375.781350,375.781350,375.781350,1127.344050,0.000000,0.000000,21.786747,1.042904,-18.510970,0.743771,0.743771,0.024457,-0.163603,-0.163603,-2.043688,0.135965,0.168755,37.090579,37.090579,458.912705,3,0.000000,true,
75.000000,3.100000,0.000000,374.538312,374.538312,374.538312,374.538312,1123.614935,0.000000,0.000000,21.777298,1.025891,-18.563065,0.732182,0.732182,0.023636,-0.170701,-0.170701,-2.044822,0.134282,0.167502,38.464578,38.464578,459.132636,3,0.000000,true,
75.000000,3.050000,0.000000,373.288965,373.288965,373.288965,373.288965,1119.866895,0.000000,0.000000,21.767953,1.008512,-18.615148,0.720585,0.720585,0.022829,-0.178313,-0.178313,-2.045953,0.132558,0.166208,39.938375,39.938375,459.357343,3,0.000000,true,
75.000000,3.000000,0.000000,372.033829,372.033829,372.033829,372.033829,1116.101487,0.000000,0.000000,21.758717,0.990765,-18.667218,0.708981,0.708981,0.022037,-0.186493,-0.186493,-2.047083,0.130792,0.164872,41.522144,41.522144,459.588038,3,0.000000,true,
75.000000,2.950000,0.000000,370.773645,370.773645,370.773645,370.773645,1112.320935,0.000000,0.000000,21.749598,0.972650,-18.719276,0.697370,0.697370,0.021260,-0.195300,-0.195300,-2.048216,0.128985,0.163491,43.227264,43.227264,459.826129,3,0.000000,true,
75.000000,2.900000,0.000000,369.509428,369.509428,369.509428,369.509428,1108.528284,0.000000,0.000000,21.740603,0.954164,-18.771321,0.685752,0.685752,0.020497,-0.204799,-0.204799,-2.049356,0.127135,0.162066,45.066449,45.066449,460.073261,3,0.000000,true,
75.000000,2.850000,0.000000,368.242524,368.242524,368.242524,368.242524,1104.727571,0.000000,0.000000,21.731743,0.935307,-18.823352,0.674126,0.674126,0.019748,-0.215062,-0.215062,-2.050506,0.125242,0.160594,47.053855,47.053855,460.331362,3,0.000000,true,
75.000000,2.800000,0.000000,366.974676,366.974676,366.974676,366.974676,1100.924028,0.000000,0.000000,21.723030,0.916082,-18.875370,0.662494,0.662494,0.019013,-0.226171,-0.226171,-2.051671,0.123306,0.159073,49.205182,49.205182,460.602692,3,0.000000,true,
75.000000,2.750000,0.000000,365.708102,365.708102,365.708102,365.708102,1097.124306,0.000000,0.000000,21.714480,0.896490,-18.927373,0.650854,0.650854,0.018292,-0.238215,-0.238215,-2.052856,0.121327,0.157503,51.537714,51.537714,460.889907,3,0.000000,true,
75.000000,2.700000,0.000000,364.445569,364.445569,364.445569,364.445569,1093.336708,0.000000,0.000000,21.706112,0.876536,-18.979360,0.639207,0.639207,0.017586,-0.251290,-0.251290,-2.054067,0.119304,0.155881,54.070297,54.070297,461.196118,3,0.000000,true,
75.000000,2.650000,0.000000,363.190468,363.190468,363.190468,363.190468,1089.571403,0.000000,0.000000,21.697945,0.856226,-19.031329,0.627553,0.627553,0.016894,-0.265502,-0.265502,-2.055313,0.117239,0.154207,56.823195,56.823195,461.524960,3,0.000000,true,
75.000000,2.600000,0.000000,361.946868,361.946868,361.946868,361.946868,1085.840604,0.000000,0.000000,21.690004,0.835569,-19.083277,0.615891,0.615891,0.016217,-0.280958,-0.280958,-2.056600,0.115132,0.152479,59.817765,59.817765,461.880651,3,0.000000,true,
75.000000,2.550000,0.000000,360.719542,360.719542,360.719542,360.719542,1082.158626,0.000000,0.000000,21.682316,0.814578,-19.135203,0.604222,0.604222,0.015555,-0.297773,-0.297773,-2.057940,0.112983,0.150695,63.075896,63.075896,462.268034,3,0.000000,true,
75.000000,2.500000,0.000000,359.513920,359.513920,359.513920,359.513920,1078.541760,0.000000,0.000000,21.674910,0.793266,-19.187103,0.592546,0.592546,0.014908,-0.316056,-0.316056,-2.059341,0.110795,0.148854,66.619138,66.619138,462.692589,3,0.000000,true,
75.000000,2.450000,0.000000,358.335951,358.335951,358.335951,358.335951,1075.007852,0.000000,0.000000,21.667818,0.771654,-19.238971,0.580861,0.580861,0.014277,-0.335909,-0.335909,-2.060818,0.108568,0.146954,70.467472,70.467472,463.160399,3,0.000000,true,
75.000000,2.400000,0.000000,357.191827,357.191827,357.191827,357.191827,1071.575482,0.000000,0.000000,21.661069,0.749765,-19.290803,0.569169,0.569169,0.013662,-0.357418,-0.357418,-2.062381,0.106306,0.144995,74.637728,74.637728,463.678027,3,0.000000,true,
75.000000,2.350000,0.000000,356.087554,356.087554,356.087554,356.087554,1068.262661,0.000000,0.000000,21.654689,0.727628,-19.342593,0.557469,0.557469,0.013062,-0.380642,-0.380642,-2.064045,0.104012,0.142975,79.141759,79.141759,464.252318,3,0.000000,true,
75.000000,2.300000,0.000000,355.028351,355.028351,355.028351,355.028351,1065.085054,0.000000,0.000000,21.648698,0.705276,-19.394333,0.545761,0.545761,0.012478,-0.405605,-0.405605,-2.065823,0.101688,0.140892,83.984588,83.984588,464.890093,3,0.000000,true,
75.000000,2.250000,0.000000,354.017957,354.017957,354.017957,354.017957,1062.053870,0.000000,0.000000,21.643106,0.682751,-19.446013,0.534045,0.534045,0.011910,-0.432288,-0.432288,-2.067727,0.099340,0.138746,89.162897,89.162897,465.597770,3,0.000000,true,
75.000000,2.200000,0.000000,353.057912,353.057912,353.057912,353.057912,1059.173737,0.000000,0.000000,21.637909,0.660099,-19.497621,0.522321,0.522321,0.011357,-0.460624,-0.460624,-2.069768,0.096971,0.136535,94.664275,94.664275,466.380958,3,0.000000,true,
75.000000,2.150000,0.000000,352.147004,352.147004,352.147004,352.147004,1056.441012,0.000000,0.000000,21.633090,0.637378,-19.549142,0.510590,0.510590,0.010819,-0.490502,-0.490502,-2.071955,0.094589,0.134258,100.467569,100.467569,467.244109,3,0.000000,true,
75.000000,2.100000,0.000000,351.281011,351.281011,351.281011,351.281011,1053.843033,0.000000,0.000000,21.628613,0.614655,-19.600556,0.498852,0.498852,0.010296,-0.521773,-0.521773,-2.074292,0.092199,0.131917,106.544451,106.544451,468.190290,3,0.000000,true,
75.000000,2.050000,0.000000,350.452900,350.452900,350.452900,350.452900,1051.358701,0.000000,0.000000,21.624433,0.592018,-19.651833,0.487107,0.487107,0.009786,-0.554264,-0.554264,-2.076782,0.089810,0.129510,112.861997,112.861997,469.221155,3,0.000000,true,
75.000000,2.000000,0.000000,349.653542,349.653542,349.653542,349.653542,1048.960626,0.000000,0.000000,21.620495,0.569576,-19.702938,0.475355,0.475355,0.009289,-0.587796,-0.587796,-2.079425,0.087433,0.127042,119.385800,119.385800,470.337104,3,0.000000,true,
75.000000,1.950000,0.000000,348.872951,348.872951,348.872951,348.872951,1046.618854,0.000000,0.000000,21.616744,0.547469,-19.753820,0.463597,0.463597,0.008806,-0.622197,-0.622197,-2.082217,0.085081,0.124518,126.083025,126.083025,471.537611,3,0.000000,true,
75.000000,1.900000,0.000000,348.102052,348.102052,348.102052,348.102052,1044.306157,0.000000,0.000000,21.613135,0.525875,-19.804412,0.451831,0.451831,0.008337,-0.657317,-0.657317,-2.085154,0.082772,0.121950,132.924892,132.924892,472.821620,3,0.000000,true,
75.000000,1.850000,0.000000,347.334919,347.334919,347.334919,347.334919,1042.004758,0.000000,0.000000,21.609636,0.505019,-19.854631,0.440058,0.440058,0.007884,-0.693035,-0.693035,-2.088231,0.080526,0.119355,139.888215,139.888215,474.187942,3,0.000000,true,
75.000000,1.800000,0.000000,346.571415,346.571415,346.571415,346.571415,1039.714246,0.000000,0.000000,21.606246,0.485170,-19.904373,0.428275,0.428275,0.007450,-0.729260,-0.729260,-2.091440,0.078370,0.116759,146.955777,146.955777,475.635533,3,0.000000,true,
75.000000,1.750000,0.000000,345.819931,345.819931,345.819931,345.819931,1037.459792,0.000000,0.000000,21.603001,0.466637,-19.953523,0.416481,0.416481,0.007038,-0.765928,-0.765928,-2.094776,0.076333,0.114198,154.115423,154.115423,477.163576,3,0.000000,true,
75.000000,1.700000,0.000000,345.099540,345.099540,345.099540,345.099540,1035.298620,0.000000,0.000000,21.599978,0.449743,-20.001961,0.404674,0.404674,0.006653,-0.802990,-0.802990,-2.098231,0.074445,0.111714,161.357832,161.357832,478.771271,3,0.000000,true,
75.000000,1.650000,0.000000,344.440411,344.440411,344.440411,344.440411,1033.321233,0.000000,0.000000,21.597292,0.434785,-20.049578,0.392851,0.392851,0.006298,-0.840395,-0.840395,-2.101796,0.072735,0.109360,168.673197,168.673197,480.457321,3,0.000000,true,
75.000000,1.600000,0.000000,343.881160,343.881160,343.881160,343.881160,1031.643481,0.000000,0.000000,21.595080,0.421969,-20.096306,0.381011,0.381011,0.005978,-0.878071,-0.878071,-2.105461,0.071221,0.107185,176.047584,176.047584,482.219194,3,0.000000,true,
75.000000,1.550000,0.000000,343.462727,343.462727,343.462727,343.462727,1030.388182,0.000000,0.000000,21.593475,0.411363,-20.142135,0.369153,0.369153,0.005694,-0.915910,-0.915910,-2.109214,0.069907,0.105229,183.460300,183.460300,484.052450,3,0.000000,true,
75.000000,1.500000,0.000000,343.220241,343.220241,343.220241,343.220241,1029.660724,0.000000,0.000000,21.592574,0.402857,-20.187125,0.357277,0.357277,0.005447,-0.953770,-0.953770,-2.113039,0.068781,0.103517,190.883646,190.883646,485.950474,3,0.000000,true,
75.000000,1.450000,0.000000,343.175980,343.175980,343.175980,343.175980,1029.527940,0.000000,0.000000,21.592413,0.396186,-20.231400,0.345383,0.345383,0.005234,-0.991486,-0.991486,-2.116921,0.067814,0.102049,198.285413,198.285413,487.904829,3,0.000000,true,
75.000000,1.400000,0.000000,343.336177,343.336177,343.336177,343.336177,1030.008532,0.000000,0.000000,21.592966,0.390974,-20.275128,0.333475,0.333475,0.005050,-1.028892,-1.028892,-2.120843,0.066969,0.100806,205.632992,205.632992,489.906109,3,0.000000,true,
75.000000,1.350000,0.000000,343.692201,343.692201,343.692201,343.692201,1031.076602,0.000000,0.000000,21.594155,0.386801,-20.318492,0.321554,0.321554,0.004891,-1.065840,-1.065840,-2.124792,0.066203,0.099757,212.897307,212.897307,491.944925,3,0.000000,true,
75.000000,1.300000,0.000000,344.224510,344.224510,344.224510,344.224510,1032.673529,0.000000,0.000000,21.595869,0.383261,-20.361670,0.309624,0.309624,0.004752,-1.102212,-1.102212,-2.128753,0.065477,0.098861,220.055260,220.055260,494.012690,3,0.000000,true,
75.000000,1.250000,0.000000,344.907260,344.907260,344.907260,344.907260,1034.721780,0.000000,0.000000,21.597985,0.379992,-20.404820,0.297687,0.297687,0.004626,-1.137927,-1.137927,-2.132717,0.064755,0.098076,227.090473,227.090473,496.102050,3,0.000000,true,
75.000000,1.200000,0.000000,345.712110,345.712110,345.712110,345.712110,1037.136331,0.000000,0.000000,21.600382,0.376691,-20.448072,0.285745,0.285745,0.004510,-1.172933,-1.172933,-2.136676,0.064008,0.097364,233.992789,233.992789,498.207011,3,0.000000,true,
75.000000,1.150000,0.000000,346.610762,346.610762,346.610762,346.610762,1039.832285,0.000000,0.000000,21.602950,0.373116,-20.491532,0.273801,0.273801,0.004399,-1.207206,-1.207206,-2.140625,0.063214,0.096689,240.757169,240.757169,500.322859,3,0.000000,true,
75.000000,1.100000,0.000000,347.576332,347.576332,347.576332,347.576332,1042.728995,0.000000,0.000000,21.605592,0.369074,-20.535283,0.261855,0.261855,0.004290,-1.240742,-1.240742,-2.144559,0.062353,0.096021,247.382460,247.382460,502.445988,3,0.000000,true,
75.000000,1.050000,0.000000,348.583897,348.583897,348.583897,348.583897,1045.751691,0.000000,0.000000,21.608226,0.364419,-20.579387,0.249909,0.249909,0.004181,-1.273551,-1.273551,-2.148476,0.061411,0.095335,253.870292,253.870292,504.573697,3,0.000000,true,
75.000000,1.000000,0.000000,349.610508,349.610508,349.610508,349.610508,1048.831525,0.000000,0.000000,21.610786,0.359037,-20.623892,0.237965,0.237965,0.004070,-1.305651,-1.305651,-2.152373,0.060378,0.094607,260.224178,260.224178,506.704017,3,0.000000,true,
75.000000,0.950000,0.000000,350.634905,350.634905,350.634905,350.634905,1051.904715,0.000000,0.000000,21.613216,0.352840,-20.668831,0.226023,0.226023,0.003954,-1.337068,-1.337068,-2.156251,0.059244,0.093818,266.448847,266.448847,508.835543,3,0.000000,true,
75.000000,0.900000,0.000000,351.637075,351.637075,351.637075,351.637075,1054.911224,0.000000,0.000000,21.615471,0.345759,-20.714230,0.214084,0.214084,0.003832,-1.367830,-1.367830,-2.160109,0.058001,0.092951,272.549756,272.549756,510.967314,3,0.000000,true,
75.000000,0.850000,0.000000,352.597724,352.597724,352.597724,352.597724,1057.793171,0.000000,0.000000,21.617516,0.337741,-20.760104,0.202148,0.202148,0.003704,-1.397969,-1.397969,-2.163946,0.056643,0.091991,278.532751,278.532751,513.098717,3,0.000000,true,
75.000000,0.800000,0.000000,353.497689,353.497689,353.497689,353.497689,1060.493068,0.000000,0.000000,21.619323,0.328743,-20.806465,0.190217,0.190217,0.003567,-1.427516,-1.427516,-2.167764,0.055164,0.090921,284.403846,284.403846,515.229406,3,0.000000,true,
75.000000,0.750000,0.000000,354.317291,354.317291,354.317291,354.317291,1062.951872,0.000000,0.000000,21.620869,0.318729,-20.853316,0.178289,0.178289,0.003421,-1.456503,-1.456503,-2.171563,0.053558,0.089727,290.169070,290.169070,517.359251,3,0.000000,true,
75.000000,0.700000,0.000000,355.035586,355.035586,355.035586,355.035586,1065.106758,0.000000,0.000000,21.622137,0.307669,-20.900658,0.166367,0.166367,0.003266,-1.484960,-1.484960,-2.175344,0.051819,0.088395,295.834381,295.834381,519.488294,3,0.000000,true,
75.000000,0.650000,0.000000,355.629482,355.629482,355.629482,355.629482,1066.888447,0.000000,0.000000,21.623113,0.295535,-20.948489,0.154450,0.154450,0.003101,-1.512919,-1.512919,-2.179109,0.049941,0.086907,301.405615,301.405615,521.616722,3,0.000000,true,
75.000000,0.600000,0.000000,356.072611,356.072611,356.072611,356.072611,1068.217834,0.000000,0.000000,21.623789,0.282299,-20.996802,0.142538,0.142538,0.002925,-1.540408,-1.540408,-2.182857,0.047916,0.085247,306.888465,306.888465,523.744842,3,0.000000,true,
75.000000,0.550000,0.000000,356.333820,356.333820,356.333820,356.333820,1069.001461,0.000000,0.000000,21.624156,0.267935,-21.045587,0.130631,0.130631,0.002738,-1.567457,-1.567457,-2.186590,0.045737,0.083394,312.288472,312.288472,525.873072,3,0.000000,true,
75.000000,0.500000,0.000000,356.375049,356.375049,356.375049,356.375049,1069.125148,0.000000,0.000000,21.624211,0.252412,-21.094831,0.118730,0.118730,0.002540,-1.594094,-1.594094,-2.190310,0.043393,0.081324,317.611038,317.611038,528.001925,3,0.000000,true,
75.000000,0.450000,0.000000,356.148170,356.148170,356.148170,356.148170,1068.444509,0.000000,0.000000,21.623952,0.235693,-21.144519,0.106834,0.106834,0.002331,-1.620345,-1.620345,-2.194018,0.040874,0.079007,322.861431,322.861431,530.132002,3,0.000000,true,
75.000000,0.400000,0.000000,355.590029,355.590029,355.590029,355.590029,1066.770086,0.000000,0.000000,21.623379,0.217733,-21.194632,0.094944,0.094944,0.002112,-1.646237,-1.646237,-2.197715,0.038164,0.076406,328.044792,328.044792,532.263989,3,0.000000,true,
75.000000,0.350000,0.000000,354.614214,354.614214,354.614214,354.614214,1063.842643,0.000000,0.000000,21.622493,0.198468,-21.245148,0.083060,0.083060,0.001881,-1.671797,-1.671797,-2.201401,0.035244,0.073471,333.166132,333.166132,534.398634,3,0.000000,true,
75.000000,0.300000,0.000000,353.096430,353.096430,353.096430,353.096430,1059.289291,0.000000,0.000000,21.621300,0.177810,-21.296044,0.071180,0.071180,0.001640,-1.697049,-1.697049,-2.205079,0.032087,0.070133,338.230309,338.230309,536.536740,3,0.000000,true,
75.000000,0.250000,0.000000,350.846338,350.846338,350.846338,350.846338,1052.539013,0.000000,0.000000,21.619803,0.155624,-21.347294,0.059306,0.059306,0.001388,-1.722017,-1.722017,-2.208750,0.028657,0.066293,343.241974,343.241974,538.679126,3,0.000000,true,
75.000000,0.200000,0.000000,347.547363,347.547363,347.547363,347.547363,1042.642089,0.000000,0.000000,21.618011,0.131699,-21.398872,0.047436,0.047436,0.001128,-1.746723,-1.746723,-2.212413,0.024896,0.061790,348.205484,348.205484,540.826588,4,0.000000,true,
75.000000,0.150000,0.000000,342.607836,342.607836,342.607836,342.607836,1027.823507,0.000000,0.000000,21.615929,0.105683,-21.450751,0.035571,0.035571,0.000858,-1.771188,-1.771188,-2.216071,0.020712,0.056345,353.124776,353.124776,542.979839,4,0.000000,true,
75.000000,0.100000,0.000000,334.699630,334.699630,334.699630,334.699630,1004.098890,0.000000,0.000000,21.613566,0.076930,-21.502910,0.023710,0.023710,0.000580,-1.795429,-1.795429,-2.219723,0.015926,0.049386,358.003218,358.003218,545.139437,4,0.000000,true,
75.000000,0.050000,0.000000,319.580030,319.580030,319.580030,319.580030,958.740091,0.000000,0.000000,21.610929,0.044011,-21.555332,0.011853,0.011853,0.000294,-1.819460,-1.819460,-2.223369,0.010109,0.039317,362.843459,362.843459,547.305716,4,0.000000,true,
75.000000,0.000000,0.000000,0.000015,0.000015,0.000015,0.000015,0.000046,0.000000,0.000000,21.608022,0.000042,-21.608006,0.000000,0.000000,0.000000,-1.843290,-1.843290,-2.227009,0.000542,0.000542,367.647297,367.647297,549.478719,23,0.000000,true,
80.000000,4.000000,0.000000,393.368628,393.368628,393.368628,393.368628,1180.105884,0.000000,0.000000,21.970765,1.410103,-17.571590,0.934447,0.934447,0.051106,-0.092775,-0.092775,-2.010851,0.171213,0.199636,23.358017,23.358017,453.473320,5,0.000000,true,
80.000000,3.950000,0.000000,392.163818,392.163818,392.163818,392.163818,1176.491455,0.000000,0.000000,21.959116,1.396275,-17.624966,0.923167,0.923167,0.049665,-0.095553,-0.095553,-2.012635,0.169989,0.198724,23.895876,23.895876,453.760259,3,0.000000,true,
80.000000,3.900000,0.000000,390.954488,390.954488,390.954488,390.954488,1172.863465,0.000000,0.000000,21.947570,1.382187,-17.678302,0.911872,0.911872,0.048257,-0.098464,-0.098464,-2.014380,0.168736,0.197790,24.459618,24.459618,454.041976,3,0.000000,true,
80.000000,3.850000,0.000000,389.740337,389.740337,389.740337,389.740337,1169.221012,0.000000,0.000000,21.936125,1.367833,-17.731597,0.900560,0.900560,0.046880,-0.101520,-0.101520,-2.016088,0.167455,0.196833,25.051075,25.051075,454.318836,3,0.000000,true,
80.000000,3.800000,0.000000,388.521063,388.521063,388.521063,388.521063,1165.563188,0.000000,0.000000,21.924781,1.353207,-17.784855,0.889233,0.889233,0.045533,-0.104728,-0.104728,-2.017762,0.166144,0.195853,25.672257,25.672257,454.591203,3,0.000000,true,
80.000000,3.750000,0.000000,387.296362,387.296362,387.296362,387.296362,1161.889085,0.000000,0.000000,21.913535,1.338305,-17.838077,0.877892,0.877892,0.044215,-0.108102,-0.108102,-2.019402,0.164803,0.194849,26.325366,26.325366,454.859446,3,0.000000,true,
80.000000,3.700000,0.000000,386.065935,386.065935,386.065935,386.065935,1158.197804,0.000000,0.000000,21.902386,1.323121,-17.891263,0.866537,0.866537,0.042926,-0.111653,-0.111653,-2.021011,0.163431,0.193819,27.012822,27.012822,455.123938,3,0.000000,true,
80.000000,3.650000,0.000000,384.829487,384.829487,384.829487,384.829487,1154.488461,0.000000,0.000000,21.891333,1.307651,-17.944415,0.855169,0.855169,0.041663,-0.115396,-0.115396,-2.022590,0.162028,0.192763,27.737285,27.737285,455.385065,3,0.000000,true,
80.000000,3.600000,0.000000,383.586731,383.586731,383.586731,383.586731,1150.760194,0.000000,0.000000,21.880374,1.291890,-17.997534,0.843787,0.843787,0.040426,-0.119345,-0.119345,-2.024141,0.160593,0.191680,28.501692,28.501692,455.643223,3,0.000000,true,
80.000000,3.550000,0.000000,382.337394,382.337394,382.337394,382.337394,1147.012182,0.000000,0.000000,21.869510,1.275833,-18.050622,0.832393,0.832393,0.039215,-0.123517,-0.123517,-2.025665,0.159125,0.190568,29.309283,29.309283,455.898832,3,0.000000,true,
80.000000,3.500000,0.000000,381.081218,381.081218,381.081218,381.081218,1143.243654,0.000000,0.000000,21.858739,1.259476,-18.103679,0.820986,0.820986,0.038028,-0.127931,-0.127931,-2.027164,0.157624,0.189428,30.163645,30.163645,456.152331,3,0.000000,true,
80.000000,3.450000,0.000000,379.817970,379.817970,379.817970,379.817970,1139.453910,0.000000,0.000000,21.848060,1.242816,-18.156706,0.809568,0.809568,0.036864,-0.132607,-0.132607,-2.028640,0.156088,0.188258,31.068751,31.068751,456.404194,3,0.000000,true,
80.000000,3.400000,0.000000,378.547449,378.547449,378.547449,378.547449,1135.642348,0.000000,0.000000,21.837475,1.225847,-18.209704,0.798138,0.798138,0.035723,-0.137568,-0.137568,-2.030094,0.154519,0.187056,32.029015,32.029015,456.654929,3,0.000000,true,
80.000000,3.350000,0.000000,377.269495,377.269495,377.269495,377.269495,1131.808484,0.000000,0.000000,21.826984,1.208566,-18.262673,0.786698,0.786698,0.034605,-0.142840,-0.142840,-2.031528,0.152914,0.185823,33.049345,33.049345,456.905094,3,0.000000,true,
80.000000,3.300000,0.000000,375.983998,375.983998,375.983998,375.983998,1127.951995,0.000000,0.000000,21.816587,1.190970,-18.315615,0.775246,0.775246,0.033508,-0.148450,-0.148450,-2.032944,0.151273,0.184556,34.135212,34.135212,457.155300,3,0.000000,true,
80.000000,3.250000,0.000000,374.690921,374.690921,374.690921,374.690921,1124.072762,0.000000,0.000000,21.806285,1.173056,-18.368528,0.763784,0.763784,0.032432,-0.154430,-0.154430,-2.034344,0.149595,0.183256,35.292718,35.292718,457.406230,3,0.000000,true,
80.000000,3.200000,0.000000,373.390306,373.390306,373.390306,373.390306,1120.170919,0.000000,0.000000,21.796082,1.154820,-18.421414,0.752312,0.752312,0.031377,-0.160815,-0.160815,-2.035729,0.147880,0.181920,36.528683,36.528683,457.658648,3,0.000000,true,
80.000000,3.150000,0.000000,372.082308,372.082308,372.082308,372.082308,1116.246925,0.000000,0.000000,21.785981,1.136261,-18.474273,0.740829,0.740829,0.030342,-0.167645,-0.167645,-2.037102,0.146128,0.180548,37.850739,37.850739,457.913421,3,0.000000,true,
80.000000,3.100000,0.000000,370.767214,370.767214,370.767214,370.767214,1112.301643,0.000000,0.000000,21.775984,1.117377,-18.527103,0.729337,0.729337,0.029326,-0.174964,-0.174964,-2.038465,0.144338,0.179138,39.267430,39.267430,458.171537,3,0.000000,true,
80.000000,3.050000,0.000000,369.445481,369.445481,369.445481,369.445481,1108.336442,0.000000,0.000000,21.766097,1.098167,-18.579906,0.717835,0.717835,0.028330,-0.182821,-0.182821,-2.039821,0.142509,0.177690,40.788328,40.788328,458.434131,3,0.000000,true,
80.000000,3.000000,0.000000,368.117772,368.117772,368.117772,368.117772,1104.353317,0.000000,0.000000,21.756328,1.078630,-18.632680,0.706324,0.706324,0.027353,-0.191271,-0.191271,-2.041173,0.140641,0.176202,42.424154,42.424154,458.702513,3,0.000000,true,
80.000000,2.950000,0.000000,366.785011,366.785011,366.785011,366.785011,1100.355032,0.000000,0.000000,21.746683,1.058767,-18.685424,0.694803,0.694803,0.026395,-0.200376,-0.200376,-2.042524,0.138733,0.174673,44.186905,44.186905,458.978208,3,0.000000,true,
80.000000,2.900000,0.000000,365.448434,365.448434,365.448434,365.448434,1096.345303,0.000000,0.000000,21.737173,1.038581,-18.738137,0.683272,0.683272,0.025455,-0.210206,-0.210206,-2.043878,0.136786,0.173102,46.089978,46.089978,459.262993,3,0.000000,true,
80.000000,2.850000,0.000000,364.109665,364.109665,364.109665,364.109665,1092.328994,0.000000,0.000000,21.727810,1.018074,-18.790817,0.671733,0.671733,0.024535,-0.220837,-0.220837,-2.045239,0.134800,0.171488,48.148285,48.148285,459.558951,3,0.000000,true,
80.000000,2.800000,0.000000,362.770786,362.770786,362.770786,362.770786,1088.312357,0.000000,0.000000,21.718610,0.997253,-18.843463,0.660184,0.660184,0.023633,-0.232354,-0.232354,-2.046612,0.132774,0.169830,50.378335,50.378335,459.868523,3,0.000000,true,
80.000000,2.750000,0.000000,361.434429,361.434429,361.434429,361.434429,1084.303286,0.000000,0.000000,21.709589,0.976124,-18.896069,0.648625,0.648625,0.022749,-0.244851,-0.244851,-2.048003,0.130709,0.168126,52.798268,52.798268,460.194571,3,0.000000,true,
80.000000,2.700000,0.000000,360.103864,360.103864,360.103864,360.103864,1080.311592,0.000000,0.000000,21.700769,0.954698,-18.948634,0.637057,0.637057,0.021885,-0.258428,-0.258428,-2.049419,0.128605,0.166376,55.427787,55.427787,460.540448,3,0.000000,true,
80.000000,2.650000,0.000000,358.783086,358.783086,358.783086,358.783086,1076.349257,0.000000,0.000000,21.692175,0.932989,-19.001153,0.625480,0.625480,0.021040,-0.273195,-0.273195,-2.050867,0.126464,0.164580,58.287965,58.287965,460.910059,3,0.000000,true,
80.000000,2.600000,0.000000,357.476878,357.476878,357.476878,357.476878,1072.430635,0.000000,0.000000,21.683834,0.911013,-19.053620,0.613893,0.613893,0.020215,-0.289264,-0.289264,-2.052355,0.124287,0.162735,61.400840,61.400840,461.307924,3,0.000000,true,
80.000000,2.550000,0.000000,356.190843,356.190843,356.190843,356.190843,1068.572530,0.000000,0.000000,21.675779,0.888794,-19.106028,0.602295,0.602295,0.019410,-0.306750,-0.306750,-2.053895,0.122076,0.160844,64.788739,64.788739,461.739209,3,0.000000,true,
80.000000,2.500000,0.000000,354.931358,354.931358,354.931358,354.931358,1064.794073,0.000000,0.000000,21.668042,0.866356,-19.158370,0.590687,0.590687,0.018625,-0.325763,-0.325763,-2.055498,0.119834,0.158904,68.473270,68.473270,462.209729,3,0.000000,true,
80.000000,2.450000,0.000000,353.705424,353.705424,353.705424,353.705424,1061.116271,0.000000,0.000000,21.660661,0.843734,-19.210635,0.579069,0.579069,0.017862,-0.346403,-0.346403,-2.057175,0.117563,0.156917,72.473942,72.473942,462.725880,3,0.000000,true,
80.000000,2.400000,0.000000,352.520385,352.520385,352.520385,352.520385,1057.561155,0.000000,0.000000,21.653670,0.820966,-19.262813,0.567440,0.567440,0.017120,-0.368750,-0.368750,-2.058939,0.115267,0.154883,76.806447,76.806447,463.294493,3,0.000000,true,
80.000000,2.350000,0.000000,351.383484,351.383484,351.383484,351.383484,1054.150452,0.000000,0.000000,21.647102,0.798096,-19.314890,0.555800,0.555800,0.016400,-0.392853,-0.392853,-2.060805,0.112951,0.152802,81.480762,81.480762,463.922592,3,0.000000,true,
80.000000,2.300000,0.000000,350.301283,350.301283,350.301283,350.301283,1050.903849,0.000000,0.000000,21.640981,0.775177,-19.366853,0.544149,0.544149,0.015702,-0.418722,-0.418722,-2.062786,0.110620,0.150677,86.499340,86.499340,464.617056,3,0.000000,true,
80.000000,2.250000,0.000000,349.279015,349.279015,349.279015,349.279015,1047.837044,0.000000,0.000000,21.635323,0.752268,-19.418684,0.532487,0.532487,0.015026,-0.446323,-0.446323,-2.064893,0.108280,0.148508,91.855800,91.855800,465.384211,3,0.000000,true,
80.000000,2.200000,0.000000,348.319991,348.319991,348.319991,348.319991,1044.959974,0.000000,0.000000,21.630132,0.729434,-19.470363,0.520814,0.520814,0.014373,-0.475571,-0.475571,-2.067136,0.105937,0.146298,97.534515,97.534515,466.229427,3,0.000000,true,
80.000000,2.150000,0.000000,347.425226,347.425226,347.425226,347.425226,1042.275677,0.000000,0.000000,21.625397,0.706753,-19.521868,0.509129,0.509129,0.013741,-0.506340,-0.506340,-2.069523,0.103600,0.144050,103.511363,103.511363,467.156793,3,0.000000,true,
80.000000,2.100000,0.000000,346.593409,346.593409,346.593409,346.593409,1039.780227,0.000000,0.000000,21.621097,0.684311,-19.573171,0.497435,0.497435,0.013131,-0.538469,-0.538469,-2.072058,0.101275,0.141768,109.755633,109.755633,468.168936,3,0.000000,true,
80.000000,2.050000,0.000000,345.821334,345.821334,345.821334,345.821334,1037.464002,0.000000,0.000000,21.617199,0.662210,-19.624238,0.485729,0.485729,0.012541,-0.571777,-0.571777,-2.074742,0.098974,0.139457,116.232726,116.232726,469.267027,3,0.000000,true,
80.000000,2.000000,0.000000,345.104750,345.104750,345.104750,345.104750,1035.314249,0.000000,0.000000,21.613669,0.640569,-19.675028,0.474014,0.474014,0.011973,-0.606077,-0.606077,-2.077572,0.096706,0.137124,122.907103,122.907103,470.450964,3,0.000000,true,
80.000000,1.950000,0.000000,344.439569,344.439569,344.439569,344.439569,1033.318706,0.000000,0.000000,21.610473,0.619525,-19.725492,0.462287,0.462287,0.011426,-0.641194,-0.641194,-2.080546,0.094486,0.134782,129.744879,129.744879,471.719663,3,0.000000,true,
80.000000,1.900000,0.000000,343.823267,343.823267,343.823267,343.823267,1031.469802,0.000000,0.000000,21.607586,0.599239,-19.775572,0.450550,0.450550,0.010901,-0.676968,-0.676968,-2.083656,0.092326,0.132442,136.715636,136.715636,473.071371,3,0.000000,true,
80.000000,1.850000,0.000000,343.256290,343.256290,343.256290,343.256290,1029.768871,0.000000,0.000000,21.605000,0.579886,-19.825200,0.438800,0.438800,0.010399,-0.713263,-0.713263,-2.086894,0.090245,0.130125,143.793209,143.793209,474.503929,3,0.000000,true,
80.000000,1.800000,0.000000,342.743207,342.743207,342.743207,342.743207,1028.229621,0.000000,0.000000,21.602722,0.561655,-19.874309,0.427038,0.427038,0.009924,-0.749964,-0.749964,-2.090253,0.088258,0.127853,150.955462,150.955462,476.014906,3,0.000000,true,
80.000000,1.750000,0.000000,342.293313,342.293313,342.293313,342.293313,1026.879938,0.000000,0.000000,21.600778,0.544725,-19.922830,0.415262,0.415262,0.009477,-0.786971,-0.786971,-2.093723,0.086382,0.125651,158.183207,158.183207,477.601589,3,0.000000,true,
80.000000,1.700000,0.000000,341.920344,341.920344,341.920344,341.920344,1025.761031,0.000000,0.000000,21.599212,0.529252,-19.970711,0.403470,0.403470,0.009060,-0.824191,-0.824191,-2.097294,0.084632,0.123547,165.458608,165.458608,479.260820,3,0.000000,true,
80.000000,1.650000,0.000000,341.641077,341.641077,341.641077,341.641077,1024.923231,0.000000,0.000000,21.598074,0.515338,-20.017921,0.391662,0.391662,0.008676,-0.861531,-0.861531,-2.100954,0.083016,0.121567,172.763518,172.763518,480.988762,3,0.000000,true,
80.000000,1.600000,0.000000,341.472888,341.472888,341.472888,341.472888,1024.418665,0.000000,0.000000,21.597408,0.503009,-20.064460,0.379838,0.379838,0.008325,-0.898888,-0.898888,-2.104692,0.081535,0.119731,180.078281,180.078281,482.780683,3,0.000000,true,
80.000000,1.550000,0.000000,341.430758,341.430758,341.430758,341.430758,1024.292274,0.000000,0.000000,21.597245,0.492205,-20.110368,0.367996,0.367996,0.008007,-0.936154,-0.936154,-2.108494,0.080184,0.118052,187.381421,187.381421,484.630883,3,0.000000,true,
80.000000,1.500000,0.000000,341.524548,341.524548,341.524548,341.524548,1024.573645,0.000000,0.000000,21.597591,0.482779,-20.155721,0.356139,0.356139,0.007721,-0.973212,-0.973212,-2.112348,0.078946,0.116533,194.650337,194.650337,486.532826,3,0.000000,true,
80.000000,1.450000,0.000000,341.757321,341.757321,341.757321,341.757321,1025.271964,0.000000,0.000000,21.598425,0.474514,-20.200622,0.344268,0.344268,0.007464,-1.009949,-1.009949,-2.116241,0.077802,0.115165,201.862712,201.862712,488.479466,3,0.000000,true,
80.000000,1.400000,0.000000,342.125051,342.125051,342.125051,342.125051,1026.375152,0.000000,0.000000,21.599698,0.467151,-20.245195,0.332385,0.332385,0.007231,-1.046260,-1.046260,-2.120161,0.076724,0.113933,208.998113,208.998113,490.463679,3,0.000000,true,
80.000000,1.350000,0.000000,342.617539,342.617539,342.617539,342.617539,1027.852617,0.000000,0.000000,21.601344,0.460416,-20.289565,0.320491,0.320491,0.007018,-1.082058,-1.082058,-2.124099,0.075688,0.112813,216.039281,216.039281,492.478669,3,0.000000,true,
80.000000,1.300000,0.000000,343.220012,343.220012,343.220012,343.220012,1029.660035,0.000000,0.000000,21.603285,0.454038,-20.333857,0.308589,0.308589,0.006822,-1.117275,-1.117275,-2.128046,0.074666,0.111780,222.972827,222.972827,494.518276,3,0.000000,true,
80.000000,1.250000,0.000000,343.914839,343.914839,343.914839,343.914839,1031.744518,0.000000,0.000000,21.605439,0.447774,-20.378183,0.296682,0.296682,0.006637,-1.151865,-1.151865,-2.131993,0.073635,0.110808,229.789339,229.789339,496.577153,3,0.000000,true,
80.000000,1.200000,0.000000,344.683010,344.683010,344.683010,344.683010,1034.049030,0.000000,0.000000,21.607728,0.441407,-20.422639,0.284770,0.284770,0.006460,-1.185799,-1.185799,-2.135937,0.072575,0.109870,236.483056,236.483056,498.650809,3,0.000000,true,
80.000000,1.150000,0.000000,345.505194,345.505194,345.505194,345.505194,1036.515583,0.000000,0.000000,21.610077,0.434756,-20.467307,0.272857,0.272857,0.006287,-1.219065,-1.219065,-2.139872,0.071467,0.108943,243.051299,243.051299,500.735586,3,0.000000,true,
80.000000,1.100000,0.000000,346.362391,346.362391,346.362391,346.362391,1039.087173,0.000000,0.000000,21.612423,0.427667,-20.512255,0.260943,0.260943,0.006115,-1.251663,-1.251663,-2.143796,0.070297,0.108004,249.493845,249.493845,502.828565,3,0.000000,true,
80.000000,1.050000,0.000000,347.236233,347.236233,347.236233,347.236233,1041.708698,0.000000,0.000000,21.614708,0.420017,-20.557536,0.249029,0.249029,0.005941,-1.283602,-1.283602,-2.147707,0.069051,0.107033,255.812317,255.812317,504.927471,3,0.000000,true,
80.000000,1.000000,0.000000,348.109030,348.109030,348.109030,348.109030,1044.327090,0.000000,0.000000,21.616884,0.411702,-20.603193,0.237118,0.237118,0.005764,-1.314898,-1.314898,-2.151604,0.067719,0.106013,262.009678,262.009678,507.030565,3,0.000000,true,
80.000000,0.950000,0.000000,348.963640,348.963640,348.963640,348.963640,1046.890921,0.000000,0.000000,21.618911,0.402640,-20.649258,0.225209,0.225209,0.005582,-1.345573,-1.345573,-2.155485,0.066292,0.104927,268.089804,268.089804,509.136547,3,0.000000,true,
80.000000,0.900000,0.000000,349.783208,349.783208,349.783208,349.783208,1049.349623,0.000000,0.000000,21.620756,0.392763,-20.695756,0.213304,0.213304,0.005392,-1.375649,-1.375649,-2.159351,0.064762,0.103759,274.057170,274.057170,511.244478,3,0.000000,true,
80.000000,0.850000,0.000000,350.550810,350.550810,350.550810,350.550810,1051.652430,0.000000,0.000000,21.622390,0.382014,-20.742704,0.201403,0.201403,0.005194,-1.405153,-1.405153,-2.163201,0.063121,0.102495,279.916612,279.916612,513.353709,3,0.000000,true,
80.000000,0.800000,0.000000,351.249018,351.249018,351.249018,351.249018,1053.747054,0.000000,0.000000,21.623792,0.370346,-20.790113,0.189507,0.189507,0.004986,-1.434111,-1.434111,-2.167037,0.061362,0.101120,285.673147,285.673147,515.463825,3,0.000000,true,
80.000000,0.750000,0.000000,351.859359,351.859359,351.859359,351.859359,1055.578078,0.000000,0.000000,21.624944,0.357718,-20.837992,0.177616,0.177616,0.004767,-1.462549,-1.462549,-2.170858,0.059478,0.099620,291.331861,291.331861,517.574602,3,0.000000,true,
80.000000,0.700000,0.000000,352.361656,352.361656,352.361656,352.361656,1057.084969,0.000000,0.000000,21.625831,0.344092,-20.886343,0.165731,0.165731,0.004537,-1.490495,-1.490495,-2.174666,0.057462,0.097979,296.897825,296.897825,519.685974,3,0.000000,true,
80.000000,0.650000,0.000000,352.733179,352.733179,352.733179,352.733179,1058.199537,0.000000,0.000000,21.626442,0.329435,-20.935165,0.153852,0.153852,0.004296,-1.517973,-1.517973,-2.178460,0.055306,0.096181,302.376041,302.376041,521.798003,3,0.000000,true,
80.000000,0.600000,0.000000,352.947526,352.947526,352.947526,352.947526,1058.842579,0.000000,0.000000,21.626770,0.313712,-20.984456,0.141979,0.141979,0.004041,-1.545010,-1.545010,-2.182243,0.053003,0.094207,307.771415,307.771415,523.910860,3,0.000000,true,
80.000000,0.550000,0.000000,352.973077,352.973077,352.973077,352.973077,1058.919230,0.000000,0.000000,21.626808,0.296888,-21.034208,0.130113,0.130113,0.003774,-1.571631,-1.571631,-2.186015,0.050542,0.092036,313.088733,313.088733,526.024811,3,0.000000,true,
80.000000,0.500000,0.000000,352.770759,352.770759,352.770759,352.770759,1058.312277,0.000000,0.000000,21.626552,0.278923,-21.084412,0.118253,0.118253,0.003494,-1.597860,-1.597860,-2.189776,0.047912,0.089641,318.332660,318.332660,528.140200,3,0.000000,true,
80.000000,0.450000,0.000000,352.290694,352.290694,352.290694,352.290694,1056.872081,0.000000,0.000000,21.626000,0.259770,-21.135057,0.106400,0.106400,0.003200,-1.623719,-1.623719,-2.193528,0.045098,0.086991,323.507729,323.507729,530.257440,3,0.000000,true,
80.000000,0.400000,0.000000,351.466886,351.466886,351.466886,351.466886,1054.400659,0.000000,0.000000,21.625152,0.239371,-21.186128,0.094553,0.094553,0.002894,-1.649233,-1.649233,-2.197272,0.042085,0.084045,328.618339,328.618339,532.377002,3,0.000000,true,
80.000000,0.350000,0.000000,350.208386,350.208386,350.208386,350.208386,1050.625159,0.000000,0.000000,21.624009,0.217649,-21.237611,0.082713,0.082713,0.002574,-1.674423,-1.674423,-2.201009,0.038850,0.080748,333.668739,333.668739,534.499397,3,0.000000,true,
80.000000,0.300000,0.000000,348.383583,348.383583,348.383583,348.383583,1045.150748,0.000000,0.000000,21.622573,0.194498,-21.289486,0.070879,0.070879,0.002242,-1.699310,-1.699310,-2.204739,0.035361,0.077025,338.663013,338.663013,536.625169,3,0.000000,true,
80.000000,0.250000,0.000000,345.790016,345.790016,345.790016,345.790016,1037.370049,0.000000,0.000000,21.620848,0.169767,-21.341736,0.059052,0.059052,0.001897,-1.723914,-1.723914,-2.208463,0.031577,0.072764,343.605042,343.605042,538.754864,3,0.000000,true,
80.000000,0.200000,0.000000,342.089986,342.089986,342.089986,342.089986,1026.269958,0.000000,0.000000,21.618836,0.143226,-21.394342,0.047230,0.047230,0.001540,-1.748254,-1.748254,-2.212181,0.027434,0.067789,348.498457,348.498457,540.889011,4,0.000000,true,
80.000000,0.150000,0.000000,336.651564,336.651564,336.651564,336.651564,1009.954692,0.000000,0.000000,21.616544,0.114505,-21.447285,0.035414,0.035414,0.001171,-1.772347,-1.772347,-2.215895,0.022825,0.061793,353.346574,353.346574,543.028085,4,0.000000,true,
80.000000,0.100000,0.000000,328.056338,328.056338,328.056338,328.056338,984.169015,0.000000,0.000000,21.613975,0.082943,-21.500548,0.023604,0.023604,0.000792,-1.796209,-1.796209,-2.219603,0.017554,0.054145,358.152319,358.152319,545.172470,4,0.000000,true,
80.000000,0.050000,0.000000,311.776049,311.776049,311.776049,311.776049,935.328146,0.000000,0.000000,21.611133,0.047102,-21.554117,0.011800,0.011800,0.000401,-1.819851,-1.819851,-2.223308,0.011148,0.043096,362.918158,362.918158,547.322426,4,0.000000,true,
80.000000,0.000000,0.000000,-0.001000,-0.001000,-0.001000,-0.001000,-0.003000,0.000000,0.000000,21.608024,0.000100,-21.607983,-0.000000,-0.000000,-0.000000,-1.843284,-1.843284,-2.227007,0.000858,0.000858,367.645960,367.645960,549.478023,38,0.000000,true,
85.000000,4.000000,0.000000,390.224615,390.224615,390.224615,390.224615,1170.673846,0.000000,0.000000,21.977776,1.561461,-17.508264,0.928793,0.928793,0.062414,-0.095429,-0.095429,-1.998239,0.185031,0.215446,23.846798,23.846798,451.521799,5,0.000000,true,
85.000000,3.950000,0.000000,388.970472,388.970472,388.970472,388.970472,1166.911415,0.000000,0.000000,21.965650,1.544817,-17.562818,0.917672,0.917672,0.060655,-0.098276,-0.098276,-2.000383,0.183650,0.214340,24.397928,24.397928,451.865298,3,0.000000,true,
85.000000,3.900000,0.000000,387.710586,387.710586,387.710586,387.710586,1163.131759,0.000000,0.000000,21.953621,1.527954,-17.617314,0.906532,0.906532,0.058936,-0.101261,-0.101261,-2.002481,0.182242,0.213214,24.975928,24.975928,452.202373,3,0.000000,true,
85.000000,3.850000,0.000000,386.444698,386.444698,386.444698,386.444698,1159.334095,0.000000,0.000000,21.941689,1.510867,-17.671753,0.895372,0.895372,0.057256,-0.104395,-0.104395,-2.004534,0.180808,0.212067,25.582722,25.582722,452.533429,3,0.000000,true,
85.000000,3.800000,0.000000,385.172544,385.172544,385.172544,385.172544,1155.517631,0.000000,0.000000,21.929852,1.493550,-17.726137,0.884194,0.884194,0.055612,-0.107690,-0.107690,-2.006544,0.179347,0.210899,26.220418,26.220418,452.858868,3,0.000000,true,
85.000000,3.750000,0.000000,383.893860,383.893860,383.893860,383.893860,1151.681579,0.000000,0.000000,21.918111,1.475997,-17.780467,0.872998,0.872998,0.054005,-0.111156,-0.111156,-2.008514,0.177858,0.209708,26.891331,26.891331,453.179100,3,0.000000,true,
85.000000,3.700000,0.000000,382.608386,382.608386,382.608386,382.608386,1147.825157,0.000000,0.000000,21.906463,1.458202,-17.834746,0.861784,0.861784,0.052431,-0.114806,-0.114806,-2.010446,0.176341,0.208494,27.598006,27.598006,453.494540,3,0.000000,true,
85.000000,3.650000,0.000000,381.315867,381.315867,381.315867,381.315867,1143.947601,0.000000,0.000000,21.894909,1.440161,-17.888974,0.850554,0.850554,0.050891,-0.118657,-0.118657,-2.012340,0.174794,0.207255,28.343246,28.343246,453.805614,3,0.000000,true,
85.000000,3.600000,0.000000,380.016060,380.016060,380.016060,380.016060,1140.048181,0.000000,0.000000,21.883447,1.421868,-17.943152,0.839308,0.839308,0.049383,-0.122722,-0.122722,-2.014200,0.173217,0.205991,29.130145,29.130145,454.112763,3,0.000000,true,
85.000000,3.550000,0.000000,378.708737,378.708737,378.708737,378.708737,1136.126210,0.000000,0.000000,21.872078,1.403320,-17.997282,0.828047,0.828047,0.047907,-0.127021,-0.127021,-2.016026,0.171610,0.204701,29.962124,29.962124,454.416451,3,0.000000,true,
85.000000,3.500000,0.000000,377.393689,377.393689,377.393689,377.393689,1132.181066,0.000000,0.000000,21.860802,1.384511,-18.051365,0.816770,0.816770,0.046460,-0.131572,-0.131572,-2.017821,0.169972,0.203384,30.842971,30.842971,454.717164,3,0.000000,true,
85.000000,3.450000,0.000000,376.070738,376.070738,376.070738,376.070738,1128.212215,0.000000,0.000000,21.849620,1.365438,-18.105401,0.805478,0.805478,0.045043,-0.136398,-0.136398,-2.019586,0.168302,0.202039,31.776891,31.776891,455.015424,3,0.000000,true,
85.000000,3.400000,0.000000,374.739746,374.739746,374.739746,374.739746,1124.219237,0.000000,0.000000,21.838531,1.346098,-18.159391,0.794173,0.794173,0.043655,-0.141522,-0.141522,-2.021324,0.166599,0.200665,32.768559,32.768559,455.311792,3,0.000000,true,
85.000000,3.350000,0.000000,373.400621,373.400621,373.400621,373.400621,1120.201863,0.000000,0.000000,21.827537,1.326486,-18.213335,0.782853,0.782853,0.042294,-0.146971,-0.146971,-2.023036,0.164864,0.199261,33.823179,33.823179,455.606881,3,0.000000,true,
85.000000,3.300000,0.000000,372.053338,372.053338,372.053338,372.053338,1116.160014,0.000000,0.000000,21.816640,1.306600,-18.267235,0.771520,0.771520,0.040960,-0.152776,-0.152776,-2.024724,0.163095,0.197826,34.946557,34.946557,455.901363,3,0.000000,true,
85.000000,3.250000,0.000000,370.697953,370.697953,370.697953,370.697953,1112.093860,0.000000,0.000000,21.805843,1.286438,-18.321088,0.760174,0.760174,0.039652,-0.158969,-0.158969,-2.026390,0.161291,0.196359,36.145180,36.145180,456.195987,3,0.000000,true,
85.000000,3.200000,0.000000,369.334625,369.334625,369.334625,369.334625,1108.003876,0.000000,0.000000,21.795148,1.265998,-18.374897,0.748815,0.748815,0.038371,-0.165589,-0.165589,-2.028037,0.159453,0.194860,37.426304,37.426304,456.491593,3,0.000000,true,
85.000000,3.150000,0.000000,367.963644,367.963644,367.963644,367.963644,1103.890931,0.000000,0.000000,21.784559,1.245279,-18.428659,0.737443,0.737443,0.037114,-0.172677,-0.172677,-2.029667,0.157580,0.193327,38.798056,38.798056,456.789129,3,0.000000,true,
85.000000,3.100000,0.000000,366.585460,366.585460,366.585460,366.585460,1099.756379,0.000000,0.000000,21.774083,1.224282,-18.482373,0.726059,0.726059,0.035883,-0.180280,-0.180280,-2.031283,0.155671,0.191759,40.269544,40.269544,457.089677,3,0.000000,true,
85.000000,3.050000,0.000000,365.200727,365.200727,365.200727,365.200727,1095.602180,0.000000,0.000000,21.763725,1.203007,-18.536040,0.714662,0.714662,0.034676,-0.188451,-0.188451,-2.032886,0.153727,0.190155,41.850975,41.850975,457.394480,3,0.000000,true,
85.000000,3.000000,0.000000,363.810349,363.810349,363.810349,363.810349,1091.431048,0.000000,0.000000,21.753494,1.181456,-18.589656,0.703254,0.703254,0.033493,-0.197249,-0.197249,-2.034482,0.151747,0.188515,43.553787,43.553787,457.704974,3,0.000000,true,
85.000000,2.950000,0.000000,362.415540,362.415540,362.415540,362.415540,1087.246621,0.000000,0.000000,21.743401,1.159635,-18.643220,0.691833,0.691833,0.032334,-0.206739,-0.206739,-2.036072,0.149730,0.186837,45.390780,45.390780,458.022829,3,0.000000,true,
85.000000,2.900000,0.000000,361.017891,361.017891,361.017891,361.017891,1083.053674,0.000000,0.000000,21.733456,1.137547,-18.696728,0.680400,0.680400,0.031199,-0.216996,-0.216996,-2.037662,0.147678,0.185122,47.376237,47.376237,458.349993,3,0.000000,true,
85.000000,2.850000,0.000000,359.619453,359.619453,359.619453,359.619453,1078.858359,0.000000,0.000000,21.723676,1.115203,-18.750177,0.668956,0.668956,0.030088,-0.228101,-0.228101,-2.039256,0.145590,0.183367,49.526034,49.526034,458.688743,3,0.000000,true,
85.000000,2.800000,0.000000,358.222826,358.222826,358.222826,358.222826,1074.668479,0.000000,0.000000,21.714079,1.092611,-18.803562,0.657499,0.657499,0.029002,-0.240145,-0.240145,-2.040858,0.143468,0.181573,51.857708,51.857708,459.041754,3,0.000000,true,
85.000000,2.750000,0.000000,356.831267,356.831267,356.831267,356.831267,1070.493800,0.000000,0.000000,21.704685,1.069787,-18.856879,0.646030,0.646030,0.027939,-0.253226,-0.253226,-2.042477,0.141311,0.179740,54.390450,54.390450,459.412155,3,0.000000,true,
85.000000,2.700000,0.000000,355.448786,355.448786,355.448786,355.448786,1066.346359,0.000000,0.000000,21.695521,1.046747,-18.910119,0.634549,0.634549,0.026902,-0.267451,-0.267451,-2.044117,0.139122,0.177867,57.144991,57.144991,459.803606,3,0.000000,true,
85.000000,2.650000,0.000000,354.080254,354.080254,354.080254,354.080254,1062.240761,0.000000,0.000000,21.686616,1.023515,-18.963274,0.623055,0.623055,0.025889,-0.282934,-0.282934,-2.045789,0.136902,0.175955,60.143311,60.143311,460.220356,3,0.000000,true,
85.000000,2.600000,0.000000,352.731466,352.731466,352.731466,352.731466,1058.194397,0.000000,0.000000,21.678004,1.000118,-19.016335,0.611549,0.611549,0.024903,-0.299789,-0.299789,-2.047500,0.134654,0.174004,63.408114,63.408114,460.667301,3,0.000000,true,
85.000000,2.550000,0.000000,351.409173,351.409173,351.409173,351.409173,1054.227519,0.000000,0.000000,21.669721,0.976590,-19.069291,0.600029,0.600029,0.023943,-0.318134,-0.318134,-2.049263,0.132380,0.172015,66.961986,66.961986,461.150003,3,0.000000,true,
85.000000,2.500000,0.000000,350.121021,350.121021,350.121021,350.121021,1050.363062,0.000000,0.000000,21.661808,0.952970,-19.122127,0.588495,0.588495,0.023010,-0.338077,-0.338077,-2.051088,0.130084,0.169990,70.826186,70.826186,461.674657,3,0.000000,true,
85.000000,2.450000,0.000000,348.875371,348.875371,348.875371,348.875371,1046.626113,0.000000,0.000000,21.654309,0.929306,-19.174828,0.576947,0.576947,0.022106,-0.359711,-0.359711,-2.052988,0.127771,0.167931,75.019062,75.019062,462.248000,3,0.000000,true,
85.000000,2.400000,0.000000,347.680973,347.680973,347.680973,347.680973,1043.042920,0.000000,0.000000,21.647262,0.905652,-19.227376,0.565385,0.565385,0.021231,-0.383104,-0.383104,-2.054976,0.125447,0.165840,79.554170,79.554170,462.877107,3,0.000000,true,
85.000000,2.350000,0.000000,346.546484,346.546484,346.546484,346.546484,1039.639452,0.000000,0.000000,21.640708,0.882067,-19.279752,0.553808,0.553808,0.020385,-0.408290,-0.408290,-2.057067,0.123115,0.163721,84.438312,84.438312,463.569093,3,0.000000,true,
85.000000,2.300000,0.000000,345.479863,345.479863,345.479863,345.479863,1036.439589,0.000000,0.000000,21.634675,0.858620,-19.331936,0.542215,0.542215,0.019570,-0.435257,-0.435257,-2.059272,0.120785,0.161577,89.669851,89.669851,464.330731,3,0.000000,true,
85.000000,2.250000,0.000000,344.487746,344.487746,344.487746,344.487746,1033.463237,0.000000,0.000000,21.629183,0.835384,-19.383903,0.530608,0.530608,0.018785,-0.463947,-0.463947,-2.061602,0.118461,0.159413,95.237705,95.237705,465.168020,3,0.000000,true,
85.000000,2.200000,0.000000,343.574926,343.574926,343.574926,343.574926,1030.724777,0.000000,0.000000,21.624242,0.812436,-19.435630,0.518985,0.518985,0.018030,-0.494250,-0.494250,-2.064067,0.116153,0.157233,101.121409,101.121409,466.085787,3,0.000000,true,
85.000000,2.150000,0.000000,342.744092,342.744092,342.744092,342.744092,1028.232277,0.000000,0.000000,21.619846,0.789861,-19.487091,0.507347,0.507347,0.017306,-0.526016,-0.526016,-2.066671,0.113868,0.155042,107.292366,107.292366,467.087393,3,0.000000,true,
85.000000,2.100000,0.000000,341.995926,341.995926,341.995926,341.995926,1025.987779,0.000000,0.000000,21.615977,0.767747,-19.538257,0.495694,0.495694,0.016611,-0.559065,-0.559065,-2.069418,0.111613,0.152849,113.716112,113.716112,468.174622,3,0.000000,true,
85.000000,2.050000,0.000000,341.329562,341.329562,341.329562,341.329562,1023.988687,0.000000,0.000000,21.612613,0.746189,-19.589097,0.484027,0.484027,0.015946,-0.593200,-0.593200,-2.072305,0.109399,0.150659,120.355106,120.355106,469.347730,3,0.000000,true,
85.000000,2.000000,0.000000,340.743345,340.743345,340.743345,340.743345,1022.230035,0.000000,0.000000,21.609725,0.725289,-19.639578,0.472345,0.472345,0.015310,-0.628225,-0.628225,-2.075330,0.107235,0.148481,127.171477,127.171477,470.605654,3,0.000000,true,
85.000000,1.950000,0.000000,340.235712,340.235712,340.235712,340.235712,1020.707135,0.000000,0.000000,21.607285,0.705152,-19.689663,0.460649,0.460649,0.014703,-0.663950,-0.663950,-2.078486,0.105128,0.146327,134.129208,134.129208,471.946282,3,0.000000,true,
85.000000,1.900000,0.000000,339.806030,339.806030,339.806030,339.806030,1019.418091,0.000000,0.000000,21.605272,0.685888,-19.739316,0.448937,0.448937,0.014125,-0.700206,-0.700206,-2.081765,0.103091,0.144209,141.195464,141.195464,473.366733,3,0.000000,true,
85.000000,1.850000,0.000000,339.455208,339.455208,339.455208,339.455208,1018.365625,0.000000,0.000000,21.603671,0.667598,-19.788501,0.437211,0.437211,0.013578,-0.736841,-0.736841,-2.085159,0.101130,0.142140,148.341068,148.341068,474.863566,3,0.000000,true,
85.000000,1.800000,0.000000,339.185934,339.185934,339.185934,339.185934,1017.557802,0.000000,0.000000,21.602475,0.650374,-19.837190,0.425469,0.425469,0.013061,-0.773721,-0.773721,-2.088655,0.099255,0.140135,155.540248,155.540248,476.432910,3,0.000000,true,
85.000000,1.750000,0.000000,339.002467,339.002467,339.002467,339.002467,1017.007402,0.000000,0.000000,21.601682,0.634285,-19.885362,0.413712,0.413712,0.012576,-0.810726,-0.810726,-2.092245,0.097471,0.138207,162.769960,162.769960,478.070508,3,0.000000,true,
85.000000,1.700000,0.000000,338.909975,338.909975,338.909975,338.909975,1016.729924,0.000000,0.000000,21.601293,0.619363,-19.933015,0.401939,0.401939,0.012122,-0.847748,-0.847748,-2.095916,0.095780,0.136369,170.009089,170.009089,479.771716,3,0.000000,true,
85.000000,1.650000,0.000000,338.913519,338.913519,338.913519,338.913519,1016.740556,0.000000,0.000000,21.601307,0.605598,-19.980163,0.390150,0.390150,0.011700,-0.884685,-0.884685,-2.099657,0.094182,0.134631,177.237799,177.237799,481.531491,3,0.000000,true,
85.000000,1.600000,0.000000,339.016906,339.016906,339.016906,339.016906,1017.050719,0.000000,0.000000,21.601714,0.592935,-20.026844,0.378346,0.378346,0.011308,-0.921440,-0.921440,-2.103456,0.092669,0.132996,184.437217,184.437217,483.344424,3,0.000000,true,
85.000000,1.550000,0.000000,339.221651,339.221651,339.221651,339.221651,1017.664952,0.000000,0.000000,21.602498,0.581268,-20.073114,0.366528,0.366528,0.010945,-0.957922,-0.957922,-2.107303,0.091233,0.131464,191.589486,191.589486,485.204831,3,0.000000,true,
85.000000,1.500000,0.000000,339.526278,339.526278,339.526278,339.526278,1018.578834,0.000000,0.000000,21.603627,0.570455,-20.119047,0.354696,0.354696,0.010608,-0.994045,-0.994045,-2.111187,0.089859,0.130030,198.678124,198.678124,487.106908,3,0.000000,true,
85.000000,1.450000,0.000000,339.926089,339.926089,339.926089,339.926089,1019.778268,0.000000,0.000000,21.605060,0.560324,-20.164729,0.342853,0.342853,0.010294,-1.029737,-1.029737,-2.115098,0.088532,0.128683,205.688496,205.688496,489.044924,3,0.000000,true,
85.000000,1.400000,0.000000,340.413362,340.413362,340.413362,340.413362,1021.240086,0.000000,0.000000,21.606748,0.550689,-20.210252,0.331001,0.331001,0.009999,-1.064935,-1.064935,-2.119028,0.087232,0.127410,212.608253,212.608253,491.013410,3,0.000000,true,
85.000000,1.350000,0.000000,340.977861,340.977861,340.977861,340.977861,1022.933582,0.000000,0.000000,21.608636,0.541359,-20.255708,0.319140,0.319140,0.009720,-1.099589,-1.099589,-2.122970,0.085942,0.126194,219.427592,219.427592,493.007319,3,0.000000,true,
85.000000,1.300000,0.000000,341.607494,341.607494,341.607494,341.607494,1024.822481,0.000000,0.000000,21.610665,0.532150,-20.301184,0.307274,0.307274,0.009452,-1.133664,-1.133664,-2.126917,0.084644,0.125018,226.139314,226.139314,495.022136,3,0.000000,true,
85.000000,1.250000,0.000000,342.288964,342.288964,342.288964,342.288964,1026.866891,0.000000,0.000000,21.612778,0.522891,-20.346762,0.295403,0.295403,0.009193,-1.167136,-1.167136,-2.130866,0.083321,0.123862,232.738683,232.738683,497.053923,3,0.000000,true,
85.000000,1.200000,0.000000,343.008316,343.008316,343.008316,343.008316,1029.024947,0.000000,0.000000,21.614921,0.513430,-20.392512,0.283531,0.283531,0.008939,-1.199994,-1.199994,-2.134811,0.081959,0.122708,239.223155,239.223155,499.099334,3,0.000000,true,
85.000000,1.150000,0.000000,343.751332,343.751332,343.751332,343.751332,1031.253995,0.000000,0.000000,21.617044,0.503631,-20.438496,0.271657,0.271657,0.008686,-1.232234,-1.232234,-2.138750,0.080544,0.121541,245.592041,245.592041,501.155576,3,0.000000,true,
85.000000,1.100000,0.000000,344.503770,344.503770,344.503770,344.503770,1033.511311,0.000000,0.000000,21.619103,0.493376,-20.484768,0.259784,0.259784,0.008432,-1.263863,-1.263863,-2.142682,0.079064,0.120343,251.846142,251.846142,503.220367,3,0.000000,true,
85.000000,1.050000,0.000000,345.251460,345.251460,345.251460,345.251460,1035.754380,0.000000,0.000000,21.621059,0.482567,-20.531370,0.247912,0.247912,0.008175,-1.294891,-1.294891,-2.146604,0.077509,0.119099,257.987422,257.987422,505.291869,3,0.000000,true,
85.000000,1.000000,0.000000,345.980274,345.980274,345.980274,345.980274,1037.940822,0.000000,0.000000,21.622876,0.471116,-20.578339,0.236044,0.236044,0.007912,-1.325333,-1.325333,-2.150515,0.075868,0.117794,264.018702,264.018702,507.368631,3,0.000000,true,
85.000000,0.950000,0.000000,346.676004,346.676004,346.676004,346.676004,1040.028013,0.000000,0.000000,21.624527,0.458952,-20.625702,0.224179,0.224179,0.007642,-1.355208,-1.355208,-2.154416,0.074133,0.116415,269.943423,269.943423,509.449530,3,0.000000,true,
85.000000,0.900000,0.000000,347.324150,347.324150,347.324150,347.324150,1041.972450,0.000000,0.000000,21.625986,0.446011,-20.673481,0.212318,0.212318,0.007363,-1.384536,-1.384536,-2.158306,0.072295,0.114947,275.765439,275.765439,511.533716,3,0.000000,true,
85.000000,0.850000,0.000000,347.909622,347.909622,347.909622,347.909622,1043.728866,0.000000,0.000000,21.627232,0.432239,-20.721693,0.200463,0.200463,0.007074,-1.413339,-1.413339,-2.162185,0.070348,0.113379,281.488868,281.488868,513.620568,3,0.000000,true,
85.000000,0.800000,0.000000,348.416364,348.416364,348.416364,348.416364,1045.249091,0.000000,0.000000,21.628250,0.417589,-20.770350,0.188614,0.188614,0.006773,-1.441640,-1.441640,-2.166054,0.068284,0.111695,287.117972,287.117972,515.709654,3,0.000000,true,
85.000000,0.750000,0.000000,348.826860,348.826860,348.826860,348.826860,1046.480579,0.000000,0.000000,21.629025,0.402017,-20.819460,0.176770,0.176770,0.006459,-1.469461,-1.469461,-2.169912,0.066094,0.109882,292.657071,292.657071,517.800703,3,0.000000,true,
85.000000,0.700000,0.000000,349.121504,349.121504,349.121504,349.121504,1047.364512,0.000000,0.000000,21.629546,0.385484,-20.869027,0.164934,0.164934,0.006133,-1.496825,-1.496825,-2.173761,0.063771,0.107924,298.110480,298.110480,519.893573,3,0.000000,true,
85.000000,0.650000,0.000000,349.277760,349.277760,349.277760,349.277760,1047.833280,0.000000,0.000000,21.629804,0.367950,-20.919053,0.153104,0.153104,0.005792,-1.523754,-1.523754,-2.177602,0.061307,0.105805,303.482468,303.482468,521.988230,3,0.000000,true,
85.000000,0.600000,0.000000,349.269019,349.269019,349.269019,349.269019,1047.807056,0.000000,0.000000,21.629793,0.349377,-20.969536,0.141282,0.141282,0.005437,-1.550270,-1.550270,-2.181434,0.058691,0.103504,308.777223,308.777223,524.084736,3,0.000000,true,
85.000000,0.550000,0.000000,349.062987,349.062987,349.062987,349.062987,1047.188961,0.000000,0.000000,21.629507,0.329721,-21.020472,0.129467,0.129467,0.005066,-1.576394,-1.576394,-2.185258,0.055913,0.101000,313.998840,313.998840,526.183225,3,0.000000,true,
85.000000,0.500000,0.000000,348.619342,348.619342,348.619342,348.619342,1045.858026,0.000000,0.000000,21.628943,0.308937,-21.071856,0.117659,0.117659,0.004681,-1.602147,-1.602147,-2.189076,0.052959,0.098264,319.151299,319.151299,528.283898,3,0.000000,true,
85.000000,0.450000,0.000000,347.886166,347.886166,347.886166,347.886166,1043.658498,0.000000,0.000000,21.628099,0.286968,-21.123679,0.105860,0.105860,0.004280,-1.627549,-1.627549,-2.192887,0.049814,0.095262,324.238460,324.238460,530.387008,3,0.000000,true,
85.000000,0.400000,0.000000,346.794299,346.794299,346.794299,346.794299,1040.382898,0.000000,0.000000,21.626974,0.263746,-21.175931,0.094068,0.094068,0.003864,-1.652619,-1.652619,-2.196694,0.046458,0.091950,329.264053,329.264053,532.492851,3,0.000000,true,
85.000000,0.350000,0.000000,345.247916,345.247916,345.247916,345.247916,1035.743749,0.000000,0.000000,21.625569,0.239184,-21.228602,0.082284,0.082284,0.003433,-1.677376,-1.677376,-2.200495,0.042865,0.088268,334.231663,334.231663,534.601749,3,0.000000,true,
85.000000,0.300000,0.000000,343.107789,343.107789,343.107789,343.107789,1029.323367,0.000000,0.000000,21.623884,0.213163,-21.281678,0.070507,0.070507,0.002986,-1.701839,-1.701839,-2.204292,0.039002,0.084134,339.144719,339.144719,536.714046,3,0.000000,true,
85.000000,0.250000,0.000000,340.159145,340.159145,340.159145,340.159145,1020.477434,0.000000,0.000000,21.621921,0.185519,-21.335147,0.058738,0.058738,0.002524,-1.726022,-1.726022,-2.208085,0.034819,0.079426,344.006474,344.006474,538.830087,3,0.000000,true,
85.000000,0.200000,0.000000,336.043167,336.043167,336.043167,336.043167,1008.129502,0.000000,0.000000,21.619683,0.156008,-21.388995,0.046976,0.046976,0.002048,-1.749943,-1.749943,-2.211875,0.030245,0.073951,348.819973,348.819973,540.950205,4,0.000000,true,
85.000000,0.150000,0.000000,330.087998,330.087998,330.087998,330.087998,990.263994,0.000000,0.000000,21.617171,0.124247,-21.443210,0.035222,0.035222,0.001557,-1.773616,-1.773616,-2.215662,0.025162,0.067374,353.588027,353.588027,543.074703,4,0.000000,true,
85.000000,0.100000,0.000000,320.785650,320.785650,320.785650,320.785650,962.356950,0.000000,0.000000,21.614390,0.089565,-21.497778,0.023474,0.023474,0.001051,-1.797055,-1.797055,-2.219445,0.019354,0.059007,358.313179,358.313179,545.203833,4,0.000000,true,
85.000000,0.050000,0.000000,303.323423,303.323423,303.323423,303.323423,909.970270,0.000000,0.000000,21.611341,0.050517,-21.552689,0.011734,0.011734,0.000532,-1.820270,-1.820270,-2.223226,0.012299,0.046944,362.997662,362.997662,547.337779,4,0.000000,true,
85.000000,0.000000,0.000000,0.000000,0.000000,0.000000,0.000000,0.000000,0.000000,0.000000,21.608027,0.000219,-21.607933,0.000000,0.000000,0.000000,-1.843270,-1.843270,-2.227004,0.001303,0.001303,367.643187,367.643187,549.476550,17,0.000000,true,
90.000000,4.000000,0.000000,386.458468,386.458468,386.458468,386.458468,1159.375403,0.000000,0.000000,21.982846,1.734845,-17.431333,0.922507,0.922507,0.074987,-0.098626,-0.098626,-1.984518,0.200308,0.232154,24.436526,24.436526,449.400064,5,0.000000,true,
90.000000,3.950000,0.000000,385.163809,385.163809,385.163809,385.163809,1155.491427,0.000000,0.000000,21.970328,1.715098,-17.487264,0.911554,0.911554,0.072892,-0.101560,-0.101560,-1.987033,0.198763,0.230861,25.004516,25.004516,449.802003,3,0.000000,true,
90.000000,3.900000,0.000000,383.862122,383.862122,383.862122,383.862122,1151.586366,0.000000,0.000000,21.957900,1.695175,-17.543118,0.900578,0.900578,0.070843,-0.104639,-0.104639,-1.989496,0.197195,0.229548,25.600619,25.600619,450.196477,3,0.000000,true,
90.000000,3.850000,0.000000,382.553193,382.553193,382.553193,382.553193,1147.659579,0.000000,0.000000,21.945562,1.675068,-17.598896,0.889580,0.889580,0.068839,-0.107874,-0.107874,-1.991906,0.195602,0.228217,26.226874,26.226874,450.583912,3,0.000000,true,
90.000000,3.800000,0.000000,381.236808,381.236808,381.236808,381.236808,1143.710423,0.000000,0.000000,21.933314,1.654773,-17.654601,0.878560,0.878560,0.066879,-0.111277,-0.111277,-1.994268,0.193984,0.226865,26.885519,26.885519,450.964741,3,0.000000,true,
90.000000,3.750000,0.000000,379.912754,379.912754,379.912754,379.912754,1139.738263,0.000000,0.000000,21.921156,1.634284,-17.710234,0.867519,0.867519,0.064961,-0.114860,-0.114860,-1.996582,0.192341,0.225492,27.579015,27.579015,451.339398,3,0.000000,true,
90.000000,3.700000,0.000000,378.580826,378.580826,378.580826,378.580826,1135.742478,0.000000,0.000000,21.909087,1.613595,-17.765796,0.856458,0.856458,0.063084,-0.118637,-0.118637,-1.998850,0.190671,0.224097,28.310069,28.310069,451.708330,3,0.000000,true,
90.000000,3.650000,0.000000,377.240826,377.240826,377.240826,377.240826,1131.722479,0.000000,0.000000,21.897108,1.592702,-17.821289,0.845377,0.845377,0.061246,-0.122625,-0.122625,-2.001076,0.188973,0.222679,29.081669,29.081669,452.071997,3,0.000000,true,
90.000000,3.600000,0.000000,375.892573,375.892573,375.892573,375.892573,1127.677719,0.000000,0.000000,21.885219,1.571599,-17.876714,0.834277,0.834277,0.059446,-0.126838,-0.126838,-2.003259,0.187248,0.221238,29.897116,29.897116,452.430876,3,0.000000,true,
90.000000,3.550000,0.000000,374.535905,374.535905,374.535905,374.535905,1123.607716,0.000000,0.000000,21.873422,1.550284,-17.932071,0.823158,0.823158,0.057684,-0.131298,-0.131298,-2.005404,0.185494,0.219772,30.760063,30.760063,452.785469,3,0.000000,true,
90.000000,3.500000,0.000000,373.170691,373.170691,373.170691,373.170691,1119.512073,0.000000,0.000000,21.861716,1.528751,-17.987363,0.812021,0.812021,0.055958,-0.136024,-0.136024,-2.007511,0.183712,0.218282,31.674565,31.674565,453.136305,3,0.000000,true,
90.000000,3.450000,0.000000,371.796836,371.796836,371.796836,371.796836,1115.390509,0.000000,0.000000,21.850103,1.506998,-18.042588,0.800867,0.800867,0.054266,-0.141040,-0.141040,-2.009583,0.181899,0.216765,32.645126,32.645126,453.483953,3,0.000000,true,
90.000000,3.400000,0.000000,370.414297,370.414297,370.414297,370.414297,1111.242891,0.000000,0.000000,21.838584,1.485021,-18.097747,0.789695,0.789695,0.052610,-0.146371,-0.146371,-2.011621,0.180057,0.215221,33.676759,33.676759,453.829027,3,0.000000,true,
90.000000,3.350000,0.000000,369.023092,369.023092,369.023092,369.023092,1107.069277,0.000000,0.000000,21.827163,1.462819,-18.152841,0.778507,0.778507,0.050986,-0.152047,-0.152047,-2.013628,0.178184,0.213649,34.775056,34.775056,454.172196,3,0.000000,true,
90.000000,3.300000,0.000000,367.623324,367.623324,367.623324,367.623324,1102.869973,0.000000,0.000000,21.815841,1.440389,-18.207869,0.767302,0.767302,0.049396,-0.158100,-0.158100,-2.015605,0.176279,0.212049,35.946262,35.946262,454.514199,3,0.000000,true,
90.000000,3.250000,0.000000,366.215197,366.215197,366.215197,366.215197,1098.645590,0.000000,0.000000,21.804624,1.417731,-18.262830,0.756081,0.756081,0.047837,-0.164566,-0.164566,-2.017556,0.174343,0.210419,37.197364,37.197364,454.855859,3,0.000000,true,
90.000000,3.200000,0.000000,364.799044,364.799044,364.799044,364.799044,1094.397131,0.000000,0.000000,21.793514,1.394845,-18.317723,0.744845,0.744845,0.046310,-0.171486,-0.171486,-2.019482,0.172375,0.208759,38.536184,38.536184,455.198099,3,0.000000,true,
90.000000,3.150000,0.000000,363.375362,363.375362,363.375362,363.375362,1090.126085,0.000000,0.000000,21.782519,1.371732,-18.372547,0.733593,0.733593,0.044814,-0.178904,-0.178904,-2.021386,0.170374,0.207067,39.971493,39.971493,455.541967,3,0.000000,true,
90.000000,3.100000,0.000000,361.944848,361.944848,361.944848,361.944848,1085.834545,0.000000,0.000000,21.771645,1.348395,-18.427300,0.722326,0.722326,0.043348,-0.186871,-0.186871,-2.023271,0.168341,0.205345,41.513129,41.513129,455.888657,3,0.000000,true,
90.000000,3.050000,0.000000,360.508453,360.508453,360.508453,360.508453,1081.525358,0.000000,0.000000,21.760901,1.324837,-18.481979,0.711044,0.711044,0.041912,-0.195444,-0.195444,-2.025140,0.166275,0.203589,43.172119,43.172119,456.239544,3,0.000000,true,
90.000000,3.000000,0.000000,359.067433,359.067433,359.067433,359.067433,1077.202298,0.000000,0.000000,21.750297,1.301064,-18.536581,0.699747,0.699747,0.040507,-0.204688,-0.204688,-2.026996,0.164177,0.201801,44.960824,44.960824,456.596222,3,0.000000,true,
90.000000,2.950000,0.000000,357.623426,357.623426,357.623426,357.623426,1072.870277,0.000000,0.000000,21.739847,1.277085,-18.591102,0.688434,0.688434,0.039131,-0.214673,-0.214673,-2.028843,0.162047,0.199980,46.893059,46.893059,456.960540,3,0.000000,true,
90.000000,2.900000,0.000000,356.178533,356.178533,356.178533,356.178533,1068.535600,0.000000,0.000000,21.729567,1.252910,-18.645536,0.677107,0.677107,0.037785,-0.225478,-0.225478,-2.030687,0.159885,0.198125,48.984222,48.984222,457.334663,3,0.000000,true,
90.000000,2.850000,0.000000,354.735416,354.735416,354.735416,354.735416,1064.206249,0.000000,0.000000,21.719474,1.228553,-18.699878,0.665765,0.665765,0.036469,-0.237193,-0.237193,-2.032530,0.157693,0.196237,51.251380,51.251380,457.721121,3,0.000000,true,
90.000000,2.800000,0.000000,353.297404,353.297404,353.297404,353.297404,1059.892211,0.000000,0.000000,21.709593,1.204032,-18.754120,0.654408,0.654408,0.035184,-0.249912,-0.249912,-2.034381,0.155471,0.194316,53.713302,53.713302,458.122882,3,0.000000,true,
90.000000,2.750000,0.000000,351.868611,351.868611,351.868611,351.868611,1055.605832,0.000000,0.000000,21.699948,1.179367,-18.808252,0.643035,0.643035,0.033930,-0.263742,-0.263742,-2.036245,0.153221,0.192361,56.390394,56.390394,458.543416,3,0.000000,true,
90.000000,2.700000,0.000000,350.454056,350.454056,350.454056,350.454056,1051.362168,0.000000,0.000000,21.690571,1.154587,-18.862264,0.631647,0.631647,0.032707,-0.278794,-0.278794,-2.038129,0.150946,0.190375,59.304485,59.304485,458.986764,3,0.000000,true,
90.000000,2.650000,0.000000,349.059764,349.059764,349.059764,349.059764,1047.179292,0.000000,0.000000,21.681498,1.129724,-18.916143,0.620242,0.620242,0.031517,-0.295186,-0.295186,-2.040044,0.148647,0.188359,62.478397,62.478397,459.457602,3,0.000000,true,
90.000000,2.600000,0.000000,347.692832,347.692832,347.692832,347.692832,1043.078495,0.000000,0.000000,21.672770,1.104817,-18.969874,0.608820,0.608820,0.030360,-0.313036,-0.313036,-2.041998,0.146329,0.186314,65.935227,65.935227,459.961271,3,0.000000,true,
90.000000,2.550000,0.000000,346.361426,346.361426,346.361426,346.361426,1039.084279,0.000000,0.000000,21.664430,1.079913,-19.023440,0.597381,0.597381,0.029238,-0.332459,-0.332459,-2.044002,0.143996,0.184244,69.697258,69.697258,460.503776,3,0.000000,true,
90.000000,2.500000,0.000000,345.074677,345.074677,345.074677,345.074677,1035.224032,0.000000,0.000000,21.656526,1.055066,-19.076820,0.585924,0.585924,0.028151,-0.353556,-0.353556,-2.046070,0.141652,0.182151,73.784485,73.784485,461.091713,3,0.000000,true,
90.000000,2.450000,0.000000,343.842422,343.842422,343.842422,343.842422,1031.527266,0.000000,0.000000,21.649106,1.030336,-19.129994,0.574449,0.574449,0.027102,-0.376407,-0.376407,-2.048214,0.139304,0.180040,78.212777,78.212777,461.732109,3,0.000000,true,
90.000000,2.400000,0.000000,342.674786,342.674786,342.674786,342.674786,1028.024357,0.000000,0.000000,21.642218,1.005790,-19.182937,0.562954,0.562954,0.026091,-0.401061,-0.401061,-2.050447,0.136956,0.177914,82.991848,82.991848,462.432155,3,0.000000,true,
90.000000,2.350000,0.000000,341.581608,341.581608,341.581608,341.581608,1024.744823,0.000000,0.000000,21.635902,0.981502,-19.235626,0.551440,0.551440,0.025119,-0.427524,-0.427524,-2.052781,0.134618,0.175779,88.123329,88.123329,463.198842,3,0.000000,true,
90.000000,2.300000,0.000000,340.571778,340.571778,340.571778,340.571778,1021.715334,0.000000,0.000000,21.630190,0.957546,-19.288035,0.539906,0.539906,0.024187,-0.455753,-0.455753,-2.055230,0.132295,0.173642,93.599373,93.599373,464.038522,3,0.000000,true,
90.000000,2.250000,0.000000,339.652597,339.652597,339.652597,339.652597,1018.957792,0.000000,0.000000,21.625102,0.934000,-19.340139,0.528352,0.528352,0.023295,-0.485653,-0.485653,-2.057800,0.129995,0.171506,99.402189,99.402189,464.956471,3,0.000000,true,
90.000000,2.200000,0.000000,338.829312,338.829312,338.829312,338.829312,1016.487936,0.000000,0.000000,21.620645,0.910940,-19.391916,0.516778,0.516778,0.022443,-0.517082,-0.517082,-2.060501,0.127726,0.169380,105.504783,105.504783,465.956521,3,0.000000,true,
90.000000,2.150000,0.000000,338.104930,338.104930,338.104930,338.104930,1014.314791,0.000000,0.000000,21.616812,0.888440,-19.443344,0.505185,0.505185,0.021630,-0.549860,-0.549860,-2.063334,0.125493,0.167268,111.872836,111.872836,467.040853,3,0.000000,true,
90.000000,2.100000,0.000000,337.480379,337.480379,337.480379,337.480379,1012.441136,0.000000,0.000000,21.613582,0.866572,-19.494401,0.493572,0.493572,0.020856,-0.583784,-0.583784,-2.066299,0.123305,0.165179,118.467360,118.467360,468.209963,3,0.000000,true,
90.000000,2.050000,0.000000,336.954938,336.954938,336.954938,336.954938,1010.864815,0.000000,0.000000,21.610929,0.845403,-19.545069,0.481940,0.481940,0.020119,-0.618640,-0.618640,-2.069394,0.121167,0.163117,125.247562,125.247562,469.462801,3,0.000000,true,
90.000000,2.000000,0.000000,336.526843,336.526843,336.526843,336.526843,1009.580530,0.000000,0.000000,21.608819,0.824994,-19.595333,0.470291,0.470291,0.019419,-0.654220,-0.654220,-2.072613,0.119084,0.161091,132.173376,132.173376,470.797026,3,0.000000,true,
90.000000,1.950000,0.000000,336.193888,336.193888,336.193888,336.193888,1008.581663,0.000000,0.000000,21.607219,0.805402,-19.645178,0.458623,0.458623,0.018754,-0.690328,-0.690328,-2.075947,0.117061,0.159108,139.207293,139.207293,472.209300,3,0.000000,true,
90.000000,1.900000,0.000000,335.953898,335.953898,335.953898,335.953898,1007.861693,0.000000,0.000000,21.606094,0.786669,-19.694596,0.446938,0.446938,0.018123,-0.726790,-0.726790,-2.079388,0.115102,0.157175,146.315387,146.315387,473.695567,3,0.000000,true,
90.000000,1.850000,0.000000,335.804991,335.804991,335.804991,335.804991,1007.414974,0.000000,0.000000,21.605414,0.768826,-19.743585,0.435237,0.435237,0.017527,-0.763448,-0.763448,-2.082925,0.113209,0.155298,153.467650,153.467650,475.251280,3,0.000000,true,
90.000000,1.800000,0.000000,335.745590,335.745590,335.745590,335.745590,1007.236771,0.000000,0.000000,21.605149,0.751884,-19.792150,0.423518,0.423518,0.016963,-0.800168,-0.800168,-2.086547,0.111383,0.153484,160.637827,160.637827,476.871566,3,0.000000,true,
90.000000,1.750000,0.000000,335.774213,335.774213,335.774213,335.774213,1007.322638,0.000000,0.000000,21.605272,0.735831,-19.840307,0.411785,0.411785,0.016431,-0.836830,-0.836830,-2.090244,0.109622,0.151737,167.803012,167.803012,478.551341,3,0.000000,true,
90.000000,1.700000,0.000000,335.889120,335.889120,335.889120,335.889120,1007.667360,0.000000,0.000000,21.605753,0.720631,-19.888085,0.400036,0.400036,0.015929,-0.873333,-0.873333,-2.094005,0.107923,0.150058,174.943192,174.943192,480.285399,3,0.000000,true,
90.000000,1.650000,0.000000,336.087908,336.087908,336.087908,336.087908,1008.263723,0.000000,0.000000,21.606563,0.706218,-19.935523,0.388272,0.388272,0.015455,-0.909586,-0.909586,-2.097819,0.106278,0.148448,182.040871,182.040871,482.068488,3,0.000000,true,
90.000000,1.600000,0.000000,336.367139,336.367139,336.367139,336.367139,1009.101418,0.000000,0.000000,21.607666,0.692506,-19.982670,0.376496,0.376496,0.015007,-0.945512,-0.945512,-2.101677,0.104681,0.146904,189.080817,189.080817,483.895390,3,0.000000,true,
90.000000,1.550000,0.000000,336.722095,336.722095,336.722095,336.722095,1010.166286,0.000000,0.000000,21.609025,0.679383,-20.029587,0.364709,0.364709,0.014583,-0.981043,-0.981043,-2.105571,0.103120,0.145420,196.049948,196.049948,485.761010,3,0.000000,true,
90.000000,1.500000,0.000000,337.146672,337.146672,337.146672,337.146672,1011.440015,0.000000,0.000000,21.610599,0.666724,-20.076340,0.352911,0.352911,0.014179,-1.016125,-1.016125,-2.109491,0.101583,0.143988,202.937275,202.937275,487.660468,3,0.000000,true,
90.000000,1.450000,0.000000,337.633432,337.633432,337.633432,337.633432,1012.900296,0.000000,0.000000,21.612345,0.654395,-20.122998,0.341104,0.341104,0.013792,-1.050712,-1.050712,-2.113431,0.100057,0.142597,209.733876,209.733876,489.589183,3,0.000000,true,
90.000000,1.400000,0.000000,338.173772,338.173772,338.173772,338.173772,1014.521317,0.000000,0.000000,21.614217,0.642257,-20.169631,0.329291,0.329291,0.013418,-1.084770,-1.084770,-2.117384,0.098530,0.141236,216.432842,216.432842,491.542939,3,0.000000,true,
90.000000,1.350000,0.000000,338.758150,338.758150,338.758150,338.758150,1016.274449,0.000000,0.000000,21.616172,0.630172,-20.216308,0.317472,0.317472,0.013055,-1.118273,-1.118273,-2.121347,0.096988,0.139893,223.029176,223.029176,493.517936,3,0.000000,true,
90.000000,1.300000,0.000000,339.376329,339.376329,339.376329,339.376329,1018.128986,0.000000,0.000000,21.618164,0.618012,-20.263094,0.305650,0.305650,0.012699,-1.151207,-1.151207,-2.125314,0.095419,0.138553,229.519633,229.519633,495.510807,3,0.000000,true,
90.000000,1.250000,0.000000,340.017602,340.017602,340.017602,340.017602,1020.052805,0.000000,0.000000,21.620152,0.605654,-20.310046,0.293826,0.293826,0.012347,-1.183564,-1.183564,-2.129282,0.093810,0.137204,235.902522,235.902522,497.518624,3,0.000000,true,
90.000000,1.200000,0.000000,340.670957,340.670957,340.670957,340.670957,1022.012872,0.000000,0.000000,21.622099,0.592987,-20.357218,0.282002,0.282002,0.011996,-1.215342,-1.215342,-2.133248,0.092150,0.135832,242.177486,242.177486,499.538879,3,0.000000,true,
90.000000,1.150000,0.000000,341.325186,341.325186,341.325186,341.325186,1023.975558,0.000000,0.000000,21.623969,0.579911,-20.404656,0.270178,0.270178,0.011644,-1.246546,-1.246546,-2.137211,0.090428,0.134425,248.345271,248.345271,501.569455,3,0.000000,true,
90.000000,1.100000,0.000000,341.968917,341.968917,341.968917,341.968917,1025.906752,0.000000,0.000000,21.625731,0.566337,-20.452400,0.258356,0.258356,0.011287,-1.277187,-1.277187,-2.141169,0.088636,0.132970,254.407512,254.407512,503.608587,3,0.000000,true,
90.000000,1.050000,0.000000,342.590594,342.590594,342.590594,342.590594,1027.771783,0.000000,0.000000,21.627357,0.552186,-20.500484,0.246538,0.246538,0.010925,-1.307275,-1.307275,-2.145122,0.086764,0.131455,260.366529,260.366529,505.654828,3,0.000000,true,
90.000000,1.000000,0.000000,343.178381,343.178381,343.178381,343.178381,1029.535142,0.000000,0.000000,21.628823,0.537390,-20.548937,0.234723,0.234723,0.010554,-1.336827,-1.336827,-2.149068,0.084804,0.129868,266.225160,266.225160,507.707005,3,0.000000,true,
90.000000,0.950000,0.000000,343.720013,343.720013,343.720013,343.720013,1031.160040,0.000000,0.000000,21.630108,0.521885,-20.597781,0.222913,0.222913,0.010173,-1.365860,-1.365860,-2.153007,0.082747,0.128197,271.986613,271.986613,509.764181,3,0.000000,true,
90.000000,0.900000,0.000000,344.202586,344.202586,344.202586,344.202586,1032.607759,0.000000,0.000000,21.631195,0.505618,-20.647036,0.211109,0.211109,0.009781,-1.394392,-1.394392,-2.156940,0.080586,0.126429,277.654346,277.654346,511.825625,3,0.000000,true,
90.000000,0.850000,0.000000,344.612270,344.612270,344.612270,344.612270,1033.836810,0.000000,0.000000,21.632067,0.488538,-20.696715,0.199311,0.199311,0.009377,-1.422443,-1.422443,-2.160866,0.078313,0.124554,283.231974,283.231974,513.890777,3,0.000000,true,
90.000000,0.800000,0.000000,344.933939,344.933939,344.933939,344.933939,1034.801818,0.000000,0.000000,21.632714,0.470602,-20.746830,0.187520,0.187520,0.008959,-1.450031,-1.450031,-2.164786,0.075920,0.122557,288.723192,288.723192,515.959226,3,0.000000,true,
90.000000,0.750000,0.000000,345.150694,345.150694,345.150694,345.150694,1035.452082,0.000000,0.000000,21.633124,0.451765,-20.797389,0.175737,0.175737,0.008526,-1.477176,-1.477176,-2.168699,0.073400,0.120425,294.131720,294.131720,518.030681,3,0.000000,true,
90.000000,0.700000,0.000000,345.243221,345.243221,345.243221,345.243221,1035.729664,0.000000,0.000000,21.633288,0.431987,-20.848395,0.163961,0.163961,0.008078,-1.503898,-1.503898,-2.172607,0.070743,0.118143,299.461260,299.461260,520.104959,3,0.000000,true,
90.000000,0.650000,0.000000,345.188938,345.188938,345.188938,345.188938,1035.566815,0.000000,0.000000,21.633201,0.411227,-20.899852,0.152193,0.152193,0.007614,-1.530216,-1.530216,-2.176510,0.067941,0.115693,304.715462,304.715462,522.181962,3,0.000000,true,
90.000000,0.600000,0.000000,344.960807,344.960807,344.960807,344.960807,1034.882421,0.000000,0.000000,21.632856,0.389442,-20.951760,0.140433,0.140433,0.007133,-1.556148,-1.556148,-2.180409,0.064981,0.113054,309.897905,309.897905,524.261667,3,0.000000,true,
90.000000,0.550000,0.000000,344.525648,344.525648,344.525648,344.525648,1033.576943,0.000000,0.000000,21.632249,0.366585,-21.004117,0.128682,0.128682,0.006635,-1.581713,-1.581713,-2.184303,0.061852,0.110203,315.012077,315.012077,526.344109,3,0.000000,true,
90.000000,0.500000,0.000000,343.841665,343.841665,343.841665,343.841665,1031.524995,0.000000,0.000000,21.631379,0.342604,-21.056919,0.116940,0.116940,0.006120,-1.606928,-1.606928,-2.188194,0.058540,0.107111,320.061363,320.061363,528.429376,3,0.000000,true,
90.000000,0.450000,0.000000,342.854679,342.854679,342.854679,342.854679,1028.564038,0.000000,0.000000,21.630242,0.317437,-21.110161,0.105207,0.105207,0.005587,-1.631811,-1.631811,-2.192082,0.055026,0.103740,325.049038,325.049038,530.517597,3,0.000000,true,
90.000000,0.400000,0.000000,341.492141,341.492141,341.492141,341.492141,1024.476423,0.000000,0.000000,21.628837,0.291008,-21.163837,0.093482,0.093482,0.005036,-1.656378,-1.656378,-2.195967,0.051288,0.100044,329.978255,329.978255,532.608930,3,0.000000,true,
90.000000,0.350000,0.000000,339.653140,339.653140,339.653140,339.653140,1018.959421,0.000000,0.000000,21.627165,0.263221,-21.217938,0.081766,0.081766,0.004468,-1.680644,-1.680644,-2.199850,0.047297,0.095957,334.852039,334.852039,534.703557,3,0.000000,true,
90.000000,0.300000,0.000000,337.190666,337.190666,337.190666,337.190666,1011.571997,0.000000,0.000000,21.625226,0.233948,-21.272457,0.070059,0.070059,0.003881,-1.704624,-1.704624,-2.203732,0.043015,0.091390,339.673276,339.673276,536.801673,3,0.000000,true,
90.000000,0.250000,0.000000,333.877542,333.877542,333.877542,333.877542,1001.632626,0.000000,0.000000,21.623020,0.203017,-21.327384,0.058361,0.058361,0.003278,-1.728334,-1.728334,-2.207612,0.038389,0.086213,344.444703,344.444703,538.903479,3,0.000000,true,
90.000000,0.200000,0.000000,329.333873,329.333873,329.333873,329.333873,988.001619,0.000000,0.000000,21.620548,0.170173,-21.382711,0.046672,0.046672,0.002656,-1.751785,-1.751785,-2.211490,0.033338,0.080215,349.168893,349.168893,541.009166,4,0.000000,true,
90.000000,0.150000,0.000000,322.848070,322.848070,322.848070,322.848070,968.544211,0.000000,0.000000,21.617812,0.135025,-21.438428,0.034991,0.034991,0.002018,-1.774991,-1.774991,-2.215368,0.027733,0.073033,353.848245,353.848245,543.118914,4,0.000000,true,
90.000000,0.100000,0.000000,312.822977,312.822977,312.822977,312.822977,938.468932,0.000000,0.000000,21.614814,0.096894,-21.494526,0.023319,0.023319,0.001362,-1.797963,-1.797963,-2.219245,0.021334,0.063924,358.484964,358.484964,545.232875,4,0.000000,true,
90.000000,0.050000,0.000000,294.162069,294.162069,294.162069,294.162069,882.486207,0.000000,0.000000,21.611554,0.054327,-21.550998,0.011655,0.011655,0.000689,-1.820712,-1.820712,-2.223121,0.013569,0.050827,363.081048,363.081048,547.351166,4,0.000000,true,
90.000000,0.000000,0.000000,-0.000000,-0.000000,-0.000000,-0.000000,-0.000000,0.000000,0.000000,21.608036,0.000447,-21.607831,-0.000000,-0.000000,-0.000000,-1.843244,-1.843244,-2.226996,0.001911,0.001911,367.637811,367.637811,549.473641,16,0.000000,true,
95.000000,4.000000,0.000000,382.018511,382.018511,382.018511,382.018511,1146.055532,0.000000,0.000000,21.986042,1.931203,-17.339238,0.915649,0.915649,0.088703,-0.102434,-0.102434,-1.969892,0.216944,0.249625,25.140080,25.140080,447.140462,5,0.000000,true,
95.000000,3.950000,0.000000,380.691626,380.691626,380.691626,380.691626,1142.074877,0.000000,0.000000,21.973212,1.908144,-17.396722,0.904868,0.904868,0.086264,-0.105479,-0.105479,-1.972776,0.215241,0.248157,25.729490,25.729490,447.600418,3,0.000000,true,
95.000000,3.900000,0.000000,379.356481,379.356481,379.356481,379.356481,1138.069444,0.000000,0.000000,21.960465,1.884946,-17.454111,0.894061,0.894061,0.083878,-0.108678,-0.108678,-1.975600,0.213515,0.246671,26.348574,26.348574,448.052126,3,0.000000,true,
95.000000,3.850000,0.000000,378.012917,378.012917,378.012917,378.012917,1134.038750,0.000000,0.000000,21.947800,1.861604,-17.511406,0.883229,0.883229,0.081542,-0.112041,-0.112041,-1.978368,0.211767,0.245167,26.999523,26.999523,448.496023,3,0.000000,true,
95.000000,3.800000,0.000000,376.660774,376.660774,376.660774,376.660774,1129.982321,0.000000,0.000000,21.935220,1.838111,-17.568610,0.872372,0.872372,0.079256,-0.115582,-0.115582,-1.981080,0.209995,0.243644,27.684742,27.684742,448.932549,3,0.000000,true,
95.000000,3.750000,0.000000,375.299900,375.299900,375.299900,375.299900,1125.899701,0.000000,0.000000,21.922723,1.814464,-17.625724,0.861492,0.861492,0.077017,-0.119314,-0.119314,-1.983740,0.208198,0.242100,28.406879,28.406879,449.362156,3,0.000000,true,
95.000000,3.700000,0.000000,373.930157,373.930157,373.930157,373.930157,1121.790470,0.000000,0.000000,21.910312,1.790657,-17.682748,0.850588,0.850588,0.074824,-0.123252,-0.123252,-1.986348,0.206377,0.240536,29.168854,29.168854,449.785310,3,0.000000,true,
95.000000,3.650000,0.000000,372.551418,372.551418,372.551418,372.551418,1117.654255,0.000000,0.000000,21.897987,1.766687,-17.739684,0.839661,0.839661,0.072677,-0.127412,-0.127412,-1.988908,0.204530,0.238950,29.973891,29.973891,450.202492,3,0.000000,true,
95.000000,3.600000,0.000000,371.163584,371.163584,371.163584,371.163584,1113.490752,0.000000,0.000000,21.885749,1.742549,-17.796532,0.828713,0.828713,0.070574,-0.131815,-0.131815,-1.991422,0.202657,0.237342,30.825561,30.825561,450.614207,3,0.000000,true,
95.000000,3.550000,0.000000,369.766583,369.766583,369.766583,369.766583,1109.299749,0.000000,0.000000,21.873601,1.718241,-17.853293,0.817743,0.817743,0.068513,-0.136478,-0.136478,-1.993890,0.200757,0.235711,31.727820,31.727820,451.020990,3,0.000000,true,
95.000000,3.500000,0.000000,368.360385,368.360385,368.360385,368.360385,1105.081155,0.000000,0.000000,21.861543,1.693760,-17.909967,0.806753,0.806753,0.066495,-0.141427,-0.141427,-1.996316,0.198830,0.234055,32.685065,32.685065,451.423408,3,0.000000,true,
95.000000,3.450000,0.000000,366.945012,366.945012,366.945012,366.945012,1100.835037,0.000000,0.000000,21.849579,1.669102,-17.966554,0.795742,0.795742,0.064517,-0.146685,-0.146685,-1.998701,0.196876,0.232376,33.702189,33.702189,451.822074,3,0.000000,true,
95.000000,3.400000,0.000000,365.520553,365.520553,365.520553,365.520553,1096.561660,0.000000,0.000000,21.837712,1.644268,-18.023053,0.784711,0.784711,0.062579,-0.152280,-0.152280,-2.001047,0.194893,0.230671,34.784646,34.784646,452.217653,3,0.000000,true,
95.000000,3.350000,0.000000,364.087181,364.087181,364.087181,364.087181,1092.261544,0.000000,0.000000,21.825944,1.619256,-18.079465,0.773660,0.773660,0.060680,-0.158246,-0.158246,-2.003357,0.192881,0.228940,35.938529,35.938529,452.610877,3,0.000000,true,
95.000000,3.300000,0.000000,362.645176,362.645176,362.645176,362.645176,1087.935529,0.000000,0.000000,21.814281,1.594066,-18.135787,0.762590,0.762590,0.058819,-0.164615,-0.164615,-2.005633,0.190841,0.227183,37.170650,37.170650,453.002555,3,0.000000,true,
95.000000,3.250000,0.000000,361.194952,361.194952,361.194952,361.194952,1083.584856,0.000000,0.000000,21.802728,1.568700,-18.192018,0.751502,0.751502,0.056996,-0.171429,-0.171429,-2.007877,0.188771,0.225399,38.488641,38.488641,453.393594,3,0.000000,true,
95.000000,3.200000,0.000000,359.737088,359.737088,359.737088,359.737088,1079.211265,0.000000,0.000000,21.791291,1.543160,-18.248155,0.740395,0.740395,0.055210,-0.178731,-0.178731,-2.010092,0.186672,0.223586,39.901057,39.901057,453.785016,3,0.000000,true,
95.000000,3.150000,0.000000,358.272373,358.272373,358.272373,358.272373,1074.817118,0.000000,0.000000,21.779979,1.517450,-18.304197,0.729269,0.729269,0.053462,-0.186571,-0.186571,-2.012280,0.184544,0.221746,41.417495,41.417495,454.177985,3,0.000000,true,
95.000000,3.100000,0.000000,356.801847,356.801847,356.801847,356.801847,1070.405542,0.000000,0.000000,21.768801,1.491576,-18.360139,0.718125,0.718125,0.051749,-0.195003,-0.195003,-2.014446,0.182386,0.219878,43.048720,43.048720,454.573834,3,0.000000,true,
95.000000,3.050000,0.000000,355.326872,355.326872,355.326872,355.326872,1065.980616,0.000000,0.000000,21.757768,1.465547,-18.415977,0.706964,0.706964,0.050073,-0.204092,-0.204092,-2.016591,0.180200,0.217980,44.806803,44.806803,454.974104,3,0.000000,true,
95.000000,3.000000,0.000000,353.849193,353.849193,353.849193,353.849193,1061.547580,0.000000,0.000000,21.746895,1.439371,-18.471706,0.695784,0.695784,0.048433,-0.213906,-0.213906,-2.018719,0.177984,0.216054,46.705253,46.705253,455.380581,3,0.000000,true,
95.000000,2.950000,0.000000,352.371030,352.371030,352.371030,352.371030,1057.113091,0.000000,0.000000,21.736198,1.413063,-18.527319,0.684586,0.684586,0.046829,-0.224522,-0.224522,-2.020836,0.175741,0.214099,48.759144,48.759144,455.795349,3,0.000000,true,
95.000000,2.900000,0.000000,350.895175,350.895175,350.895175,350.895175,1052.685525,0.000000,0.000000,21.725697,1.386640,-18.582808,0.673369,0.673369,0.045262,-0.236029,-0.236029,-2.022945,0.173471,0.212117,50.985219,50.985219,456.220843,3,0.000000,true,
95.000000,2.850000,0.000000,349.425105,349.425105,349.425105,349.425105,1048.275316,0.000000,0.000000,21.715416,1.360121,-18.638163,0.662134,0.662134,0.043732,-0.248519,-0.248519,-2.025053,0.171176,0.210106,53.401934,53.401934,456.659916,3,0.000000,true,
95.000000,2.800000,0.000000,347.965109,347.965109,347.965109,347.965109,1043.895326,0.000000,0.000000,21.705383,1.333534,-18.693373,0.650880,0.650880,0.042239,-0.262098,-0.262098,-2.027165,0.168857,0.208070,56.029427,56.029427,457.115904,3,0.000000,true,
95.000000,2.750000,0.000000,346.520410,346.520410,346.520410,346.520410,1039.561230,0.000000,0.000000,21.695631,1.306909,-18.748424,0.639607,0.639607,0.040785,-0.276876,-0.276876,-2.029288,0.166517,0.206008,58.889345,58.889345,457.592699,3,0.000000,true,
95.000000,2.700000,0.000000,345.097291,345.097291,345.097291,345.097291,1035.291874,0.000000,0.000000,21.686197,1.280285,-18.803301,0.628314,0.628314,0.039371,-0.292971,-0.292971,-2.031432,0.164160,0.203924,62.004465,62.004465,458.094810,3,0.000000,true,
95.000000,2.650000,0.000000,343.703179,343.703179,343.703179,343.703179,1031.109538,0.000000,0.000000,21.677125,1.253704,-18.857986,0.617001,0.617001,0.037998,-0.310502,-0.310502,-2.033605,0.161788,0.201820,65.398043,65.398043,458.627404,3,0.000000,true,
95.000000,2.600000,0.000000,342.346673,342.346673,342.346673,342.346673,1027.040018,0.000000,0.000000,21.668463,1.227219,-18.912457,0.605666,0.605666,0.036668,-0.329586,-0.329586,-2.035818,0.159407,0.199700,69.092802,69.092802,459.196316,3,0.000000,true,
95.000000,2.550000,0.000000,341.037469,341.037469,341.037469,341.037469,1023.112406,0.000000,0.000000,21.660262,1.200890,-18.966690,0.594309,0.594309,0.035382,-0.350328,-0.350328,-2.038082,0.157021,0.197567,73.109524,73.109524,459.807993,3,0.000000,true,
95.000000,2.500000,0.000000,339.786148,339.786148,339.786148,339.786148,1019.358444,0.000000,0.000000,21.652576,1.174781,-19.020662,0.582929,0.582929,0.034142,-0.372815,-0.372815,-2.040410,0.154637,0.195427,77.465248,77.465248,460.469352,3,0.000000,true,
95.000000,2.450000,0.000000,338.603782,338.603782,338.603782,338.603782,1015.811347,0.000000,0.000000,21.645457,1.148966,-19.074345,0.571525,0.571525,0.032949,-0.397103,-0.397103,-2.042815,0.152262,0.193285,82.171208,82.171208,461.187542,3,0.000000,true,
95.000000,2.400000,0.000000,337.501368,337.501368,337.501368,337.501368,1012.504103,0.000000,0.000000,21.638953,1.123517,-19.127711,0.560097,0.560097,0.031805,-0.423207,-0.423207,-2.045309,0.149901,0.191148,87.230789,87.230789,461.969582,3,0.000000,true,
95.000000,2.350000,0.000000,336.489124,336.489124,336.489124,336.489124,1009.467372,0.000000,0.000000,21.633104,1.098512,-19.180736,0.548644,0.548644,0.030711,-0.451094,-0.451094,-2.047904,0.147563,0.189020,92.637887,92.637887,462.821937,3,0.000000,true,
95.000000,2.300000,0.000000,335.575768,335.575768,335.575768,335.575768,1006.727305,0.000000,0.000000,21.627937,1.074021,-19.233396,0.537166,0.537166,0.029668,-0.480676,-0.480676,-2.050610,0.145254,0.186909,98.376141,98.376141,463.750054,3,0.000000,true,
95.000000,2.250000,0.000000,334.767901,334.767901,334.767901,334.767901,1004.303704,0.000000,0.000000,21.623466,1.050112,-19.285671,0.525663,0.525663,0.028674,-0.511814,-0.511814,-2.053433,0.142980,0.184821,104.419338,104.419338,464.757958,3,0.000000,true,
95.000000,2.200000,0.000000,334.069636,334.069636,334.069636,334.069636,1002.208908,0.000000,0.000000,21.619685,1.026843,-19.337546,0.514135,0.514135,0.027730,-0.544329,-0.544329,-2.056377,0.140748,0.182762,110.733052,110.733052,465.847990,3,0.000000,true,
95.000000,2.150000,0.000000,333.482550,333.482550,333.482550,333.482550,1000.447650,0.000000,0.000000,21.616578,1.004261,-19.389012,0.502583,0.502583,0.026834,-0.578011,-0.578011,-2.059444,0.138561,0.180736,117.277201,117.277201,467.020721,3,0.000000,true,
95.000000,2.100000,0.000000,333.005938,333.005938,333.005938,333.005938,999.017814,0.000000,0.000000,21.614113,0.982404,-19.440065,0.491008,0.491008,0.025983,-0.612636,-0.612636,-2.062630,0.136423,0.178749,124.009014,124.009014,468.275058,3,0.000000,true,
95.000000,2.050000,0.000000,332.637275,332.637275,332.637275,332.637275,997.911825,0.000000,0.000000,21.612251,0.961296,-19.490706,0.479412,0.479412,0.025177,-0.647982,-0.647982,-2.065930,0.134337,0.176803,130.885808,130.885808,469.608488,3,0.000000,true,
95.000000,2.000000,0.000000,332.372753,332.372753,332.372753,332.372753,997.118258,0.000000,0.000000,21.610947,0.940949,-19.540941,0.467794,0.467794,0.024412,-0.683839,-0.683839,-2.069336,0.132303,0.174902,137.867177,137.867177,471.017390,3,0.000000,true,
95.000000,1.950000,0.000000,332.207770,332.207770,332.207770,332.207770,996.623309,0.000000,0.000000,21.610154,0.921365,-19.590784,0.456157,0.456157,0.023686,-0.720017,-0.720017,-2.072841,0.130321,0.173049,144.916404,144.916404,472.497362,3,0.000000,true,
95.000000,1.900000,0.000000,332.137296,332.137296,332.137296,332.137296,996.411888,0.000000,0.000000,21.609823,0.902530,-19.640252,0.444502,0.444502,0.022997,-0.756348,-0.756348,-2.076434,0.128390,0.171245,152.001135,152.001135,474.043507,3,0.000000,true,
95.000000,1.850000,0.000000,332.156084,332.156084,332.156084,332.156084,996.468251,0.000000,0.000000,21.609908,0.884416,-19.689369,0.432829,0.432829,0.022342,-0.792687,-0.792687,-2.080105,0.126507,0.169491,159.093497,159.093497,475.650665,3,0.000000,true,
95.000000,1.800000,0.000000,332.258736,332.258736,332.258736,332.258736,996.776209,0.000000,0.000000,21.610363,0.866982,-19.738166,0.421141,0.421141,0.021719,-0.828913,-0.828913,-2.083844,0.124668,0.167786,166.169859,166.169859,477.313589,3,0.000000,true,
95.000000,1.750000,0.000000,332.439678,332.439678,332.439678,332.439678,997.319033,0.000000,0.000000,21.611143,0.850170,-19.786682,0.409437,0.409437,0.021125,-0.864924,-0.864924,-2.087642,0.122867,0.166129,173.210422,173.210422,479.027071,3,0.000000,true,
95.000000,1.700000,0.000000,332.693065,332.693065,332.693065,332.693065,998.079196,0.000000,0.000000,21.612206,0.833910,-19.834958,0.397721,0.397721,0.020558,-0.900636,-0.900636,-2.091489,0.121099,0.164515,180.198764,180.198764,480.786037,3,0.000000,true,
95.000000,1.650000,0.000000,333.012697,333.012697,333.012697,333.012697,999.038092,0.000000,0.000000,21.613507,0.818117,-19.883043,0.385993,0.385993,0.020014,-0.935980,-0.935980,-2.095377,0.119354,0.162941,187.121416,187.121416,482.585619,3,0.000000,true,
95.000000,1.600000,0.000000,333.391940,333.391940,333.391940,333.391940,1000.175820,0.000000,0.000000,21.615006,0.802699,-19.930992,0.374255,0.374255,0.019490,-0.970899,-0.970899,-2.099298,0.117624,0.161399,193.967491,193.967491,484.421208,3,0.000000,true,
95.000000,1.550000,0.000000,333.823694,333.823694,333.823694,333.823694,1001.471083,0.000000,0.000000,21.616659,0.787554,-19.978858,0.362508,0.362508,0.018984,-1.005352,-1.005352,-2.103245,0.115900,0.159883,200.728382,200.728382,486.288500,3,0.000000,true,
95.000000,1.500000,0.000000,334.300407,334.300407,334.300407,334.300407,1002.901222,0.000000,0.000000,21.618427,0.772578,-20.026698,0.350754,0.350754,0.018492,-1.039304,-1.039304,-2.107213,0.114172,0.158384,207.397489,207.397489,488.183525,3,0.000000,true,
95.000000,1.450000,0.000000,334.814114,334.814114,334.814114,334.814114,1004.442343,0.000000,0.000000,21.620270,0.757664,-20.074568,0.338994,0.338994,0.018011,-1.072733,-1.072733,-2.111196,0.112428,0.156893,213.969993,213.969993,490.102671,3,0.000000,true,
95.000000,1.400000,0.000000,335.356502,335.356502,335.356502,335.356502,1006.069507,0.000000,0.000000,21.622150,0.742707,-20.122523,0.327231,0.327231,0.017538,-1.105621,-1.105621,-2.115190,0.110661,0.155400,220.442636,220.442636,492.042689,3,0.000000,true,
95.000000,1.350000,0.000000,335.918978,335.918978,335.918978,335.918978,1007.756935,0.000000,0.000000,21.624031,0.727609,-20.170615,0.315465,0.315465,0.017070,-1.137960,-1.137960,-2.119191,0.108858,0.153895,226.813516,226.813516,494.000692,3,0.000000,true,
95.000000,1.300000,0.000000,336.492727,336.492727,336.492727,336.492727,1009.478182,0.000000,0.000000,21.625880,0.712272,-20.218889,0.303698,0.303698,0.016604,-1.169747,-1.169747,-2.123198,0.107011,0.152368,233.081891,233.081891,495.974147,3,0.000000,true,
95.000000,1.250000,0.000000,337.068751,337.068751,337.068751,337.068751,1011.206252,0.000000,0.000000,21.627667,0.696608,-20.267392,0.291932,0.291932,0.016137,-1.200985,-1.200985,-2.127206,0.105111,0.150809,239.247998,239.247998,497.960853,3,0.000000,true,
95.000000,1.200000,0.000000,337.637877,337.637877,337.637877,337.637877,1012.913631,0.000000,0.000000,21.629363,0.680536,-20.316160,0.280167,0.280167,0.015667,-1.231679,-1.231679,-2.131215,0.103149,0.149207,245.312872,245.312872,499.958916,3,0.000000,true,
95.000000,1.150000,0.000000,338.190744,338.190744,338.190744,338.190744,1014.572231,0.000000,0.000000,21.630943,0.663980,-20.365230,0.268404,0.268404,0.015192,-1.261838,-1.261838,-2.135224,0.101116,0.147552,251.278197,251.278197,501.966727,3,0.000000,true,
95.000000,1.100000,0.000000,338.717742,338.717742,338.717742,338.717742,1016.153225,0.000000,0.000000,21.632386,0.646874,-20.414630,0.256646,0.256646,0.014709,-1.291476,-1.291476,-2.139230,0.099004,0.145834,257.146162,257.146162,503.982927,3,0.000000,true,
95.000000,1.050000,0.000000,339.208925,339.208925,339.208925,339.208925,1017.626776,0.000000,0.000000,21.633671,0.629154,-20.464388,0.244892,0.244892,0.014216,-1.320604,-1.320604,-2.143235,0.096806,0.144044,262.919338,262.919338,506.006384,3,0.000000,true,
95.000000,1.000000,0.000000,339.653885,339.653885,339.653885,339.653885,1018.961654,0.000000,0.000000,21.634781,0.610766,-20.514525,0.233143,0.233143,0.013713,-1.349240,-1.349240,-2.147236,0.094515,0.142170,268.600580,268.600580,508.036161,3,0.000000,true,
95.000000,0.950000,0.000000,340.041571,340.041571,340.041571,340.041571,1020.124712,0.000000,0.000000,21.635701,0.591658,-20.565059,0.221401,0.221401,0.013197,-1.377399,-1.377399,-2.151235,0.092122,0.140203,274.192935,274.192935,510.071493,3,0.000000,true,
95.000000,0.900000,0.000000,340.360070,340.360070,340.360070,340.360070,1021.080210,0.000000,0.000000,21.636418,0.571783,-20.616005,0.209666,0.209666,0.012668,-1.405098,-1.405098,-2.155231,0.089620,0.138131,279.699575,279.699575,512.111767,3,0.000000,true,
95.000000,0.850000,0.000000,340.596315,340.596315,340.596315,340.596315,1021.788946,0.000000,0.000000,21.636922,0.551097,-20.667376,0.197939,0.197939,0.012123,-1.432353,-1.432353,-2.159224,0.087002,0.135944,285.123740,285.123740,514.156494,3,0.000000,true,
95.000000,0.800000,0.000000,340.735706,340.735706,340.735706,340.735706,1022.207119,0.000000,0.000000,21.637203,0.529559,-20.719180,0.186219,0.186219,0.011562,-1.459183,-1.459183,-2.163215,0.084260,0.133628,290.468690,290.468690,516.205297,3,0.000000,true,
95.000000,0.750000,0.000000,340.761618,340.761618,340.761618,340.761618,1022.284855,0.000000,0.000000,21.637253,0.507127,-20.771425,0.174508,0.174508,0.010984,-1.485605,-1.485605,-2.167203,0.081385,0.131169,295.737671,295.737671,518.257891,3,0.000000,true,
95.000000,0.700000,0.000000,340.654746,340.654746,340.654746,340.654746,1021.964237,0.000000,0.000000,21.637066,0.483761,-20.824114,0.162806,0.162806,0.010389,-1.511634,-1.511634,-2.171190,0.078368,0.128553,300.933893,300.933893,520.314074,3,0.000000,true,
95.000000,0.650000,0.000000,340.392211,340.392211,340.392211,340.392211,1021.176632,0.000000,0.000000,21.636636,0.459419,-20.877251,0.151113,0.151113,0.009775,-1.537288,-1.537288,-2.175175,0.075199,0.125762,306.060499,306.060499,522.373706,3,0.000000,true,
95.000000,0.600000,0.000000,339.946325,339.946325,339.946325,339.946325,1019.838975,0.000000,0.000000,21.635960,0.434057,-20.930837,0.139429,0.139429,0.009142,-1.562583,-1.562583,-2.179158,0.071866,0.122774,311.120562,311.120562,524.436708,3,0.000000,true,
95.000000,0.550000,0.000000,339.282819,339.282819,339.282819,339.282819,1017.848458,0.000000,0.000000,21.635035,0.407624,-20.984870,0.127755,0.127755,0.008490,-1.587534,-1.587534,-2.183141,0.068355,0.119564,316.117065,316.117065,526.503047,3,0.000000,true,
95.000000,0.500000,0.000000,338.358237,338.358237,338.358237,338.358237,1015.074712,0.000000,0.000000,21.633857,0.380066,-21.039350,0.116091,0.116091,0.007818,-1.612156,-1.612156,-2.187123,0.064650,0.116101,321.052893,321.052893,528.572729,3,0.000000,true,
95.000000,0.450000,0.000000,337.115960,337.115960,337.115960,337.115960,1011.347881,0.000000,0.000000,21.632425,0.351316,-21.094273,0.104437,0.104437,0.007127,-1.636464,-1.636464,-2.191105,0.060731,0.112347,325.930831,325.930831,530.645790,3,0.000000,true,
95.000000,0.400000,0.000000,335.479891,335.479891,335.479891,335.479891,1006.439673,0.000000,0.000000,21.630738,0.321292,-21.149634,0.092792,0.092792,0.006415,-1.660473,-1.660473,-2.195088,0.056573,0.108249,330.753555,330.753555,532.722292,3,0.000000,true,
95.000000,0.350000,0.000000,333.343900,333.343900,333.343900,333.343900,1000.031701,0.000000,0.000000,21.628796,0.289892,-21.205429,0.081158,0.081158,0.005684,-1.684194,-1.684194,-2.199071,0.052146,0.103740,335.523627,335.523627,534.802315,3,0.000000,true,
95.000000,0.300000,0.000000,330.553096,330.553096,330.553096,330.553096,991.659288,0.000000,0.000000,21.626597,0.256985,-21.261653,0.069534,0.069534,0.004932,-1.707642,-1.707642,-2.203054,0.047405,0.098723,340.243492,340.243492,536.885949,3,0.000000,true,
95.000000,0.250000,0.000000,326.867859,326.867859,326.867859,326.867859,980.603578,0.000000,0.000000,21.624142,0.222389,-21.318299,0.057920,0.057920,0.004160,-1.730827,-1.730827,-2.207039,0.042292,0.093057,344.915471,344.915471,538.973293,3,0.000000,true,
95.000000,0.200000,0.000000,321.887245,321.887245,321.887245,321.887245,965.661734,0.000000,0.000000,21.621432,0.185844,-21.375362,0.046316,0.046316,0.003367,-1.753762,-1.753762,-2.211025,0.036718,0.086518,349.541756,349.541756,541.064442,4,0.000000,true,
95.000000,0.150000,0.000000,314.860057,314.860057,314.860057,314.860057,944.580172,0.000000,0.000000,21.618468,0.146954,-21.432834,0.034722,0.034722,0.002555,-1.776458,-1.776458,-2.215012,0.030542,0.078715,354.124407,354.124407,543.159488,4,0.000000,true,
95.000000,0.100000,0.000000,304.100201,304.100201,304.100201,304.100201,912.300604,0.000000,0.000000,21.615249,0.105032,-21.490710,0.023138,0.023138,0.001723,-1.798923,-1.798923,-2.219001,0.023501,0.068848,358.665341,358.665341,545.258510,4,0.000000,true,
95.000000,0.050000,0.000000,284.227667,284.227667,284.227667,284.227667,852.683000,0.000000,0.000000,21.611776,0.058623,-21.548983,0.011564,0.011564,0.000871,-1.821169,-1.821169,-2.222991,0.014970,0.054704,363.166334,363.166334,547.361572,4,0.000000,true,
95.000000,0.000000,0.000000,0.000012,0.000012,0.000012,0.000012,0.000035,0.000000,0.000000,21.608052,0.000864,-21.607636,0.000000,0.000000,0.000000,-1.843197,-1.843197,-2.226982,0.002725,0.002725,367.627958,367.627958,549.468215,14,0.000000,true,
100.000000,4.000000,0.000000,376.870815,376.870815,376.870815,376.870815,1130.612444,0.000000,0.000000,21.987626,2.151302,-17.230436,0.908298,0.908298,0.103405,-0.106925,-0.106925,-1.954594,0.234810,0.267732,25.971047,25.971047,444.779490,5,0.000000,true,
100.000000,3.950000,0.000000,375.518768,375.518768,375.518768,375.518768,1126.556305,0.000000,0.000000,21.974553,2.124809,-17.289616,0.897686,0.897686,0.100628,-0.110111,-0.110111,-1.957828,0.232961,0.266111,26.587588,26.587588,445.294889,3,0.000000,true,
100.000000,3.900000,0.000000,374.157415,374.157415,374.157415,374.157415,1122.472245,0.000000,0.000000,21.961556,2.098209,-17.348687,0.887046,0.887046,0.097908,-0.113461,-0.113461,-1.960998,0.231091,0.264472,27.235772,27.235772,445.801579,3,0.000000,true,
100.000000,3.850000,0.000000,372.786649,372.786649,372.786649,372.786649,1118.359946,0.000000,0.000000,21.948635,2.071495,-17.407648,0.876379,0.876379,0.095242,-0.116987,-0.116987,-1.964108,0.229199,0.262814,27.917980,27.917980,446.299990,3,0.000000,true,
100.000000,3.800000,0.000000,371.406373,371.406373,371.406373,371.406373,1114.219118,0.000000,0.000000,21.935792,2.044665,-17.466502,0.865685,0.865685,0.092631,-0.120703,-0.120703,-1.967159,0.227284,0.261138,28.636836,28.636836,446.790562,3,0.000000,true,
100.000000,3.750000,0.000000,370.016506,370.016506,370.016506,370.016506,1110.049517,0.000000,0.000000,21.923030,2.017714,-17.525248,0.854964,0.854964,0.090072,-0.124624,-0.124624,-1.970153,0.225346,0.259442,29.395230,29.395230,447.273751,3,0.000000,true,
100.000000,3.700000,0.000000,368.616985,368.616985,368.616985,368.616985,1105.850954,0.000000,0.000000,21.910349,1.990639,-17.583887,0.844218,0.844218,0.087563,-0.128766,-0.128766,-1.973092,0.223384,0.257725,30.196353,30.196353,447.750031,3,0.000000,true,
100.000000,3.650000,0.000000,367.207774,367.207774,367.207774,367.207774,1101.623322,0.000000,0.000000,21.897751,1.963438,-17.642419,0.833447,0.833447,0.085105,-0.133147,-0.133147,-1.975979,0.221397,0.255988,31.043739,31.043739,448.219899,3,0.000000,true,
100.000000,3.600000,0.000000,365.788873,365.788873,365.788873,365.788873,1097.366618,0.000000,0.000000,21.885240,1.936108,-17.700845,0.822652,0.822652,0.082696,-0.137788,-0.137788,-1.978814,0.219386,0.254229,31.941303,31.941303,448.683883,3,0.000000,true,
100.000000,3.550000,0.000000,364.360324,364.360324,364.360324,364.360324,1093.080973,0.000000,0.000000,21.872817,1.908647,-17.759164,0.811833,0.811833,0.080334,-0.142712,-0.142712,-1.981601,0.217349,0.252448,32.893393,32.893393,449.142543,3,0.000000,true,
100.000000,3.500000,0.000000,362.922230,362.922230,362.922230,362.922230,1088.766690,0.000000,0.000000,21.860486,1.881054,-17.817375,0.800991,0.800991,0.078019,-0.147942,-0.147942,-1.984341,0.215286,0.250644,33.904848,33.904848,449.596483,3,0.000000,true,
100.000000,3.450000,0.000000,361.474762,361.474762,361.474762,361.474762,1084.424287,0.000000,0.000000,21.848250,1.853329,-17.875478,0.790125,0.790125,0.075750,-0.153508,-0.153508,-1.987036,0.213197,0.248817,34.981063,34.981063,450.046362,3,0.000000,true,
100.000000,3.400000,0.000000,360.018186,360.018186,360.018186,360.018186,1080.054558,0.000000,0.000000,21.836115,1.825473,-17.933471,0.779237,0.779237,0.073526,-0.159440,-0.159440,-1.989688,0.211082,0.246966,36.128061,36.128061,450.492900,3,0.000000,true,
100.000000,3.350000,0.000000,358.552878,358.552878,358.552878,358.552878,1075.658634,0.000000,0.000000,21.824086,1.797487,-17.991352,0.768327,0.768327,0.071346,-0.165772,-0.165772,-1.992300,0.208940,0.245091,37.352576,37.352576,450.936896,3,0.000000,true,
100.000000,3.300000,0.000000,357.079357,357.079357,357.079357,357.079357,1071.238070,0.000000,0.000000,21.812168,1.769373,-18.049119,0.757395,0.757395,0.069211,-0.172545,-0.172545,-1.994874,0.206771,0.243192,38.662152,38.662152,451.379241,3,0.000000,true,
100.000000,3.250000,0.000000,355.598316,355.598316,355.598316,355.598316,1066.794947,0.000000,0.000000,21.800369,1.741137,-18.106769,0.746441,0.746441,0.067118,-0.179802,-0.179802,-1.997413,0.204575,0.241267,40.065244,40.065244,451.820942,3,0.000000,true,
100.000000,3.200000,0.000000,354.110664,354.110664,354.110664,354.110664,1062.331993,0.000000,0.000000,21.788699,1.712783,-18.164297,0.735466,0.735466,0.065068,-0.187591,-0.187591,-1.999918,0.202353,0.239318,41.571335,41.571335,452.263142,3,0.000000,true,
100.000000,3.150000,0.000000,352.617579,352.617579,352.617579,352.617579,1057.852736,0.000000,0.000000,21.777167,1.684320,-18.221699,0.724469,0.724469,0.063061,-0.195969,-0.195969,-2.002394,0.200103,0.237343,43.191067,43.191067,452.707148,3,0.000000,true,
100.000000,3.100000,0.000000,351.120562,351.120562,351.120562,351.120562,1053.361687,0.000000,0.000000,21.765788,1.655758,-18.278970,0.713452,0.713452,0.061097,-0.204995,-0.204995,-2.004842,0.197828,0.235343,44.936367,44.936367,453.154470,3,0.000000,true,
100.000000,3.050000,0.000000,349.621520,349.621520,349.621520,349.621520,1048.864559,0.000000,0.000000,21.754575,1.627109,-18.336103,0.702413,0.702413,0.059175,-0.214739,-0.214739,-2.007268,0.195527,0.233318,46.820589,46.820589,453.606855,3,0.000000,true,
100.000000,3.000000,0.000000,348.122842,348.122842,348.122842,348.122842,1044.368525,0.000000,0.000000,21.743547,1.598390,-18.393088,0.691352,0.691352,0.057295,-0.225279,-0.225279,-2.009674,0.193201,0.231269,48.858636,48.858636,454.066338,3,0.000000,true,
100.000000,2.950000,0.000000,346.627508,346.627508,346.627508,346.627508,1039.882524,0.000000,0.000000,21.732726,1.569621,-18.449917,0.680270,0.680270,0.055459,-0.236699,-0.236699,-2.012066,0.190852,0.229197,51.067064,51.067064,454.535300,3,0.000000,true,
100.000000,2.900000,0.000000,345.139202,345.139202,345.139202,345.139202,1035.417607,0.000000,0.000000,21.722136,1.540826,-18.506578,0.669166,0.669166,0.053667,-0.249094,-0.249094,-2.014448,0.188481,0.227102,53.464134,53.464134,455.016521,3,0.000000,true,
100.000000,2.850000,0.000000,343.662440,343.662440,343.662440,343.662440,1030.987319,0.000000,0.000000,21.711808,1.512035,-18.563056,0.658040,0.658040,0.051920,-0.262567,-0.262567,-2.016827,0.186091,0.224986,56.069789,56.069789,455.513257,3,0.000000,true,
100.000000,2.800000,0.000000,342.202697,342.202697,342.202697,342.202697,1026.608090,0.000000,0.000000,21.701777,1.483282,-18.619337,0.646891,0.646891,0.050219,-0.277227,-0.277227,-2.019209,0.183685,0.222852,58.905480,58.905480,456.029301,3,0.000000,true,
100.000000,2.750000,0.000000,340.766535,340.766535,340.766535,340.766535,1022.299605,0.000000,0.000000,21.692082,1.454611,-18.675400,0.635717,0.635717,0.048565,-0.293191,-0.293191,-2.021602,0.181265,0.220702,61.993816,61.993816,456.569050,3,0.000000,true,
100.000000,2.700000,0.000000,339.361696,339.361696,339.361696,339.361696,1018.085087,0.000000,0.000000,21.682770,1.426069,-18.731224,0.624520,0.624520,0.046960,-0.310579,-0.310579,-2.024016,0.178835,0.218539,65.357921,65.357921,457.137546,3,0.000000,true,
100.000000,2.650000,0.000000,337.997132,337.997132,337.997132,337.997132,1013.991395,0.000000,0.000000,21.673890,1.397713,-18.786786,0.613297,0.613297,0.045407,-0.329505,-0.329505,-2.026459,0.176401,0.216368,69.020453,69.020453,457.740485,3,0.000000,true,
100.000000,2.600000,0.000000,336.682942,336.682942,336.682942,336.682942,1010.048827,0.000000,0.000000,21.665498,1.369607,-18.842058,0.602047,0.602047,0.043907,-0.350077,-0.350077,-2.028944,0.173967,0.214193,73.002208,73.002208,458.384168,3,0.000000,true,
100.000000,2.550000,0.000000,335.430160,335.430160,335.430160,335.430160,1006.290480,0.000000,0.000000,21.657650,1.341819,-18.897012,0.590769,0.590769,0.042462,-0.372381,-0.372381,-2.031482,0.171541,0.212020,77.320338,77.320338,459.075366,3,0.000000,true,
100.000000,2.500000,0.000000,334.250360,334.250360,334.250360,334.250360,1002.751079,0.000000,0.000000,21.650403,1.314424,-18.951620,0.579463,0.579463,0.041074,-0.396475,-0.396475,-2.034085,0.169128,0.209855,81.986276,81.986276,459.821088,3,0.000000,true,
100.000000,2.450000,0.000000,333.155074,333.155074,333.155074,333.155074,999.465221,0.000000,0.000000,21.643808,1.287495,-19.005852,0.568127,0.568127,0.039745,-0.422375,-0.422375,-2.036765,0.166735,0.207704,87.003650,87.003650,460.628232,3,0.000000,true,
100.000000,2.400000,0.000000,332.155064,332.155064,332.155064,332.155064,996.465192,0.000000,0.000000,21.637908,1.261106,-19.059684,0.556762,0.556762,0.038477,-0.450048,-0.450048,-2.039533,0.164370,0.205574,92.366567,92.366567,461.503159,3,0.000000,true,
100.000000,2.350000,0.000000,331.259536,331.259536,331.259536,331.259536,993.778607,0.000000,0.000000,21.632733,1.235320,-19.113094,0.545365,0.545365,0.037269,-0.479408,-0.479408,-2.042400,0.162037,0.203471,98.058737,98.058737,462.451226,3,0.000000,true,
100.000000,2.300000,0.000000,330.475445,330.475445,330.475445,330.475445,991.426334,0.000000,0.000000,21.628298,1.210193,-19.166069,0.533939,0.533939,0.036122,-0.510315,-0.510315,-2.045371,0.159744,0.201401,104.053764,104.053764,463.476381,3,0.000000,true,
100.000000,2.250000,0.000000,329.807035,329.807035,329.807035,329.807035,989.421104,0.000000,0.000000,21.624598,1.185764,-19.218601,0.522483,0.522483,0.035034,-0.542585,-0.542585,-2.048451,0.157493,0.199368,110.316703,110.316703,464.580879,3,0.000000,true,
100.000000,2.200000,0.000000,329.255694,329.255694,329.255694,329.255694,987.767081,0.000000,0.000000,21.621612,1.162059,-19.270692,0.510999,0.510999,0.034003,-0.576005,-0.576005,-2.051642,0.155287,0.197375,116.806605,116.806605,465.765184,3,0.000000,true,
100.000000,2.150000,0.000000,328.820135,328.820135,328.820135,328.820135,986.460404,0.000000,0.000000,21.619307,1.139087,-19.322353,0.499487,0.499487,0.033026,-0.610345,-0.610345,-2.054940,0.153127,0.195425,123.479547,123.479547,467.028067,3,0.000000,true,
100.000000,2.100000,0.000000,328.496817,328.496817,328.496817,328.496817,985.490451,0.000000,0.000000,21.617635,1.116840,-19.373599,0.487950,0.487950,0.032099,-0.645377,-0.645377,-2.058342,0.151013,0.193519,130.291546,130.291546,468.366853,3,0.000000,true,
100.000000,2.050000,0.000000,328.280490,328.280490,328.280490,328.280490,984.841470,0.000000,0.000000,21.616542,1.095298,-19.424455,0.476390,0.476390,0.031220,-0.680883,-0.680883,-2.061840,0.148944,0.191656,137.200920,137.200920,469.777749,3,0.000000,true,
100.000000,2.000000,0.000000,328.164736,328.164736,328.164736,328.164736,984.494207,0.000000,0.000000,21.615970,1.074428,-19.474951,0.464808,0.464808,0.030384,-0.716667,-0.716667,-2.065427,0.146916,0.189837,144.169882,144.169882,471.256191,3,0.000000,true,
100.000000,1.950000,0.000000,328.142429,328.142429,328.142429,328.142429,984.427287,0.000000,0.000000,21.615862,1.054186,-19.525120,0.453207,0.453207,0.029587,-0.752558,-0.752558,-2.069094,0.144926,0.188059,151.165362,151.165362,472.797165,3,0.000000,true,
100.000000,1.900000,0.000000,328.206078,328.206078,328.206078,328.206078,984.618233,0.000000,0.000000,21.616160,1.034518,-19.575000,0.441587,0.441587,0.028826,-0.788411,-0.788411,-2.072832,0.142968,0.186318,158.159235,158.159235,474.395462,3,0.000000,true,
100.000000,1.850000,0.000000,328.348044,328.348044,328.348044,328.348044,985.044133,0.000000,0.000000,21.616806,1.015362,-19.624635,0.429952,0.429952,0.028096,-0.824104,-0.824104,-2.076631,0.141037,0.184613,165.128116,165.128116,476.045877,3,0.000000,true,
100.000000,1.800000,0.000000,328.560664,328.560664,328.560664,328.560664,985.681993,0.000000,0.000000,21.617749,0.996646,-19.674067,0.418302,0.418302,0.027395,-0.859539,-0.859539,-2.080484,0.139126,0.182938,172.052941,172.052941,477.743344,3,0.000000,true,
100.000000,1.750000,0.000000,328.836301,328.836301,328.836301,328.836301,986.508902,0.000000,0.000000,21.618939,0.978295,-19.723344,0.406641,0.406641,0.026719,-0.894639,-0.894639,-2.084383,0.137229,0.181288,178.918435,178.918435,479.483038,3,0.000000,true,
100.000000,1.700000,0.000000,329.167353,329.167353,329.167353,329.167353,987.502059,0.000000,0.000000,21.620328,0.960227,-19.772515,0.394968,0.394968,0.026063,-0.929342,-0.929342,-2.088319,0.135337,0.179657,185.712588,185.712588,481.260423,3,0.000000,true,
100.000000,1.650000,0.000000,329.546250,329.546250,329.546250,329.546250,988.638751,0.000000,0.000000,21.621871,0.942358,-19.821628,0.383287,0.383287,0.025425,-0.963600,-0.963600,-2.092287,0.133443,0.178039,192.426151,192.426151,483.071299,3,0.000000,true,
100.000000,1.600000,0.000000,329.965438,329.965438,329.965438,329.965438,989.896313,0.000000,0.000000,21.623528,0.924601,-19.870734,0.371599,0.371599,0.024801,-0.997379,-0.997379,-2.096281,0.131540,0.176427,199.052207,199.052207,484.911809,3,0.000000,true,
100.000000,1.550000,0.000000,330.417362,330.417362,330.417362,330.417362,991.252087,0.000000,0.000000,21.625259,0.906868,-19.919879,0.359906,0.359906,0.024189,-1.030654,-1.030654,-2.100295,0.129617,0.174813,205.585790,205.585790,486.778448,3,0.000000,true,
100.000000,1.500000,0.000000,330.894467,330.894467,330.894467,330.894467,992.683401,0.000000,0.000000,21.627028,0.889076,-19.969112,0.348208,0.348208,0.023584,-1.063409,-1.063409,-2.104327,0.127668,0.173190,212.023563,212.023563,488.668061,3,0.000000,true,
100.000000,1.450000,0.000000,331.389180,331.389180,331.389180,331.389180,994.167541,0.000000,0.000000,21.628803,0.871141,-20.018476,0.336508,0.336508,0.022984,-1.095634,-1.095634,-2.108371,0.125683,0.171550,218.363544,218.363544,490.577827,3,0.000000,true,
100.000000,1.400000,0.000000,331.893908,331.893908,331.893908,331.893908,995.681725,0.000000,0.000000,21.630553,0.852982,-20.068015,0.324807,0.324807,0.022386,-1.127326,-1.127326,-2.112425,0.123656,0.169884,224.604869,224.604869,492.505245,3,0.000000,true,
100.000000,1.350000,0.000000,332.401017,332.401017,332.401017,332.401017,997.203052,0.000000,0.000000,21.632249,0.834525,-20.117766,0.313106,0.313106,0.021788,-1.158485,-1.158485,-2.116487,0.121578,0.168184,230.747594,230.747594,494.448114,3,0.000000,true,
100.000000,1.300000,0.000000,332.902809,332.902809,332.902809,332.902809,998.708428,0.000000,0.000000,21.633866,0.815698,-20.167766,0.301407,0.301407,0.021186,-1.189117,-1.189117,-2.120555,0.119441,0.166443,236.792516,236.792516,496.404510,3,0.000000,true,
100.000000,1.250000,0.000000,333.391483,333.391483,333.391483,333.391483,1000.174448,0.000000,0.000000,21.635382,0.796435,-20.218047,0.289710,0.289710,0.020579,-1.219229,-1.219229,-2.124626,0.117238,0.164652,242.741031,242.741031,498.372764,3,0.000000,true,
100.000000,1.200000,0.000000,333.859079,333.859079,333.859079,333.859079,1001.577236,0.000000,0.000000,21.636776,0.776675,-20.268638,0.278018,0.278018,0.019965,-1.248833,-1.248833,-2.128701,0.114962,0.162802,248.595001,248.595001,500.351435,3,0.000000,true,
100.000000,1.150000,0.000000,334.297407,334.297407,334.297407,334.297407,1002.892221,0.000000,0.000000,21.638029,0.756362,-20.319565,0.266329,0.266329,0.019341,-1.277939,-1.277939,-2.132777,0.112606,0.160885,254.356647,254.356647,502.339288,3,0.000000,true,
100.000000,1.100000,0.000000,334.697954,334.697954,334.697954,334.697954,1004.093861,0.000000,0.000000,21.639125,0.735443,-20.370851,0.254647,0.254647,0.018706,-1.306561,-1.306561,-2.136855,0.110164,0.158893,260.028460,260.028460,504.335275,3,0.000000,true,
100.000000,1.050000,0.000000,335.051759,335.051759,335.051759,335.051759,1005.155277,0.000000,0.000000,21.640051,0.713868,-20.422514,0.242971,0.242971,0.018058,-1.334714,-1.334714,-2.140934,0.107627,0.156817,265.613123,265.613123,506.338505,3,0.000000,true,
100.000000,1.000000,0.000000,335.349269,335.349269,335.349269,335.349269,1006.047806,0.000000,0.000000,21.640793,0.691594,-20.474571,0.231302,0.231302,0.017396,-1.362413,-1.362413,-2.145013,0.104990,0.154648,271.113450,271.113450,508.348234,3,0.000000,true,
100.000000,0.950000,0.000000,335.580144,335.580144,335.580144,335.580144,1006.740431,0.000000,0.000000,21.641342,0.668578,-20.527037,0.219641,0.219641,0.016719,-1.389672,-1.389672,-2.149094,0.102245,0.152376,276.532330,276.532330,510.363839,3,0.000000,true,
100.000000,0.900000,0.000000,335.733022,335.733022,335.733022,335.733022,1007.199066,0.000000,0.000000,21.641687,0.644779,-20.579923,0.207988,0.207988,0.016025,-1.416508,-1.416508,-2.153174,0.099385,0.149991,281.872690,281.872690,512.384809,3,0.000000,true,
100.000000,0.850000,0.000000,335.795217,335.795217,335.795217,335.795217,1007.385650,0.000000,0.000000,21.641820,0.620159,-20.633238,0.196344,0.196344,0.015313,-1.442937,-1.442937,-2.157256,0.096402,0.147482,287.137462,287.137462,514.410724,3,0.000000,true,
100.000000,0.800000,0.000000,335.752323,335.752323,335.752323,335.752323,1007.256968,0.000000,0.000000,21.641735,0.594680,-20.686990,0.184709,0.184709,0.014582,-1.468972,-1.468972,-2.161338,0.093289,0.144837,292.329552,292.329552,516.441247,3,0.000000,true,
100.000000,0.750000,0.000000,335.587707,335.587707,335.587707,335.587707,1006.763121,0.000000,0.000000,21.641426,0.568303,-20.741185,0.173084,0.173084,0.013833,-1.494630,-1.494630,-2.165422,0.090036,0.142043,297.451826,297.451826,518.476109,3,0.000000,true,
100.000000,0.700000,0.000000,335.281824,335.281824,335.281824,335.281824,1005.845472,0.000000,0.000000,21.640888,0.540990,-20.795826,0.161469,0.161469,0.013063,-1.519925,-1.519925,-2.169506,0.086634,0.139082,302.507087,302.507087,520.515102,3,0.000000,true,
100.000000,0.650000,0.000000,334.811284,334.811284,334.811284,334.811284,1004.433853,0.000000,0.000000,21.640117,0.512698,-20.850915,0.149864,0.149864,0.012272,-1.544871,-1.544871,-2.173592,0.083071,0.135938,307.498072,307.498072,522.558068,3,0.000000,true,
100.000000,0.600000,0.000000,334.147558,334.147558,334.147558,334.147558,1002.442673,0.000000,0.000000,21.639110,0.483382,-20.906455,0.138269,0.138269,0.011461,-1.569483,-1.569483,-2.177680,0.079335,0.132588,312.427435,312.427435,524.604893,3,0.000000,true,
100.000000,0.550000,0.000000,333.255115,333.255115,333.255115,333.255115,999.765344,0.000000,0.000000,21.637865,0.452992,-20.962445,0.126686,0.126686,0.010628,-1.593774,-1.593774,-2.181771,0.075411,0.129006,317.297745,317.297745,526.655499,3,0.000000,true,
100.000000,0.500000,0.000000,332.088686,332.088686,332.088686,332.088686,996.266059,0.000000,0.000000,21.636378,0.421469,-21.018884,0.115113,0.115113,0.009774,-1.617756,-1.617756,-2.185863,0.071281,0.125159,322.111482,322.111482,528.709836,3,0.000000,true,
100.000000,0.450000,0.000000,330.589083,330.589083,330.589083,330.589083,991.767250,0.000000,0.000000,21.634649,0.388745,-21.075771,0.103551,0.103551,0.008897,-1.641443,-1.641443,-2.189958,0.066923,0.121006,326.871031,326.871031,530.767882,3,0.000000,true,
100.000000,0.400000,0.000000,328.676547,328.676547,328.676547,328.676547,986.029642,0.000000,0.000000,21.632677,0.354736,-21.133102,0.092001,0.092001,0.007998,-1.664847,-1.664847,-2.194056,0.062310,0.116492,331.578679,331.578679,532.829633,3,0.000000,true,
100.000000,0.350000,0.000000,326.239642,326.239642,326.239642,326.239642,978.718927,0.000000,0.000000,21.630460,0.319336,-21.190875,0.080462,0.080462,0.007077,-1.687978,-1.687978,-2.198156,0.057407,0.111545,336.236617,336.236617,534.895099,3,0.000000,true,
100.000000,0.300000,0.000000,323.115538,323.115538,323.115538,323.115538,969.346613,0.000000,0.000000,21.627998,0.282409,-21.249086,0.068933,0.068933,0.006133,-1.710847,-1.710847,-2.202260,0.052167,0.106062,340.846935,340.846935,536.964301,3,0.000000,true,
100.000000,0.250000,0.000000,319.052148,319.052148,319.052148,319.052148,957.156444,0.000000,0.000000,21.625291,0.243769,-21.307731,0.057416,0.057416,0.005167,-1.733466,-1.733466,-2.206368,0.046526,0.099893,345.411622,345.411622,539.037270,3,0.000000,true,
100.000000,0.200000,0.000000,313.627500,313.627500,313.627500,313.627500,940.882500,0.000000,0.000000,21.622339,0.203154,-21.366805,0.045911,0.045911,0.004178,-1.755844,-1.755844,-2.210479,0.040387,0.092798,349.932564,349.932564,541.114035,4,0.000000,true,
100.000000,0.150000,0.000000,306.050867,306.050867,306.050867,306.050867,918.152602,0.000000,0.000000,21.619141,0.160162,-21.426305,0.034416,0.034416,0.003167,-1.777991,-1.777991,-2.214593,0.033595,0.084361,354.411544,354.411544,543.194630,4,0.000000,true,
100.000000,0.100000,0.000000,294.547344,294.547344,294.547344,294.547344,883.642031,0.000000,0.000000,21.615699,0.114105,-21.486224,0.022933,0.022933,0.002134,-1.799914,-1.799914,-2.218711,0.025863,0.073728,358.850241,358.850241,545.279083,4,0.000000,true,
100.000000,0.050000,0.000000,273.453623,273.453623,273.453623,273.453623,820.360868,0.000000,0.000000,21.612012,0.063524,-21.546560,0.011461,0.011461,0.001078,-1.821623,-1.821623,-2.222833,0.016513,0.058536,363.250229,363.250229,547.367417,4,0.000000,true,
100.000000,0.000000,0.000000,0.000000,0.000000,0.000000,0.000000,0.000001,0.000000,0.000000,21.608082,0.001588,-21.607277,0.000000,0.000000,0.000000,-1.843113,-1.843113,-2.226956,0.003792,0.003792,367.610739,367.610739,549.458568,13,0.000000,true,
105.000000,4.000000,0.000000,370.999977,370.999977,370.999977,370.999977,1112.999930,0.000000,0.000000,21.988060,2.395871,-17.103343,0.900540,0.900540,0.118920,-0.112177,-0.112177,-1.938853,0.253756,0.286370,26.943919,26.943919,442.353471,4,0.000000,true,
105.000000,3.950000,0.000000,369.628200,369.628200,369.628200,369.628200,1108.884599,0.000000,0.000000,21.974796,2.365910,-17.164326,0.890090,0.890090,0.115820,-0.115541,-0.115541,-1.942407,0.251785,0.284620,27.594621,27.594621,442.920049,3,0.000000,true,
105.000000,3.900000,0.000000,368.246353,368.246353,368.246353,368.246353,1104.739058,0.000000,0.000000,21.961603,2.335862,-17.225187,0.879610,0.879610,0.112780,-0.119082,-0.119082,-1.945896,0.249792,0.282852,28.279449,28.279449,443.477787,3,0.000000,true,
105.000000,3.850000,0.000000,366.854391,366.854391,366.854391,366.854391,1100.563174,0.000000,0.000000,21.948482,2.305727,-17.285926,0.869101,0.869101,0.109798,-0.122814,-0.122814,-1.949322,0.247777,0.281066,29.001035,29.001035,444.027105,3,0.000000,true,
105.000000,3.800000,0.000000,365.452290,365.452290,365.452290,365.452290,1096.356869,0.000000,0.000000,21.935437,2.275500,-17.346543,0.858564,0.858564,0.106873,-0.126751,-0.126751,-1.952688,0.245739,0.279260,29.762277,29.762277,444.568436,3,0.000000,true,
105.000000,3.750000,0.000000,364.040046,364.040046,364.040046,364.040046,1092.120139,0.000000,0.000000,21.922469,2.245181,-17.407039,0.847998,0.847998,0.104003,-0.130910,-0.130910,-1.955995,0.243679,0.277434,30.566378,30.566378,445.102235,3,0.000000,true,
105.000000,3.700000,0.000000,362.617692,362.617692,362.617692,362.617692,1087.853076,0.000000,0.000000,21.909581,2.214767,-17.467413,0.837406,0.837406,0.101188,-0.135310,-0.135310,-1.959244,0.241594,0.275588,31.416879,31.416879,445.628983,3,0.000000,true,
105.000000,3.650000,0.000000,361.185298,361.185298,361.185298,361.185298,1083.555894,0.000000,0.000000,21.896776,2.184257,-17.527664,0.826786,0.826786,0.098427,-0.139970,-0.139970,-1.962438,0.239486,0.273721,32.317707,32.317707,446.149190,3,0.000000,true,
105.000000,3.600000,0.000000,359.742987,359.742987,359.742987,359.742987,1079.228960,0.000000,0.000000,21.884058,2.153652,-17.587791,0.816141,0.816141,0.095719,-0.144913,-0.144913,-1.965579,0.237354,0.271833,33.273224,33.273224,446.663402,3,0.000000,true,
105.000000,3.550000,0.000000,358.290945,358.290945,358.290945,358.290945,1074.872836,0.000000,0.000000,21.871431,2.122951,-17.647793,0.805469,0.805469,0.093062,-0.150165,-0.150165,-1.968669,0.235197,0.269924,34.288279,34.288279,447.172211,3,0.000000,true,
105.000000,3.500000,0.000000,356.829441,356.829441,356.829441,356.829441,1070.488322,0.000000,0.000000,21.858899,2.092156,-17.707668,0.794772,0.794772,0.090457,-0.155753,-0.155753,-1.971708,0.233015,0.267993,35.368280,35.368280,447.676262,3,0.000000,true,
105.000000,3.450000,0.000000,355.358839,355.358839,355.358839,355.358839,1066.076517,0.000000,0.000000,21.846468,2.061268,-17.767414,0.784049,0.784049,0.087901,-0.161708,-0.161708,-1.974701,0.230809,0.266039,36.519263,36.519263,448.176263,3,0.000000,true,
105.000000,3.400000,0.000000,353.879630,353.879630,353.879630,353.879630,1061.638889,0.000000,0.000000,21.834144,2.030292,-17.827028,0.773302,0.773302,0.085396,-0.168066,-0.168066,-1.977648,0.228577,0.264063,37.747977,37.747977,448.673004,3,0.000000,true,
105.000000,3.350000,0.000000,352.392454,352.392454,352.392454,352.392454,1057.177361,0.000000,0.000000,21.821935,1.999231,-17.886506,0.762530,0.762530,0.082939,-0.174866,-0.174866,-1.980551,0.226319,0.262064,39.061976,39.061976,449.167365,3,0.000000,true,
105.000000,3.300000,0.000000,350.898139,350.898139,350.898139,350.898139,1052.694417,0.000000,0.000000,21.809849,1.968093,-17.945844,0.751734,0.751734,0.080531,-0.182150,-0.182150,-1.983414,0.224037,0.260042,40.469728,40.469728,449.660341,3,0.000000,true,
105.000000,3.250000,0.000000,349.397743,349.397743,349.397743,349.397743,1048.193229,0.000000,0.000000,21.797896,1.936883,-18.005038,0.740914,0.740914,0.078172,-0.189969,-0.189969,-1.986239,0.221729,0.257997,41.980724,41.980724,450.153064,3,0.000000,true,
105.000000,3.200000,0.000000,347.892603,347.892603,347.892603,347.892603,1043.677809,0.000000,0.000000,21.786089,1.905614,-18.064081,0.730070,0.730070,0.075861,-0.198378,-0.198378,-1.989028,0.219397,0.255930,43.605608,43.605608,450.646832,3,0.000000,true,
105.000000,3.150000,0.000000,346.384401,346.384401,346.384401,346.384401,1039.153202,0.000000,0.000000,21.774441,1.874298,-18.122966,0.719201,0.719201,0.073598,-0.207437,-0.207437,-1.991785,0.217042,0.253840,45.356305,45.356305,451.143138,3,0.000000,true,
105.000000,3.100000,0.000000,344.875235,344.875235,344.875235,344.875235,1034.625704,0.000000,0.000000,21.762969,1.842949,-18.181684,0.708308,0.708308,0.071384,-0.217216,-0.217216,-1.994514,0.214662,0.251729,47.246154,47.246154,451.643716,3,0.000000,true,
105.000000,3.050000,0.000000,343.367709,343.367709,343.367709,343.367709,1030.103127,0.000000,0.000000,21.751692,1.811588,-18.240226,0.697390,0.697390,0.069220,-0.227792,-0.227792,-1.997216,0.212261,0.249596,49.290024,49.290024,452.150585,3,0.000000,true,
105.000000,3.000000,0.000000,341.865035,341.865035,341.865035,341.865035,1025.595106,0.000000,0.000000,21.740635,1.780236,-18.298579,0.686448,0.686448,0.067105,-0.239250,-0.239250,-1.999899,0.209840,0.247444,51.504414,51.504414,452.666099,3,0.000000,true,
105.000000,2.950000,0.000000,340.371148,340.371148,340.371148,340.371148,1021.113444,0.000000,0.000000,21.729824,1.748923,-18.356730,0.675480,0.675480,0.065040,-0.251683,-0.251683,-2.002565,0.207399,0.245274,53.907493,53.907493,453.193015,3,0.000000,true,
105.000000,2.900000,0.000000,338.890830,338.890830,338.890830,338.890830,1016.672489,0.000000,0.000000,21.719291,1.717682,-18.414661,0.664486,0.664486,0.063028,-0.265193,-0.265193,-2.005221,0.204943,0.243088,56.519058,56.519058,453.734551,3,0.000000,true,
105.000000,2.850000,0.000000,337.429840,337.429840,337.429840,337.429840,1012.289521,0.000000,0.000000,21.709074,1.686551,-18.472355,0.653466,0.653466,0.061069,-0.279891,-0.279891,-2.007874,0.202473,0.240888,59.360351,59.360351,454.294453,3,0.000000,true,
105.000000,2.800000,0.000000,335.995034,335.995034,335.995034,335.995034,1007.985101,0.000000,0.000000,21.699214,1.655577,-18.529789,0.642418,0.642418,0.059165,-0.295891,-0.295891,-2.010531,0.199993,0.238678,62.453676,62.453676,454.877056,3,0.000000,true,
105.000000,2.750000,0.000000,334.594442,334.594442,334.594442,334.594442,1003.783327,0.000000,0.000000,21.689759,1.624813,-18.586939,0.631341,0.631341,0.057319,-0.313309,-0.313309,-2.013199,0.197508,0.236461,65.821735,65.821735,455.487320,3,0.000000,true,
105.000000,2.700000,0.000000,333.237298,333.237298,333.237298,333.237298,999.711893,0.000000,0.000000,21.680762,1.594318,-18.643778,0.620234,0.620234,0.055532,-0.332259,-0.332259,-2.015890,0.195022,0.234242,69.486620,69.486620,456.130832,3,0.000000,true,
105.000000,2.650000,0.000000,331.933944,331.933944,331.933944,331.933944,995.801832,0.000000,0.000000,21.672281,1.564160,-18.700276,0.609096,0.609096,0.053808,-0.352843,-0.352843,-2.018612,0.192540,0.232026,73.468394,73.468394,456.813754,3,0.000000,true,
105.000000,2.600000,0.000000,330.695604,330.695604,330.695604,330.695604,992.086811,0.000000,0.000000,21.664373,1.534409,-18.756402,0.597926,0.597926,0.052149,-0.375143,-0.375143,-2.021378,0.190070,0.229820,77.783298,77.783298,457.542679,3,0.000000,true,
105.000000,2.550000,0.000000,329.533956,329.533956,329.533956,329.533956,988.601867,0.000000,0.000000,21.657096,1.505139,-18.812127,0.586722,0.586722,0.050557,-0.399212,-0.399212,-2.024199,0.187617,0.227629,82.441683,82.441683,458.324395,3,0.000000,true,
105.000000,2.500000,0.000000,328.460528,328.460528,328.460528,328.460528,985.381584,0.000000,0.000000,21.650502,1.476421,-18.867422,0.575483,0.575483,0.049034,-0.425060,-0.425060,-2.027087,0.185187,0.225459,87.445965,87.445965,459.165535,3,0.000000,true,
105.000000,2.450000,0.000000,327.485938,327.485938,327.485938,327.485938,982.457815,0.000000,0.000000,21.644633,1.448321,-18.922263,0.564209,0.564209,0.047582,-0.452646,-0.452646,-2.030051,0.182788,0.223318,92.788981,92.788981,460.072159,3,0.000000,true,
105.000000,2.400000,0.000000,326.619094,326.619094,326.619094,326.619094,979.857281,0.000000,0.000000,21.639519,1.420894,-18.976634,0.552900,0.552900,0.046200,-0.481878,-0.481878,-2.033101,0.180423,0.221210,98.453197,98.453197,461.049301,3,0.000000,true,
105.000000,2.350000,0.000000,325.866484,325.866484,325.866484,325.866484,977.599453,0.000000,0.000000,21.635170,1.394179,-19.030528,0.541556,0.541556,0.044889,-0.512611,-0.512611,-2.036243,0.178097,0.219140,104.411102,104.411102,462.100575,3,0.000000,true,
105.000000,2.300000,0.000000,325.231718,325.231718,325.231718,325.231718,975.695154,0.000000,0.000000,21.631579,1.368198,-19.083946,0.530177,0.530177,0.043645,-0.544656,-0.544656,-2.039482,0.175813,0.217111,110.626844,110.626844,463.227917,3,0.000000,true,
105.000000,2.250000,0.000000,324.715382,324.715382,324.715382,324.715382,974.146146,0.000000,0.000000,21.628720,1.342953,-19.136903,0.518766,0.518766,0.042467,-0.577796,-0.577796,-2.042818,0.173571,0.215125,117.058835,117.058835,464.431508,3,0.000000,true,
105.000000,2.200000,0.000000,324.315233,324.315233,324.315233,324.315233,972.945700,0.000000,0.000000,21.626553,1.318428,-19.189422,0.507325,0.507325,0.041350,-0.611800,-0.611800,-2.046251,0.171371,0.213182,123.662794,123.662794,465.709883,3,0.000000,true,
105.000000,2.150000,0.000000,324.026639,324.026639,324.026639,324.026639,972.079918,0.000000,0.000000,21.625025,1.294589,-19.241533,0.495855,0.495855,0.040289,-0.646437,-0.646437,-2.049775,0.169209,0.211281,130.394669,130.394669,467.060197,3,0.000000,true,
105.000000,2.100000,0.000000,323.843149,323.843149,323.843149,323.843149,971.529447,0.000000,0.000000,21.624076,1.271390,-19.293275,0.484360,0.484360,0.039280,-0.681494,-0.681494,-2.053385,0.167083,0.209419,137.212982,137.212982,468.478555,3,0.000000,true,
105.000000,2.050000,0.000000,323.757078,323.757078,323.757078,323.757078,971.271233,0.000000,0.000000,21.623640,1.248772,-19.344692,0.472841,0.472841,0.038317,-0.716774,-0.716774,-2.057074,0.164987,0.207593,144.080406,144.080406,469.960369,3,0.000000,true,
105.000000,2.000000,0.000000,323.760017,323.760017,323.760017,323.760017,971.280052,0.000000,0.000000,21.623654,1.226670,-19.395829,0.461302,0.461302,0.037395,-0.752112,-0.752112,-2.060834,0.162917,0.205799,150.964576,150.964576,471.500673,3,0.000000,true,
105.000000,1.950000,0.000000,323.843237,323.843237,323.843237,323.843237,971.529712,0.000000,0.000000,21.624053,1.205012,-19.446735,0.449745,0.449745,0.036510,-0.787365,-0.787365,-2.064658,0.160865,0.204033,157.838287,157.838287,473.094386,3,0.000000,true,
105.000000,1.900000,0.000000,323.997966,323.997966,323.997966,323.997966,971.993898,0.000000,0.000000,21.624777,1.183722,-19.497460,0.438172,0.438172,0.035656,-0.822419,-0.822419,-2.068538,0.158825,0.202288,164.679266,164.679266,474.736497,3,0.000000,true,
105.000000,1.850000,0.000000,324.215569,324.215569,324.215569,324.215569,972.646707,0.000000,0.000000,21.625769,1.162722,-19.548054,0.426586,0.426586,0.034829,-0.857182,-0.857182,-2.072466,0.156791,0.200558,171.469707,171.469707,476.422207,3,0.000000,true,
105.000000,1.800000,0.000000,324.487645,324.487645,324.487645,324.487645,973.462936,0.000000,0.000000,21.626976,1.141932,-19.598565,0.414988,0.414988,0.034024,-0.891584,-0.891584,-2.076435,0.154755,0.198839,178.195695,178.195695,478.147003,3,0.000000,true,
105.000000,1.750000,0.000000,324.806073,324.806073,324.806073,324.806073,974.418218,0.000000,0.000000,21.628350,1.121274,-19.649042,0.403381,0.403381,0.033238,-0.925568,-0.925568,-2.080440,0.152709,0.197124,184.846619,184.846619,479.906709,3,0.000000,true,
105.000000,1.700000,0.000000,325.163010,325.163010,325.163010,325.163010,975.489029,0.000000,0.000000,21.629848,1.100669,-19.699533,0.391767,0.391767,0.032467,-0.959096,-0.959096,-2.084476,0.150647,0.195406,191.414620,191.414620,481.697506,3,0.000000,true,
105.000000,1.650000,0.000000,325.550882,325.550882,325.550882,325.550882,976.652646,0.000000,0.000000,21.631428,1.080039,-19.750081,0.380147,0.380147,0.031707,-0.992140,-0.992140,-2.088536,0.148562,0.193678,197.894106,197.894106,483.515931,3,0.000000,true,
105.000000,1.600000,0.000000,325.962352,325.962352,325.962352,325.962352,977.887057,0.000000,0.000000,21.633054,1.059312,-19.800731,0.368523,0.368523,0.030954,-1.024681,-1.024681,-2.092618,0.146446,0.191934,204.281326,204.281326,485.358869,3,0.000000,true,
105.000000,1.550000,0.000000,326.390284,326.390284,326.390284,326.390284,979.170852,0.000000,0.000000,21.634693,1.038414,-19.851522,0.356897,0.356897,0.030206,-1.056707,-1.056707,-2.096718,0.144292,0.190168,210.574023,210.574023,487.223539,3,0.000000,true,
105.000000,1.500000,0.000000,326.827702,326.827702,326.827702,326.827702,980.483105,0.000000,0.000000,21.636316,1.017278,-19.902493,0.345270,0.345270,0.029460,-1.088215,-1.088215,-2.100832,0.142093,0.188372,216.771132,216.771132,489.107467,3,0.000000,true,
105.000000,1.450000,0.000000,327.267746,327.267746,327.267746,327.267746,981.803237,0.000000,0.000000,21.637895,0.995838,-19.953679,0.333644,0.333644,0.028712,-1.119204,-1.119204,-2.104958,0.139843,0.186539,222.872545,222.872545,491.008466,3,0.000000,true,
105.000000,1.400000,0.000000,327.703623,327.703623,327.703623,327.703623,983.110869,0.000000,0.000000,21.639406,0.974033,-20.005112,0.322019,0.322019,0.027962,-1.149679,-1.149679,-2.109095,0.137534,0.184663,228.878907,228.878907,492.924612,3,0.000000,true,
105.000000,1.350000,0.000000,328.128554,328.128554,328.128554,328.128554,984.385663,0.000000,0.000000,21.640827,0.951806,-20.056822,0.310398,0.310398,0.027205,-1.179646,-1.179646,-2.113240,0.135161,0.182737,234.791451,234.791451,494.854219,3,0.000000,true,
105.000000,1.300000,0.000000,328.535714,328.535714,328.535714,328.535714,985.607141,0.000000,0.000000,21.642140,0.929103,-20.108837,0.298780,0.298780,0.026440,-1.209115,-1.209115,-2.117392,0.132718,0.180754,240.611865,240.611865,496.795815,3,0.000000,true,
105.000000,1.250000,0.000000,328.918157,328.918157,328.918157,328.918157,986.754472,0.000000,0.000000,21.643326,0.905874,-20.161179,0.287167,0.287167,0.025666,-1.238097,-1.238097,-2.121550,0.130197,0.178707,246.342183,246.342183,498.748121,3,0.000000,true,
105.000000,1.200000,0.000000,329.268744,329.268744,329.268744,329.268744,987.806233,0.000000,0.000000,21.644371,0.882072,-20.213871,0.275560,0.275560,0.024880,-1.266604,-1.266604,-2.125713,0.127593,0.176589,251.984695,251.984695,500.710030,3,0.000000,true,
105.000000,1.150000,0.000000,329.580042,329.580042,329.580042,329.580042,988.740127,0.000000,0.000000,21.645261,0.857653,-20.266931,0.263960,0.263960,0.024080,-1.294650,-1.294650,-2.129881,0.124899,0.174393,257.541871,257.541871,502.680586,3,0.000000,true,
105.000000,1.100000,0.000000,329.844216,329.844216,329.844216,329.844216,989.532649,0.000000,0.000000,21.645985,0.832576,-20.320377,0.252367,0.252367,0.023266,-1.322249,-1.322249,-2.134053,0.122110,0.172110,263.016304,263.016304,504.658969,3,0.000000,true,
105.000000,1.050000,0.000000,330.052894,330.052894,330.052894,330.052894,990.158683,0.000000,0.000000,21.646531,0.806802,-20.374222,0.240782,0.240782,0.022435,-1.349414,-1.349414,-2.138229,0.119219,0.169734,268.410664,268.410664,506.644476,3,0.000000,true,
105.000000,1.000000,0.000000,330.197006,330.197006,330.197006,330.197006,990.591017,0.000000,0.000000,21.646891,0.780295,-20.428479,0.229206,0.229206,0.021587,-1.376160,-1.376160,-2.142409,0.116219,0.167256,273.727655,273.727655,508.636509,3,0.000000,true,
105.000000,0.950000,0.000000,330.266581,330.266581,330.266581,330.266581,990.799743,0.000000,0.000000,21.647057,0.753019,-20.483159,0.217640,0.217640,0.020721,-1.402502,-1.402502,-2.146592,0.113104,0.164667,278.969988,278.969988,510.634560,3,0.000000,true,
105.000000,0.900000,0.000000,330.250502,330.250502,330.250502,330.250502,990.751507,0.000000,0.000000,21.647022,0.724940,-20.538269,0.206082,0.206082,0.019835,-1.428454,-1.428454,-2.150779,0.109867,0.161956,284.140355,284.140355,512.638202,3,0.000000,true,
105.000000,0.850000,0.000000,330.136189,330.136189,330.136189,330.136189,990.408566,0.000000,0.000000,21.646780,0.696023,-20.593817,0.194535,0.194535,0.018929,-1.454029,-1.454029,-2.154970,0.106499,0.159114,289.241413,289.241413,514.647076,3,0.000000,true,
105.000000,0.800000,0.000000,329.909188,329.909188,329.909188,329.909188,989.727563,0.000000,0.000000,21.646325,0.666234,-20.649808,0.182999,0.182999,0.018003,-1.479242,-1.479242,-2.159165,0.102993,0.156128,294.275766,294.275766,516.660882,3,0.000000,true,
105.000000,0.750000,0.000000,329.552642,329.552642,329.552642,329.552642,988.657925,0.000000,0.000000,21.645654,0.635537,-20.706248,0.171473,0.171473,0.017054,-1.504106,-1.504106,-2.163363,0.099339,0.152984,299.245956,299.245956,518.679372,3,0.000000,true,
105.000000,0.700000,0.000000,329.046575,329.046575,329.046575,329.046575,987.139724,0.000000,0.000000,21.644764,0.603894,-20.763138,0.159958,0.159958,0.016084,-1.528634,-1.528634,-2.167566,0.095526,0.149667,304.154455,304.154455,520.702346,3,0.000000,true,
105.000000,0.650000,0.000000,328.366919,328.366919,328.366919,328.366919,985.100757,0.000000,0.000000,21.643650,0.571266,-20.820481,0.148455,0.148455,0.015090,-1.552839,-1.552839,-2.171773,0.091543,0.146157,309.003659,309.003659,522.729637,3,0.000000,true,
105.000000,0.600000,0.000000,327.484155,327.484155,327.484155,327.484155,982.452464,0.000000,0.000000,21.642310,0.537606,-20.878278,0.136963,0.136963,0.014074,-1.576732,-1.576732,-2.175984,0.087376,0.142431,313.795885,313.795885,524.761114,3,0.000000,true,
105.000000,0.550000,0.000000,326.361362,326.361362,326.361362,326.361362,979.084087,0.000000,0.000000,21.640742,0.502865,-20.936529,0.125483,0.125483,0.013034,-1.600326,-1.600326,-2.180200,0.083009,0.138462,318.533364,318.533364,526.796675,3,0.000000,true,
105.000000,0.500000,0.000000,324.951350,324.951350,324.951350,324.951350,974.854051,0.000000,0.000000,21.638944,0.466983,-20.995233,0.114015,0.114015,0.011971,-1.623632,-1.623632,-2.184420,0.078422,0.134217,323.218246,323.218246,528.836238,3,0.000000,true,
105.000000,0.450000,0.000000,323.192264,323.192264,323.192264,323.192264,969.576793,0.000000,0.000000,21.636916,0.429891,-21.054390,0.102558,0.102558,0.010883,-1.646660,-1.646660,-2.188646,0.073592,0.129650,327.852593,327.852593,530.879742,3,0.000000,true,
105.000000,0.400000,0.000000,321.000608,321.000608,321.000608,321.000608,963.001825,0.000000,0.000000,21.634655,0.391502,-21.113997,0.091114,0.091114,0.009772,-1.669421,-1.669421,-2.192877,0.068489,0.124706,332.438385,332.438385,532.927143,3,0.000000,true,
105.000000,0.350000,0.000000,318.259585,318.259585,318.259585,318.259585,954.778754,0.000000,0.000000,21.632161,0.351711,-21.174052,0.079682,0.079682,0.008636,-1.691925,-1.691925,-2.197112,0.063076,0.119306,336.977514,336.977514,534.978409,3,0.000000,true,
105.000000,0.300000,0.000000,314.798387,314.798387,314.798387,314.798387,944.395162,0.000000,0.000000,21.629433,0.310378,-21.234552,0.068262,0.068262,0.007475,-1.714181,-1.714181,-2.201353,0.057301,0.113344,341.471789,341.471789,537.033518,3,0.000000,true,
105.000000,0.250000,0.000000,310.352453,310.352453,310.352453,310.352453,931.057359,0.000000,0.000000,21.626471,0.267318,-21.295494,0.056855,0.056855,0.006291,-1.736199,-1.736199,-2.205600,0.051093,0.106659,345.922934,345.922934,539.092455,3,0.000000,true,
105.000000,0.200000,0.000000,304.478797,304.478797,304.478797,304.478797,913.436390,0.000000,0.000000,21.623274,0.222264,-21.356875,0.045459,0.045459,0.005081,-1.757987,-1.757987,-2.209852,0.044348,0.098998,350.332592,350.332592,541.155213,4,0.000000,true,
105.000000,0.150000,0.000000,296.347202,296.347202,296.347202,296.347202,889.041607,0.000000,0.000000,21.619841,0.174814,-21.418691,0.034076,0.034076,0.003848,-1.779553,-1.779553,-2.214109,0.036897,0.089920,354.702323,354.702323,543.221783,4,0.000000,true,
105.000000,0.100000,0.000000,284.094027,284.094027,284.094027,284.094027,852.282081,0.000000,0.000000,21.616174,0.124278,-21.480938,0.022705,0.022705,0.002589,-1.800905,-1.800905,-2.218372,0.028431,0.078518,359.033607,359.033607,545.292163,4,0.000000,true,
105.000000,0.050000,0.000000,261.772775,261.772775,261.772775,261.772775,785.318325,0.000000,0.000000,21.612271,0.069195,-21.543613,0.011347,0.011347,0.001307,-1.822051,-1.822051,-2.222641,0.018219,0.062284,363.327844,363.327844,547.366347,4,0.000000,true,
105.000000,0.000000,0.000000,-0.000000,-0.000000,-0.000000,-0.000000,-0.000000,0.000000,0.000000,21.608136,0.002804,-21.606644,-0.000000,-0.000000,-0.000000,-1.842974,-1.842974,-2.226911,0.005168,0.005168,367.581830,367.581830,549.442108,11,0.000000,true,
110.000000,4.000000,0.000000,364.407717,364.407717,364.407717,364.407717,1093.223151,0.000000,0.000000,21.987990,2.665738,-16.956271,0.892462,0.892462,0.135076,-0.118270,-0.118270,-1.922873,0.273632,0.305452,28.073976,28.073976,439.894994,4,0.000000,true,
110.000000,3.950000,0.000000,363.019904,363.019904,363.019904,363.019904,1089.059713,0.000000,0.000000,21.974571,2.632349,-17.019120,0.882162,0.882162,0.131677,-0.121858,-0.121858,-1.926710,0.271566,0.303602,28.767329,28.767329,440.507405,3,0.000000,true,
110.000000,3.900000,0.000000,361.621608,361.621608,361.621608,361.621608,1084.864825,0.000000,0.000000,21.961221,2.598889,-17.081840,0.871831,0.871831,0.128339,-0.125638,-0.125638,-1.930483,0.269477,0.301733,29.497943,29.497943,441.111158,3,0.000000,true,
110.000000,3.850000,0.000000,360.212857,360.212857,360.212857,360.212857,1080.638570,0.000000,0.000000,21.947942,2.565357,-17.144429,0.861470,0.861470,0.125061,-0.129627,-0.129627,-1.934193,0.267366,0.299844,30.268763,30.268763,441.706660,3,0.000000,true,
110.000000,3.800000,0.000000,358.793708,358.793708,358.793708,358.793708,1076.381123,0.000000,0.000000,21.934738,2.531752,-17.206887,0.851079,0.851079,0.121842,-0.133842,-0.133842,-1.937841,0.265232,0.297936,31.083045,31.083045,442.294342,3,0.000000,true,
110.000000,3.750000,0.000000,357.364258,357.364258,357.364258,357.364258,1072.092774,0.000000,0.000000,21.921612,2.498074,-17.269213,0.840660,0.840660,0.118681,-0.138300,-0.138300,-1.941431,0.263075,0.296008,31.944387,31.944387,442.874661,3,0.000000,true,
110.000000,3.700000,0.000000,355.924652,355.924652,355.924652,355.924652,1067.773956,0.000000,0.000000,21.908567,2.464324,-17.331404,0.830211,0.830211,0.115577,-0.143023,-0.143023,-1.944962,0.260895,0.294059,32.856779,32.856779,443.448106,3,0.000000,true,
110.000000,3.650000,0.000000,354.475093,354.475093,354.475093,354.475093,1063.425280,0.000000,0.000000,21.895609,2.430504,-17.393459,0.819735,0.819735,0.112530,-0.148034,-0.148034,-1.948437,0.258691,0.292089,33.824652,33.824652,444.015208,3,0.000000,true,
110.000000,3.600000,0.000000,353.015859,353.015859,353.015859,353.015859,1059.047577,0.000000,0.000000,21.882742,2.396614,-17.455375,0.809231,0.809231,0.109538,-0.153358,-0.153358,-1.951858,0.256462,0.290098,34.852934,34.852934,444.576541,3,0.000000,true,
110.000000,3.550000,0.000000,351.547316,351.547316,351.547316,351.547316,1054.641947,0.000000,0.000000,21.869971,2.362658,-17.517150,0.798700,0.798700,0.106601,-0.159023,-0.159023,-1.955226,0.254209,0.288086,35.947116,35.947116,445.132738,3,0.000000,true,
110.000000,3.500000,0.000000,350.069940,350.069940,350.069940,350.069940,1050.209819,0.000000,0.000000,21.857303,2.328640,-17.578781,0.788141,0.788141,0.103718,-0.165061,-0.165061,-1.958543,0.251932,0.286053,37.113327,37.113327,445.684498,3,0.000000,true,
110.000000,3.450000,0.000000,348.584343,348.584343,348.584343,348.584343,1045.753028,0.000000,0.000000,21.844746,2.294565,-17.640263,0.777555,0.777555,0.100890,-0.171508,-0.171508,-1.961812,0.249631,0.283997,38.358416,38.358416,446.232600,3,0.000000,true,
110.000000,3.400000,0.000000,347.091301,347.091301,347.091301,347.091301,1041.273903,0.000000,0.000000,21.832307,2.260439,-17.701593,0.766943,0.766943,0.098115,-0.178404,-0.178404,-1.965034,0.247305,0.281920,39.690048,39.690048,446.777920,3,0.000000,true,
110.000000,3.350000,0.000000,345.591793,345.591793,345.591793,345.591793,1036.775380,0.000000,0.000000,21.819996,2.226271,-17.762764,0.756304,0.756304,0.095393,-0.185792,-0.185792,-1.968211,0.244955,0.279822,41.116804,41.116804,447.321452,3,0.000000,true,
110.000000,3.300000,0.000000,344.087042,344.087042,344.087042,344.087042,1032.261127,0.000000,0.000000,21.807826,2.192071,-17.823770,0.745638,0.745638,0.092725,-0.193722,-0.193722,-1.971347,0.242582,0.277702,42.648297,42.648297,447.864327,3,0.000000,true,
110.000000,3.250000,0.000000,342.578571,342.578571,342.578571,342.578571,1027.735713,0.000000,0.000000,21.795808,2.157852,-17.884603,0.734945,0.734945,0.090110,-0.202251,-0.202251,-1.974443,0.240185,0.275561,44.295296,44.295296,448.407846,3,0.000000,true,
110.000000,3.200000,0.000000,341.068263,341.068263,341.068263,341.068263,1023.204789,0.000000,0.000000,21.783960,2.123629,-17.945256,0.724226,0.724226,0.087548,-0.211440,-0.211440,-1.977502,0.237765,0.273400,46.069845,46.069845,448.953511,3,0.000000,true,
110.000000,3.150000,0.000000,339.558441,339.558441,339.558441,339.558441,1018.675324,0.000000,0.000000,21.772300,2.089420,-18.005716,0.713479,0.713479,0.085041,-0.221359,-0.221359,-1.980529,0.235324,0.271220,47.985390,47.985390,449.503063,3,0.000000,true,
110.000000,3.100000,0.000000,338.051954,338.051954,338.051954,338.051954,1014.155863,0.000000,0.000000,21.760848,2.055247,-18.065973,0.702705,0.702705,0.082589,-0.232085,-0.232085,-1.983526,0.232863,0.269021,50.056887,50.056887,450.058531,3,0.000000,true,
110.000000,3.050000,0.000000,336.552279,336.552279,336.552279,336.552279,1009.656836,0.000000,0.000000,21.749630,2.021137,-18.126012,0.691904,0.691904,0.080193,-0.243704,-0.243704,-1.986497,0.230383,0.266805,52.300876,52.300876,450.622285,3,0.000000,true,
110.000000,3.000000,0.000000,335.063632,335.063632,335.063632,335.063632,1005.190897,0.000000,0.000000,21.738676,1.987122,-18.185817,0.681073,0.681073,0.077853,-0.256310,-0.256310,-1.989448,0.227886,0.264574,54.735501,54.735501,451.197091,3,0.000000,true,
110.000000,2.950000,0.000000,333.591094,333.591094,333.591094,333.591094,1000.773281,0.000000,0.000000,21.728020,1.953238,-18.245368,0.670214,0.670214,0.075573,-0.270003,-0.270003,-1.992384,0.225376,0.262331,57.380427,57.380427,451.786173,3,0.000000,true,
110.000000,2.900000,0.000000,332.140722,332.140722,332.140722,332.140722,996.422167,0.000000,0.000000,21.717700,1.919528,-18.304644,0.659324,0.659324,0.073353,-0.284891,-0.284891,-1.995311,0.222854,0.260078,60.256615,60.256615,452.393279,3,0.000000,true,
110.000000,2.850000,0.000000,330.719659,330.719659,330.719659,330.719659,992.158978,0.000000,0.000000,21.707761,1.886043,-18.363621,0.648402,0.648402,0.071196,-0.301088,-0.301088,-1.998235,0.220326,0.257818,63.385873,63.385873,453.022723,3,0.000000,true,
110.000000,2.800000,0.000000,329.336190,329.336190,329.336190,329.336190,988.008571,0.000000,0.000000,21.698254,1.852838,-18.422270,0.637448,0.637448,0.069104,-0.318706,-0.318706,-2.001166,0.217794,0.255557,66.790135,66.790135,453.679419,3,0.000000,true,
110.000000,2.750000,0.000000,327.999732,327.999732,327.999732,327.999732,983.999197,0.000000,0.000000,21.689232,1.819977,-18.480563,0.626459,0.626459,0.067081,-0.337851,-0.337851,-2.004112,0.215264,0.253298,70.490371,70.490371,454.368868,3,0.000000,true,
110.000000,2.700000,0.000000,326.720708,326.720708,326.720708,326.720708,980.162125,0.000000,0.000000,21.680753,1.787526,-18.538467,0.615435,0.615435,0.065130,-0.358620,-0.358620,-2.007083,0.212741,0.251048,74.505123,74.505123,455.097087,3,0.000000,true,
110.000000,2.650000,0.000000,325.510265,325.510265,325.510265,325.510265,976.530796,0.000000,0.000000,21.672876,1.755558,-18.595950,0.604374,0.604374,0.063252,-0.381084,-0.381084,-2.010090,0.210232,0.248811,78.848682,78.848682,455.870449,3,0.000000,true,
110.000000,2.600000,0.000000,324.379809,324.379809,324.379809,324.379809,973.139427,0.000000,0.000000,21.665657,1.724143,-18.652984,0.593274,0.593274,0.061451,-0.405282,-0.405282,-2.013143,0.207742,0.246595,83.529080,83.529080,456.695431,3,0.000000,true,
110.000000,2.550000,0.000000,323.340362,323.340362,323.340362,323.340362,970.021087,0.000000,0.000000,21.659145,1.693346,-18.709540,0.582135,0.582135,0.059730,-0.431213,-0.431213,-2.016253,0.205276,0.244405,88.546163,88.546163,457.578266,3,0.000000,true,
110.000000,2.500000,0.000000,322.401800,322.401800,322.401800,322.401800,967.205400,0.000000,0.000000,21.653379,1.663223,-18.765601,0.570956,0.570956,0.058088,-0.458822,-0.458822,-2.019429,0.202841,0.242246,93.890175,93.890175,458.524527,3,0.000000,true,
110.000000,2.450000,0.000000,321.572071,321.572071,321.572071,321.572071,964.716214,0.000000,0.000000,21.648383,1.633816,-18.821154,0.559737,0.559737,0.056526,-0.488004,-0.488004,-2.022680,0.200440,0.240124,99.541243,99.541243,459.538706,3,0.000000,true,
110.000000,2.400000,0.000000,320.856551,320.856551,320.856551,320.856551,962.569652,0.000000,0.000000,21.644161,1.605146,-18.876203,0.548479,0.548479,0.055042,-0.518605,-0.518605,-2.026012,0.198075,0.238041,105.470047,105.470047,460.623862,3,0.000000,true,
110.000000,2.350000,0.000000,320.257649,320.257649,320.257649,320.257649,960.772948,0.000000,0.000000,21.640700,1.577217,-18.930759,0.537183,0.537183,0.053634,-0.550431,-0.550431,-2.029429,0.195748,0.235999,111.639662,111.639662,461.781418,3,0.000000,true,
110.000000,2.300000,0.000000,319.774755,319.774755,319.774755,319.774755,959.324265,0.000000,0.000000,21.637968,1.550009,-18.984847,0.525851,0.525851,0.052297,-0.583263,-0.583263,-2.032930,0.193457,0.233997,118.008233,118.008233,463.011125,3,0.000000,true,
110.000000,2.250000,0.000000,319.404488,319.404488,319.404488,319.404488,958.213465,0.000000,0.000000,21.635917,1.523482,-19.038504,0.514486,0.514486,0.051027,-0.616872,-0.616872,-2.036516,0.191201,0.232035,124.531975,124.531975,464.311211,3,0.000000,true,
110.000000,2.200000,0.000000,319.141186,319.141186,319.141186,319.141186,957.423558,0.000000,0.000000,21.634491,1.497582,-19.091772,0.503091,0.503091,0.049817,-0.651035,-0.651035,-2.040182,0.188975,0.230110,131.167945,131.167945,465.678656,3,0.000000,true,
110.000000,2.150000,0.000000,318.977492,318.977492,318.977492,318.977492,956.932477,0.000000,0.000000,21.633624,1.472241,-19.144703,0.491669,0.491669,0.048662,-0.685543,-0.685543,-2.043923,0.186774,0.228217,137.876200,137.876200,467.109522,3,0.000000,true,
110.000000,2.100000,0.000000,318.904951,318.904951,318.904951,318.904951,956.714854,0.000000,0.000000,21.633248,1.447386,-19.197349,0.480223,0.480223,0.047554,-0.720212,-0.720212,-2.047734,0.184592,0.226351,144.621194,144.621194,468.599299,3,0.000000,true,
110.000000,2.050000,0.000000,318.914520,318.914520,318.914520,318.914520,956.743559,0.000000,0.000000,21.633296,1.422935,-19.249766,0.468756,0.468756,0.046489,-0.754884,-0.754884,-2.051608,0.182423,0.224506,151.372446,151.372446,470.143198,3,0.000000,true,
110.000000,2.000000,0.000000,318.996966,318.996966,318.996966,318.996966,956.990897,0.000000,0.000000,21.633701,1.398805,-19.302010,0.457270,0.457270,0.045459,-0.789427,-0.789427,-2.055538,0.180260,0.222678,158.104629,158.104629,471.736388,3,0.000000,true,
110.000000,1.950000,0.000000,319.143153,319.143153,319.143153,319.143153,957.429458,0.000000,0.000000,21.634403,1.374915,-19.354134,0.445770,0.445770,0.044460,-0.823736,-0.823736,-2.059518,0.178095,0.220859,164.797286,164.797286,473.374172,3,0.000000,true,
110.000000,1.900000,0.000000,319.344218,319.344218,319.344218,319.344218,958.032653,0.000000,0.000000,21.635344,1.351182,-19.406192,0.434257,0.434257,0.043486,-0.857728,-0.857728,-2.063542,0.175923,0.219043,171.434312,171.434312,475.052097,3,0.000000,true,
110.000000,1.850000,0.000000,319.591670,319.591670,319.591670,319.591670,958.775010,0.000000,0.000000,21.636472,1.327527,-19.458233,0.422734,0.422734,0.042531,-0.891339,-0.891339,-2.067604,0.173736,0.217225,178.003364,178.003364,476.766023,3,0.000000,true,
110.000000,1.800000,0.000000,319.877430,319.877430,319.877430,319.877430,959.632291,0.000000,0.000000,21.637741,1.303876,-19.510305,0.411203,0.411203,0.041593,-0.924523,-0.924523,-2.071699,0.171526,0.215397,184.495256,184.495256,478.512155,3,0.000000,true,
110.000000,1.750000,0.000000,320.193831,320.193831,320.193831,320.193831,960.581492,0.000000,0.000000,21.639106,1.280153,-19.562453,0.399667,0.399667,0.040666,-0.957246,-0.957246,-2.075823,0.169288,0.213554,190.903402,190.903402,480.287052,3,0.000000,true,
110.000000,1.700000,0.000000,320.533588,320.533588,320.533588,320.533588,961.600764,0.000000,0.000000,21.640532,1.256291,-19.614719,0.388126,0.388126,0.039748,-0.989486,-0.989486,-2.079972,0.167016,0.211690,197.223324,197.223324,482.087619,3,0.000000,true,
110.000000,1.650000,0.000000,320.889763,320.889763,320.889763,320.889763,962.669289,0.000000,0.000000,21.641983,1.232225,-19.667142,0.376583,0.376583,0.038833,-1.021228,-1.021228,-2.084142,0.164701,0.209798,203.452233,203.452233,483.911092,3,0.000000,true,
110.000000,1.600000,0.000000,321.255710,321.255710,321.255710,321.255710,963.767131,0.000000,0.000000,21.643429,1.207892,-19.719757,0.365040,0.365040,0.037921,-1.052467,-1.052467,-2.088331,0.162339,0.207872,209.588680,209.588680,485.755010,3,0.000000,true,
110.000000,1.550000,0.000000,321.625021,321.625021,321.625021,321.625021,964.875063,0.000000,0.000000,21.644844,1.183235,-19.772597,0.353497,0.353497,0.037006,-1.083201,-1.083201,-2.092535,0.159924,0.205906,215.632266,215.632266,487.617198,3,0.000000,true,
110.000000,1.500000,0.000000,321.991466,321.991466,321.991466,321.991466,965.974398,0.000000,0.000000,21.646204,1.158199,-19.825694,0.341956,0.341956,0.036088,-1.113433,-1.113433,-2.096754,0.157449,0.203896,221.583411,221.583411,489.495733,3,0.000000,true,
110.000000,1.450000,0.000000,322.348933,322.348933,322.348933,322.348933,967.046798,0.000000,0.000000,21.647486,1.132734,-19.879073,0.330419,0.330419,0.035163,-1.143168,-1.143168,-2.100985,0.154909,0.201834,227.443162,227.443162,491.388926,3,0.000000,true,
110.000000,1.400000,0.000000,322.691361,322.691361,322.691361,322.691361,968.074084,0.000000,0.000000,21.648674,1.106794,-19.932761,0.318885,0.318885,0.034229,-1.172415,-1.172415,-2.105226,0.152299,0.199714,233.213047,233.213047,493.295292,3,0.000000,true,
110.000000,1.350000,0.000000,323.012677,323.012677,323.012677,323.012677,969.038032,0.000000,0.000000,21.649748,1.080332,-19.986779,0.307357,0.307357,0.033285,-1.201185,-1.201185,-2.109477,0.149612,0.197532,238.894947,238.894947,495.213533,3,0.000000,true,
110.000000,1.300000,0.000000,323.306719,323.306719,323.306719,323.306719,969.920156,0.000000,0.000000,21.650697,1.053309,-20.041148,0.295836,0.295836,0.032329,-1.229490,-1.229490,-2.113737,0.146843,0.195281,244.491005,244.491005,497.142512,3,0.000000,true,
110.000000,1.250000,0.000000,323.567155,323.567155,323.567155,323.567155,970.701464,0.000000,0.000000,21.651505,1.025686,-20.095885,0.284321,0.284321,0.031358,-1.257341,-1.257341,-2.118005,0.143987,0.192954,250.003546,250.003546,499.081239,3,0.000000,true,
110.000000,1.200000,0.000000,323.787397,323.787397,323.787397,323.787397,971.362192,0.000000,0.000000,21.652161,0.997426,-20.151006,0.272814,0.272814,0.030372,-1.284752,-1.284752,-2.122280,0.141037,0.190546,255.435015,255.435015,501.028852,3,0.000000,true,
110.000000,1.150000,0.000000,323.960500,323.960500,323.960500,323.960500,971.881500,0.000000,0.000000,21.652657,0.968495,-20.206526,0.261316,0.261316,0.029368,-1.311736,-1.311736,-2.126562,0.137990,0.188050,260.787934,260.787934,502.984603,3,0.000000,true,
110.000000,1.100000,0.000000,324.079038,324.079038,324.079038,324.079038,972.237113,0.000000,0.000000,21.652982,0.938860,-20.262455,0.249826,0.249826,0.028347,-1.338307,-1.338307,-2.130851,0.134838,0.185460,266.064857,266.064857,504.947842,3,0.000000,true,
110.000000,1.050000,0.000000,324.134967,324.134967,324.134967,324.134967,972.404901,0.000000,0.000000,21.653129,0.908490,-20.318805,0.238347,0.238347,0.027307,-1.364479,-1.364479,-2.135147,0.131575,0.182766,271.268345,271.268345,506.918007,3,0.000000,true,
110.000000,1.000000,0.000000,324.119458,324.119458,324.119458,324.119458,972.358373,0.000000,0.000000,21.653091,0.877355,-20.375585,0.226877,0.226877,0.026246,-1.390265,-1.390265,-2.139448,0.128195,0.179963,276.400940,276.400940,508.894612,3,0.000000,true,
110.000000,0.950000,0.000000,324.022684,324.022684,324.022684,324.022684,972.068052,0.000000,0.000000,21.652862,0.845424,-20.432801,0.215418,0.215418,0.025165,-1.415678,-1.415678,-2.143756,0.124692,0.177040,281.465153,281.465153,510.877240,3,0.000000,true,
110.000000,0.900000,0.000000,323.833566,323.833566,323.833566,323.833566,971.500697,0.000000,0.000000,21.652437,0.812667,-20.490460,0.203969,0.203969,0.024061,-1.440732,-1.440732,-2.148070,0.121057,0.173989,286.463441,286.463441,512.865531,3,0.000000,true,
110.000000,0.850000,0.000000,323.539441,323.539441,323.539441,323.539441,970.618324,0.000000,0.000000,21.651813,0.779054,-20.548567,0.192532,0.192532,0.022935,-1.465439,-1.465439,-2.152390,0.117284,0.170799,291.398207,291.398207,514.859177,3,0.000000,true,
110.000000,0.800000,0.000000,323.125641,323.125641,323.125641,323.125641,969.376924,0.000000,0.000000,21.650983,0.744554,-20.607126,0.181107,0.181107,0.021786,-1.489811,-1.489811,-2.156716,0.113362,0.167457,296.271785,296.271785,516.857914,3,0.000000,true,
110.000000,0.750000,0.000000,322.574935,322.574935,322.574935,322.574935,967.724804,0.000000,0.000000,21.649947,0.709134,-20.666139,0.169693,0.169693,0.020614,-1.513861,-1.513861,-2.161048,0.109283,0.163949,301.086440,301.086440,518.861517,3,0.000000,true,
110.000000,0.700000,0.000000,321.866782,321.866782,321.866782,321.866782,965.600345,0.000000,0.000000,21.648700,0.672758,-20.725609,0.158291,0.158291,0.019417,-1.537600,-1.537600,-2.165387,0.105035,0.160259,305.844361,305.844361,520.869797,3,0.000000,true,
110.000000,0.650000,0.000000,320.976319,320.976319,320.976319,320.976319,962.928956,0.000000,0.000000,21.647239,0.635387,-20.785537,0.146902,0.146902,0.018196,-1.561039,-1.561039,-2.169733,0.100606,0.156367,310.547662,310.547662,522.882590,3,0.000000,true,
110.000000,0.600000,0.000000,319.872934,319.872934,319.872934,319.872934,959.618801,0.000000,0.000000,21.645564,0.596977,-20.845923,0.135525,0.135525,0.016950,-1.584188,-1.584188,-2.174085,0.095980,0.152250,315.198379,315.198379,524.899761,3,0.000000,true,
110.000000,0.550000,0.000000,318.518231,318.518231,318.518231,318.518231,955.554694,0.000000,0.000000,21.643672,0.557478,-20.906766,0.124161,0.124161,0.015679,-1.607059,-1.607059,-2.178443,0.091141,0.147880,319.798471,319.798471,526.921194,3,0.000000,true,
110.000000,0.500000,0.000000,316.863021,316.863021,316.863021,316.863021,950.589064,0.000000,0.000000,21.641562,0.516832,-20.968067,0.112809,0.112809,0.014382,-1.629661,-1.629661,-2.182808,0.086068,0.143220,324.349818,324.349818,528.946795,3,0.000000,true,
110.000000,0.450000,0.000000,314.842725,314.842725,314.842725,314.842725,944.528175,0.000000,0.000000,21.639232,0.474969,-21.029824,0.101470,0.101470,0.013060,-1.652004,-1.652004,-2.187180,0.080735,0.138225,328.854226,328.854226,530.976481,3,0.000000,true,
110.000000,0.400000,0.000000,312.370062,312.370062,312.370062,312.370062,937.110186,0.000000,0.000000,21.636680,0.431804,-21.092034,0.090144,0.090144,0.011713,-1.674096,-1.674096,-2.191559,0.075110,0.132835,333.313425,333.313425,533.010186,3,0.000000,true,
110.000000,0.350000,0.000000,309.322839,309.322839,309.322839,309.322839,927.968516,0.000000,0.000000,21.633907,0.387230,-21.154695,0.078830,0.078830,0.010339,-1.695947,-1.695947,-2.195945,0.069152,0.126970,337.729072,337.729072,535.047855,3,0.000000,true,
110.000000,0.300000,0.000000,305.522255,305.522255,305.522255,305.522255,916.566766,0.000000,0.000000,21.630912,0.341107,-21.217805,0.067530,0.067530,0.008940,-1.717564,-1.717564,-2.200338,0.062806,0.120515,342.102751,342.102751,537.089441,3,0.000000,true,
110.000000,0.250000,0.000000,300.691268,300.691268,300.691268,300.691268,902.073804,0.000000,0.000000,21.627692,0.293250,-21.281361,0.056243,0.056243,0.007514,-1.738957,-1.738957,-2.204738,0.055996,0.113304,346.435979,346.435979,539.134905,3,0.000000,true,
110.000000,0.200000,0.000000,294.365890,294.365890,294.365890,294.365890,883.097669,0.000000,0.000000,21.624249,0.243392,-21.345360,0.044968,0.044968,0.006063,-1.760131,-1.760131,-2.209145,0.048608,0.105069,350.730201,350.730201,541.184213,4,0.000000,true,
110.000000,0.150000,0.000000,285.676442,285.676442,285.676442,285.676442,857.029326,0.000000,0.000000,21.620580,0.191131,-21.409798,0.033707,0.033707,0.004586,-1.781095,-1.781095,-2.213559,0.040462,0.095344,354.986799,354.986799,543.237337,4,0.000000,true,
110.000000,0.100000,0.000000,272.670590,272.670590,272.670590,272.670590,818.011770,0.000000,0.000000,21.616687,0.135777,-21.474670,0.022458,0.022458,0.003083,-1.801855,-1.801855,-2.217981,0.031225,0.083177,359.207089,359.207089,545.294253,4,0.000000,true,
110.000000,0.050000,0.000000,249.118718,249.118718,249.118718,249.118718,747.356155,0.000000,0.000000,21.612567,0.075869,-21.539975,0.011223,0.011223,0.001555,-1.822419,-1.822419,-2.222409,0.020116,0.065917,363.392324,363.392324,547.354937,4,0.000000,true,
110.000000,0.000000,0.000000,0.000000,0.000000,0.000000,0.000000,0.000000,0.000000,0.000000,21.608230,0.004779,-21.605567,0.000000,0.000000,0.000000,-1.842748,-1.842748,-2.226835,0.006923,0.006923,367.534909,367.534909,549.414977,10,0.000000,true,
115.000000,4.000000,0.000000,357.110261,357.110261,357.110261,357.110261,1071.330784,0.000000,0.000000,21.988227,2.961917,-16.787356,0.884143,0.884143,0.151715,-0.125289,-0.125289,-1.906819,0.294283,0.324905,29.376551,29.376551,437.430705,4,0.000000,true,
115.000000,3.950000,0.000000,355.708518,355.708518,355.708518,355.708518,1067.125555,0.000000,0.000000,21.974673,2.925205,-16.852100,0.873978,0.873978,0.148045,-0.129152,-0.129152,-1.910900,0.292154,0.322984,30.122580,30.122580,438.083156,3,0.000000,true,
115.000000,3.900000,0.000000,354.296252,354.296252,354.296252,354.296252,1062.888755,0.000000,0.000000,21.961190,2.888429,-16.916710,0.863782,0.863782,0.144437,-0.133230,-0.133230,-1.914917,0.290002,0.321044,30.909806,30.909806,438.727400,3,0.000000,true,
115.000000,3.850000,0.000000,352.873578,352.873578,352.873578,352.873578,1058.620734,0.000000,0.000000,21.947780,2.851591,-16.981184,0.853556,0.853556,0.140889,-0.137538,-0.137538,-1.918873,0.287826,0.319083,31.741576,31.741576,439.363845,3,0.000000,true,
115.000000,3.800000,0.000000,351.440661,351.440661,351.440661,351.440661,1054.321983,0.000000,0.000000,21.934447,2.814691,-17.045520,0.843299,0.843299,0.137401,-0.142097,-0.142097,-1.922768,0.285628,0.317103,32.621593,32.621593,439.992926,3,0.000000,true,
115.000000,3.750000,0.000000,349.997719,349.997719,349.997719,349.997719,1049.993156,0.000000,0.000000,21.921197,2.777732,-17.109716,0.833013,0.833013,0.133973,-0.146928,-0.146928,-1.926605,0.283405,0.315101,33.553960,33.553960,440.615113,3,0.000000,true,
115.000000,3.700000,0.000000,348.545039,348.545039,348.545039,348.545039,1045.635116,0.000000,0.000000,21.908035,2.740717,-17.173768,0.822698,0.822698,0.130604,-0.152054,-0.152054,-1.930384,0.281159,0.313078,34.543234,34.543234,441.230920,3,0.000000,true,
115.000000,3.650000,0.000000,347.082991,347.082991,347.082991,347.082991,1041.248972,0.000000,0.000000,21.894965,2.703649,-17.237675,0.812354,0.812354,0.127292,-0.157501,-0.157501,-1.934108,0.278888,0.311035,35.594481,35.594481,441.840909,3,0.000000,true,
115.000000,3.600000,0.000000,345.612046,345.612046,345.612046,345.612046,1036.836137,0.000000,0.000000,21.881994,2.666532,-17.301431,0.801981,0.801981,0.124039,-0.163299,-0.163299,-1.937778,0.276594,0.308970,36.713347,36.713347,442.445705,3,0.000000,true,
115.000000,3.550000,0.000000,344.132797,344.132797,344.132797,344.132797,1032.398392,0.000000,0.000000,21.869131,2.629373,-17.365032,0.791579,0.791579,0.120843,-0.169480,-0.169480,-1.941396,0.274275,0.306884,37.906127,37.906127,443.046001,3,0.000000,true,
115.000000,3.500000,0.000000,342.645987,342.645987,342.645987,342.645987,1027.937962,0.000000,0.000000,21.856382,2.592178,-17.428474,0.781148,0.781148,0.117704,-0.176081,-0.176081,-1.944963,0.271932,0.304776,39.179853,39.179853,443.642576,3,0.000000,true,
115.000000,3.450000,0.000000,341.152538,341.152538,341.152538,341.152538,1023.457615,0.000000,0.000000,21.843758,2.554956,-17.491750,0.770689,0.770689,0.114622,-0.183142,-0.183142,-1.948482,0.269565,0.302648,40.542388,40.542388,444.236310,3,0.000000,true,
115.000000,3.400000,0.000000,339.653591,339.653591,339.653591,339.653591,1018.960773,0.000000,0.000000,21.831270,2.517718,-17.554854,0.760202,0.760202,0.111597,-0.190710,-0.190710,-1.951954,0.267175,0.300498,42.002523,42.002523,444.828207,3,0.000000,true,
115.000000,3.350000,0.000000,338.150551,338.150551,338.150551,338.150551,1014.451652,0.000000,0.000000,21.818930,2.480475,-17.617778,0.749685,0.749685,0.108629,-0.198834,-0.198834,-1.955382,0.264761,0.298328,43.570093,43.570093,445.419413,3,0.000000,true,
115.000000,3.300000,0.000000,336.645141,336.645141,336.645141,336.645141,1009.935424,0.000000,0.000000,21.806754,2.443243,-17.680512,0.739140,0.739140,0.105719,-0.207572,-0.207572,-1.958769,0.262324,0.296138,45.256091,45.256091,446.011250,3,0.000000,true,
115.000000,3.250000,0.000000,335.139471,335.139471,335.139471,335.139471,1005.418414,0.000000,0.000000,21.794759,2.406040,-17.743047,0.728567,0.728567,0.102867,-0.216988,-0.216988,-1.962116,0.259866,0.293929,47.072784,47.072784,446.605249,3,0.000000,true,
115.000000,3.200000,0.000000,333.636109,333.636109,333.636109,333.636109,1000.908326,0.000000,0.000000,21.782966,2.368887,-17.805369,0.717963,0.717963,0.100074,-0.227151,-0.227151,-1.965428,0.257386,0.291702,49.033822,49.033822,447.203186,3,0.000000,true,
115.000000,3.150000,0.000000,332.138171,332.138171,332.138171,332.138171,996.414514,0.000000,0.000000,21.771397,2.331809,-17.867465,0.707330,0.707330,0.097341,-0.238140,-0.238140,-1.968707,0.254888,0.289458,51.154326,51.154326,447.807132,3,0.000000,true,
115.000000,3.100000,0.000000,330.649424,330.649424,330.649424,330.649424,991.948272,0.000000,0.000000,21.760080,2.294836,-17.929319,0.696666,0.696666,0.094669,-0.250042,-0.250042,-1.971958,0.252372,0.287200,53.450929,53.450929,448.419503,3,0.000000,true,
115.000000,3.050000,0.000000,329.174387,329.174387,329.174387,329.174387,987.523162,0.000000,0.000000,21.749046,2.258003,-17.990910,0.685970,0.685970,0.092060,-0.262949,-0.262949,-1.975185,0.249840,0.284928,55.941757,55.941757,449.043112,3,0.000000,true,
115.000000,3.000000,0.000000,327.718448,327.718448,327.718448,327.718448,983.155344,0.000000,0.000000,21.738333,2.221349,-18.052219,0.675242,0.675242,0.089516,-0.276962,-0.276962,-1.978393,0.247296,0.282646,58.646281,58.646281,449.681233,3,0.000000,true,
115.000000,2.950000,0.000000,326.287962,326.287962,326.287962,326.287962,978.863885,0.000000,0.000000,21.727980,2.184922,-18.113220,0.664480,0.664480,0.087040,-0.292187,-0.292187,-1.981589,0.244742,0.280356,61.585021,61.585021,450.337646,3,0.000000,true,
115.000000,2.900000,0.000000,324.890328,324.890328,324.890328,324.890328,974.670983,0.000000,0.000000,21.718036,2.148775,-18.173886,0.653683,0.653683,0.084633,-0.308732,-0.308732,-1.984780,0.242182,0.278064,64.779001,64.779001,451.016682,3,0.000000,true,
115.000000,2.850000,0.000000,323.534015,323.534015,323.534015,323.534015,970.602044,0.000000,0.000000,21.708550,2.112965,-18.234187,0.642850,0.642850,0.082300,-0.326704,-0.326704,-1.987972,0.239620,0.275772,68.248924,68.248924,451.723230,3,0.000000,true,
115.000000,2.800000,0.000000,322.228501,322.228501,322.228501,322.228501,966.685504,0.000000,0.000000,21.699578,2.077558,-18.294092,0.631978,0.631978,0.080044,-0.346200,-0.346200,-1.991175,0.237062,0.273485,72.013987,72.013987,452.462706,3,0.000000,true,
115.000000,2.750000,0.000000,320.984089,320.984089,320.984089,320.984089,962.952267,0.000000,0.000000,21.691177,2.042619,-18.353569,0.621067,0.621067,0.077867,-0.367304,-0.367304,-1.994397,0.234511,0.271210,76.090349,76.090349,453.240955,3,0.000000,true,
115.000000,2.700000,0.000000,319.811562,319.811562,319.811562,319.811562,959.434687,0.000000,0.000000,21.683404,2.008218,-18.412585,0.610114,0.610114,0.075773,-0.390072,-0.390072,-1.997650,0.231974,0.268951,80.489311,80.489311,454.064068,3,0.000000,true,
115.000000,2.650000,0.000000,318.721672,318.721672,318.721672,318.721672,956.165017,0.000000,0.000000,21.676312,1.974419,-18.471113,0.599118,0.599118,0.073764,-0.414525,-0.414525,-2.000942,0.229456,0.266714,85.215422,85.215422,454.938109,3,0.000000,true,
115.000000,2.600000,0.000000,317.724473,317.724473,317.724473,317.724473,953.173419,0.000000,0.000000,21.669943,1.941277,-18.529131,0.588078,0.588078,0.071843,-0.440641,-0.440641,-2.004283,0.226962,0.264505,90.264804,90.264804,455.868763,3,0.000000,true,
115.000000,2.550000,0.000000,316.828579,316.828579,316.828579,316.828579,950.485738,0.000000,0.000000,21.664330,1.908835,-18.586625,0.576995,0.576995,0.070010,-0.468349,-0.468349,-2.007682,0.224494,0.262327,95.624107,95.624107,456.860945,3,0.000000,true,
115.000000,2.500000,0.000000,316.040464,316.040464,316.040464,316.040464,948.121393,0.000000,0.000000,21.659489,1.877120,-18.643594,0.565868,0.565868,0.068263,-0.497526,-0.497526,-2.011147,0.222057,0.260185,101.270432,101.270432,457.918420,3,0.000000,true,
115.000000,2.450000,0.000000,315.363929,315.363929,315.363929,315.363929,946.091787,0.000000,0.000000,21.655414,1.846133,-18.700049,0.554699,0.554699,0.066602,-0.528008,-0.528008,-2.014681,0.219652,0.258079,107.172395,107.172395,459.043525,3,0.000000,true,
115.000000,2.400000,0.000000,314.799850,314.799850,314.799850,314.799850,944.399551,0.000000,0.000000,21.652086,1.815858,-18.756014,0.543490,0.543490,0.065020,-0.559596,-0.559596,-2.018290,0.217276,0.256010,113.292202,113.292202,460.237031,3,0.000000,true,
115.000000,2.350000,0.000000,314.346243,314.346243,314.346243,314.346243,943.038729,0.000000,0.000000,21.649464,1.786255,-18.811526,0.532243,0.532243,0.063515,-0.592074,-0.592074,-2.021972,0.214930,0.253976,119.588368,119.588368,461.498178,3,0.000000,true,
115.000000,2.300000,0.000000,313.998600,313.998600,313.998600,313.998600,941.995800,0.000000,0.000000,21.647497,1.757266,-18.866630,0.520961,0.520961,0.062079,-0.625220,-0.625220,-2.025727,0.212607,0.251974,126.018545,126.018545,462.824859,3,0.000000,true,
115.000000,2.250000,0.000000,313.750413,313.750413,313.750413,313.750413,941.251239,0.000000,0.000000,21.646123,1.728820,-18.921382,0.509648,0.509648,0.060705,-0.658821,-0.658821,-2.029552,0.210304,0.250000,132.542005,132.542005,464.213901,3,0.000000,true,
115.000000,2.200000,0.000000,313.593758,313.593758,313.593758,313.593758,940.781275,0.000000,0.000000,21.645274,1.700838,-18.975840,0.498307,0.498307,0.059386,-0.692684,-0.692684,-2.033443,0.208015,0.248049,139.121470,139.121470,465.661389,3,0.000000,true,
115.000000,2.150000,0.000000,313.519857,313.519857,313.519857,313.519857,940.559570,0.000000,0.000000,21.644882,1.673232,-19.030064,0.486942,0.486942,0.058116,-0.726638,-0.726638,-2.037394,0.205733,0.246115,145.724218,145.724218,467.162972,3,0.000000,true,
115.000000,2.100000,0.000000,313.519546,313.519546,313.519546,313.519546,940.558637,0.000000,0.000000,21.644880,1.645916,-19.084115,0.475557,0.475557,0.056886,-0.760540,-0.760540,-2.041400,0.203451,0.244191,152.322533,152.322533,468.714131,3,0.000000,true,
115.000000,2.050000,0.000000,313.583635,313.583635,313.583635,313.583635,940.750905,0.000000,0.000000,21.645203,1.618802,-19.138052,0.464155,0.464155,0.055691,-0.794271,-0.794271,-2.045457,0.201163,0.242272,158.893656,158.893656,470.310374,3,0.000000,true,
115.000000,2.000000,0.000000,313.703155,313.703155,313.703155,313.703155,941.109465,0.000000,0.000000,21.645791,1.591806,-19.191931,0.452738,0.452738,0.054524,-0.827738,-0.827738,-2.049558,0.198861,0.240351,165.419420,165.419420,471.947386,3,0.000000,true,
115.000000,1.950000,0.000000,313.869507,313.869507,313.869507,313.869507,941.608521,0.000000,0.000000,21.646590,1.564847,-19.245807,0.441310,0.441310,0.053380,-0.860867,-0.860867,-2.053698,0.196539,0.238422,171.885719,171.885719,473.621116,3,0.000000,true,
115.000000,1.900000,0.000000,314.074541,314.074541,314.074541,314.074541,942.223623,0.000000,0.000000,21.647549,1.537849,-19.299728,0.429873,0.429873,0.052253,-0.893605,-0.893605,-2.057874,0.194191,0.236479,178.281914,178.281914,475.327828,3,0.000000,true,
115.000000,1.850000,0.000000,314.310578,314.310578,314.310578,314.310578,942.931735,0.000000,0.000000,21.648626,1.510740,-19.353740,0.418430,0.418430,0.051139,-0.925912,-0.925912,-2.062080,0.191809,0.234515,184.600252,184.600252,477.064118,3,0.000000,true,
115.000000,1.800000,0.000000,314.570401,314.570401,314.570401,314.570401,943.711202,0.000000,0.000000,21.649779,1.483454,-19.407886,0.406983,0.406983,0.050034,-0.957760,-0.957760,-2.066314,0.189388,0.232525,190.835335,190.835335,478.826919,3,0.000000,true,
115.000000,1.750000,0.000000,314.847215,314.847215,314.847215,314.847215,944.541645,0.000000,0.000000,21.650974,1.455928,-19.462204,0.395533,0.395533,0.048934,-0.989132,-0.989132,-2.070573,0.186922,0.230504,196.983657,196.983657,480.613484,3,0.000000,true,
115.000000,1.700000,0.000000,315.134603,315.134603,315.134603,315.134603,945.403808,0.000000,0.000000,21.652180,1.428105,-19.516730,0.384083,0.384083,0.047835,-1.020018,-1.020018,-2.074852,0.184406,0.228445,203.043212,203.043212,482.421367,3,0.000000,true,
115.000000,1.650000,0.000000,315.426465,315.426465,315.426465,315.426465,946.279395,0.000000,0.000000,21.653369,1.399931,-19.571495,0.372633,0.372633,0.046734,-1.050415,-1.050415,-2.079151,0.181833,0.226344,209.013171,209.013171,484.248401,3,0.000000,true,
115.000000,1.600000,0.000000,315.716960,315.716960,315.716960,315.716960,947.150880,0.000000,0.000000,21.654517,1.371358,-19.626529,0.361185,0.361185,0.045629,-1.080323,-1.080323,-2.083466,0.179198,0.224195,214.893613,214.893613,486.092667,3,0.000000,true,
115.000000,1.550000,0.000000,316.000441,316.000441,316.000441,316.000441,948.001323,0.000000,0.000000,21.655603,1.342339,-19.681858,0.349742,0.349742,0.044517,-1.109748,-1.109748,-2.087797,0.176497,0.221993,220.685317,220.685317,487.952473,3,0.000000,true,
115.000000,1.500000,0.000000,316.271393,316.271393,316.271393,316.271393,948.814179,0.000000,0.000000,21.656609,1.312831,-19.737505,0.338302,0.338302,0.043396,-1.138696,-1.138696,-2.092142,0.173724,0.219733,226.389587,226.389587,489.826332,3,0.000000,true,
115.000000,1.450000,0.000000,316.524366,316.524366,316.524366,316.524366,949.573097,0.000000,0.000000,21.657517,1.282796,-19.793491,0.326869,0.326869,0.042263,-1.167177,-1.167177,-2.096499,0.170874,0.217410,232.008119,232.008119,491.712932,3,0.000000,true,
115.000000,1.400000,0.000000,316.753908,316.753908,316.753908,316.753908,950.261723,0.000000,0.000000,21.658313,1.252197,-19.849836,0.315441,0.315441,0.041117,-1.195202,-1.195202,-2.100868,0.167942,0.215019,237.542890,237.542890,493.611123,3,0.000000,true,
115.000000,1.350000,0.000000,316.954495,316.954495,316.954495,316.954495,950.863485,0.000000,0.000000,21.658984,1.220999,-19.906555,0.304022,0.304022,0.039956,-1.222782,-1.222782,-2.105248,0.164923,0.212554,242.996078,242.996078,495.519897,3,0.000000,true,
115.000000,1.300000,0.000000,317.120457,317.120457,317.120457,317.120457,951.361371,0.000000,0.000000,21.659519,1.189171,-19.963665,0.292610,0.292610,0.038780,-1.249930,-1.249930,-2.109638,0.161813,0.210010,248.369994,248.369994,497.438366,3,0.000000,true,
115.000000,1.250000,0.000000,317.245893,317.245893,317.245893,317.245893,951.737680,0.000000,0.000000,21.659909,1.156682,-20.021177,0.281207,0.281207,0.037585,-1.276659,-1.276659,-2.114037,0.158605,0.207381,253.667027,253.667027,499.365756,3,0.000000,true,
115.000000,1.200000,0.000000,317.324584,317.324584,317.324584,317.324584,951.973751,0.000000,0.000000,21.660144,1.123504,-20.079103,0.269814,0.269814,0.036372,-1.302982,-1.302982,-2.118446,0.155295,0.204663,258.889609,258.889609,501.301385,3,0.000000,true,
115.000000,1.150000,0.000000,317.349882,317.349882,317.349882,317.349882,952.049646,0.000000,0.000000,21.660216,1.089608,-20.137454,0.258431,0.258431,0.035139,-1.328912,-1.328912,-2.122864,0.151877,0.201847,264.040180,264.040180,503.244659,3,0.000000,true,
115.000000,1.100000,0.000000,317.314596,317.314596,317.314596,317.314596,951.943788,0.000000,0.000000,21.660120,1.054970,-20.196237,0.247058,0.247058,0.033885,-1.354461,-1.354461,-2.127290,0.148345,0.198929,269.121167,269.121167,505.195057,3,0.000000,true,
115.000000,1.050000,0.000000,317.210843,317.210843,317.210843,317.210843,951.632529,0.000000,0.000000,21.659850,1.019563,-20.255460,0.235696,0.235696,0.032609,-1.379643,-1.379643,-2.131724,0.144694,0.195900,274.134964,274.134964,507.152122,3,0.000000,true,
115.000000,1.000000,0.000000,317.029875,317.029875,317.029875,317.029875,951.089625,0.000000,0.000000,21.659400,0.983361,-20.315129,0.224345,0.224345,0.031310,-1.404469,-1.404469,-2.136167,0.140916,0.192754,279.083921,279.083921,509.115457,3,0.000000,true,
115.000000,0.950000,0.000000,316.761864,316.761864,316.761864,316.761864,950.285593,0.000000,0.000000,21.658765,0.946340,-20.375248,0.213006,0.213006,0.029989,-1.428953,-1.428953,-2.140618,0.137006,0.189481,283.970330,283.970330,511.084713,3,0.000000,true,
115.000000,0.900000,0.000000,316.395636,316.395636,316.395636,316.395636,949.186908,0.000000,0.000000,21.657942,0.908472,-20.435822,0.201678,0.201678,0.028643,-1.453105,-1.453105,-2.145077,0.132955,0.186072,288.796423,288.796423,513.059587,3,0.000000,true,
115.000000,0.850000,0.000000,315.918326,315.918326,315.918326,315.918326,947.754979,0.000000,0.000000,21.656927,0.869732,-20.496853,0.190363,0.190363,0.027273,-1.476938,-1.476938,-2.149544,0.128755,0.182515,293.564363,293.564363,515.039813,3,0.000000,true,
115.000000,0.800000,0.000000,315.314943,315.314943,315.314943,315.314943,945.944828,0.000000,0.000000,21.655718,0.830090,-20.558345,0.179061,0.179061,0.025879,-1.500463,-1.500463,-2.154019,0.124396,0.178800,298.276243,298.276243,517.025159,3,0.000000,true,
115.000000,0.750000,0.000000,314.567783,314.567783,314.567783,314.567783,943.703350,0.000000,0.000000,21.654311,0.789516,-20.620297,0.167771,0.167771,0.024459,-1.523689,-1.523689,-2.158503,0.119869,0.174910,302.934084,302.934084,519.015425,3,0.000000,true,
115.000000,0.700000,0.000000,313.655663,313.655663,313.655663,313.655663,940.966988,0.000000,0.000000,21.652704,0.747978,-20.682711,0.156493,0.156493,0.023014,-1.546628,-1.546628,-2.162994,0.115162,0.170830,307.539834,307.539834,521.010434,3,0.000000,true,
115.000000,0.650000,0.000000,312.552847,312.552847,312.552847,312.552847,937.658540,0.000000,0.000000,21.650895,0.705437,-20.745587,0.145229,0.145229,0.021542,-1.569290,-1.569290,-2.167493,0.110262,0.166540,312.095368,312.095368,523.010034,3,0.000000,true,
115.000000,0.600000,0.000000,311.227571,311.227571,311.227571,311.227571,933.682713,0.000000,0.000000,21.648883,0.661853,-20.808924,0.133978,0.133978,0.020045,-1.591683,-1.591683,-2.172001,0.105151,0.162015,316.602491,316.602491,525.014091,3,0.000000,true,
115.000000,0.550000,0.000000,309.639910,309.639910,309.639910,309.639910,928.919731,0.000000,0.000000,21.646665,0.617176,-20.872720,0.122740,0.122740,0.018521,-1.613818,-1.613818,-2.176517,0.099813,0.157225,321.062936,321.062936,527.022489,3,0.000000,true,
115.000000,0.500000,0.000000,307.738636,307.738636,307.738636,307.738636,923.215908,0.000000,0.000000,21.644240,0.571349,-20.936975,0.111515,0.111515,0.016971,-1.635702,-1.635702,-2.181041,0.094225,0.152135,325.478365,325.478365,529.035129,3,0.000000,true,
115.000000,0.450000,0.000000,305.456410,305.456410,305.456410,305.456410,916.369229,0.000000,0.000000,21.641608,0.524306,-21.001686,0.100303,0.100303,0.015394,-1.657344,-1.657344,-2.185573,0.088359,0.146695,329.850376,329.850376,531.051920,3,0.000000,true,
115.000000,0.400000,0.000000,302.702145,302.702145,302.702145,302.702145,908.106436,0.000000,0.000000,21.638766,0.475960,-21.066851,0.089105,0.089105,0.013790,-1.678753,-1.678753,-2.190113,0.082181,0.140844,334.180500,334.180500,533.072789,3,0.000000,true,
115.000000,0.350000,0.000000,299.348238,299.348238,299.348238,299.348238,898.044713,0.000000,0.000000,21.635713,0.426206,-21.132466,0.077920,0.077920,0.012160,-1.699935,-1.699935,-2.194661,0.075647,0.134499,338.470205,338.470205,535.097667,3,0.000000,true,
115.000000,0.300000,0.000000,295.207889,295.207889,295.207889,295.207889,885.623666,0.000000,0.000000,21.632449,0.374908,-21.198528,0.066749,0.066749,0.010503,-1.720900,-1.720900,-2.199218,0.068698,0.127539,342.720897,342.720897,537.126496,3,0.000000,true,
115.000000,0.250000,0.000000,289.991575,289.991575,289.991575,289.991575,869.974725,0.000000,0.000000,21.628973,0.321878,-21.265034,0.055591,0.055591,0.008819,-1.741653,-1.741653,-2.203783,0.061252,0.119791,346.933924,346.933924,539.159226,3,0.000000,true,
115.000000,0.200000,0.000000,283.214320,283.214320,283.214320,283.214320,849.642961,0.000000,0.000000,21.625283,0.266854,-21.331978,0.044446,0.044446,0.007108,-1.762201,-1.762201,-2.208356,0.053189,0.110974,351.110578,351.110578,541.195811,4,0.000000,true,
115.000000,0.150000,0.000000,273.967004,273.967004,273.967004,273.967004,821.901013,0.000000,0.000000,21.621378,0.209433,-21.399359,0.033315,0.033315,0.005371,-1.782551,-1.782551,-2.212937,0.044315,0.100602,355.252093,355.252093,543.236211,4,0.000000,true,
115.000000,0.100000,0.000000,260.208632,260.208632,260.208632,260.208632,780.625897,0.000000,0.000000,21.617258,0.148927,-21.467169,0.022196,0.022196,0.003607,-1.802709,-1.802709,-2.217527,0.034276,0.087674,359.359652,359.359652,545.280389,4,0.000000,true,
115.000000,0.050000,0.000000,235.426550,235.426550,235.426550,235.426550,706.279649,0.000000,0.000000,21.612922,0.083877,-21.535406,0.011092,0.011092,0.001817,-1.822681,-1.822681,-2.222124,0.022252,0.069411,363.434379,363.434379,547.328310,4,0.000000,true,
115.000000,0.000000,0.000000,-0.000000,-0.000000,-0.000000,-0.000000,-0.000000,0.000000,0.000000,21.608388,0.007904,-21.603782,-0.000000,-0.000000,-0.000000,-1.842393,-1.842393,-2.226711,0.009140,0.009140,367.460882,367.460882,549.371543,10,0.000000,true,
120.000000,4.000000,0.000000,349.135409,349.135409,349.135409,349.135409,1047.406228,0.000000,0.000000,21.989724,3.285646,-16.594529,0.875653,0.875653,0.168695,-0.133307,-0.133307,-1.890812,0.315559,0.344663,30.865288,30.865288,434.980400,4,0.000000,true,
120.000000,3.950000,0.000000,347.720542,347.720542,347.720542,347.720542,1043.161625,0.000000,0.000000,21.976044,3.245765,-16.661160,0.865608,0.865608,0.164784,-0.137508,-0.137508,-1.895095,0.313400,0.342702,31.675503,31.675503,435.667197,3,0.000000,true,
120.000000,3.900000,0.000000,346.295474,346.295474,346.295474,346.295474,1038.886422,0.000000,0.000000,21.962438,3.205823,-16.727655,0.855532,0.855532,0.160935,-0.141948,-0.141948,-1.899318,0.311217,0.340721,32.531810,32.531810,436.346473,3,0.000000,true,
120.000000,3.850000,0.000000,344.860437,344.860437,344.860437,344.860437,1034.581310,0.000000,0.000000,21.948911,3.165822,-16.794012,0.845426,0.845426,0.157147,-0.146648,-0.146648,-1.903481,0.309011,0.338719,33.438058,33.438058,437.018647,3,0.000000,true,
120.000000,3.800000,0.000000,343.415725,343.415725,343.415725,343.415725,1030.247174,0.000000,0.000000,21.935469,3.125765,-16.860228,0.835290,0.835290,0.153419,-0.151629,-0.151629,-1.907586,0.306780,0.336696,34.398511,34.398511,437.684176,3,0.000000,true,
120.000000,3.750000,0.000000,341.961711,341.961711,341.961711,341.961711,1025.885133,0.000000,0.000000,21.922117,3.085656,-16.926299,0.825124,0.825124,0.149752,-0.156917,-0.156917,-1.911634,0.304526,0.334651,35.417902,35.417902,438.343566,3,0.000000,true,
120.000000,3.700000,0.000000,340.498862,340.498862,340.498862,340.498862,1021.496585,0.000000,0.000000,21.908863,3.045502,-16.992220,0.814928,0.814928,0.146144,-0.162537,-0.162537,-1.915627,0.302247,0.332586,36.501494,36.501494,438.997373,3,0.000000,true,
120.000000,3.650000,0.000000,339.027757,339.027757,339.027757,339.027757,1017.083271,0.000000,0.000000,21.895712,3.005306,-17.057988,0.804702,0.804702,0.142595,-0.168522,-0.168522,-1.919566,0.299944,0.330499,37.655146,37.655146,439.646220,3,0.000000,true,
120.000000,3.600000,0.000000,337.549113,337.549113,337.549113,337.549113,1012.647338,0.000000,0.000000,21.882673,2.965078,-17.123597,0.794447,0.794447,0.139106,-0.174904,-0.174904,-1.923453,0.297617,0.328390,38.885388,38.885388,440.290806,3,0.000000,true,
120.000000,3.550000,0.000000,336.063808,336.063808,336.063808,336.063808,1008.191425,0.000000,0.000000,21.869757,2.924825,-17.189040,0.784162,0.784162,0.135677,-0.181721,-0.181721,-1.927288,0.295265,0.326260,40.199505,40.199505,440.931922,3,0.000000,true,
120.000000,3.500000,0.000000,334.572921,334.572921,334.572921,334.572921,1003.718762,0.000000,0.000000,21.856973,2.884558,-17.254311,0.773847,0.773847,0.132306,-0.189016,-0.189016,-1.931076,0.292889,0.324109,41.605630,41.605630,441.570465,3,0.000000,true,
120.000000,3.450000,0.000000,333.077764,333.077764,333.077764,333.077764,999.233291,0.000000,0.000000,21.844335,2.844290,-17.319401,0.763502,0.763502,0.128996,-0.196835,-0.196835,-1.934816,0.290490,0.321938,43.112843,43.112843,442.207463,3,0.000000,true,
120.000000,3.400000,0.000000,331.579936,331.579936,331.579936,331.579936,994.739808,0.000000,0.000000,21.831856,2.804034,-17.384301,0.753127,0.753127,0.125746,-0.205232,-0.205232,-1.938511,0.288067,0.319746,44.731278,44.731278,442.844097,3,0.000000,true,
120.000000,3.350000,0.000000,330.081377,330.081377,330.081377,330.081377,990.244132,0.000000,0.000000,21.819553,2.763808,-17.449001,0.742722,0.742722,0.122556,-0.214264,-0.214264,-1.942164,0.285622,0.317535,46.472228,46.472228,443.481732,3,0.000000,true,
120.000000,3.300000,0.000000,328.584434,328.584434,328.584434,328.584434,985.753302,0.000000,0.000000,21.807446,2.723632,-17.513489,0.732286,0.732286,0.119428,-0.223997,-0.223997,-1.945777,0.283155,0.315305,48.348247,48.348247,444.121949,3,0.000000,true,
120.000000,3.250000,0.000000,327.091936,327.091936,327.091936,327.091936,981.275809,0.000000,0.000000,21.795556,2.683530,-17.577749,0.721818,0.721818,0.116363,-0.234502,-0.234502,-1.949353,0.280667,0.313058,50.373239,50.373239,444.766589,3,0.000000,true,
120.000000,3.200000,0.000000,325.607283,325.607283,325.607283,325.607283,976.821850,0.000000,0.000000,21.783909,2.643530,-17.641766,0.711319,0.711319,0.113363,-0.245859,-0.245859,-1.952895,0.278161,0.310795,52.562508,52.562508,445.417792,3,0.000000,true,
120.000000,3.150000,0.000000,324.134539,324.134539,324.134539,324.134539,972.403616,0.000000,0.000000,21.772534,2.603664,-17.705522,0.700786,0.700786,0.110428,-0.258154,-0.258154,-1.956408,0.275637,0.308517,54.932765,54.932765,446.078052,3,0.000000,true,
120.000000,3.100000,0.000000,322.678529,322.678529,322.678529,322.678529,968.035586,0.000000,0.000000,21.761466,2.563970,-17.768996,0.690219,0.690219,0.107562,-0.271481,-0.271481,-1.959896,0.273097,0.306228,57.502028,57.502028,446.750265,3,0.000000,true,
120.000000,3.050000,0.000000,321.244936,321.244936,321.244936,321.244936,963.734808,0.000000,0.000000,21.750742,2.524491,-17.832162,0.679617,0.679617,0.104767,-0.285937,-0.285937,-1.963364,0.270546,0.303930,60.289412,60.289412,447.437781,3,0.000000,true,
120.000000,3.000000,0.000000,319.840378,319.840378,319.840378,319.840378,959.521133,0.000000,0.000000,21.740407,2.485276,-17.894996,0.668978,0.668978,0.102045,-0.301625,-0.301625,-1.966818,0.267985,0.301626,63.314708,63.314708,448.144443,3,0.000000,true,
120.000000,2.950000,0.000000,318.472444,318.472444,318.472444,318.472444,955.417333,0.000000,0.000000,21.730507,2.446379,-17.957468,0.658300,0.658300,0.099399,-0.318648,-0.318648,-1.970264,0.265418,0.299319,66.597736,66.597736,448.874610,3,0.000000,true,
120.000000,2.900000,0.000000,317.149675,317.149675,317.149675,317.149675,951.449024,0.000000,0.000000,21.721095,2.407858,-18.019547,0.647583,0.647583,0.096834,-0.337101,-0.337101,-1.973710,0.262849,0.297015,70.157382,70.157382,449.633146,3,0.000000,true,
120.000000,2.850000,0.000000,315.881434,315.881434,315.881434,315.881434,947.644303,0.000000,0.000000,21.712225,2.369778,-18.081200,0.636824,0.636824,0.094353,-0.357071,-0.357071,-1.977164,0.260283,0.294717,74.010318,74.010318,450.425355,3,0.000000,true,
120.000000,2.800000,0.000000,314.677661,314.677661,314.677661,314.677661,944.032983,0.000000,0.000000,21.703952,2.332202,-18.142397,0.626021,0.626021,0.091959,-0.378621,-0.378621,-1.980635,0.257723,0.292430,78.169426,78.169426,451.256856,3,0.000000,true,
120.000000,2.750000,0.000000,313.548459,313.548459,313.548459,313.548459,940.645378,0.000000,0.000000,21.696329,2.295190,-18.203108,0.615173,0.615173,0.089655,-0.401790,-0.401790,-1.984132,0.255176,0.290160,82.642047,82.642047,452.133367,3,0.000000,true,
120.000000,2.700000,0.000000,312.503549,312.503549,312.503549,312.503549,937.510648,0.000000,0.000000,21.689402,2.258799,-18.263309,0.604279,0.604279,0.087443,-0.426574,-0.426574,-1.987663,0.252644,0.287912,87.428303,87.428303,453.060419,3,0.000000,true,
120.000000,2.650000,0.000000,311.551606,311.551606,311.551606,311.551606,934.654817,0.000000,0.000000,21.683206,2.223070,-18.322987,0.593337,0.593337,0.085325,-0.452929,-0.452929,-1.991239,0.250132,0.285688,92.519812,92.519812,454.043012,3,0.000000,true,
120.000000,2.600000,0.000000,310.699584,310.699584,310.699584,310.699584,932.098752,0.000000,0.000000,21.677765,2.188030,-18.382135,0.582350,0.582350,0.083301,-0.480761,-0.480761,-1.994865,0.247642,0.283493,97.899146,97.899146,455.085252,3,0.000000,true,
120.000000,2.550000,0.000000,309.952146,309.952146,309.952146,309.952146,929.856437,0.000000,0.000000,21.673082,2.153686,-18.440763,0.571316,0.571316,0.081368,-0.509932,-0.509932,-1.998549,0.245175,0.281328,103.540281,103.540281,456.190052,3,0.000000,true,
120.000000,2.500000,0.000000,309.311290,309.311290,309.311290,309.311290,927.933869,0.000000,0.000000,21.669145,2.120022,-18.498893,0.560238,0.560238,0.079524,-0.540269,-0.540269,-2.002294,0.242731,0.279193,109.410066,109.410066,457.358928,3,0.000000,true,
120.000000,2.450000,0.000000,308.776267,308.776267,308.776267,308.776267,926.328802,0.000000,0.000000,21.665923,2.087003,-18.556560,0.549119,0.549119,0.077763,-0.571571,-0.571571,-2.006104,0.240308,0.277087,115.470487,115.470487,458.591950,3,0.000000,true,
120.000000,2.400000,0.000000,308.343775,308.343775,308.343775,308.343775,925.031325,0.000000,0.000000,21.663371,2.054571,-18.613810,0.537961,0.537961,0.076078,-0.603627,-0.603627,-2.009978,0.237902,0.275008,121.681296,121.681296,459.887840,3,0.000000,true,
120.000000,2.350000,0.000000,308.008362,308.008362,308.008362,308.008362,924.025085,0.000000,0.000000,21.661432,2.022656,-18.670699,0.526768,0.526768,0.074463,-0.636230,-0.636230,-2.013915,0.235510,0.272951,128.002545,128.002545,461.244184,3,0.000000,true,
120.000000,2.300000,0.000000,307.762959,307.762959,307.762959,307.762959,923.288877,0.000000,0.000000,21.660043,1.991178,-18.727288,0.515545,0.515545,0.072910,-0.669183,-0.669183,-2.017912,0.233124,0.270911,134.396663,134.396663,462.657716,3,0.000000,true,
120.000000,2.250000,0.000000,307.599428,307.599428,307.599428,307.599428,922.798283,0.000000,0.000000,21.659137,1.960047,-18.783641,0.504294,0.504294,0.071411,-0.702310,-0.702310,-2.021967,0.230740,0.268883,140.829875,140.829875,464.124609,3,0.000000,true,
120.000000,2.200000,0.000000,307.509056,307.509056,307.509056,307.509056,922.527167,0.000000,0.000000,21.658647,1.929174,-18.839822,0.493021,0.493021,0.069959,-0.735458,-0.735458,-2.026075,0.228351,0.266860,147.272970,147.272970,465.640744,3,0.000000,true,
120.000000,2.150000,0.000000,307.482955,307.482955,307.482955,307.482955,922.448864,0.000000,0.000000,21.658509,1.898469,-18.895893,0.481727,0.481727,0.068545,-0.768502,-0.768502,-2.030232,0.225950,0.264837,153.701518,153.701518,467.201929,3,0.000000,true,
120.000000,2.100000,0.000000,307.512356,307.512356,307.512356,307.512356,922.537068,0.000000,0.000000,21.658660,1.867848,-18.951913,0.470418,0.470418,0.067163,-0.801337,-0.801337,-2.034432,0.223530,0.262806,160.095684,160.095684,468.804063,3,0.000000,true,
120.000000,2.050000,0.000000,307.588803,307.588803,307.588803,307.588803,922.766409,0.000000,0.000000,21.659046,1.837227,-19.007940,0.459097,0.459097,0.065807,-0.833884,-0.833884,-2.038673,0.221085,0.260763,166.439818,166.439818,470.443247,3,0.000000,true,
120.000000,2.000000,0.000000,307.704264,307.704264,307.704264,307.704264,923.112793,0.000000,0.000000,21.659614,1.806530,-19.064025,0.447765,0.447765,0.064470,-0.866081,-0.866081,-2.042949,0.218608,0.258701,172.721911,172.721911,472.115850,3,0.000000,true,
120.000000,1.950000,0.000000,307.851183,307.851183,307.851183,307.851183,923.553550,0.000000,0.000000,21.660320,1.775686,-19.120216,0.436426,0.436426,0.063148,-0.897881,-0.897881,-2.047258,0.216094,0.256614,178.933038,178.933038,473.818542,3,0.000000,true,
120.000000,1.900000,0.000000,308.022485,308.022485,308.022485,308.022485,924.067454,0.000000,0.000000,21.661122,1.744629,-19.176555,0.425082,0.425082,0.061836,-0.929251,-0.929251,-2.051596,0.213537,0.254497,185.066820,185.066820,475.548306,3,0.000000,true,
120.000000,1.850000,0.000000,308.211551,308.211551,308.211551,308.211551,924.634653,0.000000,0.000000,21.661984,1.713299,-19.233082,0.413735,0.413735,0.060530,-0.960172,-0.960172,-2.055961,0.210932,0.252344,191.118942,191.118942,477.302429,3,0.000000,true,
120.000000,1.800000,0.000000,308.412182,308.412182,308.412182,308.412182,925.236546,0.000000,0.000000,21.662874,1.681641,-19.289833,0.402388,0.402388,0.059225,-0.990628,-0.990628,-2.060348,0.208272,0.250151,197.086739,197.086739,479.078489,3,0.000000,true,
120.000000,1.750000,0.000000,308.618541,308.618541,308.618541,308.618541,925.855624,0.000000,0.000000,21.663765,1.649604,-19.346839,0.391041,0.391041,0.057919,-1.020614,-1.020614,-2.064757,0.205553,0.247912,202.968843,202.968843,480.874331,3,0.000000,true,
120.000000,1.700000,0.000000,308.825099,308.825099,308.825099,308.825099,926.475298,0.000000,0.000000,21.664632,1.617142,-19.404129,0.379696,0.379696,0.056608,-1.050128,-1.050128,-2.069185,0.202770,0.245624,208.764895,208.764895,482.688046,3,0.000000,true,
120.000000,1.650000,0.000000,309.026573,309.026573,309.026573,309.026573,927.079720,0.000000,0.000000,21.665453,1.584212,-19.461728,0.368355,0.368355,0.055290,-1.079174,-1.079174,-2.073631,0.199918,0.243280,214.475316,214.475316,484.517945,3,0.000000,true,
120.000000,1.600000,0.000000,309.217866,309.217866,309.217866,309.217866,927.653599,0.000000,0.000000,21.666209,1.550775,-19.519659,0.357019,0.357019,0.053962,-1.107756,-1.107756,-2.078093,0.196992,0.240877,220.101113,220.101113,486.362538,3,0.000000,true,
120.000000,1.550000,0.000000,309.394006,309.394006,309.394006,309.394006,928.182017,0.000000,0.000000,21.666884,1.516795,-19.577942,0.345689,0.345689,0.052623,-1.135883,-1.135883,-2.082571,0.193989,0.238409,225.643733,225.643733,488.220510,3,0.000000,true,
120.000000,1.500000,0.000000,309.550080,309.550080,309.550080,309.550080,928.650241,0.000000,0.000000,21.667463,1.482240,-19.636597,0.334365,0.334365,0.051270,-1.163565,-1.163565,-2.087062,0.190902,0.235874,231.104942,231.104942,490.090701,3,0.000000,true,
120.000000,1.450000,0.000000,309.681180,309.681180,309.681180,309.681180,929.043541,0.000000,0.000000,21.667934,1.447078,-19.695637,0.323049,0.323049,0.049902,-1.190813,-1.190813,-2.091566,0.187727,0.233264,236.486735,236.486735,491.972090,3,0.000000,true,
120.000000,1.400000,0.000000,309.782329,309.782329,309.782329,309.782329,929.346988,0.000000,0.000000,21.668285,1.411281,-19.755078,0.311742,0.311742,0.048517,-1.217637,-1.217637,-2.096082,0.184460,0.230577,241.791261,241.791261,493.863777,3,0.000000,true,
120.000000,1.350000,0.000000,309.848419,309.848419,309.848419,309.848419,929.545256,0.000000,0.000000,21.668506,1.374822,-19.814931,0.300443,0.300443,0.047114,-1.244051,-1.244051,-2.100611,0.181097,0.227808,247.020766,247.020766,495.764968,3,0.000000,true,
120.000000,1.300000,0.000000,309.874133,309.874133,309.874133,309.874133,929.622398,0.000000,0.000000,21.668590,1.337677,-19.875208,0.289154,0.289154,0.045691,-1.270066,-1.270066,-2.105150,0.177631,0.224950,252.177550,252.177550,497.674963,3,0.000000,true,
120.000000,1.250000,0.000000,309.853867,309.853867,309.853867,309.853867,929.561600,0.000000,0.000000,21.668527,1.299821,-19.935917,0.277876,0.277876,0.044248,-1.295695,-1.295695,-2.109701,0.174059,0.222000,257.263933,257.263933,499.593146,3,0.000000,true,
120.000000,1.200000,0.000000,309.781639,309.781639,309.781639,309.781639,929.344916,0.000000,0.000000,21.668313,1.261231,-19.997067,0.266608,0.266608,0.042784,-1.320951,-1.320951,-2.114262,0.170374,0.218951,262.282230,262.282230,501.518973,3,0.000000,true,
120.000000,1.150000,0.000000,309.650981,309.650981,309.650981,309.650981,928.952943,0.000000,0.000000,21.667940,1.221886,-20.058664,0.255352,0.255352,0.041297,-1.345845,-1.345845,-2.118833,0.166572,0.215797,267.234729,267.234729,503.451964,3,0.000000,true,
120.000000,1.100000,0.000000,309.454820,309.454820,309.454820,309.454820,928.364459,0.000000,0.000000,21.667404,1.181764,-20.120713,0.244106,0.244106,0.039787,-1.370390,-1.370390,-2.123414,0.162647,0.212532,272.123680,272.123680,505.391694,3,0.000000,true,
120.000000,1.050000,0.000000,309.185325,309.185325,309.185325,309.185325,927.555976,0.000000,0.000000,21.666700,1.140844,-20.183220,0.232873,0.232873,0.038253,-1.394597,-1.394597,-2.128005,0.158591,0.209150,276.951283,276.951283,507.337790,3,0.000000,true,
120.000000,1.000000,0.000000,308.833736,308.833736,308.833736,308.833736,926.501208,0.000000,0.000000,21.665824,1.099104,-20.246187,0.221652,0.221652,0.036695,-1.418478,-1.418478,-2.132606,0.154400,0.205642,281.719680,281.719680,509.289920,3,0.000000,true,
120.000000,0.950000,0.000000,308.390134,308.390134,308.390134,308.390134,925.170403,0.000000,0.000000,21.664773,1.056523,-20.309618,0.210444,0.210444,0.035112,-1.442043,-1.442043,-2.137216,0.150065,0.201999,286.430949,286.430949,511.247793,3,0.000000,true,
120.000000,0.900000,0.000000,307.843172,307.843172,307.843172,307.843172,923.529516,0.000000,0.000000,21.663543,1.013078,-20.373514,0.199248,0.199248,0.033504,-1.465303,-1.465303,-2.141836,0.145579,0.198213,291.087105,291.087105,513.211149,3,0.000000,true,
120.000000,0.850000,0.000000,307.179714,307.179714,307.179714,307.179714,921.539143,0.000000,0.000000,21.662133,0.968746,-20.437876,0.188065,0.188065,0.031870,-1.488270,-1.488270,-2.146465,0.140933,0.194272,295.690092,295.690092,515.179760,3,0.000000,true,
120.000000,0.800000,0.000000,306.384385,306.384385,306.384385,306.384385,919.153155,0.000000,0.000000,21.660538,0.923501,-20.502705,0.176895,0.176895,0.030210,-1.510952,-1.510952,-2.151104,0.136118,0.190164,300.241787,300.241787,517.153425,3,0.000000,true,
120.000000,0.750000,0.000000,305.438960,305.438960,305.438960,305.438960,916.316881,0.000000,0.000000,21.658757,0.877316,-20.567999,0.165738,0.165738,0.028524,-1.533359,-1.533359,-2.155751,0.131121,0.185874,304.743999,304.743999,519.131963,3,0.000000,true,
120.000000,0.700000,0.000000,304.321564,304.321564,304.321564,304.321564,912.964691,0.000000,0.000000,21.656789,0.830160,-20.633759,0.154595,0.154595,0.026811,-1.555501,-1.555501,-2.160408,0.125932,0.181385,309.198469,309.198469,521.115215,3,0.000000,true,
120.000000,0.650000,0.000000,303.005556,303.005556,303.005556,303.005556,909.016669,0.000000,0.000000,21.654630,0.782000,-20.699983,0.143464,0.143464,0.025071,-1.577386,-1.577386,-2.165075,0.120536,0.176676,313.606872,313.606872,523.103042,3,0.000000,true,
120.000000,0.600000,0.000000,301.457992,301.457992,301.457992,301.457992,904.373975,0.000000,0.000000,21.652280,0.732794,-20.766667,0.132348,0.132348,0.023305,-1.599023,-1.599023,-2.169750,0.114915,0.171723,317.970817,317.970817,525.095319,3,0.000000,true,
120.000000,0.550000,0.000000,299.637393,299.637393,299.637393,299.637393,898.912180,0.000000,0.000000,21.649736,0.682499,-20.833810,0.121244,0.121244,0.021511,-1.620420,-1.620420,-2.174434,0.109051,0.166495,322.291852,322.291852,527.091935,3,0.000000,true,
120.000000,0.500000,0.000000,297.490476,297.490476,297.490476,297.490476,892.471429,0.000000,0.000000,21.646998,0.631059,-20.901409,0.110155,0.110155,0.019690,-1.641585,-1.641585,-2.179128,0.102919,0.160954,326.571463,326.571463,529.092791,3,0.000000,true,
120.000000,0.450000,0.000000,294.947136,294.947136,294.947136,294.947136,884.841409,0.000000,0.000000,21.644064,0.578408,-20.969460,0.099079,0.099079,0.017842,-1.662525,-1.662525,-2.183831,0.096492,0.155051,330.811078,330.811078,531.097801,3,0.000000,true,
120.000000,0.400000,0.000000,291.912475,291.912475,291.912475,291.912475,875.737424,0.000000,0.000000,21.640932,0.524465,-21.037958,0.088016,0.088016,0.015967,-1.683249,-1.683249,-2.188542,0.089731,0.148722,335.012067,335.012067,533.106886,3,0.000000,true,
120.000000,0.350000,0.000000,288.253476,288.253476,288.253476,288.253476,864.760429,0.000000,0.000000,21.637602,0.469127,-21.106900,0.076967,0.076967,0.014065,-1.703762,-1.703762,-2.193263,0.082591,0.141880,339.175746,339.175746,535.119978,3,0.000000,true,
120.000000,0.300000,0.000000,283.775350,283.775350,283.775350,283.775350,851.326050,0.000000,0.000000,21.634071,0.412257,-21.176280,0.065932,0.065932,0.012136,-1.724071,-1.724071,-2.197992,0.075009,0.134401,343.303380,343.303380,537.137015,3,0.000000,true,
120.000000,0.250000,0.000000,278.176103,278.176103,278.176103,278.176103,834.528309,0.000000,0.000000,21.630339,0.353675,-21.246093,0.054910,0.054910,0.010180,-1.744183,-1.744183,-2.202730,0.066898,0.126104,347.396181,347.396181,539.157943,3,0.000000,true,
120.000000,0.200000,0.000000,270.949785,270.949785,270.949785,270.949785,812.849355,0.000000,0.000000,21.626404,0.293118,-21.316333,0.043901,0.043901,0.008197,-1.764104,-1.764104,-2.207477,0.058130,0.116698,351.455316,351.455316,541.182710,4,0.000000,true,
120.000000,0.150000,0.000000,261.147854,261.147854,261.147854,261.147854,783.443562,0.000000,0.000000,21.622265,0.230186,-21.386995,0.032906,0.032906,0.006188,-1.783840,-1.783840,-2.212233,0.048501,0.105676,355.481901,355.481901,543.211273,4,0.000000,true,
120.000000,0.100000,0.000000,246.640695,246.640695,246.640695,246.640695,739.922084,0.000000,0.000000,21.617920,0.164195,-21.458073,0.021924,0.021924,0.004151,-1.803397,-1.803397,-2.216997,0.037639,0.091994,359.477008,359.477008,545.243588,4,0.000000,true,
120.000000,0.050000,0.000000,220.632796,220.632796,220.632796,220.632796,661.898389,0.000000,0.000000,21.613368,0.093690,-21.529558,0.010956,0.010956,0.002089,-1.822779,-1.822779,-2.221769,0.024698,0.072752,363.441639,363.441639,547.279606,4,0.000000,true,
120.000000,0.000000,0.000000,-0.000000,-0.000000,-0.000000,-0.000000,-0.000001,0.000000,0.000000,21.608645,0.012747,-21.600894,-0.000000,-0.000000,-0.000000,-1.841846,-1.841846,-2.226513,0.011924,0.011924,367.346787,367.346787,549.303672,8,0.000000,true,
125.000000,4.000000,0.000000,340.519843,340.519843,340.519843,340.519843,1021.559529,0.000000,0.000000,21.993554,3.638400,-16.375478,0.867056,0.867056,0.185889,-0.142375,-0.142375,-1.874928,0.337305,0.364658,32.549125,32.549125,432.556939,4,0.000000,true,
125.000000,3.950000,0.000000,339.091701,339.091701,339.091701,339.091701,1017.275104,0.000000,0.000000,21.979745,3.595542,-16.443956,0.857116,0.857116,0.181768,-0.146981,-0.146981,-1.879375,0.335149,0.362687,33.436225,33.436225,433.272909,3,0.000000,true,
125.000000,3.900000,0.000000,337.654019,337.654019,337.654019,337.654019,1012.962058,0.000000,0.000000,21.966019,3.552620,-16.512300,0.847146,0.847146,0.177709,-0.151858,-0.151858,-1.883765,0.332970,0.360695,34.375405,34.375405,433.982244,3,0.000000,true,
125.000000,3.850000,0.000000,336.207169,336.207169,336.207169,336.207169,1008.621506,0.000000,0.000000,21.952381,3.509640,-16.580506,0.837145,0.837145,0.173710,-0.157028,-0.157028,-1.888099,0.330766,0.358682,35.371129,35.371129,434.685398,3,0.000000,true,
125.000000,3.800000,0.000000,334.751609,334.751609,334.751609,334.751609,1004.254828,0.000000,0.000000,21.938838,3.466605,-16.648570,0.827114,0.827114,0.169771,-0.162519,-0.162519,-1.892378,0.328538,0.356646,36.428349,36.428349,435.382876,3,0.000000,true,
125.000000,3.750000,0.000000,333.287908,333.287908,333.287908,333.287908,999.863723,0.000000,0.000000,21.925398,3.423523,-16.716487,0.817053,0.817053,0.165893,-0.168357,-0.168357,-1.896603,0.326286,0.354590,37.552567,37.552567,436.075240,3,0.000000,true,
125.000000,3.700000,0.000000,331.816754,331.816754,331.816754,331.816754,995.450262,0.000000,0.000000,21.912067,3.380400,-16.784251,0.806962,0.806962,0.162075,-0.174576,-0.174576,-1.900775,0.324009,0.352511,38.749902,38.749902,436.763124,3,0.000000,true,
125.000000,3.650000,0.000000,330.338991,330.338991,330.338991,330.338991,991.016972,0.000000,0.000000,21.898857,3.337245,-16.851856,0.796841,0.796841,0.158318,-0.181210,-0.181210,-1.904896,0.321707,0.350411,40.027169,40.027169,437.447243,3,0.000000,true,
125.000000,3.600000,0.000000,328.855639,328.855639,328.855639,328.855639,986.566916,0.000000,0.000000,21.885777,3.294067,-16.919295,0.786689,0.786689,0.154621,-0.188298,-0.188298,-1.908967,0.319381,0.348290,41.391956,41.391956,438.128413,3,0.000000,true,
125.000000,3.550000,0.000000,327.367934,327.367934,327.367934,327.367934,982.103803,0.000000,0.000000,21.872840,3.250879,-16.986560,0.776507,0.776507,0.150986,-0.195886,-0.195886,-1.912990,0.317031,0.346147,42.852716,42.852716,438.807565,3,0.000000,true,
125.000000,3.500000,0.000000,325.877370,325.877370,325.877370,325.877370,977.632110,0.000000,0.000000,21.860059,3.207694,-17.053642,0.766294,0.766294,0.147412,-0.204021,-0.204021,-1.916968,0.314657,0.343984,44.418867,44.418867,439.485769,3,0.000000,true,
125.000000,3.450000,0.000000,324.385744,324.385744,324.385744,324.385744,973.157233,0.000000,0.000000,21.847450,3.164528,-17.120531,0.756050,0.756050,0.143900,-0.212757,-0.212757,-1.920901,0.312260,0.341801,46.100878,46.100878,440.164259,3,0.000000,true,
125.000000,3.400000,0.000000,322.895218,322.895218,322.895218,322.895218,968.685653,0.000000,0.000000,21.835032,3.121400,-17.187213,0.745774,0.745774,0.140452,-0.222156,-0.222156,-1.924792,0.309840,0.339598,47.910373,47.910373,440.844463,3,0.000000,true,
125.000000,3.350000,0.000000,321.408380,321.408380,321.408380,321.408380,964.225140,0.000000,0.000000,21.822825,3.078332,-17.253677,0.735466,0.735466,0.137069,-0.232284,-0.232284,-1.928644,0.307398,0.337376,49.860203,49.860203,441.528040,3,0.000000,true,
125.000000,3.300000,0.000000,319.928324,319.928324,319.928324,319.928324,959.784973,0.000000,0.000000,21.810854,3.035350,-17.319906,0.725124,0.725124,0.133751,-0.243213,-0.243213,-1.932459,0.304935,0.335138,51.964505,51.964505,442.216914,3,0.000000,true,
125.000000,3.250000,0.000000,318.458730,318.458730,318.458730,318.458730,955.376189,0.000000,0.000000,21.799147,2.992484,-17.385883,0.714749,0.714749,0.130502,-0.255024,-0.255024,-1.936242,0.302453,0.332883,54.238711,54.238711,442.913325,3,0.000000,true,
125.000000,3.200000,0.000000,317.003945,317.003945,317.003945,317.003945,951.011836,0.000000,0.000000,21.787734,2.949767,-17.451586,0.704339,0.704339,0.127323,-0.267803,-0.267803,-1.939995,0.299953,0.330615,56.699483,56.699483,443.619869,3,0.000000,true,
125.000000,3.150000,0.000000,315.569078,315.569078,315.569078,315.569078,946.707233,0.000000,0.000000,21.776652,2.907239,-17.516995,0.693892,0.693892,0.124216,-0.281642,-0.281642,-1.943724,0.297438,0.328335,59.364544,59.364544,444.339545,3,0.000000,true,
125.000000,3.100000,0.000000,314.160058,314.160058,314.160058,314.160058,942.480173,0.000000,0.000000,21.765941,2.864945,-17.582082,0.683408,0.683408,0.121185,-0.296635,-0.296635,-1.947433,0.294909,0.326046,62.252349,62.252349,445.075797,3,0.000000,true,
125.000000,3.050000,0.000000,312.783687,312.783687,312.783687,312.783687,938.351061,0.000000,0.000000,21.755645,2.822932,-17.646821,0.672884,0.672884,0.118233,-0.312880,-0.312880,-1.951128,0.292371,0.323751,65.381555,65.381555,445.832533,3,0.000000,true,
125.000000,3.000000,0.000000,311.447629,311.447629,311.447629,311.447629,934.342888,0.000000,0.000000,21.745814,2.781256,-17.711183,0.662319,0.662319,0.115363,-0.330468,-0.330468,-1.954815,0.289825,0.321453,68.770227,68.770227,446.614134,3,0.000000,true,
125.000000,2.950000,0.000000,310.160325,310.160325,310.160325,310.160325,930.480976,0.000000,0.000000,21.736497,2.739972,-17.775135,0.651710,0.651710,0.112579,-0.349485,-0.349485,-1.958502,0.287276,0.319157,72.434768,72.434768,447.425403,3,0.000000,true,
125.000000,2.900000,0.000000,308.930803,308.930803,308.930803,308.930803,926.792409,0.000000,0.000000,21.727749,2.699140,-17.838649,0.641057,0.641057,0.109885,-0.369997,-0.369997,-1.962197,0.284727,0.316867,76.388561,76.388561,448.271478,3,0.000000,true,
125.000000,2.850000,0.000000,307.768356,307.768356,307.768356,307.768356,923.305069,0.000000,0.000000,21.719618,2.658816,-17.901696,0.630358,0.630358,0.107284,-0.392050,-0.392050,-1.965907,0.282182,0.314586,80.640417,80.640417,449.157665,3,0.000000,true,
125.000000,2.800000,0.000000,306.682092,306.682092,306.682092,306.682092,920.046275,0.000000,0.000000,21.712153,2.619050,-17.964252,0.619610,0.619610,0.104779,-0.415654,-0.415654,-1.969641,0.279645,0.312319,85.193001,85.193001,450.089205,3,0.000000,true,
125.000000,2.750000,0.000000,305.680365,305.680365,305.680365,305.680365,917.041096,0.000000,0.000000,21.705390,2.579884,-18.026301,0.608814,0.608814,0.102371,-0.440783,-0.440783,-1.973407,0.277118,0.310069,90.041498,90.041498,451.070974,3,0.000000,true,
125.000000,2.700000,0.000000,304.770174,304.770174,304.770174,304.770174,914.310522,0.000000,0.000000,21.699356,2.541345,-18.087836,0.597969,0.597969,0.100061,-0.467366,-0.467366,-1.977213,0.274605,0.307839,95.172822,95.172822,452.107171,3,0.000000,true,
125.000000,2.650000,0.000000,303.956593,303.956593,303.956593,303.956593,911.869779,0.000000,0.000000,21.694061,2.503440,-18.148865,0.587076,0.587076,0.097848,-0.495290,-0.495290,-1.981066,0.272105,0.305631,100.565657,100.565657,453.201010,3,0.000000,true,
125.000000,2.600000,0.000000,303.242364,303.242364,303.242364,303.242364,909.727092,0.000000,0.000000,21.689499,2.466158,-18.209406,0.576136,0.576136,0.095727,-0.524403,-0.524403,-1.984969,0.269619,0.303445,106.191406,106.191406,454.354499,3,0.000000,true,
125.000000,2.550000,0.000000,302.627712,302.627712,302.627712,302.627712,907.883135,0.000000,0.000000,21.685648,2.429466,-18.269493,0.565152,0.565152,0.093696,-0.554527,-0.554527,-1.988928,0.267145,0.301280,112.015987,112.015987,455.568331,3,0.000000,true,
125.000000,2.500000,0.000000,302.110414,302.110414,302.110414,302.110414,906.331242,0.000000,0.000000,21.682470,2.393313,-18.329170,0.554126,0.554126,0.091747,-0.585466,-0.585466,-1.992943,0.264680,0.299134,118.002121,118.002121,456.841917,3,0.000000,true,
125.000000,2.450000,0.000000,301.686096,301.686096,301.686096,301.686096,905.058288,0.000000,0.000000,21.679915,2.357631,-18.388491,0.543063,0.543063,0.089874,-0.617020,-0.617020,-1.997014,0.262221,0.297003,124.111742,124.111742,458.173527,3,0.000000,true,
125.000000,2.400000,0.000000,301.348673,301.348673,301.348673,301.348673,904.046020,0.000000,0.000000,21.677923,2.322342,-18.447517,0.531966,0.531966,0.088068,-0.648997,-0.648997,-2.001142,0.259761,0.294883,130.308124,130.308124,459.560525,3,0.000000,true,
125.000000,2.350000,0.000000,301.090849,301.090849,301.090849,301.090849,903.272548,0.000000,0.000000,21.676433,2.287359,-18.506312,0.520839,0.520839,0.086322,-0.681221,-0.681221,-2.005322,0.257296,0.292767,136.557487,136.557487,460.999629,3,0.000000,true,
125.000000,2.300000,0.000000,300.904600,300.904600,300.904600,300.904600,902.713801,0.000000,0.000000,21.675379,2.252594,-18.564943,0.509687,0.509687,0.084626,-0.713536,-0.713536,-2.009552,0.254820,0.290652,142.830007,142.830007,462.487165,3,0.000000,true,
125.000000,2.250000,0.000000,300.781584,300.781584,300.781584,300.781584,902.344752,0.000000,0.000000,21.674698,2.217958,-18.623474,0.498513,0.498513,0.082974,-0.745810,-0.745810,-2.013829,0.252325,0.288529,149.100258,149.100258,464.019296,3,0.000000,true,
125.000000,2.200000,0.000000,300.713459,300.713459,300.713459,300.713459,902.140378,0.000000,0.000000,21.674328,2.183365,-18.681965,0.487321,0.487321,0.081357,-0.777933,-0.777933,-2.018150,0.249807,0.286395,155.347229,155.347229,465.592190,3,0.000000,true,
125.000000,2.150000,0.000000,300.692110,300.692110,300.692110,300.692110,902.076330,0.000000,0.000000,21.674215,2.148735,-18.740475,0.476116,0.476116,0.079769,-0.809818,-0.809818,-2.022510,0.247259,0.284243,161.554046,161.554046,467.202149,3,0.000000,true,
125.000000,2.100000,0.000000,300.709784,300.709784,300.709784,300.709784,902.129353,0.000000,0.000000,21.674306,2.113990,-18.799057,0.464899,0.464899,0.078203,-0.841397,-0.841397,-2.026906,0.244675,0.282067,167.707525,167.707525,468.845688,3,0.000000,true,
125.000000,2.050000,0.000000,300.759171,300.759171,300.759171,300.759171,902.277514,0.000000,0.000000,21.674555,2.079062,-18.857759,0.453673,0.453673,0.076654,-0.872619,-0.872619,-2.031335,0.242048,0.279863,173.797667,173.797667,470.519583,3,0.000000,true,
125.000000,2.000000,0.000000,300.833425,300.833425,300.833425,300.833425,902.500275,0.000000,0.000000,21.674921,2.043884,-18.916628,0.442442,0.442442,0.075115,-0.903445,-0.903445,-2.035795,0.239375,0.277623,179.817136,179.817136,472.220892,3,0.000000,true,
125.000000,1.950000,0.000000,300.926157,300.926157,300.926157,300.926157,902.778471,0.000000,0.000000,21.675366,2.008399,-18.975701,0.431208,0.431208,0.073584,-0.933850,-0.933850,-2.040281,0.236650,0.275345,185.760791,185.760791,473.946952,3,0.000000,true,
125.000000,1.900000,0.000000,301.031405,301.031405,301.031405,301.031405,903.094215,0.000000,0.000000,21.675859,1.972552,-19.035015,0.419972,0.419972,0.072056,-0.963816,-0.963816,-2.044793,0.233867,0.273023,191.625255,191.625255,475.695377,3,0.000000,true,
125.000000,1.850000,0.000000,301.143591,301.143591,301.143591,301.143591,903.430773,0.000000,0.000000,21.676370,1.936296,-19.094602,0.408737,0.408737,0.070526,-0.993334,-0.993334,-2.049328,0.231022,0.270652,197.408560,197.408560,477.464034,3,0.000000,true,
125.000000,1.800000,0.000000,301.257468,301.257468,301.257468,301.257468,903.772404,0.000000,0.000000,21.676876,1.899585,-19.154491,0.397504,0.397504,0.068993,-1.022401,-1.022401,-2.053883,0.228109,0.268229,203.109840,203.109840,479.251028,3,0.000000,true,
125.000000,1.750000,0.000000,301.368066,301.368066,301.368066,301.368066,904.104198,0.000000,0.000000,21.677353,1.862380,-19.214707,0.386274,0.386274,0.067452,-1.051016,-1.051016,-2.058458,0.225126,0.265748,208.729086,208.729086,481.054676,3,0.000000,true,
125.000000,1.700000,0.000000,301.470636,301.470636,301.470636,301.470636,904.411909,0.000000,0.000000,21.677784,1.824643,-19.275272,0.375049,0.375049,0.065902,-1.079183,-1.079183,-2.063051,0.222066,0.263205,214.266941,214.266941,482.873491,3,0.000000,true,
125.000000,1.650000,0.000000,301.560594,301.560594,301.560594,301.560594,904.681783,0.000000,0.000000,21.678151,1.786343,-19.336206,0.363830,0.363830,0.064340,-1.106910,-1.106910,-2.067661,0.218926,0.260597,219.724544,219.724544,484.706153,3,0.000000,true,
125.000000,1.600000,0.000000,301.633464,301.633464,301.633464,301.633464,904.900392,0.000000,0.000000,21.678439,1.747447,-19.397527,0.352618,0.352618,0.062765,-1.134203,-1.134203,-2.072286,0.215702,0.257919,225.103398,225.103398,486.551498,3,0.000000,true,
125.000000,1.550000,0.000000,301.684821,301.684821,301.684821,301.684821,905.054464,0.000000,0.000000,21.678636,1.707928,-19.459251,0.341413,0.341413,0.061174,-1.161074,-1.161074,-2.076927,0.212388,0.255167,230.405270,230.405270,488.408495,3,0.000000,true,
125.000000,1.500000,0.000000,301.710239,301.710239,301.710239,301.710239,905.130716,0.000000,0.000000,21.678730,1.667761,-19.521390,0.330217,0.330217,0.059565,-1.187532,-1.187532,-2.081581,0.208980,0.252337,235.632111,235.632111,490.276233,3,0.000000,true,
125.000000,1.450000,0.000000,301.705225,301.705225,301.705225,301.705225,905.115676,0.000000,0.000000,21.678713,1.626921,-19.583957,0.319031,0.319031,0.057939,-1.213589,-1.213589,-2.086249,0.205475,0.249424,240.785993,240.785993,492.153906,3,0.000000,true,
125.000000,1.400000,0.000000,301.665169,301.665169,301.665169,301.665169,904.995506,0.000000,0.000000,21.678574,1.585385,-19.646961,0.307854,0.307854,0.056292,-1.239256,-1.239256,-2.090930,0.201867,0.246425,245.869062,245.869062,494.040800,3,0.000000,true,
125.000000,1.350000,0.000000,301.585267,301.585267,301.585267,301.585267,904.755800,0.000000,0.000000,21.678307,1.543133,-19.710412,0.296687,0.296687,0.054625,-1.264546,-1.264546,-2.095624,0.198152,0.243334,250.883501,250.883501,495.936282,3,0.000000,true,
125.000000,1.300000,0.000000,301.460459,301.460459,301.460459,301.460459,904.381378,0.000000,0.000000,21.677906,1.500146,-19.774316,0.285532,0.285532,0.052936,-1.289469,-1.289469,-2.100329,0.194324,0.240146,255.831501,255.831501,497.839793,3,0.000000,true,
125.000000,1.250000,0.000000,301.285347,301.285347,301.285347,301.285347,903.856041,0.000000,0.000000,21.677363,1.456403,-19.838681,0.274388,0.274388,0.051224,-1.314037,-1.314037,-2.105046,0.190379,0.236857,260.715238,260.715238,499.750833,3,0.000000,true,
125.000000,1.200000,0.000000,301.054102,301.054102,301.054102,301.054102,903.162305,0.000000,0.000000,21.676675,1.411888,-19.903510,0.263255,0.263255,0.049489,-1.338262,-1.338262,-2.109774,0.186312,0.233461,265.536860,265.536860,501.668963,3,0.000000,true,
125.000000,1.150000,0.000000,300.760359,300.760359,300.760359,300.760359,902.281078,0.000000,0.000000,21.675836,1.366582,-19.968809,0.252135,0.252135,0.047730,-1.362156,-1.362156,-2.114514,0.182117,0.229952,270.298472,270.298472,503.593787,3,0.000000,true,
125.000000,1.100000,0.000000,300.397097,300.397097,300.397097,300.397097,901.191292,0.000000,0.000000,21.674842,1.320469,-20.034579,0.241027,0.241027,0.045946,-1.385729,-1.385729,-2.119264,0.177787,0.226324,275.002129,275.002129,505.524959,3,0.000000,true,
125.000000,1.050000,0.000000,299.956482,299.956482,299.956482,299.956482,899.869446,0.000000,0.000000,21.673691,1.273530,-20.100823,0.229931,0.229931,0.044137,-1.408991,-1.408991,-2.124026,0.173316,0.222569,279.649831,279.649831,507.462165,3,0.000000,true,
125.000000,1.000000,0.000000,299.429686,299.429686,299.429686,299.429686,898.289059,0.000000,0.000000,21.672378,1.225749,-20.167542,0.218849,0.218849,0.042303,-1.431954,-1.431954,-2.128797,0.168698,0.218681,284.243517,284.243517,509.405129,3,0.000000,true,
125.000000,0.950000,0.000000,298.806661,298.806661,298.806661,298.806661,896.419984,0.000000,0.000000,21.670902,1.177107,-20.234736,0.207779,0.207779,0.040442,-1.454627,-1.454627,-2.133580,0.163925,0.214651,288.785065,288.785065,511.353604,3,0.000000,true,
125.000000,0.900000,0.000000,298.075850,298.075850,298.075850,298.075850,894.227549,0.000000,0.000000,21.669259,1.127585,-20.302406,0.196723,0.196723,0.038555,-1.477019,-1.477019,-2.138372,0.158988,0.210468,293.276288,293.276288,513.307368,3,0.000000,true,
125.000000,0.850000,0.000000,297.223819,297.223819,297.223819,297.223819,891.671456,0.000000,0.000000,21.667446,1.077163,-20.370550,0.185679,0.185679,0.036641,-1.499141,-1.499141,-2.143175,0.153879,0.206122,297.718937,297.718937,515.266224,3,0.000000,true,
125.000000,0.800000,0.000000,296.234786,296.234786,296.234786,296.234786,888.704357,0.000000,0.000000,21.665463,1.025820,-20.439165,0.174649,0.174649,0.034701,-1.521000,-1.521000,-2.147988,0.148587,0.201600,302.114700,302.114700,517.229997,3,0.000000,true,
125.000000,0.750000,0.000000,295.089991,295.089991,295.089991,295.089991,885.269973,0.000000,0.000000,21.663307,0.973531,-20.508250,0.163633,0.163633,0.032734,-1.542607,-1.542607,-2.152811,0.143101,0.196887,306.465202,306.465202,519.198527,3,0.000000,true,
125.000000,0.700000,0.000000,293.766856,293.766856,293.766856,293.766856,881.300569,0.000000,0.000000,21.660975,0.920270,-20.577801,0.152630,0.152630,0.030740,-1.563968,-1.563968,-2.157643,0.137407,0.191966,310.772008,310.772008,521.171674,3,0.000000,true,
125.000000,0.650000,0.000000,292.237834,292.237834,292.237834,292.237834,876.713503,0.000000,0.000000,21.658467,0.866005,-20.647815,0.141641,0.141641,0.028718,-1.585093,-1.585093,-2.162486,0.131491,0.186816,315.036626,315.036626,523.149311,3,0.000000,true,
125.000000,0.600000,0.000000,290.468796,290.468796,290.468796,290.468796,871.406387,0.000000,0.000000,21.655780,0.810701,-20.718287,0.130665,0.130665,0.026670,-1.605988,-1.605988,-2.167338,0.125335,0.181412,319.260504,319.260504,525.131325,3,0.000000,true,
125.000000,0.550000,0.000000,288.416717,288.416717,288.416717,288.416717,865.250151,0.000000,0.000000,21.652913,0.754316,-20.789212,0.119703,0.119703,0.024594,-1.626661,-1.626661,-2.172200,0.118919,0.175722,323.445037,323.445037,527.117614,3,0.000000,true,
125.000000,0.500000,0.000000,286.026266,286.026266,286.026266,286.026266,858.078799,0.000000,0.000000,21.649864,0.696798,-20.860585,0.108754,0.108754,0.022491,-1.647120,-1.647120,-2.177071,0.112217,0.169708,327.591567,327.591567,529.108085,3,0.000000,true,
125.000000,0.450000,0.000000,283.224581,283.224581,283.224581,283.224581,849.673742,0.000000,0.000000,21.646631,0.638086,-20.932399,0.097819,0.097819,0.020361,-1.667370,-1.667370,-2.181951,0.105199,0.163320,331.701384,331.701384,531.102658,3,0.000000,true,
125.000000,0.400000,0.000000,279.912963,279.912963,279.912963,279.912963,839.738889,0.000000,0.000000,21.643213,0.578103,-21.004648,0.086898,0.086898,0.018204,-1.687420,-1.687420,-2.186841,0.097828,0.156491,335.775731,335.775731,533.101258,3,0.000000,true,
125.000000,0.350000,0.000000,275.953003,275.953003,275.953003,275.953003,827.859009,0.000000,0.000000,21.639609,0.516749,-21.077325,0.075990,0.075990,0.016021,-1.707274,-1.707274,-2.191740,0.090052,0.149132,339.815803,339.815803,535.103818,3,0.000000,true,
125.000000,0.300000,0.000000,271.141932,271.141932,271.141932,271.141932,813.425795,0.000000,0.000000,21.635815,0.453892,-21.150423,0.065095,0.065095,0.013810,-1.726940,-1.726940,-2.196647,0.081807,0.141116,343.822748,343.822748,537.110279,3,0.000000,true,
125.000000,0.250000,0.000000,265.165305,265.165305,265.165305,265.165305,795.495914,0.000000,0.000000,21.631831,0.389355,-21.223933,0.054213,0.054213,0.011574,-1.746422,-1.746422,-2.201564,0.073003,0.132255,347.797673,347.797673,539.120585,3,0.000000,true,
125.000000,0.200000,0.000000,257.496217,257.496217,257.496217,257.496217,772.488650,0.000000,0.000000,21.627655,0.322881,-21.297848,0.043345,0.043345,0.009311,-1.765728,-1.765728,-2.206489,0.063504,0.122249,351.741642,351.741642,541.134688,4,0.000000,true,
125.000000,0.150000,0.000000,247.146736,247.146736,247.146736,247.146736,741.440207,0.000000,0.000000,21.623284,0.254075,-21.372158,0.032489,0.032489,0.007021,-1.784861,-1.784861,-2.211423,0.053097,0.110572,355.655675,355.655675,543.152541,4,0.000000,true,
125.000000,0.100000,0.000000,231.898704,231.898704,231.898704,231.898704,695.696113,0.000000,0.000000,21.618716,0.182256,-21.446854,0.021647,0.021647,0.004706,-1.803828,-1.803828,-2.216365,0.041401,0.096142,359.540740,359.540740,545.174093,4,0.000000,true,
125.000000,0.050000,0.000000,204.674316,204.674316,204.674316,204.674316,614.022947,0.000000,0.000000,21.613951,0.105975,-21.521925,0.010817,0.010817,0.002366,-1.822633,-1.822633,-2.221315,0.027560,0.075946,363.397696,363.397696,547.199259,4,0.000000,true,
125.000000,0.000000,0.000000,0.000001,0.000001,0.000001,0.000001,0.000002,0.000000,0.000000,21.609055,0.020124,-21.596307,0.000000,0.000000,0.000000,-1.841021,-1.841021,-2.226204,0.015409,0.015409,367.174196,367.174196,549.199669,8,0.000000,true,
130.000000,4.000000,0.000000,331.306899,331.306899,331.306899,331.306899,993.920696,0.000000,0.000000,22.000896,4.021890,-16.127624,0.858408,0.858408,0.203184,-0.152495,-0.152495,-1.859197,0.359368,0.384817,34.427718,34.427718,430.166360,4,0.000000,true,
130.000000,3.950000,0.000000,329.864714,329.864714,329.864714,329.864714,989.594143,0.000000,0.000000,21.986951,3.976275,-16.197884,0.848559,0.848559,0.198882,-0.157577,-0.157577,-1.863775,0.357247,0.382864,35.404898,35.404898,430.907110,3,0.000000,true,
130.000000,3.900000,0.000000,328.413942,328.413942,328.413942,328.413942,985.241827,0.000000,0.000000,21.973100,3.930592,-16.268012,0.838680,0.838680,0.194640,-0.162966,-0.162966,-1.868300,0.355102,0.380889,36.441302,36.441302,431.642300,3,0.000000,true,
130.000000,3.850000,0.000000,326.955129,326.955129,326.955129,326.955129,980.865386,0.000000,0.000000,21.959349,3.884847,-16.338003,0.828771,0.828771,0.190459,-0.168691,-0.168691,-1.872772,0.352933,0.378892,37.542124,37.542124,432.372443,3,0.000000,true,
130.000000,3.800000,0.000000,325.488936,325.488936,325.488936,325.488936,976.466807,0.000000,0.000000,21.945707,3.839047,-16.407853,0.818831,0.818831,0.186337,-0.174781,-0.174781,-1.877192,0.350740,0.376874,38.713128,38.713128,433.098119,3,0.000000,true,
130.000000,3.750000,0.000000,324.016164,324.016164,324.016164,324.016164,972.048493,0.000000,0.000000,21.932183,3.793200,-16.477556,0.808862,0.808862,0.182277,-0.181270,-0.181270,-1.881561,0.348522,0.374834,39.960719,39.960719,433.819982,3,0.000000,true,
130.000000,3.700000,0.000000,322.537781,322.537781,322.537781,322.537781,967.613342,0.000000,0.000000,21.918788,3.747315,-16.547104,0.798862,0.798862,0.178277,-0.188194,-0.188194,-1.885882,0.346280,0.372773,41.292012,41.292012,434.538779,3,0.000000,true,
130.000000,3.650000,0.000000,321.054945,321.054945,321.054945,321.054945,963.164835,0.000000,0.000000,21.905532,3.701402,-16.616491,0.788831,0.788831,0.174339,-0.195595,-0.195595,-1.890155,0.344013,0.370690,42.714916,42.714916,435.255362,3,0.000000,true,
130.000000,3.600000,0.000000,319.569050,319.569050,319.569050,319.569050,958.707151,0.000000,0.000000,21.892429,3.655474,-16.685706,0.778769,0.778769,0.170462,-0.203517,-0.203517,-1.894382,0.341722,0.368586,44.238218,44.238218,435.970711,3,0.000000,true,
130.000000,3.550000,0.000000,318.081763,318.081763,318.081763,318.081763,954.245290,0.000000,0.000000,21.879496,3.609546,-16.754741,0.768676,0.768676,0.166649,-0.212013,-0.212013,-1.898564,0.339408,0.366461,45.871668,45.871668,436.685954,3,0.000000,true,
130.000000,3.500000,0.000000,316.595076,316.595076,316.595076,316.595076,949.785227,0.000000,0.000000,21.866748,3.563634,-16.823585,0.758550,0.758550,0.162899,-0.221138,-0.221138,-1.902705,0.337069,0.364315,47.626062,47.626062,437.402393,3,0.000000,true,
130.000000,3.450000,0.000000,315.111361,315.111361,315.111361,315.111361,945.334083,0.000000,0.000000,21.854206,3.517758,-16.892224,0.748393,0.748393,0.159215,-0.230953,-0.230953,-1.906805,0.334708,0.362150,49.513314,49.513314,438.121539,3,0.000000,true,
130.000000,3.400000,0.000000,313.633438,313.633438,313.633438,313.633438,940.900315,0.000000,0.000000,21.841893,3.471940,-16.960644,0.738201,0.738201,0.155597,-0.241528,-0.241528,-1.910868,0.332325,0.359967,51.546507,51.546507,438.845143,3,0.000000,true,
130.000000,3.350000,0.000000,312.164644,312.164644,312.164644,312.164644,936.493932,0.000000,0.000000,21.829834,3.426209,-17.028829,0.727976,0.727976,0.152049,-0.252934,-0.252934,-1.914896,0.329921,0.357766,53.739907,53.739907,439.575233,3,0.000000,true,
130.000000,3.300000,0.000000,310.708904,310.708904,310.708904,310.708904,932.126713,0.000000,0.000000,21.818060,3.380592,-17.096760,0.717715,0.717715,0.148571,-0.265253,-0.265253,-1.918893,0.327497,0.355549,56.108911,56.108911,440.314160,3,0.000000,true,
130.000000,3.250000,0.000000,309.270811,309.270811,309.270811,309.270811,927.812432,0.000000,0.000000,21.806603,3.335126,-17.164416,0.707417,0.707417,0.145166,-0.278569,-0.278569,-1.922863,0.325054,0.353317,58.669911,58.669911,441.064635,3,0.000000,true,
130.000000,3.200000,0.000000,307.855681,307.855681,307.855681,307.855681,923.567042,0.000000,0.000000,21.795502,3.289849,-17.231774,0.697081,0.697081,0.141838,-0.292971,-0.292971,-1.926809,0.322595,0.351073,61.440021,61.440021,441.829763,3,0.000000,true,
130.000000,3.150000,0.000000,306.469601,306.469601,306.469601,306.469601,919.408802,0.000000,0.000000,21.784796,3.244803,-17.298808,0.686705,0.686705,0.138590,-0.308548,-0.308548,-1.930738,0.320121,0.348820,64.436638,64.436638,442.613073,3,0.000000,true,
130.000000,3.100000,0.000000,305.119427,305.119427,305.119427,305.119427,915.358280,0.000000,0.000000,21.774532,3.200037,-17.365492,0.676288,0.676288,0.135424,-0.325388,-0.325388,-1.934655,0.317636,0.346559,67.676783,67.676783,443.418521,3,0.000000,true,
130.000000,3.050000,0.000000,303.812724,303.812724,303.812724,303.812724,911.438171,0.000000,0.000000,21.764758,3.155600,-17.431798,0.665827,0.665827,0.132346,-0.343572,-0.343572,-1.938565,0.315141,0.344294,71.176192,71.176192,444.250464,3,0.000000,true,
130.000000,3.000000,0.000000,302.557620,302.557620,302.557620,302.557620,907.672861,0.000000,0.000000,21.755522,3.111543,-17.497697,0.655321,0.655321,0.129358,-0.363167,-0.363167,-1.942477,0.312640,0.342029,74.948162,74.948162,445.113587,3,0.000000,true,
130.000000,2.950000,0.000000,301.362554,301.362554,301.362554,301.362554,904.087661,0.000000,0.000000,21.746873,3.067917,-17.563164,0.644768,0.644768,0.126464,-0.384222,-0.384222,-1.946397,0.310136,0.339766,79.002190,79.002190,446.012777,3,0.000000,true,
130.000000,2.900000,0.000000,300.235900,300.235900,300.235900,300.235900,900.707701,0.000000,0.000000,21.738856,3.024765,-17.628177,0.634166,0.634166,0.123667,-0.406757,-0.406757,-1.950334,0.307631,0.337509,83.342553,83.342553,446.952930,3,0.000000,true,
130.000000,2.850000,0.000000,299.185505,299.185505,299.185505,299.185505,897.556514,0.000000,0.000000,21.731509,2.982127,-17.692719,0.623515,0.623515,0.120969,-0.430757,-0.430757,-1.954294,0.305127,0.335261,87.967020,87.967020,447.938705,3,0.000000,true,
130.000000,2.800000,0.000000,298.218147,298.218147,298.218147,298.218147,894.654442,0.000000,0.000000,21.724861,2.940026,-17.756784,0.612814,0.612814,0.118371,-0.456171,-0.456171,-1.958286,0.302627,0.333024,92.865954,92.865954,448.974244,3,0.000000,true,
130.000000,2.750000,0.000000,297.339027,297.339027,297.339027,297.339027,892.017082,0.000000,0.000000,21.718925,2.898471,-17.820377,0.602064,0.602064,0.115872,-0.482906,-0.482906,-1.962315,0.300131,0.330799,98.022082,98.022082,450.062890,3,0.000000,true,
130.000000,2.700000,0.000000,296.551347,296.551347,296.551347,296.551347,889.654040,0.000000,0.000000,21.713703,2.857454,-17.883514,0.591265,0.591265,0.113469,-0.510833,-0.510833,-1.966387,0.297638,0.328586,103.411052,103.411052,451.206960,3,0.000000,true,
130.000000,2.650000,0.000000,295.856071,295.856071,295.856071,295.856071,887.568214,0.000000,0.000000,21.709178,2.816946,-17.946226,0.580420,0.580420,0.111159,-0.539794,-0.539794,-1.970506,0.295149,0.326386,109.002782,109.002782,452.407606,3,0.000000,true,
130.000000,2.600000,0.000000,295.251910,295.251910,295.251910,295.251910,885.755731,0.000000,0.000000,21.705320,2.776901,-18.008554,0.569532,0.569532,0.108935,-0.569609,-0.569609,-1.974676,0.292660,0.324196,114.763382,114.763382,453.664793,3,0.000000,true,
130.000000,2.550000,0.000000,294.735504,294.735504,294.735504,294.735504,884.206513,0.000000,0.000000,21.702084,2.737257,-18.070550,0.558604,0.558604,0.106791,-0.600092,-0.600092,-1.978896,0.290167,0.322012,120.657319,120.657319,454.977387,3,0.000000,true,
130.000000,2.500000,0.000000,294.301776,294.301776,294.301776,294.301776,882.905328,0.000000,0.000000,21.699419,2.697942,-18.132271,0.547640,0.547640,0.104719,-0.631058,-0.631058,-1.983167,0.287666,0.319831,126.649478,126.649478,456.343332,3,0.000000,true,
130.000000,2.450000,0.000000,293.944360,293.944360,293.944360,293.944360,881.833081,0.000000,0.000000,21.697267,2.658873,-18.193782,0.536645,0.536645,0.102711,-0.662336,-0.662336,-1.987487,0.285153,0.317648,132.706837,132.706837,457.759875,3,0.000000,true,
130.000000,2.400000,0.000000,293.656049,293.656049,293.656049,293.656049,880.968146,0.000000,0.000000,21.695565,2.619967,-18.255146,0.525621,0.525621,0.100758,-0.693770,-0.693770,-1.991856,0.282621,0.315458,138.799636,138.799636,459.223798,3,0.000000,true,
130.000000,2.350000,0.000000,293.429189,293.429189,293.429189,293.429189,880.287566,0.000000,0.000000,21.694254,2.581139,-18.316428,0.514575,0.514575,0.098851,-0.725223,-0.725223,-1.996269,0.280066,0.313256,144.902008,144.902008,460.731637,3,0.000000,true,
130.000000,2.300000,0.000000,293.256011,293.256011,293.256011,293.256011,879.768034,0.000000,0.000000,21.693274,2.542305,-18.377690,0.503508,0.503508,0.096983,-0.756584,-0.756584,-2.000724,0.277481,0.311036,150.992186,150.992186,462.279858,3,0.000000,true,
130.000000,2.250000,0.000000,293.128869,293.128869,293.128869,293.128869,879.386607,0.000000,0.000000,21.692570,2.503387,-18.438988,0.492426,0.492426,0.095148,-0.787759,-0.787759,-2.005218,0.274861,0.308793,157.052364,157.052364,463.864990,3,0.000000,true,
130.000000,2.200000,0.000000,293.040401,293.040401,293.040401,293.040401,879.121203,0.000000,0.000000,21.692091,2.464310,-18.500379,0.481332,0.481332,0.093337,-0.818675,-0.818675,-2.009748,0.272200,0.306521,163.068373,163.068373,465.483718,3,0.000000,true,
130.000000,2.150000,0.000000,292.983627,292.983627,292.983627,292.983627,878.950882,0.000000,0.000000,21.691790,2.425006,-18.561910,0.470228,0.470228,0.091544,-0.849275,-0.849275,-2.014312,0.269494,0.304215,169.029239,169.029239,467.132942,3,0.000000,true,
130.000000,2.100000,0.000000,292.951994,292.951994,292.951994,292.951994,878.855981,0.000000,0.000000,21.691627,2.385412,-18.623626,0.459117,0.459117,0.089765,-0.879516,-0.879516,-2.018906,0.266736,0.301872,174.926717,174.926717,468.809808,3,0.000000,true,
130.000000,2.050000,0.000000,292.939380,292.939380,292.939380,292.939380,878.818139,0.000000,0.000000,21.691563,2.345471,-18.685569,0.448003,0.448003,0.087995,-0.909369,-0.909369,-2.023529,0.263922,0.299485,180.754836,180.754836,470.511715,3,0.000000,true,
130.000000,2.000000,0.000000,292.940081,292.940081,292.940081,292.940081,878.820243,0.000000,0.000000,21.691566,2.305131,-18.747774,0.436886,0.436886,0.086228,-0.938812,-0.938812,-2.028177,0.261048,0.297051,186.509482,186.509482,472.236316,3,0.000000,true,
130.000000,1.950000,0.000000,292.948776,292.948776,292.948776,292.948776,878.846329,0.000000,0.000000,21.691608,2.264345,-18.810274,0.425769,0.425769,0.084462,-0.967832,-0.967832,-2.032850,0.258108,0.294565,192.188039,192.188039,473.981507,3,0.000000,true,
130.000000,1.900000,0.000000,292.960484,292.960484,292.960484,292.960484,878.881452,0.000000,0.000000,21.691663,2.223069,-18.873097,0.414654,0.414654,0.082692,-0.996423,-0.996423,-2.037545,0.255099,0.292022,197.789080,197.789080,475.745405,3,0.000000,true,
130.000000,1.850000,0.000000,292.970514,292.970514,292.970514,292.970514,878.911541,0.000000,0.000000,21.691708,2.181267,-18.936269,0.403542,0.403542,0.080915,-1.024582,-1.024582,-2.042261,0.252015,0.289420,203.312108,203.312108,477.526336,3,0.000000,true,
130.000000,1.800000,0.000000,292.974418,292.974418,292.974418,292.974418,878.923254,0.000000,0.000000,21.691726,2.138902,-18.999813,0.392435,0.392435,0.079130,-1.052310,-1.052310,-2.046996,0.248852,0.286754,208.757348,208.757348,479.322810,3,0.000000,true,
130.000000,1.750000,0.000000,292.967940,292.967940,292.967940,292.967940,878.903820,0.000000,0.000000,21.691698,2.095943,-19.063747,0.381333,0.381333,0.077333,-1.079614,-1.079614,-2.051749,0.245607,0.284019,214.125576,214.125576,481.133506,3,0.000000,true,
130.000000,1.700000,0.000000,292.946965,292.946965,292.946965,292.946965,878.840894,0.000000,0.000000,21.691610,2.052361,-19.128090,0.370238,0.370238,0.075523,-1.106498,-1.106498,-2.056519,0.242275,0.281213,219.417982,219.417982,482.957251,3,0.000000,true,
130.000000,1.650000,0.000000,292.907467,292.907467,292.907467,292.907467,878.722401,0.000000,0.000000,21.691449,2.008129,-19.192858,0.359151,0.359151,0.073697,-1.132973,-1.132973,-2.061306,0.238852,0.278331,224.636060,224.636060,484.793006,3,0.000000,true,
130.000000,1.600000,0.000000,292.845465,292.845465,292.845465,292.845465,878.536394,0.000000,0.000000,21.691205,1.963225,-19.258063,0.348073,0.348073,0.071855,-1.159046,-1.159046,-2.066108,0.235333,0.275369,229.781527,229.781527,486.639848,3,0.000000,true,
130.000000,1.550000,0.000000,292.756967,292.756967,292.756967,292.756967,878.270900,0.000000,0.000000,21.690866,1.917625,-19.323717,0.337003,0.337003,0.069994,-1.184728,-1.184728,-2.070924,0.231714,0.272324,234.856248,234.856248,488.496959,3,0.000000,true,
130.000000,1.500000,0.000000,292.637922,292.637922,292.637922,292.637922,877.913766,0.000000,0.000000,21.690425,1.871309,-19.389830,0.325944,0.325944,0.068113,-1.210030,-1.210030,-2.075755,0.227991,0.269191,239.862189,239.862189,490.363610,3,0.000000,true,
130.000000,1.450000,0.000000,292.484167,292.484167,292.484167,292.484167,877.452502,0.000000,0.000000,21.689873,1.824258,-19.456410,0.314895,0.314895,0.066211,-1.234963,-1.234963,-2.080600,0.224159,0.265966,244.801371,244.801371,492.239156,3,0.000000,true,
130.000000,1.400000,0.000000,292.291369,292.291369,292.291369,292.291369,876.874107,0.000000,0.000000,21.689205,1.776455,-19.523465,0.303856,0.303856,0.064287,-1.259537,-1.259537,-2.085457,0.220213,0.262644,249.675844,249.675844,494.123022,3,0.000000,true,
130.000000,1.350000,0.000000,292.054961,292.054961,292.054961,292.054961,876.164882,0.000000,0.000000,21.688415,1.727883,-19.591001,0.292830,0.292830,0.062341,-1.283764,-1.283764,-2.090328,0.216149,0.259221,254.487659,254.487659,496.014694,3,0.000000,true,
130.000000,1.300000,0.000000,291.770076,291.770076,291.770076,291.770076,875.310227,0.000000,0.000000,21.687497,1.678527,-19.659021,0.281815,0.281815,0.060371,-1.307655,-1.307655,-2.095211,0.211961,0.255693,259.238849,259.238849,497.913716,3,0.000000,true,
130.000000,1.250000,0.000000,291.431468,291.431468,291.431468,291.431468,874.294403,0.000000,0.000000,21.686448,1.628372,-19.727531,0.270812,0.270812,0.058377,-1.331220,-1.331220,-2.100106,0.207644,0.252054,263.931419,263.931419,499.819680,3,0.000000,true,
130.000000,1.200000,0.000000,291.033420,291.033420,291.033420,291.033420,873.100260,0.000000,0.000000,21.685262,1.577403,-19.796531,0.259821,0.259821,0.056358,-1.354470,-1.354470,-2.105013,0.203193,0.248298,268.567333,268.567333,501.732222,3,0.000000,true,
130.000000,1.150000,0.000000,290.569640,290.569640,290.569640,290.569640,871.708919,0.000000,0.000000,21.683937,1.525606,-19.866025,0.248843,0.248843,0.054313,-1.377415,-1.377415,-2.109931,0.198601,0.244421,273.148507,273.148507,503.651016,3,0.000000,true,
130.000000,1.100000,0.000000,290.033130,290.033130,290.033130,290.033130,870.099389,0.000000,0.000000,21.682470,1.472969,-19.936011,0.237878,0.237878,0.052243,-1.400065,-1.400065,-2.114861,0.193863,0.240414,277.676807,277.676807,505.575770,3,0.000000,true,
130.000000,1.050000,0.000000,289.416036,289.416036,289.416036,289.416036,868.248108,0.000000,0.000000,21.680857,1.419478,-20.006490,0.226926,0.226926,0.050147,-1.422430,-1.422430,-2.119803,0.188971,0.236272,282.154044,282.154044,507.506223,3,0.000000,true,
130.000000,1.000000,0.000000,288.709458,288.709458,288.709458,288.709458,866.128373,0.000000,0.000000,21.679096,1.365118,-20.077461,0.215987,0.215987,0.048025,-1.444519,-1.444519,-2.124755,0.183917,0.231986,286.581969,286.581969,509.442139,3,0.000000,true,
130.000000,0.950000,0.000000,287.903212,287.903212,287.903212,287.903212,863.709635,0.000000,0.000000,21.677185,1.309876,-20.148922,0.205062,0.205062,0.045876,-1.466342,-1.466342,-2.129718,0.178695,0.227548,290.962279,290.962279,511.383308,3,0.000000,true,
130.000000,0.900000,0.000000,286.985537,286.985537,286.985537,286.985537,860.956610,0.000000,0.000000,21.675122,1.253736,-20.220868,0.194150,0.194150,0.043700,-1.487906,-1.487906,-2.134692,0.173296,0.222948,295.296612,295.296612,513.329540,3,0.000000,true,
130.000000,0.850000,0.000000,285.942712,285.942712,285.942712,285.942712,857.828135,0.000000,0.000000,21.672903,1.196683,-20.293298,0.183251,0.183251,0.041498,-1.509221,-1.509221,-2.139676,0.167708,0.218175,299.586549,299.586549,515.280664,3,0.000000,true,
130.000000,0.800000,0.000000,284.758565,284.758565,284.758565,284.758565,854.275694,0.000000,0.000000,21.670529,1.138700,-20.366205,0.172366,0.172366,0.039268,-1.530294,-1.530294,-2.144671,0.161923,0.213215,303.833617,303.833617,517.236528,3,0.000000,true,
130.000000,0.750000,0.000000,283.413819,283.413819,283.413819,283.413819,850.241457,0.000000,0.000000,21.667995,1.079765,-20.439585,0.161494,0.161494,0.037011,-1.551134,-1.551134,-2.149676,0.155928,0.208055,308.039287,308.039287,519.196993,3,0.000000,true,
130.000000,0.700000,0.000000,281.885220,281.885220,281.885220,281.885220,845.655661,0.000000,0.000000,21.665301,1.019859,-20.513431,0.150636,0.150636,0.034727,-1.571747,-1.571747,-2.154692,0.149709,0.202677,312.204978,312.204978,521.161933,3,0.000000,true,
130.000000,0.650000,0.000000,280.144339,280.144339,280.144339,280.144339,840.433016,0.000000,0.000000,21.662445,0.958953,-20.587737,0.139792,0.139792,0.032416,-1.592142,-1.592142,-2.159717,0.143251,0.197059,316.332057,316.332057,523.131237,3,0.000000,true,
130.000000,0.600000,0.000000,278.155892,278.155892,278.155892,278.155892,834.467677,0.000000,0.000000,21.659425,0.897018,-20.662495,0.128961,0.128961,0.030079,-1.612325,-1.612325,-2.164752,0.136535,0.191176,320.421844,320.421844,525.104803,3,0.000000,true,
130.000000,0.550000,0.000000,275.875342,275.875342,275.875342,275.875342,827.626027,0.000000,0.000000,21.656238,0.834017,-20.737695,0.118143,0.118143,0.027714,-1.632303,-1.632303,-2.169796,0.129540,0.184997,324.475610,324.475610,527.082539,3,0.000000,true,
130.000000,0.500000,0.000000,273.245340,273.245340,273.245340,273.245340,819.736020,0.000000,0.000000,21.652884,0.769905,-20.813330,0.107339,0.107339,0.025323,-1.652083,-1.652083,-2.174850,0.122240,0.178481,328.494580,328.494580,529.064361,3,0.000000,true,
130.000000,0.450000,0.000000,270.190296,270.190296,270.190296,270.190296,810.570889,0.000000,0.000000,21.649358,0.704625,-20.889390,0.096547,0.096547,0.022905,-1.671670,-1.671670,-2.179913,0.114603,0.171579,332.479937,332.479937,531.050196,3,0.000000,true,
130.000000,0.400000,0.000000,266.607746,266.607746,266.607746,266.607746,799.823237,0.000000,0.000000,21.645661,0.638106,-20.965863,0.085769,0.085769,0.020461,-1.691072,-1.691072,-2.184985,0.106589,0.164223,336.432820,336.432820,533.039973,3,0.000000,true,
130.000000,0.350000,0.000000,262.353910,262.353910,262.353910,262.353910,787.061731,0.000000,0.000000,21.641788,0.570254,-21.042739,0.075004,0.075004,0.017991,-1.710293,-1.710293,-2.190066,0.098148,0.156320,340.354328,340.354328,535.033633,3,0.000000,true,
130.000000,0.300000,0.000000,257.218071,257.218071,257.218071,257.218071,771.654212,0.000000,0.000000,21.637738,0.500946,-21.120007,0.064252,0.064252,0.015496,-1.729340,-1.729340,-2.195156,0.089211,0.147742,344.245519,344.245519,537.031117,3,0.000000,true,
130.000000,0.250000,0.000000,250.873356,250.873356,250.873356,250.873356,752.620069,0.000000,0.000000,21.633508,0.430008,-21.197654,0.053513,0.053513,0.012975,-1.748218,-1.748218,-2.200254,0.079685,0.138296,348.107414,348.107414,539.032373,3,0.000000,true,
130.000000,0.200000,0.000000,242.771939,242.771939,242.771939,242.771939,728.315817,0.000000,0.000000,21.629096,0.357191,-21.275668,0.042786,0.042786,0.010428,-1.766932,-1.766932,-2.205359,0.069430,0.127672,351.940992,351.940992,541.037352,4,0.000000,true,
130.000000,0.150000,0.000000,231.886557,231.886557,231.886557,231.886557,695.659671,0.000000,0.000000,21.624499,0.282107,-21.354035,0.032071,0.032071,0.007858,-1.785487,-1.785487,-2.210473,0.058230,0.115330,355.747185,355.747185,543.046001,4,0.000000,true,
130.000000,0.100000,0.000000,215.910732,215.910732,215.910732,215.910732,647.732197,0.000000,0.000000,21.619713,0.204082,-21.432742,0.021369,0.021369,0.005262,-1.803888,-1.803888,-2.215595,0.045697,0.100152,359.526852,359.526852,545.058251,4,0.000000,true,
130.000000,0.050000,0.000000,187.486150,187.486150,187.486150,187.486150,562.458449,0.000000,0.000000,21.614736,0.121683,-21.511768,0.010679,0.010679,0.002643,-1.822138,-1.822138,-2.220723,0.031003,0.079026,363.280578,363.280578,547.073903,4,0.000000,true,
130.000000,0.000000,0.000000,-0.000000,-0.000000,-0.000000,-0.000000,-0.000000,0.000000,0.000000,21.609697,0.031229,-21.589123,-0.000000,-0.000000,-0.000000,-1.839793,-1.839793,-2.225730,0.019772,0.019772,366.916780,366.916780,549.042667,7,0.000000,true,
135.000000,4.000000,0.000000,321.544822,321.544822,321.544822,321.544822,964.634467,0.000000,0.000000,22.013021,4.438097,-15.848081,0.849761,0.849761,0.220479,-0.163589,-0.163589,-1.843610,0.381596,0.405058,36.485226,36.485226,427.807712,4,0.000000,true,
135.000000,3.950000,0.000000,320.087480,320.087480,320.087480,320.087480,960.262440,0.000000,0.000000,21.998930,4.389964,-15.920030,0.839990,0.839990,0.216020,-0.169213,-0.169213,-1.848290,0.379538,0.403148,37.564900,37.564900,428.569732,3,0.000000,true,
135.000000,3.900000,0.000000,318.622743,318.622743,318.622743,318.622743,955.868229,0.000000,0.000000,21.984945,4.341759,-15.991851,0.830190,0.830190,0.211621,-0.175187,-0.175187,-1.852920,0.377457,0.401216,38.712014,38.712014,429.327446,3,0.000000,true,
135.000000,3.850000,0.000000,317.151363,317.151363,317.151363,317.151363,951.454088,0.000000,0.000000,21.971076,4.293488,-16.063539,0.820359,0.820359,0.207282,-0.181545,-0.181545,-1.857502,0.375351,0.399263,39.932587,39.932587,430.081458,3,0.000000,true,
135.000000,3.800000,0.000000,315.674240,315.674240,315.674240,315.674240,947.022720,0.000000,0.000000,21.957333,4.245158,-16.135087,0.810498,0.810498,0.203003,-0.188320,-0.188320,-1.862036,0.373222,0.397288,41.233290,41.233290,430.832452,3,0.000000,true,
135.000000,3.750000,0.000000,314.192452,314.192452,314.192452,314.192452,942.577357,0.000000,0.000000,21.943726,4.196780,-16.206489,0.800607,0.800607,0.198785,-0.195551,-0.195551,-1.866523,0.371068,0.395292,42.621521,42.621521,431.581215,3,0.000000,true,
135.000000,3.700000,0.000000,312.707286,312.707286,312.707286,312.707286,938.121859,0.000000,0.000000,21.930269,4.148363,-16.277736,0.790686,0.790686,0.194629,-0.203281,-0.203281,-1.870966,0.368891,0.393274,44.105478,44.105478,432.328647,3,0.000000,true,
135.000000,3.650000,0.000000,311.220274,311.220274,311.220274,311.220274,933.660822,0.000000,0.000000,21.916976,4.099920,-16.348821,0.780732,0.780732,0.190535,-0.211556,-0.211556,-1.875365,0.366689,0.391236,45.694234,45.694234,433.075783,3,0.000000,true,
135.000000,3.600000,0.000000,309.733237,309.733237,309.733237,309.733237,929.199712,0.000000,0.000000,21.903863,4.051466,-16.419732,0.770748,0.770748,0.186505,-0.220429,-0.220429,-1.879723,0.364464,0.389177,47.397810,47.397810,433.823819,3,0.000000,true,
135.000000,3.550000,0.000000,308.248335,308.248335,308.248335,308.248335,924.745005,0.000000,0.000000,21.890950,4.003017,-16.490460,0.760730,0.760730,0.182539,-0.229958,-0.229958,-1.884041,0.362216,0.387097,49.227241,49.227241,434.574137,3,0.000000,true,
135.000000,3.500000,0.000000,306.768121,306.768121,306.768121,306.768121,920.304363,0.000000,0.000000,21.878258,3.954593,-16.560990,0.750680,0.750680,0.178640,-0.240205,-0.240205,-1.888322,0.359945,0.384998,51.194620,51.194620,435.328335,3,0.000000,true,
135.000000,3.450000,0.000000,305.295603,305.295603,305.295603,305.295603,915.886809,0.000000,0.000000,21.865810,3.906215,-16.631308,0.740595,0.740595,0.174810,-0.251238,-0.251238,-1.892568,0.357651,0.382880,53.313110,53.313110,436.088263,3,0.000000,true,
135.000000,3.400000,0.000000,303.834306,303.834306,303.834306,303.834306,911.502919,0.000000,0.000000,21.853636,3.857910,-16.701398,0.730475,0.730475,0.171050,-0.263131,-0.263131,-1.896782,0.355336,0.380744,55.596907,55.596907,436.856056,3,0.000000,true,
135.000000,3.350000,0.000000,302.388337,302.388337,302.388337,302.388337,907.165011,0.000000,0.000000,21.841765,3.809706,-16.771243,0.720319,0.720319,0.167363,-0.275962,-0.275962,-1.900968,0.353001,0.378591,58.061123,58.061123,437.634173,3,0.000000,true,
135.000000,3.300000,0.000000,300.962437,300.962437,300.962437,300.962437,902.887311,0.000000,0.000000,21.830232,3.761637,-16.840820,0.710124,0.710124,0.163752,-0.289814,-0.289814,-1.905129,0.350646,0.376423,60.721568,60.721568,438.425426,3,0.000000,true,
135.000000,3.250000,0.000000,299.562023,299.562023,299.562023,299.562023,898.686069,0.000000,0.000000,21.819075,3.713737,-16.910110,0.699890,0.699890,0.160220,-0.304769,-0.304769,-1.909271,0.348274,0.374242,63.594374,63.594374,439.233008,3,0.000000,true,
135.000000,3.200000,0.000000,298.193191,298.193191,298.193191,298.193191,894.579573,0.000000,0.000000,21.808336,3.666047,-16.979087,0.689615,0.689615,0.156770,-0.320910,-0.320910,-1.913398,0.345886,0.372049,66.695453,66.695453,440.060500,3,0.000000,true,
135.000000,3.150000,0.000000,296.862676,296.862676,296.862676,296.862676,890.588029,0.000000,0.000000,21.798060,3.618608,-17.047729,0.679296,0.679296,0.153407,-0.338313,-0.338313,-1.917515,0.343483,0.369848,70.039731,70.039731,440.911854,3,0.000000,true,
135.000000,3.100000,0.000000,295.577740,295.577740,295.577740,295.577740,886.733220,0.000000,0.000000,21.788292,3.571462,-17.116011,0.668933,0.668933,0.150134,-0.357044,-0.357044,-1.921630,0.341068,0.367639,73.640169,73.640169,441.791338,3,0.000000,true,
135.000000,3.050000,0.000000,294.345971,294.345971,294.345971,294.345971,883.037913,0.000000,0.000000,21.779078,3.524652,-17.183910,0.658523,0.658523,0.146954,-0.377154,-0.377154,-1.925748,0.338643,0.365427,77.506591,77.506591,442.703438,3,0.000000,true,
135.000000,3.000000,0.000000,293.174989,293.174989,293.174989,293.174989,879.524967,0.000000,0.000000,21.770461,3.478216,-17.251407,0.648065,0.648065,0.143870,-0.398668,-0.398668,-1.929877,0.336209,0.363212,81.644424,81.644424,443.652705,3,0.000000,true,
135.000000,2.950000,0.000000,292.072055,292.072055,292.072055,292.072055,876.216164,0.000000,0.000000,21.762478,3.432185,-17.318489,0.637558,0.637558,0.140885,-0.421584,-0.421584,-1.934024,0.333768,0.360998,86.053498,86.053498,444.643545,3,0.000000,true,
135.000000,2.900000,0.000000,291.043617,291.043617,291.043617,291.043617,873.130851,0.000000,0.000000,21.755160,3.386580,-17.385149,0.627000,0.627000,0.138000,-0.445865,-0.445865,-1.938197,0.331322,0.358786,90.727117,90.727117,445.679981,3,0.000000,true,
135.000000,2.850000,0.000000,290.094854,290.094854,290.094854,290.094854,870.284563,0.000000,0.000000,21.748524,3.341410,-17.451392,0.616393,0.616393,0.135214,-0.471436,-0.471436,-1.942400,0.328871,0.356577,95.651646,95.651646,446.765399,3,0.000000,true,
135.000000,2.800000,0.000000,289.229272,289.229272,289.229272,289.229272,867.687816,0.000000,0.000000,21.742575,3.296668,-17.517231,0.605737,0.605737,0.132525,-0.498191,-0.498191,-1.946641,0.326415,0.354371,100.806750,100.806750,447.902326,3,0.000000,true,
135.000000,2.750000,0.000000,288.448437,288.448437,288.448437,288.448437,865.345310,0.000000,0.000000,21.737303,3.252328,-17.582695,0.595034,0.595034,0.129931,-0.525990,-0.525990,-1.950923,0.323952,0.352167,106.166346,106.166346,449.092274,3,0.000000,true,
135.000000,2.700000,0.000000,287.751885,287.751885,287.751885,287.751885,863.255656,0.000000,0.000000,21.732685,3.208352,-17.647821,0.584287,0.584287,0.127426,-0.554674,-0.554674,-1.955250,0.321480,0.349965,111.700151,111.700151,450.335681,3,0.000000,true,
135.000000,2.650000,0.000000,287.137223,287.137223,287.137223,287.137223,861.411669,0.000000,0.000000,21.728685,3.164684,-17.712656,0.573498,0.573498,0.125003,-0.584070,-0.584070,-1.959624,0.318996,0.347760,117.375549,117.375549,451.631942,3,0.000000,true,
135.000000,2.600000,0.000000,286.600376,286.600376,286.600376,286.600376,859.801129,0.000000,0.000000,21.725256,3.121259,-17.777254,0.562672,0.562672,0.122656,-0.614006,-0.614006,-1.964044,0.316496,0.345550,123.159507,123.159507,452.979544,3,0.000000,true,
135.000000,2.550000,0.000000,286.135950,286.135950,286.135950,286.135950,858.407850,0.000000,0.000000,21.722347,3.078003,-17.841677,0.551812,0.551812,0.120375,-0.644313,-0.644313,-1.968512,0.313977,0.343331,129.020245,129.020245,454.376244,3,0.000000,true,
135.000000,2.500000,0.000000,285.737617,285.737617,285.737617,285.737617,857.212852,0.000000,0.000000,21.719899,3.034838,-17.905984,0.540923,0.540923,0.118153,-0.674840,-0.674840,-1.973025,0.311433,0.341098,134.928496,134.928496,455.819278,3,0.000000,true,
135.000000,2.450000,0.000000,285.398496,285.398496,285.398496,285.398496,856.195487,0.000000,0.000000,21.717857,2.991684,-17.970240,0.530009,0.530009,0.115982,-0.705449,-0.705449,-1.977581,0.308859,0.338846,140.858306,140.858306,457.305559,3,0.000000,true,
135.000000,2.400000,0.000000,285.111464,285.111464,285.111464,285.111464,855.334393,0.000000,0.000000,21.716163,2.948464,-18.034502,0.519074,0.519074,0.113852,-0.736025,-0.736025,-1.982179,0.306251,0.336571,146.787398,146.787398,458.831860,3,0.000000,true,
135.000000,2.350000,0.000000,284.869418,284.869418,284.869418,284.869418,854.608253,0.000000,0.000000,21.714765,2.905102,-18.098830,0.508121,0.508121,0.111757,-0.766471,-0.766471,-1.986816,0.303602,0.334268,152.697205,152.697205,460.394944,3,0.000000,true,
135.000000,2.300000,0.000000,284.665441,284.665441,284.665441,284.665441,853.996323,0.000000,0.000000,21.713611,2.861528,-18.163276,0.497155,0.497155,0.109690,-0.796708,-0.796708,-1.991489,0.300909,0.331931,158.572656,158.572656,461.991675,3,0.000000,true,
135.000000,2.250000,0.000000,284.492927,284.492927,284.492927,284.492927,853.478782,0.000000,0.000000,21.712656,2.817675,-18.227889,0.486178,0.486178,0.107644,-0.826675,-0.826675,-1.996195,0.298166,0.329556,164.401836,164.401836,463.619080,3,0.000000,true,
135.000000,2.200000,0.000000,284.345640,284.345640,284.345640,284.345640,853.036921,0.000000,0.000000,21.711858,2.773485,-18.292714,0.475193,0.475193,0.105614,-0.856324,-0.856324,-2.000933,0.295369,0.327139,170.175577,170.175577,465.274391,3,0.000000,true,
135.000000,2.150000,0.000000,284.217737,284.217737,284.217737,284.217737,852.653212,0.000000,0.000000,21.711181,2.728900,-18.357792,0.464203,0.464203,0.103594,-0.885619,-0.885619,-2.005700,0.292512,0.324675,175.887039,175.887039,466.955070,3,0.000000,true,
135.000000,2.100000,0.000000,284.103768,284.103768,284.103768,284.103768,852.311305,0.000000,0.000000,21.710592,2.683871,-18.423160,0.453210,0.453210,0.101579,-0.914537,-0.914537,-2.010494,0.289592,0.322160,181.531314,181.531314,468.658803,3,0.000000,true,
135.000000,2.050000,0.000000,283.998653,283.998653,283.998653,283.998653,851.995958,0.000000,0.000000,21.710062,2.638351,-18.488849,0.442217,0.442217,0.099567,-0.943060,-0.943060,-2.015313,0.286603,0.319589,187.105076,187.105076,470.383506,3,0.000000,true,
135.000000,2.000000,0.000000,283.897646,283.897646,283.897646,283.897646,851.692937,0.000000,0.000000,21.709564,2.592301,-18.554890,0.431224,0.431224,0.097552,-0.971177,-0.971177,-2.020155,0.283543,0.316960,192.606266,192.606266,472.127305,3,0.000000,true,
135.000000,1.950000,0.000000,283.796301,283.796301,283.796301,283.796301,851.388904,0.000000,0.000000,21.709077,2.545682,-18.621307,0.420234,0.420234,0.095531,-0.998885,-0.998885,-2.025019,0.280405,0.314267,198.033836,198.033836,473.888523,3,0.000000,true,
135.000000,1.900000,0.000000,283.690426,283.690426,283.690426,283.690426,851.071277,0.000000,0.000000,21.708581,2.498460,-18.688124,0.409249,0.409249,0.093503,-1.026181,-1.026181,-2.029903,0.277187,0.311508,203.387527,203.387527,475.665665,3,0.000000,true,
135.000000,1.850000,0.000000,283.576035,283.576035,283.576035,283.576035,850.728106,0.000000,0.000000,21.708060,2.450604,-18.755361,0.398268,0.398268,0.091464,-1.053070,-1.053070,-2.034807,0.273883,0.308678,208.667697,208.667697,477.457399,3,0.000000,true,
135.000000,1.800000,0.000000,283.449312,283.449312,283.449312,283.449312,850.347937,0.000000,0.000000,21.707497,2.402087,-18.823036,0.387294,0.387294,0.089412,-1.079554,-1.079554,-2.039729,0.270490,0.305773,213.875170,213.875170,479.262538,3,0.000000,true,
135.000000,1.750000,0.000000,283.306559,283.306559,283.306559,283.306559,849.919676,0.000000,0.000000,21.706881,2.352883,-18.891165,0.376327,0.376327,0.087345,-1.105642,-1.105642,-2.044669,0.267004,0.302790,219.011126,219.011126,481.080027,3,0.000000,true,
135.000000,1.700000,0.000000,283.144155,283.144155,283.144155,283.144155,849.432466,0.000000,0.000000,21.706200,2.302968,-18.959762,0.365369,0.365369,0.085262,-1.131340,-1.131340,-2.049624,0.263419,0.299725,224.077003,224.077003,482.908928,3,0.000000,true,
135.000000,1.650000,0.000000,282.958517,282.958517,282.958517,282.958517,848.875550,0.000000,0.000000,21.705444,2.252321,-19.028838,0.354420,0.354420,0.083160,-1.156659,-1.156659,-2.054596,0.259733,0.296574,229.074428,229.074428,484.748405,3,0.000000,true,
135.000000,1.600000,0.000000,282.746049,282.746049,282.746049,282.746049,848.238147,0.000000,0.000000,21.704604,2.200923,-19.098404,0.343480,0.343480,0.081039,-1.181606,-1.181606,-2.059583,0.255940,0.293332,234.005155,234.005155,486.597714,3,0.000000,true,
135.000000,1.550000,0.000000,282.503104,282.503104,282.503104,282.503104,847.509312,0.000000,0.000000,21.703674,2.148755,-19.168469,0.332551,0.332551,0.078898,-1.206194,-1.206194,-2.064584,0.252036,0.289997,238.871023,238.871023,488.456191,3,0.000000,true,
135.000000,1.500000,0.000000,282.225933,282.225933,282.225933,282.225933,846.677799,0.000000,0.000000,21.702646,2.095802,-19.239040,0.321633,0.321633,0.076734,-1.230430,-1.230430,-2.069599,0.248016,0.286564,243.673919,243.673919,490.323246,3,0.000000,true,
135.000000,1.450000,0.000000,281.910638,281.910638,281.910638,281.910638,845.731915,0.000000,0.000000,21.701515,2.042046,-19.310124,0.310726,0.310726,0.074548,-1.254327,-1.254327,-2.074628,0.243875,0.283029,248.415751,248.415751,492.198349,3,0.000000,true,
135.000000,1.400000,0.000000,281.553118,281.553118,281.553118,281.553118,844.659353,0.000000,0.000000,21.700276,1.987475,-19.381725,0.299830,0.299830,0.072339,-1.277894,-1.277894,-2.079671,0.239608,0.279386,253.098426,253.098426,494.081028,3,0.000000,true,
135.000000,1.350000,0.000000,281.149006,281.149006,281.149006,281.149006,843.447017,0.000000,0.000000,21.698925,1.932075,-19.453846,0.288947,0.288947,0.070106,-1.301142,-1.301142,-2.084726,0.235210,0.275631,257.723837,257.723837,495.970861,3,0.000000,true,
135.000000,1.300000,0.000000,280.693605,280.693605,280.693605,280.693605,842.080814,0.000000,0.000000,21.697458,1.875833,-19.526491,0.278076,0.278076,0.067848,-1.324079,-1.324079,-2.089794,0.230675,0.271760,262.293848,262.293848,497.867468,3,0.000000,true,
135.000000,1.250000,0.000000,280.181809,280.181809,280.181809,280.181809,840.545427,0.000000,0.000000,21.695871,1.818738,-19.599661,0.267218,0.267218,0.065564,-1.346717,-1.346717,-2.094874,0.225998,0.267767,266.810288,266.810288,499.770511,3,0.000000,true,
135.000000,1.200000,0.000000,279.608012,279.608012,279.608012,279.608012,838.824037,0.000000,0.000000,21.694162,1.760779,-19.673357,0.256372,0.256372,0.063255,-1.369065,-1.369065,-2.099967,0.221172,0.263646,271.274944,271.274944,501.679683,3,0.000000,true,
135.000000,1.150000,0.000000,278.966001,278.966001,278.966001,278.966001,836.898002,0.000000,0.000000,21.692328,1.701946,-19.747576,0.245540,0.245540,0.060920,-1.391133,-1.391133,-2.105071,0.216192,0.259391,275.689554,275.689554,503.594711,3,0.000000,true,
135.000000,1.100000,0.000000,278.248821,278.248821,278.248821,278.248821,834.746464,0.000000,0.000000,21.690366,1.642228,-19.822318,0.234721,0.234721,0.058559,-1.412928,-1.412928,-2.110187,0.211049,0.254995,280.055810,280.055810,505.515347,3,0.000000,true,
135.000000,1.050000,0.000000,277.448626,277.448626,277.448626,277.448626,832.345879,0.000000,0.000000,21.688274,1.581616,-19.897580,0.223915,0.223915,0.056171,-1.434460,-1.434460,-2.115315,0.205737,0.250452,284.375352,284.375352,507.441369,3,0.000000,true,
135.000000,1.000000,0.000000,276.556477,276.556477,276.556477,276.556477,829.669430,0.000000,0.000000,21.686051,1.520100,-19.973358,0.213122,0.213122,0.053756,-1.455738,-1.455738,-2.120454,0.200248,0.245753,288.649770,288.649770,509.372577,3,0.000000,true,
135.000000,0.950000,0.000000,275.562098,275.562098,275.562098,275.562098,826.686295,0.000000,0.000000,21.683694,1.457670,-20.049646,0.202343,0.202343,0.051315,-1.476770,-1.476770,-2.125604,0.194573,0.240890,292.880603,292.880603,511.308789,3,0.000000,true,
135.000000,0.900000,0.000000,274.453576,274.453576,274.453576,274.453576,823.360729,0.000000,0.000000,21.681201,1.394315,-20.126439,0.191577,0.191577,0.048846,-1.497564,-1.497564,-2.130765,0.188703,0.235852,297.069338,297.069338,513.249842,3,0.000000,true,
135.000000,0.850000,0.000000,273.216958,273.216958,273.216958,273.216958,819.650874,0.000000,0.000000,21.678570,1.330026,-20.203728,0.180825,0.180825,0.046351,-1.518127,-1.518127,-2.135936,0.182628,0.230629,301.217414,301.217414,515.195589,3,0.000000,true,
135.000000,0.800000,0.000000,271.835742,271.835742,271.835742,271.835742,815.507227,0.000000,0.000000,21.675800,1.264790,-20.281507,0.170086,0.170086,0.043828,-1.538467,-1.538467,-2.141118,0.176336,0.225207,305.326224,305.326224,517.145894,3,0.000000,true,
135.000000,0.750000,0.000000,270.290202,270.290202,270.290202,270.290202,810.870606,0.000000,0.000000,21.672888,1.198593,-20.359765,0.159360,0.159360,0.041279,-1.558590,-1.558590,-2.146310,0.169815,0.219572,309.397111,309.397111,519.100636,3,0.000000,true,
135.000000,0.700000,0.000000,268.556474,268.556474,268.556474,268.556474,805.669422,0.000000,0.000000,21.669832,1.131420,-20.438492,0.148648,0.148648,0.038704,-1.578505,-1.578505,-2.151513,0.163051,0.213706,313.431376,313.431376,521.059706,3,0.000000,true,
135.000000,0.650000,0.000000,266.605316,266.605316,266.605316,266.605316,799.815948,0.000000,0.000000,21.666631,1.063251,-20.517676,0.137949,0.137949,0.036101,-1.598218,-1.598218,-2.156725,0.156028,0.207587,317.430275,317.430275,523.023004,3,0.000000,true,
135.000000,0.600000,0.000000,264.400363,264.400363,264.400363,264.400363,793.201090,0.000000,0.000000,21.663282,0.994064,-20.597305,0.127264,0.127264,0.033473,-1.617735,-1.617735,-2.161946,0.148726,0.201191,321.395022,321.395022,524.990439,3,0.000000,true,
135.000000,0.550000,0.000000,261.895629,261.895629,261.895629,261.895629,785.686886,0.000000,0.000000,21.659782,0.923829,-20.677365,0.116591,0.116591,0.030818,-1.637063,-1.637063,-2.167177,0.141124,0.194486,325.326791,325.326791,526.961927,3,0.000000,true,
135.000000,0.500000,0.000000,259.031812,259.031812,259.031812,259.031812,777.095435,0.000000,0.000000,21.656128,0.852509,-20.757841,0.105931,0.105931,0.028137,-1.656207,-1.656207,-2.172417,0.133195,0.187432,329.226718,329.226718,528.937394,3,0.000000,true,
135.000000,0.450000,0.000000,255.730657,255.730657,255.730657,255.730657,767.191972,0.000000,0.000000,21.652319,0.780057,-20.838717,0.095284,0.095284,0.025431,-1.675174,-1.675174,-2.177666,0.124907,0.179978,333.095899,333.095899,530.916770,3,0.000000,true,
135.000000,0.400000,0.000000,251.885985,251.885985,251.885985,251.885985,755.657954,0.000000,0.000000,21.648350,0.706410,-20.919978,0.084650,0.084650,0.022700,-1.693969,-1.693969,-2.182924,0.116218,0.172056,336.935393,336.935393,532.899992,3,0.000000,true,
135.000000,0.350000,0.000000,247.348696,247.348696,247.348696,247.348696,742.046088,0.000000,0.000000,21.644219,0.631485,-21.001606,0.074028,0.074028,0.019945,-1.712597,-1.712597,-2.188189,0.107078,0.163573,340.746223,340.746223,534.887001,3,0.000000,true,
135.000000,0.300000,0.000000,241.900163,241.900163,241.900163,241.900163,725.700488,0.000000,0.000000,21.639923,0.555166,-21.083582,0.063418,0.063418,0.017164,-1.731065,-1.731065,-2.193462,0.097416,0.154398,344.529375,344.529375,536.877741,3,0.000000,true,
135.000000,0.250000,0.000000,235.201131,235.201131,235.201131,235.201131,705.603393,0.000000,0.000000,21.635456,0.477291,-21.165888,0.052820,0.052820,0.014361,-1.749376,-1.749376,-2.198743,0.087138,0.144333,348.285795,348.285795,538.872156,3,0.000000,true,
135.000000,0.200000,0.000000,226.682911,226.682911,226.682911,226.682911,680.048732,0.000000,0.000000,21.630817,0.397620,-21.248506,0.042233,0.042233,0.011533,-1.767537,-1.767537,-2.204031,0.076103,0.133063,352.016383,352.016383,540.870190,4,0.000000,true,
135.000000,0.150000,0.000000,215.279073,215.279073,215.279073,215.279073,645.837218,0.000000,0.000000,21.626000,0.315777,-21.331413,0.031658,0.031658,0.008683,-1.785551,-1.785551,-2.209326,0.064095,0.120034,355.721974,355.721974,542.871768,4,0.000000,true,
135.000000,0.100000,0.000000,198.595493,198.595493,198.595493,198.595493,595.786479,0.000000,0.000000,21.621001,0.231101,-21.414586,0.021095,0.021095,0.005810,-1.803422,-1.803422,-2.214626,0.050735,0.104100,359.403245,359.403245,544.876751,4,0.000000,true,
135.000000,0.050000,0.000000,168.999014,168.999014,168.999014,168.999014,506.997041,0.000000,0.000000,21.615819,0.142190,-21.497986,0.010542,0.010542,0.002916,-1.821150,-1.821150,-2.219931,0.035271,0.082069,363.060106,363.060106,546.884592,4,0.000000,true,
135.000000,0.000000,0.000000,0.000000,0.000000,0.000000,0.000000,0.000000,0.000000,0.000000,21.610684,0.047827,-21.577963,0.000000,0.000000,0.000000,-1.837980,-1.837980,-2.225010,0.025258,0.025258,366.536381,366.536381,548.808050,7,0.000000,true,
140.000000,4.000000,0.000000,311.285456,311.285456,311.285456,311.285456,933.856368,0.000000,0.000000,22.031293,4.889320,-15.533586,0.841161,0.841161,0.237678,-0.175455,-0.175455,-1.828112,0.403845,0.425296,38.682716,38.682716,425.472389,4,0.000000,true,
140.000000,3.950000,0.000000,309.811657,309.811657,309.811657,309.811657,929.434971,0.000000,0.000000,22.017042,4.838926,-15.607110,0.831458,0.831458,0.233084,-0.181673,-0.181673,-1.832870,0.401873,0.423450,39.874487,39.874487,426.252970,3,0.000000,true,
140.000000,3.900000,0.000000,308.331822,308.331822,308.331822,308.331822,924.995465,0.000000,0.000000,22.002914,4.788453,-15.680511,0.821726,0.821726,0.228549,-0.188289,-0.188289,-1.837583,0.399879,0.421584,41.142666,41.142666,427.030670,3,0.000000,true,
140.000000,3.850000,0.000000,306.846930,306.846930,306.846930,306.846930,920.540789,0.000000,0.000000,21.988917,4.737909,-15.753782,0.811963,0.811963,0.224073,-0.195340,-0.195340,-1.842251,0.397861,0.419697,42.494131,42.494131,427.806210,3,0.000000,true,
140.000000,3.800000,0.000000,305.358145,305.358145,305.358145,305.358145,916.074435,0.000000,0.000000,21.975065,4.687301,-15.826917,0.802171,0.802171,0.219658,-0.202864,-0.202864,-1.846876,0.395821,0.417789,43.936486,43.936486,428.580415,3,0.000000,true,
140.000000,3.750000,0.000000,303.866850,303.866850,303.866850,303.866850,911.600550,0.000000,0.000000,21.961371,4.636640,-15.899909,0.792348,0.792348,0.215304,-0.210907,-0.210907,-1.851459,0.393757,0.415860,45.478122,45.478122,429.354235,3,0.000000,true,
140.000000,3.700000,0.000000,302.374681,302.374681,302.374681,302.374681,907.124042,0.000000,0.000000,21.947850,4.585936,-15.972750,0.782493,0.782493,0.211013,-0.219516,-0.219516,-1.856003,0.391670,0.413911,47.128290,47.128290,430.128764,3,0.000000,true,
140.000000,3.650000,0.000000,300.883570,300.883570,300.883570,300.883570,902.650709,0.000000,0.000000,21.934520,4.535205,-16.045429,0.772607,0.772607,0.206786,-0.228743,-0.228743,-1.860508,0.389560,0.411941,48.897150,48.897150,430.905263,3,0.000000,true,
140.000000,3.600000,0.000000,299.395793,299.395793,299.395793,299.395793,898.187380,0.000000,0.000000,21.921401,4.484460,-16.117936,0.762688,0.762688,0.202623,-0.238648,-0.238648,-1.864976,0.387427,0.409951,50.795813,50.795813,431.685188,3,0.000000,true,
140.000000,3.550000,0.000000,297.914022,297.914022,297.914022,297.914022,893.742066,0.000000,0.000000,21.908515,4.433719,-16.190260,0.752736,0.752736,0.198528,-0.249291,-0.249291,-1.869411,0.385272,0.407941,52.836359,52.836359,432.470219,3,0.000000,true,
140.000000,3.500000,0.000000,296.441376,296.441376,296.441376,296.441376,889.324129,0.000000,0.000000,21.895888,4.383003,-16.262386,0.742749,0.742749,0.194502,-0.260742,-0.260742,-1.873814,0.383094,0.405912,55.031806,55.031806,433.262292,3,0.000000,true,
140.000000,3.450000,0.000000,294.981479,294.981479,294.981479,294.981479,884.944437,0.000000,0.000000,21.883547,4.332334,-16.334301,0.732726,0.732726,0.190547,-0.273072,-0.273072,-1.878189,0.380895,0.403866,57.396016,57.396016,434.063631,3,0.000000,true,
140.000000,3.400000,0.000000,293.538504,293.538504,293.538504,293.538504,880.615513,0.000000,0.000000,21.871525,4.281738,-16.405987,0.722667,0.722667,0.186667,-0.286356,-0.286356,-1.882539,0.378675,0.401801,59.943521,59.943521,434.876775,3,0.000000,true,
140.000000,3.350000,0.000000,292.117213,292.117213,292.117213,292.117213,876.351640,0.000000,0.000000,21.859856,4.231242,-16.477428,0.712568,0.712568,0.182864,-0.300671,-0.300671,-1.886869,0.376435,0.399721,62.689219,62.689219,435.704604,3,0.000000,true,
140.000000,3.300000,0.000000,290.722965,290.722965,290.722965,290.722965,872.168894,0.000000,0.000000,21.848579,4.180878,-16.548604,0.702429,0.702429,0.179141,-0.316095,-0.316095,-1.891182,0.374175,0.397626,65.647929,65.647929,436.550353,3,0.000000,true,
140.000000,3.250000,0.000000,289.361688,289.361688,289.361688,289.361688,868.085065,0.000000,0.000000,21.837734,4.130678,-16.619496,0.692249,0.692249,0.175503,-0.332699,-0.332699,-1.895485,0.371898,0.395517,68.833761,68.833761,437.417594,3,0.000000,true,
140.000000,3.200000,0.000000,288.039805,288.039805,288.039805,288.039805,864.119414,0.000000,0.000000,21.827364,4.080675,-16.690086,0.682024,0.682024,0.171952,-0.350548,-0.350548,-1.899782,0.369604,0.393397,72.259297,72.259297,438.310207,3,0.000000,true,
140.000000,3.150000,0.000000,286.764074,286.764074,286.764074,286.764074,860.292223,0.000000,0.000000,21.817511,4.030901,-16.760354,0.671754,0.671754,0.168493,-0.369693,-0.369693,-1.904080,0.367294,0.391266,75.934608,75.934608,439.232301,3,0.000000,true,
140.000000,3.100000,0.000000,285.541366,285.541366,285.541366,285.541366,856.624098,0.000000,0.000000,21.808216,3.981387,-16.830287,0.661436,0.661436,0.165127,-0.390166,-0.390166,-1.908386,0.364969,0.389127,79.866146,79.866146,440.188090,3,0.000000,true,
140.000000,3.050000,0.000000,284.378344,284.378344,284.378344,284.378344,853.135032,0.000000,0.000000,21.799516,3.932156,-16.899873,0.651071,0.651071,0.161858,-0.411975,-0.411975,-1.912705,0.362631,0.386981,84.055654,84.055654,441.181730,3,0.000000,true,
140.000000,3.000000,0.000000,283.281094,283.281094,283.281094,283.281094,849.843282,0.000000,0.000000,21.791441,3.883225,-16.969109,0.640657,0.640657,0.158687,-0.435096,-0.435096,-1.917046,0.360279,0.384828,88.499240,88.499240,442.217112,3,0.000000,true,
140.000000,2.950000,0.000000,282.254720,282.254720,282.254720,282.254720,846.764161,0.000000,0.000000,21.784013,3.834600,-17.037998,0.630193,0.630193,0.155614,-0.459475,-0.459475,-1.921413,0.357915,0.382671,93.186819,93.186819,443.297638,3,0.000000,true,
140.000000,2.900000,0.000000,281.302975,281.302975,281.302975,281.302975,843.908925,0.000000,0.000000,21.777240,3.786275,-17.106555,0.619681,0.619681,0.152639,-0.485025,-0.485025,-1.925813,0.355537,0.380508,98.102088,98.102088,444.426013,3,0.000000,true,
140.000000,2.850000,0.000000,280.427973,280.427973,280.427973,280.427973,841.283920,0.000000,0.000000,21.771120,3.738229,-17.174802,0.609121,0.609121,0.149757,-0.511629,-0.511629,-1.930251,0.353144,0.378339,103.223104,103.223104,445.604078,3,0.000000,true,
140.000000,2.800000,0.000000,279.630049,279.630049,279.630049,279.630049,838.890147,0.000000,0.000000,21.765636,3.690427,-17.242775,0.598517,0.598517,0.146966,-0.539146,-0.539146,-1.934729,0.350735,0.376162,108.523440,108.523440,446.832715,3,0.000000,true,
140.000000,2.750000,0.000000,278.907766,278.907766,278.907766,278.907766,836.723298,0.000000,0.000000,21.760760,3.642824,-17.310514,0.587871,0.587871,0.144258,-0.567421,-0.567421,-1.939252,0.348307,0.373975,113.973731,113.973731,448.111837,3,0.000000,true,
140.000000,2.700000,0.000000,278.258079,278.258079,278.258079,278.258079,834.774236,0.000000,0.000000,21.756453,3.595360,-17.378070,0.577186,0.577186,0.141629,-0.596294,-0.596294,-1.943819,0.345856,0.371776,119.543387,119.543387,449.440473,3,0.000000,true,
140.000000,2.650000,0.000000,277.676606,277.676606,277.676606,277.676606,833.029817,0.000000,0.000000,21.752668,3.547972,-17.445499,0.566466,0.566466,0.139069,-0.625604,-0.625604,-1.948431,0.343379,0.369560,125.202193,125.202193,450.816895,3,0.000000,true,
140.000000,2.600000,0.000000,277.157958,277.157958,277.157958,277.157958,831.473874,0.000000,0.000000,21.749356,3.500589,-17.512857,0.555715,0.555715,0.136570,-0.655202,-0.655202,-1.953087,0.340872,0.367325,130.921640,130.921640,452.238805,3,0.000000,true,
140.000000,2.550000,0.000000,276.696077,276.696077,276.696077,276.696077,830.088230,0.000000,0.000000,21.746462,3.453139,-17.580203,0.544937,0.544937,0.134126,-0.684952,-0.684952,-1.957787,0.338330,0.365065,136.675854,136.675854,453.703510,3,0.000000,true,
140.000000,2.500000,0.000000,276.284541,276.284541,276.284541,276.284541,828.853623,0.000000,0.000000,21.743934,3.405549,-17.647594,0.534137,0.534137,0.131727,-0.714736,-0.714736,-1.962528,0.335749,0.362776,142.442133,142.442133,455.208094,3,0.000000,true,
140.000000,2.450000,0.000000,275.916821,275.916821,275.916821,275.916821,827.750464,0.000000,0.000000,21.741720,3.357752,-17.715086,0.523317,0.523317,0.129365,-0.744452,-0.744452,-1.967308,0.333125,0.360455,148.201150,148.201150,456.749566,3,0.000000,true,
140.000000,2.400000,0.000000,275.586473,275.586473,275.586473,275.586473,826.759418,0.000000,0.000000,21.739771,3.309679,-17.782731,0.512482,0.512482,0.127035,-0.774016,-0.774016,-1.972124,0.330453,0.358096,153.936878,153.936878,458.324962,3,0.000000,true,
140.000000,2.350000,0.000000,275.287267,275.287267,275.287267,275.287267,825.861800,0.000000,0.000000,21.738042,3.261270,-17.850577,0.501636,0.501636,0.124729,-0.803362,-0.803362,-1.976976,0.327728,0.355695,159.636367,159.636367,459.931432,3,0.000000,true,
140.000000,2.300000,0.000000,275.013276,275.013276,275.013276,275.013276,825.039827,0.000000,0.000000,21.736492,3.212466,-17.918667,0.490779,0.490779,0.122441,-0.832435,-0.832435,-1.981859,0.324946,0.353249,165.289403,165.289403,461.566289,3,0.000000,true,
140.000000,2.250000,0.000000,274.758915,274.758915,274.758915,274.758915,824.276746,0.000000,0.000000,21.735084,3.163214,-17.987044,0.479917,0.479917,0.120166,-0.861197,-0.861197,-1.986773,0.322103,0.350753,170.888150,170.888150,463.227035,3,0.000000,true,
140.000000,2.200000,0.000000,274.518956,274.518956,274.518956,274.518956,823.556869,0.000000,0.000000,21.733786,3.113466,-18.055742,0.469051,0.469051,0.117899,-0.889615,-0.889615,-1.991714,0.319194,0.348202,176.426776,176.426776,464.911382,3,0.000000,true,
140.000000,2.150000,0.000000,274.288518,274.288518,274.288518,274.288518,822.865555,0.000000,0.000000,21.732566,3.063176,-18.124796,0.458183,0.458183,0.115635,-0.917671,-0.917671,-1.996682,0.316216,0.345594,181.901118,181.901118,466.617247,3,0.000000,true,
140.000000,2.100000,0.000000,274.063046,274.063046,274.063046,274.063046,822.189138,0.000000,0.000000,21.731401,3.012306,-18.194234,0.447315,0.447315,0.113371,-0.945348,-0.945348,-2.001674,0.313163,0.342924,187.308372,187.308372,468.342746,3,0.000000,true,
140.000000,2.050000,0.000000,273.838279,273.838279,273.838279,273.838279,821.514838,0.000000,0.000000,21.730266,2.960817,-18.264084,0.436448,0.436448,0.111103,-0.972640,-0.972640,-2.006689,0.310033,0.340188,192.646833,192.646833,470.086187,3,0.000000,true,
140.000000,2.000000,0.000000,273.610219,273.610219,273.610219,273.610219,820.830657,0.000000,0.000000,21.729143,2.908676,-18.334370,0.425586,0.425586,0.108829,-0.999541,-0.999541,-2.011726,0.306820,0.337383,197.915670,197.915670,471.846051,3,0.000000,true,
140.000000,1.950000,0.000000,273.375087,273.375087,273.375087,273.375087,820.125262,0.000000,0.000000,21.728013,2.855851,-18.405111,0.414727,0.414727,0.106545,-1.026052,-1.026052,-2.016783,0.303520,0.334505,203.114740,203.114740,473.620981,3,0.000000,true,
140.000000,1.900000,0.000000,273.129291,273.129291,273.129291,273.129291,819.387873,0.000000,0.000000,21.726863,2.802316,-18.476328,0.403875,0.403875,0.104250,-1.052176,-1.052176,-2.021859,0.300130,0.331549,208.244435,208.244435,475.409763,3,0.000000,true,
140.000000,1.850000,0.000000,272.869382,272.869382,272.869382,272.869382,818.608147,0.000000,0.000000,21.725677,2.748044,-18.548037,0.393030,0.393030,0.101940,-1.077917,-1.077917,-2.026953,0.296645,0.328513,213.305558,213.305558,477.211316,3,0.000000,true,
140.000000,1.800000,0.000000,272.592021,272.592021,272.592021,272.592021,817.776064,0.000000,0.000000,21.724446,2.693011,-18.620253,0.382192,0.382192,0.099615,-1.103281,-1.103281,-2.032065,0.293060,0.325392,218.299224,218.299224,479.024674,3,0.000000,true,
140.000000,1.750000,0.000000,272.293939,272.293939,272.293939,272.293939,816.881816,0.000000,0.000000,21.723159,2.637194,-18.692990,0.371364,0.371364,0.097273,-1.128276,-1.128276,-2.037194,0.289372,0.322183,223.226776,223.226776,480.848975,3,0.000000,true,
140.000000,1.700000,0.000000,271.971898,271.971898,271.971898,271.971898,815.915695,0.000000,0.000000,21.721808,2.580575,-18.766259,0.360544,0.360544,0.094912,-1.152910,-1.152910,-2.042339,0.285575,0.318881,228.089727,228.089727,482.683452,3,0.000000,true,
140.000000,1.650000,0.000000,271.622659,271.622659,271.622659,271.622659,814.867978,0.000000,0.000000,21.720386,2.523134,-18.840070,0.349735,0.349735,0.092531,-1.177193,-1.177193,-2.047499,0.281664,0.315482,232.889701,232.889701,484.527416,3,0.000000,true,
140.000000,1.600000,0.000000,271.242939,271.242939,271.242939,271.242939,813.728816,0.000000,0.000000,21.718885,2.464854,-18.914433,0.338936,0.338936,0.090129,-1.201132,-1.201132,-2.052674,0.277636,0.311983,237.628401,237.628401,486.380256,3,0.000000,true,
140.000000,1.550000,0.000000,270.829371,270.829371,270.829371,270.829371,812.488113,0.000000,0.000000,21.717301,2.405718,-18.989354,0.328148,0.328148,0.087704,-1.224739,-1.224739,-2.057863,0.273485,0.308378,242.307574,242.307574,488.241422,3,0.000000,true,
140.000000,1.500000,0.000000,270.378466,270.378466,270.378466,270.378466,811.135397,0.000000,0.000000,21.715629,2.345712,-19.064840,0.317372,0.317372,0.085257,-1.248022,-1.248022,-2.063067,0.269205,0.304663,246.928985,246.928985,490.110423,3,0.000000,true,
140.000000,1.450000,0.000000,269.886560,269.886560,269.886560,269.886560,809.659679,0.000000,0.000000,21.713864,2.284823,-19.140895,0.306607,0.306607,0.082786,-1.270991,-1.270991,-2.068284,0.264791,0.300834,251.494403,251.494403,491.986819,3,0.000000,true,
140.000000,1.400000,0.000000,269.349768,269.349768,269.349768,269.349768,808.049305,0.000000,0.000000,21.712004,2.223036,-19.217524,0.295855,0.295855,0.080290,-1.293655,-1.293655,-2.073514,0.260237,0.296885,256.005583,256.005583,493.870215,3,0.000000,true,
140.000000,1.350000,0.000000,268.763925,268.763925,268.763925,268.763925,806.291776,0.000000,0.000000,21.710045,2.160342,-19.294729,0.285115,0.285115,0.077770,-1.316024,-1.316024,-2.078758,0.255538,0.292811,260.464259,260.464259,495.760257,3,0.000000,true,
140.000000,1.300000,0.000000,268.124518,268.124518,268.124518,268.124518,804.373554,0.000000,0.000000,21.707985,2.096729,-19.372512,0.274388,0.274388,0.075224,-1.338108,-1.338108,-2.084015,0.250687,0.288608,264.872132,264.872132,497.656626,3,0.000000,true,
140.000000,1.250000,0.000000,267.426608,267.426608,267.426608,267.426608,802.279825,0.000000,0.000000,21.705821,2.032188,-19.450872,0.263674,0.263674,0.072652,-1.359914,-1.359914,-2.089284,0.245677,0.284268,269.230866,269.230866,499.559035,3,0.000000,true,
140.000000,1.200000,0.000000,266.664742,266.664742,266.664742,266.664742,799.994226,0.000000,0.000000,21.703551,1.966709,-19.529808,0.252973,0.252973,0.070054,-1.381452,-1.381452,-2.094565,0.240502,0.279786,273.542089,273.542089,501.467226,3,0.000000,true,
140.000000,1.150000,0.000000,265.832839,265.832839,265.832839,265.832839,797.498516,0.000000,0.000000,21.701174,1.900286,-19.609318,0.242285,0.242285,0.067429,-1.402730,-1.402730,-2.099859,0.235154,0.275155,277.807382,277.807382,503.380967,3,0.000000,true,
140.000000,1.100000,0.000000,264.924059,264.924059,264.924059,264.924059,794.772177,0.000000,0.000000,21.698688,1.832910,-19.689397,0.231611,0.231611,0.064778,-1.423756,-1.423756,-2.105165,0.229626,0.270369,282.028284,282.028284,505.300046,3,0.000000,true,
140.000000,1.050000,0.000000,263.930642,263.930642,263.930642,263.930642,791.791927,0.000000,0.000000,21.696091,1.764576,-19.770041,0.220950,0.220950,0.062100,-1.444539,-1.444539,-2.110482,0.223909,0.265419,286.206290,286.206290,507.224274,3,0.000000,true,
140.000000,1.000000,0.000000,262.843705,262.843705,262.843705,262.843705,788.531115,0.000000,0.000000,21.693382,1.695278,-19.851243,0.210302,0.210302,0.059395,-1.465087,-1.465087,-2.115811,0.217994,0.260298,290.342850,290.342850,509.153479,3,0.000000,true,
140.000000,0.950000,0.000000,261.652988,261.652988,261.652988,261.652988,784.958964,0.000000,0.000000,21.690559,1.625010,-19.932993,0.199668,0.199668,0.056664,-1.485406,-1.485406,-2.121151,0.211873,0.254996,294.439371,294.439371,511.087505,3,0.000000,true,
140.000000,0.900000,0.000000,260.346538,260.346538,260.346538,260.346538,781.039615,0.000000,0.000000,21.687621,1.553769,-20.015283,0.189047,0.189047,0.053905,-1.505504,-1.505504,-2.126502,0.205535,0.249502,298.497216,298.497216,513.026211,3,0.000000,true,
140.000000,0.850000,0.000000,258.910297,258.910297,258.910297,258.910297,776.730891,0.000000,0.000000,21.684565,1.481550,-20.098100,0.178440,0.178440,0.051120,-1.525389,-1.525389,-2.131864,0.198970,0.243806,302.517709,302.517709,514.969469,3,0.000000,true,
140.000000,0.800000,0.000000,257.327567,257.327567,257.327567,257.327567,771.982702,0.000000,0.000000,21.681391,1.408347,-20.181432,0.167846,0.167846,0.048308,-1.545067,-1.545067,-2.137236,0.192164,0.237895,306.502130,306.502130,516.917161,3,0.000000,true,
140.000000,0.750000,0.000000,255.578310,255.578310,255.578310,255.578310,766.734929,0.000000,0.000000,21.678095,1.334155,-20.265262,0.157265,0.157265,0.045470,-1.564545,-1.564545,-2.142619,0.185106,0.231754,310.451723,310.451723,518.869180,3,0.000000,true,
140.000000,0.700000,0.000000,253.638196,253.638196,253.638196,253.638196,760.914587,0.000000,0.000000,21.674675,1.258968,-20.349576,0.146697,0.146697,0.042605,-1.583828,-1.583828,-2.148012,0.177780,0.225364,314.367691,314.367691,520.825429,3,0.000000,true,
140.000000,0.650000,0.000000,251.477312,251.477312,251.477312,251.477312,754.431937,0.000000,0.000000,21.671130,1.182776,-20.434352,0.136142,0.136142,0.039715,-1.602925,-1.602925,-2.153415,0.170170,0.218706,318.251204,318.251204,522.785818,3,0.000000,true,
140.000000,0.600000,0.000000,249.058352,249.058352,249.058352,249.058352,747.175056,0.000000,0.000000,21.667455,1.105566,-20.519573,0.125600,0.125600,0.036799,-1.621840,-1.621840,-2.158827,0.162257,0.211754,322.103393,322.103393,524.750262,3,0.000000,true,
140.000000,0.550000,0.000000,246.334014,246.334014,246.334014,246.334014,739.002041,0.000000,0.000000,21.663648,1.027323,-20.605215,0.115071,0.115071,0.033858,-1.640580,-1.640580,-2.164248,0.154017,0.204477,325.925355,325.925355,526.718686,3,0.000000,true,
140.000000,0.500000,0.000000,243.243170,243.243170,243.243170,243.243170,729.729509,0.000000,0.000000,21.659705,0.948021,-20.691255,0.104554,0.104554,0.030893,-1.659150,-1.659150,-2.169677,0.145425,0.196835,329.718153,329.718153,528.691016,3,0.000000,true,
140.000000,0.450000,0.000000,239.705012,239.705012,239.705012,239.705012,719.115036,0.000000,0.000000,21.655622,0.867626,-20.777668,0.094049,0.094049,0.027903,-1.677555,-1.677555,-2.175115,0.136448,0.188778,333.482815,333.482815,530.667184,3,0.000000,true,
140.000000,0.400000,0.000000,235.609742,235.609742,235.609742,235.609742,706.829225,0.000000,0.000000,21.651394,0.786089,-20.864428,0.083555,0.083555,0.024889,-1.695802,-1.695802,-2.180561,0.127045,0.180237,337.220335,337.220335,532.647125,3,0.000000,true,
140.000000,0.350000,0.000000,230.803026,230.803026,230.803026,230.803026,692.409079,0.000000,0.000000,21.647018,0.703343,-20.951507,0.073074,0.073074,0.021853,-1.713895,-1.713895,-2.186014,0.117165,0.171120,340.931671,340.931671,534.630774,3,0.000000,true,
140.000000,0.300000,0.000000,225.058402,225.058402,225.058402,225.058402,675.175205,0.000000,0.000000,21.642487,0.619287,-21.038877,0.062603,0.062603,0.018793,-1.731840,-1.731840,-2.191474,0.106740,0.161295,344.617738,344.617738,536.618064,3,0.000000,true,
140.000000,0.250000,0.000000,218.024317,218.024317,218.024317,218.024317,654.072950,0.000000,0.000000,21.637797,0.533775,-21.126507,0.052144,0.052144,0.015712,-1.749640,-1.749640,-2.196941,0.095674,0.150562,348.279406,348.279406,538.608921,3,0.000000,true,
140.000000,0.200000,0.000000,209.111383,209.111383,209.111383,209.111383,627.334148,0.000000,0.000000,21.632942,0.446583,-21.214366,0.041695,0.041695,0.012610,-1.767301,-1.767301,-2.202413,0.083831,0.138602,351.917471,351.917471,540.603252,3,0.000000,true,
140.000000,0.150000,0.000000,197.214487,197.214487,197.214487,197.214487,591.643461,0.000000,0.000000,21.627917,0.357354,-21.302421,0.031257,0.031257,0.009487,-1.784826,-1.784826,-2.207890,0.071004,0.124850,355.532592,355.532592,542.600907,4,0.000000,true,
140.000000,0.100000,0.000000,179.853968,179.853968,179.853968,179.853968,539.561904,0.000000,0.000000,21.622715,0.265456,-21.390629,0.020828,0.020828,0.006344,-1.802216,-1.802216,-2.213371,0.056843,0.108141,359.125029,359.125029,544.601525,4,0.000000,true,
140.000000,0.050000,0.000000,149.139467,149.139467,149.139467,149.139467,447.418402,0.000000,0.000000,21.617336,0.169567,-21.478892,0.010409,0.010409,0.003181,-1.819464,-1.819464,-2.218850,0.040740,0.085238,362.692797,362.692797,546.603495,4,0.000000,true,
140.000000,0.000000,0.000000,-0.000000,-0.000000,-0.000000,-0.000000,-0.000001,0.000000,0.000000,21.612189,0.072610,-21.560674,-0.000000,-0.000000,-0.000000,-1.835316,-1.835316,-2.223924,0.032218,0.032218,365.976285,365.976285,548.459064,6,0.000000,true,
145.000000,4.000000,0.000000,300.583317,300.583317,300.583317,300.583317,901.749951,0.000000,0.000000,22.057161,5.378262,-15.180413,0.832651,0.832651,0.254697,-0.187728,-0.187728,-1.812601,0.425980,0.445444,40.950155,40.950155,423.142982,4,0.000000,true,
145.000000,3.950000,0.000000,299.091594,299.091594,299.091594,299.091594,897.274781,0.000000,0.000000,22.042737,5.325873,-15.255377,0.823008,0.823008,0.249984,-0.194563,-0.194563,-1.817418,0.424114,0.443682,42.258019,42.258019,423.939947,3,0.000000,true,
145.000000,3.900000,0.000000,297.595240,297.595240,297.595240,297.595240,892.785721,0.000000,0.000000,22.028451,5.273398,-15.330223,0.813336,0.813336,0.245329,-0.201844,-0.201844,-1.822194,0.422225,0.441900,43.651367,43.651367,424.735591,3,0.000000,true,
145.000000,3.850000,0.000000,296.095467,296.095467,296.095467,296.095467,888.286400,0.000000,0.000000,22.014314,5.220843,-15.404946,0.803633,0.803633,0.240733,-0.209612,-0.209612,-1.826930,0.420316,0.440098,45.137874,45.137874,425.530776,3,0.000000,true,
145.000000,3.800000,0.000000,294.593702,294.593702,294.593702,294.593702,883.781105,0.000000,0.000000,22.000341,5.168217,-15.479538,0.793901,0.793901,0.236198,-0.217910,-0.217910,-1.831628,0.418384,0.438276,46.725977,46.725977,426.326490,3,0.000000,true,
145.000000,3.750000,0.000000,293.091628,293.091628,293.091628,293.091628,879.274884,0.000000,0.000000,21.986548,5.115529,-15.553993,0.784137,0.784137,0.231725,-0.226787,-0.226787,-1.836290,0.416430,0.436434,48.424923,48.424923,427.123873,3,0.000000,true,
145.000000,3.700000,0.000000,291.591222,291.591222,291.591222,291.591222,874.773666,0.000000,0.000000,21.972953,5.062790,-15.628303,0.774342,0.774342,0.227315,-0.236296,-0.236296,-1.840917,0.414454,0.434572,50.244814,50.244814,427.924236,3,0.000000,true,
145.000000,3.650000,0.000000,290.094796,290.094796,290.094796,290.094796,870.284389,0.000000,0.000000,21.959575,5.010013,-15.702459,0.764515,0.764515,0.222970,-0.246493,-0.246493,-1.845511,0.412456,0.432691,52.196618,52.196618,428.729089,3,0.000000,true,
145.000000,3.600000,0.000000,288.605046,288.605046,288.605046,288.605046,865.815139,0.000000,0.000000,21.946439,4.957212,-15.776450,0.754654,0.754654,0.218691,-0.257441,-0.257441,-1.850074,0.410436,0.430790,54.292157,54.292157,429.540167,3,0.000000,true,
145.000000,3.550000,0.000000,287.125095,287.125095,287.125095,287.125095,861.375285,0.000000,0.000000,21.933569,4.904403,-15.850267,0.744759,0.744759,0.214482,-0.269204,-0.269204,-1.854611,0.408395,0.428871,56.544038,56.544038,430.359459,3,0.000000,true,
145.000000,3.500000,0.000000,285.658536,285.658536,285.658536,285.658536,856.975609,0.000000,0.000000,21.920993,4.851605,-15.923897,0.734828,0.734828,0.210344,-0.281851,-0.281851,-1.859123,0.406332,0.426932,58.965521,58.965521,431.189235,3,0.000000,true,
145.000000,3.450000,0.000000,284.209469,284.209469,284.209469,284.209469,852.628407,0.000000,0.000000,21.908744,4.798836,-15.997327,0.724860,0.724860,0.206281,-0.295454,-0.295454,-1.863614,0.404247,0.424976,61.570286,61.570286,432.032069,3,0.000000,true,
145.000000,3.400000,0.000000,282.782512,282.782512,282.782512,282.782512,848.347536,0.000000,0.000000,21.896855,4.746119,-16.070544,0.714853,0.714853,0.202295,-0.310083,-0.310083,-1.868089,0.402142,0.423003,64.372084,64.372084,432.890851,3,0.000000,true,
145.000000,3.350000,0.000000,281.382793,281.382793,281.382793,281.382793,844.148378,0.000000,0.000000,21.885364,4.693477,-16.143535,0.704805,0.704805,0.198389,-0.325807,-0.325807,-1.872552,0.400017,0.421013,67.384243,67.384243,433.768789,3,0.000000,true,
145.000000,3.300000,0.000000,280.015898,280.015898,280.015898,280.015898,840.047693,0.000000,0.000000,21.874308,4.640932,-16.216287,0.694716,0.694716,0.194568,-0.342689,-0.342689,-1.877008,0.397872,0.419008,70.619009,70.619009,434.669382,3,0.000000,true,
145.000000,3.250000,0.000000,278.687765,278.687765,278.687765,278.687765,836.063294,0.000000,0.000000,21.863727,4.588506,-16.288786,0.684583,0.684583,0.190834,-0.360782,-0.360782,-1.881464,0.395707,0.416988,74.086733,74.086733,435.596369,3,0.000000,true,
145.000000,3.200000,0.000000,277.404513,277.404513,277.404513,277.404513,832.213539,0.000000,0.000000,21.853660,4.536220,-16.361024,0.674405,0.674405,0.187190,-0.380124,-0.380124,-1.885924,0.393523,0.414954,77.794939,77.794939,436.553638,3,0.000000,true,
145.000000,3.150000,0.000000,276.172206,276.172206,276.172206,276.172206,828.516618,0.000000,0.000000,21.844142,4.484091,-16.432993,0.664181,0.664181,0.183639,-0.400732,-0.400732,-1.890395,0.391321,0.412908,81.747343,81.747343,437.545099,3,0.000000,true,
145.000000,3.100000,0.000000,274.996550,274.996550,274.996550,274.996550,824.989651,0.000000,0.000000,21.835204,4.432128,-16.504694,0.653909,0.653909,0.180182,-0.422599,-0.422599,-1.894885,0.389100,0.410849,85.942957,85.942957,438.574509,3,0.000000,true,
145.000000,3.050000,0.000000,273.882558,273.882558,273.882558,273.882558,821.647675,0.000000,0.000000,21.826871,4.380336,-16.576131,0.643589,0.643589,0.176822,-0.445690,-0.445690,-1.899398,0.386860,0.408778,90.375422,90.375422,439.645290,3,0.000000,true,
145.000000,3.000000,0.000000,272.834210,272.834210,272.834210,272.834210,818.502631,0.000000,0.000000,21.819156,4.328706,-16.647316,0.633222,0.633222,0.173556,-0.469940,-0.469940,-1.903940,0.384601,0.406694,95.032732,95.032732,440.760326,3,0.000000,true,
145.000000,2.950000,0.000000,271.854168,271.854168,271.854168,271.854168,815.562503,0.000000,0.000000,21.812063,4.277221,-16.718272,0.622808,0.622808,0.170383,-0.495255,-0.495255,-1.908518,0.382320,0.404598,99.897454,99.897454,441.921795,3,0.000000,true,
145.000000,2.900000,0.000000,270.943579,270.943579,270.943579,270.943579,812.830736,0.000000,0.000000,21.805583,4.225851,-16.789027,0.612350,0.612350,0.167300,-0.521517,-0.521517,-1.913134,0.380018,0.402487,104.947472,104.947472,443.131048,3,0.000000,true,
145.000000,2.850000,0.000000,270.102011,270.102011,270.102011,270.102011,810.306032,0.000000,0.000000,21.799697,4.174558,-16.859620,0.601849,0.601849,0.164303,-0.548591,-0.548591,-1.917791,0.377690,0.400359,110.157164,110.157164,444.388554,3,0.000000,true,
145.000000,2.800000,0.000000,269.327515,269.327515,269.327515,269.327515,807.982546,0.000000,0.000000,21.794374,4.123293,-16.930095,0.591308,0.591308,0.161384,-0.576329,-0.576329,-1.922492,0.375335,0.398213,115.498843,115.498843,445.693927,3,0.000000,true,
145.000000,2.750000,0.000000,268.616808,268.616808,268.616808,268.616808,805.850424,0.000000,0.000000,21.789576,4.071998,-17.000500,0.580731,0.580731,0.158538,-0.604583,-0.604583,-1.927238,0.372950,0.396045,120.944248,120.944248,447.046013,3,0.000000,true,
145.000000,2.700000,0.000000,267.965524,267.965524,267.965524,267.965524,803.896573,0.000000,0.000000,21.785259,4.020614,-17.070889,0.570122,0.570122,0.155756,-0.633208,-0.633208,-1.932028,0.370530,0.393852,126.465885,126.465885,448.443029,3,0.000000,true,
145.000000,2.650000,0.000000,267.368509,267.368509,267.368509,267.368509,802.105527,0.000000,0.000000,21.781373,3.969075,-17.141315,0.559484,0.559484,0.153032,-0.662068,-0.662068,-1.936861,0.368073,0.391630,132.038083,132.038083,449.882721,3,0.000000,true,
145.000000,2.600000,0.000000,266.820102,266.820102,266.820102,266.820102,800.460306,0.000000,0.000000,21.777871,3.917319,-17.211832,0.548821,0.548821,0.150357,-0.691041,-0.691041,-1.941736,0.365574,0.389376,137.637713,137.637713,451.362525,3,0.000000,true,
145.000000,2.550000,0.000000,266.314392,266.314392,266.314392,266.314392,798.943175,0.000000,0.000000,21.774703,3.865281,-17.282492,0.538138,0.538138,0.147724,-0.720023,-0.720023,-1.946652,0.363030,0.387086,143.244575,143.244575,452.879710,3,0.000000,true,
145.000000,2.500000,0.000000,265.845418,265.845418,265.845418,265.845418,797.536253,0.000000,0.000000,21.771822,3.812900,-17.353344,0.527437,0.527437,0.145125,-0.748922,-0.748922,-1.951606,0.360436,0.384756,148.841505,148.841505,454.431500,3,0.000000,true,
145.000000,2.450000,0.000000,265.407326,265.407326,265.407326,265.407326,796.221979,0.000000,0.000000,21.769185,3.760119,-17.424435,0.516723,0.516723,0.142554,-0.777665,-0.777665,-1.956596,0.357788,0.382382,154.414279,154.414279,456.015164,3,0.000000,true,
145.000000,2.400000,0.000000,264.994474,264.994474,264.994474,264.994474,794.983422,0.000000,0.000000,21.766749,3.706883,-17.495809,0.505997,0.505997,0.140005,-0.806192,-0.806192,-1.961620,0.355083,0.379960,159.951391,159.951391,457.628082,3,0.000000,true,
145.000000,2.350000,0.000000,264.601493,264.601493,264.601493,264.601493,793.804478,0.000000,0.000000,21.764478,3.653141,-17.567506,0.495264,0.495264,0.137472,-0.834455,-0.834455,-1.966676,0.352316,0.377486,165.443751,165.443751,459.267785,3,0.000000,true,
145.000000,2.300000,0.000000,264.223321,264.223321,264.223321,264.223321,792.669964,0.000000,0.000000,21.762340,3.598848,-17.639561,0.484525,0.484525,0.134950,-0.862418,-0.862418,-1.971761,0.349483,0.374956,170.884360,170.884360,460.931984,3,0.000000,true,
145.000000,2.250000,0.000000,263.855213,263.855213,263.855213,263.855213,791.565640,0.000000,0.000000,21.760302,3.543958,-17.712009,0.473783,0.473783,0.132434,-0.890055,-0.890055,-1.976873,0.346581,0.372367,176.267995,176.267995,462.618574,3,0.000000,true,
145.000000,2.200000,0.000000,263.492730,263.492730,263.492730,263.492730,790.478190,0.000000,0.000000,21.758340,3.488434,-17.784879,0.463040,0.463040,0.129920,-0.917346,-0.917346,-1.982012,0.343605,0.369715,181.590906,181.590906,464.325637,3,0.000000,true,
145.000000,2.150000,0.000000,263.131719,263.131719,263.131719,263.131719,789.395157,0.000000,0.000000,21.756430,3.432237,-17.858199,0.452297,0.452297,0.127406,-0.944278,-0.944278,-1.987175,0.340551,0.366997,186.850557,186.850557,466.051437,3,0.000000,true,
145.000000,2.100000,0.000000,262.768289,262.768289,262.768289,262.768289,788.304866,0.000000,0.000000,21.754552,3.375334,-17.931994,0.441557,0.441557,0.124886,-0.970845,-0.970845,-1.992361,0.337416,0.364207,192.045389,192.045389,467.794410,3,0.000000,true,
145.000000,2.050000,0.000000,262.398779,262.398779,262.398779,262.398779,787.196336,0.000000,0.000000,21.752687,3.317693,-18.006286,0.430820,0.430820,0.122359,-0.997042,-0.997042,-1.997568,0.334195,0.361344,197.174632,197.174632,469.553148,3,0.000000,true,
145.000000,2.000000,0.000000,262.019726,262.019726,262.019726,262.019726,786.059177,0.000000,0.000000,21.750820,3.259285,-18.081097,0.420089,0.420089,0.119823,-1.022869,-1.022869,-2.002796,0.330883,0.358402,202.238137,202.238137,471.326390,3,0.000000,true,
145.000000,1.950000,0.000000,261.627833,261.627833,261.627833,261.627833,784.883499,0.000000,0.000000,21.748937,3.200083,-18.156445,0.409363,0.409363,0.117274,-1.048328,-1.048328,-2.008043,0.327477,0.355378,207.236241,207.236241,473.113008,3,0.000000,true,
145.000000,1.900000,0.000000,261.219937,261.219937,261.219937,261.219937,783.659810,0.000000,0.000000,21.747027,3.140061,-18.232346,0.398645,0.398645,0.114711,-1.073424,-1.073424,-2.013308,0.323972,0.352268,212.169660,212.169660,474.911993,3,0.000000,true,
145.000000,1.850000,0.000000,260.792973,260.792973,260.792973,260.792973,782.378920,0.000000,0.000000,21.745080,3.079194,-18.308818,0.387934,0.387934,0.112132,-1.098162,-1.098162,-2.018591,0.320364,0.349068,217.039396,217.039396,476.722441,3,0.000000,true,
145.000000,1.800000,0.000000,260.343950,260.343950,260.343950,260.343950,781.031851,0.000000,0.000000,21.743087,3.017462,-18.385872,0.377232,0.377232,0.109535,-1.122549,-1.122549,-2.023891,0.316647,0.345774,221.846667,221.846667,478.543546,3,0.000000,true,
145.000000,1.750000,0.000000,259.869911,259.869911,259.869911,259.869911,779.609734,0.000000,0.000000,21.741041,2.954841,-18.463523,0.366540,0.366540,0.106920,-1.146593,-1.146593,-2.029208,0.312817,0.342381,226.592847,226.592847,480.374587,3,0.000000,true,
145.000000,1.700000,0.000000,259.367907,259.367907,259.367907,259.367907,778.103722,0.000000,0.000000,21.738935,2.891313,-18.541782,0.355858,0.355858,0.104284,-1.170302,-1.170302,-2.034540,0.308868,0.338885,231.279423,231.279423,482.214920,3,0.000000,true,
145.000000,1.650000,0.000000,258.834963,258.834963,258.834963,258.834963,776.504890,0.000000,0.000000,21.736763,2.826857,-18.620658,0.345186,0.345186,0.101627,-1.193684,-1.193684,-2.039887,0.304796,0.335282,235.907955,235.907955,484.063967,3,0.000000,true,
145.000000,1.600000,0.000000,258.268045,258.268045,258.268045,258.268045,774.804136,0.000000,0.000000,21.734523,2.761457,-18.700162,0.334526,0.334526,0.098948,-1.216749,-1.216749,-2.045249,0.300594,0.331566,240.480051,240.480051,485.921213,3,0.000000,true,
145.000000,1.550000,0.000000,257.664024,257.664024,257.664024,257.664024,772.992072,0.000000,0.000000,21.732209,2.695096,-18.780302,0.323877,0.323877,0.096246,-1.239504,-1.239504,-2.050626,0.296257,0.327732,244.997341,244.997341,487.786197,3,0.000000,true,
145.000000,1.500000,0.000000,257.019636,257.019636,257.019636,257.019636,771.058909,0.000000,0.000000,21.729819,2.627757,-18.861084,0.313240,0.313240,0.093520,-1.261960,-1.261960,-2.056016,0.291778,0.323776,249.461464,249.461464,489.658503,3,0.000000,true,
145.000000,1.450000,0.000000,256.331444,256.331444,256.331444,256.331444,768.994332,0.000000,0.000000,21.727350,2.559426,-18.942514,0.302615,0.302615,0.090770,-1.284124,-1.284124,-2.061421,0.287152,0.319691,253.874048,253.874048,491.537761,3,0.000000,true,
145.000000,1.400000,0.000000,255.595783,255.595783,255.595783,255.595783,766.787350,0.000000,0.000000,21.724801,2.490088,-19.024597,0.292003,0.292003,0.087995,-1.306006,-1.306006,-2.066839,0.282371,0.315472,258.236707,258.236707,493.423639,3,0.000000,true,
145.000000,1.350000,0.000000,254.808712,254.808712,254.808712,254.808712,764.426135,0.000000,0.000000,21.722169,2.419732,-19.107336,0.281403,0.281403,0.085194,-1.327614,-1.327614,-2.072271,0.277428,0.311114,262.551031,262.551031,495.315839,3,0.000000,true,
145.000000,1.300000,0.000000,253.965941,253.965941,253.965941,253.965941,761.897824,0.000000,0.000000,21.719453,2.348345,-19.190733,0.270816,0.270816,0.082368,-1.348957,-1.348957,-2.077716,0.272315,0.306608,266.818578,266.818578,497.214093,3,0.000000,true,
145.000000,1.250000,0.000000,253.062765,253.062765,253.062765,253.062765,759.188294,0.000000,0.000000,21.716653,2.275917,-19.274788,0.260242,0.260242,0.079515,-1.370042,-1.370042,-2.083173,0.267026,0.301950,271.040874,271.040874,499.118161,3,0.000000,true,
145.000000,1.200000,0.000000,252.093962,252.093962,252.093962,252.093962,756.281887,0.000000,0.000000,21.713766,2.202440,-19.359502,0.249682,0.249682,0.076636,-1.390878,-1.390878,-2.088644,0.261552,0.297131,275.219410,275.219410,501.027827,3,0.000000,true,
145.000000,1.150000,0.000000,251.053692,251.053692,251.053692,251.053692,753.161077,0.000000,0.000000,21.710794,2.127905,-19.444870,0.239135,0.239135,0.073731,-1.411473,-1.411473,-2.094127,0.255884,0.292145,279.355637,279.355637,502.942896,3,0.000000,true,
145.000000,1.100000,0.000000,249.935356,249.935356,249.935356,249.935356,749.806068,0.000000,0.000000,21.707734,2.052307,-19.530888,0.228601,0.228601,0.070798,-1.431834,-1.431834,-2.099623,0.250012,0.286983,283.450971,283.450971,504.863195,3,0.000000,true,
145.000000,1.050000,0.000000,248.731432,248.731432,248.731432,248.731432,746.194295,0.000000,0.000000,21.704587,1.975641,-19.617550,0.218081,0.218081,0.067839,-1.451968,-1.451968,-2.105131,0.243928,0.281636,287.506789,287.506789,506.788565,3,0.000000,true,
145.000000,1.000000,0.000000,247.433266,247.433266,247.433266,247.433266,742.299798,0.000000,0.000000,21.701351,1.897905,-19.704847,0.207574,0.207574,0.064853,-1.471884,-1.471884,-2.110651,0.237622,0.276096,291.524429,291.524429,508.718865,3,0.000000,true,
145.000000,0.950000,0.000000,246.030814,246.030814,246.030814,246.030814,738.092441,0.000000,0.000000,21.698026,1.819096,-19.792767,0.197080,0.197080,0.061840,-1.491587,-1.491587,-2.116183,0.231082,0.270353,295.505193,295.505193,510.653965,3,0.000000,true,
145.000000,0.900000,0.000000,244.512305,244.512305,244.512305,244.512305,733.536916,0.000000,0.000000,21.694611,1.739216,-19.881297,0.186600,0.186600,0.058800,-1.511085,-1.511085,-2.121727,0.224297,0.264395,299.450349,299.450349,512.593749,3,0.000000,true,
145.000000,0.850000,0.000000,242.863820,242.863820,242.863820,242.863820,728.591459,0.000000,0.000000,21.691103,1.658267,-19.970421,0.176133,0.176133,0.055733,-1.530384,-1.530384,-2.127282,0.217255,0.258212,303.361125,303.361125,514.538109,3,0.000000,true,
145.000000,0.800000,0.000000,241.068727,241.068727,241.068727,241.068727,723.206181,0.000000,0.000000,21.687502,1.576252,-20.060118,0.165680,0.165680,0.052641,-1.549491,-1.549491,-2.132848,0.209943,0.251789,307.238719,307.238719,516.486945,3,0.000000,true,
145.000000,0.750000,0.000000,239.106953,239.106953,239.106953,239.106953,717.320859,0.000000,0.000000,21.683806,1.493176,-20.150366,0.155239,0.155239,0.049522,-1.568411,-1.568411,-2.138425,0.202347,0.245111,311.084294,311.084294,518.440167,3,0.000000,true,
145.000000,0.700000,0.000000,236.953992,236.953992,236.953992,236.953992,710.861976,0.000000,0.000000,21.680011,1.409044,-20.241141,0.144811,0.144811,0.046378,-1.587152,-1.587152,-2.144012,0.194451,0.238161,314.898979,314.898979,520.397687,3,0.000000,true,
145.000000,0.650000,0.000000,234.579555,234.579555,234.579555,234.579555,703.738664,0.000000,0.000000,21.676115,1.323862,-20.332412,0.134396,0.134396,0.043209,-1.605719,-1.605719,-2.149610,0.186238,0.230918,318.683870,318.683870,522.359423,3,0.000000,true,
145.000000,0.600000,0.000000,231.945681,231.945681,231.945681,231.945681,695.837042,0.000000,0.000000,21.672113,1.237632,-20.424149,0.123993,0.123993,0.040014,-1.624117,-1.624117,-2.155218,0.177688,0.223358,322.440034,322.440034,524.325295,3,0.000000,true,
145.000000,0.550000,0.000000,229.004037,229.004037,229.004037,229.004037,687.012110,0.000000,0.000000,21.668002,1.150356,-20.516317,0.113602,0.113602,0.036796,-1.642353,-1.642353,-2.160834,0.168780,0.215449,326.168501,326.168501,526.295224,3,0.000000,true,
145.000000,0.500000,0.000000,225.691931,225.691931,225.691931,225.691931,677.075793,0.000000,0.000000,21.663777,1.062029,-20.608877,0.103223,0.103223,0.033554,-1.660431,-1.660431,-2.166460,0.159487,0.207155,329.870268,329.870268,528.269130,3,0.000000,true,
145.000000,0.450000,0.000000,221.926240,221.926240,221.926240,221.926240,665.778719,0.000000,0.000000,21.659431,0.972639,-20.701788,0.092856,0.092856,0.030289,-1.678358,-1.678358,-2.172093,0.149777,0.198424,333.546298,333.546298,530.246932,3,0.000000,true,
145.000000,0.400000,0.000000,217.593756,217.593756,217.593756,217.593756,652.781269,0.000000,0.000000,21.654958,0.882161,-20.795008,0.082499,0.082499,0.027002,-1.696137,-1.696137,-2.177734,0.139612,0.189191,337.197512,337.197512,532.228543,3,0.000000,true,
145.000000,0.350000,0.000000,212.535093,212.535093,212.535093,212.535093,637.605280,0.000000,0.000000,21.650352,0.790551,-20.888491,0.072153,0.072153,0.023693,-1.713774,-1.713774,-2.183382,0.128941,0.179363,340.824787,340.824787,534.213868,3,0.000000,true,
145.000000,0.300000,0.000000,206.516127,206.516127,206.516127,206.516127,619.548382,0.000000,0.000000,21.645605,0.697734,-20.982189,0.061818,0.061818,0.020364,-1.731273,-1.731273,-2.189036,0.117701,0.168811,344.428940,344.428940,536.202794,3,0.000000,true,
145.000000,0.250000,0.000000,199.173242,199.173242,199.173242,199.173242,597.519725,0.000000,0.000000,21.640709,0.603593,-21.076053,0.051493,0.051493,0.017015,-1.748638,-1.748638,-2.194695,0.105801,0.157334,348.010703,348.010703,538.195181,3,0.000000,true,
145.000000,0.200000,0.000000,189.896844,189.896844,189.896844,189.896844,569.690531,0.000000,0.000000,21.635656,0.507935,-21.170029,0.041177,0.041177,0.013646,-1.765873,-1.765873,-2.200357,0.093116,0.144614,351.570657,351.570657,540.190815,3,0.000000,true,
145.000000,0.150000,0.000000,177.544658,177.544658,177.544658,177.544658,532.633975,0.000000,0.000000,21.630438,0.410438,-21.264057,0.030870,0.030870,0.010260,-1.782979,-1.782979,-2.206023,0.079458,0.130082,355.109036,355.109036,542.189303,4,0.000000,true,
145.000000,0.100000,0.000000,159.558029,159.558029,159.558029,159.558029,478.674086,0.000000,0.000000,21.625048,0.310536,-21.358047,0.020572,0.020572,0.006856,-1.799952,-1.799952,-2.211687,0.064539,0.112570,358.624945,358.624945,544.189619,4,0.000000,true,
145.000000,0.050000,0.000000,127.843333,127.843333,127.843333,127.843333,383.529999,0.000000,0.000000,21.619492,0.207135,-21.451736,0.010282,0.010282,0.003436,-1.816758,-1.816758,-2.217336,0.048009,0.088867,362.110950,362.110950,546.186971,4,0.000000,true,
145.000000,0.000000,0.000000,0.000000,0.000000,0.000000,0.000000,0.000000,0.000000,0.000000,21.614468,0.109858,-21.533743,0.000000,0.000000,0.000000,-1.831384,-1.831384,-2.222285,0.041188,0.041188,365.148734,365.148734,547.938731,6,0.000000,true,
150.000000,4.000000,0.000000,289.495160,289.495160,289.495160,289.495160,868.485479,0.000000,0.000000,22.092173,5.908111,-14.784266,0.824269,0.824269,0.271463,-0.199843,-0.199843,-1.796922,0.447884,0.465423,43.180143,43.180143,420.791910,4,0.000000,true,
150.000000,3.950000,0.000000,287.983739,287.983739,287.983739,287.983739,863.951217,0.000000,0.000000,22.077559,5.854005,-14.860513,0.814680,0.814680,0.266641,-0.207270,-0.207270,-1.801782,0.446137,0.463759,44.599201,44.599201,421.603152,3,0.000000,true,
150.000000,3.900000,0.000000,286.468964,286.468964,286.468964,286.468964,859.406891,0.000000,0.000000,22.063097,5.799802,-14.936650,0.805062,0.805062,0.261877,-0.215188,-0.215188,-1.806606,0.444369,0.462075,46.111948,46.111948,422.414690,3,0.000000,true,
150.000000,3.850000,0.000000,284.952244,284.952244,284.952244,284.952244,854.856731,0.000000,0.000000,22.048800,5.745508,-15.012672,0.795414,0.795414,0.257172,-0.223640,-0.223640,-1.811395,0.442582,0.460374,47.726661,47.726661,423.227532,3,0.000000,true,
150.000000,3.800000,0.000000,283.435232,283.435232,283.435232,283.435232,850.305696,0.000000,0.000000,22.034685,5.691130,-15.088573,0.785736,0.785736,0.252527,-0.232671,-0.232671,-1.816151,0.440773,0.458653,49.452365,49.452365,424.042836,3,0.000000,true,
150.000000,3.750000,0.000000,281.919860,281.919860,281.919860,281.919860,845.759579,0.000000,0.000000,22.020770,5.636675,-15.164349,0.776028,0.776028,0.247945,-0.242335,-0.242335,-1.820876,0.438945,0.456913,51.298863,51.298863,424.861932,3,0.000000,true,
150.000000,3.700000,0.000000,280.408375,280.408375,280.408375,280.408375,841.225125,0.000000,0.000000,22.007074,5.582152,-15.239992,0.766287,0.766287,0.243426,-0.252685,-0.252685,-1.825572,0.437095,0.455154,53.276728,53.276728,425.686343,3,0.000000,true,
150.000000,3.650000,0.000000,278.903380,278.903380,278.903380,278.903380,836.710141,0.000000,0.000000,21.993620,5.527570,-15.315495,0.756514,0.756514,0.238972,-0.263780,-0.263780,-1.830242,0.435224,0.453377,55.397265,55.397265,426.517817,3,0.000000,true,
150.000000,3.600000,0.000000,277.407871,277.407871,277.407871,277.407871,832.223612,0.000000,0.000000,21.980433,5.472941,-15.390853,0.746707,0.746707,0.234586,-0.275683,-0.275683,-1.834888,0.433332,0.451581,57.672427,57.672427,427.358342,3,0.000000,true,
150.000000,3.550000,0.000000,275.925266,275.925266,275.925266,275.925266,827.775797,0.000000,0.000000,21.967540,5.418277,-15.466056,0.736865,0.736865,0.230271,-0.288458,-0.288458,-1.839514,0.431420,0.449766,60.114646,60.114646,428.210175,3,0.000000,true,
150.000000,3.500000,0.000000,274.459430,274.459430,274.459430,274.459430,823.378291,0.000000,0.000000,21.954971,5.363589,-15.541098,0.726986,0.726986,0.226028,-0.302171,-0.302171,-1.844123,0.429486,0.447933,62.736588,62.736588,429.075856,3,0.000000,true,
150.000000,3.450000,0.000000,273.014678,273.014678,273.014678,273.014678,819.044035,0.000000,0.000000,21.942758,5.308890,-15.615971,0.717069,0.717069,0.221862,-0.316886,-0.316886,-1.848720,0.427531,0.446082,65.550781,65.550781,429.958216,3,0.000000,true,
150.000000,3.400000,0.000000,271.595746,271.595746,271.595746,271.595746,814.787238,0.000000,0.000000,21.930936,5.254195,-15.690667,0.707113,0.707113,0.217774,-0.332665,-0.332665,-1.853309,0.425555,0.444213,68.569126,68.569126,430.860365,3,0.000000,true,
150.000000,3.350000,0.000000,270.207730,270.207730,270.207730,270.207730,810.623190,0.000000,0.000000,21.919541,5.199515,-15.765181,0.697116,0.697116,0.213769,-0.349563,-0.349563,-1.857896,0.423557,0.442327,71.802256,71.802256,431.785660,3,0.000000,true,
150.000000,3.300000,0.000000,268.855974,268.855974,268.855974,268.855974,806.567922,0.000000,0.000000,21.908607,5.144860,-15.839509,0.687076,0.687076,0.209848,-0.367623,-0.367623,-1.862485,0.421539,0.440424,75.258783,75.258783,432.737651,3,0.000000,true,
150.000000,3.250000,0.000000,267.545902,267.545902,267.545902,267.545902,802.637705,0.000000,0.000000,21.898170,5.090239,-15.913649,0.676992,0.676992,0.206016,-0.386874,-0.386874,-1.867084,0.419499,0.438505,78.944458,78.944458,433.719980,3,0.000000,true,
150.000000,3.200000,0.000000,266.282793,266.282793,266.282793,266.282793,798.848380,0.000000,0.000000,21.888261,5.035656,-15.987604,0.666864,0.666864,0.202273,-0.407324,-0.407324,-1.871697,0.417437,0.436568,82.861330,82.861330,434.736259,3,0.000000,true,
150.000000,3.150000,0.000000,265.071517,265.071517,265.071517,265.071517,795.214551,0.000000,0.000000,21.878905,4.981108,-16.061382,0.656689,0.656689,0.198621,-0.428959,-0.428959,-1.876332,0.415353,0.434614,87.007018,87.007018,435.789909,3,0.000000,true,
150.000000,3.100000,0.000000,263.916239,263.916239,263.916239,263.916239,791.748716,0.000000,0.000000,21.870123,4.926587,-16.134995,0.646470,0.646470,0.195061,-0.451739,-0.451739,-1.880993,0.413245,0.432643,91.374218,91.374218,436.883994,3,0.000000,true,
150.000000,3.050000,0.000000,262.820144,262.820144,262.820144,262.820144,788.460431,0.000000,0.000000,21.861923,4.872076,-16.208464,0.636204,0.636204,0.191591,-0.475597,-0.475597,-1.885687,0.411113,0.430654,95.950584,95.950584,438.021045,3,0.000000,true,
150.000000,3.000000,0.000000,261.785211,261.785211,261.785211,261.785211,785.355633,0.000000,0.000000,21.854307,4.817550,-16.281814,0.625895,0.625895,0.188211,-0.500440,-0.500440,-1.890417,0.408955,0.428646,100.719031,100.719031,439.202920,3,0.000000,true,
150.000000,2.950000,0.000000,260.812071,260.812071,260.812071,260.812071,782.436214,0.000000,0.000000,21.847264,4.762976,-16.355079,0.615543,0.615543,0.184915,-0.526158,-0.526158,-1.895188,0.406768,0.426617,105.658482,105.658482,440.430712,3,0.000000,true,
150.000000,2.900000,0.000000,259.899976,259.899976,259.899976,259.899976,779.699929,0.000000,0.000000,21.840774,4.708312,-16.428298,0.605150,0.605150,0.181699,-0.552621,-0.552621,-1.900002,0.404552,0.424565,110.744953,110.744953,441.704714,3,0.000000,true,
150.000000,2.850000,0.000000,259.046872,259.046872,259.046872,259.046872,777.140617,0.000000,0.000000,21.834807,4.653512,-16.501512,0.594721,0.594721,0.178558,-0.579694,-0.579694,-1.904860,0.402302,0.422487,115.952831,115.952831,443.024450,3,0.000000,true,
150.000000,2.800000,0.000000,258.249567,258.249567,258.249567,258.249567,774.748702,0.000000,0.000000,21.829328,4.598523,-16.574770,0.584257,0.584257,0.175485,-0.607240,-0.607240,-1.909764,0.400017,0.420381,121.256161,121.256161,444.388766,3,0.000000,true,
150.000000,2.750000,0.000000,257.503953,257.503953,257.503953,257.503953,772.511858,0.000000,0.000000,21.824294,4.543291,-16.648120,0.573763,0.573763,0.172473,-0.635126,-0.635126,-1.914712,0.397692,0.418245,126.629790,126.629790,445.795952,3,0.000000,true,
150.000000,2.700000,0.000000,256.805253,256.805253,256.805253,256.805253,770.415760,0.000000,0.000000,21.819662,4.487758,-16.721610,0.563242,0.563242,0.169515,-0.663227,-0.663227,-1.919705,0.395326,0.416074,132.050259,132.050259,447.243881,3,0.000000,true,
150.000000,2.650000,0.000000,256.148267,256.148267,256.148267,256.148267,768.444801,0.000000,0.000000,21.815387,4.431869,-16.795288,0.552698,0.552698,0.166603,-0.691434,-0.691434,-1.924740,0.392914,0.413865,137.496412,137.496412,448.730154,3,0.000000,true,
150.000000,2.600000,0.000000,255.527579,255.527579,255.527579,255.527579,766.582737,0.000000,0.000000,21.811423,4.375568,-16.869202,0.542135,0.542135,0.163730,-0.719648,-0.719648,-1.929815,0.390452,0.411615,142.949717,142.949717,450.252227,3,0.000000,true,
150.000000,2.550000,0.000000,254.937734,254.937734,254.937734,254.937734,764.813201,0.000000,0.000000,21.807728,4.318804,-16.943394,0.531555,0.531555,0.160890,-0.747785,-0.747785,-1.934929,0.387939,0.409321,148.394357,148.394357,451.807513,3,0.000000,true,
150.000000,2.500000,0.000000,254.373365,254.373365,254.373365,254.373365,763.120096,0.000000,0.000000,21.804262,4.261526,-17.017907,0.520962,0.520962,0.158076,-0.775779,-0.775779,-1.940080,0.385369,0.406979,153.817156,153.817156,453.393465,3,0.000000,true,
150.000000,2.450000,0.000000,253.829288,253.829288,253.829288,253.829288,761.487865,0.000000,0.000000,21.800986,4.203686,-17.092780,0.510359,0.510359,0.155282,-0.803571,-0.803571,-1.945264,0.382739,0.404585,159.207375,159.207375,455.007634,3,0.000000,true,
150.000000,2.400000,0.000000,253.300554,253.300554,253.300554,253.300554,759.901662,0.000000,0.000000,21.797867,4.145240,-17.168048,0.499748,0.499748,0.152504,-0.831119,-0.831119,-1.950480,0.380046,0.402136,164.556463,164.556463,456.647709,3,0.000000,true,
150.000000,2.350000,0.000000,252.782478,252.782478,252.782478,252.782478,758.347434,0.000000,0.000000,21.794874,4.086147,-17.243744,0.489132,0.489132,0.149735,-0.858386,-0.858386,-1.955727,0.377286,0.399628,169.857773,169.857773,458.311537,3,0.000000,true,
150.000000,2.300000,0.000000,252.270651,252.270651,252.270651,252.270651,756.811953,0.000000,0.000000,21.791979,4.026367,-17.319900,0.478514,0.478514,0.146973,-0.885348,-0.885348,-1.961001,0.374455,0.397059,175.106280,175.106280,459.997135,3,0.000000,true,
150.000000,2.250000,0.000000,251.760932,251.760932,251.760932,251.760932,755.282795,0.000000,0.000000,21.789158,3.965865,-17.396543,0.467894,0.467894,0.144212,-0.911986,-0.911986,-1.966301,0.371549,0.394424,180.298323,180.298323,461.702690,3,0.000000,true,
150.000000,2.200000,0.000000,251.249431,251.249431,251.249431,251.249431,753.748294,0.000000,0.000000,21.786390,3.904605,-17.473700,0.457275,0.457275,0.141450,-0.938287,-0.938287,-1.971626,0.368566,0.391719,185.431364,185.431364,463.426554,3,0.000000,true,
150.000000,2.150000,0.000000,250.732492,250.732492,250.732492,250.732492,752.197477,0.000000,0.000000,21.783655,3.842556,-17.551394,0.446658,0.446658,0.138684,-0.964243,-0.964243,-1.976975,0.365499,0.388941,190.503786,190.503786,465.167240,3,0.000000,true,
150.000000,2.100000,0.000000,250.206664,250.206664,250.206664,250.206664,750.619993,0.000000,0.000000,21.780937,3.779687,-17.629648,0.436045,0.436045,0.135910,-0.989850,-0.989850,-1.982345,0.362347,0.386087,195.514716,195.514716,466.923406,3,0.000000,true,
150.000000,2.050000,0.000000,249.668675,249.668675,249.668675,249.668675,749.006024,0.000000,0.000000,21.778222,3.715969,-17.708482,0.425437,0.425437,0.133126,-1.015107,-1.015107,-1.987735,0.359103,0.383152,200.463873,200.463873,468.693847,3,0.000000,true,
150.000000,2.000000,0.000000,249.115404,249.115404,249.115404,249.115404,747.346212,0.000000,0.000000,21.775497,3.651374,-17.787918,0.414835,0.414835,0.130331,-1.040016,-1.040016,-1.993146,0.355765,0.380132,205.351446,205.351446,470.477481,3,0.000000,true,
150.000000,1.950000,0.000000,248.543857,248.543857,248.543857,248.543857,745.631570,0.000000,0.000000,21.772751,3.585876,-17.867971,0.404239,0.404239,0.127522,-1.064579,-1.064579,-1.998575,0.352326,0.377023,210.177991,210.177991,472.273339,3,0.000000,true,
150.000000,1.900000,0.000000,247.951135,247.951135,247.951135,247.951135,743.853404,0.000000,0.000000,21.769976,3.519448,-17.948660,0.393652,0.393652,0.124697,-1.088802,-1.088802,-2.004022,0.348783,0.373821,214.944351,214.944351,474.080556,3,0.000000,true,
150.000000,1.850000,0.000000,247.334411,247.334411,247.334411,247.334411,742.003233,0.000000,0.000000,21.767163,3.452066,-18.030002,0.383073,0.383073,0.121855,-1.112691,-1.112691,-2.009486,0.345131,0.370521,219.651582,219.651582,475.898356,3,0.000000,true,
150.000000,1.800000,0.000000,246.690904,246.690904,246.690904,246.690904,740.072711,0.000000,0.000000,21.764307,3.383705,-18.112010,0.372503,0.372503,0.118994,-1.136252,-1.136252,-2.014967,0.341363,0.367119,224.300903,224.300903,477.726047,3,0.000000,true,
150.000000,1.750000,0.000000,246.017850,246.017850,246.017850,246.017850,738.053550,0.000000,0.000000,21.761401,3.314342,-18.194700,0.361943,0.361943,0.116114,-1.159493,-1.159493,-2.020464,0.337476,0.363610,228.893649,228.893649,479.563009,3,0.000000,true,
150.000000,1.700000,0.000000,245.312479,245.312479,245.312479,245.312479,735.937438,0.000000,0.000000,21.758441,3.243953,-18.278086,0.351393,0.351393,0.113213,-1.182422,-1.182422,-2.025977,0.333462,0.359989,233.431240,233.431240,481.408690,3,0.000000,true,
150.000000,1.650000,0.000000,244.571988,244.571988,244.571988,244.571988,733.715963,0.000000,0.000000,21.755425,3.172517,-18.362181,0.340855,0.340855,0.110291,-1.205047,-1.205047,-2.031504,0.329315,0.356249,237.915147,237.915147,483.262599,3,0.000000,true,
150.000000,1.600000,0.000000,243.793508,243.793508,243.793508,243.793508,731.380523,0.000000,0.000000,21.752348,3.100010,-18.446997,0.330327,0.330327,0.107346,-1.227375,-1.227375,-2.037047,0.325030,0.352386,242.346877,242.346877,485.124294,3,0.000000,true,
150.000000,1.550000,0.000000,242.974080,242.974080,242.974080,242.974080,728.922239,0.000000,0.000000,21.749209,3.026412,-18.532545,0.319811,0.319811,0.104377,-1.249416,-1.249416,-2.042604,0.320598,0.348394,246.727949,246.727949,486.993385,3,0.000000,true,
150.000000,1.500000,0.000000,242.110617,242.110617,242.110617,242.110617,726.331852,0.000000,0.000000,21.746006,2.951701,-18.618837,0.309307,0.309307,0.101385,-1.271177,-1.271177,-2.048176,0.316013,0.344265,251.059889,251.059889,488.869524,3,0.000000,true,
150.000000,1.450000,0.000000,241.199870,241.199870,241.199870,241.199870,723.599609,0.000000,0.000000,21.742739,2.875858,-18.705882,0.298816,0.298816,0.098368,-1.292668,-1.292668,-2.053762,0.311268,0.339995,255.344210,255.344210,490.752403,3,0.000000,true,
150.000000,1.400000,0.000000,240.238379,240.238379,240.238379,240.238379,720.715137,0.000000,0.000000,21.739407,2.798862,-18.793690,0.288337,0.288337,0.095326,-1.313895,-1.313895,-2.059362,0.306353,0.335574,259.582413,259.582413,492.641746,3,0.000000,true,
150.000000,1.350000,0.000000,239.222430,239.222430,239.222430,239.222430,717.667291,0.000000,0.000000,21.736009,2.720695,-18.882267,0.277871,0.277871,0.092259,-1.334867,-1.334867,-2.064976,0.301260,0.330997,263.775976,263.775976,494.537312,3,0.000000,true,
150.000000,1.300000,0.000000,238.147992,238.147992,238.147992,238.147992,714.443976,0.000000,0.000000,21.732547,2.641339,-18.971621,0.267417,0.267417,0.089165,-1.355591,-1.355591,-2.070604,0.295981,0.326256,267.926354,267.926354,496.438888,3,0.000000,true,
150.000000,1.250000,0.000000,237.010644,237.010644,237.010644,237.010644,711.031932,0.000000,0.000000,21.729020,2.560779,-19.061756,0.256977,0.256977,0.086046,-1.376076,-1.376076,-2.076246,0.290505,0.321341,272.034972,272.034972,498.346287,3,0.000000,true,
150.000000,1.200000,0.000000,235.805492,235.805492,235.805492,235.805492,707.416475,0.000000,0.000000,21.725430,2.478998,-19.152676,0.246550,0.246550,0.082900,-1.396330,-1.396330,-2.081901,0.284822,0.316244,276.103228,276.103228,500.259343,3,0.000000,true,
150.000000,1.150000,0.000000,234.527058,234.527058,234.527058,234.527058,703.581175,0.000000,0.000000,21.721776,2.395985,-19.244382,0.236136,0.236136,0.079727,-1.416358,-1.416358,-2.087570,0.278922,0.310956,280.132488,280.132488,502.177913,3,0.000000,true,
150.000000,1.100000,0.000000,233.169154,233.169154,233.169154,233.169154,699.507461,0.000000,0.000000,21.718061,2.311729,-19.336873,0.225736,0.225736,0.076528,-1.436169,-1.436169,-2.093253,0.272792,0.305468,284.124086,284.124086,504.101874,3,0.000000,true,
150.000000,1.050000,0.000000,231.724708,231.724708,231.724708,231.724708,695.174125,0.000000,0.000000,21.714285,2.226220,-19.430146,0.215349,0.215349,0.073302,-1.455769,-1.455769,-2.098950,0.266422,0.299768,288.079328,288.079328,506.031117,3,0.000000,true,
150.000000,1.000000,0.000000,230.185564,230.185564,230.185564,230.185564,690.556692,0.000000,0.000000,21.710449,2.139454,-19.524193,0.204976,0.204976,0.070049,-1.475166,-1.475166,-2.104660,0.259799,0.293846,291.999486,291.999486,507.965546,3,0.000000,true,
150.000000,0.950000,0.000000,228.542208,228.542208,228.542208,228.542208,685.626624,0.000000,0.000000,21.706552,2.051429,-19.619004,0.194616,0.194616,0.066769,-1.494365,-1.494365,-2.110383,0.252908,0.287691,295.885802,295.885802,509.905081,3,0.000000,true,
150.000000,0.900000,0.000000,226.783431,226.783431,226.783431,226.783431,680.350292,0.000000,0.000000,21.702596,1.962146,-19.714564,0.184269,0.184269,0.063463,-1.513374,-1.513374,-2.116120,0.245737,0.281288,299.739489,299.739489,511.849648,3,0.000000,true,
150.000000,0.850000,0.000000,224.895883,224.895883,224.895883,224.895883,674.687650,0.000000,0.000000,21.698580,1.871610,-19.810855,0.173935,0.173935,0.060130,-1.532199,-1.532199,-2.121870,0.238271,0.274626,303.561726,303.561726,513.799181,3,0.000000,true,
150.000000,0.800000,0.000000,222.863496,222.863496,222.863496,222.863496,668.590487,0.000000,0.000000,21.694503,1.779831,-19.907853,0.163615,0.163615,0.056771,-1.550845,-1.550845,-2.127633,0.230494,0.267688,307.353662,307.353662,515.753619,3,0.000000,true,
150.000000,0.750000,0.000000,220.666706,220.666706,220.666706,220.666706,662.000119,0.000000,0.000000,21.690363,1.686824,-20.005527,0.153307,0.153307,0.053386,-1.569320,-1.569320,-2.133409,0.222390,0.260460,311.116415,311.116415,517.712902,3,0.000000,true,
150.000000,0.700000,0.000000,218.281425,218.281425,218.281425,218.281425,654.844275,0.000000,0.000000,21.686159,1.592607,-20.103843,0.143012,0.143012,0.049976,-1.587628,-1.587628,-2.139198,0.213942,0.252922,314.851067,314.851067,519.676969,3,0.000000,true,
150.000000,0.650000,0.000000,215.677615,215.677615,215.677615,215.677615,647.032845,0.000000,0.000000,21.681886,1.497203,-20.202758,0.132730,0.132730,0.046541,-1.605776,-1.605776,-2.144998,0.205131,0.245054,318.558665,318.558665,521.645752,3,0.000000,true,
150.000000,0.600000,0.000000,212.817313,212.817313,212.817313,212.817313,638.451940,0.000000,0.000000,21.677540,1.400636,-20.302225,0.122459,0.122459,0.043082,-1.623769,-1.623769,-2.150810,0.195938,0.236831,322.240219,322.240219,523.619178,3,0.000000,true,
150.000000,0.550000,0.000000,209.651804,209.651804,209.651804,209.651804,628.955413,0.000000,0.000000,21.673116,1.302935,-20.402188,0.112200,0.112200,0.039599,-1.641611,-1.641611,-2.156633,0.186339,0.228224,325.896694,325.896694,525.597159,3,0.000000,true,
150.000000,0.500000,0.000000,206.117466,206.117466,206.117466,206.117466,618.352397,0.000000,0.000000,21.668606,1.204127,-20.502586,0.101953,0.101953,0.036093,-1.659309,-1.659309,-2.162466,0.176309,0.219196,329.529008,329.529008,527.579594,3,0.000000,true,
150.000000,0.450000,0.000000,202.129450,202.129450,202.129450,202.129450,606.388351,0.000000,0.000000,21.664003,1.104235,-20.603351,0.091717,0.091717,0.032566,-1.676867,-1.676867,-2.168308,0.165819,0.209700,333.138025,333.138025,529.566357,3,0.000000,true,
150.000000,0.400000,0.000000,197.571688,197.571688,197.571688,197.571688,592.715064,0.000000,0.000000,21.659298,1.003275,-20.704410,0.081491,0.081491,0.029018,-1.694289,-1.694289,-2.174159,0.154833,0.199673,336.724541,336.724541,531.557297,3,0.000000,true,
150.000000,0.350000,0.000000,192.280240,192.280240,192.280240,192.280240,576.840721,0.000000,0.000000,21.654480,0.901248,-20.805684,0.071275,0.071275,0.025449,-1.711579,-1.711579,-2.180016,0.143308,0.189026,340.289266,340.289266,533.552220,3,0.000000,true,
150.000000,0.300000,0.000000,186.013847,186.013847,186.013847,186.013847,558.041542,0.000000,0.000000,21.649537,0.798127,-20.907089,0.061069,0.061069,0.021862,-1.728740,-1.728740,-2.185880,0.131185,0.177632,343.832786,343.832786,535.550873,3,0.000000,true,
150.000000,0.250000,0.000000,178.397570,178.397570,178.397570,178.397570,535.192710,0.000000,0.000000,21.644459,0.693848,-21.008535,0.050872,0.050872,0.018256,-1.745776,-1.745776,-2.191747,0.118389,0.165300,347.355487,347.355487,537.552901,3,0.000000,true,
150.000000,0.200000,0.000000,168.803208,168.803208,168.803208,168.803208,506.409623,0.000000,0.000000,21.639232,0.588281,-21.109921,0.040683,0.040683,0.014634,-1.762687,-1.762687,-2.197617,0.104813,0.151715,350.857363,350.857363,539.557728,3,0.000000,true,
150.000000,0.150000,0.000000,156.056121,156.056121,156.056121,156.056121,468.168362,0.000000,0.000000,21.633847,0.481192,-21.211123,0.030502,0.030502,0.010996,-1.779468,-1.779468,-2.203483,0.090313,0.136322,354.337436,354.337436,541.564227,4,0.000000,true,
150.000000,0.100000,0.000000,137.538819,137.538819,137.538819,137.538819,412.616457,0.000000,0.000000,21.628298,0.372181,-21.311924,0.020328,0.020328,0.007344,-1.796100,-1.796100,-2.209338,0.074709,0.117982,357.791478,357.791478,543.569370,4,0.000000,true,
150.000000,0.050000,0.000000,105.115201,105.115201,105.115201,105.115201,315.345604,0.000000,0.000000,21.622613,0.260817,-21.411565,0.010161,0.010161,0.003678,-1.812473,-1.812473,-2.215139,0.058086,0.093684,361.196508,361.196508,545.559088,4,0.000000,true,
150.000000,0.000000,0.000000,0.000000,0.000000,0.000000,0.000000,0.000000,0.000000,0.000000,21.617921,0.166845,-21.491092,0.000000,0.000000,0.000000,-1.825501,-1.825501,-2.219781,0.053054,0.053054,363.909267,363.909267,547.153352,6,0.000000,true,
132.500000,4.000000,0.000000,326.491333,326.491333,326.491333,326.491333,979.474000,0.000000,0.000000,22.006278,4.225769,-15.992008,0.854081,0.854081,0.211838,-0.157930,-0.157930,-1.851388,0.370471,0.394933,35.435904,35.435904,428.983392,4,0.000000,true,
132.500000,3.950000,0.000000,325.041723,325.041723,325.041723,325.041723,975.125170,0.000000,0.000000,21.992261,4.178864,-16.063125,0.844273,0.844273,0.207454,-0.163274,-0.163274,-1.856021,0.368378,0.392998,36.462898,36.462898,429.735161,3,0.000000,true,
132.500000,3.900000,0.000000,323.584096,323.584096,323.584096,323.584096,970.752288,0.000000,0.000000,21.978344,4.131888,-16.134112,0.834434,0.834434,0.203131,-0.168948,-0.168948,-1.860601,0.366262,0.391042,37.553103,37.553103,430.481976,3,0.000000,true,
132.500000,3.850000,0.000000,322.119096,322.119096,322.119096,322.119096,966.357288,0.000000,0.000000,21.964535,4.084850,-16.204965,0.824566,0.824566,0.198868,-0.174980,-0.174980,-1.865131,0.364121,0.389064,38.712117,38.712117,431.224390,3,0.000000,true,
132.500000,3.800000,0.000000,320.647502,320.647502,320.647502,320.647502,961.942505,0.000000,0.000000,21.950843,4.037754,-16.275676,0.814668,0.814668,0.194665,-0.181403,-0.181403,-1.869611,0.361956,0.387064,39.946149,39.946149,431.963031,3,0.000000,true,
132.500000,3.750000,0.000000,319.170247,319.170247,319.170247,319.170247,957.510742,0.000000,0.000000,21.937278,3.990611,-16.346241,0.804739,0.804739,0.190523,-0.188252,-0.188252,-1.874043,0.359767,0.385043,41.262092,41.262092,432.698616,3,0.000000,true,
132.500000,3.700000,0.000000,317.688454,317.688454,317.688454,317.688454,953.065362,0.000000,0.000000,21.923851,3.943430,-16.416651,0.794779,0.794779,0.186442,-0.195568,-0.195568,-1.878427,0.357554,0.383000,42.667599,42.667599,433.431962,3,0.000000,true,
132.500000,3.650000,0.000000,316.203463,316.203463,316.203463,316.203463,948.610388,0.000000,0.000000,21.910576,3.896223,-16.486898,0.784789,0.784789,0.182422,-0.203394,-0.203394,-1.882766,0.355316,0.380936,44.171160,44.171160,434.164007,3,0.000000,true,
132.500000,3.600000,0.000000,314.716874,314.716874,314.716874,314.716874,944.150622,0.000000,0.000000,21.897468,3.849003,-16.556973,0.774767,0.774767,0.178466,-0.211779,-0.211779,-1.887061,0.353055,0.378851,45.782182,45.782182,434.895833,3,0.000000,true,
132.500000,3.550000,0.000000,313.230596,313.230596,313.230596,313.230596,939.691787,0.000000,0.000000,21.884543,3.801786,-16.626866,0.764713,0.764713,0.174574,-0.220777,-0.220777,-1.891314,0.350769,0.376745,47.511073,47.511073,435.628688,3,0.000000,true,
132.500000,3.500000,0.000000,311.746895,311.746895,311.746895,311.746895,935.240685,0.000000,0.000000,21.871821,3.754590,-16.696563,0.754627,0.754627,0.170746,-0.230449,-0.230449,-1.895527,0.348461,0.374620,49.369303,49.369303,436.364015,3,0.000000,true,
132.500000,3.450000,0.000000,310.268459,310.268459,310.268459,310.268459,930.805376,0.000000,0.000000,21.859323,3.707436,-16.766052,0.744507,0.744507,0.166986,-0.240859,-0.240859,-1.899703,0.346130,0.372475,51.369455,51.369455,437.103487,3,0.000000,true,
132.500000,3.400000,0.000000,308.798459,308.798459,308.798459,308.798459,926.395376,0.000000,0.000000,21.847076,3.660350,-16.835316,0.734353,0.734353,0.163294,-0.252078,-0.252078,-1.903844,0.343777,0.370312,53.525239,53.525239,437.849042,3,0.000000,true,
132.500000,3.350000,0.000000,307.340620,307.340620,307.340620,307.340620,922.021859,0.000000,0.000000,21.835108,3.613358,-16.904339,0.724164,0.724164,0.159673,-0.264183,-0.264183,-1.907953,0.341404,0.368132,55.851445,55.851445,438.602919,3,0.000000,true,
132.500000,3.300000,0.000000,305.899289,305.899289,305.899289,305.899289,917.697866,0.000000,0.000000,21.823450,3.566493,-16.973100,0.713937,0.713937,0.156125,-0.277255,-0.277255,-1.912034,0.339011,0.365936,58.363821,58.363821,439.367699,3,0.000000,true,
132.500000,3.250000,0.000000,304.479493,304.479493,304.479493,304.479493,913.438478,0.000000,0.000000,21.812139,3.519791,-17.041578,0.703673,0.703673,0.152654,-0.291380,-0.291380,-1.916091,0.336600,0.363726,61.078823,61.078823,440.146338,3,0.000000,true,
132.500000,3.200000,0.000000,303.086980,303.086980,303.086980,303.086980,909.260939,0.000000,0.000000,21.801214,3.473290,-17.109750,0.693369,0.693369,0.149262,-0.306645,-0.306645,-1.920129,0.334173,0.361505,64.013214,64.013214,440.942192,3,0.000000,true,
132.500000,3.150000,0.000000,301.728221,301.728221,301.728221,301.728221,905.184664,0.000000,0.000000,21.790720,3.427036,-17.177588,0.683023,0.683023,0.145953,-0.323133,-0.323133,-1.924153,0.331731,0.359275,67.183462,67.183462,441.759025,3,0.000000,true,
132.500000,3.100000,0.000000,300.410363,300.410363,300.410363,300.410363,901.231090,0.000000,0.000000,21.780702,3.381073,-17.245069,0.672634,0.672634,0.142731,-0.340925,-0.340925,-1.928170,0.329278,0.357038,70.604904,70.604904,442.600987,3,0.000000,true,
132.500000,3.050000,0.000000,299.141096,299.141096,299.141096,299.141096,897.423288,0.000000,0.000000,21.771207,3.335449,-17.312164,0.662200,0.662200,0.139599,-0.360086,-0.360086,-1.932185,0.326815,0.354797,74.290683,74.290683,443.472550,3,0.000000,true,
132.500000,3.000000,0.000000,297.928430,297.928430,297.928430,297.928430,893.785290,0.000000,0.000000,21.762283,3.290209,-17.378850,0.651719,0.651719,0.136561,-0.380666,-0.380666,-1.936207,0.324346,0.352555,78.250486,78.250486,444.378398,3,0.000000,true,
132.500000,2.950000,0.000000,296.780364,296.780364,296.780364,296.780364,890.341091,0.000000,0.000000,21.753974,3.245396,-17.445106,0.641190,0.641190,0.133621,-0.402689,-0.402689,-1.940241,0.321871,0.350315,82.489197,82.489197,445.323252,3,0.000000,true,
132.500000,2.900000,0.000000,295.704453,295.704453,295.704453,295.704453,887.113360,0.000000,0.000000,21.746318,3.201044,-17.510917,0.630611,0.630611,0.130779,-0.426145,-0.426145,-1.944296,0.319394,0.348080,87.005653,87.005653,446.311648,3,0.000000,true,
132.500000,2.850000,0.000000,294.707322,294.707322,294.707322,294.707322,884.121965,0.000000,0.000000,21.739344,3.157176,-17.576277,0.619982,0.619982,0.128037,-0.450992,-0.450992,-1.948379,0.316916,0.345850,91.791729,91.791729,447.347671,3,0.000000,true,
132.500000,2.800000,0.000000,293.794168,293.794168,293.794168,293.794168,881.382505,0.000000,0.000000,21.733068,3.113802,-17.641189,0.609303,0.609303,0.125394,-0.477145,-0.477145,-1.952497,0.314437,0.343629,96.831999,96.831999,448.434691,3,0.000000,true,
132.500000,2.750000,0.000000,292.968359,292.968359,292.968359,292.968359,878.905077,0.000000,0.000000,21.727493,3.070913,-17.705670,0.598576,0.598576,0.122849,-0.504486,-0.504486,-1.956654,0.311957,0.341416,102.104135,102.104135,449.575140,3,0.000000,true,
132.500000,2.700000,0.000000,292.231172,292.231172,292.231172,292.231172,876.693516,0.000000,0.000000,21.722606,3.028482,-17.769748,0.587801,0.587801,0.120397,-0.532868,-0.532868,-1.960855,0.309476,0.339209,107.580050,107.580050,450.770356,3,0.000000,true,
132.500000,2.650000,0.000000,291.581738,291.581738,291.581738,291.581738,874.745214,0.000000,0.000000,21.718379,2.986467,-17.833462,0.576983,0.576983,0.118033,-0.562119,-0.562119,-1.965103,0.306989,0.337008,113.227632,113.227632,452.020548,3,0.000000,true,
132.500000,2.600000,0.000000,291.017184,291.017184,291.017184,291.017184,873.051552,0.000000,0.000000,21.714773,2.944810,-17.896862,0.566125,0.566125,0.115751,-0.592061,-0.592061,-1.969400,0.304495,0.334810,119.012769,119.012769,453.324851,3,0.000000,true,
132.500000,2.550000,0.000000,290.532935,290.532935,290.532935,290.532935,871.598804,0.000000,0.000000,21.711739,2.903441,-17.960005,0.555229,0.555229,0.113542,-0.622515,-0.622515,-1.973746,0.301990,0.332610,124.901338,124.901338,454.681484,3,0.000000,true,
132.500000,2.500000,0.000000,290.123105,290.123105,290.123105,290.123105,870.369315,0.000000,0.000000,21.709221,2.862282,-18.022953,0.544301,0.544301,0.111398,-0.653310,-0.653310,-1.978139,0.299467,0.330404,130.860892,130.860892,456.087950,3,0.000000,true,
132.500000,2.450000,0.000000,289.780921,289.780921,289.780921,289.780921,869.342764,0.000000,0.000000,21.707160,2.821252,-18.085769,0.533344,0.533344,0.109312,-0.684293,-0.684293,-1.982580,0.296924,0.328188,136.861877,136.861877,457.541257,3,0.000000,true,
132.500000,2.400000,0.000000,289.499109,289.499109,289.499109,289.499109,868.497326,0.000000,0.000000,21.705497,2.780268,-18.148516,0.522363,0.522363,0.107274,-0.715326,-0.715326,-1.987064,0.294353,0.325957,142.878352,142.878352,459.038132,3,0.000000,true,
132.500000,2.350000,0.000000,289.270215,289.270215,289.270215,289.270215,867.810645,0.000000,0.000000,21.704175,2.739250,-18.211254,0.511362,0.511362,0.105277,-0.746296,-0.746296,-1.991590,0.291751,0.323704,148.888276,148.888276,460.575191,3,0.000000,true,
132.500000,2.300000,0.000000,289.086858,289.086858,289.086858,289.086858,867.260574,0.000000,0.000000,21.703137,2.698120,-18.274043,0.500344,0.500344,0.103312,-0.777107,-0.777107,-1.996155,0.289110,0.321426,154.873451,154.873451,462.149081,3,0.000000,true,
132.500000,2.250000,0.000000,288.941895,288.941895,288.941895,288.941895,866.825686,0.000000,0.000000,21.702335,2.656805,-18.336936,0.489313,0.489313,0.101374,-0.807684,-0.807684,-2.000756,0.286427,0.319117,160.819254,160.819254,463.756576,3,0.000000,true,
132.500000,2.200000,0.000000,288.828531,288.828531,288.828531,288.828531,866.485594,0.000000,0.000000,21.701721,2.615239,-18.399982,0.478272,0.478272,0.099456,-0.837967,-0.837967,-2.005390,0.283696,0.316772,166.714246,166.714246,465.394640,3,0.000000,true,
132.500000,2.150000,0.000000,288.740369,288.740369,288.740369,288.740369,866.221107,0.000000,0.000000,21.701254,2.573360,-18.463226,0.467224,0.467224,0.097553,-0.867911,-0.867911,-2.010055,0.280912,0.314387,172.549726,172.549726,467.060462,3,0.000000,true,
132.500000,2.100000,0.000000,288.671429,288.671429,288.671429,288.671429,866.014286,0.000000,0.000000,21.700898,2.531112,-18.526709,0.456171,0.456171,0.095658,-0.897484,-0.897484,-2.014749,0.278071,0.311957,178.319298,178.319298,468.751474,3,0.000000,true,
132.500000,2.050000,0.000000,288.616135,288.616135,288.616135,288.616135,865.848405,0.000000,0.000000,21.700618,2.488442,-18.590466,0.445116,0.445116,0.093769,-0.926663,-0.926663,-2.019470,0.275167,0.309477,184.018463,184.018463,470.465349,3,0.000000,true,
132.500000,2.000000,0.000000,288.569290,288.569290,288.569290,288.569290,865.707870,0.000000,0.000000,21.700388,2.445306,-18.654532,0.434060,0.434060,0.091880,-0.955432,-0.955432,-2.024215,0.272196,0.306944,189.644260,189.644260,472.199991,3,0.000000,true,
132.500000,1.950000,0.000000,288.526035,288.526035,288.526035,288.526035,865.578106,0.000000,0.000000,21.700180,2.401660,-18.718933,0.423006,0.423006,0.089988,-0.983784,-0.983784,-2.028983,0.269154,0.304354,195.194956,195.194956,473.953524,3,0.000000,true,
132.500000,1.900000,0.000000,288.481809,288.481809,288.481809,288.481809,865.445426,0.000000,0.000000,21.699973,2.357468,-18.783697,0.411955,0.411955,0.088091,-1.011714,-1.011714,-2.033772,0.266037,0.301701,200.669789,200.669789,475.724275,3,0.000000,true,
132.500000,1.850000,0.000000,288.432296,288.432296,288.432296,288.432296,865.296887,0.000000,0.000000,21.699747,2.312694,-18.848845,0.400908,0.400908,0.086184,-1.039224,-1.039224,-2.038581,0.262839,0.298983,206.068752,206.068752,477.510752,3,0.000000,true,
132.500000,1.800000,0.000000,288.373384,288.373384,288.373384,288.373384,865.120151,0.000000,0.000000,21.699486,2.267308,-18.914398,0.389866,0.389866,0.084267,-1.066317,-1.066317,-2.043409,0.259558,0.296196,211.392418,211.392418,479.311631,3,0.000000,true,
132.500000,1.750000,0.000000,288.301113,288.301113,288.301113,288.301113,864.903340,0.000000,0.000000,21.699174,2.221280,-18.980374,0.378832,0.378832,0.082337,-1.092999,-1.092999,-2.048255,0.256189,0.293336,216.641803,216.641803,481.125732,3,0.000000,true,
132.500000,1.700000,0.000000,288.211633,288.211633,288.211633,288.211633,864.634899,0.000000,0.000000,21.698798,2.174586,-19.046787,0.367805,0.367805,0.080391,-1.119277,-1.119277,-2.053117,0.252727,0.290399,221.818249,221.818249,482.952009,3,0.000000,true,
132.500000,1.650000,0.000000,288.101152,288.101152,288.101152,288.101152,864.303455,0.000000,0.000000,21.698348,2.127202,-19.113652,0.356786,0.356786,0.078428,-1.145159,-1.145159,-2.057995,0.249168,0.287381,226.923339,226.923339,484.789533,3,0.000000,true,
132.500000,1.600000,0.000000,287.965892,287.965892,287.965892,287.965892,863.897675,0.000000,0.000000,21.697814,2.079106,-19.180979,0.345776,0.345776,0.076447,-1.170656,-1.170656,-2.062889,0.245509,0.284278,231.958824,231.958824,486.637477,3,0.000000,true,
132.500000,1.550000,0.000000,287.802043,287.802043,287.802043,287.802043,863.406129,0.000000,0.000000,21.697187,2.030279,-19.248780,0.334777,0.334777,0.074447,-1.195778,-1.195778,-2.067797,0.241744,0.281086,236.926567,236.926567,488.495107,3,0.000000,true,
132.500000,1.500000,0.000000,287.605713,287.605713,287.605713,287.605713,862.817140,0.000000,0.000000,21.696459,1.980701,-19.317063,0.323787,0.323787,0.072425,-1.220535,-1.220535,-2.072720,0.237869,0.277802,241.828502,241.828502,490.361768,3,0.000000,true,
132.500000,1.450000,0.000000,287.372878,287.372878,287.372878,287.372878,862.118633,0.000000,0.000000,21.695624,1.930357,-19.385834,0.312809,0.312809,0.070382,-1.244937,-1.244937,-2.077656,0.233879,0.274420,246.666599,246.666599,492.236876,3,0.000000,true,
132.500000,1.400000,0.000000,287.099321,287.099321,287.099321,287.099321,861.297964,0.000000,0.000000,21.694676,1.879230,-19.455100,0.301842,0.301842,0.068316,-1.268996,-1.268996,-2.082605,0.229770,0.270937,251.442841,251.442841,494.119913,3,0.000000,true,
132.500000,1.350000,0.000000,286.780581,286.780581,286.780581,286.780581,860.341743,0.000000,0.000000,21.693610,1.827306,-19.524866,0.290887,0.290887,0.066227,-1.292721,-1.292721,-2.087567,0.225536,0.267348,256.159199,256.159199,496.010413,3,0.000000,true,
132.500000,1.300000,0.000000,286.411875,286.411875,286.411875,286.411875,859.235625,0.000000,0.000000,21.692422,1.774570,-19.595134,0.279943,0.279943,0.064113,-1.316124,-1.316124,-2.092542,0.221172,0.263648,260.817623,260.817623,497.907961,3,0.000000,true,
132.500000,1.250000,0.000000,285.988026,285.988026,285.988026,285.988026,857.964079,0.000000,0.000000,21.691108,1.721010,-19.665908,0.269013,0.269013,0.061975,-1.339215,-1.339215,-2.097529,0.216673,0.259831,265.420030,265.420030,499.812187,3,0.000000,true,
132.500000,1.200000,0.000000,285.503371,285.503371,285.503371,285.503371,856.510114,0.000000,0.000000,21.689665,1.666613,-19.737189,0.258094,0.258094,0.059811,-1.362004,-1.362004,-2.102528,0.212032,0.255893,269.968291,269.968291,501.722757,3,0.000000,true,
132.500000,1.150000,0.000000,284.951652,284.951652,284.951652,284.951652,854.854956,0.000000,0.000000,21.688089,1.611368,-19.808977,0.247189,0.247189,0.057622,-1.384500,-1.384500,-2.107539,0.207244,0.251827,274.464235,274.464235,503.639372,3,0.000000,true,
132.500000,1.100000,0.000000,284.325889,284.325889,284.325889,284.325889,852.977668,0.000000,0.000000,21.686377,1.555261,-19.881271,0.236297,0.236297,0.055406,-1.406713,-1.406713,-2.112561,0.202302,0.247627,278.909636,278.909636,505.561765,3,0.000000,true,
132.500000,1.050000,0.000000,283.618225,283.618225,283.618225,283.618225,850.854675,0.000000,0.000000,21.684527,1.498283,-19.954070,0.225418,0.225418,0.053164,-1.428653,-1.428653,-2.117595,0.197199,0.243286,283.306216,283.306216,507.489695,3,0.000000,true,
132.500000,1.000000,0.000000,282.819732,282.819732,282.819732,282.819732,848.459196,0.000000,0.000000,21.682537,1.440420,-20.027371,0.214552,0.214552,0.050896,-1.450327,-1.450327,-2.122640,0.191928,0.238795,287.655645,287.655645,509.422945,3,0.000000,true,
132.500000,0.950000,0.000000,281.920173,281.920173,281.920173,281.920173,845.760518,0.000000,0.000000,21.680405,1.381661,-20.101170,0.203700,0.203700,0.048601,-1.471746,-1.471746,-2.127696,0.186479,0.234147,291.959535,291.959535,511.361319,3,0.000000,true,
132.500000,0.900000,0.000000,280.907699,280.907699,280.907699,280.907699,842.723098,0.000000,0.000000,21.678128,1.321993,-20.175464,0.192861,0.192861,0.046279,-1.492916,-1.492916,-2.132763,0.180845,0.229330,296.219447,296.219447,513.304642,3,0.000000,true,
132.500000,0.850000,0.000000,279.768465,279.768465,279.768465,279.768465,839.305394,0.000000,0.000000,21.675705,1.261402,-20.250247,0.182035,0.182035,0.043930,-1.513847,-1.513847,-2.137841,0.175015,0.224335,300.436889,300.436889,515.252754,3,0.000000,true,
132.500000,0.800000,0.000000,278.486121,278.486121,278.486121,278.486121,835.458363,0.000000,0.000000,21.673133,1.199874,-20.325512,0.171223,0.171223,0.041554,-1.534546,-1.534546,-2.142928,0.168977,0.219148,304.613314,304.613314,517.205514,3,0.000000,true,
132.500000,0.750000,0.000000,277.041154,277.041154,277.041154,277.041154,831.123462,0.000000,0.000000,21.670411,1.137392,-20.401252,0.160425,0.160425,0.039151,-1.555020,-1.555020,-2.148027,0.162721,0.213754,308.750129,308.750129,519.162790,3,0.000000,true,
132.500000,0.700000,0.000000,275.409993,275.409993,275.409993,275.409993,826.229980,0.000000,0.000000,21.667536,1.073937,-20.477459,0.149640,0.149640,0.036721,-1.575277,-1.575277,-2.153135,0.156232,0.208136,312.848689,312.848689,521.124466,3,0.000000,true,
132.500000,0.650000,0.000000,273.563791,273.563791,273.563791,273.563791,820.691372,0.000000,0.000000,21.664507,1.009484,-20.554124,0.138868,0.138868,0.034264,-1.595324,-1.595324,-2.158253,0.149494,0.202272,316.910304,316.910304,523.090436,3,0.000000,true,
132.500000,0.600000,0.000000,271.466711,271.466711,271.466711,271.466711,814.400133,0.000000,0.000000,21.661321,0.944009,-20.631236,0.128110,0.128110,0.031781,-1.615167,-1.615167,-2.163381,0.142489,0.196137,320.936236,320.936236,525.060605,3,0.000000,true,
132.500000,0.550000,0.000000,269.073479,269.073479,269.073479,269.073479,807.220438,0.000000,0.000000,21.657977,0.877476,-20.708786,0.117364,0.117364,0.029271,-1.634814,-1.634814,-2.168518,0.135194,0.189700,324.927705,324.927705,527.034884,3,0.000000,true,
132.500000,0.500000,0.000000,266.325760,266.325760,266.325760,266.325760,798.977280,0.000000,0.000000,21.654472,0.809845,-20.786762,0.106633,0.106633,0.026735,-1.654269,-1.654269,-2.173665,0.127583,0.182921,328.885890,328.885890,529.013195,3,0.000000,true,
132.500000,0.450000,0.000000,263.146622,263.146622,263.146622,263.146622,789.439865,0.000000,0.000000,21.650804,0.741063,-20.865151,0.095914,0.095914,0.024173,-1.673540,-1.673540,-2.178821,0.119625,0.175748,332.811926,332.811926,530.995466,3,0.000000,true,
132.500000,0.400000,0.000000,259.431732,259.431732,259.431732,259.431732,778.295195,0.000000,0.000000,21.646969,0.671062,-20.943940,0.085207,0.085207,0.021585,-1.692632,-1.692632,-2.183985,0.111278,0.168114,336.706911,336.706911,532.981631,3,0.000000,true,
132.500000,0.350000,0.000000,255.034646,255.034646,255.034646,255.034646,765.103938,0.000000,0.000000,21.642966,0.599754,-21.023116,0.074514,0.074514,0.018972,-1.711551,-1.711551,-2.189158,0.102492,0.159927,340.571903,340.571903,534.971631,3,0.000000,true,
132.500000,0.300000,0.000000,249.740683,249.740683,249.740683,249.740683,749.222048,0.000000,0.000000,21.638791,0.527018,-21.102663,0.063833,0.063833,0.016334,-1.730302,-1.730302,-2.194339,0.093197,0.151056,344.407923,344.407923,536.965411,3,0.000000,true,
132.500000,0.250000,0.000000,243.216773,243.216773,243.216773,243.216773,729.650320,0.000000,0.000000,21.634442,0.452687,-21.182568,0.053165,0.053165,0.013671,-1.748891,-1.748891,-2.199528,0.083299,0.141305,348.215953,348.215953,538.962917,3,0.000000,true,
132.500000,0.200000,0.000000,234.904647,234.904647,234.904647,234.904647,704.713942,0.000000,0.000000,21.629915,0.376514,-21.262813,0.042508,0.042508,0.010984,-1.767323,-1.767323,-2.204725,0.072657,0.130363,351.996934,351.996934,540.964097,4,0.000000,true,
132.500000,0.150000,0.000000,223.757427,223.757427,223.757427,223.757427,671.272281,0.000000,0.000000,21.625206,0.298118,-21.343384,0.031864,0.031864,0.008272,-1.785602,-1.785602,-2.209929,0.061054,0.117681,355.751752,355.751752,542.968892,4,0.000000,true,
132.500000,0.100000,0.000000,207.424674,207.424674,207.424674,207.424674,622.274022,0.000000,0.000000,21.620313,0.216830,-21.424261,0.021231,0.021231,0.005538,-1.803732,-1.803732,-2.215140,0.048106,0.102126,359.481191,359.481191,544.977207,4,0.000000,true,
132.500000,0.050000,0.000000,178.409494,178.409494,178.409494,178.409494,535.228482,0.000000,0.000000,21.615233,0.131228,-21.505418,0.010610,0.010610,0.002780,-1.821716,-1.821716,-2.220357,0.033014,0.080545,363.185581,363.185581,546.988718,4,0.000000,true,
132.500000,0.000000,0.000000,0.000000,0.000000,0.000000,0.000000,0.000001,0.000000,0.000000,21.610138,0.038701,-21.584151,0.000000,0.000000,0.000000,-1.838974,-1.838974,-2.225407,0.022356,0.022356,366.744956,366.744956,548.937003,7,0.000000,true,
131.250000,4.000000,0.000000,328.915889,328.915889,328.915889,328.915889,986.747666,0.000000,0.000000,22.003427,4.122791,-16.060829,0.856244,0.856244,0.207512,-0.155183,-0.155183,-1.855288,0.364915,0.389873,34.926385,34.926385,429.573902,4,0.000000,true,
131.250000,3.950000,0.000000,327.470028,327.470028,327.470028,327.470028,982.410085,0.000000,0.000000,21.989447,4.076523,-16.131521,0.846416,0.846416,0.203168,-0.160394,-0.160394,-1.859895,0.362808,0.387928,35.928094,35.928094,430.320265,3,0.000000,true,
131.250000,3.900000,0.000000,326.015859,326.015859,326.015859,326.015859,978.047576,0.000000,0.000000,21.975563,4.030186,-16.202082,0.836557,0.836557,0.198885,-0.165923,-0.165923,-1.864448,0.360676,0.385962,36.990988,36.990988,431.061364,3,0.000000,true,
131.250000,3.850000,0.000000,324.553974,324.553974,324.553974,324.553974,973.661921,0.000000,0.000000,21.961783,3.983787,-16.272507,0.826669,0.826669,0.194662,-0.171799,-0.171799,-1.868949,0.358521,0.383974,38.120459,38.120459,431.797733,3,0.000000,true,
131.250000,3.800000,0.000000,323.085093,323.085093,323.085093,323.085093,969.255278,0.000000,0.000000,21.948116,3.937332,-16.342791,0.816751,0.816751,0.190499,-0.178053,-0.178053,-1.873400,0.356341,0.381964,39.322494,39.322494,432.529975,3,0.000000,true,
131.250000,3.750000,0.000000,321.610082,321.610082,321.610082,321.610082,964.830246,0.000000,0.000000,21.934572,3.890829,-16.412927,0.806802,0.806802,0.186397,-0.184719,-0.184719,-1.877802,0.354136,0.379933,40.603737,40.603737,433.258773,3,0.000000,true,
131.250000,3.700000,0.000000,320.129984,320.129984,320.129984,320.129984,960.389952,0.000000,0.000000,21.921161,3.844289,-16.482909,0.796822,0.796822,0.182355,-0.191836,-0.191836,-1.882155,0.351908,0.377880,41.971570,41.971570,433.984908,3,0.000000,true,
131.250000,3.650000,0.000000,318.646048,318.646048,318.646048,318.646048,955.938143,0.000000,0.000000,21.907895,3.797722,-16.552729,0.786812,0.786812,0.178376,-0.199446,-0.199446,-1.886462,0.349655,0.375805,43.434192,43.434192,434.709275,3,0.000000,true,
131.250000,3.600000,0.000000,317.159768,317.159768,317.159768,317.159768,951.479304,0.000000,0.000000,21.894789,3.751140,-16.622377,0.776771,0.776771,0.174459,-0.207597,-0.207597,-1.890724,0.347377,0.373710,45.000700,45.000700,435.432902,3,0.000000,true,
131.250000,3.550000,0.000000,315.672931,315.672931,315.672931,315.672931,947.018792,0.000000,0.000000,21.881859,3.704560,-16.691843,0.766697,0.766697,0.170605,-0.216340,-0.216340,-1.894942,0.345077,0.371594,46.681174,46.681174,436.156975,3,0.000000,true,
131.250000,3.500000,0.000000,314.187663,314.187663,314.187663,314.187663,942.562990,0.000000,0.000000,21.869124,3.658000,-16.761116,0.756592,0.756592,0.166816,-0.225734,-0.225734,-1.899120,0.342752,0.369457,48.486751,48.486751,436.882866,3,0.000000,true,
131.250000,3.450000,0.000000,312.706494,312.706494,312.706494,312.706494,938.119483,0.000000,0.000000,21.856603,3.611478,-16.830183,0.746454,0.746454,0.163093,-0.235843,-0.235843,-1.903258,0.340405,0.367302,50.429688,50.429688,437.612164,3,0.000000,true,
131.250000,3.400000,0.000000,311.232418,311.232418,311.232418,311.232418,933.697255,0.000000,0.000000,21.844322,3.565020,-16.899027,0.736281,0.736281,0.159437,-0.246735,-0.246735,-1.907360,0.338036,0.365127,52.523397,52.523397,438.346711,3,0.000000,true,
131.250000,3.350000,0.000000,309.768966,309.768966,309.768966,309.768966,929.306898,0.000000,0.000000,21.832308,3.518652,-16.967633,0.726074,0.726074,0.155851,-0.258487,-0.258487,-1.911430,0.335646,0.362936,54.782425,54.782425,439.088641,3,0.000000,true,
131.250000,3.300000,0.000000,308.320276,308.320276,308.320276,308.320276,924.960827,0.000000,0.000000,21.820590,3.472406,-17.035981,0.715831,0.715831,0.152338,-0.271179,-0.271179,-1.915469,0.333237,0.360729,57.222377,57.222377,439.840417,3,0.000000,true,
131.250000,3.250000,0.000000,306.891161,306.891161,306.891161,306.891161,920.673482,0.000000,0.000000,21.809205,3.426316,-17.104049,0.705551,0.705551,0.148899,-0.284896,-0.284896,-1.919483,0.330809,0.358507,59.859721,59.859721,440.604874,3,0.000000,true,
131.250000,3.200000,0.000000,305.487161,305.487161,305.487161,305.487161,916.461484,0.000000,0.000000,21.798191,3.380423,-17.171815,0.695231,0.695231,0.145538,-0.299726,-0.299726,-1.923476,0.328365,0.356274,62.711452,62.711452,441.385245,3,0.000000,true,
131.250000,3.150000,0.000000,304.114569,304.114569,304.114569,304.114569,912.343708,0.000000,0.000000,21.787589,3.334770,-17.239252,0.684871,0.684871,0.142259,-0.315757,-0.315757,-1.927453,0.325907,0.354031,65.794577,65.794577,442.185180,3,0.000000,true,
131.250000,3.100000,0.000000,302.780405,302.780405,302.780405,302.780405,908.341216,0.000000,0.000000,21.777447,3.289403,-17.306334,0.674468,0.674468,0.139064,-0.333073,-0.333073,-1.931420,0.323437,0.351782,69.125362,69.125362,443.008740,3,0.000000,true,
131.250000,3.050000,0.000000,301.492323,301.492323,301.492323,301.492323,904.476968,0.000000,0.000000,21.767812,3.244371,-17.373033,0.664021,0.664021,0.135958,-0.351747,-0.351747,-1.935383,0.320957,0.349528,72.718343,72.718343,443.860352,3,0.000000,true,
131.250000,3.000000,0.000000,300.258425,300.258425,300.258425,300.258425,900.775275,0.000000,0.000000,21.758732,3.199723,-17.439324,0.653527,0.653527,0.132945,-0.371840,-0.371840,-1.939350,0.318471,0.347274,76.585104,76.585104,444.744715,3,0.000000,true,
131.250000,2.950000,0.000000,299.086968,299.086968,299.086968,299.086968,897.260903,0.000000,0.000000,21.750254,3.155506,-17.505181,0.642986,0.642986,0.130027,-0.393386,-0.393386,-1.943327,0.315981,0.345022,80.732913,80.732913,445.666652,3,0.000000,true,
131.250000,2.900000,0.000000,297.985958,297.985958,297.985958,297.985958,893.957873,0.000000,0.000000,21.742419,3.111760,-17.570587,0.632396,0.632396,0.127207,-0.416392,-0.416392,-1.947323,0.313490,0.342776,85.163366,85.163366,446.630900,3,0.000000,true,
131.250000,2.850000,0.000000,296.962663,296.962663,296.962663,296.962663,890.887989,0.000000,0.000000,21.735262,3.068515,-17.635531,0.621756,0.621756,0.124487,-0.440829,-0.440829,-1.951345,0.310999,0.340537,89.871265,89.871265,447.641848,3,0.000000,true,
131.250000,2.800000,0.000000,296.023096,296.023096,296.023096,296.023096,888.069288,0.000000,0.000000,21.728805,3.025788,-17.700011,0.611067,0.611067,0.121867,-0.466629,-0.466629,-1.955400,0.308509,0.338308,94.843998,94.843998,448.703267,3,0.000000,true,
131.250000,2.750000,0.000000,295.171546,295.171546,295.171546,295.171546,885.514637,0.000000,0.000000,21.723056,2.983580,-17.764036,0.600328,0.600328,0.119345,-0.493685,-0.493685,-1.959493,0.306021,0.336089,100.061617,100.061617,449.818047,3,0.000000,true,
131.250000,2.700000,0.000000,294.410237,294.410237,294.410237,294.410237,883.230711,0.000000,0.000000,21.718008,2.941872,-17.827631,0.589541,0.589541,0.116918,-0.521858,-0.521858,-1.963630,0.303534,0.333880,105.497716,105.497716,450.988014,3,0.000000,true,
131.250000,2.650000,0.000000,293.739185,293.739185,293.739185,293.739185,881.217556,0.000000,0.000000,21.713641,2.900629,-17.890829,0.578709,0.578709,0.114582,-0.550983,-0.550983,-1.967815,0.301046,0.331680,111.120995,111.120995,452.213832,3,0.000000,true,
131.250000,2.600000,0.000000,293.156262,293.156262,293.156262,293.156262,879.468787,0.000000,0.000000,21.709918,2.859798,-17.953678,0.567835,0.567835,0.112329,-0.580879,-0.580879,-1.972048,0.298555,0.329485,116.897268,116.897268,453.495031,3,0.000000,true,
131.250000,2.550000,0.000000,292.657450,292.657450,292.657450,292.657450,877.972350,0.000000,0.000000,21.706792,2.819312,-18.016231,0.556923,0.556923,0.110154,-0.611364,-0.611364,-1.976331,0.296056,0.327294,122.791566,122.791566,454.830130,3,0.000000,true,
131.250000,2.500000,0.000000,292.237218,292.237218,292.237218,292.237218,876.711653,0.000000,0.000000,21.704211,2.779096,-18.078548,0.545977,0.545977,0.108047,-0.642258,-0.642258,-1.980664,0.293544,0.325101,128.770018,128.770018,456.216827,3,0.000000,true,
131.250000,2.450000,0.000000,291.888953,291.888953,291.888953,291.888953,875.666860,0.000000,0.000000,21.702113,2.739068,-18.140694,0.535000,0.535000,0.106000,-0.673399,-0.673399,-1.985045,0.291016,0.322902,134.801300,134.801300,457.652232,3,0.000000,true,
131.250000,2.400000,0.000000,291.605382,291.605382,291.605382,291.605382,874.816146,0.000000,0.000000,21.700440,2.699144,-18.202732,0.523997,0.523997,0.104005,-0.704641,-0.704641,-1.989471,0.288465,0.320692,140.857566,140.857566,459.133082,3,0.000000,true,
131.250000,2.350000,0.000000,291.378929,291.378929,291.378929,291.378929,874.136788,0.000000,0.000000,21.699131,2.659241,-18.264726,0.512973,0.512973,0.102054,-0.735859,-0.735859,-1.993941,0.285886,0.318465,146.914897,146.914897,460.655944,3,0.000000,true,
131.250000,2.300000,0.000000,291.202005,291.202005,291.202005,291.202005,873.606014,0.000000,0.000000,21.698130,2.619279,-18.326734,0.501930,0.501930,0.100139,-0.766949,-0.766949,-1.998451,0.283273,0.316216,152.953362,152.953362,462.217368,3,0.000000,true,
131.250000,2.250000,0.000000,291.067207,291.067207,291.067207,291.067207,873.201621,0.000000,0.000000,21.697384,2.579182,-18.388813,0.490873,0.490873,0.098253,-0.797827,-0.797827,-2.002999,0.280621,0.313940,158.956807,158.956807,463.814002,3,0.000000,true,
131.250000,2.200000,0.000000,290.967457,290.967457,290.967457,290.967457,872.902370,0.000000,0.000000,21.696843,2.538879,-18.451015,0.479805,0.479805,0.096389,-0.828428,-0.828428,-2.007582,0.277925,0.311632,164.912484,164.912484,465.442673,3,0.000000,true,
131.250000,2.150000,0.000000,290.896067,290.896067,290.896067,290.896067,872.688202,0.000000,0.000000,21.696465,2.498306,-18.513387,0.468729,0.468729,0.094542,-0.858700,-0.858700,-2.012196,0.275179,0.309287,170.810613,170.810613,467.100427,3,0.000000,true,
131.250000,2.100000,0.000000,290.846777,290.846777,290.846777,290.846777,872.540330,0.000000,0.000000,21.696210,2.457401,-18.575971,0.457647,0.457647,0.092706,-0.888606,-0.888606,-2.016840,0.272379,0.306900,176.643918,176.643918,468.784555,3,0.000000,true,
131.250000,2.050000,0.000000,290.813743,290.813743,290.813743,290.813743,872.441228,0.000000,0.000000,21.696044,2.416113,-18.638806,0.446562,0.446562,0.090877,-0.918120,-0.918120,-2.021512,0.269520,0.304466,182.407207,182.407207,470.492597,3,0.000000,true,
131.250000,2.000000,0.000000,290.791520,290.791520,290.791520,290.791520,872.374561,0.000000,0.000000,21.695934,2.374390,-18.701926,0.435475,0.435475,0.089049,-0.947224,-0.947224,-2.026208,0.266597,0.301982,188.096977,188.096977,472.222337,3,0.000000,true,
131.250000,1.950000,0.000000,290.775027,290.775027,290.775027,290.775027,872.325081,0.000000,0.000000,21.695855,2.332190,-18.765362,0.424390,0.424390,0.087221,-0.975907,-0.975907,-2.030929,0.263605,0.299444,193.711079,193.711079,473.971788,3,0.000000,true,
131.250000,1.900000,0.000000,290.759496,290.759496,290.759496,290.759496,872.278487,0.000000,0.000000,21.695782,2.289471,-18.829140,0.413306,0.413306,0.085388,-1.004165,-1.004165,-2.035671,0.260541,0.296846,199.248441,199.248441,475.739175,3,0.000000,true,
131.250000,1.850000,0.000000,290.740431,290.740431,290.740431,290.740431,872.221292,0.000000,0.000000,21.695695,2.246198,-18.893286,0.402227,0.402227,0.083547,-1.031996,-1.031996,-2.040433,0.257400,0.294186,204.708828,204.708828,477.522920,3,0.000000,true,
131.250000,1.800000,0.000000,290.713557,290.713557,290.713557,290.713557,872.140671,0.000000,0.000000,21.695576,2.202337,-18.957819,0.391152,0.391152,0.081696,-1.059403,-1.059403,-2.045214,0.254177,0.291459,210.092655,210.092655,479.321617,3,0.000000,true,
131.250000,1.750000,0.000000,290.674771,290.674771,290.674771,290.674771,872.024313,0.000000,0.000000,21.695409,2.157858,-19.022760,0.380084,0.380084,0.079833,-1.086393,-1.086393,-2.050013,0.250869,0.288661,215.400825,215.400825,481.134020,3,0.000000,true,
131.250000,1.700000,0.000000,290.620094,290.620094,290.620094,290.620094,871.860281,0.000000,0.000000,21.695179,2.112735,-19.088124,0.369023,0.369023,0.077955,-1.112971,-1.112971,-2.054829,0.247472,0.285789,220.634615,220.634615,482.959021,3,0.000000,true,
131.250000,1.650000,0.000000,290.545621,290.545621,290.545621,290.545621,871.636862,0.000000,0.000000,21.694876,2.066942,-19.153925,0.357969,0.357969,0.076061,-1.139146,-1.139146,-2.059661,0.243980,0.282839,225.795569,225.795569,484.795639,3,0.000000,true,
131.250000,1.600000,0.000000,290.447475,290.447475,290.447475,290.447475,871.342425,0.000000,0.000000,21.694488,2.020456,-19.220177,0.346925,0.346925,0.074150,-1.164928,-1.164928,-2.064509,0.240390,0.279807,230.885424,230.885424,486.643001,3,0.000000,true,
131.250000,1.550000,0.000000,290.321759,290.321759,290.321759,290.321759,870.965276,0.000000,0.000000,21.694007,1.973257,-19.286889,0.335891,0.335891,0.072219,-1.190327,-1.190327,-2.069371,0.236697,0.276688,235.906049,235.906049,488.500330,3,0.000000,true,
131.250000,1.500000,0.000000,290.164502,290.164502,290.164502,290.164502,870.493507,0.000000,0.000000,21.693424,1.925325,-19.354072,0.324866,0.324866,0.070268,-1.215353,-1.215353,-2.074248,0.232897,0.273479,240.859395,240.859395,490.366939,3,0.000000,true,
131.250000,1.450000,0.000000,289.971613,289.971613,289.971613,289.971613,869.914838,0.000000,0.000000,21.692732,1.876643,-19.421732,0.313852,0.313852,0.068296,-1.240017,-1.240017,-2.079138,0.228986,0.270175,245.747462,245.747462,492.242213,3,0.000000,true,
131.250000,1.400000,0.000000,289.738818,289.738818,289.738818,289.738818,869.216453,0.000000,0.000000,21.691926,1.827193,-19.489877,0.302849,0.302849,0.066301,-1.264331,-1.264331,-2.084041,0.224957,0.266773,250.572264,250.572264,494.125605,3,0.000000,true,
131.250000,1.350000,0.000000,289.461603,289.461603,289.461603,289.461603,868.384808,0.000000,0.000000,21.690999,1.776961,-19.558512,0.291858,0.291858,0.064283,-1.288305,-1.288305,-2.088957,0.220808,0.263267,255.335814,255.335814,496.016629,3,0.000000,true,
131.250000,1.300000,0.000000,289.135145,289.135145,289.135145,289.135145,867.405434,0.000000,0.000000,21.689948,1.725931,-19.627641,0.280879,0.280879,0.062242,-1.311949,-1.311949,-2.093886,0.216531,0.259653,260.040104,260.040104,497.914849,3,0.000000,true,
131.250000,1.250000,0.000000,288.754231,288.754231,288.754231,288.754231,866.262694,0.000000,0.000000,21.688767,1.674090,-19.697266,0.269912,0.269912,0.060176,-1.335274,-1.335274,-2.098827,0.212123,0.255925,264.687095,264.687095,499.819876,3,0.000000,true,
131.250000,1.200000,0.000000,288.313172,288.313172,288.313172,288.313172,864.939517,0.000000,0.000000,21.687453,1.621424,-19.767390,0.258958,0.258958,0.058084,-1.358291,-1.358291,-2.103779,0.207577,0.252078,269.278703,269.278703,501.731361,3,0.000000,true,
131.250000,1.150000,0.000000,287.805692,287.805692,287.805692,287.805692,863.417076,0.000000,0.000000,21.686003,1.567920,-19.838014,0.248016,0.248016,0.055968,-1.381009,-1.381009,-2.108744,0.202887,0.248107,273.816802,273.816802,503.648994,3,0.000000,true,
131.250000,1.100000,0.000000,287.224801,287.224801,287.224801,287.224801,861.674403,0.000000,0.000000,21.684414,1.513566,-19.909137,0.237087,0.237087,0.053825,-1.403439,-1.403439,-2.113720,0.198046,0.244004,278.303210,278.303210,505.572494,3,0.000000,true,
131.250000,1.050000,0.000000,286.562642,286.562642,286.562642,286.562642,859.687927,0.000000,0.000000,21.682684,1.458348,-19.980758,0.226172,0.226172,0.051656,-1.425589,-1.425589,-2.118707,0.193049,0.239762,282.739692,282.739692,507.501611,3,0.000000,true,
131.250000,1.000000,0.000000,285.810300,285.810300,285.810300,285.810300,857.430901,0.000000,0.000000,21.680809,1.402255,-20.052877,0.215269,0.215269,0.049461,-1.447469,-1.447469,-2.123706,0.187886,0.235374,287.127960,287.127960,509.436118,3,0.000000,true,
131.250000,0.950000,0.000000,284.957563,284.957563,284.957563,284.957563,854.872689,0.000000,0.000000,21.678788,1.345274,-20.125489,0.204380,0.204380,0.047239,-1.469087,-1.469087,-2.128715,0.182551,0.230832,291.469667,291.469667,511.375814,3,0.000000,true,
131.250000,0.900000,0.000000,283.992624,283.992624,283.992624,283.992624,851.977871,0.000000,0.000000,21.676618,1.287389,-20.198591,0.193505,0.193505,0.044990,-1.490453,-1.490453,-2.133736,0.177034,0.226124,295.766411,295.766411,513.320515,3,0.000000,true,
131.250000,0.850000,0.000000,282.901697,282.901697,282.901697,282.901697,848.705090,0.000000,0.000000,21.674297,1.228587,-20.272178,0.182643,0.182643,0.042714,-1.511574,-1.511574,-2.138766,0.171326,0.221240,300.019735,300.019735,515.270057,3,0.000000,true,
131.250000,0.800000,0.000000,281.668519,281.668519,281.668519,281.668519,845.005556,0.000000,0.000000,21.671824,1.168851,-20.346245,0.171794,0.171794,0.040412,-1.532458,-1.532458,-2.143808,0.165415,0.216168,304.231131,304.231131,517.224292,3,0.000000,true,
131.250000,0.750000,0.000000,280.273693,280.273693,280.273693,280.273693,840.821079,0.000000,0.000000,21.669196,1.108163,-20.420786,0.160959,0.160959,0.038082,-1.553113,-1.553113,-2.148859,0.159290,0.210892,308.402034,308.402034,519.183086,3,0.000000,true,
131.250000,0.700000,0.000000,278.693804,278.693804,278.693804,278.693804,836.081413,0.000000,0.000000,21.666412,1.046501,-20.495794,0.150138,0.150138,0.035725,-1.573547,-1.573547,-2.153921,0.152936,0.205395,312.533831,312.533831,521.146317,3,0.000000,true,
131.250000,0.650000,0.000000,276.900211,276.900211,276.900211,276.900211,830.700632,0.000000,0.000000,21.663469,0.983843,-20.571260,0.139329,0.139329,0.033341,-1.593766,-1.593766,-2.158992,0.146339,0.199655,316.627861,316.627861,523.113877,3,0.000000,true,
131.250000,0.600000,0.000000,274.857352,274.857352,274.857352,274.857352,824.572055,0.000000,0.000000,21.660366,0.920158,-20.647176,0.128535,0.128535,0.030931,-1.613778,-1.613778,-2.164074,0.139479,0.193647,320.685413,320.685413,525.085667,3,0.000000,true,
131.250000,0.550000,0.000000,272.520318,272.520318,272.520318,272.520318,817.560953,0.000000,0.000000,21.657100,0.855411,-20.723533,0.117753,0.117753,0.028493,-1.633588,-1.633588,-2.169164,0.132335,0.187340,324.707732,324.707732,527.061598,3,0.000000,true,
131.250000,0.500000,0.000000,269.831264,269.831264,269.831264,269.831264,809.493793,0.000000,0.000000,21.653670,0.789559,-20.800319,0.106985,0.106985,0.026030,-1.653204,-1.653204,-2.174265,0.124880,0.180694,328.696019,328.696019,529.041588,3,0.000000,true,
131.250000,0.450000,0.000000,266.713929,266.713929,266.713929,266.713929,800.141787,0.000000,0.000000,21.650073,0.722548,-20.877525,0.096230,0.096230,0.023540,-1.672632,-1.672632,-2.179374,0.117084,0.173658,332.651433,332.651433,531.025564,3,0.000000,true,
131.250000,0.400000,0.000000,263.064911,263.064911,263.064911,263.064911,789.194733,0.000000,0.000000,21.646307,0.654308,-20.955138,0.085488,0.085488,0.021024,-1.691878,-1.691878,-2.184492,0.108905,0.166164,336.575092,336.575092,533.013460,3,0.000000,true,
131.250000,0.350000,0.000000,258.739098,258.739098,258.739098,258.739098,776.217293,0.000000,0.000000,21.642369,0.584747,-21.033145,0.074759,0.074759,0.018482,-1.710946,-1.710946,-2.189619,0.100292,0.158120,340.468073,340.468073,535.005214,3,0.000000,true,
131.250000,0.300000,0.000000,253.523787,253.523787,253.523787,253.523787,760.571361,0.000000,0.000000,21.638256,0.513743,-21.111535,0.064042,0.064042,0.015915,-1.729844,-1.729844,-2.194754,0.091177,0.149397,344.331415,344.331415,537.000770,3,0.000000,true,
131.250000,0.250000,0.000000,247.089008,247.089008,247.089008,247.089008,741.267025,0.000000,0.000000,21.633966,0.441126,-21.190294,0.053338,0.053338,0.013323,-1.748576,-1.748576,-2.199897,0.081466,0.139799,348.166120,348.166120,539.000077,3,0.000000,true,
131.250000,0.200000,0.000000,238.881709,238.881709,238.881709,238.881709,716.645128,0.000000,0.000000,21.629496,0.366648,-21.269408,0.042647,0.042647,0.010707,-1.767148,-1.767148,-2.205049,0.071019,0.129018,351.973147,351.973147,541.003082,4,0.000000,true,
131.250000,0.150000,0.000000,227.864815,227.864815,227.864815,227.864815,683.594444,0.000000,0.000000,21.624843,0.289923,-21.348861,0.031967,0.031967,0.008065,-1.785563,-1.785563,-2.210208,0.059617,0.116506,355.753406,355.753406,543.009732,4,0.000000,true,
131.250000,0.100000,0.000000,211.709841,211.709841,211.709841,211.709841,635.129523,0.000000,0.000000,21.620003,0.210282,-21.428638,0.021300,0.021300,0.005400,-1.803828,-1.803828,-2.215374,0.046876,0.101140,359.507721,359.507721,545.019946,4,0.000000,true,
131.250000,0.050000,0.000000,182.988970,182.988970,182.988970,182.988970,548.966909,0.000000,0.000000,21.614974,0.126294,-21.508715,0.010644,0.010644,0.002712,-1.821944,-1.821944,-2.220546,0.031981,0.079786,363.236566,363.236566,547.033472,4,0.000000,true,
131.250000,0.000000,0.000000,0.000000,0.000000,0.000000,0.000000,0.000000,0.000000,0.000000,21.609905,0.034778,-21.586773,0.000000,0.000000,0.000000,-1.839403,-1.839403,-2.225577,0.021027,0.021027,366.835040,366.835040,548.992472,7,0.000000,true,
130.625000,4.000000,0.000000,330.115637,330.115637,330.115637,330.115637,990.346910,0.000000,0.000000,22.002123,4.072083,-16.094477,0.857326,0.857326,0.205348,-0.153832,-0.153832,-1.857242,0.362140,0.387345,34.675665,34.675665,429.869882,4,0.000000,true,
130.625000,3.950000,0.000000,328.671623,328.671623,328.671623,328.671623,986.014870,0.000000,0.000000,21.988160,4.026140,-16.164953,0.847487,0.847487,0.201025,-0.158977,-0.158977,-1.861834,0.360026,0.385395,35.665013,35.665013,430.613464,3,0.000000,true,
130.625000,3.900000,0.000000,327.219160,327.219160,327.219160,327.219160,981.657479,0.000000,0.000000,21.974293,3.980128,-16.235298,0.837619,0.837619,0.196762,-0.164436,-0.164436,-1.866373,0.357888,0.383424,36.714557,36.714557,431.351634,3,0.000000,true,
130.625000,3.850000,0.000000,325.758815,325.758815,325.758815,325.758815,977.276446,0.000000,0.000000,21.960528,3.934054,-16.305508,0.827720,0.827720,0.192560,-0.170236,-0.170236,-1.870860,0.355725,0.381432,37.829590,37.829590,432.084914,3,0.000000,true,
130.625000,3.800000,0.000000,324.291281,324.291281,324.291281,324.291281,972.873844,0.000000,0.000000,21.946873,3.887925,-16.375575,0.817791,0.817791,0.188417,-0.176407,-0.176407,-1.875296,0.353538,0.379418,39.015985,39.015985,432.813894,3,0.000000,true,
130.625000,3.750000,0.000000,322.817391,322.817391,322.817391,322.817391,968.452172,0.000000,0.000000,21.933339,3.841748,-16.445495,0.807832,0.807832,0.184336,-0.182984,-0.182984,-1.879682,0.351327,0.377382,40.280268,40.280268,433.539244,3,0.000000,true,
130.625000,3.700000,0.000000,321.338147,321.338147,321.338147,321.338147,964.014440,0.000000,0.000000,21.919936,3.795533,-16.515261,0.797842,0.797842,0.180315,-0.190004,-0.190004,-1.884019,0.349091,0.375324,41.629686,41.629686,434.261727,3,0.000000,true,
130.625000,3.650000,0.000000,319.854754,319.854754,319.854754,319.854754,959.564263,0.000000,0.000000,21.906675,3.749291,-16.584865,0.787822,0.787822,0.176356,-0.197508,-0.197508,-1.888309,0.346831,0.373246,43.072292,43.072292,434.982216,3,0.000000,true,
130.625000,3.600000,0.000000,318.368657,318.368657,318.368657,318.368657,955.105970,0.000000,0.000000,21.893571,3.703035,-16.654297,0.777770,0.777770,0.172459,-0.205544,-0.205544,-1.892553,0.344547,0.371146,44.617029,44.617029,435.701715,3,0.000000,true,
130.625000,3.550000,0.000000,316.881580,316.881580,316.881580,316.881580,950.644740,0.000000,0.000000,21.880639,3.656779,-16.723549,0.767687,0.767687,0.168625,-0.214163,-0.214163,-1.896754,0.342239,0.369025,46.273810,46.273810,436.421379,3,0.000000,true,
130.625000,3.500000,0.000000,315.395583,315.395583,315.395583,315.395583,946.186749,0.000000,0.000000,21.867897,3.610541,-16.792608,0.757572,0.757572,0.164856,-0.223421,-0.223421,-1.900913,0.339907,0.366884,48.053604,48.053604,437.142547,3,0.000000,true,
130.625000,3.450000,0.000000,313.913116,313.913116,313.913116,313.913116,941.739349,0.000000,0.000000,21.855366,3.564341,-16.861461,0.747424,0.747424,0.161152,-0.233382,-0.233382,-1.905033,0.337553,0.364723,49.968499,49.968499,437.866767,3,0.000000,true,
130.625000,3.400000,0.000000,312.437087,312.437087,312.437087,312.437087,937.311260,0.000000,0.000000,21.843068,3.518201,-16.930094,0.737243,0.737243,0.157515,-0.244114,-0.244114,-1.909115,0.335177,0.362544,52.031744,52.031744,438.595835,3,0.000000,true,
130.625000,3.350000,0.000000,310.970927,310.970927,310.970927,310.970927,932.912781,0.000000,0.000000,21.831031,3.472150,-16.998490,0.727026,0.727026,0.153947,-0.255692,-0.255692,-1.913164,0.332779,0.360348,54.257751,54.257751,439.331832,3,0.000000,true,
130.625000,3.300000,0.000000,309.518670,309.518670,309.518670,309.518670,928.556011,0.000000,0.000000,21.819285,3.426217,-17.066630,0.716774,0.716774,0.150451,-0.268196,-0.268196,-1.917183,0.330362,0.358135,56.662028,56.662028,440.077165,3,0.000000,true,
130.625000,3.250000,0.000000,308.085019,308.085019,308.085019,308.085019,924.255058,0.000000,0.000000,21.807864,3.380438,-17.134492,0.706485,0.706485,0.147030,-0.281712,-0.281712,-1.921174,0.327927,0.355909,59.261015,59.261015,440.834606,3,0.000000,true,
130.625000,3.200000,0.000000,306.675405,306.675405,306.675405,306.675405,920.026216,0.000000,0.000000,21.796805,3.334852,-17.202054,0.696157,0.696157,0.143685,-0.296327,-0.296327,-1.925144,0.325475,0.353670,62.071781,62.071781,441.607325,3,0.000000,true,
130.625000,3.150000,0.000000,305.296020,305.296020,305.296020,305.296020,915.888060,0.000000,0.000000,21.786152,3.289501,-17.269290,0.685790,0.685790,0.140421,-0.312131,-0.312131,-1.929097,0.323009,0.351421,65.111545,65.111545,442.398913,3,0.000000,true,
130.625000,3.100000,0.000000,303.953806,303.953806,303.953806,303.953806,911.861417,0.000000,0.000000,21.775948,3.244434,-17.336173,0.675380,0.675380,0.137241,-0.329208,-0.329208,-1.933039,0.320531,0.349166,68.396974,68.396974,443.213379,3,0.000000,true,
130.625000,3.050000,0.000000,302.656378,302.656378,302.656378,302.656378,907.969135,0.000000,0.000000,21.766243,3.199699,-17.402675,0.664926,0.664926,0.134148,-0.347638,-0.347638,-1.936976,0.318044,0.346907,71.943225,71.943225,444.055118,3,0.000000,true,
130.625000,3.000000,0.000000,301.411862,301.411862,301.411862,301.411862,904.235586,0.000000,0.000000,21.757085,3.155347,-17.468770,0.654426,0.654426,0.131148,-0.367483,-0.367483,-1.940915,0.315550,0.344647,75.762766,75.762766,444.928827,3,0.000000,true,
130.625000,2.950000,0.000000,300.228612,300.228612,300.228612,300.228612,900.685837,0.000000,0.000000,21.748522,3.111426,-17.534431,0.643879,0.643879,0.128242,-0.388785,-0.388785,-1.944864,0.313053,0.342390,79.863999,79.863999,445.839364,3,0.000000,true,
130.625000,2.900000,0.000000,299.114832,299.114832,299.114832,299.114832,897.344495,0.000000,0.000000,21.740596,3.067978,-17.599639,0.633283,0.633283,0.125433,-0.411557,-0.411557,-1.948831,0.310554,0.340138,84.249874,84.249874,446.791551,3,0.000000,true,
130.625000,2.850000,0.000000,298.078086,298.078086,298.078086,298.078086,894.234257,0.000000,0.000000,21.733345,3.025038,-17.664380,0.622638,0.622638,0.122724,-0.435779,-0.435779,-1.952822,0.308057,0.337894,88.916675,88.916675,447.789918,3,0.000000,true,
130.625000,2.800000,0.000000,297.124777,297.124777,297.124777,297.124777,891.374331,0.000000,0.000000,21.726793,2.982627,-17.728651,0.611943,0.611943,0.120115,-0.461390,-0.461390,-1.956845,0.305562,0.335661,93.853262,93.853262,448.838424,3,0.000000,true,
130.625000,2.750000,0.000000,296.259653,296.259653,296.259653,296.259653,888.778959,0.000000,0.000000,21.720952,2.940749,-17.792457,0.601198,0.601198,0.117604,-0.488290,-0.488290,-1.960906,0.303070,0.333439,99.040991,99.040991,449.940189,3,0.000000,true,
130.625000,2.700000,0.000000,295.485424,295.485424,295.485424,295.485424,886.456273,0.000000,0.000000,21.715819,2.899390,-17.855820,0.590405,0.590405,0.115190,-0.516345,-0.516345,-1.965011,0.300580,0.331228,104.454436,104.454436,451.097282,3,0.000000,true,
130.625000,2.650000,0.000000,294.802574,294.802574,294.802574,294.802574,884.407723,0.000000,0.000000,21.711375,2.858519,-17.918772,0.579567,0.579567,0.112867,-0.545393,-0.545393,-1.969163,0.298092,0.329028,110.062855,110.062855,452.310609,3,0.000000,true,
130.625000,2.600000,0.000000,294.209383,294.209383,294.209383,294.209383,882.628148,0.000000,0.000000,21.707586,2.818086,-17.981356,0.568686,0.568686,0.110629,-0.575253,-0.575253,-1.973364,0.295601,0.326836,115.832162,115.832162,453.579912,3,0.000000,true,
130.625000,2.550000,0.000000,293.702147,293.702147,293.702147,293.702147,881.106442,0.000000,0.000000,21.704408,2.778026,-18.043626,0.557765,0.557765,0.108469,-0.605740,-0.605740,-1.977616,0.293105,0.324649,121.727068,121.727068,454.903877,3,0.000000,true,
130.625000,2.500000,0.000000,293.275552,293.275552,293.275552,293.275552,879.826655,0.000000,0.000000,21.701787,2.738266,-18.105641,0.546810,0.546810,0.106380,-0.636675,-0.636675,-1.981918,0.290599,0.322462,127.713054,127.713054,456.280321,3,0.000000,true,
130.625000,2.450000,0.000000,292.923096,292.923096,292.923096,292.923096,878.769288,0.000000,0.000000,21.699665,2.698723,-18.167465,0.535824,0.535824,0.104352,-0.667887,-0.667887,-1.986269,0.288079,0.320271,133.757935,133.757935,457.706414,3,0.000000,true,
130.625000,2.400000,0.000000,292.637530,292.637530,292.637530,292.637530,877.912589,0.000000,0.000000,21.697980,2.659314,-18.229162,0.524811,0.524811,0.102379,-0.699227,-0.699227,-1.990666,0.285537,0.318071,139.832905,139.832905,459.178915,3,0.000000,true,
130.625000,2.350000,0.000000,292.411233,292.411233,292.411233,292.411233,877.233699,0.000000,0.000000,21.696672,2.619953,-18.290795,0.513775,0.513775,0.100450,-0.730565,-0.730565,-1.995108,0.282970,0.315857,145.913082,145.913082,460.694370,3,0.000000,true,
130.625000,2.300000,0.000000,292.236522,292.236522,292.236522,292.236522,876.709566,0.000000,0.000000,21.695683,2.580561,-18.352426,0.502721,0.502721,0.098559,-0.761791,-0.761791,-1.999591,0.280371,0.313622,151.977627,151.977627,462.249286,3,0.000000,true,
130.625000,2.250000,0.000000,292.105871,292.105871,292.105871,292.105871,876.317612,0.000000,0.000000,21.694960,2.541058,-18.414111,0.491651,0.491651,0.096698,-0.792818,-0.792818,-2.004112,0.277735,0.311362,158.009575,158.009575,463.840252,3,0.000000,true,
130.625000,2.200000,0.000000,292.012057,292.012057,292.012057,292.012057,876.036172,0.000000,0.000000,21.694452,2.501373,-18.475903,0.480570,0.480570,0.094861,-0.823577,-0.823577,-2.008668,0.275057,0.309072,163.995482,163.995482,465.464021,3,0.000000,true,
130.625000,2.150000,0.000000,291.948250,291.948250,291.948250,291.948250,875.844750,0.000000,0.000000,21.694114,2.461439,-18.537850,0.469479,0.469479,0.093041,-0.854013,-0.854013,-2.013257,0.272331,0.306747,169.924985,169.924985,467.117570,3,0.000000,true,
130.625000,2.100000,0.000000,291.908041,291.908041,291.908041,291.908041,875.724124,0.000000,0.000000,21.693906,2.421194,-18.599996,0.458383,0.458383,0.091234,-0.884087,-0.884087,-2.017876,0.269552,0.304382,175.790336,175.790336,468.798115,3,0.000000,true,
130.625000,2.050000,0.000000,291.885451,291.885451,291.885451,291.885451,875.656352,0.000000,0.000000,21.693792,2.380584,-18.662381,0.447283,0.447283,0.089434,-0.913769,-0.913769,-2.022523,0.266715,0.301972,181.585964,181.585964,470.503129,3,0.000000,true,
130.625000,2.000000,0.000000,291.874906,291.874906,291.874906,291.874906,875.624718,0.000000,0.000000,21.693740,2.339556,-18.725040,0.436181,0.436181,0.087637,-0.943042,-0.943042,-2.027196,0.263816,0.299513,187.308069,187.308069,472.230331,3,0.000000,true,
130.625000,1.950000,0.000000,291.871206,291.871206,291.871206,291.871206,875.613618,0.000000,0.000000,21.693722,2.298067,-18.788004,0.425080,0.425080,0.085840,-0.971893,-0.971893,-2.031892,0.260850,0.297000,192.954277,192.954277,473.977674,3,0.000000,true,
130.625000,1.900000,0.000000,291.869478,291.869478,291.869478,291.869478,875.608435,0.000000,0.000000,21.693714,2.256074,-18.851301,0.413981,0.413981,0.084038,-1.000317,-1.000317,-2.036611,0.257813,0.294431,198.523343,198.523343,475.743334,3,0.000000,true,
130.625000,1.850000,0.000000,291.865132,291.865132,291.865132,291.865132,875.595395,0.000000,0.000000,21.693694,2.213540,-18.914956,0.402885,0.402885,0.082230,-1.028311,-1.028311,-2.041350,0.254701,0.291799,204.014906,204.014906,477.525682,3,0.000000,true,
130.625000,1.800000,0.000000,291.853805,291.853805,291.853805,291.853805,875.561416,0.000000,0.000000,21.693644,2.170431,-18.978991,0.391794,0.391794,0.080412,-1.055879,-1.055879,-2.046108,0.251508,0.289103,209.429288,209.429288,479.323273,3,0.000000,true,
130.625000,1.750000,0.000000,291.831321,291.831321,291.831321,291.831321,875.493964,0.000000,0.000000,21.693547,2.126715,-19.043425,0.380709,0.380709,0.078582,-1.083024,-1.083024,-2.050884,0.248231,0.286336,214.767334,214.767334,481.134824,3,0.000000,true,
130.625000,1.700000,0.000000,291.793633,291.793633,291.793633,291.793633,875.380898,0.000000,0.000000,21.693389,2.082366,-19.108275,0.369631,0.369631,0.076738,-1.109755,-1.109755,-2.055677,0.244866,0.283497,220.030278,220.030278,482.959195,3,0.000000,true,
130.625000,1.650000,0.000000,291.736776,291.736776,291.736776,291.736776,875.210329,0.000000,0.000000,21.693157,2.037358,-19.173556,0.358561,0.358561,0.074879,-1.136078,-1.136078,-2.060486,0.241408,0.280581,225.219641,225.219641,484.795377,3,0.000000,true,
130.625000,1.600000,0.000000,291.656823,291.656823,291.656823,291.656823,874.970470,0.000000,0.000000,21.692842,1.991667,-19.239280,0.347499,0.347499,0.073002,-1.162005,-1.162005,-2.065311,0.237854,0.277584,230.337151,230.337151,486.642471,3,0.000000,true,
130.625000,1.550000,0.000000,291.549829,291.549829,291.549829,291.549829,874.649488,0.000000,0.000000,21.692432,1.945271,-19.305459,0.336447,0.336447,0.071106,-1.187545,-1.187545,-2.070150,0.234198,0.274502,235.384676,235.384676,488.499681,3,0.000000,true,
130.625000,1.500000,0.000000,291.411785,291.411785,291.411785,291.411785,874.235356,0.000000,0.000000,21.691920,1.898151,-19.372103,0.325405,0.325405,0.069190,-1.212708,-1.212708,-2.075004,0.230436,0.271331,240.364176,240.364176,490.366299,3,0.000000,true,
130.625000,1.450000,0.000000,291.238563,291.238563,291.238563,291.238563,873.715689,0.000000,0.000000,21.691299,1.850288,-19.439220,0.314374,0.314374,0.067253,-1.237506,-1.237506,-2.079871,0.226564,0.268066,245.277661,245.277661,492.241696,3,0.000000,true,
130.625000,1.400000,0.000000,291.025860,291.025860,291.025860,291.025860,873.077580,0.000000,0.000000,21.690562,1.801666,-19.506816,0.303353,0.303353,0.065294,-1.261950,-1.261950,-2.084752,0.222577,0.264704,250.127163,250.127163,494.125310,3,0.000000,true,
130.625000,1.350000,0.000000,290.769136,290.769136,290.769136,290.769136,872.307408,0.000000,0.000000,21.689704,1.752268,-19.574898,0.292344,0.292344,0.063312,-1.286049,-1.286049,-2.089645,0.218470,0.261240,254.914715,254.914715,496.016642,3,0.000000,true,
130.625000,1.300000,0.000000,290.463547,290.463547,290.463547,290.463547,871.390640,0.000000,0.000000,21.688720,1.702079,-19.643468,0.281347,0.281347,0.061306,-1.309816,-1.309816,-2.094551,0.214238,0.257669,259.642329,259.642329,497.915247,3,0.000000,true,
130.625000,1.250000,0.000000,290.103862,290.103862,290.103862,290.103862,870.311587,0.000000,0.000000,21.687605,1.651084,-19.712532,0.270362,0.270362,0.059276,-1.333261,-1.333261,-2.099468,0.209875,0.253985,264.311989,264.311989,499.820726,3,0.000000,true,
130.625000,1.200000,0.000000,289.684380,289.684380,289.684380,289.684380,869.053139,0.000000,0.000000,21.686355,1.599271,-19.782090,0.259390,0.259390,0.057221,-1.356394,-1.356394,-2.104398,0.205376,0.250184,268.925633,268.925633,501.732722,3,0.000000,true,
130.625000,1.150000,0.000000,289.198814,289.198814,289.198814,289.198814,867.596443,0.000000,0.000000,21.684968,1.546625,-19.852144,0.248430,0.248430,0.055141,-1.379225,-1.379225,-2.109340,0.200735,0.246260,273.485158,273.485158,503.650918,3,0.000000,true,
130.625000,1.100000,0.000000,288.640173,288.640173,288.640173,288.640173,865.920518,0.000000,0.000000,21.683440,1.493134,-19.922694,0.237483,0.237483,0.053034,-1.401764,-1.401764,-2.114293,0.195946,0.242205,277.992405,277.992405,505.575027,3,0.000000,true,
130.625000,1.050000,0.000000,288.000599,288.000599,288.000599,288.000599,864.001797,0.000000,0.000000,21.681769,1.438784,-19.993741,0.226549,0.226549,0.050902,-1.424021,-1.424021,-2.119257,0.191001,0.238013,282.449161,282.449161,507.504793,3,0.000000,true,
130.625000,1.000000,0.000000,287.271185,287.271185,287.271185,287.271185,861.813554,0.000000,0.000000,21.679951,1.383562,-20.065281,0.215628,0.215628,0.048743,-1.446005,-1.446005,-2.124232,0.185893,0.233676,286.857159,286.857159,509.439986,3,0.000000,true,
130.625000,0.950000,0.000000,286.441732,286.441732,286.441732,286.441732,859.325196,0.000000,0.000000,21.677985,1.327455,-20.137312,0.204721,0.204721,0.046558,-1.467725,-1.467725,-2.129219,0.180614,0.229186,291.218072,291.218072,511.380400,3,0.000000,true,
130.625000,0.900000,0.000000,285.500456,285.500456,285.500456,285.500456,856.501369,0.000000,0.000000,21.675868,1.270447,-20.209832,0.193827,0.193827,0.044345,-1.489189,-1.489189,-2.134216,0.175156,0.224532,295.533519,295.533519,513.325848,3,0.000000,true,
130.625000,0.850000,0.000000,284.433604,284.433604,284.433604,284.433604,853.300812,0.000000,0.000000,21.673599,1.212525,-20.282836,0.182947,0.182947,0.042106,-1.510407,-1.510407,-2.139223,0.169508,0.219704,299.805062,299.805062,515.276163,3,0.000000,true,
130.625000,0.800000,0.000000,283.224957,283.224957,283.224957,283.224957,849.674871,0.000000,0.000000,21.671175,1.153670,-20.356319,0.172080,0.172080,0.039840,-1.531385,-1.531385,-2.144241,0.163661,0.214689,304.034209,304.034209,517.231193,3,0.000000,true,
130.625000,0.750000,0.000000,281.855178,281.855178,281.855178,281.855178,845.565533,0.000000,0.000000,21.668594,1.093863,-20.430275,0.161227,0.161227,0.037547,-1.552132,-1.552132,-2.149270,0.157600,0.209471,308.222414,308.222414,519.190804,3,0.000000,true,
130.625000,0.700000,0.000000,280.300931,280.300931,280.300931,280.300931,840.902793,0.000000,0.000000,21.665855,1.033084,-20.504697,0.150387,0.150387,0.035226,-1.572655,-1.572655,-2.154308,0.151314,0.204033,312.371079,312.371079,521.154871,3,0.000000,true,
130.625000,0.650000,0.000000,278.533680,278.533680,278.533680,278.533680,835.601041,0.000000,0.000000,21.662956,0.971307,-20.579579,0.139561,0.139561,0.032879,-1.592962,-1.592962,-2.159356,0.144787,0.198355,316.481558,316.481558,523.123285,3,0.000000,true,
130.625000,0.600000,0.000000,276.518004,276.518004,276.518004,276.518004,829.554011,0.000000,0.000000,21.659894,0.908502,-20.654911,0.128748,0.128748,0.030505,-1.613059,-1.613059,-2.164414,0.137999,0.192410,320.555154,320.555154,525.095944,3,0.000000,true,
130.625000,0.550000,0.000000,274.209177,274.209177,274.209177,274.209177,822.627530,0.000000,0.000000,21.656668,0.844633,-20.730685,0.117948,0.117948,0.028104,-1.632953,-1.632953,-2.169482,0.130930,0.186167,324.593125,324.593125,527.072759,3,0.000000,true,
130.625000,0.500000,0.000000,271.549602,271.549602,271.549602,271.549602,814.648806,0.000000,0.000000,21.653275,0.779656,-20.806891,0.107162,0.107162,0.025676,-1.652650,-1.652650,-2.174559,0.123553,0.179586,328.596684,328.596684,529.053647,3,0.000000,true,
130.625000,0.450000,0.000000,268.463354,268.463354,268.463354,268.463354,805.390061,0.000000,0.000000,21.649714,0.713515,-20.883518,0.096389,0.096389,0.023223,-1.672158,-1.672158,-2.179645,0.115836,0.172617,332.567002,332.567002,531.038533,3,0.000000,true,
130.625000,0.400000,0.000000,264.847498,264.847498,264.847498,264.847498,794.542493,0.000000,0.000000,21.645982,0.646140,-20.960557,0.085629,0.085629,0.020743,-1.691481,-1.691481,-2.184740,0.107740,0.165192,336.505207,336.505207,533.027352,3,0.000000,true,
130.625000,0.350000,0.000000,260.557589,260.557589,260.557589,260.557589,781.672766,0.000000,0.000000,21.642076,0.577438,-21.037995,0.074882,0.074882,0.018237,-1.710626,-1.710626,-2.189844,0.099213,0.157220,340.412387,340.412387,535.020040,3,0.000000,true,
130.625000,0.300000,0.000000,255.381916,255.381916,255.381916,255.381916,766.145747,0.000000,0.000000,21.637995,0.507287,-21.115819,0.064147,0.064147,0.015706,-1.729598,-1.729598,-2.194957,0.090188,0.148569,344.289591,344.289591,537.016543,3,0.000000,true,
130.625000,0.250000,0.000000,248.992057,248.992057,248.992057,248.992057,746.976171,0.000000,0.000000,21.633735,0.435514,-21.194018,0.053425,0.053425,0.013149,-1.748402,-1.748402,-2.200077,0.080569,0.139048,348.137830,348.137830,539.016806,3,0.000000,true,
130.625000,0.200000,0.000000,240.837573,240.837573,240.837573,240.837573,722.512719,0.000000,0.000000,21.629294,0.361870,-21.272578,0.042716,0.042716,0.010568,-1.767045,-1.767045,-2.205206,0.070218,0.128345,351.958071,351.958071,541.020781,4,0.000000,true,
130.625000,0.150000,0.000000,229.886293,229.886293,229.886293,229.886293,689.658880,0.000000,0.000000,21.624668,0.285969,-21.351484,0.032019,0.032019,0.007962,-1.785530,-1.785530,-2.210342,0.058918,0.115918,355.751239,355.751239,543.028413,4,0.000000,true,
130.625000,0.100000,0.000000,213.820732,213.820732,213.820732,213.820732,641.462195,0.000000,0.000000,21.619856,0.207140,-21.430722,0.021334,0.021334,0.005331,-1.803862,-1.803862,-2.215486,0.046281,0.100646,359.518173,359.518173,545.039629,4,0.000000,true,
130.625000,0.050000,0.000000,185.247775,185.247775,185.247775,185.247775,555.743325,0.000000,0.000000,21.614853,0.123950,-21.510271,0.010661,0.010661,0.002677,-1.822045,-1.822045,-2.220636,0.031485,0.079406,363.259407,363.259407,547.054204,4,0.000000,true,
130.625000,0.000000,0.000000,0.000000,0.000000,0.000000,0.000000,0.000000,0.000000,0.000000,21.609798,0.032959,-21.587980,0.000000,0.000000,0.000000,-1.839603,-1.839603,-2.225655,0.020391,0.020391,366.876905,366.876905,549.018198,7,0.000000,true,
130.312500,4.000000,0.000000,330.712334,330.712334,330.712334,330.712334,992.137003,0.000000,0.000000,22.001500,4.046923,-16.111113,0.857867,0.857867,0.204266,-0.153162,-0.153162,-1.858219,0.360754,0.386081,34.551341,34.551341,430.018058,4,0.000000,true,
130.312500,3.950000,0.000000,329.269238,329.269238,329.269238,329.269238,987.807715,0.000000,0.000000,21.987546,4.001143,-16.181481,0.848023,0.848023,0.199954,-0.158275,-0.158275,-1.862805,0.358636,0.384129,35.534582,35.534582,430.760231,3,0.000000,true,
130.312500,3.900000,0.000000,327.817622,327.817622,327.817622,327.817622,983.452866,0.000000,0.000000,21.973687,3.955295,-16.251718,0.838149,0.838149,0.195701,-0.163699,-0.163699,-1.867336,0.356495,0.382156,36.577529,36.577529,431.496917,3,0.000000,true,
130.312500,3.850000,0.000000,326.358044,326.358044,326.358044,326.358044,979.074133,0.000000,0.000000,21.959929,3.909385,-16.321818,0.828245,0.828245,0.191509,-0.169461,-0.169461,-1.871816,0.354329,0.380162,37.685427,37.685427,432.228634,3,0.000000,true,
130.312500,3.800000,0.000000,324.891181,324.891181,324.891181,324.891181,974.673544,0.000000,0.000000,21.946281,3.863420,-16.391777,0.818311,0.818311,0.187377,-0.175592,-0.175592,-1.876244,0.352139,0.378146,38.864096,38.864096,432.955968,3,0.000000,true,
130.312500,3.750000,0.000000,323.417850,323.417850,323.417850,323.417850,970.253551,0.000000,0.000000,21.932752,3.817408,-16.461589,0.808347,0.808347,0.183306,-0.182124,-0.182124,-1.880621,0.349924,0.376108,40.119999,40.119999,433.679579,3,0.000000,true,
130.312500,3.700000,0.000000,321.939036,321.939036,321.939036,321.939036,965.817107,0.000000,0.000000,21.919352,3.771357,-16.531246,0.798352,0.798352,0.179296,-0.189096,-0.189096,-1.884950,0.347685,0.374048,41.460317,41.460317,434.400224,3,0.000000,true,
130.312500,3.650000,0.000000,320.455920,320.455920,320.455920,320.455920,961.367760,0.000000,0.000000,21.906094,3.725279,-16.600741,0.788327,0.788327,0.175347,-0.196548,-0.196548,-1.889232,0.345422,0.371967,42.893033,42.893033,435.118764,3,0.000000,true,
130.312500,3.600000,0.000000,318.969921,318.969921,318.969921,318.969921,956.909763,0.000000,0.000000,21.892991,3.679187,-16.670065,0.778270,0.778270,0.171460,-0.204527,-0.204527,-1.893468,0.343134,0.369865,44.427010,44.427010,435.836190,3,0.000000,true,
130.312500,3.550000,0.000000,317.482735,317.482735,317.482735,317.482735,952.448206,0.000000,0.000000,21.880058,3.633094,-16.739209,0.768182,0.768182,0.167637,-0.213084,-0.213084,-1.897659,0.340823,0.367742,46.072079,46.072079,436.553646,3,0.000000,true,
130.312500,3.500000,0.000000,315.996388,315.996388,315.996388,315.996388,947.989165,0.000000,0.000000,21.867313,3.587019,-16.808160,0.758062,0.758062,0.163877,-0.222276,-0.222276,-1.901809,0.338488,0.365599,47.839125,47.839125,437.272450,3,0.000000,true,
130.312500,3.450000,0.000000,314.513291,314.513291,314.513291,314.513291,943.539873,0.000000,0.000000,21.854776,3.540980,-16.876907,0.747909,0.747909,0.160183,-0.232164,-0.232164,-1.905919,0.336130,0.363436,49.740147,49.740147,437.994133,3,0.000000,true,
130.312500,3.400000,0.000000,313.036307,313.036307,313.036307,313.036307,939.108921,0.000000,0.000000,21.842471,3.495001,-16.945433,0.737722,0.737722,0.156556,-0.242816,-0.242816,-1.909992,0.333750,0.361255,51.788313,51.788313,438.720466,3,0.000000,true,
130.312500,3.350000,0.000000,311.568821,311.568821,311.568821,311.568821,934.706462,0.000000,0.000000,21.830423,3.449109,-17.013724,0.727501,0.727501,0.152997,-0.254308,-0.254308,-1.914030,0.331349,0.359056,53.997964,53.997964,439.453507,3,0.000000,true,
130.312500,3.300000,0.000000,310.114812,310.114812,310.114812,310.114812,930.344436,0.000000,0.000000,21.818663,3.403335,-17.081759,0.717245,0.717245,0.149510,-0.266720,-0.266720,-1.918038,0.328928,0.356841,56.384552,56.384552,440.195633,3,0.000000,true,
130.312500,3.250000,0.000000,308.678928,308.678928,308.678928,308.678928,926.036783,0.000000,0.000000,21.807224,3.357711,-17.149518,0.706951,0.706951,0.146097,-0.280135,-0.280135,-1.922019,0.326489,0.354612,58.964497,58.964497,440.949584,3,0.000000,true,
130.312500,3.200000,0.000000,307.266543,307.266543,307.266543,307.266543,921.799628,0.000000,0.000000,21.796143,3.312279,-17.216978,0.696620,0.696620,0.142761,-0.294644,-0.294644,-1.925977,0.324034,0.352371,61.754893,61.754893,441.718500,3,0.000000,true,
130.312500,3.150000,0.000000,305.883797,305.883797,305.883797,305.883797,917.651390,0.000000,0.000000,21.785464,3.267081,-17.284114,0.686248,0.686248,0.139504,-0.310334,-0.310334,-1.929918,0.321564,0.350120,64.773054,64.773054,442.505940,3,0.000000,true,
130.312500,3.100000,0.000000,304.537590,304.537590,304.537590,304.537590,913.612771,0.000000,0.000000,21.775230,3.222164,-17.350897,0.675834,0.675834,0.136332,-0.327293,-0.327293,-1.933847,0.319082,0.347862,68.035827,68.035827,443.315887,3,0.000000,true,
130.312500,3.050000,0.000000,303.235515,303.235515,303.235515,303.235515,909.706546,0.000000,0.000000,21.765490,3.177578,-17.417301,0.665377,0.665377,0.133246,-0.345599,-0.345599,-1.937771,0.316591,0.345600,71.558667,71.558667,444.152719,3,0.000000,true,
130.312500,3.000000,0.000000,301.985700,301.985700,301.985700,301.985700,905.957100,0.000000,0.000000,21.756293,3.133374,-17.483298,0.654874,0.654874,0.130252,-0.365320,-0.365320,-1.941697,0.314094,0.343337,75.354460,75.354460,445.021126,3,0.000000,true,
130.312500,2.950000,0.000000,300.796543,300.796543,300.796543,300.796543,902.389629,0.000000,0.000000,21.747687,3.089600,-17.548862,0.644324,0.644324,0.127352,-0.386498,-0.386498,-1.945631,0.311593,0.341077,79.432164,79.432164,445.925982,3,0.000000,true,
130.312500,2.900000,0.000000,299.676337,299.676337,299.676337,299.676337,899.029011,0.000000,0.000000,21.739716,3.046301,-17.613972,0.633725,0.633725,0.124549,-0.409153,-0.409153,-1.949583,0.309091,0.338822,83.795394,83.795394,446.872148,3,0.000000,true,
130.312500,2.850000,0.000000,298.632788,298.632788,298.632788,298.632788,895.898365,0.000000,0.000000,21.732417,3.003512,-17.678613,0.623077,0.623077,0.121846,-0.433265,-0.433265,-1.953558,0.306590,0.336576,88.441177,88.441177,447.864220,3,0.000000,true,
130.312500,2.800000,0.000000,297.672492,297.672492,297.672492,297.672492,893.017475,0.000000,0.000000,21.725817,2.961257,-17.742780,0.612379,0.612379,0.119242,-0.458778,-0.458778,-1.957566,0.304093,0.334341,93.359122,93.359122,448.906248,3,0.000000,true,
130.312500,2.750000,0.000000,296.800420,296.800420,296.800420,296.800420,890.401260,0.000000,0.000000,21.719929,2.919541,-17.806479,0.601631,0.601631,0.116737,-0.485597,-0.485597,-1.961611,0.301599,0.332118,98.531262,98.531262,450.001465,3,0.000000,true,
130.312500,2.700000,0.000000,296.019530,296.019530,296.019530,296.019530,888.058590,0.000000,0.000000,21.714752,2.878354,-17.869729,0.590836,0.590836,0.114329,-0.513589,-0.513589,-1.965700,0.299108,0.329906,103.932696,103.932696,451.152064,3,0.000000,true,
130.312500,2.650000,0.000000,295.330544,295.330544,295.330544,295.330544,885.991632,0.000000,0.000000,21.710268,2.837666,-17.932560,0.579994,0.579994,0.112012,-0.542594,-0.542594,-1.969835,0.296619,0.327706,109.533000,109.533000,452.359074,3,0.000000,true,
130.312500,2.600000,0.000000,294.731954,294.731954,294.731954,294.731954,884.195861,0.000000,0.000000,21.706445,2.797428,-17.995015,0.569109,0.569109,0.109781,-0.572433,-0.572433,-1.974021,0.294129,0.325515,115.298174,115.298174,453.622346,3,0.000000,true,
130.312500,2.550000,0.000000,294.220226,294.220226,294.220226,294.220226,882.660678,0.000000,0.000000,21.703239,2.757577,-18.057147,0.558185,0.558185,0.107629,-0.602919,-0.602919,-1.978257,0.291635,0.323329,121.192795,121.192795,454.940655,3,0.000000,true,
130.312500,2.500000,0.000000,293.790160,293.790160,293.790160,293.790160,881.370480,0.000000,0.000000,21.700597,2.718041,-18.119014,0.547226,0.547226,0.105549,-0.633870,-0.633870,-1.982543,0.289131,0.321146,127.182042,127.182042,456.311880,3,0.000000,true,
130.312500,2.450000,0.000000,293.435320,293.435320,293.435320,293.435320,880.305961,0.000000,0.000000,21.698459,2.678736,-18.180680,0.536235,0.536235,0.103531,-0.665116,-0.665116,-1.986879,0.286614,0.318959,133.233306,133.233306,457.733228,3,0.000000,true,
130.312500,2.400000,0.000000,293.148475,293.148475,293.148475,293.148475,879.445426,0.000000,0.000000,21.696767,2.639580,-18.242210,0.525216,0.525216,0.101567,-0.696504,-0.696504,-1.991262,0.284078,0.316764,139.317304,139.317304,459.201468,3,0.000000,true,
130.312500,2.350000,0.000000,292.921987,292.921987,292.921987,292.921987,878.765962,0.000000,0.000000,21.695458,2.600487,-18.303666,0.514175,0.514175,0.099650,-0.727900,-0.727900,-1.995689,0.281516,0.314555,145.408663,145.408663,460.713142,3,0.000000,true,
130.312500,2.300000,0.000000,292.748129,292.748129,292.748129,292.748129,878.244386,0.000000,0.000000,21.694474,2.561375,-18.365111,0.503115,0.503115,0.097771,-0.759193,-0.759193,-2.000158,0.278925,0.312328,151.486084,151.486084,462.264734,3,0.000000,true,
130.312500,2.250000,0.000000,292.619312,292.619312,292.619312,292.619312,877.857936,0.000000,0.000000,21.693761,2.522166,-18.426602,0.492039,0.492039,0.095922,-0.790295,-0.790295,-2.004665,0.276297,0.310077,157.532184,157.532184,463.852804,3,0.000000,true,
130.312500,2.200000,0.000000,292.528246,292.528246,292.528246,292.528246,877.584738,0.000000,0.000000,21.693267,2.482786,-18.488192,0.480951,0.480951,0.094098,-0.821132,-0.821132,-2.009209,0.273627,0.307796,163.533160,163.533160,465.474070,3,0.000000,true,
130.312500,2.150000,0.000000,292.468025,292.468025,292.468025,292.468025,877.404074,0.000000,0.000000,21.692949,2.443168,-18.549930,0.469854,0.469854,0.092292,-0.851650,-0.851650,-2.013785,0.270911,0.305480,169.478348,169.478348,467.125472,3,0.000000,true,
130.312500,2.100000,0.000000,292.432167,292.432167,292.432167,292.432167,877.296501,0.000000,0.000000,21.692763,2.403250,-18.611861,0.458750,0.458750,0.090499,-0.881808,-0.881808,-2.018392,0.268142,0.303126,175.359755,175.359755,468.804189,3,0.000000,true,
130.312500,2.050000,0.000000,292.414624,292.414624,292.414624,292.414624,877.243872,0.000000,0.000000,21.692674,2.362976,-18.674023,0.447643,0.447643,0.088714,-0.911575,-0.911575,-2.023027,0.265317,0.300727,181.171611,181.171611,470.507660,3,0.000000,true,
130.312500,2.000000,0.000000,292.409757,292.409757,292.409757,292.409757,877.229270,0.000000,0.000000,21.692650,2.322293,-18.736454,0.436534,0.436534,0.086932,-0.940933,-0.940933,-2.027687,0.262430,0.298281,186.909962,186.909962,472.233569,3,0.000000,true,
130.312500,1.950000,0.000000,292.412304,292.412304,292.412304,292.412304,877.236913,0.000000,0.000000,21.692662,2.281156,-18.799185,0.425425,0.425425,0.085150,-0.969869,-0.969869,-2.032372,0.259478,0.295782,192.572316,192.572316,473.979842,3,0.000000,true,
130.312500,1.900000,0.000000,292.417341,292.417341,292.417341,292.417341,877.252022,0.000000,0.000000,21.692686,2.239523,-18.862245,0.414318,0.414318,0.083365,-0.998375,-0.998375,-2.037079,0.256454,0.293226,198.157336,198.157336,475.744625,3,0.000000,true,
130.312500,1.850000,0.000000,292.420225,292.420225,292.420225,292.420225,877.260675,0.000000,0.000000,21.692699,2.197356,-18.925657,0.403214,0.403214,0.081572,-1.026452,-1.026452,-2.041806,0.253356,0.290609,203.664596,203.664596,477.526267,3,0.000000,true,
130.312500,1.800000,0.000000,292.416554,292.416554,292.416554,292.416554,877.249662,0.000000,0.000000,21.692683,2.154619,-18.989445,0.392115,0.392115,0.079771,-1.054100,-1.054100,-2.046552,0.250178,0.287927,209.094371,209.094371,479.323302,3,0.000000,true,
130.312500,1.750000,0.000000,292.402110,292.402110,292.402110,292.402110,877.206330,0.000000,0.000000,21.692621,2.111283,-19.053629,0.381021,0.381021,0.077957,-1.081324,-1.081324,-2.051317,0.246917,0.285177,214.447470,214.447470,481.134425,3,0.000000,true,
130.312500,1.700000,0.000000,292.372812,292.372812,292.372812,292.372812,877.118437,0.000000,0.000000,21.692498,2.067319,-19.118224,0.369935,0.369935,0.076130,-1.108131,-1.108131,-2.056099,0.243569,0.282354,219.725106,219.725106,482.958483,3,0.000000,true,
130.312500,1.650000,0.000000,292.324668,292.324668,292.324668,292.324668,876.974003,0.000000,0.000000,21.692302,2.022700,-19.183247,0.358856,0.358856,0.074288,-1.134530,-1.134530,-2.060897,0.240128,0.279455,224.928790,224.928790,484.794450,3,0.000000,true,
130.312500,1.600000,0.000000,292.253720,292.253720,292.253720,292.253720,876.761160,0.000000,0.000000,21.692022,1.977403,-19.248711,0.347786,0.347786,0.072428,-1.160530,-1.160530,-2.065710,0.236591,0.276476,230.060241,230.060241,486.641416,3,0.000000,true,
130.312500,1.550000,0.000000,292.156002,292.156002,292.156002,292.156002,876.468007,0.000000,0.000000,21.691648,1.931406,-19.314627,0.336725,0.336725,0.070549,-1.186141,-1.186141,-2.070538,0.232954,0.273412,235.121328,235.121328,488.498574,3,0.000000,true,
130.312500,1.500000,0.000000,292.027485,292.027485,292.027485,292.027485,876.082454,0.000000,0.000000,21.691171,1.884689,-19.381004,0.325674,0.325674,0.068651,-1.211373,-1.211373,-2.075380,0.229211,0.270260,240.114012,240.114012,490.365206,3,0.000000,true,
130.312500,1.450000,0.000000,291.864021,291.864021,291.864021,291.864021,875.592063,0.000000,0.000000,21.690585,1.837233,-19.447852,0.314634,0.314634,0.066732,-1.236239,-1.236239,-2.080236,0.225359,0.267015,245.040311,245.040311,492.240674,3,0.000000,true,
130.312500,1.400000,0.000000,291.661293,291.661293,291.661293,291.661293,874.983880,0.000000,0.000000,21.689883,1.789021,-19.515177,0.303605,0.303605,0.064790,-1.260747,-1.260747,-2.085105,0.221393,0.263673,249.902266,249.902266,494.124410,3,0.000000,true,
130.312500,1.350000,0.000000,291.414749,291.414749,291.414749,291.414749,874.244247,0.000000,0.000000,21.689059,1.740037,-19.582984,0.292587,0.292587,0.062826,-1.284910,-1.284910,-2.089987,0.217307,0.260230,254.701917,254.701917,496.015909,3,0.000000,true,
130.312500,1.300000,0.000000,291.119532,291.119532,291.119532,291.119532,873.358596,0.000000,0.000000,21.688108,1.690266,-19.651279,0.281581,0.281581,0.060838,-1.308739,-1.308739,-2.094881,0.213097,0.256680,259.441288,259.441288,497.914718,3,0.000000,true,
130.312500,1.250000,0.000000,290.770405,290.770405,290.770405,290.770405,872.311214,0.000000,0.000000,21.687026,1.639692,-19.720064,0.270587,0.270587,0.058826,-1.332244,-1.332244,-2.099788,0.208757,0.253019,264.122373,264.122373,499.820435,3,0.000000,true,
130.312500,1.200000,0.000000,290.361657,290.361657,290.361657,290.361657,871.084971,0.000000,0.000000,21.685808,1.588302,-19.789342,0.259605,0.259605,0.056789,-1.355435,-1.355435,-2.104706,0.204282,0.249240,268.747124,268.747124,501.732700,3,0.000000,true,
130.312500,1.150000,0.000000,289.887000,289.887000,289.887000,289.887000,869.661000,0.000000,0.000000,21.684452,1.536082,-19.859115,0.248637,0.248637,0.054727,-1.378323,-1.378323,-2.109636,0.199666,0.245339,273.317446,273.317446,503.651191,3,0.000000,true,
130.312500,1.100000,0.000000,289.339439,289.339439,289.339439,289.339439,868.018316,0.000000,0.000000,21.682955,1.483019,-19.929382,0.237681,0.237681,0.052639,-1.400917,-1.400917,-2.114578,0.194902,0.241308,277.835193,277.835193,505.575618,3,0.000000,true,
130.312500,1.050000,0.000000,288.711118,288.711118,288.711118,288.711118,866.133353,0.000000,0.000000,21.681312,1.429099,-20.000144,0.226738,0.226738,0.050525,-1.423228,-1.423228,-2.119530,0.189984,0.237141,282.302164,282.302164,507.505722,3,0.000000,true,
130.312500,1.000000,0.000000,287.993133,287.993133,287.993133,287.993133,863.979398,0.000000,0.000000,21.679523,1.374309,-20.071399,0.215808,0.215808,0.048384,-1.445265,-1.445265,-2.124494,0.184903,0.232830,286.720101,286.720101,509.441273,3,0.000000,true,
130.312500,0.950000,0.000000,287.175293,287.175293,287.175293,287.175293,861.525878,0.000000,0.000000,21.677585,1.318636,-20.143143,0.204892,0.204892,0.046217,-1.467036,-1.467036,-2.129469,0.179653,0.228366,291.090689,291.090689,511.382059,3,0.000000,true,
130.312500,0.900000,0.000000,286.245825,286.245825,286.245825,286.245825,858.737475,0.000000,0.000000,21.675494,1.262063,-20.215376,0.193989,0.193989,0.044023,-1.488550,-1.488550,-2.134454,0.174224,0.223739,295.415557,295.415557,513.327895,3,0.000000,true,
130.312500,0.850000,0.000000,285.190992,285.190992,285.190992,285.190992,855.572977,0.000000,0.000000,21.673251,1.204577,-20.288091,0.183099,0.183099,0.041802,-1.509816,-1.509816,-2.139450,0.168606,0.218939,299.696275,299.696275,515.278610,3,0.000000,true,
130.312500,0.800000,0.000000,283.994599,283.994599,283.994599,283.994599,851.983797,0.000000,0.000000,21.670851,1.146159,-20.361285,0.172223,0.172223,0.039554,-1.530842,-1.530842,-2.144457,0.162790,0.213951,303.934362,303.934362,517.234052,3,0.000000,true,
130.312500,0.750000,0.000000,282.637338,282.637338,282.637338,282.637338,847.912014,0.000000,0.000000,21.668294,1.086790,-20.434952,0.161361,0.161361,0.037279,-1.551635,-1.551635,-2.149474,0.156762,0.208762,308.131279,308.131279,519.194085,3,0.000000,true,
130.312500,0.700000,0.000000,281.095914,281.095914,281.095914,281.095914,843.287743,0.000000,0.000000,21.665578,1.026448,-20.509085,0.150512,0.150512,0.034977,-1.572203,-1.572203,-2.154500,0.150510,0.203354,312.288438,312.288438,521.158585,3,0.000000,true,
130.312500,0.650000,0.000000,279.341845,279.341845,279.341845,279.341845,838.025534,0.000000,0.000000,21.662700,0.965108,-20.583677,0.139676,0.139676,0.032648,-1.592554,-1.592554,-2.159537,0.144017,0.197706,316.407199,316.407199,523.127439,3,0.000000,true,
130.312500,0.600000,0.000000,277.339777,277.339777,277.339777,277.339777,832.019332,0.000000,0.000000,21.659659,0.902739,-20.658721,0.128854,0.128854,0.030292,-1.612694,-1.612694,-2.164584,0.137265,0.191792,320.488872,320.488872,525.100547,3,0.000000,true,
130.312500,0.550000,0.000000,275.045080,275.045080,275.045080,275.045080,825.135241,0.000000,0.000000,21.656453,0.839305,-20.734207,0.118046,0.118046,0.027909,-1.632630,-1.632630,-2.169640,0.130233,0.185581,324.534723,324.534723,527.077817,3,0.000000,true,
130.312500,0.500000,0.000000,272.400280,272.400280,272.400280,272.400280,817.200841,0.000000,0.000000,21.653079,0.774762,-20.810127,0.107250,0.107250,0.025500,-1.652368,-1.652368,-2.174705,0.122894,0.179034,328.545971,328.545971,529.059168,3,0.000000,true,
130.312500,0.450000,0.000000,269.329620,269.329620,269.329620,269.329620,807.988860,0.000000,0.000000,21.649536,0.709053,-20.886469,0.096468,0.096468,0.023064,-1.671916,-1.671916,-2.179780,0.115218,0.172098,332.523791,332.523791,531.044524,3,0.000000,true,
130.312500,0.400000,0.000000,265.730399,265.730399,265.730399,265.730399,797.191197,0.000000,0.000000,21.645821,0.642107,-20.963224,0.085699,0.085699,0.020602,-1.691278,-1.691278,-2.184863,0.107163,0.164707,336.469319,336.469319,533.033818,3,0.000000,true,
130.312500,0.350000,0.000000,261.458506,261.458506,261.458506,261.458506,784.375518,0.000000,0.000000,21.641932,0.573831,-21.040380,0.074943,0.074943,0.018114,-1.710461,-1.710461,-2.189956,0.098679,0.156770,340.383648,340.383648,535.026987,3,0.000000,true,
130.312500,0.300000,0.000000,256.302726,256.302726,256.302726,256.302726,768.908177,0.000000,0.000000,21.637866,0.504102,-21.117925,0.064200,0.064200,0.015601,-1.729470,-1.729470,-2.195056,0.089698,0.148156,344.267830,344.267830,537.023976,3,0.000000,true,
130.312500,0.250000,0.000000,249.935412,249.935412,249.935412,249.935412,749.806236,0.000000,0.000000,21.633621,0.432748,-21.195847,0.053469,0.053469,0.013062,-1.748311,-1.748311,-2.200166,0.080125,0.138672,348.122882,348.122882,539.024732,3,0.000000,true,
130.312500,0.200000,0.000000,241.807430,241.807430,241.807430,241.807430,725.422291,0.000000,0.000000,21.629194,0.359518,-21.274133,0.042751,0.042751,0.010498,-1.766989,-1.766989,-2.205283,0.069823,0.128009,351.949777,351.949777,541.029204,4,0.000000,true,
130.312500,0.150000,0.000000,230.889065,230.889065,230.889065,230.889065,692.667195,0.000000,0.000000,21.624583,0.284027,-21.352769,0.032045,0.032045,0.007910,-1.785509,-1.785509,-2.210408,0.058572,0.115624,355.749442,355.749442,543.037341,4,0.000000,true,
130.312500,0.100000,0.000000,214.868332,214.868332,214.868332,214.868332,644.604997,0.000000,0.000000,21.619784,0.205601,-21.431740,0.021352,0.021352,0.005297,-1.803876,-1.803876,-2.215541,0.045987,0.100399,359.522729,359.522729,545.049069,4,0.000000,true,
130.312500,0.050000,0.000000,186.369507,186.369507,186.369507,186.369507,559.108522,0.000000,0.000000,21.614794,0.122807,-21.511026,0.010670,0.010670,0.002660,-1.822092,-1.822092,-2.220680,0.031243,0.079216,363.270197,363.270197,547.064180,4,0.000000,true,
130.312500,0.000000,0.000000,-0.000000,-0.000000,-0.000000,-0.000000,-0.000000,0.000000,0.000000,21.609747,0.032083,-21.588559,-0.000000,-0.000000,-0.000000,-1.839699,-1.839699,-2.225693,0.020079,0.020079,366.897085,366.897085,549.030585,7,0.000000,true,
